"path","rds_mentions","layer_mentions"
"00_config/config_labels.r","","""gw_bull118"",           ""GW – Bull. 118"",        ""Labels: GW – Bull. 118"",        7.0,       Inf, | ""county"",               ""Counties"",              ""Labels: Counties"",              6.0,       Inf, | ""cnrfc_stream"",         ""CNRFC Stream Gages"",    ""Labels: CNRFC Stream Gages"",    10.5,      Inf, | ""cnrfc_precip"",         ""CNRFC Precip Gages"",    ""Labels: CNRFC Precip Gages"",    10.5,      Inf, | ""usgs_streamgages"",     ""USGS Streamgages"",      ""Labels: USGS Streamgages"",      10.5,      Inf, | ""cnrfc_basins"",         ""CNRFC Basins"",          ""Labels: CNRFC Basins"",           7.0,       Inf, | ""water_districts"",      ""Water Districts"",       ""Labels: Water Districts"",       12.0,       Inf, | ## USGS wells are intentionally excluded because the layer is too dense. | gw_bull118 = TRUE, | county = TRUE, | cnrfc_basins = TRUE, | cnrfc_stream = TRUE, | cnrfc_precip = TRUE, | usgs_streamgages = FALSE, | usgs_wells = FALSE, | blm_offices = FALSE, | water_districts = TRUE, | gw_bull118 = ""subbasin_name"", | county     = ""county_name"", | cnrfc_basins       = ""Basin"", | water_districts = ""agency_display"", | cnrfc_stream     = ""nwsid"", | cnrfc_precip     = ""nwsid"", | usgs_streamgages = ""site_no"","
"00_config/config_map_display.r","","## USGS Hydrography is the default startup base layer so first-time users | default_base_group = ""USGS Hydrography"", | add_blm_offices        = TRUE, | add_cnrfc_stream = TRUE, | add_cnrfc_precip = TRUE, | add_usgs_streamgages = TRUE, | add_usgs_wells       = TRUE, | add_swrcb_pod_wr_blm = TRUE, | add_springs = TRUE, | add_scan_stations = TRUE, | add_snow_pillows  = TRUE, | add_cnrfc_basins = TRUE, | add_cnrfc_fnf_delta = TRUE, | add_calsim3_arcs = TRUE, | add_calsim3_nodes = TRUE, | add_reference_layers = TRUE, | add_x2_km = TRUE, | add_deltamapr_canals = TRUE, | add_water_districts = TRUE, | add_blm_sma_context_overlay = TRUE,"
"00_config/config_source_files.r","","reference_layers_manifest = file.path( | ""reference_layers_manifest.csv"" | blm_fedlands = file.path( | blm_offices = file.path( | # ---- CNRFC source files --------------------------------------------------- | cnrfc_stream_gages = file.path( | ""cnrfc"", | cnrfc_precip_gages = file.path( | cnrfc_clip_buffer = file.path( | ""cnrfc_points_cabuffer.shp"" | cnrfc_basins = file.path( | ""CNRFCbasins_noHumboldt.shp"" | # ---- calsim3 source files ------------------------------------------------------ | calsim3_arcs = file.path(DIR$raw,""calsim3"",""calsim3arcs.shp""), | calsim3_nodes = file.path( | ""calsim3"", | ""calsim3nodes.shp"" | # ---- Springs --------------------------------------------------------------- | springs_nhd_ftype458 = file.path( | ""springs"", | ""NHDPoint_Ftype458_springs.shp"" | springs_zdon_2020 = file.path( | ""zdonsprings2020sob.csv"" | cnrfc_fnf_delta = file.path( | x2_km = file.path( | ""x2_km.shp"" | deltamapr_canals = file.path( | water_districts = file.path( | ""water_districts"", | # ---- SWRCB / CalWATRS BLM water-right lookup ------------------------------ | ## CSV provided to BLM-CA by SWRCB.  Used as a lean water-right-ID lookup | ## SWRCB-provided BLM water-right list.  The cache builder keeps only the ID | swrcb_2026_blm_wr_csv = file.path( | ""swrcb_water_rights"","
"02_preprocess/01_blm_managed_and_held.r","##   04_processed_data/rds/blm_managed_core_3310.rds | ##   04_processed_data/rds/blm_managed_core_3310_<timestamp>.rds | ##   04_processed_data/rds/blm_held_vs_managed_diffs_3310.rds | ##   04_processed_data/rds/blm_held_vs_managed_diffs_3310_<timestamp>.rds | ""blm_managed_core_3310.rds"" | ""blm_held_vs_managed_diffs_3310.rds"" | save_rds_cached( | saveRDS(blm_managed_core, out_core_latest) | saveRDS(blm_diffs, out_diffs_latest)","# ==== 01_blm_managed_and_held.r ============================================= | ##   04_processed_data/rds/blm_managed_core_3310.rds | ##   04_processed_data/rds/blm_managed_core_3310_<timestamp>.rds | ##   04_processed_data/rds/blm_held_vs_managed_diffs_3310.rds | ##   04_processed_data/rds/blm_held_vs_managed_diffs_3310_<timestamp>.rds | ##   04_processed_data/gpkg/blm_managed_and_held.gpkg | ##   04_processed_data/qa/blm_managed_and_held_qa_<timestamp>.csv | BLM_VALUE  <- 2 | ""blm_managed_core_3310.rds"" | timestamped_name(""blm_managed_core_3310"", ""rds"") | ""blm_held_vs_managed_diffs_3310.rds"" | timestamped_name(""blm_held_vs_managed_diffs_3310"", ""rds"") | ""blm_managed_and_held.gpkg"" | timestamped_name(""blm_managed_and_held_qa"", ""csv"") | if (!file.exists(SRC$blm_fedlands)) { | stop(""Missing BLM/federal lands source shapefile: "", SRC$blm_fedlands) | message(""  "", SRC$blm_fedlands) | fed <- sf::st_read(SRC$blm_fedlands, quiet = TRUE) |> | dplyr::filter(suppressWarnings(as.integer(.data[[MNGD_FIELD]])) == BLM_VALUE) | dplyr::filter(suppressWarnings(as.integer(.data[[HELD_FIELD]])) == BLM_VALUE) | stop(""No BLM-managed rows found. Check MNGD_FIELD and BLM_VALUE."") | blm_managed_core <- to_single_sf( | blm_diffs <- rbind(diff_held_not_managed, diff_managed_not_held) |> | x = blm_managed_core, | x = blm_diffs, | saveRDS(blm_managed_core, out_core_latest) | saveRDS(blm_diffs, out_diffs_latest) | blm_managed_core, | layer = ""blm_managed_core_3310"", | blm_diffs, | layer = ""blm_held_vs_managed_diffs_3310"", | basename(SRC$blm_fedlands), | as.character(nrow(blm_managed_core)), | as.character(nrow(blm_diffs)) | message(""Managed core rows: "", nrow(blm_managed_core)) | message(""Difference rows:   "", nrow(blm_diffs))"
"02_preprocess/02_huc_gw_county_pct_blm.r","##   04_processed_data/rds/huc_all_full.rds | ##   04_processed_data/rds/huc_all_full_<timestamp>.rds | ##   04_processed_data/rds/bull118gw_full.rds | ##   04_processed_data/rds/bull118gw_full_<timestamp>.rds | ##   04_processed_data/rds/county_full.rds | ##   04_processed_data/rds/county_full_<timestamp>.rds | rds_blm_core <- file.path(DIR$rds, ""blm_managed_core_3310.rds"") | out_huc_latest <- file.path(DIR$rds, ""huc_all_full.rds"") | out_gw_latest <- file.path(DIR$rds, ""bull118gw_full.rds"") | out_county_latest <- file.path(DIR$rds, ""county_full.rds"") | save_rds_cached( | saveRDS(huc_all, out_huc_latest) | saveRDS(gw_full, out_gw_latest) | saveRDS(county_full, out_county_latest)","# ==== 02_huc_gw_county_pct_blm.r ============================================ | ##     02_preprocess/01_blm_managed_and_held.r | ##   04_processed_data/rds/huc_all_full.rds | ##   04_processed_data/rds/huc_all_full_<timestamp>.rds | ##   04_processed_data/rds/bull118gw_full.rds | ##   04_processed_data/rds/bull118gw_full_<timestamp>.rds | ##   04_processed_data/rds/county_full.rds | ##   04_processed_data/rds/county_full_<timestamp>.rds | ##   04_processed_data/gpkg/huc_gw_county_pct_blm.gpkg | ##   04_processed_data/qa/huc_gw_county_pct_blm_qa_<timestamp>.csv | rds_blm_core <- file.path(DIR$rds, ""blm_managed_core_3310.rds"") | out_huc_latest <- file.path(DIR$rds, ""huc_all_full.rds"") | out_huc_timestamped <- file.path( | timestamped_name(""huc_all_full"", ""rds"") | out_gw_latest <- file.path(DIR$rds, ""bull118gw_full.rds"") | out_gw_timestamped <- file.path( | timestamped_name(""bull118gw_full"", ""rds"") | out_county_latest <- file.path(DIR$rds, ""county_full.rds"") | out_county_timestamped <- file.path( | timestamped_name(""county_full"", ""rds"") | out_gpkg <- file.path(DIR$gpkg, ""huc_gw_county_pct_blm.gpkg"") | timestamped_name(""huc_gw_county_pct_blm_qa"", ""csv"") | rds_blm_core | message(""All required HUC/GW/county/BLM inputs found."") | ## ---- 6.5 Safe county reader ------------------------------------------------- | safe_read_county <- function(path) { | name_field <- find_field(names(shp), ""COUNTY_NAM"", ""California counties"") | county_name = sanitize_text(.data[[name_field]]) | dplyr::group_by(county_name) |> | dplyr::mutate(label = paste0(county_name, "" County"")) | compute_pct_blm <- function(layer_sf, blm_core_3310, layer_label, | blm_3310 <- blm_core_3310 |> | blm_union <- sf::st_union(blm_3310) | blm_sf <- sf::st_sf( | blm_id = 1, | geometry = blm_union | sf::st_crs(blm_sf) <- sf::st_crs(layer_3310) | blm_m2   <- numeric(nrow(layer_3310)) | touches_blm <- lengths(sf::st_intersects(chunk, blm_sf)) > 0 | try(sf::st_intersection(chunk_touch, blm_sf), silent = TRUE) | blm_area_m2 = sum(..area_m2, na.rm = TRUE), | blm_m2[sums$..rowid] <- blm_m2[sums$..rowid] + sums$blm_area_m2 | layer_3310$blm_area_sqmi   <- blm_m2 / SQMI_M2 | 100 * layer_3310$blm_area_sqmi / layer_3310$total_area_sqmi, | add_huc_parent_metadata <- function(huc_all) { | huc_levels <- sort(as.integer(gsub(""^huc"", """", names(huc_all)))) | for (child_level in huc_levels) { | if (child_level == 2 || !child_name %in% names(huc_all)) next | child <- huc_all[[child_name]] | for (parent_level in huc_levels) { | if (!parent_name %in% names(huc_all)) next | parent <- huc_all[[parent_name]] |> | new_blm_col  <- paste0(""prnt_huc"", parent_level, ""_blm"") | child[[new_blm_col]]  <- parent$blm_area_sqmi[match_idx] | huc_all[[child_name]] <- child | huc_all | blm_area_sum_mi2 = round(sum(df$blm_area_sqmi, na.rm = TRUE), 3), | blm_core_3310 <- read_rds_checked(rds_blm_core, ""BLM managed core"") | huc_layers <- list( | huc_layers$huc10 <- safe_read_huc(SRC$huc10, ""huc10"", ""name"", ""huc10"") | huc_layers$huc12 <- safe_read_huc(SRC$huc12, ""huc12"", ""name"", ""huc12"") | gw_basin <- safe_read_gw(SRC$bull118_gw) | county   <- safe_read_county(SRC$counties) | huc_all <- purrr::imap( | huc_layers, | blm_core_3310 = blm_core_3310, | gw_full <- compute_pct_blm( | layer_sf = gw_basin, | county_full <- compute_pct_blm( | layer_sf = county, | huc_all <- add_huc_parent_metadata(huc_all) | x = huc_all, | timestamped_path = out_huc_timestamped, | latest_path = out_huc_latest | x = gw_full, | timestamped_path = out_gw_timestamped, | latest_path = out_gw_latest | x = county_full, | timestamped_path = out_county_timestamped, | latest_path = out_county_latest | saveRDS(huc_all, out_huc_latest) | saveRDS(gw_full, out_gw_latest) | saveRDS(county_full, out_county_latest) | message(""Saved latest RDS: "", out_huc_latest) | message(""Saved latest RDS: "", out_gw_latest) | message(""Saved latest RDS: "", out_county_latest) | purrr::iwalk(huc_all, function(layer, layer_name) { | gw_full, | layer = ""bull118gw_full"", | county_full, | layer = ""county_full"", | huc_all, | summarize_layer_qa(gw_full, ""bull118gw""), | summarize_layer_qa(county_full, ""county"") | blm_core_source = basename(rds_blm_core), | message(""\nDone: HUC/GW/county %BLM preprocessing complete."") | message(""  "", out_huc_latest) | message(""  "", out_gw_latest) | message(""Latest county RDS:"") | message(""  "", out_county_latest) | print(names(huc_all)) | print(purrr::map_int(huc_all, nrow)) | message(""GW rows:     "", nrow(gw_full)) | message(""County rows: "", nrow(county_full))"
"02_preprocess/03_cnrfc_stream_gages.r","##   04_processed_data/rds/CNRFC_allstreamgages_mostlyCaonly_wgs84.rds | ##   04_processed_data/rds/CNRFC_allstreamgages_mostlyCaonly_wgs84_<timestamp>.rds | ""CNRFC_allstreamgages_mostlyCaonly_wgs84.rds"" | save_rds_cached( | saveRDS(sf_river_clipped, out_rds_latest)","# ==== 03_cnrfc_stream_gages.r =============================================== | ##   Parse CNRFC stream-gage station text data and create a clean sf point layer | ##   01_raw_data/cnrfc/gage_data_river.txt | ##   01_raw_data/cnrfc/cnrfc_points_cabuffer.shp | ##   04_processed_data/rds/CNRFC_allstreamgages_mostlyCaonly_wgs84.rds | ##   04_processed_data/rds/CNRFC_allstreamgages_mostlyCaonly_wgs84_<timestamp>.rds | ##   04_processed_data/gpkg/cnrfc_stream_gages.gpkg | ##   04_processed_data/qa/cnrfc_stream_gages_qa_<timestamp>.csv | ##   - The California buffer is used to keep the ""mostly California"" CNRFC | infile_river <- file.path(DIR$raw, ""cnrfc"", ""gage_data_river.txt"") | infile_buffer <- file.path(DIR$raw, ""cnrfc"", ""cnrfc_points_cabuffer.shp"") | ""CNRFC_allstreamgages_mostlyCaonly_wgs84.rds"" | timestamped_name(""CNRFC_allstreamgages_mostlyCaonly_wgs84"", ""rds"") | ""cnrfc_stream_gages.gpkg"" | timestamped_name(""cnrfc_stream_gages_qa"", ""csv"") | stop(""Missing CNRFC stream-gage text file: "", infile_river) | stop(""Missing CNRFC clipping buffer shapefile: "", infile_buffer) | # ==== 6. Read raw CNRFC text file ============================================ | message(""Reading CNRFC stream-gage text file:"") | source = ""CNRFC stream gage"" | # ==== 11. Clip to CNRFC California buffer ==================================== | message(""Reading CNRFC clipping buffer:"") | layer = ""cnrfc_stream_gages"", | message(""\nDone: CNRFC stream gages preprocessing complete."")"
"02_preprocess/04_cnrfc_precip_gages.r","##   04_processed_data/rds/CNRFC_allprecipstations_mostlyCaonly_wgs84.rds | ##   04_processed_data/rds/CNRFC_allprecipstations_mostlyCaonly_wgs84_<timestamp>.rds | ""CNRFC_allprecipstations_mostlyCaonly_wgs84.rds"" | save_rds_cached( | saveRDS(sf_precip_clipped, out_rds_latest)","# ==== 04_cnrfc_precip_gages.r =============================================== | ##   Parse CNRFC precipitation-station text data and create a clean sf point | ##   01_raw_data/cnrfc/gage_data_precip.txt | ##   01_raw_data/cnrfc/cnrfc_points_cabuffer.shp | ##   04_processed_data/rds/CNRFC_allprecipstations_mostlyCaonly_wgs84.rds | ##   04_processed_data/rds/CNRFC_allprecipstations_mostlyCaonly_wgs84_<timestamp>.rds | ##   04_processed_data/gpkg/cnrfc_precip_gages.gpkg | ##   04_processed_data/qa/cnrfc_precip_gages_qa_<timestamp>.csv | ##   - The California buffer keeps the CNRFC ""mostly California"" network, | infile_precip <- file.path(DIR$raw, ""cnrfc"", ""gage_data_precip.txt"") | infile_buffer <- file.path(DIR$raw, ""cnrfc"", ""cnrfc_points_cabuffer.shp"") | ""CNRFC_allprecipstations_mostlyCaonly_wgs84.rds"" | timestamped_name(""CNRFC_allprecipstations_mostlyCaonly_wgs84"", ""rds"") | ""cnrfc_precip_gages.gpkg"" | timestamped_name(""cnrfc_precip_gages_qa"", ""csv"") | stop(""Missing CNRFC precip-gage text file: "", infile_precip) | stop(""Missing CNRFC clipping buffer shapefile: "", infile_buffer) | # ==== 6. Read raw CNRFC text file ============================================ | message(""Reading CNRFC precip-gage text file:"") | ## Keep the western states / nearby areas useful for the CNRFC map. | source = ""CNRFC precip station"" | # ==== 11. Clip to CNRFC California buffer ==================================== | message(""Reading CNRFC clipping buffer:"") | layer = ""cnrfc_precip_gages"", | message(""\nDone: CNRFC precip gages preprocessing complete."")"
"02_preprocess/05_usgs_streamgages_wells.r","##   04_processed_data/rds/USGS_SW_final.rds | ##   04_processed_data/rds/USGS_SW_final_<timestamp>.rds | ##   04_processed_data/rds/USGS_GW_final.rds | ##   04_processed_data/rds/USGS_GW_final_<timestamp>.rds | out_sw_latest <- file.path(DIR$rds, ""USGS_SW_final.rds"") | out_gw_latest <- file.path(DIR$rds, ""USGS_GW_final.rds"") | save_rds_cached(","# ==== 05_usgs_streamgages_wells.r =========================================== | ##   Download or load cached USGS/NWIS streamgage and groundwater-well metadata, | ##   USGS/NWIS web services, or cached CSVs in: | ##     01_raw_data/usgs/ | ##   04_processed_data/rds/USGS_SW_final.rds | ##   04_processed_data/rds/USGS_SW_final_<timestamp>.rds | ##   04_processed_data/rds/USGS_GW_final.rds | ##   04_processed_data/rds/USGS_GW_final_<timestamp>.rds | ##   04_processed_data/gpkg/usgs_streamgages_wells.gpkg | ##   04_processed_data/qa/usgs_streamgages_wells_qa_<timestamp>.csv | FORCE_DOWNLOAD_GW_SITES  <- FALSE | FORCE_DOWNLOAD_GW_PARAMS <- FALSE | FORCE_DOWNLOAD_GW_META   <- FALSE | KEEP_ALL_GW_SITES <- TRUE | GW_MIN_RECORDS <- 10   # only used if KEEP_ALL_GW_SITES = FALSE | RAW_USGS_DIR <- file.path(DIR$raw, ""usgs"") | dir.create(RAW_USGS_DIR, recursive = TRUE, showWarnings = FALSE) | raw_sw_sites <- file.path(RAW_USGS_DIR, ""usgs_streamgages_raw.csv"") | raw_sw_params <- file.path(RAW_USGS_DIR, ""usgs_streamgages_param_list.csv"") | raw_gw_sites <- file.path(RAW_USGS_DIR, ""usgs_groundwater_raw.csv"") | raw_gw_params <- file.path(RAW_USGS_DIR, ""usgs_groundwater_param_list.csv"") | raw_gw_meta <- file.path(RAW_USGS_DIR, ""usgs_groundwater_site_meta.csv"") | out_sw_latest <- file.path(DIR$rds, ""USGS_SW_final.rds"") | out_sw_timestamped <- file.path(DIR$rds, timestamped_name(""USGS_SW_final"", ""rds"", RUN_TS)) | out_gw_latest <- file.path(DIR$rds, ""USGS_GW_final.rds"") | out_gw_timestamped <- file.path(DIR$rds, timestamped_name(""USGS_GW_final"", ""rds"", RUN_TS)) | out_gpkg <- file.path(DIR$gpkg, ""usgs_streamgages_wells.gpkg"") | out_qa <- file.path(DIR$qa, paste0(""usgs_streamgages_wells_qa_"", RUN_TS, "".csv"")) | ""72019"" = ""GW_ft_bgs"",     # Groundwater level, feet below land surface | ""72020"" = ""GW_ft_amsl"",    # Groundwater level, feet above mean sea level | to_usgs_sf <- function(df, label) { | label = ""USGS streamgage sites"", | label = ""USGS streamgage sites"" | gw_raw <- read_or_download_csv( | path = raw_gw_sites, | force_download = FORCE_DOWNLOAD_GW_SITES, | label = ""USGS groundwater sites"", | ## Groundwater-level sites. KEEP_ALL_GW_SITES controls filtering later. | label = ""USGS groundwater sites"" | label = ""USGS streamgage parameter list"", | gw_params <- read_or_download_csv( | path = raw_gw_params, | force_download = FORCE_DOWNLOAD_GW_PARAMS, | label = ""USGS groundwater parameter list"", | fetch_params_chunked(gw_raw$site_no, label = ""groundwater parameter list"") | gw_meta <- read_or_download_csv( | path = raw_gw_meta, | force_download = FORCE_DOWNLOAD_GW_META, | label = ""USGS groundwater site metadata"", | fetch_site_meta_chunked(gw_raw$site_no) | gw_raw <- gw_raw |> mutate(site_no = as.character(site_no)) | gw_params <- gw_params |> mutate(site_no = as.character(site_no)) | gw_meta <- gw_meta |> mutate(site_no = as.character(site_no)) | gw_param_summary <- collapse_param_list(gw_params) | source = ""USGS streamgage"", | sw_sf <- to_usgs_sf(sw_final, ""USGS streamgage"") | gw_raw <- ensure_columns( | gw_raw, | gw_meta <- ensure_columns( | gw_meta, | gw_base <- gw_raw |> | if (!KEEP_ALL_GW_SITES) { | gw_base <- gw_base |> | filter(is.na(count_nu) | count_nu >= GW_MIN_RECORDS) | gw_final <- gw_base |> | left_join(gw_param_summary, by = ""site_no"") |> | gw_meta |> | source = ""USGS groundwater well"", | gw_sf <- to_usgs_sf(gw_final, ""USGS groundwater well"") | x = gw_sf, | timestamped_path = out_gw_timestamped, | latest_path = out_gw_latest | layer = ""usgs_streamgages"", | gw_sf, | layer = ""usgs_groundwater_wells"", | layer_id = c(""usgs_streamgages"", ""usgs_groundwater_wells""), | raw_rows = c(nrow(sw_raw), nrow(gw_raw)), | final_rows = c(nrow(sw_sf), nrow(gw_sf)), | keep_all_sites = c(KEEP_ALL_SW_SITES, KEEP_ALL_GW_SITES), | min_records_filter = c(SW_MIN_RECORDS, GW_MIN_RECORDS), | sum(is.na(gw_final$latitude) | is.na(gw_final$longitude)) | sum(tolower(gw_sf$status) == ""active"", na.rm = TRUE) | sum(tolower(gw_sf$status) == ""inactive"", na.rm = TRUE) | message(""\nDone: USGS streamgage/well preprocessing complete."") | message(""\nUSGS streamgages:"") | message(""\nUSGS groundwater wells:"") | message(""  rows: "", nrow(gw_sf)) | message(""  latest RDS: "", out_gw_latest) | print(summary(gw_sf$count_nu)) | print(table(gw_sf$status, useNA = ""always""))"
"02_preprocess/06_blm_offices.r","##   04_processed_data/rds/blm_offices_wgs84.rds | ##   04_processed_data/rds/blm_offices_wgs84_<timestamp>.rds | out_rds_latest <- file.path(DIR$rds, ""blm_offices_wgs84.rds"") | save_rds_cached(","# ==== 06_blm_offices.r ======================================================= | ##   04_processed_data/rds/blm_offices_wgs84.rds | ##   04_processed_data/rds/blm_offices_wgs84_<timestamp>.rds | ##   04_processed_data/gpkg/blm_offices.gpkg | ##   04_processed_data/qa/blm_offices_qa_<timestamp>.csv | out_rds_latest <- file.path(DIR$rds, ""blm_offices_wgs84.rds"") | out_rds_timestamped <- file.path(DIR$rds, timestamped_name(""blm_offices_wgs84"", ""rds"", RUN_TS)) | out_gpkg <- file.path(DIR$gpkg, ""blm_offices.gpkg"") | out_qa <- file.path(DIR$qa, paste0(""blm_offices_qa_"", RUN_TS, "".csv"")) | if (!file.exists(SRC$blm_offices)) { | stop(""Missing BLM offices CSV: "", SRC$blm_offices) | message(""  "", SRC$blm_offices) | SRC$blm_offices, | layer = ""blm_offices"","
"02_preprocess/07_project_areas_placeholder.r","##   04_processed_data/rds/project_areas_wgs84.rds | ##   04_processed_data/rds/project_areas_wgs84_<timestamp>.rds | out_rds_latest <- file.path(DIR$rds, ""project_areas_wgs84.rds"") | save_rds_cached(",""
"02_preprocess/08_cnrfc_basins.r","##   04_processed_data/rds/cnrfc_basins_wgs84.rds | ##   04_processed_data/rds/cnrfc_basins_wgs84_<timestamp>.rds | out_rds_latest <- file.path(DIR$rds, ""cnrfc_basins_wgs84.rds"") | save_rds_cached(","# ==== 08_cnrfc_basins.r ====================================================== | ##   Prepare CNRFC basin polygons for PortaTreasure2. | ##   01_raw_data/cnrfc/CNRFCbasins_noHumboldt.shp | ##   04_processed_data/rds/cnrfc_basins_wgs84.rds | ##   04_processed_data/rds/cnrfc_basins_wgs84_<timestamp>.rds | ##   04_processed_data/gpkg/cnrfc_basins.gpkg | ##   04_processed_data/qa/cnrfc_basins_qa_<timestamp>.csv | out_rds_latest <- file.path(DIR$rds, ""cnrfc_basins_wgs84.rds"") | timestamped_name(""cnrfc_basins_wgs84"", ""rds"", RUN_TS) | out_gpkg <- file.path(DIR$gpkg, ""cnrfc_basins.gpkg"") | paste0(""cnrfc_basins_qa_"", RUN_TS, "".csv"") | if (!file.exists(SRC$cnrfc_basins)) { | stop(""Missing CNRFC basins shapefile: "", SRC$cnrfc_basins) | message(""Reading CNRFC basins:"") | message(""  "", SRC$cnrfc_basins) | cnrfc_basins_raw <- sf::st_read( | SRC$cnrfc_basins, | cnrfc_basins <- cnrfc_basins_raw |> | source = ""CNRFC basins"" | message(""Rows read:  "", nrow(cnrfc_basins_raw)) | message(""Rows saved: "", nrow(cnrfc_basins)) | message(""Available CNRFC basin fields:"") | print(names(cnrfc_basins)) | x = cnrfc_basins, | cnrfc_basins, | layer = ""cnrfc_basins"", | basename(SRC$cnrfc_basins), | as.character(nrow(cnrfc_basins_raw)), | as.character(nrow(cnrfc_basins)), | as.character(sf::st_crs(cnrfc_basins)$epsg) | message(""\nDone: CNRFC basin preprocessing complete."")"
"02_preprocess/09_field_office_outer.r","##   04_processed_data/rds/field_office_outer_wgs84.rds | ##   04_processed_data/rds/field_office_outer_wgs84_<timestamp>.rds | out_rds_latest <- file.path(DIR$rds, ""field_office_outer_wgs84.rds"") | save_rds_cached(",""
"02_preprocess/10_calsim3_arcs.r","##   04_processed_data/rds/calsim3_arcs_wgs84.rds | ##   04_processed_data/rds/calsim3_arcs_wgs84_<timestamp>.rds | ##   04_processed_data/rds/calsim3_nodes_wgs84.rds | ##   04_processed_data/rds/calsim3_nodes_wgs84_<timestamp>.rds | out_arcs_rds_latest <- file.path(DIR$rds, ""calsim3_arcs_wgs84.rds"") | out_nodes_rds_latest <- file.path(DIR$rds, ""calsim3_nodes_wgs84.rds"") | save_rds_cached(","# ==== 10_calsim3_arcs.r ====================================================== | ##   Prepare CalSim3 model arcs and nodes for PortaTreasure2. | ##   01_raw_data/calsim3/calsim3arcs.shp | ##   01_raw_data/calsim3/calsim3nodes.shp | ##   04_processed_data/rds/calsim3_arcs_wgs84.rds | ##   04_processed_data/rds/calsim3_arcs_wgs84_<timestamp>.rds | ##   04_processed_data/rds/calsim3_nodes_wgs84.rds | ##   04_processed_data/rds/calsim3_nodes_wgs84_<timestamp>.rds | ##   04_processed_data/gpkg/calsim3_arcs.gpkg       optional | ##   04_processed_data/gpkg/calsim3_nodes.gpkg      optional | ##   04_processed_data/qa/calsim3_arcs_nodes_qa_<timestamp>.csv | out_arcs_rds_latest <- file.path(DIR$rds, ""calsim3_arcs_wgs84.rds"") | timestamped_name(""calsim3_arcs_wgs84"", ""rds"", RUN_TS) | out_nodes_rds_latest <- file.path(DIR$rds, ""calsim3_nodes_wgs84.rds"") | timestamped_name(""calsim3_nodes_wgs84"", ""rds"", RUN_TS) | out_arcs_gpkg <- file.path(DIR$gpkg, ""calsim3_arcs.gpkg"") | out_nodes_gpkg <- file.path(DIR$gpkg, ""calsim3_nodes.gpkg"") | paste0(""calsim3_arcs_nodes_qa_"", RUN_TS, "".csv"") | if (!file.exists(SRC$calsim3_arcs)) { | stop(""Missing CalSim3 arcs shapefile: "", SRC$calsim3_arcs) | if (!file.exists(SRC$calsim3_nodes)) { | stop(""Missing CalSim3 nodes shapefile: "", SRC$calsim3_nodes) | message(""Reading CalSim3 arcs:"") | message(""  "", SRC$calsim3_arcs) | message(""Reading CalSim3 nodes:"") | message(""  "", SRC$calsim3_nodes) | calsim3_arcs_raw <- sf::st_read( | SRC$calsim3_arcs, | calsim3_nodes_raw <- sf::st_read( | SRC$calsim3_nodes, | if (!""Type"" %in% names(calsim3_arcs_raw)) { | ""CalSim3 arcs layer is missing required field: Type\n"", | paste(names(calsim3_arcs_raw), collapse = "", "") | if (!""NodeDescri"" %in% names(calsim3_nodes_raw)) { | ""CalSim3 nodes layer is missing required field: NodeDescri\n"", | paste(names(calsim3_nodes_raw), collapse = "", "") | message(""Raw CalSim3 arc rows: "", nrow(calsim3_arcs_raw)) | message(""Raw CalSim3 node rows: "", nrow(calsim3_nodes_raw)) | print(table(calsim3_arcs_raw$Type, useNA = ""always"")) | print(table(calsim3_nodes_raw$NodeDescri, useNA = ""always"")) | # ==== 9. Filter, slim, and clean CalSim3 arcs ================================ | missing_arc_fields <- setdiff(required_arc_fields, names(calsim3_arcs_raw)) | ""CalSim3 arcs layer is missing required field(s): "", | calsim3_arcs <- calsim3_arcs_raw |> | source = ""CalSim3 arcs"" | message(""CalSim3 arc rows after Type filter: "", nrow(calsim3_arcs)) | print(table(calsim3_arcs$Type, useNA = ""always"")) | # ==== 10. Slim and clean CalSim3 nodes ======================================= | ##   CalSim3_ID  = node code shown as the first popup/hover row | node_required_fields <- c(""CalSim3_ID"", ""NodeDescri"") | node_missing_fields <- setdiff(node_required_fields, names(calsim3_nodes_raw)) | ""CalSim3 nodes layer is missing required field(s): "", | calsim3_nodes <- calsim3_nodes_raw |> | node_id_display = pt_node_chr(.data$CalSim3_ID), | riv_name_display = if (""Riv_Name"" %in% names(calsim3_nodes_raw)) { | comment_display = if (""Comment"" %in% names(calsim3_nodes_raw)) { | paste0(""CalSim3 node "", dplyr::row_number()), | CalSim3_ID, | source = ""CalSim3 nodes"" | message(""CalSim3 node rows saved: "", nrow(calsim3_nodes)) | print(names(calsim3_nodes)) | x = calsim3_arcs, | x = calsim3_nodes, | calsim3_arcs, | layer = ""calsim3_arcs"", | calsim3_nodes, | layer = ""calsim3_nodes"", | arc_type_counts <- calsim3_arcs |> | node_descr_counts <- calsim3_nodes |> | basename(SRC$calsim3_arcs), | basename(SRC$calsim3_nodes), | as.character(nrow(calsim3_arcs_raw)), | as.character(nrow(calsim3_arcs)), | as.character(nrow(calsim3_nodes_raw)), | as.character(nrow(calsim3_nodes)), | as.character(sf::st_crs(calsim3_arcs)$epsg), | as.character(sf::st_crs(calsim3_nodes)$epsg) | message(""\nDone: CalSim3 arcs/nodes preprocessing complete."") | message(""Arc rows saved: "", nrow(calsim3_arcs)) | message(""Node rows saved: "", nrow(calsim3_nodes))"
"02_preprocess/11_reference_layers_batch.r","##   04_processed_data/rds/reference_<nickname>_wgs84.rds | save_rds_cached( | paste0(base_name, "".rds"")","# ==== 11_reference_layers_batch.r ============================================ | ##   00_config/reference_layers_manifest.csv | ##   04_processed_data/qa/reference_layers_batch_qa_<timestamp>.csv | if (!file.exists(SRC$reference_layers_manifest)) { | stop(""Missing manifest: "", SRC$reference_layers_manifest) | SRC$reference_layers_manifest, | paste0(""reference_layers_batch_qa_"", RUN_TS, "".csv"")"
"02_preprocess/12_major_conveyance.r","##   04_processed_data/rds/major_conveyance_wgs84.rds | ##   04_processed_data/rds/major_conveyance_wgs84_<timestamp>.rds | ""major_conveyance_wgs84.rds"" | save_rds_cached(",""
"02_preprocess/13_huc_climate_recharge_summary.r","##   04_processed_data/rds/huc_all_full.rds | ##     04_processed_data/rds/hucXX_climate_recharge_full.rds | ##     04_processed_data/rds/hucXX_climate_recharge_table.rds | ""huc_all_full.rds"" | save_rds_cached( | paste0(base_name, "".rds"") | huc_all <- readRDS(HUC_FULL_RDS) | stop(""Expected huc_all_full.rds to be a list containing HUC layers."") | ""huc_all_full.rds is missing selected HUC layer(s): "", | message(""  "", file.path(DIR$rds, paste0(layer_id, ""_climate_recharge_full.rds""))) | message(""  "", file.path(DIR$rds, paste0(layer_id, ""_climate_recharge_table.rds""))) | message('  h2 <- readRDS(""04_processed_data/rds/huc2_climate_recharge_table.rds"")') | message('  h4 <- readRDS(""04_processed_data/rds/huc4_climate_recharge_table.rds"")') | message('  h6 <- readRDS(""04_processed_data/rds/huc6_climate_recharge_table.rds"")') | message('  h8 <- readRDS(""04_processed_data/rds/huc8_climate_recharge_table.rds"")')","# ==== 13_huc_climate_recharge_summary.r ====================================== | ##   USGS BCMv8 recharge, 1991–2020: | ##   04_processed_data/rds/huc_all_full.rds | HUC_FULL_RDS <- file.path( | ""huc_all_full.rds"" | pt_selected_huc_levels <- function() { | filter_huc_for_climate_run <- function(x, huc_level) { | if (huc_level != 2) { | build_huc_climate_recharge <- function( | huc_sf, | huc_level, | huc_code_col <- paste0(""huc"", huc_level) | huc_name_col <- paste0(""huc"", huc_level, ""_name"") | if (!huc_code_col %in% names(huc_sf)) { | stop(""Missing HUC code column: "", huc_code_col) | if (!huc_name_col %in% names(huc_sf)) { | stop(""Missing HUC name column: "", huc_name_col) | message(""Building HUC"", huc_level, "" climate/recharge summary"") | message(""Rows: "", nrow(huc_sf)) | huc_work <- huc_sf |> | huc_area_3310 <- huc_work |> | area_m2_vec <- as.numeric(sf::st_area(huc_area_3310)) | .pt_row_id = huc_work$.pt_row_id, | polygons_sf = huc_work, | id_col = huc_code_col, | raster_label = paste0(""PRISM precipitation HUC"", huc_level) | raster_label = paste0(""BCMv8 recharge HUC"", huc_level) | out <- huc_work |> | make_huc_qa_row <- function(x, layer_id) { | pt_stop_if_missing(HUC_FULL_RDS, ""HUC full RDS"") | levels_to_run <- pt_selected_huc_levels() | message(""  "", HUC_FULL_RDS) | huc_all <- readRDS(HUC_FULL_RDS) | if (!is.list(huc_all)) { | stop(""Expected huc_all_full.rds to be a list containing HUC layers."") | missing_huc_layers <- setdiff(levels_to_run$layer_id, names(huc_all)) | if (length(missing_huc_layers) > 0) { | ""huc_all_full.rds is missing selected HUC layer(s): "", | paste(missing_huc_layers, collapse = "", ""), | paste(names(huc_all), collapse = "", "") | huc_input <- filter_huc_for_climate_run( | x = huc_all[[layer_id]], | huc_level = lvl | huc_summary <- build_huc_climate_recharge( | huc_sf = huc_input, | huc_level = lvl, | rm(huc_input) | x = huc_summary, | huc_summary |> | qa_rows[[layer_id]] <- make_huc_qa_row( | rm(huc_summary) | paste0(""huc_climate_recharge_summary_qa_"", RUN_TS, "".csv"")"
"02_preprocess/14_huc4_huc2_from_huc6_climate_rollup.r","##   04_processed_data/rds/huc4_climate_recharge_table.rds | ##   04_processed_data/rds/huc2_climate_recharge_table.rds | h6_path <- file.path(DIR$rds, ""huc6_climate_recharge_table.rds"") | h6 <- readRDS(h6_path) | save_rds_cached( | paste0(base_name, "".rds"") | message(""  "", file.path(DIR$rds, ""huc4_climate_recharge_table.rds"")) | message(""  "", file.path(DIR$rds, ""huc2_climate_recharge_table.rds""))",""
"02_preprocess/15_usgs_gw_latest_water_levels.r","##   for USGS well sites, without modifying USGS_GW_final.rds. | ##   04_processed_data/rds/USGS_GW_final.rds | ##     04_processed_data/rds/usgs_gw_latest_water_levels_pilot.rds | ##     04_processed_data/rds/usgs_gw_latest_water_levels.rds | ## FALSE = query all wells in USGS_GW_final.rds. | ""USGS_GW_final.rds"" | paste0(out_base, "".rds"") | file.path(chunk_dir, sprintf(""batch_%04d.rds"", batch_i)) | pattern = ""^batch_[0-9]{4}\\.rds$"", | wells <- readRDS(in_wells) | stop(""USGS_GW_final.rds is missing site_no."") | saveRDS(batch_tbl, out_chunk) | sprintf(""batch_%04d.rds"", seq_along(site_batches)) | x <- readRDS(f) | save_rds_cached( | message('  wl <- readRDS(""', out_latest, '"")')","# ==== 15_usgs_gw_latest_water_levels.r ======================================= | ##   Fetch latest manually recorded USGS groundwater-level field measurements | ##   for USGS well sites, without modifying USGS_GW_final.rds. | ##   04_processed_data/rds/USGS_GW_final.rds | ##     04_processed_data/rds/usgs_gw_latest_water_levels_pilot.rds | ##     04_processed_data/rds/usgs_gw_latest_water_levels.rds | ##     USGS well RDS. | ## FALSE = query all wells in USGS_GW_final.rds. | GWL_CANDIDATE_REGEX <- ""72019|72020|62610|62611|GW_ft_bgs|water.?level"" | ## USGS Water Data API keys are commonly exposed to dataRetrieval through: | ##   API_USGS_PAT | api_key_chars <- nchar(Sys.getenv(""API_USGS_PAT"")) | message(""USGS API key detected in API_USGS_PAT. Character count: "", api_key_chars) | ""No USGS API key detected in API_USGS_PAT. "", | ""USGS_GW_final.rds"" | RUN_MODE == ""pilot"" ~ ""usgs_gw_latest_water_levels_pilot"", | RUN_MODE == ""full""  ~ ""usgs_gw_latest_water_levels"", | message(""Reading USGS wells:"") | stop(""USGS_GW_final.rds is missing site_no."") | monitoring_location_ids <- paste0(""USGS-"", site_numbers) | site_no = sub(""^USGS-"", """", .data$monitoring_location_id), | latest_wl_source = ""USGS Water Data API field measurements, parameter 72019"","
"02_preprocess/15b_rescue_missing_gw_wl_batches.r","##   Use when only a few batch_####.rds files are missing and the main full | wells <- readRDS(file.path(DIR$rds, ""USGS_GW_final.rds"")) | out_chunk <- file.path(chunk_dir, sprintf(""batch_%04d.rds"", bb)) | saveRDS(batch_tbl, out_chunk) | pattern = ""^batch_[0-9]{4}\\.rds$"",","# ==== 15b_rescue_missing_gw_wl_batches.r ===================================== | ##   Rescue a small number of missing USGS groundwater-level batch chunks. | chunk_dir <- ""C:/Users/doconnor/OneDrive - DOI/Documents/PortaTreasure2/04_processed_data/rds/usgs_gw_latest_water_levels_raw_chunks_20260428_134153"" | GWL_CANDIDATE_REGEX <- ""72019|72020|62610|62611|GW_ft_bgs|water.?level"" | wells <- readRDS(file.path(DIR$rds, ""USGS_GW_final.rds"")) | monitoring_location_ids <- paste0(""USGS-"", site_numbers) | paste0(""usgs_gw_latest_water_levels_rescue_failed_sites_"", RUN_TS, "".csv"")"
"02_preprocess/16_swrcb_waterrights_pod.r","##     04_processed_data/rds/blm_managed_core_3310.rds | ##     04_processed_data/rds/swrcb_pod_wr_joined_lean_wgs84.rds | ##     04_processed_data/rds/swrcb_pod_wr_blm_managed_wgs84.rds | ""calwatrs_public_point_of_diversion_raw.rds"" | ""ca_open_data_water_rights_list_raw.rds"" | ""swrcb_pod_wr_joined_lean_wgs84.rds"" | ""swrcb_pod_wr_blm_relevant_wgs84.rds"" | ""blm_managed_core_3310.rds"" | return(readRDS(cache_path)) | saveRDS(x, cache_path) | saveRDS(pod_wr_joined, OUT_JOINED_RDS) | pod_wr_joined <- readRDS(OUT_JOINED_RDS) | blm_core <- readRDS(BLM_MANAGED_CORE_RDS) | saveRDS(pod_wr_blm_relevant, OUT_BLM_RELEVANT_RDS) | pod_wr_blm_relevant <- readRDS(OUT_BLM_RELEVANT_RDS) | cat(""    04_processed_data/cache/latest/swrcb_pod_wr_blm_map.rds\n"")","# ==== 16_swrcb_waterrights_pod.r ============================================ | ##   Build a practical, lightweight RDS layer of California SWRCB / CalWATRS | ##     04_processed_data/rds/blm_managed_core_3310.rds | ##   REBUILD_BLM_CLIP <- TRUE when BLM lands or joined POD layer changed | ##     01_raw_data/swrcb_water_rights/cache/ | ##     04_processed_data/rds/swrcb_pod_wr_joined_lean_wgs84.rds | ##     04_processed_data/rds/swrcb_pod_wr_blm_managed_wgs84.rds | ##     04_processed_data/qa/swrcb_pod_wr_join_summary.csv | ##     04_processed_data/qa/swrcb_pod_wr_blm_clip_summary.csv | REBUILD_BLM_RELEVANT <- TRUE | WRITE_BLM_RELEVANT_RDS <- TRUE | WRITE_BLM_RELEVANT_GPKG <- FALSE | DIR$swrcb_cache <- file.path(DIR$raw, ""swrcb_water_rights"", ""cache"") | dir.create(DIR$swrcb_cache, showWarnings = FALSE, recursive = TRUE) | DIR$swrcb_cache, | ""swrcb_pod_wr_joined_lean_wgs84.rds"" | OUT_BLM_RELEVANT_RDS <- file.path( | ""swrcb_pod_wr_blm_relevant_wgs84.rds"" | OUT_BLM_RELEVANT_GPKG <- file.path( | ""swrcb_pod_wr_blm_relevant_wgs84.gpkg"" | OUT_BLM_RELEVANT_SUMMARY_CSV <- file.path( | ""swrcb_pod_wr_blm_relevant_summary.csv"" | OUT_BLM_RELEVANT_REASON_COUNTS_CSV <- file.path( | ""swrcb_pod_wr_blm_relevant_reason_counts.csv"" | ""swrcb_pod_wr_joined_lean_wgs84.gpkg"" | ""swrcb_pod_wr_join_summary.csv"" | BLM_MANAGED_CORE_RDS <- file.path( | ""blm_managed_core_3310.rds"" | ""county"", | ""huc_12_number"", | ""huc_12_name"", | ""huc_8_number"", | ""huc_8_name"" | make_clip_summary <- function(full_sf, blm_sf, clipped_sf) { | ""blm_managed_clip"" | blm_polygon_rows = c( | nrow(blm_sf), | nrow(blm_sf) | blm_layer_crs = c( | sf::st_crs(blm_sf)$input, | sf::st_crs(blm_sf)$input | layer = ""swrcb_pod_wr_joined_lean_wgs84"", | ##   Create a single best-first-cut SWRCB / CalWATRS layer relevant to BLM. | if (REBUILD_BLM_RELEVANT || !file.exists(OUT_BLM_RELEVANT_RDS)) { | if (!file.exists(BLM_MANAGED_CORE_RDS)) { | stop(""Missing BLM managed core RDS: "", BLM_MANAGED_CORE_RDS, call. = FALSE) | message(""  "", BLM_MANAGED_CORE_RDS) | blm_core <- readRDS(BLM_MANAGED_CORE_RDS) | if (!inherits(blm_core, ""sf"")) { | stop(""BLM managed core is not an sf object: "", BLM_MANAGED_CORE_RDS, call. = FALSE) | blm_core_geom <- blm_core |> | sf::st_transform(sf::st_crs(blm_core_geom)) | on_blm_managed <- rep(FALSE, nrow(pod_for_clip)) | blm_core_geom, | on_blm_managed[nonempty] <- lengths(hits) > 0 | blm_owner_search_text <- paste( | blm_name_pattern <- stringr::regex( | blm_name_match <- stringr::str_detect( | blm_owner_search_text, | blm_name_pattern | blm_name_match[is.na(blm_name_match)] <- FALSE | on_blm_managed = on_blm_managed, | blm_name_match = blm_name_match, | blm_match_text = dplyr::if_else( | blm_name_match, | blm_include_reason = dplyr::case_when( | on_blm_managed & blm_name_match ~ ""Spatial + name match"", | on_blm_managed                  ~ ""Spatial only"", | blm_name_match                  ~ ""Name match only"", | pod_wr_blm_relevant <- pod_wr_joined |> | dplyr::filter(.data$on_blm_managed | .data$blm_name_match) |> | cat(""  On BLM-managed land: "", sum(pod_wr_joined$on_blm_managed, na.rm = TRUE), ""\n"", sep = """") | cat(""  BLM owner/name match: "", sum(pod_wr_joined$blm_name_match, na.rm = TRUE), ""\n"", sep = """") | cat(""  Final BLM-relevant rows: "", nrow(pod_wr_blm_relevant), ""\n"", sep = """") | blm_relevant_summary <- tibble::tibble( | ""on_blm_managed_rows"", | ""blm_name_match_rows"", | ""final_blm_relevant_rows"" | sum(pod_wr_joined$on_blm_managed, na.rm = TRUE), | sum(pod_wr_joined$blm_name_match, na.rm = TRUE), | pod_wr_joined$on_blm_managed & | pod_wr_joined$blm_name_match, | !pod_wr_joined$blm_name_match, | !pod_wr_joined$on_blm_managed & | nrow(pod_wr_blm_relevant) | blm_relevant_reason_counts <- pod_wr_blm_relevant |> | dplyr::count(blm_include_reason, name = ""n"") |> | dplyr::arrange(blm_include_reason) | blm_relevant_summary, | OUT_BLM_RELEVANT_SUMMARY_CSV | blm_relevant_reason_counts, | OUT_BLM_RELEVANT_REASON_COUNTS_CSV | normalizePath(OUT_BLM_RELEVANT_SUMMARY_CSV), | normalizePath(OUT_BLM_RELEVANT_REASON_COUNTS_CSV), | print(blm_relevant_summary, width = 1200) | print(blm_relevant_reason_counts, n = Inf) | if (WRITE_BLM_RELEVANT_RDS) { | saveRDS(pod_wr_blm_relevant, OUT_BLM_RELEVANT_RDS) | normalizePath(OUT_BLM_RELEVANT_RDS), | if (WRITE_BLM_RELEVANT_GPKG) { | pod_wr_blm_relevant, | OUT_BLM_RELEVANT_GPKG, | layer = ""swrcb_pod_wr_blm_relevant_wgs84"", | normalizePath(OUT_BLM_RELEVANT_GPKG), | message(""Reading existing BLM-relevant POD/WR layer: "", OUT_BLM_RELEVANT_RDS) | pod_wr_blm_relevant <- readRDS(OUT_BLM_RELEVANT_RDS) | ""on_blm_managed"" | pod_wr_blm_relevant |> | ""on_blm_managed"", | ""blm_name_match"", | ""blm_include_reason"", | ""blm_match_text"" | cat(""\nDone: SWRCB / CalWATRS POD + Water Rights preprocessing complete.\n"") | cat(""  "", normalizePath(OUT_BLM_RELEVANT_RDS, mustWork = FALSE), ""\n"", sep = """") | cat(""  "", normalizePath(OUT_BLM_RELEVANT_SUMMARY_CSV, mustWork = FALSE), ""\n"", sep = """") | cat(""  SWRCB / CalWATRS POD integration is active.\n"") | cat(""    "", normalizePath(OUT_BLM_RELEVANT_RDS, mustWork = FALSE), ""\n"", sep = """") | cat(""    04_processed_data/cache/latest/swrcb_pod_wr_blm_map.rds\n"") | cat(""    SWRCB PODs relevant to BLM\n"")"
"02_preprocess/17_springs.r","##   04_processed_data/rds/springs_combined_wgs84.rds | ""springs_combined_wgs84.rds"" | saveRDS(springs_combined, OUT_SPRINGS_RDS)","# ==== 17_springs.r =========================================================== | ##   Build one combined springs layer from: | ##        01_raw_data/springs/NHDPoint_Ftype458_springs.shp | ##        01_raw_data/springs/zdonsprings2020sob.csv | ##   - NHD springs and Zdon 2020 springs are allowed to overlap. | ##     circles/rings under one shared Leaflet group: ""Springs"". | ##   04_processed_data/rds/springs_combined_wgs84.rds | ##   04_processed_data/gpkg/springs_combined_wgs84.gpkg   optional | ##   04_processed_data/qa/springs_source_summary.csv | ##   04_processed_data/qa/springs_coordinate_qa.csv | OUT_SPRINGS_RDS <- file.path( | ""springs_combined_wgs84.rds"" | OUT_SPRINGS_GPKG <- file.path( | ""springs_combined_wgs84.gpkg"" | ""springs_source_summary.csv"" | ""springs_coordinate_qa.csv"" | check_required_file(SRC$springs_nhd_ftype458, ""NHD spring shapefile"") | message(""  "", SRC$springs_nhd_ftype458) | SRC$springs_nhd_ftype458, | nhd_springs <- nhd_raw |> | check_required_file(SRC$springs_zdon_2020, ""Zdon 2020 springs CSV"") | message(""  "", SRC$springs_zdon_2020) | SRC$springs_zdon_2020, | message(""Saved springs coordinate QA: "", OUT_COORD_QA_CSV) | zdon_springs <- zdon_attr |> | springs_combined <- dplyr::bind_rows( | nhd_springs, | zdon_springs | source_summary <- springs_combined |> | message(""\nCombined springs summary:"") | message(""Saved springs source summary: "", OUT_SOURCE_SUMMARY_CSV) | saveRDS(springs_combined, OUT_SPRINGS_RDS) | message(""Saved springs combined RDS: "", OUT_SPRINGS_RDS) | springs_combined, | OUT_SPRINGS_GPKG, | layer = ""springs_combined_wgs84"", | message(""Saved springs combined GeoPackage: "", OUT_SPRINGS_GPKG) | message(""\nDone: springs preprocessing complete."") | message(""  "", OUT_SPRINGS_RDS)"
"02_preprocess/18_snow_soil_climate_stations.r","##   04_processed_data/rds/scan_stations_wgs84.rds | ##   04_processed_data/rds/snow_pillows_wgs84.rds | CACHE_SNOTEL_RAW <- file.path(DIR$snow_cache, ""nrcs_nwcc_snotel_active_raw.rds"") | CACHE_SCAN_RAW   <- file.path(DIR$snow_cache, ""nrcs_nwcc_scan_active_raw.rds"") | CACHE_CDEC_RAW   <- file.path(DIR$snow_cache, ""cdec_snow_station_metadata_raw.rds"") | OUT_SCAN_RDS <- file.path(DIR$rds, ""scan_stations_wgs84.rds"") | OUT_SNOW_RDS <- file.path(DIR$rds, ""snow_pillows_wgs84.rds"") | return(readRDS(cache_path)) | saveRDS(x, cache_path) | saveRDS(scan_stations, OUT_SCAN_RDS) | saveRDS(snow_pillows, OUT_SNOW_RDS)","# ==== 18_snow_soil_climate_stations.r ======================================= | ##     1. SCAN stations | ##        USDA NRCS / NWCC active SCAN stations. | ##     2. Snow pillows | ##        CA DWR / CDEC / California Snow Data active snow sensor metadata. | ##   - Cache raw downloads in 01_raw_data/snow_soil_climate/cache. | ##   04_processed_data/rds/scan_stations_wgs84.rds | ##   04_processed_data/rds/snow_pillows_wgs84.rds | ##   04_processed_data/qa/snow_soil_climate_station_summary.csv | ##   04_processed_data/qa/snow_soil_climate_missing_core_fields.csv | ## States to request from NRCS/NWCC SNOTEL and SCAN layers. | ## California Snow Data -> Station Metadata resource ID. | CDEC_SNOW_METADATA_RESOURCE_ID <- ""49baa289-3cc3-439a-af7a-727486dbf303"" | ""snow-station-metadata.csv"" | DIR$snow_cache <- file.path(DIR$raw, ""snow_soil_climate"", ""cache"") | dir.create(DIR$snow_cache, showWarnings = FALSE, recursive = TRUE) | CACHE_SNOTEL_RAW <- file.path(DIR$snow_cache, ""nrcs_nwcc_snotel_active_raw.rds"") | CACHE_SCAN_RAW   <- file.path(DIR$snow_cache, ""nrcs_nwcc_scan_active_raw.rds"") | CACHE_CDEC_RAW   <- file.path(DIR$snow_cache, ""cdec_snow_station_metadata_raw.rds"") | OUT_SCAN_RDS <- file.path(DIR$rds, ""scan_stations_wgs84.rds"") | OUT_SNOW_RDS <- file.path(DIR$rds, ""snow_pillows_wgs84.rds"") | OUT_SCAN_GPKG <- file.path(DIR$gpkg, ""scan_stations_wgs84.gpkg"") | OUT_SNOW_GPKG <- file.path(DIR$gpkg, ""snow_pillows_wgs84.gpkg"") | OUT_SUMMARY_CSV <- file.path(DIR$qa, ""snow_soil_climate_station_summary.csv"") | OUT_MISSING_CSV <- file.path(DIR$qa, ""snow_soil_climate_missing_core_fields.csv"") | ""county"", | network_group = ""Snow / soil climate stations"") { | county <- clean_chr(get_field(x, c(""countyName"", ""county_name"", ""county""))) | county = county, | out <- try(fetch_ckan_resource(CDEC_SNOW_METADATA_RESOURCE_ID), silent = TRUE) | standardize_cdec_snow_metadata <- function(cdec_raw, | source_layer = ""California Snow Data - Station Metadata"", | county <- clean_chr( | pick_col(cdec_raw, patterns = c(""^county$"", ""county.*name"")) | station_uid = sanitize_id(glue::glue(""CDEC_snow_sensor_{station_id}"")), | station_type = ""cdec_snow_sensor"", | station_type_label = ""CDEC snow sensor"", | map_layer = ""snow_pillows"", | source_url = ""https://data.cnra.ca.gov/dataset/california-snow-data/resource/49baa289-3cc3-439a-af7a-727486dbf303"" | scan_raw <- load_or_fetch( | CACHE_SCAN_RAW, | function() read_nwcc_layer(""stations_SCAN_ACTIVE""), | ""NRCS/NWCC active SCAN"" | ""CDEC active snow sensor metadata"" | scan_web <- standardize_nwcc_station_layer( | scan_raw, | station_type = ""scan"", | station_type_label = ""SCAN"", | map_layer = ""scan"", | source_layer = ""stations_SCAN_ACTIVE"" | cdec_web <- standardize_cdec_snow_metadata(cdec_raw) | scan_stations <- scan_web |> | filter_to_hydro_ca_bbox(label = ""SCAN stations"") |> | snow_pillows <- dplyr::bind_rows( | filter_to_hydro_ca_bbox(label = ""snow pillows"") |> | scan_stations, | snow_pillows | saveRDS(scan_stations, OUT_SCAN_RDS) | saveRDS(snow_pillows, OUT_SNOW_RDS) | message(""Saved SCAN RDS: "", OUT_SCAN_RDS) | message(""Saved snow pillows RDS: "", OUT_SNOW_RDS) | OUT_SCAN_GPKG, | layer = ""scan_stations_wgs84"", | snow_pillows, | OUT_SNOW_GPKG, | layer = ""snow_pillows_wgs84"", | message(""Saved SCAN GPKG: "", OUT_SCAN_GPKG) | message(""Saved snow pillows GPKG: "", OUT_SNOW_GPKG) | message(""\nDone: snow / soil climate station preprocessing complete."") | message(""  "", OUT_SCAN_RDS) | message(""  "", OUT_SNOW_RDS)"
"02_preprocess/18b_snow_soil_climate_recent_obs.r","##   04_processed_data/rds/scan_stations_wgs84.rds | ##   04_processed_data/rds/snow_pillows_wgs84.rds | ##   04_processed_data/rds/scan_stations_recent_wgs84.rds | ##   04_processed_data/rds/snow_pillows_recent_wgs84.rds | SCAN_STATIONS_RDS <- file.path(DIR$rds, ""scan_stations_wgs84.rds"") | SNOW_PILLOWS_RDS  <- file.path(DIR$rds, ""snow_pillows_wgs84.rds"") | OUT_SCAN_RECENT_RDS <- file.path(DIR$rds, ""scan_stations_recent_wgs84.rds"") | OUT_SNOW_RECENT_RDS <- file.path(DIR$rds, ""snow_pillows_recent_wgs84.rds"") | scan_stations <- readRDS(SCAN_STATIONS_RDS) | snow_pillows <- readRDS(SNOW_PILLOWS_RDS) | saveRDS(scan_recent, OUT_SCAN_RECENT_RDS) | saveRDS(snow_recent, OUT_SNOW_RECENT_RDS)","# ==== 18b_snow_soil_climate_recent_obs.r ==================================== | ##   Fetch recent observation data for PT2 snow / soil climate station layers. | ##   04_processed_data/rds/scan_stations_wgs84.rds | ##   04_processed_data/rds/snow_pillows_wgs84.rds | ##   04_processed_data/rds/scan_stations_recent_wgs84.rds | ##   04_processed_data/rds/snow_pillows_recent_wgs84.rds | ##   SCAN: | ##     - Fetch recent NRCS soil moisture using soilDB::fetchSCAN(report = ""SMS""). | ##   Snow pillows: | ##     - Fetch recent SNOTEL SWE with soilDB::fetchSCAN(report = ""WTEQ""). | ##     - Fetch recent SNOTEL snow depth with soilDB::fetchSCAN(report = ""SNWD""). | ##   build. Run it manually when you want recent snow/soil data refreshed. | FETCH_SCAN_SOIL_MOISTURE <- TRUE | ## SCAN selected-depth logic. | ## Standard SCAN depths are commonly 2, 4, 8, 20, and 40 inches. | PREFERRED_SCAN_DEPTH_IN <- c(20, 8, 4, 2, 40) | ## CDEC snow water content sensor code. | ## Sensor 3 is commonly used for snow water content / SWE in inches. | SCAN_STATIONS_RDS <- file.path(DIR$rds, ""scan_stations_wgs84.rds"") | SNOW_PILLOWS_RDS  <- file.path(DIR$rds, ""snow_pillows_wgs84.rds"") | OUT_SCAN_RECENT_RDS <- file.path(DIR$rds, ""scan_stations_recent_wgs84.rds"") | OUT_SNOW_RECENT_RDS <- file.path(DIR$rds, ""snow_pillows_recent_wgs84.rds"") | OUT_SCAN_QA_CSV <- file.path(DIR$qa, ""scan_recent_obs_summary.csv"") | OUT_SNOW_QA_CSV <- file.path(DIR$qa, ""snow_pillows_recent_obs_summary.csv"") | OUT_SCAN_DEPTH_QA_CSV <- file.path(DIR$qa, ""scan_recent_soil_moisture_depth_counts.csv"") | ## This matters because soilDB::fetchSCAN() can return columns such as: | ## soilDB::fetchSCAN() returns a list of data.frames in current versions. | if (!file.exists(SCAN_STATIONS_RDS)) { | stop(""Missing SCAN station file: "", SCAN_STATIONS_RDS, call. = FALSE) | if (!file.exists(SNOW_PILLOWS_RDS)) { | stop(""Missing snow pillow station file: "", SNOW_PILLOWS_RDS, call. = FALSE) | scan_stations <- readRDS(SCAN_STATIONS_RDS) | snow_pillows <- readRDS(SNOW_PILLOWS_RDS) | scan_site_nums <- scan_stations |> | snotel_site_nums <- snow_pillows |> | cdec_ids <- snow_pillows |> | dplyr::filter(station_type == ""cdec_snow_sensor"") |> | message(""SCAN stations to query: "", length(scan_site_nums)) | message(""CDEC snow sensors to query: "", length(cdec_ids)) | # ==== 7. Fetch SCAN soil moisture ============================================ | scan_sms_recent <- tibble::tibble() | scan_depth_summary <- tibble::tibble() | if (FETCH_SCAN_SOIL_MOISTURE && length(scan_site_nums) > 0) { | message(""Fetching recent SCAN soil moisture with soilDB::fetchSCAN(report = 'SMS')..."") | scan_sms_raw <- try( | soilDB::fetchSCAN( | site.code = scan_site_nums, | scan_sms_tbl <- extract_soildb_table(scan_sms_raw, preferred_name = ""SMS"") | scan_sms_obs <- standardize_soildb_obs(scan_sms_tbl) |> | if (nrow(scan_sms_obs) > 0) { | ## Convert depth from cm to nearest standard SCAN inch depth. | scan_sms_obs <- scan_sms_obs |> | scan_depth_summary <- scan_sms_obs |> | latest_by_depth <- scan_sms_obs |> | scan_wide_values <- latest_by_depth |> | scan_wide_dates <- latest_by_depth |> | preferred_rank = match(depth_in, PREFERRED_SCAN_DEPTH_IN) | scan_selected_soil_moisture_depth_in = depth_in, | scan_selected_soil_moisture_pct = value, | scan_selected_soil_moisture_date = obs_date | scan_soil_moisture_depth_summary = paste(txt, collapse = ""; ""), | scan_soil_moisture_depths_available = paste(sort(unique(depth_in)), collapse = "", ""), | scan_sms_recent <- selected_depth |> | dplyr::left_join(scan_wide_values, by = ""station_id"") |> | dplyr::left_join(scan_wide_dates, by = ""station_id"") |> | # ==== 8. Fetch SNOTEL SWE and snow depth ===================================== | ## Why not soilDB::fetchSCAN(report = ""WTEQ"") here? | snotel_triplets <- snow_pillows |> | message(""Fetching recent SNOTEL snow depth with AWDB REST element SNWD..."") | latest_snow_depth_in = latest_value, | latest_snow_depth_date = latest_date | scan_recent <- scan_stations |> | scan_sms_recent, | scan_recent_data_status = dplyr::case_when( | !is.na(scan_selected_soil_moisture_pct) ~ ""recent soil moisture available"", | snow_recent <- snow_pillows |> | station_type == ""cdec_snow_sensor"" ~ as.character(cdec_id), | snow_recent_obs <- dplyr::bind_rows( | snow_recent <- snow_recent |> | snow_recent_obs, | snow_recent_data_status = dplyr::case_when( | scan_qa <- tibble::tibble( | ""scan_station_rows"", | ""scan_rows_with_recent_soil_moisture"", | ""scan_rows_without_recent_soil_moisture"" | nrow(scan_recent), | sum(!is.na(scan_recent$scan_selected_soil_moisture_pct)), | sum(is.na(scan_recent$scan_selected_soil_moisture_pct)) | snow_qa <- tibble::tibble( | ""snow_pillow_rows"", | ""snow_rows_with_recent_swe"", | ""snow_rows_without_recent_swe"", | nrow(snow_recent), | sum(!is.na(snow_recent$latest_swe_in)), | sum(is.na(snow_recent$latest_swe_in)), | sum(snow_recent$station_type == ""snotel"" & !is.na(snow_recent$latest_swe_in)), | sum(snow_recent$station_type == ""cdec_snow_sensor"" & !is.na(snow_recent$latest_swe_in)) | message(""\nSCAN recent observation QA:"") | print(scan_qa, width = 1200) | message(""\nSCAN soil-moisture depth observation counts:"") | print(scan_depth_summary, n = Inf) | message(""\nSnow pillow recent observation QA:"") | print(snow_qa, width = 1200) | message(""\nSnow pillow 24-hour delta class counts:"") | snow_recent |> | readr::write_csv(scan_qa, OUT_SCAN_QA_CSV) | readr::write_csv(snow_qa, OUT_SNOW_QA_CSV) | readr::write_csv(scan_depth_summary, OUT_SCAN_DEPTH_QA_CSV) | message(""Saved SCAN recent QA: "", OUT_SCAN_QA_CSV) | message(""Saved snow pillow recent QA: "", OUT_SNOW_QA_CSV) | message(""Saved SCAN depth QA: "", OUT_SCAN_DEPTH_QA_CSV) | saveRDS(scan_recent, OUT_SCAN_RECENT_RDS) | saveRDS(snow_recent, OUT_SNOW_RECENT_RDS) | message(""Saved SCAN recent RDS: "", OUT_SCAN_RECENT_RDS) | message(""Saved snow pillow recent RDS: "", OUT_SNOW_RECENT_RDS) | message(""\nDone: recent snow / soil climate observations refresh complete."") | message(""  "", OUT_SCAN_RECENT_RDS) | message(""  "", OUT_SNOW_RECENT_RDS)"
"02_preprocess/19_new_static_reference_layers.r","saveRDS(x, out_path) | output_filename = ""cnrfc_fnf_delta_wgs84.rds"", | output_filename = ""x2_km_wgs84.rds"", | output_filename = ""deltamapr_canals_wgs84.rds"", | output_filename = ""water_districts_wgs84.rds"",","# ==== 19_new_static_reference_layers.r =========================================== | ##     - CNRFC FNF Delta basins | ##     - CVP/SWP X2 kilometer reference points | ##     - Deltamapr canals | cnrfc_fnf_delta <- pt_prepare_static_layer( | path = SRC$cnrfc_fnf_delta, | output_filename = ""cnrfc_fnf_delta_wgs84.rds"", | layer_label = ""CNRFC FNF Delta basins"" | x2_km <- pt_prepare_static_layer( | path = SRC$x2_km, | output_filename = ""x2_km_wgs84.rds"", | layer_label = ""CVP/SWP X2 km points"" | deltamapr_canals <- pt_prepare_static_layer( | path = SRC$deltamapr_canals, | output_filename = ""deltamapr_canals_wgs84.rds"", | layer_label = ""Deltamapr canals"" | water_districts <- pt_prepare_static_layer( | path = SRC$water_districts, | output_filename = ""water_districts_wgs84.rds"","
"02_preprocess/20_build_external_service_catalog.r","","""DWR / CNRA"", ""DWR GIS Atlas"", ""Water operations / CalSim"", ""DWR CalSim II Inflow Data Locations"", ""map"", ""https://gis.water.ca.gov/arcgis/rest/services/InlandWaters/i12_CalSimII_InflowData/MapServer"", ""FALSE"", ""FALSE"", ""0.58"", ""California DWR ArcGIS REST MapServer layer. Use as a visual overlay."", ""https://gis.water.ca.gov/arcgis/rest/services/InlandWaters/i12_CalSimII_InflowData/MapServer"", ""172"", ""visual"", """", """", ""8"", """", ""https://gis.water.ca.gov/arcgis/rest/services/InlandWaters/i12_CalSimII_InflowData/MapServer/legend"", ""DWR service-rendered legend."", | ""SWRCB / Water Boards"", ""Water Rights"", ""Water rights / PODs"", ""SWRCB Points of Diversion"", ""map"", ""https://gispublic.waterboards.ca.gov/arcgis/rest/services/Water_Rights/Points_of_Diversion/MapServer"", ""FALSE"", ""FALSE"", ""0.58"", ""SWRCB Points of Diversion MapServer from WRIMS-derived locations. PT2 also has a local filtered POD/WR layer."", ""https://gispublic.waterboards.ca.gov/arcgis/rest/services/Water_Rights/Points_of_Diversion/MapServer?f=pjson"", ""210"", ""visual"", """", """", ""8"", """", ""https://gispublic.waterboards.ca.gov/arcgis/rest/services/Water_Rights/Points_of_Diversion/MapServer/legend"", """", | ""SWRCB / Water Boards"", ""Integrated Report"", ""Water quality / impaired waters"", ""SWRCB Impaired Waters / Integrated Report"", ""map"", ""https://gispublic.waterboards.ca.gov/arcgis/rest/services/Water_Quality/Impaired_waters/MapServer"", ""FALSE"", ""FALSE"", ""0.58"", ""Water bodies assessed and listed as impaired under Clean Water Act 303(d)/305(b)."", ""https://gispublic.waterboards.ca.gov/arcgis/rest/services/Water_Quality/Impaired_waters/MapServer"", ""211"", ""visual"", """", """", ""8"", """", ""https://gispublic.waterboards.ca.gov/arcgis/rest/services/Water_Quality/Impaired_waters/MapServer/legend"", """", | ""SWRCB / Water Boards"", ""GAMA / Reference Boundaries"", ""Administrative / RWQCB"", ""RWQCB Boundaries \u2014 Water Boards"", ""map"", ""https://gispublic.waterboards.ca.gov/portalserver/rest/services/GAMA/Reference_Boundaries/MapServer/4"", ""FALSE"", ""FALSE"", ""0.58"", ""Regional Water Quality Control Board boundaries from Water Boards GAMA reference-boundaries service."", ""https://gispublic.waterboards.ca.gov/portalserver/rest/services/GAMA/Reference_Boundaries/MapServer"", ""212"", ""visual"", """", """", """", """", ""https://gispublic.waterboards.ca.gov/portalserver/rest/services/GAMA/Reference_Boundaries/MapServer/legend"", """", | ""SWRCB / Water Boards"", ""SAFER / Aquifer Risk"", ""Groundwater quality / drinking water"", ""Water Boards 2026 Aquifer Risk Map \u2014 Water Quality Risk"", ""feature"", ""https://gispublic.waterboards.ca.gov/portalserver/rest/services/Hosted/Water_Quality_Risk_2026_ARM/FeatureServer/2"", ""TRUE"", ""TRUE"", ""0.75"", ""Water quality risk estimates for domestic wells and state small water systems. Current-view loading is recommended."", ""https://gispublic.waterboards.ca.gov/portalserver/rest/services/Hosted/Water_Quality_Risk_2026_ARM/FeatureServer"", ""213"", ""current_view"", """", ""Large statewide polygon FeatureServer. Zoom in first and use current-view loading for better performance."", ""9"", ""9"", """", """", | ""SWRCB / Water Boards"", ""SaveWater / public water systems"", ""Water service areas"", ""Water Boards Drought Water Service Areas"", ""map"", ""https://gispublic.waterboards.ca.gov/arcgis/rest/services/webmap/Service_GISPublic/MapServer/0"", ""FALSE"", ""FALSE"", ""0.58"", ""Drought water service area boundaries used in SaveWater.ca.gov context."", ""https://gispublic.waterboards.ca.gov/arcgis/rest/services/webmap/Service_GISPublic/MapServer"", ""214"", ""visual"", """", """", ""8"", """", ""https://gispublic.waterboards.ca.gov/arcgis/rest/services/webmap/Service_GISPublic/MapServer/legend"", """", | ""BLM AIM"", ""AIM"", ""Monitoring / terrestrial"", ""BLM AIM LMF Hub"", ""feature"", ""https://services1.arcgis.com/KbxwQRRfWyEYLgp4/arcgis/rest/services/BLM_Natl_AIM_LMF_Hub/FeatureServer/0"", ""TRUE"", ""TRUE"", ""0.75"", ""BLM Assessment, Inventory, and Monitoring (AIM) public FeatureServer. Current-view loading is recommended."", ""https://gbp-blm-egis.hub.arcgis.com/pages/aim"", ""400"", ""current_view"", """", ""Large national BLM AIM FeatureServer. Zoom in first and use current-view loading for better performance."", ""9"", ""9"", """", """", | ""BLM AIM"", ""AIM"", ""Monitoring / riparian / aquatic"", ""BLM AIM Lotic Indicators"", ""feature"", ""https://services1.arcgis.com/KbxwQRRfWyEYLgp4/arcgis/rest/services/BLM_Natl_AIM_Lotic_Indicators_Hub/FeatureServer/5"", ""TRUE"", ""TRUE"", ""0.75"", ""BLM Assessment, Inventory, and Monitoring (AIM) public FeatureServer. Current-view loading is recommended."", ""https://gbp-blm-egis.hub.arcgis.com/pages/aim"", ""401"", ""current_view"", """", ""Large national BLM AIM FeatureServer. Zoom in first and use current-view loading for better performance."", ""9"", ""9"", """", """", | ""BLM AIM"", ""AIM"", ""Monitoring / terrestrial"", ""BLM AIM TerrADat"", ""feature"", ""https://services1.arcgis.com/KbxwQRRfWyEYLgp4/arcgis/rest/services/BLM_Natl_AIM_TerrADat_Hub/FeatureServer/0"", ""TRUE"", ""TRUE"", ""0.75"", ""BLM Assessment, Inventory, and Monitoring (AIM) public FeatureServer. Current-view loading is recommended."", ""https://gbp-blm-egis.hub.arcgis.com/pages/aim"", ""402"", ""current_view"", """", ""Large national BLM AIM FeatureServer. Zoom in first and use current-view loading for better performance."", ""9"", ""9"", """", """", | ""BLM AIM"", ""AIM"", ""Monitoring / species indicators"", ""BLM AIM Terrestrial Species Indicators"", ""feature"", ""https://services1.arcgis.com/KbxwQRRfWyEYLgp4/arcgis/rest/services/BLM_Natl_AIM_Terrestrial_Species_Indicators_Public/FeatureServer/6"", ""TRUE"", ""TRUE"", ""0.75"", ""BLM Assessment, Inventory, and Monitoring (AIM) public FeatureServer. Current-view loading is recommended."", ""https://gbp-blm-egis.hub.arcgis.com/pages/aim"", ""403"", ""current_view"", """", ""Large national BLM AIM FeatureServer. Zoom in first and use current-view loading for better performance."", ""9"", ""9"", """", """", | ""BLM GBP"", ""Surface Management Agency"", ""Federal lands / land status"", ""BLM CA Land Status / Surface Management Agency"", ""map"", ""https://gis.blm.gov/caarcgis/rest/services/lands/BLM_CA_LandStatus_SurfaceManagementAgency/MapServer/0"", ""FALSE"", ""FALSE"", ""0.58"", ""California surface management agency context layer. Treat as surface-management context, not parcel-level ownership."", ""https://gbp-blm-egis.hub.arcgis.com/datasets/BLM-EGIS::blm-ca-land-status-surface-management-agency/about"", ""405"", ""visual"", """", """", """", """", ""https://gis.blm.gov/caarcgis/rest/services/lands/BLM_CA_LandStatus_SurfaceManagementAgency/MapServer/legend"", ""BLM SMA legend from the ArcGIS REST service."","
"02_preprocess/21_build_pt2_external_overlay_field_curation_qa_sheet.r","","""basin|watershed|river|stream|county|agency|owner|holder|status|type|use"","
"02_preprocess/23_repair_pt2_external_overlay_catalog_bad_urls.r","","message(""Rows scanned: "", nrow(cat1))"
"02_preprocess/24_inventory_pt2_external_overlay_mapserver_sublayers.r","","""basin|watershed|river|stream|county|agency|owner|holder|status|type|use"","
"03_functions/cache_helpers.r","save_rds_cached <- function(x, timestamped_path, latest_path = NULL) { | saveRDS(x, timestamped_path) | saveRDS(x, latest_path) | readRDS(path)",""
"03_functions/leaflet_core_helpers.r","","leaflet::addMapPane(""pane_blm_diff"",   zIndex = 320) |> | leaflet::addMapPane(""pane_county"",     zIndex = 380) |> | leaflet::addMapPane(""pane_cnrfc_basins"", zIndex = 455) |> | urlTemplate = ""https://basemap.nationalmap.gov/arcgis/rest/services/USGSHydroCached/MapServer/tile/{z}/{y}/{x}"", | group       = ""USGS Hydrography"", | attribution = ""USGS The National Map — Hydrography"" | leaflet::addProviderTiles(""USGS.USTopo"",        group = ""USGS Topo"") |> | leaflet::addProviderTiles(""USGS.USImagery"",     group = ""USGS National Map (Imagery)"") |> | leaflet::addProviderTiles(""USGS.USImageryTopo"", group = ""USGS National Map (Imagery+Topo)"") |> | ""USGS Hydrography"", | ""USGS Topo"", | ""USGS National Map (Imagery)"", | ""USGS National Map (Imagery+Topo)"", | ##   ""Points – Springs"" | ##   Internal group name:  ""Points – Springs"" | ##   Visible control row: ""Springs"" under a ""Points"" header."
"03_functions/leaflet_label_helpers.r","","if (identical(label_id, ""water_districts"")) { | label_id %in% c(""cnrfc_stream"", ""cnrfc_precip"", ""usgs_streamgages"") ~ 12, | .pt-label-water_districts {"
"03_functions/leaflet_layer_helpers.r","##     04_processed_data/cache/latest/major_conveyance_map.rds","PT_HUC_COLS <- c( | PT_HUC_WEIGHTS <- c( | group_name == ""CNRFC Basins"" ~ | ""Basins – CNRFC Basins"", | group_name == ""CNRFC FNF Delta Basins"" ~ | ""Basins – CNRFC FNF Delta Basins"", | group_name == ""CNRFC Stream Gages"" ~ | ""Points – CNRFC Stream Gages"", | group_name == ""CNRFC Precip Gages"" ~ | ""Points – CNRFC Precip Gages"", | group_name == ""USGS Streamgages"" ~ | ""Points – USGS Streamgages"", | group_name == ""USGS Wells"" ~ | ""Points – USGS Wells"", | ""SWRCB 2026 BLM WR list records [1]"", | ""SWRCB 2026 BLM WR list records"", | ""SWRCB official BLM WR list records [1]"" | ""Points – SWRCB 2026 BLM WR list records [1]"", | ""SWRCB additional PODs spatially matched to BLM [1]"", | ""SWRCB additional PODs spatially matched to BLM"", | ""SWRCB PODs spatially matched to BLM [1]"", | ""SWRCB PODs spatially matched to BLM"", | ""SWRCB spatial POD matches to BLM [1]"" | ""Points – SWRCB additional PODs spatially matched to BLM [1]"", | ""SWRCB additional BLM name/text-match candidates [1]"", | ""SWRCB additional BLM name/text-match candidates"", | ""SWRCB BLM-associated WR/POD records [1]"", | ""SWRCB BLM-associated WR/POD records"", | ""SWRCB WR/name-list matches [1]"" | ""Points – SWRCB additional BLM name/text-match candidates [1]"", | ## three clearer SWRCB provenance groups above. | ""SWRCB PODs relevant to BLM [1]"", | ""SWRCB PODs/WRs relevant to BLM [1]"" | ""Points – SWRCB PODs/WRs relevant to BLM [1]"", | group_name == ""CVP/SWP X2 km points"" ~ | ""Points – CVP/SWP X2 km points"", | group_name == ""Springs"" ~ | ""Points – Springs"", | group_name == ""SCAN Stations"" ~ | ""Points – SCAN Stations"", | group_name == ""Snow Pillows"" ~ | ""Points – Snow Pillows"", | group_name == ""CalSim3 Arcs"" ~ | ""Channels – CalSim3 Arcs"", | group_name == ""CalSim3 Nodes"" ~ | ""Points – CalSim3 Nodes"", | group_name %in% c(""Deltamapr Canals"", ""Deltamapr Conveyance"") ~ | ""Channels – Deltamapr Conveyance"", | pt_add_blm_layers <- function(m, blm_core, blm_diffs) { | data = blm_core, | data = blm_diffs, | options = leaflet::pathOptions(pane = ""pane_blm_diff""), | pt_add_county_gw_layers <- function(m, county, gw) { | data = county, | pane = ""pane_county"", | pt_add_huc_layer <- function(m, huc_all, nm) { | if (!nm %in% names(huc_all)) { | huc_sf <- huc_all[[nm]] | if (code_col %in% names(huc_sf)) { | huc_sf$pt_huc_layer_id <- paste0(nm, ""_"", as.character(huc_sf[[code_col]])) | huc_sf$pt_huc_layer_id <- paste0(nm, ""_"", seq_len(nrow(huc_sf))) | ##   layerId is intentionally set to pt_huc_layer_id so the browser-side | data = huc_sf, | layerId = ~pt_huc_layer_id, | color = PT_HUC_COLS[[nm]], | weight = PT_HUC_WEIGHTS[[nm]], | weight = PT_HUC_WEIGHTS[[nm]] + 2, | pt_add_huc_layers <- function(m, huc_all, map_display) { | m <- pt_add_huc_layer(m, huc_all, nm) | m <- pt_add_huc_layer(m, huc_all, ""huc10"") | m <- pt_add_huc_layer(m, huc_all, ""huc12"") | # ==== 3. CNRFC point layers ================================================== | pt_add_cnrfc_layers <- function(m, cnrfc_stream, cnrfc_precip, map_display) { | ## For CNRFC points this should be the popup title, e.g.: | if (length(parts) == 0) return(""CNRFC gage"") | pt_add_cnrfc_hover_from_popup <- function(x, default_label = ""CNRFC gage"") { | if (isTRUE(map_display$add_cnrfc_stream)) { | cnrfc_stream <- pt_add_cnrfc_hover_from_popup( | cnrfc_stream, | default_label = ""CNRFC stream gage"" | data = cnrfc_stream, | group = pt_layer_group_name(""CNRFC Stream Gages""), | if (isTRUE(map_display$add_cnrfc_precip)) { | cnrfc_precip <- pt_add_cnrfc_hover_from_popup( | cnrfc_precip, | default_label = ""CNRFC precip gage"" | data = cnrfc_precip, | group = pt_layer_group_name(""CNRFC Precip Gages""), | # ==== 4. USGS point layers =================================================== | pt_add_usgs_layers <- function(m, usgs_sw, usgs_gw, map_display) { | # ---- 4.1 USGS streamgages ------------------------------------------------- | if (isTRUE(map_display$add_usgs_streamgages)) { | data = usgs_sw, | group = pt_layer_group_name(""USGS Streamgages""), | # ---- 4.2 USGS groundwater wells ------------------------------------------ | if (isTRUE(map_display$add_usgs_wells)) { | if (!""well_fill_col"" %in% names(usgs_gw)) { | usgs_gw$well_fill_col <- ""#BDBDBD"" | if (!""well_stroke_col"" %in% names(usgs_gw)) { | usgs_gw$well_stroke_col <- ""#4D4D4D"" | if (!""well_radius"" %in% names(usgs_gw)) { | usgs_gw$well_radius <- 3 | if (!""hover_text"" %in% names(usgs_gw)) { | usgs_gw$hover_text <- paste0(""USGS "", usgs_gw$site_no) | ## common USGS status fields. This keeps the map builder robust. | if (!""well_is_active"" %in% names(usgs_gw)) { | status_field <- status_candidates[status_candidates %in% names(usgs_gw)][1] | usgs_gw$well_is_active <- FALSE | status_lower <- tolower(trimws(as.character(usgs_gw[[status_field]]))) | usgs_gw$well_is_active <- dplyr::case_when( | usgs_gw <- usgs_gw %>% | data = usgs_gw, | group = pt_layer_group_name(""USGS Wells""), | # ==== 4.3 SWRCB / CalWATRS water-right POD layers ============================= | ##   The SWRCB / CalWATRS BLM-relevant point cache is split into three mutually | ##     1. SWRCB 2026 BLM WR list records [1] | ##        - swrcb_2026_blm_wr_list == TRUE | ##     2. SWRCB additional PODs spatially matched to BLM [1] | ##        - swrcb_2026_blm_wr_list == FALSE | ##        - blm_include_reason_display is Spatial + name match or Spatial only | ##     3. SWRCB additional BLM name/text-match candidates [1] | ##        - blm_include_reason_display is Name match only | ##   - Point radius = face value / AFY, using the cached swrcb_radius. | ##       SWRCB 2026 BLM WR list = blue | ##   Field-office staff may need to see exactly which records SWRCB provided to | pt_add_swrcb_pod_wr_layer <- function(m, swrcb_pod_wr_blm, map_display) { | if (!isTRUE(map_display$add_swrcb_pod_wr_blm)) { | if (!inherits(swrcb_pod_wr_blm, ""sf"") || nrow(swrcb_pod_wr_blm) == 0) { | message(""SWRCB POD water-right layer is empty; no points added."") | official_group_name <- pt_layer_group_name(""SWRCB 2026 BLM WR list records [1]"") | spatial_group_name <- pt_layer_group_name(""SWRCB additional PODs spatially matched to BLM [1]"") | name_candidate_group_name <- pt_layer_group_name(""SWRCB additional BLM name/text-match candidates [1]"") | if (!""swrcb_radius"" %in% names(swrcb_pod_wr_blm)) { | swrcb_pod_wr_blm$swrcb_radius <- 3.5 | if (!""swrcb_status_group"" %in% names(swrcb_pod_wr_blm)) { | swrcb_pod_wr_blm$swrcb_status_group <- ""Unknown"" | if (!""blm_include_reason_display"" %in% names(swrcb_pod_wr_blm)) { | swrcb_pod_wr_blm$blm_include_reason_display <- ""Unknown"" | if (!""swrcb_2026_blm_wr_list"" %in% names(swrcb_pod_wr_blm)) { | swrcb_pod_wr_blm$swrcb_2026_blm_wr_list <- FALSE | if (!""hover_text"" %in% names(swrcb_pod_wr_blm)) { | swrcb_pod_wr_blm$hover_text <- ""SWRCB POD"" | if (!""popup_html"" %in% names(swrcb_pod_wr_blm)) { | swrcb_pod_wr_blm$popup_html <- ""<b>SWRCB POD</b>"" | reason <- trimws(as.character(swrcb_pod_wr_blm$blm_include_reason_display)) | status <- trimws(as.character(swrcb_pod_wr_blm$swrcb_status_group)) | swrcb_list_flag <- swrcb_pod_wr_blm$swrcb_2026_blm_wr_list | swrcb_list_flag[is.na(swrcb_list_flag)] <- FALSE | swrcb_pod_wr_blm$pt_swrcb_is_official_list <- isTRUE(swrcb_list_flag) | swrcb_list_flag | swrcb_pod_wr_blm$pt_swrcb_is_additional_spatial <- | !swrcb_pod_wr_blm$pt_swrcb_is_official_list & | swrcb_pod_wr_blm$pt_swrcb_is_additional_name_candidate <- | swrcb_pod_wr_blm$pt_swrcb_fill_col <- dplyr::case_when( | swrcb_pod_wr_blm$pt_swrcb_is_official_list              ~ ""#2B8CBE"", # official SWRCB list = blue | swrcb_pod_wr_blm$pt_swrcb_is_additional_spatial        ~ ""#41B6C4"", # additional spatial = teal | swrcb_pod_wr_blm$pt_swrcb_is_additional_name_candidate ~ ""#7B3294"", # text/name candidate = purple | swrcb_pod_wr_blm$pt_swrcb_fill_opacity <- dplyr::case_when( | swrcb_pod_wr_blm$pt_swrcb_is_official_list              ~ 0.78, | swrcb_pod_wr_blm$pt_swrcb_is_additional_spatial        ~ 0.70, | swrcb_pod_wr_blm$pt_swrcb_is_additional_name_candidate ~ 0.46, | swrcb_pod_wr_blm$pt_swrcb_ring_col <- dplyr::case_when( | swrcb_pod_wr_blm$pt_swrcb_ring_weight <- dplyr::case_when( | swrcb_pod_wr_blm$pt_swrcb_radius <- suppressWarnings( | as.numeric(swrcb_pod_wr_blm$swrcb_radius) | swrcb_pod_wr_blm$pt_swrcb_radius[is.na(swrcb_pod_wr_blm$pt_swrcb_radius)] <- 3.5 | swrcb_official <- swrcb_pod_wr_blm |> | dplyr::filter(.data$pt_swrcb_is_official_list) | swrcb_additional_spatial <- swrcb_pod_wr_blm |> | dplyr::filter(.data$pt_swrcb_is_additional_spatial) | swrcb_name_candidates <- swrcb_pod_wr_blm |> | dplyr::filter(.data$pt_swrcb_is_additional_name_candidate) | message(""Adding SWRCB 2026 BLM WR list records: "", nrow(swrcb_official)) | message(""Adding SWRCB additional spatial BLM POD matches: "", nrow(swrcb_additional_spatial)) | message(""Adding SWRCB additional BLM name/text-match candidates: "", nrow(swrcb_name_candidates)) | if (nrow(swrcb_official) > 0) { | data = swrcb_official, | radius = ~pt_swrcb_radius, | color = ~pt_swrcb_ring_col, | weight = ~pt_swrcb_ring_weight, | fillColor = ~pt_swrcb_fill_col, | fillOpacity = ~pt_swrcb_fill_opacity, | if (nrow(swrcb_additional_spatial) > 0) { | data = swrcb_additional_spatial, | if (nrow(swrcb_name_candidates) > 0) { | data = swrcb_name_candidates, | # ==== 4.4 Springs layer ======================================================= | pt_add_springs_layer <- function(m, springs, map_display) { | if (!isTRUE(map_display$add_springs)) { | if (!inherits(springs, ""sf"") || nrow(springs) == 0) { | message(""Springs layer is empty; no points added."") | if (!""spring_source"" %in% names(springs)) { | springs$spring_source <- ""Unknown source"" | if (!""spring_symbol_group"" %in% names(springs)) { | springs$spring_symbol_group <- springs$spring_source | if (!""spring_radius"" %in% names(springs)) { | springs$spring_radius <- 3.5 | if (!""spring_fill_col"" %in% names(springs)) { | springs$spring_fill_col <- ""#777777"" | if (!""spring_fill_opacity"" %in% names(springs)) { | springs$spring_fill_opacity <- 0.75 | if (!""spring_stroke_col"" %in% names(springs)) { | springs$spring_stroke_col <- ""#333333"" | if (!""spring_stroke_weight"" %in% names(springs)) { | springs$spring_stroke_weight <- 1.0 | if (!""hover_text"" %in% names(springs)) { | springs$hover_text <- ""Spring"" | if (!""popup_html"" %in% names(springs)) { | springs$popup_html <- ""<b>Spring</b>"" | x <- springs[ | springs$spring_symbol_group == src, | group = pt_layer_group_name(""Springs""), | # ==== 4.x SCAN stations and snow pillows ===================================== | pt_add_snow_soil_station_layers <- function(m, scan_stations, snow_pillows, map_display) { | if (isTRUE(map_display$add_scan_stations)) { | x = scan_stations, | group_name = pt_layer_group_name(""SCAN Stations"") | if (isTRUE(map_display$add_snow_pillows)) { | ## Draw snow pillows in one layer. The cache already gives CDEC/SNOTEL | x = snow_pillows, | group_name = pt_layer_group_name(""Snow Pillows"") | pt_add_blm_office_layer <- function(m, blm_offices, map_display) { | if (!isTRUE(map_display$add_blm_offices)) { | if (!inherits(blm_offices, ""sf"") || nrow(blm_offices) == 0) { | do_caso <- blm_offices[blm_offices$offce_type == ""caso"", , drop = FALSE] | do_dist <- blm_offices[blm_offices$offce_type == ""do"",   , drop = FALSE] | fo_pts  <- blm_offices[blm_offices$offce_type == ""fo"",   , drop = FALSE] | # ==== 6. CNRFC basin and field-office outer polygon layers =================== | pt_add_cnrfc_basin_layer <- function(m, cnrfc_basins, map_display) { | if (!isTRUE(map_display$add_cnrfc_basins)) { | if (!inherits(cnrfc_basins, ""sf"") || nrow(cnrfc_basins) == 0) { | message(""CNRFC basin layer is empty; no polygons added."") | data = cnrfc_basins, | group = pt_layer_group_name(""CNRFC Basins""), | pane = ""pane_cnrfc_basins"" | # ==== 7. CalSim3 model arc line layer ======================================== | pt_add_calsim3_arc_layer <- function(m, calsim3_arcs, map_display) { | if (!isTRUE(map_display$add_calsim3_arcs)) { | if (!inherits(calsim3_arcs, ""sf"") || nrow(calsim3_arcs) == 0) { | message(""CalSim3 arcs layer is empty; no lines added."") | message(""Adding CalSim3 arcs: "", nrow(calsim3_arcs)) | if (!""line_col"" %in% names(calsim3_arcs)) { | calsim3_arcs$line_col <- dplyr::case_when( | calsim3_arcs$Type == ""Channel""   ~ ""#1F78B4"", | calsim3_arcs$Type == ""Diversion"" ~ ""#E31A1C"", | if (!""line_weight"" %in% names(calsim3_arcs)) { | calsim3_arcs$line_weight <- dplyr::case_when( | calsim3_arcs$Type == ""Channel""   ~ 1.4, | calsim3_arcs$Type == ""Diversion"" ~ 1.8, | data = calsim3_arcs, | group = pt_layer_group_name(""CalSim3 Arcs""), | # ==== 7A. CalSim3 model node point layer ===================================== | ##   Add CalSim3 model nodes as a clustered point layer. | pt_add_calsim3_node_layer <- function(m, calsim3_nodes, map_display) { | if (!isTRUE(map_display$add_calsim3_nodes)) { | if (!inherits(calsim3_nodes, ""sf"") || nrow(calsim3_nodes) == 0) { | message(""CalSim3 nodes layer is empty; no points added."") | message(""Adding CalSim3 nodes: "", nrow(calsim3_nodes)) | if (!""node_fill_col"" %in% names(calsim3_nodes)) { | calsim3_nodes$node_fill_col <- ""#BDBDBD"" | if (!""node_stroke_col"" %in% names(calsim3_nodes)) { | calsim3_nodes$node_stroke_col <- ""#737373"" | if (!""node_radius"" %in% names(calsim3_nodes)) { | calsim3_nodes$node_radius <- 4.7 | if (!""hover_text"" %in% names(calsim3_nodes)) { | calsim3_nodes$hover_text <- ""CalSim3 node"" | data = calsim3_nodes, | group = pt_layer_group_name(""CalSim3 Nodes""), | pt_reference_overlay_groups <- function(reference_layers) { | if (!is.list(reference_layers) || length(reference_layers) == 0) { | groups <- purrr::map_chr(reference_layers, function(x) { | pt_add_reference_layers <- function(m, reference_layers, map_display) { | if (!isTRUE(map_display$add_reference_layers)) { | for (nm in names(reference_layers)) { | x <- reference_layers[[nm]] | # ==== 10. CNRFC FNF Delta basin layer ======================================= | pt_add_cnrfc_fnf_delta_layer <- function(m, cnrfc_fnf_delta, map_display) { | if (!isTRUE(map_display$add_cnrfc_fnf_delta)) { | if (!inherits(cnrfc_fnf_delta, ""sf"") || nrow(cnrfc_fnf_delta) == 0) { | message(""CNRFC FNF Delta basin layer is empty; no polygons added."") | message(""Adding CNRFC FNF Delta basins: "", nrow(cnrfc_fnf_delta)) | data = cnrfc_fnf_delta, | group = pt_layer_group_name(""CNRFC FNF Delta Basins""), | # ==== 11. CVP/SWP X2 km point layer ========================================= | pt_add_x2_km_layer <- function(m, x2_km, map_display) { | if (!isTRUE(map_display$add_x2_km)) { | if (!inherits(x2_km, ""sf"") || nrow(x2_km) == 0) { | message(""CVP/SWP X2 km point layer is empty; no points added."") | message(""Adding CVP/SWP X2 km points: "", nrow(x2_km)) | x2_group <- pt_layer_group_name(""CVP/SWP X2 km points"") | data = x2_km, | group = x2_group, | label = ~x2_km_display, | className = ""pt-label pt-x2-label"" | ## X2 labels are useful near the Delta but too dense at regional scale. | function updateX2Labels() { | var labels = el.querySelectorAll('.pt-x2-label'); | map.on('zoomend overlayadd overlayremove layeradd', updateX2Labels); | setTimeout(updateX2Labels, 0); | setTimeout(updateX2Labels, 250); | setTimeout(updateX2Labels, 1000); | # ==== 12. Deltamapr conveyance line layer =================================== | pt_add_deltamapr_canals_layer <- function(m, deltamapr_canals, map_display) { | if (!isTRUE(map_display$add_deltamapr_canals)) { | if (!inherits(deltamapr_canals, ""sf"") || nrow(deltamapr_canals) == 0) { | message(""Deltamapr conveyance layer is empty; no lines added."") | message(""Adding Deltamapr conveyance: "", nrow(deltamapr_canals)) | data = deltamapr_canals, | group = pt_layer_group_name(""Deltamapr Conveyance""), | pt_add_water_districts_layer <- function(m, water_districts, map_display) { | if (!isTRUE(map_display$add_water_districts)) { | if (!inherits(water_districts, ""sf"") || nrow(water_districts) == 0) { | message(""Adding water districts: "", nrow(water_districts)) | data = water_districts, | layerId = ~water_district_id, | ## custom pane, but using pane_county keeps this below points/labels."
"03_functions/leaflet_ops_live_helpers.r","","note: 'Merged GOES East/West GeoColor imagery. Good quick-look layer for cloud cover, smoke/dust/haze, snow, and broad situational awareness; source notes display use, not operational decision support. Works best with few other overlays on.', | note: 'Daily NASA GIBS MODIS Terra corrected-reflectance true-color imagery. Useful for daytime snow, smoke, dust, clouds, and landscape context; not a same-minute live product.' | title: 'CNRFC QPE graphics', | {label: '1-day', url: 'https://www.cnrfc.noaa.gov/?product=QPE24hr&time=24hr&PNGtypeID=QPE', title: 'Open CNRFC 1-day QPE graphic'}, | {label: '2-day', url: 'https://www.cnrfc.noaa.gov/?product=QPE48hr&time=48hr&PNGtypeID=QPE', title: 'Open CNRFC 2-day QPE graphic'}, | {label: '3-day', url: 'https://www.cnrfc.noaa.gov/?product=QPE72hr&time=72hr&PNGtypeID=QPE', title: 'Open CNRFC 3-day QPE graphic'}, | {label: '7-day', url: 'https://www.cnrfc.noaa.gov/?product=QPE7day&time=7day&PNGtypeID=QPE', title: 'Open CNRFC 7-day QPE graphic'} | title: 'CNRFC QPF graphics', | {label: '1-day', url: 'https://www.cnrfc.noaa.gov/?product=QPF24hr&time=24hr&PNGtypeID=QPF', title: 'Open CNRFC 1-day QPF graphic'}, | {label: '3-day', url: 'https://www.cnrfc.noaa.gov/?product=QPF72hr&time=72hr&PNGtypeID=QPF', title: 'Open CNRFC 3-day QPF graphic'}, | {label: '6-day', url: 'https://www.cnrfc.noaa.gov/?product=QPF6day&time=6day&PNGtypeID=QPF', title: 'Open CNRFC 6-day QPF graphic'}"
"03_functions/leaflet_tools_adddata_helpers.r","","add_blm_sma <- isTRUE(map_display$add_blm_sma_context_overlay) | enable_blm_sma = add_blm_sma, | var PT2_ENABLE_BLM_SMA = !!toolsData.enable_blm_sma; | var PT2_BLM_SMA_URL = | 'https://gis.blm.gov/caarcgis/rest/services/lands/BLM_CA_LandStatus_SurfaceManagementAgency/MapServer'; | ptEnsurePane('pane_pt_blm_sma_context', 285, 'auto'); | if (!PT2_ENABLE_BLM_SMA) { | url: PT2_BLM_SMA_URL, | pane: 'pane_pt_blm_sma_context' | '<li><a target=""_blank"" href=""https://waterboards.maps.arcgis.com/"">SWRCB / Water Boards ArcGIS Online</a></li>' + | '<li><a target=""_blank"" href=""https://waterservices.usgs.gov/docs/instantaneous-values/instantaneous-values-details/"">USGS Instantaneous Values service documentation</a></li>' + | '<li><a target=""_blank"" href=""https://waterdata.usgs.gov/nwis/rt"">USGS real-time water data</a></li>' + | '<div class=""pt-tools-muted"">Live BLM service. Useful over USGS Hydrography or imagery.</div>' +"
"03_functions/popup_helpers.r","##   huc10_climate_recharge_table.rds | ##   huc12_climate_recharge_table.rds","pt_make_huc_popups <- function(sfobj, lvl) { | sprintf(""<b>BLM-CA area:</b> %s"", pt_fmt_area(df$blm_area_sqmi[i])) | blm_col <- paste0(""prnt_huc"", p, ""_blm"") | needed <- c(id_col, nm_col, pct_col, tot_col, blm_col) | pt_fmt_area(df[[blm_col]][i]), | ""<a href='https://www.google.com/search?q=USGS+HUC+%s' target='_blank'>Google HUC search</a>"", | # ==== 3. Groundwater / county popups ========================================= | pt_make_gw_popups <- function(x) { | pt_fmt_area(x$blm_area_sqmi), | pt_make_county_popups <- function(x) { | ""<b>%s County</b><br/> | pt_esc(x$county_name), | pt_make_blm_core_popups <- function(x) { | pt_enrich_blm_diffs <- function(x) { | # ==== 5. CNRFC point popups ================================================== | pt_make_cnrfc_stream_popups <- function(x) { | paste0(""https://www.cnrfc.noaa.gov/reservoir.php?id="", id) | paste0(""https://www.cnrfc.noaa.gov/reservoirRelease.php?id="", id) | ""https://www.cnrfc.noaa.gov/ensembleProduct.php?id="", | paste0(""https://www.cnrfc.noaa.gov/obsRiver_hc.php?id="", id) | paste0(""https://www.google.com/search?q=CNRFC+"", id) | pt_make_cnrfc_precip_popups <- function(x) { | # ==== 6. USGS point popups =================================================== | # ==== USGS streamgage popup helper =========================================== | ##   Keep USGS streamgage popups compact. | pt_summarize_usgs_params <- function(param_list) { | return(""see USGS site"") | ### usgs well popups | pt_make_usgs_stream_popups <- function(x) { | common_params <- pt_summarize_usgs_params(x$param_list) | <span style='font-size:11px; color:#555;'>Additional parameters may be available from USGS.</span><br/> | <a href='https://waterdata.usgs.gov/monitoring-location/%s' target='_blank'>USGS Site</a><br/> | <a href='https://dashboard.waterdata.usgs.gov/app/nwd/en/' target='_blank'>usgs dash</a><br/> | # ==== USGS groundwater well popup helper ===================================== | ##   Keep USGS groundwater well popups compact. | pt_summarize_usgs_well_params <- function(param_list) { | pt_make_usgs_well_popups <- function(x) { | pt_summarize_usgs_well_params(x$param_list) | rep(""see USGS site"", nrow(x)) | ""<b>Latest cached USGS water level:</b> "", | ""<br/><span style='font-size:11px; color:#555;'>Cached from USGS when the water-level script was run; not live"", | ""<span style='font-size:11px; color:#555;'>Additional parameters may be available from USGS.</span><br/>"", | ""<a href='https://waterdata.usgs.gov/monitoring-location/%s' target='_blank'>USGS Site</a>"" | pt_make_blm_office_popups <- function(x) { | # ==== 8. CNRFC basin and field-office boundary popups ======================== | pt_make_cnrfc_basin_popups <- function(x) { | ""<b>CNRFC Basin</b><br/>"", | ""https://www.cnrfc.noaa.gov/temperaturePlots_hc.php?id="", | # ==== 9. CalSim3 arc popups ================================================== | ## Compact popup for CalSim3 model arcs. | pt_make_calsim3_arc_popups <- function(x) { | # ==== 9A. CalSim3 node popups ================================================ | ## Compact popup for CalSim3 model nodes. | ## The first row uses CalSim3_ID, stored as node_id_display by the CalSim3 | ## The CalSim3 documentation link is repeated in each popup for convenience. | pt_make_calsim3_node_popups <- function(x) { | } else if (""CalSim3_ID"" %in% names(df)) { | pt_val(df$CalSim3_ID) | node_group <- if (""calsim3_node_group"" %in% names(df)) { | pt_val(df$calsim3_node_group) | node_id[!nzchar(node_id)] <- ""CalSim3 node"" | ""<br/><a href='https://data.cnra.ca.gov/dataset/calsim-3' target='_blank'>CalSim3 documentation</a>"" | pt_format_x2_km <- function(x) { | pt_make_cnrfc_fnf_delta_popups <- function(x) { | cnrfc_url <- paste0( | ""<a href='"", pt_esc(cnrfc_url), ""' target='_blank'>FNF, per CNRFC</a><br/>"", | pt_make_x2_km_popups <- function(x) { | x2 <- pt_format_x2_km(x$RKI) | ""<b>X2 position:</b> "", pt_esc(x2), "" km<br/>"", | pt_make_deltamapr_canals_popups <- function(x) { | pt_make_water_district_popups <- function(x) {"
"05_map_build/00_preview_cnrfc_points.r","stream <- readRDS(file.path( | ""CNRFC_allstreamgages_mostlyCaonly_wgs84.rds"" | precip <- readRDS(file.path( | ""CNRFC_allprecipstations_mostlyCaonly_wgs84.rds""","# ==== 00_preview_cnrfc_points.r ============================================= | ##   Quick QA preview of the processed CNRFC stream-gage and precipitation-gage | # ==== 3. Read processed CNRFC layers ========================================= | ""CNRFC_allstreamgages_mostlyCaonly_wgs84.rds"" | ""CNRFC_allprecipstations_mostlyCaonly_wgs84.rds"" | group = ""CNRFC Stream Gages"", | group = ""CNRFC Precip Gages"", | overlayGroups = c(""CNRFC Stream Gages"", ""CNRFC Precip Gages""), | out_html <- file.path(DIR$html, ""preview_cnrfc_points.html"") | message(""Saved CNRFC preview map:"")"
"05_map_build/01_preview_blm_huc_gw_county.r","##   04_processed_data/rds/blm_managed_core_3310.rds | ##   04_processed_data/rds/blm_held_vs_managed_diffs_3310.rds | ##   04_processed_data/rds/huc_all_full.rds | ##   04_processed_data/rds/bull118gw_full.rds | ##   04_processed_data/rds/county_full.rds | blm_core <- readRDS(file.path(DIR$rds, ""blm_managed_core_3310.rds"")) |> | blm_diffs <- readRDS(file.path(DIR$rds, ""blm_held_vs_managed_diffs_3310.rds"")) |> | huc_all <- readRDS(file.path(DIR$rds, ""huc_all_full.rds"")) | gw      <- readRDS(file.path(DIR$rds, ""bull118gw_full.rds"")) | county  <- readRDS(file.path(DIR$rds, ""county_full.rds""))","# ==== 01_preview_blm_huc_gw_county.r ======================================== | ##   Quick QA preview of the processed BLM, HUC, groundwater basin, and county | ##   04_processed_data/rds/blm_managed_core_3310.rds | ##   04_processed_data/rds/blm_held_vs_managed_diffs_3310.rds | ##   04_processed_data/rds/huc_all_full.rds | ##   04_processed_data/rds/bull118gw_full.rds | ##   04_processed_data/rds/county_full.rds | ##   06_output/html/preview_blm_huc_gw_county.html | blm_core <- readRDS(file.path(DIR$rds, ""blm_managed_core_3310.rds"")) |> | blm_diffs <- readRDS(file.path(DIR$rds, ""blm_held_vs_managed_diffs_3310.rds"")) |> | huc_all <- readRDS(file.path(DIR$rds, ""huc_all_full.rds"")) | gw      <- readRDS(file.path(DIR$rds, ""bull118gw_full.rds"")) | county  <- readRDS(file.path(DIR$rds, ""county_full.rds"")) | stopifnot(inherits(blm_core, ""sf"")) | stopifnot(inherits(blm_diffs, ""sf"")) | stopifnot(is.list(huc_all)) | stopifnot(inherits(county, ""sf"")) | message(""BLM core rows: "", nrow(blm_core)) | message(""BLM diff rows: "", nrow(blm_diffs)) | message(""HUC layers: "", paste(names(huc_all), collapse = "", "")) | message(""County rows: "", nrow(county)) | build_huc_popup <- function(sfobj, lvl) { | sprintf(""<b>BLM-CA area:</b> %s"", fmt_area(df$blm_area_sqmi[i])) | blm_col <- paste0(""prnt_huc"", p, ""_blm"") | needed <- c(id_col, nm_col, pct_col, tot_col, blm_col) | fmt_area(df[[blm_col]][i]), | ""<a href='https://www.google.com/search?q=USGS+HUC+%s' target='_blank'>Google HUC search</a>"", | build_gw_popup <- function(x) { | fmt_area(x$blm_area_sqmi), | build_county_popup <- function(x) { | ""<b>%s County</b><br/> | esc(x$county_name), | huc_all <- purrr::imap(huc_all, function(x, nm) { | x$popup_html <- build_huc_popup(x, lvl) | gw$popup_html <- build_gw_popup(gw) | county$popup_html <- build_county_popup(county) | blm_core$popup_html <- paste0(""<b>"", esc(blm_core$category), ""</b>"") | blm_diffs$category_base <- dplyr::case_when( | grepl(""un.?managed.*held"", blm_diffs$category, ignore.case = TRUE) ~ ""Unmanaged but held"", | grepl(""managed.*not.*held"", blm_diffs$category, ignore.case = TRUE) ~ ""Managed but not held"", | TRUE ~ blm_diffs$category | blm_diffs$fill_col <- dplyr::case_when( | blm_diffs$category_base == ""Unmanaged but held"" ~ ""#FF5EBE"", | blm_diffs$category_base == ""Managed but not held"" ~ ""#9CF69C"", | blm_diffs$stroke_col <- dplyr::case_when( | blm_diffs$category_base == ""Unmanaged but held"" ~ ""#9B1B6A"", | blm_diffs$category_base == ""Managed but not held"" ~ ""#2E8B57"", | blm_diffs$popup_html <- paste0(""<b>"", esc(blm_diffs$category), ""</b>"") | HUC_COLS <- c( | HUC_WEIGHTS <- c( | addMapPane(""pane_blm_diff"", 320) |> | addMapPane(""pane_county"", 390) |> | data = blm_core, | data = blm_diffs, | options = pathOptions(pane = ""pane_blm_diff""), | # ==== 12. Add county and groundwater layers ================================== | data = county, | options = pathOptions(pane = ""pane_county""), | add_huc_layer <- function(map, huc_list, nm) { | if (!nm %in% names(huc_list)) return(map) | data = huc_list[[nm]], | color = HUC_COLS[[nm]], | weight = HUC_WEIGHTS[[nm]], | highlightOptions = highlightOptions(weight = HUC_WEIGHTS[[nm]] + 2, bringToFront = TRUE) | m <- add_huc_layer(m, huc_all, ""huc2"") | m <- add_huc_layer(m, huc_all, ""huc4"") | m <- add_huc_layer(m, huc_all, ""huc6"") | m <- add_huc_layer(m, huc_all, ""huc8"") | m <- add_huc_layer(m, huc_all, ""huc10"") | m <- add_huc_layer(m, huc_all, ""huc12"") | out_html <- file.path(DIR$html, ""preview_blm_huc_gw_county.html"") | message(""\nSaved BLM/HUC/GW/county preview map:"")"
"05_map_build/02_build_core_map_cache.r","##     04_processed_data/cache/enriched/*_<timestamp>.rds | ##     04_processed_data/cache/latest/*.rds | paste0(base_name, "".rds"") | save_rds_cached( | file.path(DIR$rds, ""blm_managed_core_3310.rds""), | file.path(DIR$rds, ""blm_held_vs_managed_diffs_3310.rds""), | file.path(DIR$rds, ""huc_all_full.rds""), | file.path(DIR$rds, ""bull118gw_full.rds""), | file.path(DIR$rds, ""county_full.rds""), | file.path(DIR$rds, ""CNRFC_allstreamgages_mostlyCaonly_wgs84.rds""), | file.path(DIR$rds, ""CNRFC_allprecipstations_mostlyCaonly_wgs84.rds""), | file.path(DIR$rds, ""USGS_SW_final.rds""), | file.path(DIR$rds, ""USGS_GW_final.rds""), | file.path(DIR$rds, ""blm_offices_wgs84.rds""), | file.path(DIR$rds, ""project_areas_wgs84.rds""), | file.path(DIR$rds, ""cnrfc_basins_wgs84.rds""), | file.path(DIR$rds, ""field_office_outer_wgs84.rds""), | file.path(DIR$rds, ""calsim3_arcs_wgs84.rds""), | file.path(DIR$rds, ""calsim3_nodes_wgs84.rds""), | file.path(DIR$rds, ""major_conveyance_wgs84.rds""), | file.path(DIR$rds, ""cnrfc_fnf_delta_wgs84.rds""), | file.path(DIR$rds, ""x2_km_wgs84.rds""), | file.path(DIR$rds, ""deltamapr_canals_wgs84.rds""), | file.path(DIR$rds, ""water_districts_wgs84.rds""), | file.path(DIR$rds, ""swrcb_pod_wr_blm_relevant_wgs84.rds""), | file.path(DIR$rds, ""springs_combined_wgs84.rds""), | return(readRDS(recent_path)) | recent_path = file.path(DIR$rds, ""scan_stations_recent_wgs84.rds""), | base_path   = file.path(DIR$rds, ""scan_stations_wgs84.rds""), | recent_path = file.path(DIR$rds, ""snow_pillows_recent_wgs84.rds""), | base_path   = file.path(DIR$rds, ""snow_pillows_wgs84.rds""), | ##   04_processed_data/rds/reference_<nickname>_wgs84.rds | file.path(DIR$rds, paste0(""reference_"", nm, ""_wgs84.rds"")), | ##   its own QA row but points to the same cache file: huc_all_map.rds. | ""blm_core_map.rds"", | ""blm_diffs_map.rds"" | cache_file = ""huc_all_map.rds"" | ""gw_bull118_map.rds"", | ""county_map.rds"", | ""cnrfc_stream_map.rds"", | ""cnrfc_precip_map.rds"", | ""usgs_streamgages_map.rds"", | ""usgs_wells_map.rds"", | ""swrcb_pod_wr_blm_map.rds"", | ""springs_map.rds"", | ""scan_stations_map.rds"", | ""snow_pillows_map.rds"", | ""blm_offices_map.rds"", | ""project_areas_map.rds"", | ""cnrfc_basins_map.rds"", | ""field_office_outer_map.rds"", | ""calsim3_arcs_map.rds"", | ""calsim3_nodes_map.rds"", | ""major_conveyance_map.rds"", | ""cnrfc_fnf_delta_map.rds"", | ""x2_km_map.rds"", | ""deltamapr_canals_map.rds"", | ""water_districts_map.rds"" | cache_file = ""reference_layers_all_map.rds"" | print(list.files(DIR$cache_last, pattern = ""_map\\.rds$""))","##     02_preprocess/01_blm_managed_and_held.r | ##     02_preprocess/02_huc_gw_county_pct_blm.r | ##     02_preprocess/03_cnrfc_stream_gages.r | ##     02_preprocess/04_cnrfc_precip_gages.r | blm_core = 1.00, | blm_diffs = 1.00, | county = 0.05, | calsim3 = 1.00, | calsim3_nodes = 1.00, | cnrfc_fnf_delta = 0.80, | x2_km = 1.00, | deltamapr_canals = 0.90, | water_districts = 0.12, | cnrfc_stream = 1.00, | cnrfc_precip = 1.00 | blm_core <- read_rds_checked( | file.path(DIR$rds, ""blm_managed_core_3310.rds""), | blm_diffs <- read_rds_checked( | file.path(DIR$rds, ""blm_held_vs_managed_diffs_3310.rds""), | huc_all <- read_rds_checked( | file.path(DIR$rds, ""huc_all_full.rds""), | file.path(DIR$rds, ""bull118gw_full.rds""), | county <- read_rds_checked( | file.path(DIR$rds, ""county_full.rds""), | cnrfc_stream <- read_rds_checked( | file.path(DIR$rds, ""CNRFC_allstreamgages_mostlyCaonly_wgs84.rds""), | ""CNRFC stream gages"" | cnrfc_precip <- read_rds_checked( | file.path(DIR$rds, ""CNRFC_allprecipstations_mostlyCaonly_wgs84.rds""), | ""CNRFC precip gages"" | usgs_sw <- read_rds_checked( | file.path(DIR$rds, ""USGS_SW_final.rds""), | ""USGS streamgages"" | usgs_gw <- read_rds_checked( | file.path(DIR$rds, ""USGS_GW_final.rds""), | ""USGS groundwater wells"" | blm_offices <- read_rds_checked( | file.path(DIR$rds, ""blm_offices_wgs84.rds""), | cnrfc_basins <- read_rds_checked( | file.path(DIR$rds, ""cnrfc_basins_wgs84.rds""), | ""CNRFC basins"" | calsim3_arcs <- read_rds_checked( | file.path(DIR$rds, ""calsim3_arcs_wgs84.rds""), | ""CalSim3 arcs"" | calsim3_nodes <- read_rds_checked( | file.path(DIR$rds, ""calsim3_nodes_wgs84.rds""), | ""CalSim3 nodes"" | cnrfc_fnf_delta <- read_rds_checked( | file.path(DIR$rds, ""cnrfc_fnf_delta_wgs84.rds""), | ""CNRFC FNF Delta basins"" | x2_km <- read_rds_checked( | file.path(DIR$rds, ""x2_km_wgs84.rds""), | ""CVP/SWP X2 km points"" | deltamapr_canals <- read_rds_checked( | file.path(DIR$rds, ""deltamapr_canals_wgs84.rds""), | ""Deltamapr conveyance"" | water_districts <- read_rds_checked( | file.path(DIR$rds, ""water_districts_wgs84.rds""), | swrcb_pod_wr_blm <- read_rds_checked( | file.path(DIR$rds, ""swrcb_pod_wr_blm_relevant_wgs84.rds""), | ""SWRCB / CalWATRS POD water rights relevant to BLM"" | springs <- read_rds_checked( | file.path(DIR$rds, ""springs_combined_wgs84.rds""), | ""combined springs"" | scan_stations <- read_station_layer_prefer_recent( | recent_path = file.path(DIR$rds, ""scan_stations_recent_wgs84.rds""), | base_path   = file.path(DIR$rds, ""scan_stations_wgs84.rds""), | label       = ""SCAN stations"" | snow_pillows <- read_station_layer_prefer_recent( | recent_path = file.path(DIR$rds, ""snow_pillows_recent_wgs84.rds""), | base_path   = file.path(DIR$rds, ""snow_pillows_wgs84.rds""), | label       = ""snow pillows"" | ##   02_preprocess/11_reference_layers_batch.r | SRC$reference_layers_manifest, | reference_layers_raw <- setNames( | source(""05_map_build/02_cache_blocks/02_cache_huc_climate_theme.r"") | # ---- Sourced cache block: CNRFC and USGS point layers --------------- | source(""05_map_build/02_cache_blocks/03_cache_stream_usgs_points.r"") | # ---- Sourced cache block: admin, water-rights, springs, stations, reference layers - | source(""05_map_build/02_cache_blocks/04_cache_admin_water_reference_layers.r"") | save_map_cache(blm_core_map, ""blm_core_map"") | save_map_cache(blm_diffs_map, ""blm_diffs_map"") | save_map_cache(huc_map, ""huc_all_map"") | save_map_cache(gw_map, ""gw_bull118_map"") | save_map_cache(county_map, ""county_map"") | save_map_cache(cnrfc_stream_map, ""cnrfc_stream_map"") | save_map_cache(cnrfc_precip_map, ""cnrfc_precip_map"") | save_map_cache(usgs_sw_map, ""usgs_streamgages_map"") | save_map_cache(usgs_gw_map, ""usgs_wells_map"") | save_map_cache(swrcb_pod_wr_blm_map, ""swrcb_pod_wr_blm_map"") | save_map_cache(springs_map, ""springs_map"") | save_map_cache(scan_stations_map, ""scan_stations_map"") | save_map_cache(snow_pillows_map, ""snow_pillows_map"") | save_map_cache(blm_offices_map, ""blm_offices_map"") | save_map_cache(cnrfc_basins_map, ""cnrfc_basins_map"") | save_map_cache(calsim3_arcs_map, ""calsim3_arcs_map"") | save_map_cache(calsim3_nodes_map, ""calsim3_nodes_map"") | save_map_cache(reference_layers_map, ""reference_layers_all_map"") | save_map_cache(cnrfc_fnf_delta_map, ""cnrfc_fnf_delta_map"") | save_map_cache(x2_km_map, ""x2_km_map"") | save_map_cache(deltamapr_canals_map, ""deltamapr_canals_map"") | save_map_cache(water_districts_map, ""water_districts_map"") | ##   its own QA row but points to the same cache file: huc_all_map.rds. | ""blm_core"", | ""blm_diffs"" | nrow(blm_core_map), | nrow(blm_diffs_map) | ""blm_core_map.rds"", | ""blm_diffs_map.rds"" | layer_id = names(huc_map), | rows = purrr::map_int(huc_map, nrow), | cache_file = ""huc_all_map.rds"" | ""gw_bull118"", | ""county"", | ""cnrfc_stream"", | ""cnrfc_precip"", | ""usgs_streamgages"", | ""usgs_wells"", | ""swrcb_pod_wr_blm"", | ""springs"", | ""scan_stations"", | ""snow_pillows"", | ""blm_offices"", | ""cnrfc_basins"", | ""calsim3_arcs"", | ""calsim3_nodes"", | ""cnrfc_fnf_delta"", | ""x2_km"", | ""deltamapr_canals"", | ""water_districts"" | nrow(gw_map), | nrow(county_map), | nrow(cnrfc_stream_map), | nrow(cnrfc_precip_map), | nrow(usgs_sw_map), | nrow(usgs_gw_map), | nrow(swrcb_pod_wr_blm_map), | nrow(springs_map), | nrow(scan_stations_map), | nrow(snow_pillows_map), | nrow(blm_offices_map), | nrow(cnrfc_basins_map), | nrow(calsim3_arcs_map), | nrow(calsim3_nodes_map), | nrow(cnrfc_fnf_delta_map), | nrow(x2_km_map), | nrow(deltamapr_canals_map), | nrow(water_districts_map) | ""gw_bull118_map.rds"", | ""county_map.rds"", | ""cnrfc_stream_map.rds"", | ""cnrfc_precip_map.rds"", | ""usgs_streamgages_map.rds"", | ""usgs_wells_map.rds"", | ""swrcb_pod_wr_blm_map.rds"", | ""springs_map.rds"", | ""scan_stations_map.rds"", | ""snow_pillows_map.rds"", | ""blm_offices_map.rds"", | ""cnrfc_basins_map.rds"", | ""calsim3_arcs_map.rds"", | ""calsim3_nodes_map.rds"", | ""cnrfc_fnf_delta_map.rds"", | ""x2_km_map.rds"", | ""deltamapr_canals_map.rds"", | ""water_districts_map.rds"" | layer_id = names(reference_layers_map), | rows = purrr::map_int(reference_layers_map, nrow), | cache_file = ""reference_layers_all_map.rds"""
"05_map_build/02_cache_blocks/01_prepare_core_polygons.r","","##   Prepare/simplify BLM, HUC, groundwater basin, and county polygons. | blm_core_map <- blm_core |> | keep = keep_for(""blm_core""), | blm_diffs_map <- blm_diffs |> | keep = keep_for(""blm_diffs""), | ##     blm_core_map$popup_html | ##     blm_diffs_map$popup_html | ##     blm_diffs_map$fill_col | ##     blm_diffs_map$stroke_col | blm_core_map$popup_html <- pt_make_blm_core_popups(blm_core_map) | blm_diffs_map <- pt_enrich_blm_diffs(blm_diffs_map) | ## Safety fallbacks in case pt_enrich_blm_diffs() did not create all fields. | if (!""popup_html"" %in% names(blm_diffs_map)) { | blm_diffs_map$popup_html <- paste0( | htmltools::htmlEscape(as.character(blm_diffs_map$category)), | if (!""fill_col"" %in% names(blm_diffs_map)) { | blm_diffs_map$fill_col <- ""#F0F0F0"" | if (!""stroke_col"" %in% names(blm_diffs_map)) { | blm_diffs_map$stroke_col <- ""#333333"" | huc_keep_names <- c(""huc2"", ""huc4"", ""huc6"", ""huc8"") | if (BUILD_HUC10 && ""huc10"" %in% names(huc_all)) { | huc_keep_names <- c(huc_keep_names, ""huc10"") | if (BUILD_HUC12 && ""huc12"" %in% names(huc_all)) { | huc_keep_names <- c(huc_keep_names, ""huc12"") | huc_map <- huc_all[huc_keep_names] | huc_map <- purrr::imap(huc_map, function(x, nm) { | message(""Preparing GW and county layers..."") | gw_map <- gw |> | county_map <- county |> | keep = keep_for(""county""),"
"05_map_build/02_cache_blocks/02_cache_huc_climate_theme.r","paste0(""huc"", huc_level, ""_climate_recharge_table.rds"") | paste0(""huc"", huc_level, ""_climate_recharge_full.rds"") | out <- readRDS(table_path) | out <- sf::st_drop_geometry(readRDS(full_path))","# ==== 02_cache_huc_climate_theme.r =========================================== | huc_map <- purrr::imap(huc_map, function(x, nm) { | x$popup_html <- pt_make_huc_popups(x, lvl) | pt_read_huc_climate_table <- function(huc_level) { | paste0(""huc"", huc_level, ""_climate_recharge_table.rds"") | paste0(""huc"", huc_level, ""_climate_recharge_full.rds"") | message(""No HUC"", huc_level, "" climate/recharge table found; skipping."") | pt_apply_bcmv8_display_skip <- function(climate_tbl, huc_level) { | if (huc_level != 6) { | pt_join_huc_climate_table <- function(huc_sf, huc_level) { | code_col <- paste0(""huc"", huc_level) | climate_tbl <- pt_read_huc_climate_table(huc_level) | return(huc_sf) | huc_level = huc_level | ""HUC"", huc_level, "" climate table is missing expected column(s): "", | huc_sf <- huc_sf |> | huc_sf$popup_html <- pt_make_huc_popups( | sfobj = huc_sf, | lvl = huc_level | huc_sf | if (nm %in% names(huc_map)) { | huc_map[[nm]] <- pt_join_huc_climate_table( | huc_sf = huc_map[[nm]], | huc_level = lvl | ##   pt_huc_level | pt_make_huc_level_theme <- function(x, n_bins = 7, palette_kind = ""blue"", digits = 1) { | pt_add_huc_theme_cols <- function(x, huc_level) { | x$pt_huc_level <- huc_level | theme_tbl <- pt_make_huc_level_theme( | huc_level <- as.integer(gsub(""^huc"", """", nm)) | pt_add_huc_theme_cols( | gw_map$popup_html <- pt_make_gw_popups(gw_map) | county_map$popup_html <- pt_make_county_popups(county_map)"
"05_map_build/02_cache_blocks/03_cache_stream_usgs_points.r","##   layer. This does not modify USGS_GW_final.rds. | ##     usgs_gw_latest_water_levels.rds | ##     usgs_gw_latest_water_levels_pilot.rds | full_path <- file.path(DIR$rds, ""usgs_gw_latest_water_levels.rds"") | pilot_path <- file.path(DIR$rds, ""usgs_gw_latest_water_levels_pilot.rds"") | return(readRDS(full_path)) | return(readRDS(pilot_path))","# ==== 03_cache_stream_usgs_points.r ========================================== | ##   Build CNRFC stream/precip point caches and USGS stream/well caches. | # ---- 8.2 CNRFC stream/reservoir/special gages ------------------------------- | cnrfc_stream_map <- cnrfc_stream |> | cnrfc_stream_map$popup_html <- pt_make_cnrfc_stream_popups(cnrfc_stream_map) | ## Symbol colors by CNRFC stream-gage class: | cnrfc_stream_map$fill_col <- dplyr::case_when( | tolower(as.character(cnrfc_stream_map$gage_class1)) == ""river""     ~ ""#6BAED6"", | tolower(as.character(cnrfc_stream_map$gage_class1)) == ""reservoir"" ~ ""#08306B"", | cnrfc_stream_map$stroke_col <- dplyr::case_when( | tolower(as.character(cnrfc_stream_map$gage_class1)) == ""river""     ~ ""#08519C"", | tolower(as.character(cnrfc_stream_map$gage_class1)) == ""reservoir"" ~ ""#041B3D"", | # ---- 8.3 CNRFC precipitation gages ------------------------------------------ | cnrfc_precip_map <- cnrfc_precip |> | cnrfc_precip_map$popup_html <- pt_make_cnrfc_precip_popups(cnrfc_precip_map) | cnrfc_precip_map$fill_col <- dplyr::case_when( | cnrfc_precip_map$datatransmission == ""G"" ~ ""#1F78B4"",  # blue | cnrfc_precip_map$datatransmission == ""R"" ~ ""#33A02C"",  # green | cnrfc_precip_map$datatransmission == ""P"" ~ ""#6A3D9A"",  # purple | cnrfc_precip_map$datatransmission == ""M"" ~ ""#E31A1C"",  # red | cnrfc_precip_map$datatransmission == ""W"" ~ ""#444444"",  # dark gray | cnrfc_precip_map$datatransmission == ""Z"" ~ ""#FF7F00"",  # orange | cnrfc_precip_map$stroke_col <- dplyr::case_when( | cnrfc_precip_map$datatransmission == ""G"" ~ ""#0B3C5D"", | cnrfc_precip_map$datatransmission == ""R"" ~ ""#1B7837"", | cnrfc_precip_map$datatransmission == ""P"" ~ ""#3F007D"", | cnrfc_precip_map$datatransmission == ""M"" ~ ""#99000D"", | cnrfc_precip_map$datatransmission == ""W"" ~ ""#222222"", | cnrfc_precip_map$datatransmission == ""Z"" ~ ""#B35806"", | # ---- 8.4 USGS points -------------------------------------------------------- | usgs_sw_map <- usgs_sw |> | usgs_sw_map$popup_html <- pt_make_usgs_stream_popups(usgs_sw_map) | usgs_sw_map$fill_col <- dplyr::case_when( | tolower(as.character(usgs_sw_map$status)) == ""active""   ~ ""#33A02C"", | tolower(as.character(usgs_sw_map$status)) == ""inactive"" ~ ""#E31A1C"", | usgs_sw_map$stroke_col <- dplyr::case_when( | tolower(as.character(usgs_sw_map$status)) == ""active""   ~ ""#1B7837"", | tolower(as.character(usgs_sw_map$status)) == ""inactive"" ~ ""#99000D"", | usgs_gw_map <- usgs_gw |> | # ---- 8.4A Join latest cached USGS groundwater levels ------------------------ | ##   layer. This does not modify USGS_GW_final.rds. | ##     usgs_gw_latest_water_levels.rds | ##     usgs_gw_latest_water_levels_pilot.rds | pt_read_latest_gw_wl <- function() { | full_path <- file.path(DIR$rds, ""usgs_gw_latest_water_levels.rds"") | pilot_path <- file.path(DIR$rds, ""usgs_gw_latest_water_levels_pilot.rds"") | ""USGS "", | latest_wl <- pt_read_latest_gw_wl() | usgs_gw_map <- usgs_gw_map |> | usgs_gw_map <- pt_add_well_wl_styles(usgs_gw_map) | usgs_gw_map$popup_html <- pt_make_usgs_well_popups(usgs_gw_map)"
"05_map_build/02_cache_blocks/04_cache_admin_water_reference_layers.r","##     04_processed_data/rds/calsim3_nodes_wgs84.rds | ##     04_processed_data/rds/water_districts_wgs84.rds","# ==== 04_cache_admin_water_reference_layers.r ================================ | ##   Build BLM offices, project areas, basins, field offices, conveyance, SWRCB, springs/stations if present, and reference-layer caches. | blm_offices_map <- blm_offices |> | blm_offices_map$popup_html <- pt_make_blm_office_popups(blm_offices_map) | ##   blm_offices_map$offce_name joins to ADMU_NAME, with the two Applegate | ##   blm_offices_map$offce_name is converted from e.g. | blm_offices_map <- blm_offices_map |> | blm_offices_map |> | # ---- 8.7 CNRFC basin polygons ---------------------------------------------- | cnrfc_basins_map <- cnrfc_basins |> | layer_label = ""CNRFC basins"" | cnrfc_basins_map$popup_html <- pt_make_cnrfc_basin_popups(cnrfc_basins_map) | ## Color CNRFC basin polygons by forecast group. | forecast_groups <- sort(unique(as.character(cnrfc_basins_map$ForecastGr))) | cnrfc_basins_map$fill_col <- forecast_group_cols[ | as.character(cnrfc_basins_map$ForecastGr) | cnrfc_basins_map$stroke_col <- cnrfc_basins_map$fill_col | cnrfc_basins_map$fill_col[is.na(cnrfc_basins_map$fill_col)] <- ""#BDBDBD"" | cnrfc_basins_map$stroke_col[is.na(cnrfc_basins_map$stroke_col)] <- ""#636363"" | # ---- 8.9 CalSim3 model arcs ------------------------------------------------- | calsim3_arcs_map <- calsim3_arcs |> | keep = keep_for(""calsim3""), | layer_label = ""CalSim3 arcs"" | calsim3_arcs_map$popup_html <- pt_make_calsim3_arc_popups(calsim3_arcs_map) | ## CalSim3 arc styling: | calsim3_arcs_map$line_col <- dplyr::case_when( | calsim3_arcs_map$Type == ""Channel""   ~ ""#1F78B4"",  # blue | calsim3_arcs_map$Type == ""Diversion"" ~ ""#E31A1C"",  # red | calsim3_arcs_map$Type == ""Return""    ~ ""#33A02C"",  # green | calsim3_arcs_map$Type == ""Inflow""    ~ ""#A6CEE3"",  # baby blue | calsim3_arcs_map$line_weight <- dplyr::case_when( | calsim3_arcs_map$Type == ""Channel""   ~ 1.4, | calsim3_arcs_map$Type == ""Diversion"" ~ 1.4, | calsim3_arcs_map$Type == ""Return""    ~ 1.0, | calsim3_arcs_map$Type == ""Inflow""    ~ 1.0, | # ---- 8.9A CalSim3 model nodes ------------------------------------------------ | ##   Build a map-ready CalSim3 node point layer from: | ##     04_processed_data/rds/calsim3_nodes_wgs84.rds | ##   node_id_display   = CalSim3_ID from the source shapefile | calsim3_nodes_map <- calsim3_nodes |> | pt_calsim3_node_group <- function(node_description) { | calsim3_node_cols <- c( | calsim3_nodes_map <- calsim3_nodes_map |> | calsim3_node_group = pt_calsim3_node_group(.data$node_description), | node_fill_col = unname(calsim3_node_cols[.data$calsim3_node_group]), | .data$calsim3_node_group == ""Conveyance"" ~ ""#08519C"", | .data$calsim3_node_group == ""Storage / Reservoir"" ~ ""#3F007D"", | .data$calsim3_node_group == ""Demand"" ~ ""#B35806"", | .data$calsim3_node_group == ""Treatment / Return Flow"" ~ ""#1B7837"", | .data$calsim3_node_group == ""External Unit"" ~ ""#4D4D4D"", | .data$calsim3_node_group == ""Major Feature"" ~ ""#99000D"", | .data$calsim3_node_group %in% c(""Storage / Reservoir"", ""Major Feature"") ~ 5.5, | .data$calsim3_node_group == ""External Unit"" ~ 4.0, | dplyr::coalesce(as.character(.data$node_id_display), ""CalSim3 node""), ""\n"", | ""Group: "", .data$calsim3_node_group, ""\n"", | calsim3_nodes_map$popup_html <- pt_make_calsim3_node_popups(calsim3_nodes_map) | message(""CalSim3 node groups:"") | print(table(calsim3_nodes_map$calsim3_node_group, useNA = ""always"")) | # ---- 8.10A CNRFC FNF Delta basins ------------------------------------------ | ## drawn as outline-only basin/context features and link to CNRFC FNF ensemble | cnrfc_fnf_delta_map <- cnrfc_fnf_delta |> | keep = keep_for(""cnrfc_fnf_delta""), | layer_label = ""CNRFC FNF Delta basins"" | cnrfc_fnf_delta_map <- cnrfc_fnf_delta_map |> | popup_html = pt_make_cnrfc_fnf_delta_popups(cnrfc_fnf_delta_map), | # ---- 8.10B CVP/SWP X2 kilometer reference points --------------------------- | ## These are lightweight point references for X2 position in kilometers.  The | x2_km_map <- x2_km |> | x2_km_map <- x2_km_map |> | x2_km_num = suppressWarnings(as.numeric(.data$RKI)), | x2_km_display = pt_format_x2_km(.data$RKI), | popup_html = pt_make_x2_km_popups(x2_km_map), | hover_text = paste0(.data$x2_km_display, "" km"") | # ---- 8.10C Deltamapr canals ------------------------------------------------- | ## Secondary conveyance/canal layer from deltamapr.  Symbology uses the same | deltamapr_canals_map <- deltamapr_canals |> | keep = keep_for(""deltamapr_canals""), | layer_label = ""Deltamapr conveyance"" | deltamapr_canals_map <- deltamapr_canals_map |> | ## including Bureau/Reclamation wording that appears in deltamapr records. | deltamapr_operator_group = dplyr::case_when( | .data$deltamapr_operator_group == ""Central Valley Project"" ~ ""#1F78B4"", | .data$deltamapr_operator_group == ""State Water Project"" ~ ""#FF7F00"", | .data$deltamapr_operator_group %in% c(""Central Valley Project"", ""State Water Project"") ~ 1.7, | popup_html = pt_make_deltamapr_canals_popups(deltamapr_canals_map), | dplyr::coalesce(as.character(.data$Name), ""Deltamapr conveyance""), ""\n"", | ##     04_processed_data/rds/water_districts_wgs84.rds | pt_water_district_palette <- c( | water_districts_area_tbl <- water_districts |> | water_districts_map <- water_districts |> | keep = keep_for(""water_districts""), | water_districts_area_tbl, | water_districts_map$agency_display <- pt_wd_chr(water_districts_map$AGENCYNAME) | water_districts_map$agency_display[is.na(water_districts_map$agency_display)] <- | water_districts_map$water_district_id <- paste0( | ""water_district_"", | seq_len(nrow(water_districts_map)) | water_district_agencies <- sort(unique(water_districts_map$agency_display)) | water_district_cols <- setNames( | pt_water_district_palette, | length.out = length(water_district_agencies) | water_district_agencies | water_districts_map$fill_col <- water_district_cols[ | water_districts_map$agency_display | water_districts_map$line_col <- water_districts_map$fill_col | water_districts_map$fill_col[is.na(water_districts_map$fill_col)] <- ""#BDBDBD"" | water_districts_map$line_col[is.na(water_districts_map$line_col)] <- ""#737373"" | water_districts_map$hover_text <- water_districts_map$agency_display | water_districts_map$popup_html <- paste0( | ""<b>"", htmltools::htmlEscape(water_districts_map$agency_display), ""</b><br/>"", | htmltools::htmlEscape(pt_wd_google_url(water_districts_map$agency_display)), | water_districts_map <- water_districts_map |> | message(""Water districts prepared for map cache: "", nrow(water_districts_map)) | # ---- 8.10E SWRCB / CalWATRS POD water rights on BLM-managed land ------------ | swrcb_pod_wr_blm_map <- swrcb_pod_wr_blm |> | pt_chr_col(swrcb_pod_wr_blm_map, ""wr_application_number""), | pt_chr_col(swrcb_pod_wr_blm_map, ""wr_id"") | pt_chr_col(swrcb_pod_wr_blm_map, ""pod_id""), | pt_chr_col(swrcb_pod_wr_blm_map, ""wr_pod_id""), | pt_chr_col(swrcb_pod_wr_blm_map, ""pod_id_gis""), | pt_chr_col(swrcb_pod_wr_blm_map, ""wr_pod_id_gis""), | pt_chr_col(swrcb_pod_wr_blm_map, ""objectid"") | pt_chr_col(swrcb_pod_wr_blm_map, ""objectid""), | pt_chr_col(swrcb_pod_wr_blm_map, ""globalid"") | pt_chr_col(swrcb_pod_wr_blm_map, ""wr_primary_owner_name""), | pt_chr_col(swrcb_pod_wr_blm_map, ""wr_application_primary_owner""), | pt_chr_col(swrcb_pod_wr_blm_map, ""primary_owner"") | pt_chr_col(swrcb_pod_wr_blm_map, ""source_name""), | pt_chr_col(swrcb_pod_wr_blm_map, ""wr_source_name"") | county_display <- pt_first_nonblank( | pt_chr_col(swrcb_pod_wr_blm_map, ""county""), | pt_chr_col(swrcb_pod_wr_blm_map, ""wr_county"") | blm_include_reason_display <- pt_chr_col( | swrcb_pod_wr_blm_map, | ""blm_include_reason"" | pt_chr_col(swrcb_pod_wr_blm_map, ""pod_status""), | pt_chr_col(swrcb_pod_wr_blm_map, ""wr_pod_status"") | wr_status_display <- pt_chr_col(swrcb_pod_wr_blm_map, ""wr_water_right_status"") | wr_type_display <- pt_chr_col(swrcb_pod_wr_blm_map, ""wr_water_right_type"") | pt_chr_col(swrcb_pod_wr_blm_map, ""wr_face_value_amount"") | face_units_raw <- pt_chr_col(swrcb_pod_wr_blm_map, ""wr_face_value_units"") | swrcb_status_group <- dplyr::case_when( | # ---- 8.10A.1 SWRCB-provided 2026 BLM water-right lookup -------------------- | ##   The POD layer is still built from the existing SWRCB / CalWATRS POD + WR | ##   SWRCB-provided 2026 BLM water-right list. | pt_norm_swrcb_wr_id <- function(x) { | pt_read_swrcb_2026_blm_wr_ids <- function(path) { | ""SWRCB 2026 BLM water-right CSV not found; "", | ""Expected column not found in SWRCB 2026 BLM water-right CSV: "", | ids <- pt_norm_swrcb_wr_id(x[[id_col]]) | message(""SWRCB 2026 BLM water-right lookup IDs loaded: "", length(ids)) | swrcb_2026_blm_wr_ids <- pt_read_swrcb_2026_blm_wr_ids( | SRC$swrcb_2026_blm_wr_csv | swrcb_wr_id_norm <- pt_norm_swrcb_wr_id(wr_id_display) | swrcb_2026_blm_wr_list <- !is.na(swrcb_wr_id_norm) & | swrcb_wr_id_norm %in% swrcb_2026_blm_wr_ids | swrcb_2026_blm_wr_list_display <- dplyr::if_else( | swrcb_2026_blm_wr_list, | spatial_blm_match_display <- dplyr::case_when( | blm_include_reason_display %in% c(""Spatial + name match"", ""Spatial only"") ~ ""Yes"", | blm_include_reason_display == ""Name match only"" ~ ""No"", | swrcb_screening_source_display <- dplyr::case_when( | swrcb_2026_blm_wr_list ~ | ""SWRCB 2026 BLM WR list"", | !swrcb_2026_blm_wr_list & | blm_include_reason_display %in% c(""Spatial + name match"", ""Spatial only"") ~ | blm_include_reason_display == ""Name match only"" ~ | blm_relevance_note <- dplyr::case_when( | swrcb_2026_blm_wr_list & | ""Water-right/claim ID appears in the SWRCB-provided 2026 BLM list; mapped POD point also spatially matched to BLM-managed land."", | ""Water-right/claim ID appears in the SWRCB-provided 2026 BLM list; mapped POD point was not spatially matched to BLM-managed land."", | ""Additional PT2 spatial screen: mapped POD point spatially matched to BLM-managed land, but WR/claim ID was not in the SWRCB-provided 2026 BLM list."", | ""Additional PT2 text/name screen: owner/holder/name text appears to reference BLM, but mapped POD point was not spatially matched to BLM-managed land and WR/claim ID was not in the SWRCB-provided 2026 BLM list."", | swrcb_pod_wr_blm_map <- swrcb_pod_wr_blm_map |> | county_display = county_display, | swrcb_status_group = swrcb_status_group, | blm_include_reason_display = blm_include_reason_display, | swrcb_screening_source_display = swrcb_screening_source_display, | spatial_blm_match_display = spatial_blm_match_display, | blm_relevance_note = blm_relevance_note, | swrcb_wr_id_norm = swrcb_wr_id_norm, | swrcb_2026_blm_wr_list = swrcb_2026_blm_wr_list, | swrcb_2026_blm_wr_list_display = swrcb_2026_blm_wr_list_display, | swrcb_fill_col = dplyr::case_when( | swrcb_status_group == ""Active / recognized""   ~ ""#33A02C"", | swrcb_status_group == ""Pending""               ~ ""#FF7F00"", | swrcb_status_group == ""Inactive / cancelled""  ~ ""#E31A1C"", | swrcb_stroke_col = dplyr::case_when( | swrcb_status_group == ""Active / recognized""   ~ ""#1B7837"", | swrcb_status_group == ""Pending""               ~ ""#B35806"", | swrcb_status_group == ""Inactive / cancelled""  ~ ""#99000D"", | swrcb_radius = dplyr::case_when( | ""\nSource: "", dplyr::coalesce(swrcb_screening_source_display, ""Not available"") | ""<b>SWRCB / CalWATRS POD</b><br>"", | htmltools::htmlEscape(dplyr::coalesce(swrcb_screening_source_display, ""Not available"")), | htmltools::htmlEscape(dplyr::coalesce(blm_include_reason_display, ""Not available"")), | htmltools::htmlEscape(dplyr::coalesce(spatial_blm_match_display, ""Not available"")), | htmltools::htmlEscape(dplyr::coalesce(blm_relevance_note, ""Not available"")), | ""<b>SWRCB 2026 BLM WR list:</b> "", | htmltools::htmlEscape(swrcb_2026_blm_wr_list_display), | ""<b>County:</b> "", | htmltools::htmlEscape(dplyr::coalesce(county_display, ""Not available"")) | ""swrcb_status_group"", | ""swrcb_wr_id_norm"", | ""swrcb_2026_blm_wr_list"", | ""swrcb_2026_blm_wr_list_display"", | ""blm_include_reason_display"", | ""swrcb_screening_source_display"", | ""spatial_blm_match_display"", | ""blm_relevance_note"", | ""county_display"", | ""swrcb_fill_col"", | ""swrcb_stroke_col"", | ""swrcb_radius"", | message(""SWRCB / CalWATRS BLM POD map cache summary:"") | swrcb_pod_wr_blm_map |> | dplyr::count(swrcb_status_group, swrcb_fill_col, name = ""n"") |> | dplyr::arrange(swrcb_status_group), | message(""SWRCB 2026 BLM WR lookup match summary:"") | swrcb_2026_match_summary <- swrcb_pod_wr_blm_map |> | pod_rows_with_wr_id = sum(!is.na(.data$swrcb_wr_id_norm)), | pod_rows_in_swrcb_2026_blm_wr_list = sum(.data$swrcb_2026_blm_wr_list, na.rm = TRUE), | unique_pod_wr_ids = dplyr::n_distinct(.data$swrcb_wr_id_norm, na.rm = TRUE), | .data$swrcb_wr_id_norm[.data$swrcb_2026_blm_wr_list], | csv_unique_wr_ids = length(swrcb_2026_blm_wr_ids), | swrcb_2026_blm_wr_ids, | stats::na.omit(.data$swrcb_wr_id_norm) | print(swrcb_2026_match_summary, width = 1200) | swrcb_2026_qa_path <- file.path( | paste0(""swrcb_2026_blm_wr_lookup_match_summary_"", RUN_TS, "".csv"") | swrcb_2026_match_summary, | swrcb_2026_qa_path | message(""Saved SWRCB 2026 BLM WR lookup QA CSV: "", swrcb_2026_qa_path) | # ---- 8.10s Springs ------------------------------------------------------------ | ##   Build a lightweight map-ready springs layer from the combined NHD + Zdon | ##   2020 processed springs RDS. | springs_map <- springs |> | spr_name <- spr_chr_col(springs_map, ""spring_name_display"") | spr_source <- spr_chr_col(springs_map, ""spring_source"") | spr_gnis <- spr_chr_col(springs_map, ""gnis_id"") | spr_elev <- spr_chr_col(springs_map, ""elevation_display"") | springs_map <- springs_map |> | message(""Springs map cache summary:"") | springs_map |>"
"05_map_build/02_cache_blocks/05_cache_final_point_tweaks.r","","# ---- 8.x SCAN stations and snow pillows ------------------------------------ | ##     1. SCAN Stations | ##     2. Snow Pillows | pt_make_station_map_cache <- function(x, layer_kind = c(""scan"", ""snow"")) { | county <- pt_station_chr_col(x, ""county"") | !is.na(county) & !is.na(state) ~ paste0(county, "", "", state), | if (layer_kind == ""scan"") { | soil_pct <- pt_station_num_col(x, ""scan_selected_soil_moisture_pct"") | soil_depth <- pt_station_num_col(x, ""scan_selected_soil_moisture_depth_in"") | soil_date <- pt_station_chr_col(x, ""scan_selected_soil_moisture_date"") | soil_depth_summary <- pt_station_chr_col(x, ""scan_soil_moisture_depth_summary"") | soil_depths_available <- pt_station_chr_col(x, ""scan_soil_moisture_depths_available"") | recent_status <- pt_station_chr_col(x, ""scan_recent_data_status"") | ""\nType: "", dplyr::coalesce(station_type_label, ""SCAN""), | ""<b>Type:</b> "", htmltools::htmlEscape(dplyr::coalesce(station_type_label, ""SCAN"")), ""<br>"", | station_type_display = dplyr::coalesce(station_type_label, ""SCAN""), | scan_selected_soil_moisture_pct = soil_pct, | scan_selected_soil_moisture_depth_in = soil_depth, | scan_selected_soil_moisture_date = soil_date, | scan_soil_moisture_depth_summary = soil_depth_summary, | snow_depth <- pt_station_num_col(x, ""latest_snow_depth_in"") | snow_depth_date <- pt_station_chr_col(x, ""latest_snow_depth_date"") | recent_status <- pt_station_chr_col(x, ""snow_recent_data_status"") | snow_depth_display <- pt_station_fmt_num(snow_depth, digits = 1, suffix = "" in"") | snow_depth_date_display <- pt_station_fmt_date(snow_depth_date) | station_type == ""cdec_snow_sensor"" ~ 2.0, | ""\nType: "", dplyr::coalesce(station_type_label, ""Snow pillow""), | ""<b>Type:</b> "", htmltools::htmlEscape(dplyr::coalesce(station_type_label, ""Snow pillow"")), ""<br>"", | ""<b>Snow depth:</b> "", htmltools::htmlEscape(snow_depth_display), ""<br>"", | ""<b>Snow depth date:</b> "", htmltools::htmlEscape(snow_depth_date_display), ""<br>"", | station_type_display = dplyr::coalesce(station_type_label, ""Snow pillow""), | latest_snow_depth_in = snow_depth, | latest_snow_depth_date = snow_depth_date, | ""scan_selected_soil_moisture_pct"", | ""scan_selected_soil_moisture_depth_in"", | ""scan_selected_soil_moisture_date"", | ""scan_soil_moisture_depth_summary"", | ""latest_snow_depth_in"", | ""latest_snow_depth_date"", | scan_stations_map <- pt_make_station_map_cache( | scan_stations, | layer_kind = ""scan"" | snow_pillows_map <- pt_make_station_map_cache( | snow_pillows, | layer_kind = ""snow"" | message(""SCAN station map cache summary:"") | scan_stations_map |> | with_recent_soil_moisture = sum(!is.na(scan_selected_soil_moisture_pct)), | without_recent_soil_moisture = sum(is.na(scan_selected_soil_moisture_pct)) | message(""Snow pillow map cache summary:"") | snow_pillows_map |> | reference_layers_map <- list() | for (nm in names(reference_layers_raw)) { | x <- reference_layers_raw[[nm]] | reference_layers_map[[nm]] <- x | # ==== 8.x Add USGS active-well outline/status fields ========================= | ## - Keep the main USGS well-circle fill dedicated to cached groundwater-level | ## - Active USGS wells are shown in the Leaflet map with a bright green outline. | ## - This block should run after usgs_gw_map has already been created, joined, | ## - It must run before save_map_cache(usgs_gw_map, ""usgs_wells_map""). | message(""Adding USGS active-well outline/status fields..."") | ## USGS preprocessing script and dataRetrieval output. | usgs_well_status_candidates <- c( | usgs_well_status_field <- usgs_well_status_candidates[ | usgs_well_status_candidates %in% names(usgs_gw_map) | if (is.na(usgs_well_status_field)) { | ""No obvious USGS well status field found in usgs_gw_map. "", | ""Check names(usgs_gw_map) for the active/inactive status field."" | usgs_well_status_raw <- rep(NA_character_, nrow(usgs_gw_map)) | message(""Using USGS well status field: "", usgs_well_status_field) | usgs_well_status_raw <- as.character(usgs_gw_map[[usgs_well_status_field]]) | usgs_gw_map <- usgs_gw_map %>% | well_status_clean = trimws(dplyr::coalesce(usgs_well_status_raw, """")), | ""USGS active wells flagged for bright-green outline: "", | sum(usgs_gw_map$well_is_active, na.rm = TRUE), | nrow(usgs_gw_map) | # ==== 8.x Add CNRFC point hover text ========================================= | ## - Add concise two-line mouse-hover labels for CNRFC stream and precip gages. | message(""Adding CNRFC stream/precip hover text..."") | ## ---- CNRFC stream gages hover --------------------------------------------- | if (exists(""cnrfc_stream_map"") && nrow(cnrfc_stream_map) > 0) { | cnrfc_stream_map, | warning(""No CNRFC stream gage code field found. Using 'CNRFC stream gage' in hover text."") | stream_code <- rep(""CNRFC stream gage"", nrow(cnrfc_stream_map)) | stream_code <- as.character(cnrfc_stream_map[[stream_code_field]]) | warning(""No CNRFC stream gage description field found. Using blank description in hover text."") | stream_desc <- rep("""", nrow(cnrfc_stream_map)) | stream_desc <- as.character(cnrfc_stream_map[[stream_desc_field]]) | warning(""No CNRFC stream gage elevation field found. Using 'not available' in hover text."") | stream_elev <- rep(NA_real_, nrow(cnrfc_stream_map)) | stream_elev <- cnrfc_stream_map[[stream_elev_field]] | cnrfc_stream_map <- cnrfc_stream_map %>% | ""CNRFC stream hover fields used: code = "", | ## ---- CNRFC precip gages hover --------------------------------------------- | if (exists(""cnrfc_precip_map"") && nrow(cnrfc_precip_map) > 0) { | cnrfc_precip_map, | warning(""No CNRFC precip gage code field found. Using 'CNRFC precip gage' in hover text."") | precip_code <- rep(""CNRFC precip gage"", nrow(cnrfc_precip_map)) | precip_code <- as.character(cnrfc_precip_map[[precip_code_field]]) | warning(""No CNRFC precip gage description field found. Using blank description in hover text."") | precip_desc <- rep("""", nrow(cnrfc_precip_map)) | precip_desc <- as.character(cnrfc_precip_map[[precip_desc_field]]) | warning(""No CNRFC precip gage elevation field found. Using 'not available' in hover text."") | precip_elev <- rep(NA_real_, nrow(cnrfc_precip_map)) | precip_elev <- cnrfc_precip_map[[precip_elev_field]] | cnrfc_precip_map <- cnrfc_precip_map %>% | ""CNRFC precip hover fields used: code = "", | # ==== END ADD: CNRFC point hover text ========================================"
"05_map_build/03_preview_core_cache_map.r","##   04_processed_data/cache/latest/blm_core_map.rds | ##   04_processed_data/cache/latest/blm_diffs_map.rds | ##   04_processed_data/cache/latest/huc_all_map.rds | ##   04_processed_data/cache/latest/gw_bull118_map.rds | ##   04_processed_data/cache/latest/county_map.rds | ##   04_processed_data/cache/latest/cnrfc_stream_map.rds | ##   04_processed_data/cache/latest/cnrfc_precip_map.rds | blm_core     = file.path(DIR$cache_last, ""blm_core_map.rds""), | blm_diffs    = file.path(DIR$cache_last, ""blm_diffs_map.rds""), | huc_all      = file.path(DIR$cache_last, ""huc_all_map.rds""), | gw           = file.path(DIR$cache_last, ""gw_bull118_map.rds""), | county       = file.path(DIR$cache_last, ""county_map.rds""), | cnrfc_stream = file.path(DIR$cache_last, ""cnrfc_stream_map.rds""), | cnrfc_precip = file.path(DIR$cache_last, ""cnrfc_precip_map.rds""), | usgs_sw = file.path(DIR$cache_last, ""usgs_streamgages_map.rds""), | usgs_gw = file.path(DIR$cache_last, ""usgs_wells_map.rds"") | blm_core     <- readRDS(CACHE$blm_core) | blm_diffs    <- readRDS(CACHE$blm_diffs) | huc_all      <- readRDS(CACHE$huc_all) | gw           <- readRDS(CACHE$gw) | county       <- readRDS(CACHE$county) | cnrfc_stream <- readRDS(CACHE$cnrfc_stream) | cnrfc_precip <- readRDS(CACHE$cnrfc_precip) | usgs_sw <- readRDS(CACHE$usgs_sw) | usgs_gw <- readRDS(CACHE$usgs_gw)","##   04_processed_data/cache/latest/blm_core_map.rds | ##   04_processed_data/cache/latest/blm_diffs_map.rds | ##   04_processed_data/cache/latest/huc_all_map.rds | ##   04_processed_data/cache/latest/gw_bull118_map.rds | ##   04_processed_data/cache/latest/county_map.rds | ##   04_processed_data/cache/latest/cnrfc_stream_map.rds | ##   04_processed_data/cache/latest/cnrfc_precip_map.rds | ADD_CNRFC_STREAM <- TRUE | ADD_CNRFC_PRECIP <- TRUE | ADD_USGS_STREAMGAGES <- TRUE | ADD_USGS_WELLS       <- TRUE | blm_core     = file.path(DIR$cache_last, ""blm_core_map.rds""), | blm_diffs    = file.path(DIR$cache_last, ""blm_diffs_map.rds""), | huc_all      = file.path(DIR$cache_last, ""huc_all_map.rds""), | gw           = file.path(DIR$cache_last, ""gw_bull118_map.rds""), | county       = file.path(DIR$cache_last, ""county_map.rds""), | cnrfc_stream = file.path(DIR$cache_last, ""cnrfc_stream_map.rds""), | cnrfc_precip = file.path(DIR$cache_last, ""cnrfc_precip_map.rds""), | usgs_sw = file.path(DIR$cache_last, ""usgs_streamgages_map.rds""), | usgs_gw = file.path(DIR$cache_last, ""usgs_wells_map.rds"") | blm_core     <- readRDS(CACHE$blm_core) | blm_diffs    <- readRDS(CACHE$blm_diffs) | huc_all      <- readRDS(CACHE$huc_all) | county       <- readRDS(CACHE$county) | cnrfc_stream <- readRDS(CACHE$cnrfc_stream) | cnrfc_precip <- readRDS(CACHE$cnrfc_precip) | usgs_sw <- readRDS(CACHE$usgs_sw) | usgs_gw <- readRDS(CACHE$usgs_gw) | stopifnot(inherits(blm_core, ""sf"")) | stopifnot(inherits(blm_diffs, ""sf"")) | stopifnot(is.list(huc_all)) | stopifnot(inherits(county, ""sf"")) | stopifnot(inherits(cnrfc_stream, ""sf"")) | stopifnot(inherits(cnrfc_precip, ""sf"")) | stopifnot(inherits(usgs_sw, ""sf"")) | stopifnot(inherits(usgs_gw, ""sf"")) | stopifnot(sf::st_crs(blm_core)$epsg == 4326) | stopifnot(sf::st_crs(blm_diffs)$epsg == 4326) | stopifnot(sf::st_crs(county)$epsg == 4326) | stopifnot(sf::st_crs(cnrfc_stream)$epsg == 4326) | stopifnot(sf::st_crs(cnrfc_precip)$epsg == 4326) | stopifnot(sf::st_crs(usgs_sw)$epsg == 4326) | stopifnot(sf::st_crs(usgs_gw)$epsg == 4326) | purrr::walk(huc_all, function(x) { | blm_core = blm_core, | blm_diffs = blm_diffs, | county = county, | cnrfc_stream = cnrfc_stream, | cnrfc_precip = cnrfc_precip, | usgs_sw = usgs_sw, | usgs_gw = usgs_gw | purrr::iwalk(huc_all, function(x, nm) { | message(""BLM core rows:     "", nrow(blm_core)) | message(""BLM diff rows:     "", nrow(blm_diffs)) | message(""County rows:       "", nrow(county)) | message(""CNRFC stream rows: "", nrow(cnrfc_stream)) | message(""CNRFC precip rows: "", nrow(cnrfc_precip)) | message(""USGS stream rows:  "", nrow(usgs_sw)) | message(""USGS well rows:    "", nrow(usgs_gw)) | print(purrr::map_int(huc_all, nrow)) | HUC_COLS <- c( | HUC_WEIGHTS <- c( | cnrfc_stream$preview_color <- stream_color(cnrfc_stream$gage_class1) | cnrfc_precip$preview_color <- precip_color(cnrfc_precip$datatransmission) | usgs_site_status_color <- function(status) { | usgs_sw$preview_color <- usgs_site_status_color(usgs_sw$status) | usgs_gw$preview_color <- usgs_site_status_color(usgs_gw$status) | addMapPane(""pane_blm_diff"",   zIndex = 320) |> | addMapPane(""pane_county"",     zIndex = 380) |> | data = blm_core, | data = blm_diffs, | options = pathOptions(pane = ""pane_blm_diff""), | # ==== 13. Add county and groundwater basin layers ============================ | data = county, | options = pathOptions(pane = ""pane_county""), | add_huc_layer <- function(map, huc_list, nm) { | if (!nm %in% names(huc_list)) { | data = huc_list[[nm]], | color = HUC_COLS[[nm]], | weight = HUC_WEIGHTS[[nm]], | weight = HUC_WEIGHTS[[nm]] + 2, | m <- add_huc_layer(m, huc_all, ""huc2"") | m <- add_huc_layer(m, huc_all, ""huc4"") | m <- add_huc_layer(m, huc_all, ""huc6"") | m <- add_huc_layer(m, huc_all, ""huc8"") | m <- add_huc_layer(m, huc_all, ""huc10"") | m <- add_huc_layer(m, huc_all, ""huc12"") | # ==== 15. Add CNRFC point layers ============================================ | if (ADD_CNRFC_STREAM) { | data = cnrfc_stream, | group = ""CNRFC Stream Gages"", | if (ADD_CNRFC_PRECIP) { | data = cnrfc_precip, | group = ""CNRFC Precip Gages"", | # ==== 15b. Add USGS point layers ============================================ | ## USGS wells are numerous, so clustering is essential. Both USGS layers are | if (ADD_USGS_STREAMGAGES) { | data = usgs_sw, | group = ""USGS Streamgages"", | if (ADD_USGS_WELLS) { | data = usgs_gw, | group = ""USGS Wells"", | if (ADD_CNRFC_STREAM) ""CNRFC Stream Gages"", | if (ADD_CNRFC_PRECIP) ""CNRFC Precip Gages"", | if (ADD_USGS_STREAMGAGES) ""USGS Streamgages"", | if (ADD_USGS_WELLS) ""USGS Wells"""
"05_map_build/04_build_portatreasure2_core_map.r","blm_core            = readRDS(file.path(DIR$cache_last, ""blm_core_map.rds"")), | blm_diffs           = readRDS(file.path(DIR$cache_last, ""blm_diffs_map.rds"")), | huc_all             = readRDS(file.path(DIR$cache_last, ""huc_all_map.rds"")), | gw                  = readRDS(file.path(DIR$cache_last, ""gw_bull118_map.rds"")), | county              = readRDS(file.path(DIR$cache_last, ""county_map.rds"")), | cnrfc_basins        = readRDS(file.path(DIR$cache_last, ""cnrfc_basins_map.rds"")), | field_office_outer  = readRDS(file.path(DIR$cache_last, ""field_office_outer_map.rds"")), | cnrfc_stream        = readRDS(file.path(DIR$cache_last, ""cnrfc_stream_map.rds"")), | cnrfc_precip        = readRDS(file.path(DIR$cache_last, ""cnrfc_precip_map.rds"")), | usgs_sw             = readRDS(file.path(DIR$cache_last, ""usgs_streamgages_map.rds"")), | usgs_gw             = readRDS(file.path(DIR$cache_last, ""usgs_wells_map.rds"")), | swrcb_pod_wr_blm    = readRDS(file.path(DIR$cache_last, ""swrcb_pod_wr_blm_map.rds"")), | springs             = readRDS(file.path(DIR$cache_last, ""springs_map.rds"")), | scan_stations      = readRDS(file.path(DIR$cache_last, ""scan_stations_map.rds"")), | snow_pillows       = readRDS(file.path(DIR$cache_last, ""snow_pillows_map.rds"")), | blm_offices         = readRDS(file.path(DIR$cache_last, ""blm_offices_map.rds"")), | project_areas       = readRDS(file.path(DIR$cache_last, ""project_areas_map.rds"")), | labels_all          = readRDS(file.path(DIR$cache_last, ""labels_all_map.rds"")), | calsim3_arcs        = readRDS(file.path(DIR$cache_last, ""calsim3_arcs_map.rds"")), | calsim3_nodes       = readRDS(file.path(DIR$cache_last, ""calsim3_nodes_map.rds"")), | major_conveyance    = readRDS(file.path(DIR$cache_last, ""major_conveyance_map.rds"")), | cnrfc_fnf_delta     = readRDS(file.path(DIR$cache_last, ""cnrfc_fnf_delta_map.rds"")), | x2_km               = readRDS(file.path(DIR$cache_last, ""x2_km_map.rds"")), | deltamapr_canals    = readRDS(file.path(DIR$cache_last, ""deltamapr_canals_map.rds"")), | water_districts     = readRDS(file.path(DIR$cache_last, ""water_districts_map.rds"")), | reference_layers    = readRDS(file.path(DIR$cache_last, ""reference_layers_all_map.rds""))","##   - download USGS data | ##   - parse raw CNRFC text files | blm_core            = readRDS(file.path(DIR$cache_last, ""blm_core_map.rds"")), | blm_diffs           = readRDS(file.path(DIR$cache_last, ""blm_diffs_map.rds"")), | huc_all             = readRDS(file.path(DIR$cache_last, ""huc_all_map.rds"")), | gw                  = readRDS(file.path(DIR$cache_last, ""gw_bull118_map.rds"")), | county              = readRDS(file.path(DIR$cache_last, ""county_map.rds"")), | cnrfc_basins        = readRDS(file.path(DIR$cache_last, ""cnrfc_basins_map.rds"")), | cnrfc_stream        = readRDS(file.path(DIR$cache_last, ""cnrfc_stream_map.rds"")), | cnrfc_precip        = readRDS(file.path(DIR$cache_last, ""cnrfc_precip_map.rds"")), | usgs_sw             = readRDS(file.path(DIR$cache_last, ""usgs_streamgages_map.rds"")), | usgs_gw             = readRDS(file.path(DIR$cache_last, ""usgs_wells_map.rds"")), | swrcb_pod_wr_blm    = readRDS(file.path(DIR$cache_last, ""swrcb_pod_wr_blm_map.rds"")), | springs             = readRDS(file.path(DIR$cache_last, ""springs_map.rds"")), | scan_stations      = readRDS(file.path(DIR$cache_last, ""scan_stations_map.rds"")), | snow_pillows       = readRDS(file.path(DIR$cache_last, ""snow_pillows_map.rds"")), | blm_offices         = readRDS(file.path(DIR$cache_last, ""blm_offices_map.rds"")), | calsim3_arcs        = readRDS(file.path(DIR$cache_last, ""calsim3_arcs_map.rds"")), | calsim3_nodes       = readRDS(file.path(DIR$cache_last, ""calsim3_nodes_map.rds"")), | cnrfc_fnf_delta     = readRDS(file.path(DIR$cache_last, ""cnrfc_fnf_delta_map.rds"")), | x2_km               = readRDS(file.path(DIR$cache_last, ""x2_km_map.rds"")), | deltamapr_canals    = readRDS(file.path(DIR$cache_last, ""deltamapr_canals_map.rds"")), | water_districts     = readRDS(file.path(DIR$cache_last, ""water_districts_map.rds"")), | reference_layers    = readRDS(file.path(DIR$cache_last, ""reference_layers_all_map.rds"")) | if (MAP_DISPLAY$add_blm_offices) ""BLM Offices"", | if (MAP_DISPLAY$add_cnrfc_basins) ""CNRFC Basins"", | if (MAP_DISPLAY$add_cnrfc_fnf_delta) ""CNRFC FNF Delta Basins"", | if (MAP_DISPLAY$add_reference_layers) pt_reference_overlay_groups(layers$reference_layers), | if (MAP_DISPLAY$add_cnrfc_stream) ""CNRFC Stream Gages"", | if (MAP_DISPLAY$add_cnrfc_precip) ""CNRFC Precip Gages"", | if (MAP_DISPLAY$add_usgs_streamgages) ""USGS Streamgages"", | if (MAP_DISPLAY$add_usgs_wells) ""USGS Wells"", | if (isTRUE(MAP_DISPLAY$add_swrcb_pod_wr_blm)) ""SWRCB 2026 BLM WR list records [1]"", | if (isTRUE(MAP_DISPLAY$add_swrcb_pod_wr_blm)) ""SWRCB additional PODs spatially matched to BLM [1]"", | if (isTRUE(MAP_DISPLAY$add_swrcb_pod_wr_blm)) ""SWRCB additional BLM name/text-match candidates [1]"", | if (MAP_DISPLAY$add_x2_km) ""CVP/SWP X2 km points"", | if (MAP_DISPLAY$add_springs) ""Springs"", | if (MAP_DISPLAY$add_scan_stations) ""SCAN Stations"", | if (MAP_DISPLAY$add_snow_pillows) ""Snow Pillows"", | if (MAP_DISPLAY$add_deltamapr_canals) ""Deltamapr Conveyance"", | if (MAP_DISPLAY$add_calsim3_arcs) ""CalSim3 Arcs"", | if (MAP_DISPLAY$add_calsim3_nodes) ""CalSim3 Nodes"", | if (MAP_DISPLAY$add_water_districts) ""Water Districts"", | m <- pt_add_blm_layers( | blm_core = layers$blm_core, | blm_diffs = layers$blm_diffs | m <- pt_add_blm_office_layer( | blm_offices = layers$blm_offices, | m <- pt_add_county_gw_layers( | county = layers$county, | m <- pt_add_cnrfc_basin_layer( | cnrfc_basins = layers$cnrfc_basins, | m <- pt_add_cnrfc_fnf_delta_layer( | cnrfc_fnf_delta = layers$cnrfc_fnf_delta, | m <- pt_add_calsim3_arc_layer( | calsim3_arcs = layers$calsim3_arcs, | m <- pt_add_calsim3_node_layer( | calsim3_nodes = layers$calsim3_nodes, | m <- pt_add_deltamapr_canals_layer( | deltamapr_canals = layers$deltamapr_canals, | m <- pt_add_reference_layers( | reference_layers = layers$reference_layers, | m <- pt_add_huc_layers( | huc_all = layers$huc_all, | m <- pt_add_cnrfc_layers( | cnrfc_stream = layers$cnrfc_stream, | cnrfc_precip = layers$cnrfc_precip, | m <- pt_add_usgs_layers( | usgs_sw = layers$usgs_sw, | usgs_gw = layers$usgs_gw, | m <- pt_add_swrcb_pod_wr_layer( | swrcb_pod_wr_blm = layers$swrcb_pod_wr_blm, | m <- pt_add_x2_km_layer( | x2_km = layers$x2_km, | m <- pt_add_springs_layer( | springs = layers$springs, | m <- pt_add_snow_soil_station_layers( | scan_stations = layers$scan_stations, | snow_pillows = layers$snow_pillows, | m <- pt_add_water_districts_layer( | water_districts = layers$water_districts, | '<h2>[1] SWRCB / CalWATRS BLM-relevant POD/WR screening layers</h2>' + | 'The SWRCB / CalWATRS point layers are intended as screening-level tools for identifying points of diversion and water-right records that may be relevant to BLM. ' + | 'The layers are split by provenance so users can distinguish official SWRCB-provided BLM water-right records from additional PT2 screening candidates.' + | '<b>SWRCB 2026 BLM WR list records:</b> records whose water-right/claim ID appears in the SWRCB-provided 2026 BLM water-right list. This is the best layer to use when asking, \""What did SWRCB tell BLM is ours or relevant to BLM reporting/review?\""' + | '<b>SWRCB additional PODs spatially matched to BLM:</b> additional CalWATRS POD points whose mapped coordinate falls on current BLM-managed land, but whose water-right/claim ID does not appear in the SWRCB-provided 2026 BLM list.' + | '<b>SWRCB additional BLM name/text-match candidates:</b> additional records inferred from owner/holder/name text matching in the SWRCB/CalWATRS data. These are useful QA/context candidates but should be treated as analyst-derived screening records. This layer is hidden by default.' + | '<b>Point fill color:</b> blue = SWRCB 2026 BLM WR list record; teal = additional spatial POD match; purple = additional BLM name/text-match candidate.' + | 'A SWRCB-provided BLM water-right/list match does not necessarily mean every mapped POD coordinate for that water right is spatially on BLM-managed land. ' + | 'Additional layer notes can be added here as more PT2 layers are finalized, including springs, wells, gages, live-data services, and other water-resource layers.' + | ##   pt_add_huc_layer() must set layerId = ~pt_huc_layer_id. | pt_huc_theme_col <- function(df, nm, default = ""#FFFFFF"") { | pt_huc_theme_label_col <- function(df, nm, default = ""No data"") { | pt_huc_theme_bin_col <- function(df, nm) { | huc_theme_df <- purrr::imap_dfr(layers$huc_all, function(x, nm) { | huc_layer = nm, | huc_label = toupper(nm), | ppt_in   = pt_huc_theme_col(df, ""ppt_in_fill_col""), | ppt_kaf  = pt_huc_theme_col(df, ""ppt_kaf_fill_col""), | rech_in  = pt_huc_theme_col(df, ""rech_in_fill_col""), | rech_kaf = pt_huc_theme_col(df, ""rech_kaf_fill_col"") | huc_theme_lookup <- lapply(seq_len(nrow(huc_theme_df)), function(i) { | layer_id  = as.character(huc_theme_df$layer_id[i]), | huc_layer = as.character(huc_theme_df$huc_layer[i]), | huc_label = as.character(huc_theme_df$huc_label[i]), | ppt_in    = as.character(huc_theme_df$ppt_in[i]), | ppt_kaf   = as.character(huc_theme_df$ppt_kaf[i]), | rech_in   = as.character(huc_theme_df$rech_in[i]), | rech_kaf  = as.character(huc_theme_df$rech_kaf[i]) | huc_theme_lookup <- unname(huc_theme_lookup) | pt_huc_legend_one <- function(df, huc_layer, theme_key, title, fill_col, label_col, bin_col, note = """") { | title = paste(toupper(huc_layer), title), | bin = pt_huc_theme_bin_col(df, bin_col), | color = pt_huc_theme_col(df, fill_col), | label = pt_huc_theme_label_col(df, label_col) | ##   hucThemeLegends[huc_level][theme] | huc_theme_legends_nested <- purrr::imap(layers$huc_all, function(x, nm) { | ppt_in = pt_huc_legend_one( | ppt_kaf = pt_huc_legend_one( | rech_in = pt_huc_legend_one( | rech_kaf = pt_huc_legend_one( | huc_theme_legend_records <- purrr::flatten( | purrr::imap(huc_theme_legends_nested, function(theme_list, huc_layer) { | huc_layer = as.character(huc_layer), | huc_theme_data <- list( | lookup = unname(huc_theme_lookup), | legends = unname(huc_theme_legend_records) | message(""HUC theme lookup rows: "", length(huc_theme_lookup)) | message(""HUC theme legend levels: "", paste(names(huc_theme_legends_nested), collapse = "", "")) | if (!row || !row.huc_layer || !row.theme) return; | if (!hucThemeLegends[row.huc_layer]) { | hucThemeLegends[row.huc_layer] = {}; | hucThemeLegends[row.huc_layer][row.theme] = row.legend || null; | if (rec && rec.huc_layer) { | visibleHucLayers[rec.huc_layer] = true; | data = huc_theme_data"
"05_map_build/05_build_label_cache.r","##   04_processed_data/cache/latest/*.rds | ##   04_processed_data/cache/enriched/labels_all_map_<timestamp>.rds | ##   04_processed_data/cache/latest/labels_all_map.rds | readRDS(path) | file.path(DIR$cache_last, ""huc_all_map.rds""), | file.path(DIR$cache_last, ""gw_bull118_map.rds""), | file.path(DIR$cache_last, ""county_map.rds""), | file.path(DIR$cache_last, ""project_areas_map.rds""), | file.path(DIR$cache_last, ""cnrfc_basins_map.rds""), | file.path(DIR$cache_last, ""field_office_outer_map.rds""), | file.path(DIR$cache_last, ""cnrfc_stream_map.rds""), | file.path(DIR$cache_last, ""cnrfc_precip_map.rds""), | file.path(DIR$cache_last, ""usgs_streamgages_map.rds""), | file.path(DIR$cache_last, ""reference_layers_all_map.rds""), | file.path(DIR$cache_last, ""major_conveyance_map.rds""), | file.path(DIR$cache_last, ""water_districts_map.rds""), | ""labels_all_map.rds"" | save_rds_cached(","huc_all <- read_rds_checked( | file.path(DIR$cache_last, ""huc_all_map.rds""), | file.path(DIR$cache_last, ""gw_bull118_map.rds""), | county <- read_rds_checked( | file.path(DIR$cache_last, ""county_map.rds""), | cnrfc_basins <- read_rds_checked( | file.path(DIR$cache_last, ""cnrfc_basins_map.rds""), | ""cached CNRFC basins"" | cnrfc_stream <- read_rds_checked( | file.path(DIR$cache_last, ""cnrfc_stream_map.rds""), | ""cached CNRFC stream gages"" | cnrfc_precip <- read_rds_checked( | file.path(DIR$cache_last, ""cnrfc_precip_map.rds""), | ""cached CNRFC precip gages"" | usgs_sw <- read_rds_checked( | file.path(DIR$cache_last, ""usgs_streamgages_map.rds""), | ""cached USGS streamgages"" | reference_layers <- read_rds_checked( | file.path(DIR$cache_last, ""reference_layers_all_map.rds""), | water_districts <- read_optional_cached_layer( | file.path(DIR$cache_last, ""water_districts_map.rds""), | if (!nm %in% names(huc_all)) { | x = huc_all[[nm]] | if (isTRUE(LABEL_INCLUDE$gw_bull118)) { | layer_id = ""gw_bull118"", | if (isTRUE(LABEL_INCLUDE$county)) { | layer_id = ""county"", | x = county | if (isTRUE(LABEL_INCLUDE$cnrfc_basins)) { | layer_id = ""cnrfc_basins"", | x = cnrfc_basins | if (!nm %in% names(reference_layers)) { | x = reference_layers[[nm]] | if (isTRUE(LABEL_INCLUDE$water_districts)) { | if (inherits(water_districts, ""sf"") && nrow(water_districts) > 0) { | layer_id = ""water_districts"", | x = water_districts | label_layers[[""water_districts""]] <- pt_empty_label_sf() | ## USGS wells and BLM offices are intentionally excluded in config_labels.r. | if (isTRUE(LABEL_INCLUDE$cnrfc_stream)) { | layer_id = ""cnrfc_stream"", | x = cnrfc_stream | if (isTRUE(LABEL_INCLUDE$cnrfc_precip)) { | layer_id = ""cnrfc_precip"", | x = cnrfc_precip | if (isTRUE(LABEL_INCLUDE$usgs_streamgages)) { | layer_id = ""usgs_streamgages"", | x = usgs_sw"
