Water Right/Claim ID,Status,Type,Primary owner,Source,County,Effective date,Face value,Use type,Special use area,HUC 12,Watershed,Action,,Field Office ,
A021793,Licensed,License,BLM California State Office,UNSP,Fresno,5/29/1964,0.1,Fish and Wildlife Preservation and Enhancement,,Silver Creek | 180400140304,Larious Creek-Silver Creek,,,Central Coast,
A002294,Licensed,License,BLM California State Office,UNSP,San Diego,4/9/1921,7.3,Domestic,,Paradise Creek-San Luis Rey River | 180703030201,Middle San Luis Rey River,,,San Diego,
A023454,Licensed,License,BLM RIDGECREST FIELD OFFICE,NORTH FORK SPRING,Kern,2/25/1970,2.4,Fish and Wildlife Preservation and Enhancement; Stockwatering,,North Fork Pine Tree Canyon-Pine Tree Canyon | 180902060501,Pine Tree Canyon,,,Ridgecrest,
A010068D,Licensed,License,BLM California State Office,DREDGER CUT,Sacramento,11/20/1940,903,Stockwatering; Irrigation,SACRAMENTO DELTA;LEGAL DELTA,South Stone Lake-Snodgrass Slough | 180400121002,Snodgrass Slough,,,MLFO ,
A016098,Licensed,License,BLM California State Office,UNCR,San Joaquin,10/18/1954,229.9,Irrigation,SAN JOAQUIN DELTA;LEGAL DELTA,Hog Slough | 180400121103,Lower Mokelumne River,,,MLFO ,
A016916,Licensed,License,BLM California State Office,MCCONNAHUE GULCH,Siskiyou,3/5/1956,0.3,Stockwatering,;KLAMATH WATERSHED;Klamath,McConaughy Gulch | 180102080202,French Creek-Scott River,,,Redding,
A018265,Licensed,License,BLM RIDGECREST FIELD OFFICE,UNSP,Inyo,8/14/1958,0.2,Fish and Wildlife Preservation and Enhancement; Stockwatering,,South Haiwee Reservoir | 180901030503,Haiwee Reservoirs,,,Ridgecrest,
A018517,Licensed,License,BLM California State Office,UNST,San Bernardino;Siskiyou,2/3/1959,0.3,Stockwatering,KLAMATH WATERSHED;Klamath,Grass Valley Creek-West Fork Mojave River | 180902080202;Camp Creek-Scotch Creek | 180102060501,West Fork Mojave River;Iron Gate Reservoir-Klamath River,,,Redding,
A018518,Licensed,License,BLM California State Office,UNST,Siskiyou;Sutter,2/3/1959,0.5,Stockwatering,COLUSA BASIN;Klamath,Camp Creek-Scotch Creek | 180102060501;Gilsizer Slough-Snake River | 180201590400,Iron Gate Reservoir-Klamath River;Gilsizer Slough-Snake River,,,Redding/Mother Lode,
A019849,Licensed,License,BLM California State Office,UNST,Tehama,11/21/1960,0.5,Stockwatering,DELTA WATERSHEDS;;BALL MOUNTAIN,Upper Red Bank Creek | 180201550301,Red Bank Creek,,,Redding,
A022668,Licensed,License,BLM California State Office,UNST,Tehama,12/20/1966,1.4,Fire Protection; Stockwatering,REDDING;UPPER CALAVERAS,Spring Branch-Battle Creek | 180201530302,Battle Creek,,,Redding,
A027829,Licensed,License,BLM California State Office,UNST,Tehama,8/8/1983,0.3,Fish and Wildlife Preservation and Enhancement; Stockwatering,Klamath;REDDING,Spring Branch-Battle Creek | 180201530302,Battle Creek,,,Redding,
A027830,Licensed,License,BLM California State Office,UNST,Tehama,8/8/1983,14,Fish and Wildlife Preservation and Enhancement; Stockwatering; Recreational,MIDDLE SIERRA;REDDING,Spring Creek-Sacramento River | 180201550402,Dibble Creek-Sacramento River,,,Redding,
A027831,Licensed,License,BLM California State Office,UNST,San Luis Obispo;Shasta,8/8/1983,0.1,Fish and Wildlife Preservation and Enhancement; Stockwatering,WHITMORE;DELTA WATERSHEDS;,Barrett Creek-San Juan Creek | 180600040102;Middle Little Cow Creek | 180201510304,Upper San Juan Creek;Little Cow Creek,,,Redding,
A027821,Licensed,License,BLM California State Office,UNST,Los Angeles;Shasta,8/8/1983,0.2,Fish and Wildlife Preservation and Enhancement,DELTA WATERSHEDS;;SHASTA BALLY,Wilson Creek | 180201520302;180902061602,North Fork Cottonwood Creek;Town of Pearblossom,,,Redding,
A027822,Licensed,License,BLM California State Office,UNST,Shasta,8/8/1983,0.2,Fire Protection; Fish and Wildlife Preservation and Enhancement,SHASTA BALLY;TUOLUMNE RIVER,Olney Creek-Sacramento River | 180201540303,Churn Creek-Sacramento River,,,Redding,
A027823,Licensed,License,BLM California State Office,UNST,Shasta,8/8/1983,0.3,Fire Protection; Fish and Wildlife Preservation and Enhancement,SHASTA BALLY;DELTA WATERSHEDS;,Olney Creek-Sacramento River | 180201540303,Churn Creek-Sacramento River,,,Redding,
A027824,Licensed,License,BLM California State Office,UNST,Trinity,8/8/1983,1.6,Fish and Wildlife Preservation and Enhancement,KLAMATH WATERSHED;Klamath,Dutton Creek-Trinity River | 180102110707,Weaver Creek-Trinity River,,,Redding,
A027825,Licensed,License,BLM California State Office,UNST,Trinity,2/25/1983,0.2,Stockwatering; Fish and Wildlife Preservation and Enhancement,KLAMATH WATERSHED;Klamath,Reading Creek | 180102110706,Weaver Creek-Trinity River,,,Redding,
A027826,Licensed,License,BLM California State Office,CAMP GULCH,Trinity,8/8/1983,0.1,Fish and Wildlife Preservation and Enhancement,North Coast AB2121 Area;Klamath,Reading Creek | 180102110706,Weaver Creek-Trinity River,,,Redding,
A027827,Licensed,License,BLM California State Office,UNST,Trinity,8/8/1983,0.3,Fire Protection; Stockwatering; Fish and Wildlife Preservation and Enhancement,Klamath;SAN JOAQUIN RIVER,Indian Creek | 180102110704,Weaver Creek-Trinity River,,,Redding,
A021792,Licensed,License,BLM California State Office,INDIAN SPRING,Fresno,5/29/1964,0.1,Fish and Wildlife Preservation and Enhancement,,Upper Poso Slough | 180400012001,Salt Slough,,,Central Coast,
A021794,Licensed,License,BLM California State Office,JUNIPER SPRING,San Benito,5/29/1964,0.1,Fish and Wildlife Preservation and Enhancement,,Cedar Flat Canyon-Panoche Creek | 180400140401,Lower Panoche Creek,,,Central Coast,
A021796,Licensed,License,BLM California State Office,UNSP,San Benito,5/29/1964,0.1,Fish and Wildlife Preservation and Enhancement,,Silver Creek | 180400140304,Larious Creek-Silver Creek,,,Central Coast ,
A021797,Licensed,License,BLM California State Office,UNSP,Fresno,5/29/1964,0.1,Fish and Wildlife Preservation and Enhancement,,Silver Creek | 180400140304,Larious Creek-Silver Creek,,,Central Coast ,
A021798,Licensed,License,BLM California State Office,UNSP,Fresno,5/29/1964,0.1,Fish and Wildlife Preservation and Enhancement,,Silver Creek | 180400140304,Larious Creek-Silver Creek,,,Central Coast ,
A021799,Licensed,License,BLM California State Office,UNSP,Fresno,5/29/1964,0.1,Fish and Wildlife Preservation and Enhancement,,Tumey Gulch | 180300090901,Tumey Gulch-FresnoSlough,,,Central Coast ,
A021800,Licensed,License,BLM California State Office,UNSP,San Benito,5/29/1964,0.1,Fish and Wildlife Preservation and Enhancement,,Silver Creek | 180400140304,Larious Creek-Silver Creek,,,Central Coast ,
A021801,Licensed,License,BLM California State Office,LOWER SPRING;UPPER SPRING,Fresno,5/29/1964,0.1,Fish and Wildlife Preservation and Enhancement,,Cedar Flat Canyon-Panoche Creek | 180400140401,Lower Panoche Creek,,,Central Coast,
A021937,Licensed,License,BLM California State Office,PRIMITIVE SPRING,Humboldt,10/15/1964,0.1,Domestic,North Coast AB2121 Area,Upper Mattole River | 180101070203,Mattole River,,,Central Coast,
A022192,Licensed,License,BLM California State Office,NONADA SPRING,Fresno,6/16/1965,0.1,Fish and Wildlife Preservation and Enhancement,MIDDLE WEST SIDE,Moreno Gulch | 180400012003,Salt Slough,,,Central Coast,
A022193,Licensed,License,BLM California State Office,UNSP,Fresno,6/16/1965,0.1,Fish and Wildlife Preservation and Enhancement,,Cedar Flat Canyon-Panoche Creek | 180400140401,Lower Panoche Creek,,,Central Coast,
A022194,Licensed,License,BLM California State Office,CLIFF SPRING,San Benito,6/16/1965,0.1,Fish and Wildlife Preservation and Enhancement,,Silver Creek | 180400140304,Larious Creek-Silver Creek,,,Central Coast,
A022195,Licensed,License,BLM California State Office,JEEP SPRING,Fresno,6/16/1965,0.1,Fish and Wildlife Preservation and Enhancement,,Tumey Gulch | 180300090901,Tumey Gulch-FresnoSlough,,,Central Coast,
A022197,Licensed,License,BLM California State Office,UNSP,Fresno,6/16/1965,0.1,Fish and Wildlife Preservation and Enhancement,MIDDLE WEST SIDE,Moreno Gulch | 180400012003,Salt Slough,,,Central Coast,
A022198,Licensed,License,BLM California State Office,DOSADOS SPRING,,6/16/1965,0.1,Fish and Wildlife Preservation and Enhancement,,Escarpado Canyon-Panoche Creek | 180400140402,Lower Panoche Creek,,,Central Coast,
A028322,Permitted,Permit,BLM California State Office,UNSP,Mariposa,11/9/1984,0.1,Fish and Wildlife Preservation and Enhancement; Stockwatering,MERCED RIVER,Solomon Gulch-Merced River | 180400080603,Maxwell Creek-Merced River,,,MLFO,
A022165,Licensed,License,BLM RIDGECREST FIELD OFFICE,ANTIMONY SPRING,Kern,5/20/1965,2.2,Fish and Wildlife Preservation and Enhancement; Stockwatering,,Lower Jawbone Canyon | 180902060303,Jawbone Canyon,,,Bakersfield,
A022167,Licensed,License,BLM RIDGECREST FIELD OFFICE,Public Spring,Kern,5/20/1965,1.7,Stockwatering; Fish and Wildlife Preservation and Enhancement,,Freeman Gulch | 180902050405,Little Dixie Wash,,,Bakersfield,
A022199,Licensed,License,BLM California State Office,SECTION 32 SPRING,Fresno,6/16/1965,1.1,Stockwatering; Fish and Wildlife Preservation and Enhancement,,Tumey Gulch | 180300090901,Tumey Gulch-FresnoSlough,,,Central Coast,
A022159,Licensed,License,BLM California State Office,STUDHORSE CANYON SPRING,Kern,5/20/1965,1.1,Fish and Wildlife Preservation and Enhancement; Stockwatering,,Middle Caliente Creek | 180300030406,Caliente Creek,,,Bakersfield,
A021702,Licensed,License,BLM California State Office,BARREL SPRING,Lake,3/20/1964,0.6,Domestic; Fish and Wildlife Preservation and Enhancement; Stockwatering,CACHE CREEK,Indian Valley Reservoir-North Fork Cache Creek | 180201160404,North Fork Cache Creek,,,Ukiah,
A022007,Licensed,License,BLM California State Office,FISKE CREEK SPRING,Lake,12/18/1964,0.1,Stockwatering; Domestic,CACHE CREEK,Hamilton Creek-Cache Creek | 180201160701,Lower Cache Creek,,,Ukiah,
A022426,Licensed,License,BLM California State Office,UNST,Mendocino,3/17/1966,1.1,Fire Protection,North Coast AB2121 Area,Mill Creek | 180101100402,Upper Russian River,,,Ukiah,
A022164,Licensed,License,BLM RIDGECREST FIELD OFFICE,NINEMILE CANYON UNDERFLOW,Inyo,5/20/1965,2.8,Stockwatering; Fish and Wildlife Preservation and Enhancement,,Ninemile Canyon | 180902050501,Ninemile Canyon,,,Ridgecrest,
A023112,Licensed,License,BLM California State Office,HORSE THIEF SPRINGS,San Bernardino,8/13/1968,7.5,Domestic; Industrial,,Horse Thief Springs | 160600150801,Mesquite Valley,,,Barstow . Needles . Ridgecrest ,
A024997,Licensed,License,BLM California State Office,UNSP,Placer,2/18/1976,8.1,Domestic; Fire Protection,AMERICAN RIVER,Eldorado Creek | 180201280402,North Fork Middle Fork American River,,,Mother Lode,
A026038,Licensed,License,BLM California State Office,UNST,Lassen,6/29/1979,55,Stockwatering; Fish and Wildlife Preservation and Enhancement,DELTA WATERSHEDS;;PIT RIVER,East Fork Juniper Creek | 180200021801,Juniper Creek,,,Nevada,
A020631,Revoked,Permit,BLM California State Office,UNSP,Shasta,2/26/1962,7.3,Fire Protection,SHASTA BALLY,,,,,Redding,
A028334,Licensed,License,BLM California State Office,UNST,Lassen,11/26/1984,1.5,Stockwatering; Fish and Wildlife Preservation and Enhancement; Fire Protection,North Coast AB2121 Area;,Middle Deep Creek | 180800030506,Deep Creek-Secret Creek,,,Eagle Lake,
A028041,Licensed,License,BLM California State Office,UNST,Lassen,3/22/1984,1.2,Fire Protection; Stockwatering; Fish and Wildlife Preservation and Enhancement,,Lower Deep Creek | 180800030507,Deep Creek-Secret Creek,,,Eagle Lake,
A028066,Licensed,License,BLM California State Office,UNST,Lassen;Napa,3/22/1984,2.3,Fire Protection; Fish and Wildlife Preservation and Enhancement; Stockwatering,PUTAH CREEK;,Lower Deep Creek | 180800030507;Hunting Creek | 180201620306,Deep Creek-Secret Creek;Upper Putah Creek,,,Eagle Lake,
A028492,Licensed,License,BLM California State Office,UNST,Lassen,6/28/1985,0.8,Fish and Wildlife Preservation and Enhancement; Fire Protection; Stockwatering,;COLUSA BASIN,Upper Cold Spring Creek | 180800020108,Cold Spring Creek-Madeline Plains,,,Eagle Lake/Ukiah,
A028597,Licensed,License,BLM California State Office,UNST,Lassen,10/18/1985,1,Fish and Wildlife Preservation and Enhancement; Stockwatering; Fire Protection,North Coast AB2121 Area;,Headwaters Smoke Creek | 160402030901,Smoke Creek-Frontal Smoke Creek Desert,,,Eagle Lake,
A031231,Licensed,License,BLM California State Office,UNST,Lassen,6/26/2001,2,Fish and Wildlife Preservation and Enhancement; Stockwatering,Klamath;,Horse Lake | 180800030603,Horse Lake-Willow Creek,,,Eagle Lake,
A028588,Permitted,Permit,BLM California State Office,UNST,Lassen;Tehama,10/18/1985,0.5,Stockwatering; Fire Protection; Fish and Wildlife Preservation and Enhancement,;BALL MOUNTAIN,Log Spring Creek-Thomes Creek | 180201560405;Painters Flat | 180800020101,Upper Thomes Creek;Cold Spring Creek-Madeline Plains,,,Eagle Lake/Redding,
A028706,Permitted,Permit,BLM ALTURAS FIELD OFFICE,UNST,Lassen,1/3/1986,5.2,Stockwatering; Recreational; Fish and Wildlife Preservation and Enhancement,AMERICAN RIVER;PIT RIVER,Holbrook Canyon | 180200021402,Cottonwood Creek-Ash Creek,,,Eagle Lake,
A028307,Licensed,License,BLM California State Office,UNST,Lassen,11/1/1984,1,Fish and Wildlife Preservation and Enhancement; Fire Protection; Stockwatering,;North Coast AB2121 Area,Fleming Spring | 180800020202,Van Loan Creek-Madeline Plains,,,Eagle Lake,
A028310,Licensed,License,BLM California State Office,UNST,Lassen,11/1/1984,0.5,Fire Protection; Fish and Wildlife Preservation and Enhancement; Stockwatering,;MIDDLE WEST SIDE,Fleming Spring | 180800020202,Van Loan Creek-Madeline Plains,,,Eagle Lake,
A028291,Licensed,License,BLM California State Office,UNST,Calaveras;Lassen,10/18/1984,1,Fish and Wildlife Preservation and Enhancement; Fire Protection; Stockwatering,;UPPER CALAVERAS,Rich Gulch-North Fork Calaveras River | 180400110203;Fleming Spring | 180800020202,North Fork Calaveras River;Van Loan Creek-Madeline Plains,,,MLFO/Eagle Lake,
A028040,Licensed,License,BLM California State Office,AN UNNAMED STREAM,Lassen,3/22/1984,1.3,Fish and Wildlife Preservation and Enhancement; Fire Protection; Stockwatering,;YUBA RIVER,Upper Smoke Creek | 160402030902,Smoke Creek-Frontal Smoke Creek Desert,,,Eagle Lake,
A028042,Licensed,License,BLM California State Office,UNST,Lassen,3/22/1984,2,Fire Protection; Fish and Wildlife Preservation and Enhancement; Stockwatering,,Rush Creek | 160402030904,Smoke Creek-Frontal Smoke Creek Desert,,,Eagle Lake,
A028060,Licensed,License,BLM California State Office,UNST,Fresno;Lassen,3/22/1984,1.2,Stockwatering; Fire Protection; Fish and Wildlife Preservation and Enhancement,,Upper Pine Flat Reservoir | 180300100805;Upper Secret Creek | 180800030501,Pine Flat Reservoir-Kings River;Deep Creek-Secret Creek,,,Eagle Lake/Central Coast,
A028063,Licensed,License,BLM California State Office,UNST,Lassen,3/22/1984,1.2,Stockwatering; Fire Protection; Fish and Wildlife Preservation and Enhancement,PIT RIVER;,Holbrook Canyon | 180200021402;Rush Creek | 160402030904,Cottonwood Creek-Ash Creek;Smoke Creek-Frontal Smoke Creek Desert,,,Eagle Lake,
A028071,Licensed,License,BLM California State Office,UNST,Lassen,3/22/1984,2,Fire Protection; Stockwatering; Fish and Wildlife Preservation and Enhancement,;SACRAMENTO DELTA;LEGAL DELTA,Lower Deep Creek | 180800030507,Deep Creek-Secret Creek,,,Eagle Lake,
A028055,Revoked,Permit,BLM California State Office,UNST,Lassen,3/22/1984,0,Fire Protection,,Lower Deep Creek | 180800030507,Deep Creek-Secret Creek,,,Eagle Lake,
A029881,Permitted,Permit,BLM California State Office,UNST,Lassen,12/17/1990,484,Fish and Wildlife Preservation and Enhancement,TEHAMA;,Buckhorn Reservoir | 180800020104,Cold Spring Creek-Madeline Plains,,,Eagle Lake,
C004170,Registered,Registration,BLM California State Office,UNST,Lassen,4/10/1997,1.5,Other,WHITMORE;,Lower Dry Lake-Frontal Eagle Lake | 180800030304,Lower Pine Creek-Eagle Lake,,,Eagle Lake,
C004433,Registered,Registration,BLM California State Office,UNST,Colusa,10/31/1997,5.3,Stockwatering,CACHE CREEK;AHWAHNEE,Lower Bear Creek | 180201160504,Bear Creek,,,Ukiah,
C003978,Registered,Registration,BLM California State Office,UNST,Shasta;Sonoma,1/9/1991,0,Stockwatering,REDDING;North Coast AB2121 Area,Brooks Creek-Russian River | 180101100605;Lower Bear Creek | 180201540405,Middle Russian River;Bear Creek,,,Redding,
C003864,Registered,Registration,BLM California State Office,UNST,Mendocino;Modoc,2/15/1984,0,Stockwatering,North Coast AB2121 Area;PIT RIVER,Romero Creek-South Fork Pit River | 180200020402;Morrison Creek-Russian River | 180101100405,Pine Creek-South Fork Pit River;Upper Russian River,,,Ukiah/Applegate,
C003865,Registered,Registration,BLM California State Office,UNST,Modoc;Monterey,2/15/1984,0,Stockwatering,DELTA WATERSHEDS;;PIT RIVER,Linnville Creek-North Fork Pit River | 180200020601;Tularcitos Creek | 180600060103,North Fork Pit River;Carmel River,,,Applegate/Central Coast,
C003866,Registered,Registration,BLM California State Office,UNST,Lassen,2/15/1984,0,Stockwatering,DELTA WATERSHEDS;;PIT RIVER,Upper Cedar Creek | 180200020201,Cedar Creek,,,Eagle Lake,
C003867,Registered,Registration,BLM California State Office,UNST,Modoc,2/15/1984,0,Stockwatering,PIT RIVER;DELTA WATERSHEDS;,Big Juniper Creek-Little Juniper Creek | 180200020401,Pine Creek-South Fork Pit River,,,Applegate/Central Coast,
C003977,Registered,Registration,BLM California State Office,UNST,Riverside;Shasta,1/9/1991,0,Stockwatering,DELTA WATERSHEDS;;WHITMORE,Baldwin Creek | 180201530301;Strawberry Creek-San Jacinto River | 180702020102,Battle Creek;Upper San Jacinto River,,,Redding,
C003976,Registered,Registration,BLM California State Office,UNST,Shasta,1/9/1991,0,Stockwatering,DELTA WATERSHEDS;;REDDING,Lower Bear Creek | 180201540405,Bear Creek,,,Redding/Palm Springs,
C004016,Registered,Registration,BLM California State Office,UNST,Lassen,7/20/1993,0,Stockwatering,,Mud Flat | 180800030508,Deep Creek-Secret Creek,,,Eagle Lake,
C004017,Registered,Registration,BLM California State Office,UNST,Lassen,7/20/1993,0,Stockwatering,,Mud Flat | 180800030508,Deep Creek-Secret Creek,,,Eagle Lake,
C004018,Registered,Registration,BLM California State Office,UNST,Lassen,7/20/1993,0,Stockwatering,North Coast AB2121 Area;,Susan River Delta-Frontal Honey Lake | 180800030705,Lower Susan River-Frontal Honey Lake,,,Eagle Lake,
C004019,Registered,Registration,BLM California State Office,UNST,Lassen,7/20/1993,0,Stockwatering,;FEATHER RIVER,Susan River Delta-Frontal Honey Lake | 180800030705,Lower Susan River-Frontal Honey Lake,,,Eagle Lake,
C003992,Registered,Registration,BLM California State Office,UNST,Lassen,4/16/1992,0,Stockwatering,;PUTAH CREEK,Headwaters Smoke Creek | 160402030901,Smoke Creek-Frontal Smoke Creek Desert,,,Eagle Lake,
C003993,Registered,Registration,BLM California State Office,UNST,Lassen,4/16/1992,0,Stockwatering,Klamath;,Headwaters Smoke Creek | 160402030901,Smoke Creek-Frontal Smoke Creek Desert,,,Eagle Lake,
C003994,Registered,Registration,BLM California State Office,UNST,Lassen,4/16/1992,0,Stockwatering,;SHASTA BALLY,Upper Secret Creek | 180800030501,Deep Creek-Secret Creek,,,Eagle Lake,
C004054,Registered,Registration,BLM California State Office,UNST,Lassen,9/13/1995,0,Stockwatering,SAN JOAQUIN DELTA;LEGAL DELTA;PIT RIVER,Dry Creek | 180200020301,Dry Creek-South Fork Pit River,,,Eagle Lake,
C004062,Registered,Registration,BLM California State Office,UNST,Lassen,11/8/1996,0,Stockwatering,;SAN JOAQUIN DELTA;LEGAL DELTA,Upper Snowstorm Creek | 180800030503,Deep Creek-Secret Creek,,,Eagle Lake,
C004157,Registered,Registration,BLM California State Office,UNST,Lassen,4/10/1997,0,Stockwatering,EASTERN TEHAMA;,Lower Secret Creek | 180800030509,Deep Creek-Secret Creek,,,Eagle Lake,
C004158,Registered,Registration,BLM California State Office,UNST,Lassen,4/10/1997,0,Stockwatering,EASTERN TEHAMA;,Cleghorn Creek-Frontal Eagle Lake | 180800030303,Lower Pine Creek-Eagle Lake,,,Eagle Lake,
C004159,Registered,Registration,BLM California State Office,UNST,Lassen,4/10/1997,0,Stockwatering,;BEAR RIVER,Lower Dry Lake-Frontal Eagle Lake | 180800030304,Lower Pine Creek-Eagle Lake,,,Eagle Lake,
C004160,Registered,Registration,BLM California State Office,UNST,Lassen;San Benito,4/10/1997,0,Stockwatering,,Lower Secret Creek | 180800030509;Quien Sabe Creek | 180600020603,Deep Creek-Secret Creek;Tres Pinos Creek,,,Eagle Lake,
C004161,Registered,Registration,BLM California State Office,UNST,Lassen,4/10/1997,0,Stockwatering,,Lower Secret Creek | 180800030509,Deep Creek-Secret Creek,,,Eagle Lake,
C004162,Registered,Registration,BLM California State Office,UNST,Lassen,4/10/1997,0,Other,;PIT RIVER,Lower Willow Creek | 180800030607,Horse Lake-Willow Creek,,,Eagle Lake,
C004163,Registered,Registration,BLM California State Office,UNST,Lassen,4/10/1997,0,Stockwatering,,Branham Reservoir-Pine Creek | 180800030601,Horse Lake-Willow Creek,,,Eagle Lake,
C004179,Registered,Registration,BLM California State Office,UNST,Lassen,12/23/1997,0,Stockwatering,DELTA WATERSHEDS;;PIT RIVER,Butte Creek | 180200021701,Butte Creek-Ash Creek,,,Eagle Lake,
C004180,Registered,Registration,BLM California State Office,UNST,Lassen,12/23/1997,0,Stockwatering,PIT RIVER;DELTA WATERSHEDS;,Lower Willow Creek | 180200021602,Willow Creek,,,Eagle Lake,
C004181,Registered,Registration,BLM California State Office,UNST,Lassen,12/23/1997,0,Stockwatering,PIT RIVER;DELTA WATERSHEDS;,Lower Willow Creek | 180200021602,Willow Creek,,,Eagle Lake,
C004182,Registered,Registration,BLM California State Office,UNST,Lassen,12/23/1997,0,Stockwatering,North Coast AB2121 Area;,Dry Creek | 180800020103,Cold Spring Creek-Madeline Plains,,,Eagle Lake,
C004184,Registered,Registration,BLM California State Office,UNST,Lassen,12/23/1997,0,Stockwatering,,Coyote Flat | 180800020201,Van Loan Creek-Madeline Plains,,,Eagle Lake,
C004185,Registered,Registration,BLM California State Office,UNST,Lassen;San Diego,12/23/1997,0,Stockwatering,,Coyote Flat | 180800020201;Sutherland Lake-Santa Ysabel Creek | 180703040103,Van Loan Creek-Madeline Plains;Upper Santa Ysabel Creek,,,Eagle Lake,
C004186,Registered,Registration,BLM California State Office,UNST,Lassen,12/23/1997,0,Stockwatering,,Upper Cold Spring Creek | 180800020108,Cold Spring Creek-Madeline Plains,,,Eagle Lake,
C004187,Registered,Registration,BLM California State Office,LONG CANYON,Lassen,12/23/1997,0,Stockwatering,AMERICAN RIVER;,Coyote Flat | 180800020201,Van Loan Creek-Madeline Plains,,,Eagle Lake,
C004188,Registered,Registration,BLM California State Office,UNST,Lassen,12/23/1997,0,Stockwatering,VALLEY-AMERICAN;,Coyote Flat | 180800020201,Van Loan Creek-Madeline Plains,,,Eagle Lake,
C004190,Registered,Registration,BLM California State Office,UNST,Lassen,12/23/1997,0,Stockwatering,DELTA WATERSHEDS;;PIT RIVER,Stones Canyon | 180200020303,Dry Creek-South Fork Pit River,,,Eagle Lake,
C004191,Registered,Registration,BLM California State Office,UNST,Lassen,12/23/1997,0,Stockwatering,PIT RIVER;TEHAMA,Lower Willow Creek | 180200021602,Willow Creek,,,Eagle Lake,
C004192,Registered,Registration,BLM California State Office,UNST,Lassen,12/23/1997,0,Stockwatering,PIT RIVER;NORTH VALLEY FLOOR,Butte Creek | 180200021701,Butte Creek-Ash Creek,,,Eagle Lake,
C004193,Registered,Registration,BLM California State Office,UNST,Lassen,12/23/1997,0,Stockwatering,PIT RIVER,Holbrook Canyon | 180200021402,Cottonwood Creek-Ash Creek,,,Eagle Lake,
C004194,Registered,Registration,BLM California State Office,UNST,Lassen,12/23/1997,0,Stockwatering,PIT RIVER;DELTA WATERSHEDS;,Montgomery Canyon-South Fork Pit River | 180200020305,Dry Creek-South Fork Pit River,,,Eagle Lake,
C004195,Registered,Registration,BLM California State Office,UNST,Lassen,12/23/1997,0,Stockwatering,PIT RIVER;DELTA WATERSHEDS;,Montgomery Canyon-South Fork Pit River | 180200020305;Dry Creek | 180800020103,Dry Creek-South Fork Pit River;Cold Spring Creek-Madeline Plains,,,Eagle Lake,
C004196,Registered,Registration,BLM California State Office,UNST,Lassen,12/23/1997,0,Stockwatering,DELTA WATERSHEDS;;PIT RIVER,Van Loan Creek | 180800020207;Montgomery Canyon-South Fork Pit River | 180200020305,Van Loan Creek-Madeline Plains;Dry Creek-South Fork Pit River,,,Eagle Lake,
C004197,Registered,Registration,BLM California State Office,UNST,Lassen,12/23/1997,0,Stockwatering,PIT RIVER;DELTA WATERSHEDS;,Dry Creek | 180200020301,Dry Creek-South Fork Pit River,,,Eagle Lake,
C004198,Registered,Registration,BLM California State Office,UNST,Lassen,12/23/1997,0,Stockwatering,PIT RIVER,Montgomery Canyon-South Fork Pit River | 180200020305,Dry Creek-South Fork Pit River,,,Eagle Lake,
C004199,Registered,Registration,BLM California State Office,UNST,Lassen,12/23/1997,0,Stockwatering,PIT RIVER;DELTA WATERSHEDS;,Dry Creek | 180200020301,Dry Creek-South Fork Pit River,,,Eagle Lake,
C004200,Registered,Registration,BLM California State Office,UNST,Lassen,12/23/1997,0,Stockwatering,PIT RIVER;FEATHER RIVER,Holbrook Canyon | 180200021402,Cottonwood Creek-Ash Creek,,,Eagle Lake,
C004201,Registered,Registration,BLM California State Office,UNST,Lassen,12/23/1997,0,Stockwatering,PUTAH CREEK;PIT RIVER,Muck Valley-Pit River | 180200021903,Widow Valley Creek-Pit River,,,Eagle Lake,
C004202,Registered,Registration,BLM California State Office,UNST,Lassen,12/23/1997,0,Stockwatering,PIT RIVER,Peacock Creek-Pit River | 180200030802,Town of Pittville-Pit River,,,Eagle Lake,
C004203,Registered,Registration,BLM California State Office,UNST,Lassen,12/23/1997,0,Stockwatering,PIT RIVER,Clarks Valley-Pit River | 180200030801,Town of Pittville-Pit River,,,Eagle Lake,
C004207,Registered,Registration,BLM California State Office,UNST,Lassen;Sutter,12/23/1997,0,Stockwatering,PIT RIVER;VALLEY-AMERICAN,Peacock Creek-Pit River | 180200030802;Pleasant Grove Creek Canal-Cross Canal | 180201610303,Town of Pittville-Pit River;Pleasant Grove Creek-Cross Canal,,,Eagle Lake/Mother Lode,
C004209,Registered,Registration,BLM California State Office,UNST,Lassen;Yolo,12/23/1997,0,Stockwatering,;SACRAMENTO DELTA;LEGAL DELTA,Mitchell Field | 180800020208;Toe Drain-Cache Slough | 180201630606,Van Loan Creek-Madeline Plains;Cache Slough,,,Eagle Lake,
C004210,Registered,Registration,BLM California State Office,UNST,Lassen,12/23/1997,0,Stockwatering,PIT RIVER;DELTA WATERSHEDS;,Dry Creek | 180200020301,Dry Creek-South Fork Pit River,,,Eagle Lake,
C004211,Registered,Registration,BLM California State Office,UNST,Lassen,12/23/1997,0,Stockwatering,,Ducasse Reservoir | 180800020205;Mitchell Field | 180800020208,Van Loan Creek-Madeline Plains,,,Eagle Lake,
C004212,Registered,Registration,BLM California State Office,UNST,Lassen,12/23/1997,0,Stockwatering,TUOLUMNE RIVER;PIT RIVER,Lower Cedar Creek-West Valley Reservoir | 180200020203,Cedar Creek,,,Eagle Lake,
C004213,Registered,Registration,BLM California State Office,UNST,Inyo;Lassen,12/23/1997,0,Stockwatering,DELTA WATERSHEDS;;PIT RIVER,Little Sand Spring-Death Valley Wash | 180902030106;Moon Lake | 180200020202,Upper Death Valley Wash;Cedar Creek,,,Eagle Lake,
C004214,Registered,Registration,BLM California State Office,UNST,Lassen;San Bernardino,12/23/1997,0,Stockwatering,,Mitchell Field | 180800020208;Shortz Lake | 181001002103,Van Loan Creek-Madeline Plains;Fortynine Palms Canyon-Shortz Lake,,,Eagle Lake,
C004215,Registered,Registration,BLM California State Office,UNST,Lassen,12/23/1997,0,Stockwatering,PIT RIVER;DELTA WATERSHEDS;,Dry Creek | 180200020301,Dry Creek-South Fork Pit River,,,Eagle Lake,
C004216,Registered,Registration,BLM California State Office,UNST,Lassen,12/23/1997,0,Stockwatering,PIT RIVER;Klamath,Dry Creek | 180200020301,Dry Creek-South Fork Pit River,,,Eagle Lake,
C004217,Registered,Registration,BLM California State Office,UNST,Lassen,12/23/1997,0,Stockwatering,;PIT RIVER,Mitchell Field | 180800020208,Van Loan Creek-Madeline Plains,,,Eagle Lake,
C004218,Registered,Registration,BLM California State Office,UNST,Lassen,12/23/1997,0,Stockwatering,PIT RIVER;DELTA WATERSHEDS;,Moon Lake | 180200020202,Cedar Creek,,,Eagle Lake,
C004219,Registered,Registration,BLM California State Office,UNST,Lassen,12/23/1997,0,Stockwatering,;FEATHER RIVER,Mitchell Field | 180800020208,Van Loan Creek-Madeline Plains,,,Eagle Lake,
C004220,Registered,Registration,BLM California State Office,UNST,Lassen,12/23/1997,0,Stockwatering,,Mitchell Field | 180800020208,Van Loan Creek-Madeline Plains,,,Eagle Lake,
C004221,Registered,Registration,BLM California State Office,UNST,Lassen,12/23/1997,0,Stockwatering,,Mitchell Field | 180800020208,Van Loan Creek-Madeline Plains,,,Eagle Lake,
C004222,Registered,Registration,BLM California State Office,UNST,Lassen;Los Angeles,12/23/1997,0,Stockwatering,DELTA WATERSHEDS;;PIT RIVER,Piute Ponds | 180902061502;Moon Lake | 180200020202,Lake Palmdale-Piute Ponds;Cedar Creek,,,Eagle Lake,
C004223,Registered,Registration,BLM California State Office,UNST,Lassen,12/23/1997,0,Stockwatering,PIT RIVER;DELTA WATERSHEDS;,Dry Creek | 180200020301,Dry Creek-South Fork Pit River,,,Eagle Lake,
C004224,Registered,Registration,BLM California State Office,UNST,Lassen,12/23/1997,0,Stockwatering,PIT RIVER;BEAR RIVER,Dry Creek | 180200020301,Dry Creek-South Fork Pit River,,,Eagle Lake,
C004225,Registered,Registration,BLM California State Office,UNST,Lassen,12/23/1997,0,Stockwatering,PIT RIVER;,Mitchell Field | 180800020208,Van Loan Creek-Madeline Plains,,,Eagle Lake,
C004226,Registered,Registration,BLM California State Office,UNST,Lassen,12/23/1997,0,Stockwatering,PIT RIVER;SHASTA BALLY,Moon Lake | 180200020202,Cedar Creek,,,Eagle Lake,
C004227,Registered,Registration,BLM California State Office,UNST,Lassen,12/23/1997,0,Stockwatering,North Coast AB2121 Area;PIT RIVER,Dry Creek | 180200020301,Dry Creek-South Fork Pit River,,,Eagle Lake,
C004228,Registered,Registration,BLM California State Office,UNST,Lassen,12/23/1997,0,Stockwatering,;North Coast AB2121 Area,Kilby Creek | 180800020204,Van Loan Creek-Madeline Plains,,,Eagle Lake,
C004229,Registered,Registration,BLM California State Office,UNST,Lassen,12/23/1997,0,Stockwatering,;AMERICAN RIVER,Kilby Creek | 180800020204,Van Loan Creek-Madeline Plains,,,Eagle Lake,
C004231,Registered,Registration,BLM California State Office,UNST,Lassen,12/23/1997,0,Stockwatering,;AHWAHNEE,Kilby Creek | 180800020204,Van Loan Creek-Madeline Plains,,,Eagle Lake,
C004232,Registered,Registration,BLM California State Office,UNST,Lassen,12/23/1997,0,Stockwatering,SAN JOAQUIN VALLEY FLOOR;,Kilby Creek | 180800020204,Van Loan Creek-Madeline Plains,,,Eagle Lake,
C004233,Registered,Registration,BLM California State Office,UNST,Lassen,12/23/1997,0,Stockwatering,,Van Loan Creek | 180800020207,Van Loan Creek-Madeline Plains,,,Eagle Lake,
C004234,Registered,Registration,BLM California State Office,UNST,Lassen,12/23/1997,0,Stockwatering,,Van Loan Creek | 180800020207,Van Loan Creek-Madeline Plains,,,Eagle Lake,
C004308,Registered,Registration,BLM California State Office,UNST,Lassen,12/23/1997,0,Stockwatering,PIT RIVER;CORTINA,Moon Lake | 180200020202,Cedar Creek,,,Eagle Lake,
C004309,Registered,Registration,BLM California State Office,UNST,Lassen,12/23/1997,0,Stockwatering,DELTA WATERSHEDS;;PIT RIVER,Moon Lake | 180200020202,Cedar Creek,,,Eagle Lake,
C004310,Registered,Registration,BLM California State Office,UNST,Lassen,12/23/1997,0,Stockwatering,BUTTE CREEK;PIT RIVER,Upper Cedar Creek | 180200020201,Cedar Creek,,,Eagle Lake,
C004311,Registered,Registration,BLM California State Office,UNST,Lassen,12/23/1997,0,Stockwatering,PIT RIVER;,Dry Creek | 180800020103,Cold Spring Creek-Madeline Plains,,,Eagle Lake,
C004312,Registered,Registration,BLM California State Office,UNST,Lassen,12/23/1997,0,Stockwatering,AMERICAN RIVER;PIT RIVER,Lower Cedar Creek-West Valley Reservoir | 180200020203,Cedar Creek,,,Eagle Lake,
C004313,Registered,Registration,BLM California State Office,UNST,Lassen,12/23/1997,0,Stockwatering,PIT RIVER;FEATHER RIVER,Lower Cedar Creek-West Valley Reservoir | 180200020203,Cedar Creek,,,Eagle Lake,
C004314,Registered,Registration,BLM California State Office,UNST,Lassen,12/23/1997,0,Stockwatering,;AHWAHNEE,Dry Creek | 180800020103,Cold Spring Creek-Madeline Plains,,,Eagle Lake,
C004315,Registered,Registration,BLM California State Office,UNST,Lassen,12/23/1997,0,Stockwatering,FEATHER RIVER;PIT RIVER,Dry Creek | 180200020301,Dry Creek-South Fork Pit River,,,Eagle Lake,
C004316,Registered,Registration,BLM California State Office,UNST,Lassen,12/23/1997,0,Stockwatering,PIT RIVER;DELTA WATERSHEDS;,Upper Cedar Creek | 180200020201,Cedar Creek,,,Eagle Lake,
C004317,Registered,Registration,BLM California State Office,UNST,Lassen,12/23/1997,0,Stockwatering,PIT RIVER;DELTA WATERSHEDS;,Upper Cedar Creek | 180200020201,Cedar Creek,,,Eagle Lake,
C004318,Registered,Registration,BLM California State Office,UNST,Lassen,12/23/1997,0,Stockwatering,;SACRAMENTO DELTA;LEGAL DELTA,Dry Creek | 180800020103,Cold Spring Creek-Madeline Plains,,,Eagle Lake,
C004319,Registered,Registration,BLM California State Office,UNST,Lassen;Santa Barbara,12/23/1997,0,Stockwatering,PIT RIVER;DELTA WATERSHEDS;,Cachuma Creek | 180600100501;Moon Lake | 180200020202,Alamo Pintado Creek-Santa Ynez River;Cedar Creek,,,Eagle Lake,
C004320,Registered,Registration,BLM California State Office,UNST,Lassen,12/23/1997,0,Stockwatering,YUBA RIVER;,Dry Creek | 180800020103,Cold Spring Creek-Madeline Plains,,,Eagle Lake,
C004321,Registered,Registration,BLM California State Office,UNST,Lassen,12/23/1997,0,Stockwatering,SAN JOAQUIN DELTA;LEGAL DELTA;PIT RIVER,Upper Cedar Creek | 180200020201,Cedar Creek,,,Eagle Lake,
C004322,Registered,Registration,BLM California State Office,UNST,Lassen,12/23/1997,0,Stockwatering,PIT RIVER;DELTA WATERSHEDS;,Upper Cedar Creek | 180200020201,Cedar Creek,,,Eagle Lake,
C004323,Registered,Registration,BLM California State Office,UNST,Lassen,12/23/1997,0,Stockwatering,PIT RIVER;STANISLAUS RIVER,Coyote Reservoir | 180200030102,Horse Creek,,,Eagle Lake,
C004324,Registered,Registration,BLM California State Office,UNST,Lassen,12/23/1997,0,Stockwatering,CORTINA;PIT RIVER,Coyote Reservoir | 180200030102,Horse Creek,,,Eagle Lake,
C004325,Registered,Registration,BLM California State Office,UNST,Lassen,12/23/1997,0,Stockwatering,,Coyote Flat | 180800020201,Van Loan Creek-Madeline Plains,,,Eagle Lake,
C004326,Registered,Registration,BLM California State Office,UNST,Lassen,12/23/1997,0,Stockwatering,;North Coast AB2121 Area,Coyote Flat | 180800020201,Van Loan Creek-Madeline Plains,,,Eagle Lake,
C004327,Registered,Registration,BLM California State Office,UNST,Lassen;Los Angeles,12/23/1997,0,Stockwatering,PIT RIVER;DELTA WATERSHEDS;,San Francisquito Canyon | 180701020402;Deer Spring-Juniper Creek | 180200021803,Upper Santa Clara River;Juniper Creek,,,Eagle Lake,
C004328,Registered,Registration,BLM California State Office,UNST,Lassen,12/23/1997,0,Stockwatering,;PIT RIVER,Mitchell Field | 180800020208,Van Loan Creek-Madeline Plains,,,Eagle Lake,
C004329,Registered,Registration,BLM California State Office,UNST,Lassen,12/23/1997,0,Stockwatering,DELTA WATERSHEDS;;PIT RIVER,Dry Creek | 180200020301,Dry Creek-South Fork Pit River,,,Eagle Lake,
C004330,Registered,Registration,BLM California State Office,UNST,Lassen,12/23/1997,0,Stockwatering,North Coast AB2121 Area;PIT RIVER,Holbrook Canyon | 180200021402,Cottonwood Creek-Ash Creek,,,Eagle Lake,
C004331,Registered,Registration,BLM California State Office,UNST,Lassen,12/23/1997,0,Stockwatering,PIT RIVER,Dry Creek | 180200020301,Dry Creek-South Fork Pit River,,,Eagle Lake,
C004235,Registered,Registration,BLM California State Office,UNST,Lassen,12/23/1997,1.2,Stockwatering,;North Coast AB2121 Area,Van Loan Creek | 180800020207,Van Loan Creek-Madeline Plains,,,Eagle Lake,
C004236,Registered,Registration,BLM California State Office,UNST,Lassen,12/23/1997,1,Stockwatering,North Coast AB2121 Area;,Kilby Creek | 180800020204,Van Loan Creek-Madeline Plains,,,Eagle Lake,
C004237,Registered,Registration,BLM California State Office,UNST,Lassen,12/23/1997,1.5,Stockwatering,,Anderson Canyon | 180800020209,Van Loan Creek-Madeline Plains,,,Eagle Lake,
C004238,Registered,Registration,BLM California State Office,UNST,Lassen,12/23/1997,2,Stockwatering,North Coast AB2121 Area;,Van Loan Creek | 180800020207,Van Loan Creek-Madeline Plains,,,Eagle Lake,
C004239,Registered,Registration,BLM California State Office,UNST,Lassen,12/23/1997,2.6,Stockwatering,,Kilby Creek | 180800020204,Van Loan Creek-Madeline Plains,,,Eagle Lake,
C004240,Registered,Registration,BLM California State Office,UNST,Lassen,12/23/1997,1,Stockwatering,,Mitchell Field | 180800020208,Van Loan Creek-Madeline Plains,,,Eagle Lake,
C004246,Registered,Registration,BLM California State Office,UNST,Modoc,12/23/1997,1,Stockwatering,PIT RIVER;DELTA WATERSHEDS;,Big Juniper Creek-Little Juniper Creek | 180200020401,Pine Creek-South Fork Pit River,,,Eagle Lake,
C004247,Registered,Registration,BLM California State Office,UNST,Modoc,12/23/1997,1.5,Stockwatering,PIT RIVER,Fitzhugh Creek | 180200020403,Pine Creek-South Fork Pit River,,,Eagle Lake,
C004248,Registered,Registration,BLM California State Office,UNST,Modoc,12/23/1997,1.2,Stockwatering,PIT RIVER;North Coast AB2121 Area,Big Juniper Creek-Little Juniper Creek | 180200020401,Pine Creek-South Fork Pit River,,,Eagle Lake,
C004249,Registered,Registration,BLM California State Office,UNST,Modoc,12/23/1997,0.8,Stockwatering,PIT RIVER;DELTA WATERSHEDS;,Fitzhugh Creek | 180200020403,Pine Creek-South Fork Pit River,,,Eagle Lake,
C004250,Registered,Registration,BLM California State Office,UNST,Lassen;Modoc,12/23/1997,2.1,Stockwatering,PIT RIVER;DELTA WATERSHEDS;,Van Loan Creek | 180800020207;Fitzhugh Creek | 180200020403,Van Loan Creek-Madeline Plains;Pine Creek-South Fork Pit River,,,Eagle Lake,
C004251,Registered,Registration,BLM California State Office,UNST,Lassen;Modoc,12/23/1997,0.5,Stockwatering,PIT RIVER;DELTA WATERSHEDS;,Big Juniper Creek-Little Juniper Creek | 180200020401;Anderson Canyon | 180800020209,Pine Creek-South Fork Pit River;Van Loan Creek-Madeline Plains,,,Eagle Lake,
C004252,Registered,Registration,BLM California State Office,UNST,Modoc,12/23/1997,4.9,Stockwatering,DELTA WATERSHEDS;;PIT RIVER,Romero Creek-South Fork Pit River | 180200020402,Pine Creek-South Fork Pit River,,,Eagle Lake,
C004253,Registered,Registration,BLM California State Office,UNST,Modoc,12/23/1997,4.2,Stockwatering,DELTA WATERSHEDS;;PIT RIVER,Fitzhugh Creek | 180200020403,Pine Creek-South Fork Pit River,,,Eagle Lake,
C004254,Registered,Registration,BLM California State Office,UNST,Modoc,12/23/1997,1.4,Stockwatering,PIT RIVER;DELTA WATERSHEDS;,Fitzhugh Creek | 180200020403,Pine Creek-South Fork Pit River,,,Eagle Lake,
C004255,Registered,Registration,BLM California State Office,UNST,Modoc,12/23/1997,1,Stockwatering,DELTA WATERSHEDS;;PIT RIVER,Romero Creek-South Fork Pit River | 180200020402,Pine Creek-South Fork Pit River,,,Eagle Lake,
C004256,Registered,Registration,BLM California State Office,UNST,Modoc,12/23/1997,0.3,Stockwatering,FEATHER RIVER;PIT RIVER,Romero Creek-South Fork Pit River | 180200020402,Pine Creek-South Fork Pit River,,,Eagle Lake,
C004257,Registered,Registration,BLM California State Office,UNST,Modoc,12/23/1997,1,Stockwatering,PIT RIVER;FEATHER RIVER,Big Juniper Creek-Little Juniper Creek | 180200020401,Pine Creek-South Fork Pit River,,,Eagle Lake,
C004258,Registered,Registration,BLM California State Office,UNST,Modoc,12/23/1997,2.1,Stockwatering,PIT RIVER;DELTA WATERSHEDS;,Romero Creek-South Fork Pit River | 180200020402,Pine Creek-South Fork Pit River,,,Eagle Lake,
C004259,Registered,Registration,BLM California State Office,UNST,Modoc,12/23/1997,2,Stockwatering,PIT RIVER,Big Juniper Creek-Little Juniper Creek | 180200020401,Pine Creek-South Fork Pit River,,,Eagle Lake,
C004260,Registered,Registration,BLM California State Office,UNST,Modoc;San Diego,12/23/1997,0.3,Stockwatering,PIT RIVER;DELTA WATERSHEDS;,Kitchen Creek-Cottonwood Creek | 180703050902;Fitzhugh Creek | 180200020403,Upper Cottonwood Creek;Pine Creek-South Fork Pit River,,,Eagle Lake,
C004261,Registered,Registration,BLM California State Office,UNST,Modoc,12/23/1997,3.5,Stockwatering,Klamath;PIT RIVER,Big Juniper Creek-Little Juniper Creek | 180200020401,Pine Creek-South Fork Pit River,,,Eagle Lake,
C004262,Registered,Registration,BLM California State Office,PROCTOR CREEK,Shasta,12/23/1997,8.8,Stockwatering,PIT RIVER;DELTA WATERSHEDS;,Bald Mountain Reservoir-Pit River | 180200030804,Town of Pittville-Pit River,,,Redding,
C004263,Registered,Registration,BLM California State Office,UNST,Siskiyou,12/23/1997,1.5,Stockwatering,Klamath;TEHAMA,Willow Creek | 180102041303,Badger Basin-Willow Creek,,,Redding,
C004264,Registered,Registration,BLM California State Office,UNST,Siskiyou,12/23/1997,0.3,Stockwatering,Klamath;KLAMATH WATERSHED,Willow Creek | 180102041303,Badger Basin-Willow Creek,,,Redding,
C004265,Registered,Registration,BLM California State Office,UNST,Siskiyou,12/23/1997,1.7,Stockwatering,Klamath;North Coast AB2121 Area,Willow Creek | 180102041303,Badger Basin-Willow Creek,,,Redding,
C004266,Registered,Registration,BLM California State Office,UNST,Shasta,12/23/1997,0.3,Stockwatering,PIT RIVER;North Coast AB2121 Area,Lower Beaver Creek | 180200030203,Beaver Creek,,,Redding,
C004267,Registered,Registration,BLM California State Office,UNST,Siskiyou,12/23/1997,2,Stockwatering,Klamath;FEATHER RIVER,Red Rock Valley | 180102050203,Red Rock Valley-Antelope Creek,,,Redding,
C004268,Registered,Registration,BLM California State Office,UNST,Siskiyou,12/23/1997,2,Stockwatering,Klamath,Red Rock Valley | 180102050203,Red Rock Valley-Antelope Creek,,,Redding,
C004269,Registered,Registration,BLM California State Office,UNST,Siskiyou,12/23/1997,3,Stockwatering,Klamath;WHITMORE,Davis Canyon-Butte Valley | 180102050303,Butte Valley,,,Redding,
C004270,Registered,Registration,BLM California State Office,UNST,Siskiyou,12/23/1997,2,Stockwatering,KLAMATH WATERSHED;Klamath,Red Rock Valley | 180102050203,Red Rock Valley-Antelope Creek,,,Redding,
C004271,Registered,Registration,BLM California State Office,UNST,Siskiyou,12/23/1997,0.9,Stockwatering,SACRAMENTO DELTA;LEGAL DELTA;Klamath,Lake Miller | 180102041404,Lower Klamath Lake,,,Redding,
C004272,Registered,Registration,BLM California State Office,UNST,Modoc,12/23/1997,3.5,Stockwatering,PIT RIVER;DELTA WATERSHEDS;,Donovan Reservoir | 180200020802,Canyon Creek,,,Applegate,
C004277,Registered,Registration,BLM California State Office,UNST,Modoc,12/23/1997,1,Stockwatering,Klamath;PIT RIVER,Jim Creek | 180200020404,Pine Creek-South Fork Pit River,,,Applegate,
C004278,Registered,Registration,BLM California State Office,UNST,Siskiyou,12/23/1997,0.8,Stockwatering,Klamath;Tribal Yurok Area;Klamath,Davis Canyon-Butte Valley | 180102050303,Butte Valley,,,Redding,
C004279,Registered,Registration,BLM California State Office,UNST,Modoc,12/23/1997,1.7,Stockwatering,PIT RIVER;DELTA WATERSHEDS;,Dorris Reservoir-South Fork Pit River | 180200020406,Pine Creek-South Fork Pit River,,,Applegate,
C004280,Registered,Registration,BLM California State Office,UNST,Modoc,12/23/1997,1.1,Stockwatering,DELTA WATERSHEDS;;PIT RIVER,Fitzhugh Creek | 180200020403,Pine Creek-South Fork Pit River,,,Applegate,
C004281,Registered,Registration,BLM California State Office,UNST,Modoc,12/23/1997,4.6,Stockwatering,SACRAMENTO DELTA;LEGAL DELTA;PIT RIVER,Fitzhugh Creek | 180200020403,Pine Creek-South Fork Pit River,,,Applegate,
C004282,Registered,Registration,BLM California State Office,UNST,Modoc,12/23/1997,1,Stockwatering,PIT RIVER;DELTA WATERSHEDS;,Jim Creek | 180200020404,Pine Creek-South Fork Pit River,,,Applegate,
C004283,Registered,Registration,BLM California State Office,UNST,Modoc;Yolo,12/23/1997,1,Stockwatering,COLUSA BASIN;PIT RIVER,Donovan Reservoir | 180200020802;South Fork Buckeye Creek | 180201041001,Canyon Creek;Colusa Basin Drainage Canal,,,Applegate/Ukaiah,
C004284,Registered,Registration,BLM California State Office,UNST,Modoc,12/23/1997,1,Stockwatering,MIDDLE SIERRA;PIT RIVER,Donovan Reservoir | 180200020802,Canyon Creek,,,Applegate,
C004285,Registered,Registration,BLM California State Office,UNST,Modoc,12/23/1997,3.1,Stockwatering,DELTA WATERSHEDS;;PIT RIVER,Donovan Reservoir | 180200020802,Canyon Creek,,,Applegate,
C004286,Registered,Registration,BLM California State Office,UNST,Modoc,12/23/1997,1.5,Stockwatering,PIT RIVER;DELTA WATERSHEDS;,Lower Roberts Reservoir-Pit River | 180200021206,Blacks Canyon-Pit River,,,Applegate,
C004287,Registered,Registration,BLM California State Office,UNST,Modoc,12/23/1997,6,Stockwatering,DELTA WATERSHEDS;;PIT RIVER,Noble Creek-Pit River | 180200020901,Warm Springs Valley-Pit River,,,Applegate,
C004288,Registered,Registration,BLM California State Office,UNST,Modoc,12/23/1997,1,Stockwatering,PIT RIVER;BALL MOUNTAIN,Dorris Reservoir-South Fork Pit River | 180200020406,Pine Creek-South Fork Pit River,,,Applegate,
C004289,Registered,Registration,BLM California State Office,UNST,Lassen,12/23/1997,4.2,Stockwatering,DELTA WATERSHEDS;;PIT RIVER,Coyote Reservoir | 180200030102,Horse Creek,,,Eagle Lake,
C004290,Registered,Registration,BLM California State Office,UNST,Lassen,12/23/1997,0.7,Stockwatering,North Coast AB2121 Area;PIT RIVER,Lower Cedar Creek-West Valley Reservoir | 180200020203,Cedar Creek,,,Eagle Lake,
C004291,Registered,Registration,BLM California State Office,UNST,Lassen,12/23/1997,0.1,Stockwatering,PIT RIVER;DELTA WATERSHEDS;,Dry Creek | 180200020301,Dry Creek-South Fork Pit River,,,Eagle Lake,
C004293,Registered,Registration,BLM California State Office,UNST,Lassen,12/23/1997,1.9,Stockwatering,DELTA WATERSHEDS;;PIT RIVER,Dry Creek | 180200020301,Dry Creek-South Fork Pit River,,,Eagle Lake,
C004294,Registered,Registration,BLM California State Office,UNST,Lassen,12/23/1997,1.4,Stockwatering,PIT RIVER;DELTA WATERSHEDS;,Lower Cedar Creek-West Valley Reservoir | 180200020203,Cedar Creek,,,Eagle Lake,
C004295,Registered,Registration,BLM California State Office,UNST,Lassen;Yolo,12/23/1997,1.8,Stockwatering,VALLEY PUTAH-CACHE;PIT RIVER,Lower Cedar Creek-West Valley Reservoir | 180200020203;Brooks Creek-Cache Creek | 180201160703,Cedar Creek;Lower Cache Creek,,,Eagle Lake/Ukiah,
C004296,Registered,Registration,BLM California State Office,UNST,Lassen,12/23/1997,6,Stockwatering,BALL MOUNTAIN;PIT RIVER,Lower Cedar Creek-West Valley Reservoir | 180200020203,Cedar Creek,,,Eagle Lake,
C004297,Registered,Registration,BLM California State Office,UNST,Lassen,12/23/1997,2,Stockwatering,DELTA WATERSHEDS;;PIT RIVER,Dry Creek | 180200020301,Dry Creek-South Fork Pit River,,,Eagle Lake,
C004298,Registered,Registration,BLM California State Office,UNST,Lassen,12/23/1997,7,Stockwatering,,Dry Valley | 180800020301,Dry Valley-Grasshopper Valley,,,Eagle Lake,
C004299,Registered,Registration,BLM California State Office,UNST,Lassen,12/23/1997,0.2,Stockwatering,PIT RIVER;DELTA WATERSHEDS;,Ash Valley-Ash Creek | 180200021404,Cottonwood Creek-Ash Creek,,,Eagle Lake,
C004300,Registered,Registration,BLM California State Office,UNST,Lassen,12/23/1997,0.2,Stockwatering,North Coast AB2121 Area;PIT RIVER,Ash Valley-Ash Creek | 180200021404,Cottonwood Creek-Ash Creek,,,Eagle Lake,
C004301,Registered,Registration,BLM California State Office,UNST,Lassen,12/23/1997,0.8,Stockwatering,PIT RIVER;DELTA WATERSHEDS;,Spooner Trough Canyon-Ash Creek | 180200021401,Cottonwood Creek-Ash Creek,,,Eagle Lake,
C004302,Registered,Registration,BLM California State Office,UNST,Lassen,12/23/1997,0.5,Stockwatering,;TEHAMA,Dry Creek | 180800020103,Cold Spring Creek-Madeline Plains,,,Eagle Lake,
C004303,Registered,Registration,BLM California State Office,UNST,Lassen,12/23/1997,1.6,Stockwatering,;AMERICAN RIVER,Dry Creek | 180800020103,Cold Spring Creek-Madeline Plains,,,Eagle Lake,
C004304,Registered,Registration,BLM California State Office,UNST,Lassen,12/23/1997,0.5,Stockwatering,,Dry Creek | 180800020103,Cold Spring Creek-Madeline Plains,,,Eagle Lake,
C004305,Registered,Registration,BLM California State Office,UNST,Lassen,12/23/1997,1,Stockwatering,,Dry Creek | 180800020103,Cold Spring Creek-Madeline Plains,,,Eagle Lake,
C004306,Registered,Registration,BLM California State Office,UNST,Lassen;Shasta,12/23/1997,2.8,Stockwatering,PIT RIVER,Grassy Lake-Lost Creek | 180200030607;Moon Lake | 180200020202,Butte Creek-Lost Creek;Cedar Creek,,,Eagle Lake,
C004307,Registered,Registration,BLM California State Office,UNST,Lassen,12/23/1997,1.5,Stockwatering,PIT RIVER,Moon Lake | 180200020202,Cedar Creek,,,Eagle Lake,
C004332,Registered,Registration,BLM California State Office,UNST,Lassen,12/23/1997,2,Stockwatering,PIT RIVER;DELTA WATERSHEDS;,Dry Creek | 180200020301,Dry Creek-South Fork Pit River,,,Eagle Lake,
C004333,Registered,Registration,BLM California State Office,UNST,Lassen,12/23/1997,2,Stockwatering,DELTA WATERSHEDS;;PIT RIVER,Holbrook Canyon | 180200021402,Cottonwood Creek-Ash Creek,,,Eagle Lake,
C004334,Registered,Registration,BLM California State Office,UNST,Lassen,12/23/1997,0.6,Stockwatering,SHASTA BALLY;PIT RIVER,Holbrook Canyon | 180200021402,Cottonwood Creek-Ash Creek,,,Eagle Lake,
C004335,Registered,Registration,BLM California State Office,UNST,Lassen,12/23/1997,2.5,Stockwatering,PIT RIVER;DELTA WATERSHEDS;,Dry Creek | 180200020301,Dry Creek-South Fork Pit River,,,Eagle Lake,
C004336,Registered,Registration,BLM California State Office,UNST,Lassen,12/23/1997,2.8,Stockwatering,PIT RIVER,Holbrook Canyon | 180200021402,Cottonwood Creek-Ash Creek,,,Eagle Lake,
C004337,Registered,Registration,BLM California State Office,UNST,Lassen,12/23/1997,2.1,Stockwatering,DELTA WATERSHEDS;;PIT RIVER,Stones Canyon | 180200020303,Dry Creek-South Fork Pit River,,,Eagle Lake,
C004338,Registered,Registration,BLM California State Office,UNST,Lassen,12/23/1997,0.8,Stockwatering,DELTA WATERSHEDS;;PIT RIVER,Peacock Creek-Pit River | 180200030802,Town of Pittville-Pit River,,,Eagle Lake,
C004339,Registered,Registration,BLM California State Office,UNST,Lassen,12/23/1997,1,Stockwatering,SAN JOAQUIN RIVER;,Dry Creek | 180800020103,Cold Spring Creek-Madeline Plains,,,Eagle Lake,
C004340,Registered,Registration,BLM California State Office,UNST,Lassen;Placer,12/23/1997,1,Stockwatering,AMERICAN RIVER;PIT RIVER,Moon Lake | 180200020202;Antelope Creek | 180201110103,Cedar Creek;Dry Creek,,,Eagle Lake,
C004341,Registered,Registration,BLM California State Office,UNST,Lassen,12/23/1997,0.5,Stockwatering,DELTA WATERSHEDS;;PIT RIVER,Moon Lake | 180200020202,Cedar Creek,,,Eagle Lake,
C004342,Registered,Registration,BLM California State Office,UNST,Lassen,12/23/1997,0.5,Stockwatering,PIT RIVER;DELTA WATERSHEDS;,Moon Lake | 180200020202,Cedar Creek,,,Eagle Lake,
C004343,Registered,Registration,BLM California State Office,UNST,Lassen,12/23/1997,1.1,Stockwatering,;AMERICAN RIVER,Dry Creek | 180800020103,Cold Spring Creek-Madeline Plains,,,Eagle Lake,
C004344,Registered,Registration,BLM California State Office,UNST,Lassen,12/23/1997,3,Stockwatering,AHWAHNEE;PIT RIVER,Moon Lake | 180200020202,Cedar Creek,,,Eagle Lake,
C004345,Registered,Registration,BLM California State Office,UNST,Modoc,7/7/1997,7.2,Stockwatering,PIT RIVER;DELTA WATERSHEDS;,Warm Creek-South Fork Pit River | 180200020302,Dry Creek-South Fork Pit River,,,Bishop,
C004425,Registered,Registration,BLM California State Office,UNST,Colusa;Humboldt,10/31/1997,9.3,Stockwatering,CACHE CREEK;DELTA WATERSHEDS;,Luffenholtz Creek-Frontal Pacific Ocean | 180101020503;Lower Bear Creek | 180201160504,Big Lagoon-Frontal Pacific Ocean;Bear Creek,,,Ukiah/Arcata,
C004426,Registered,Registration,BLM California State Office,UNST,Colusa,10/31/1997,6.4,Stockwatering,CACHE CREEK,Lower Bear Creek | 180201160504,Bear Creek,,,Ukiah,
C004427,Registered,Registration,BLM California State Office,UNST,Colusa,10/31/1997,4.2,Stockwatering,CACHE CREEK,Lower Bear Creek | 180201160504,Bear Creek,,,Ukiah,
C004429,Registered,Registration,BLM California State Office,UNST,Colusa,10/31/1997,1.3,Stockwatering,CACHE CREEK;North Coast AB2121 Area,Lower Bear Creek | 180201160504,Bear Creek,,,Ukiah,
C004430,Registered,Registration,BLM California State Office,UNST,Colusa,10/31/1997,2,Stockwatering,CACHE CREEK,Lower Bear Creek | 180201160504,Bear Creek,,,Ukiah,
C004431,Registered,Registration,BLM California State Office,UNST,Lake;Placer,10/31/1997,1,Stockwatering,VALLEY-AMERICAN;CACHE CREEK,Rocky Creek-Cache Creek | 180201160604;Markham Ravine | 180201610301,Upper Cache Creek;Pleasant Grove Creek-Cross Canal,,,Ukiah/Mother Lode,
C004432,Registered,Registration,BLM California State Office,UNST,Colusa,10/31/1997,8,Stockwatering,CACHE CREEK;DELTA WATERSHEDS;,Lower Bear Creek | 180201160504,Bear Creek,,,Ukiah,
C004434,Registered,Registration,BLM California State Office,UNST,Colusa,10/31/1997,9.8,Stockwatering,CACHE CREEK;DELTA WATERSHEDS;,Lower Bear Creek | 180201160504,Bear Creek,,,Ukiah,
C004435,Registered,Registration,BLM California State Office,UNST,Colusa,10/31/1997,9.8,Other,CACHE CREEK;DELTA WATERSHEDS;,Lower Bear Creek | 180201160504,Bear Creek,,,Ukiah,
C004436,Registered,Registration,BLM California State Office,UNST,Colusa,10/31/1997,4.7,Stockwatering,CACHE CREEK;SAN JOAQUIN DELTA;LEGAL DELTA,Lower Bear Creek | 180201160504,Bear Creek,,,Ukiah,
C004437,Registered,Registration,BLM California State Office,UNST,Colusa,10/31/1997,6.9,Other,BALL MOUNTAIN;CACHE CREEK,Lower Bear Creek | 180201160504,Bear Creek,,,Ukiah,
C004438,Registered,Registration,BLM California State Office,UNST,Colusa,10/31/1997,2,Stockwatering,CACHE CREEK;DELTA WATERSHEDS;,Lower Bear Creek | 180201160504,Bear Creek,,,Ukiah,
C004439,Registered,Registration,BLM California State Office,UNST,Colusa,10/31/1997,2.1,Stockwatering,CACHE CREEK;Klamath,Lower Bear Creek | 180201160504,Bear Creek,,,Ukiah,
C004440,Registered,Registration,BLM California State Office,UNST,Colusa,10/31/1997,2.5,Stockwatering,CACHE CREEK;AMERICAN RIVER,Lower Bear Creek | 180201160504,Bear Creek,,,Ukiah,
C004443,Registered,Registration,BLM California State Office,UNST,Colusa,10/31/1997,4.2,Stockwatering,CACHE CREEK;North Coast AB2121 Area,Lower Bear Creek | 180201160504,Bear Creek,,,Ukiah,
C004165,Registered,Registration,BLM California State Office,UNST,Lassen,4/10/1997,5,Stockwatering,VALLEY-AMERICAN;,Lower Willow Creek | 180800030607,Horse Lake-Willow Creek,,,Eagle Lake,
C004166,Registered,Registration,BLM California State Office,UNST,Lassen,4/10/1997,5.5,Stockwatering,;TUOLUMNE RIVER,Hagata Canyon | 180800030604,Horse Lake-Willow Creek,,,Eagle Lake,
C004167,Registered,Registration,BLM California State Office,UNST,Lassen;Plumas,4/10/1997,1.5,Stockwatering,FEATHER RIVER;,Upper Skedaddle Creek | 180800031401;Hough Creek-Indian Creek | 180201220604,Skedaddle Creek;Lower Indian Creek,,,Eagle Lake,
C004168,Registered,Registration,BLM California State Office,UNSP,Lassen,4/10/1997,6.5,Stockwatering,WHITMORE;,Lake Leavitt-Susan River | 180800030704,Lower Susan River-Frontal Honey Lake,,,Eagle Lake,
C004171,Registered,Registration,BLM California State Office,UNST,Lassen,4/10/1997,2.5,Stockwatering,,Merrill Creek-Frontal Eagle Lake | 180800030305,Lower Pine Creek-Eagle Lake,,,Eagle Lake,
C004172,Registered,Registration,BLM California State Office,UNST,Lassen,4/10/1997,1,Stockwatering,,Grasshopper Valley | 180800020304,Dry Valley-Grasshopper Valley,,,Eagle Lake,
C004173,Registered,Registration,BLM California State Office,UNST,Lassen,4/10/1997,2.5,Stockwatering,,Lower Secret Creek | 180800030509,Deep Creek-Secret Creek,,,Eagle Lake,
C004174,Registered,Registration,BLM California State Office,UNST,Lassen,4/10/1997,2,Stockwatering,,Baxter Creek | 180800030801,Baxter Creek-Frontal Honey Lake,,,Eagle Lake,
C004175,Registered,Registration,BLM California State Office,UNST,Lassen,4/10/1997,1,Stockwatering,,Lower Secret Creek | 180800030509,Deep Creek-Secret Creek,,,Eagle Lake,
C004176,Registered,Registration,BLM California State Office,UNST,Lassen,4/10/1997,1.5,Stockwatering,,Upper Willow Creek | 180800030605,Horse Lake-Willow Creek,,,Eagle Lake,
C004177,Registered,Registration,BLM California State Office,UNST,Lassen;Santa Barbara,4/10/1997,3,Stockwatering,,Lower Dry Lake-Frontal Eagle Lake | 180800030304;Salsipuedes Creek | 180600100702,Lower Pine Creek-Eagle Lake;Salsipuedes Creek-Santa Ynez River,,,Eagle Lake,
C004178,Registered,Registration,BLM California State Office,UNST,Lassen,4/10/1997,2,Stockwatering,,Bailey Creek | 180800020206,Van Loan Creek-Madeline Plains,,,Eagle Lake,
C004445,Registered,Registration,BLM California State Office,UNST,Lassen,4/10/1997,4,Stockwatering,MIDDLE SIERRA;,Rush Creek | 160402030904,Smoke Creek-Frontal Smoke Creek Desert,,,Eagle Lake,
C004446,Registered,Registration,BLM California State Office,CLEGHORN CREEK,Lassen,4/10/1997,1.2,Stockwatering,;SAN JOAQUIN VALLEY FLOOR,Cleghorn Creek-Frontal Eagle Lake | 180800030303,Lower Pine Creek-Eagle Lake,,,Eagle Lake,
C004447,Registered,Registration,BLM California State Office,CLEGHORN CREEK,Lassen,4/10/1997,6,Stockwatering,,Cleghorn Creek-Frontal Eagle Lake | 180800030303,Lower Pine Creek-Eagle Lake,,,Eagle Lake,
C004448,Registered,Registration,BLM California State Office,UNST,Lassen,4/10/1997,1,Stockwatering,PIT RIVER;,Cleghorn Creek-Frontal Eagle Lake | 180800030303,Lower Pine Creek-Eagle Lake,,,Eagle Lake,
C004449,Registered,Registration,BLM California State Office,UNST,Lassen,4/10/1997,1,Stockwatering,,Cleghorn Creek-Frontal Eagle Lake | 180800030303,Lower Pine Creek-Eagle Lake,,,Eagle Lake,
C004450,Registered,Registration,BLM California State Office,UNST,Lassen,4/10/1997,3,Stockwatering,;COLUSA BASIN,Grasshopper Valley | 180800020304,Dry Valley-Grasshopper Valley,,,Eagle Lake,
C004451,Registered,Registration,BLM California State Office,UNST,Lassen,4/10/1997,1,Stockwatering,;MARYSVILLE,Branham Reservoir-Pine Creek | 180800030601,Horse Lake-Willow Creek,,,Eagle Lake,
C004452,Registered,Registration,BLM California State Office,UNST,Lassen,4/10/1997,1.5,Stockwatering,;SAN JOAQUIN DELTA;LEGAL DELTA,Hagata Canyon | 180800030604,Horse Lake-Willow Creek,,,Eagle Lake,
C004453,Registered,Registration,BLM California State Office,UNST,Lassen,4/10/1997,1,Stockwatering,,Petes Creek | 180800030606,Horse Lake-Willow Creek,,,Eagle Lake,
C004454,Registered,Registration,BLM California State Office,UNST,Lassen,4/10/1997,1.5,Other,,Robinson Canyon-Long Valley Creek | 180800031302,Lower Long Valley Creek-Frontal Honey Lake,,,Eagle Lake,
C004455,Registered,Registration,BLM California State Office,UNST,Lassen;Santa Barbara,4/10/1997,3.5,Stockwatering,,Santa Rosa Creek-Santa Ynez River | 180600100602;Hagata Canyon | 180800030604,Zaca Creek-Santa Ynez River;Horse Lake-Willow Creek,,,Eagle Lake,
C004456,Registered,Registration,BLM California State Office,UNST,Lassen,4/10/1997,1.5,Stockwatering,;Klamath,Petes Creek | 180800030606,Horse Lake-Willow Creek,,,Eagle Lake,
C004457,Registered,Registration,BLM California State Office,UNST,Lassen,4/10/1997,1,Stockwatering,YUBA RIVER;,Fleming Spring | 180800020202,Van Loan Creek-Madeline Plains,,,Eagle Lake,
C004458,Registered,Registration,BLM California State Office,UNST,Lassen,4/10/1997,1.5,Stockwatering,;TEHAMA,Middle Deep Creek | 180800030506,Deep Creek-Secret Creek,,,Eagle Lake,
C004459,Registered,Registration,BLM California State Office,UNST,Lassen,4/10/1997,1,Other,;COLUSA BASIN,Petes Creek | 180800030606,Horse Lake-Willow Creek,,,Eagle Lake,
C004460,Registered,Registration,BLM California State Office,UNST,Lassen;Santa Barbara,4/10/1997,1,Stockwatering,,Lower Secret Creek | 180800030509;Salsipuedes Creek | 180600100702,Deep Creek-Secret Creek;Salsipuedes Creek-Santa Ynez River,,,Eagle Lake,
C004461,Registered,Registration,BLM California State Office,UNST,Lassen,4/10/1997,2,Stockwatering,;COLUSA BASIN,Hagata Canyon | 180800030604,Horse Lake-Willow Creek,,,Eagle Lake,
C004462,Registered,Registration,BLM California State Office,UNST,Lassen,4/10/1997,1,Stockwatering,;AMERICAN RIVER,Petes Creek | 180800030606,Horse Lake-Willow Creek,,,Eagle Lake,
C004463,Registered,Registration,BLM California State Office,UNST,Lassen;Santa Clara,4/10/1997,1,Stockwatering,,Horse Lake | 180800030603;San Felipe Creek | 180500030104,Horse Lake-Willow Creek;Upper Coyote Creek,,,Eagle Lake,
C004464,Registered,Registration,BLM California State Office,UNST,Lassen,4/10/1997,2.1,Stockwatering,,Bailey Creek | 180800020206,Van Loan Creek-Madeline Plains,,,Eagle Lake,
C004465,Registered,Registration,BLM California State Office,UNST,Lassen,4/10/1997,1.5,Stockwatering,North Coast AB2121 Area;,Petes Creek | 180800030606,Horse Lake-Willow Creek,,,Eagle Lake,
C004466,Registered,Registration,BLM California State Office,UNST,Lassen,4/10/1997,1,Stockwatering,,Ducasse Reservoir | 180800020205,Van Loan Creek-Madeline Plains,,,Eagle Lake,
C004468,Registered,Registration,BLM California State Office,UNST,Lassen,4/10/1997,1,Stockwatering,;BEAR RIVER,Bailey Creek | 180800020206,Van Loan Creek-Madeline Plains,,,Eagle Lake,
C004469,Registered,Registration,BLM California State Office,UNST,Lassen,4/10/1997,1,Stockwatering,SAN JOAQUIN DELTA;LEGAL DELTA;,Lower Willow Creek | 180800030607,Horse Lake-Willow Creek,,,Eagle Lake,
C004470,Registered,Registration,BLM California State Office,UNST,Lassen,4/10/1997,1.5,Stockwatering,,Lower Secret Creek | 180800030509,Deep Creek-Secret Creek,,,Eagle Lake,
C004471,Registered,Registration,BLM California State Office,UNST,Lassen,4/10/1997,1,Stockwatering,,Baxter Creek | 180800030801,Baxter Creek-Frontal Honey Lake,,,Eagle Lake,
C004472,Registered,Registration,BLM California State Office,UNST,Lassen,4/10/1997,1.5,Stockwatering,,Lower Secret Creek | 180800030509,Deep Creek-Secret Creek,,,Eagle Lake,
C004473,Registered,Registration,BLM California State Office,UNST,Lassen,4/10/1997,2.5,Stockwatering,,Lower Secret Creek | 180800030509,Deep Creek-Secret Creek,,,Eagle Lake,
C004474,Registered,Registration,BLM California State Office,UNST,Lassen,4/10/1997,3.5,Stockwatering,,Lower Willow Creek | 180800030607,Horse Lake-Willow Creek,,,Eagle Lake,
C004475,Registered,Registration,BLM California State Office,UNST,Lassen,4/10/1997,2,Stockwatering,,Lower Willow Creek | 180800030607,Horse Lake-Willow Creek,,,Eagle Lake,
C004476,Registered,Registration,BLM California State Office,UNST,Lassen,4/10/1997,1,Stockwatering,,Lassen Creek-Susan River | 180800030703,Lower Susan River-Frontal Honey Lake,,,Eagle Lake,
C004477,Registered,Registration,BLM California State Office,UNST,Lassen,4/10/1997,2,Stockwatering,,Lower Willow Creek | 180800030607,Horse Lake-Willow Creek,,,Eagle Lake,
C004478,Registered,Registration,BLM California State Office,RICES CANYON,Lassen,4/10/1997,6,Stockwatering,;North Coast AB2121 Area,Lake Leavitt-Susan River | 180800030704,Lower Susan River-Frontal Honey Lake,,,Eagle Lake,
C004479,Registered,Registration,BLM California State Office,UNST,Lassen,4/10/1997,2.5,Stockwatering,;WHITMORE,Mud Flat | 180800030508,Deep Creek-Secret Creek,,,Eagle Lake/Central Coast,
C004480,Registered,Registration,BLM California State Office,UNST,Lassen,4/10/1997,1,Stockwatering,PIT RIVER;,Baxter Creek | 180800030801,Baxter Creek-Frontal Honey Lake,,,Eagle Lake,
C004481,Registered,Registration,BLM California State Office,UNST,Lassen,4/10/1997,1,Stockwatering,;AHWAHNEE,Upper Deep Creek | 180800030505,Deep Creek-Secret Creek,,,Eagle Lake,
C004482,Registered,Registration,BLM California State Office,UNST,Lassen,4/10/1997,1,Stockwatering,,Lower Cold Spring Creek-Madeline Plains | 180800020109,Cold Spring Creek-Madeline Plains,,,Eagle Lake,
C004483,Registered,Registration,BLM California State Office,UNST,Lassen,4/10/1997,1,Stockwatering,;STONY CREEK,Susan River Delta-Frontal Honey Lake | 180800030705,Lower Susan River-Frontal Honey Lake,,,Eagle Lake,
C004484,Registered,Registration,BLM California State Office,UNST,Lassen,4/10/1997,2,Stockwatering,,Grasshopper Valley | 180800020304,Dry Valley-Grasshopper Valley,,,Eagle Lake,
C004522,Registered,Registration,BLM California State Office,UNST,Lassen,4/10/1997,2.5,Stockwatering,,Bailey Creek | 180800020206,Van Loan Creek-Madeline Plains,,,Eagle Lake,
C004523,Registered,Registration,BLM California State Office,UNST,Lassen,4/10/1997,2.5,Stockwatering,Klamath;,Bailey Creek | 180800020206,Van Loan Creek-Madeline Plains,,,Eagle Lake,
C004524,Registered,Registration,BLM California State Office,UNST,Lassen,4/10/1997,0.5,Stockwatering,;Klamath,Dill Butte | 180800020203,Van Loan Creek-Madeline Plains,,,Eagle Lake,
C004525,Registered,Registration,BLM California State Office,UNST,Lassen,4/10/1997,1,Stockwatering,,Fleming Spring | 180800020202,Van Loan Creek-Madeline Plains,,,Eagle Lake,
C004526,Registered,Registration,BLM California State Office,CHASE CANYON,Lassen,4/10/1997,2,Stockwatering,,Bailey Creek | 180800020206,Van Loan Creek-Madeline Plains,,,Eagle Lake,
C004528,Registered,Registration,BLM California State Office,UNST,Lassen,4/10/1997,1.5,Stockwatering,WHITMORE;,Bailey Creek | 180800020206,Van Loan Creek-Madeline Plains,,,Eagle Lake,
C004529,Registered,Registration,BLM California State Office,UNST,Alameda;Lassen,4/10/1997,1.5,Stockwatering,,Upper Alameda Creek | 180500040602;Bailey Creek | 180800020206,Alameda Creek;Van Loan Creek-Madeline Plains,,,Eagle Lake,
C004531,Registered,Registration,BLM California State Office,UNST,Lassen,4/10/1997,1,Stockwatering,,Petes Creek | 180800030606,Horse Lake-Willow Creek,,,Eagle Lake,
C004532,Registered,Registration,BLM California State Office,UNST,Lassen,4/10/1997,1,Stockwatering,,Upper Willow Creek | 180800030605,Horse Lake-Willow Creek,,,Eagle Lake,
C004533,Registered,Registration,BLM California State Office,SNOWSTORM CREEK,Lassen,4/10/1997,1,Stockwatering,;CACHE CREEK,Upper Snowstorm Creek | 180800030503,Deep Creek-Secret Creek,,,Eagle Lake,
C004534,Registered,Registration,BLM California State Office,UNST,Lassen,4/10/1997,1,Stockwatering,North Coast AB2121 Area;,Horse Lake | 180800030603,Horse Lake-Willow Creek,,,Eagle Lake,
C004535,Registered,Registration,BLM California State Office,UNST,Lassen;Santa Cruz,4/10/1997,4.5,Stockwatering,,Petes Creek | 180800030606;San Vicente Creek-Frontal Pacific Ocean | 180500060304,Horse Lake-Willow Creek;Waddell Creek-Frontal Ano Nuevo Bay,,,Eagle Lake,
C004536,Registered,Registration,BLM California State Office,UNST,Lassen,4/10/1997,2,No Use Identified,,Horse Lake | 180800030603,Horse Lake-Willow Creek,,,Eagle Lake,
C004377,Registered,Registration,BLM California State Office,UNST,Lassen,12/23/1997,1,Stockwatering,DELTA WATERSHEDS;;PIT RIVER,Middle Beaver Creek | 180200030202,Beaver Creek,,,Eagle Lake,
C004378,Registered,Registration,BLM California State Office,UNST,Lassen,12/23/1997,1,Stockwatering,DELTA WATERSHEDS;;PIT RIVER,Lower Beaver Creek | 180200030203,Beaver Creek,,,Eagle Lake,
C004382,Registered,Registration,BLM California State Office,UNST,Lassen,12/23/1997,0.4,Stockwatering,PIT RIVER;DELTA WATERSHEDS;,Lower Beaver Creek | 180200030203,Beaver Creek,,,Eagle Lake,
C004383,Registered,Registration,BLM California State Office,UNST,Lassen,12/23/1997,1,Stockwatering,PIT RIVER;North Coast AB2121 Area,Middle Beaver Creek | 180200030202,Beaver Creek,,,Eagle Lake,
C004384,Registered,Registration,BLM California State Office,UNST,Lassen,12/23/1997,1.7,Stockwatering,PIT RIVER;,Dry Creek | 180800020103,Cold Spring Creek-Madeline Plains,,,Eagle Lake,
C004385,Registered,Registration,BLM California State Office,UNST,Lassen;San Bernardino,12/23/1997,0.6,Stockwatering,DELTA WATERSHEDS;;PIT RIVER,Upper Cedar Creek | 180200020201;Desert Knolls Wash-Mojave River | 180902080703,Cedar Creek;Bell Mountain Wash-Mojave River,,,Eagle Lake,
C004386,Registered,Registration,BLM California State Office,UNST,Lassen,12/23/1997,0.2,Stockwatering,PIT RIVER;DELTA WATERSHEDS;,Moon Lake | 180200020202,Cedar Creek,,,Eagle Lake,
C004356,Registered,Registration,BLM California State Office,UNST,Modoc,12/23/1997,8.4,Stockwatering,DELTA WATERSHEDS;;PIT RIVER,Town of Surprise Station-North Fork Pit River | 180200020604,North Fork Pit River,,,Eagle Lake,
C004357,Registered,Registration,BLM California State Office,UNST,Modoc,12/23/1997,4.2,Stockwatering,PIT RIVER,Town of Surprise Station-North Fork Pit River | 180200020604,North Fork Pit River,,,Eagle Lake,
C004358,Registered,Registration,BLM California State Office,UNST,Modoc,12/23/1997,2.1,Stockwatering,PIT RIVER;NORTH VALLEY FLOOR,Town of Surprise Station-North Fork Pit River | 180200020604,North Fork Pit River,,,Eagle Lake,
C004359,Registered,Registration,BLM California State Office,UNST,Lassen;Modoc,12/23/1997,3,Stockwatering,DELTA WATERSHEDS;;PIT RIVER,Fleming Spring | 180800020202;Town of Surprise Station-North Fork Pit River | 180200020604,Van Loan Creek-Madeline Plains;North Fork Pit River,,,Eagle Lake/Applegate,
C004360,Registered,Registration,BLM California State Office,UNST,Modoc,12/23/1997,1.4,Stockwatering,DELTA WATERSHEDS;;PIT RIVER,Town of Surprise Station-North Fork Pit River | 180200020604,North Fork Pit River,,,Applegate,
C004361,Registered,Registration,BLM California State Office,UNST,Modoc,12/23/1997,5.3,Stockwatering,MIDDLE SIERRA;PIT RIVER,Warm Creek-South Fork Pit River | 180200020302,Dry Creek-South Fork Pit River,,,Applegate,
C004362,Registered,Registration,BLM California State Office,UNST,Modoc,12/23/1997,8.4,Stockwatering,PIT RIVER;DELTA WATERSHEDS;,Donovan Reservoir | 180200020802,Canyon Creek,,,Applegate,
C004363,Registered,Registration,BLM California State Office,UNST,Modoc,12/23/1997,0.8,Stockwatering,PIT RIVER,Donovan Reservoir | 180200020802,Canyon Creek,,,Applegate,
C004364,Registered,Registration,BLM California State Office,UNST,Modoc,12/23/1997,1,Stockwatering,DELTA WATERSHEDS;;PIT RIVER,Romero Creek-South Fork Pit River | 180200020402,Pine Creek-South Fork Pit River,,,Applegate,
C004365,Registered,Registration,BLM California State Office,UNST,Modoc,12/23/1997,1,Stockwatering,DELTA WATERSHEDS;;PIT RIVER,Romero Creek-South Fork Pit River | 180200020402,Pine Creek-South Fork Pit River,,,Applegate,
C004366,Registered,Registration,BLM California State Office,UNST,Modoc,12/23/1997,1.2,Stockwatering,PIT RIVER,Donovan Reservoir | 180200020802,Canyon Creek,,,Applegate,
C004367,Registered,Registration,BLM California State Office,UNST,Modoc,12/23/1997,1,Stockwatering,AMERICAN RIVER;PIT RIVER,Romero Creek-South Fork Pit River | 180200020402,Pine Creek-South Fork Pit River,,,Applegate,
C004368,Registered,Registration,BLM California State Office,UNST,Modoc,12/23/1997,0.3,Stockwatering,PIT RIVER;MIDDLE SIERRA,Donovan Reservoir | 180200020802,Canyon Creek,,,Applegate,
C004369,Registered,Registration,BLM California State Office,UNST,Modoc,12/23/1997,2.1,Stockwatering,DELTA WATERSHEDS;;PIT RIVER,Dorris Reservoir-South Fork Pit River | 180200020406,Pine Creek-South Fork Pit River,,,Applegate,
C004346,Registered,Registration,BLM California State Office,UNST,Siskiyou,12/23/1997,1,Stockwatering,North Coast AB2121 Area;Klamath,Davis Canyon-Butte Valley | 180102050303,Butte Valley,,,Redding,
C004347,Registered,Registration,BLM California State Office,UNST,Siskiyou,12/23/1997,1.9,Stockwatering,WHITMORE;Klamath,Lake Miller | 180102041404,Lower Klamath Lake,,,Redding,
C004348,Registered,Registration,BLM California State Office,UNST,Siskiyou,12/23/1997,1.4,Stockwatering,MIDDLE SIERRA;Klamath,Russell Lake | 180102050204,Red Rock Valley-Antelope Creek,,,Redding,
C004349,Registered,Registration,BLM California State Office,UNST,Siskiyou,12/23/1997,1.5,Stockwatering,Klamath;MIDDLE SIERRA,Russell Lake | 180102050204,Red Rock Valley-Antelope Creek,,,Redding,
C004350,Registered,Registration,BLM California State Office,UNST,Siskiyou,12/23/1997,0.5,Stockwatering,SAN JOAQUIN DELTA;LEGAL DELTA;Klamath,Davis Canyon-Butte Valley | 180102050303,Butte Valley,,,Redding,
C004351,Registered,Registration,BLM California State Office,UNST,Siskiyou,12/23/1997,2,Stockwatering,Klamath;North Coast AB2121 Area,Red Rock Valley | 180102050203,Red Rock Valley-Antelope Creek,,,Redding,
C004352,Registered,Registration,BLM California State Office,UNST,Siskiyou,12/23/1997,0.6,Stockwatering,WHITMORE;Klamath,Willow Creek | 180102041303,Badger Basin-Willow Creek,,,Redding,
C004353,Registered,Registration,BLM California State Office,UNST,Siskiyou,12/23/1997,1.5,Stockwatering,KLAMATH WATERSHED;Klamath,Willow Creek | 180102041303,Badger Basin-Willow Creek,,,Redding,
C004354,Registered,Registration,BLM California State Office,MODOC GULCH,Siskiyou,12/23/1997,2.8,Stockwatering,Klamath;KLAMATH WATERSHED,Modac Gulch-Butte Valley | 180102050301,Butte Valley,,,Redding,
C004355,Registered,Registration,BLM California State Office,UNST,Siskiyou,12/23/1997,1.4,Stockwatering,Klamath;PIT RIVER,Lake Miller | 180102041404,Lower Klamath Lake,,,Redding,
C004370,Registered,Registration,BLM California State Office,UNST,Shasta,12/23/1997,1.8,Stockwatering,AMERICAN RIVER;PIT RIVER,Lower Hat Creek Valley-Hat Creek | 180200030710,Hat Creek,,,Redding,
C004371,Registered,Registration,BLM California State Office,UNST,Shasta,12/23/1997,1.3,Stockwatering,PIT RIVER;SAN JOAQUIN DELTA;LEGAL DELTA,Chalk Reservoir-Pit River | 180200030805,Town of Pittville-Pit River,,,Redding,
C004372,Registered,Registration,BLM California State Office,UNST,Shasta,12/23/1997,8.4,Stockwatering,PIT RIVER;SHASTA BALLY,Tunnel Reservoir-Pit River | 180200031008,Kosk Creek-Pit River,,,Redding,
C004373,Registered,Registration,BLM California State Office,UNST,Shasta,12/23/1997,1.7,Stockwatering,PIT RIVER,Chalk Reservoir-Pit River | 180200030805,Town of Pittville-Pit River,,,Redding,
C004374,Registered,Registration,BLM California State Office,UNST,Shasta,12/23/1997,1.3,Stockwatering,DELTA WATERSHEDS;;PIT RIVER,Chalk Reservoir-Pit River | 180200030805,Town of Pittville-Pit River,,,Redding,
C004375,Registered,Registration,BLM California State Office,UNST,Shasta,12/23/1997,1.5,Stockwatering,PIT RIVER,Bald Mountain Reservoir-Pit River | 180200030804,Town of Pittville-Pit River,,,Redding,
C004376,Registered,Registration,BLM California State Office,PROCTOR CREEK,Shasta,12/23/1997,0.7,Stockwatering,PIT RIVER;DELTA WATERSHEDS;,Bald Mountain Reservoir-Pit River | 180200030804,Town of Pittville-Pit River,,,Redding,
C004379,Registered,Registration,BLM California State Office,UNST,Shasta,12/23/1997,2.1,Stockwatering,PIT RIVER;BEAR RIVER,Lower Beaver Creek | 180200030203,Beaver Creek,,,Redding,
C004380,Registered,Registration,BLM California State Office,UNST,Shasta,12/23/1997,0.1,Stockwatering,PIT RIVER;DELTA WATERSHEDS;,Lower Beaver Creek | 180200030203,Beaver Creek,,,Redding,
C004381,Registered,Registration,BLM California State Office,UNST,Shasta,12/23/1997,0.4,Stockwatering,PIT RIVER;DELTA WATERSHEDS;,Lower Beaver Creek | 180200030203,Beaver Creek,,,Redding,
C004387,Registered,Registration,BLM California State Office,UNST,Tehama,12/19/1997,0.1,Stockwatering,REDDING;DELTA WATERSHEDS;,Spring Branch-Battle Creek | 180201530302,Battle Creek,,,Redding,
C004388,Registered,Registration,BLM California State Office,UNST,Tehama,12/19/1997,0.4,Stockwatering,PIT RIVER;REDDING,Spring Branch-Battle Creek | 180201530302,Battle Creek,,,Redding,
C004390,Registered,Registration,BLM California State Office,UNST,Tehama,12/19/1997,0.2,Stockwatering,Klamath;REDDING,Spring Branch-Battle Creek | 180201530302,Battle Creek,,,Redding,
C004391,Registered,Registration,BLM California State Office,UNST,Santa Clara;Tehama,12/19/1997,0.5,Stockwatering,REDDING;DELTA WATERSHEDS;,San Felipe Creek | 180500030104;Spring Branch-Battle Creek | 180201530302,Upper Coyote Creek;Battle Creek,,,Redding/Central Coast,
C004392,Registered,Registration,BLM California State Office,UNST,Tehama,12/19/1997,0.1,Stockwatering,VALLEY PUTAH-CACHE;REDDING,Spring Branch-Battle Creek | 180201530302,Battle Creek,,,Redding,
C004393,Registered,Registration,BLM California State Office,UNST,Tehama,12/19/1997,0.3,Stockwatering,REDDING;Klamath,Spring Branch-Battle Creek | 180201530302,Battle Creek,,,Redding,
C004394,Registered,Registration,BLM California State Office,UNST,Tehama,12/19/1997,0.4,Stockwatering,REDDING;NORTH VALLEY FLOOR,Spring Branch-Battle Creek | 180201530302,Battle Creek,,,Redding,
C004395,Registered,Registration,BLM California State Office,UNST,Tehama,12/19/1997,0.5,Stockwatering,REDDING;DELTA WATERSHEDS;,Spring Branch-Battle Creek | 180201530302,Battle Creek,,,Redding,
C004396,Registered,Registration,BLM California State Office,UNST,Tehama,12/19/1997,0.1,Stockwatering,PIT RIVER;REDDING,Spring Branch-Battle Creek | 180201530302,Battle Creek,,,Redding,
C004397,Registered,Registration,BLM California State Office,UNST,Tehama,12/19/1997,0.1,Stockwatering,DELTA WATERSHEDS;;REDDING,Spring Branch-Battle Creek | 180201530302,Battle Creek,,,Redding,
C004398,Registered,Registration,BLM California State Office,UNST,Tehama,12/19/1997,0.1,Stockwatering,REDDING;DELTA WATERSHEDS;,Spring Branch-Battle Creek | 180201530302,Battle Creek,,,Redding,
C004399,Registered,Registration,BLM California State Office,UNST,Tehama,12/19/1997,1.5,Stockwatering,SAN JOAQUIN VALLEY FLOOR;REDDING,Spring Branch-Battle Creek | 180201530302,Battle Creek,,,Redding,
C004400,Registered,Registration,BLM California State Office,UNST,Tehama,12/19/1997,0.1,Stockwatering,REDDING;DELTA WATERSHEDS;,Spring Branch-Battle Creek | 180201530302,Battle Creek,,,Redding,
C004401,Registered,Registration,BLM California State Office,UNST,Tehama,12/19/1997,0.4,Stockwatering,REDDING;FEATHER RIVER,Spring Branch-Battle Creek | 180201530302,Battle Creek,,,Redding,
C004402,Registered,Registration,BLM California State Office,UNST,Tehama,12/19/1997,0.4,Stockwatering,DELTA WATERSHEDS;;REDDING,Spring Branch-Battle Creek | 180201530302,Battle Creek,,,Redding,
C004403,Registered,Registration,BLM California State Office,UNST,Tehama,12/19/1997,0.4,Stockwatering,REDDING;TEHAMA,Spring Branch-Battle Creek | 180201530302,Battle Creek,,,Redding,
C004404,Registered,Registration,BLM California State Office,UNST,Tehama,12/19/1997,0.3,Stockwatering,SACRAMENTO DELTA;LEGAL DELTA;REDDING,Spring Branch-Battle Creek | 180201530302,Battle Creek,,,Redding,
C004405,Registered,Registration,BLM California State Office,UNST,Tehama,12/19/1997,0.3,Stockwatering,REDDING;DELTA WATERSHEDS;,Spring Branch-Battle Creek | 180201530302,Battle Creek,,,Redding,
C004406,Registered,Registration,BLM California State Office,UNST,Tehama,12/19/1997,0.4,Stockwatering,REDDING;AMERICAN RIVER,Spring Branch-Battle Creek | 180201530302,Battle Creek,,,Redding,
C004407,Registered,Registration,BLM California State Office,UNST,Tehama,12/19/1997,0.5,Stockwatering,REDDING;TEHAMA,Spring Branch-Battle Creek | 180201530302,Battle Creek,,,Redding,
C004408,Registered,Registration,BLM California State Office,UNST,Marin;Tehama,12/19/1997,0.5,Stockwatering,North Coast AB2121 Area;REDDING,Estero De San Antonio | 180500050303;Spring Branch-Battle Creek | 180201530302,Tomales Bay-Bodega Bay;Battle Creek,,,Redding/Ukiah,
C004409,Registered,Registration,BLM California State Office,UNST,Tehama,12/19/1997,0.2,Stockwatering,REDDING;North Coast AB2121 Area,Spring Branch-Battle Creek | 180201530302,Battle Creek,,,Redding,
C004530,Registered,Registration,BLM California State Office,UNST,Tehama,12/19/1997,0.4,Stockwatering,AHWAHNEE;REDDING,Spring Branch-Battle Creek | 180201530302,Battle Creek,,,Redding,
C004428,Registered,Registration,BLM California State Office,UNST,Lake,10/31/1997,1.4,Stockwatering,DELTA WATERSHEDS;;CACHE CREEK,Rocky Creek-Cache Creek | 180201160604,Upper Cache Creek,,,Ukiah,
C004441,Registered,Registration,BLM California State Office,UNST,Lake,10/31/1997,4.5,Stockwatering,DELTA WATERSHEDS;;CACHE CREEK,Rocky Creek-Cache Creek | 180201160604,Upper Cache Creek,,,Ukiah,
C004442,Registered,Registration,BLM California State Office,UNST,Lake,10/31/1997,0.7,Stockwatering,CACHE CREEK;DELTA WATERSHEDS;,Rocky Creek-Cache Creek | 180201160604,Upper Cache Creek,,,Ukiah,
C004205,Registered,Registration,BLM California State Office,UNST,Lassen,12/23/1997,2,Stockwatering,PIT RIVER;DELTA WATERSHEDS;,Clarks Valley-Pit River | 180200030801,Town of Pittville-Pit River,,,Eagle Lake,
C004206,Registered,Registration,BLM California State Office,UNST,Lassen,12/23/1997,4,Stockwatering,DELTA WATERSHEDS;;PIT RIVER,Clarks Valley-Pit River | 180200030801,Town of Pittville-Pit River,,,Eagle Lake,
C004208,Registered,Registration,BLM California State Office,SPRING GULCH,Lassen,12/23/1997,1,Stockwatering,PIT RIVER;DELTA WATERSHEDS;,Muck Valley-Pit River | 180200021903,Widow Valley Creek-Pit River,,,Eagle Lake,
C004467,Registered,Registration,BLM California State Office,UNST,Lassen,4/10/1997,1,Stockwatering,,Bill Reservoir Number 1 | 180800030602,Horse Lake-Willow Creek,,,Eagle Lake,
C005775,Registered,Registration,BLM California State Office,UNST,Lassen,12/23/1997,9,Stockwatering,PIT RIVER;DELTA WATERSHEDS;,Bailey Creek | 180800020206;Lower Cedar Creek-West Valley Reservoir | 180200020203,Van Loan Creek-Madeline Plains;Cedar Creek,,,Eagle Lake,
C005776,Registered,Registration,BLM California State Office,UNST,Lassen,12/23/1997,4,Stockwatering; Other,PIT RIVER;CORTINA,Lower Cedar Creek-West Valley Reservoir | 180200020203,Cedar Creek,,,Eagle Lake,
C005777,Registered,Registration,BLM California State Office,UNST,Lassen,12/23/1997,1.2,Stockwatering,PIT RIVER,Lower Cedar Creek-West Valley Reservoir | 180200020203,Cedar Creek,,,Eagle Lake,
C005778,Registered,Registration,BLM California State Office,UNST,Lassen,12/23/1997,0.5,Stockwatering,,Mitchell Field | 180800020208,Van Loan Creek-Madeline Plains,,,Eagle Lake,
C005779,Registered,Registration,BLM California State Office,UNST,Lassen,12/23/1997,2,Stockwatering,PIT RIVER;DELTA WATERSHEDS;,Dry Creek | 180200020301,Dry Creek-South Fork Pit River,,,Eagle Lake,
C005780,Registered,Registration,BLM California State Office,UNST,Lassen,12/23/1997,0.3,Stockwatering,PIT RIVER,Moon Lake | 180200020202,Cedar Creek,,,Eagle Lake,
C005714,Registered,Registration,BLM California State Office,SPENCER CREEK,Lassen,4/10/1997,1,Stockwatering,;North Coast AB2121 Area,Lower Skedaddle Creek | 180800031403,Skedaddle Creek,,,Eagle Lake,
C005828,Registered,Registration,BLM California State Office,UNST,Shasta,12/23/1997,9,Stockwatering,DELTA WATERSHEDS;;PIT RIVER,Lower Hat Creek Valley-Hat Creek | 180200030710,Hat Creek,,,Redding,
C005829,Registered,Registration,BLM California State Office,UNST,Shasta,12/23/1997,7,Stockwatering,PIT RIVER,Bald Mountain Reservoir-Pit River | 180200030804,Town of Pittville-Pit River,,,Redding,
C005830,Registered,Registration,BLM California State Office,UNST,Shasta,12/23/1997,4,Stockwatering,PIT RIVER,Lower Beaver Creek | 180200030203,Beaver Creek,,,Redding,
C004164,Registered,Registration,BLM California State Office,UNST,Lassen,4/10/1997,0.5,Stockwatering,North Coast AB2121 Area;,Upper Cold Spring Creek | 180800020108,Cold Spring Creek-Madeline Plains,,,Eagle Lake,
C004169,Registered,Registration,BLM California State Office,WHISKEY CANYON,Lassen,4/10/1997,2,Stockwatering; Other,,Bailey Creek | 180800020206,Van Loan Creek-Madeline Plains,,,Eagle Lake,
C005699,Registered,Registration,BLM California State Office,CLEGHORN CREEK,Lassen,4/10/1997,2,Stockwatering,,Cleghorn Creek-Frontal Eagle Lake | 180800030303,Lower Pine Creek-Eagle Lake,,,Eagle Lake,
C005705,Registered,Registration,BLM California State Office,UNST,Lassen,4/10/1997,3.5,Stockwatering,,Lake Leavitt-Susan River | 180800030704,Lower Susan River-Frontal Honey Lake,,,Eagle Lake,
C005707,Registered,Registration,BLM California State Office,UNST,Lassen,4/10/1997,1,Stockwatering,;WHITMORE,Petes Creek | 180800030606,Horse Lake-Willow Creek,,,Eagle Lake,
C005708,Registered,Registration,BLM California State Office,UNST,Lassen,4/10/1997,2.5,Other; Stockwatering,,Fleming Spring | 180800020202,Van Loan Creek-Madeline Plains,,,Eagle Lake,
C005709,Registered,Registration,BLM California State Office,UNST,Lassen,4/10/1997,2,Stockwatering,,Upper Willow Creek | 180800030605,Horse Lake-Willow Creek,,,Eagle Lake,
C005710,Registered,Registration,BLM California State Office,UNST,Lassen,4/10/1997,1,Stockwatering; Other,AMERICAN RIVER;,Lower Dry Lake-Frontal Eagle Lake | 180800030304,Lower Pine Creek-Eagle Lake,,,Eagle Lake,
C005711,Registered,Registration,BLM California State Office,UNST,Lassen;Napa,4/10/1997,2,Stockwatering,PUTAH CREEK;,Upper Pope Creek | 180201620201;Lake Leavitt-Susan River | 180800030704,Pope Creek;Lower Susan River-Frontal Honey Lake,,,Eagle Lake/Ukiah,
C005712,Registered,Registration,BLM California State Office,COTTONWOOD CANYON,Lassen,4/10/1997,2.8,Stockwatering,PIT RIVER;,Horse Lake | 180800030603,Horse Lake-Willow Creek,,,Eagle Lake,
C005713,Registered,Registration,BLM California State Office,UNST,Lassen,4/10/1997,2,Stockwatering,,Lake Leavitt-Susan River | 180800030704,Lower Susan River-Frontal Honey Lake,,,Eagle Lake,
C005715,Registered,Registration,BLM California State Office,UNST,Lassen,4/10/1997,8.5,Stockwatering,;REDDING,Lower Dry Lake-Frontal Eagle Lake | 180800030304,Lower Pine Creek-Eagle Lake,,,Eagle Lake,
C005716,Registered,Registration,BLM California State Office,UNST,Lassen,4/10/1997,2.5,Other; Stockwatering,PUTAH CREEK;,Petes Creek | 180800030606,Horse Lake-Willow Creek,,,Eagle Lake,
C005717,Registered,Registration,BLM California State Office,UNST,Lassen,4/10/1997,2,Stockwatering,PIT RIVER;,Upper Willow Creek | 180800030605,Horse Lake-Willow Creek,,,Eagle Lake,
C005718,Registered,Registration,BLM California State Office,UNST,Lassen,4/10/1997,2,Stockwatering,,Lower Dry Lake-Frontal Eagle Lake | 180800030304,Lower Pine Creek-Eagle Lake,,,Eagle Lake,
C005719,Registered,Registration,BLM California State Office,UNST,Lassen,4/10/1997,1.5,Stockwatering,TUOLUMNE RIVER;,Bill Reservoir Number 1 | 180800030602,Horse Lake-Willow Creek,,,Eagle Lake,
C005720,Registered,Registration,BLM California State Office,UNST,Lassen,4/10/1997,2,Stockwatering; Other,,Bill Reservoir Number 1 | 180800030602,Horse Lake-Willow Creek,,,Eagle Lake,
C005785,Registered,Registration,BLM California State Office,UNST,Lassen,4/10/1997,2.8,Other; Stockwatering,,Branham Reservoir-Pine Creek | 180800030601,Horse Lake-Willow Creek,,,Eagle Lake,
C005786,Registered,Registration,BLM California State Office,UNST,Lassen,4/10/1997,3,Stockwatering,;EASTERN TEHAMA,Mud Flat | 180800030508,Deep Creek-Secret Creek,,,Eagle Lake,
C005818,Registered,Registration,BLM California State Office,UNST,Lassen,4/10/1997,0.4,Stockwatering,BUTTE CREEK;,Ducasse Reservoir | 180800020205,Van Loan Creek-Madeline Plains,,,Eagle Lake,
C005841,Registered,Registration,BLM California State Office,CLEGHORN CREEK,Lassen,4/10/1997,2,Stockwatering,;UPPER  ELMIRA,Cleghorn Creek-Frontal Eagle Lake | 180800030303,Lower Pine Creek-Eagle Lake,,,Eagle Lake,
C004204,Registered,Registration,BLM California State Office,UNST,Lassen,12/23/1997,1,Stockwatering,DELTA WATERSHEDS;;PIT RIVER,Lower Beaver Creek | 180200030203,Beaver Creek,,,Eagle Lake,
C005819,Registered,Registration,BLM California State Office,UNST,Lassen,12/23/1997,7,Stockwatering,;Klamath,Coyote Flat | 180800020201,Van Loan Creek-Madeline Plains,,,Eagle Lake,
C005820,Registered,Registration,BLM California State Office,UNST,Modoc,12/23/1997,0.5,Stockwatering,DELTA WATERSHEDS;;PIT RIVER,Montgomery Canyon-South Fork Pit River | 180200020305,Dry Creek-South Fork Pit River,,,Applegate,
C005821,Registered,Registration,BLM California State Office,UNST,Modoc,12/23/1997,8,Stockwatering,PIT RIVER;Klamath,Big Juniper Creek-Little Juniper Creek | 180200020401,Pine Creek-South Fork Pit River,,,Applegate,
C005822,Registered,Registration,BLM California State Office,UNST,Lassen,12/23/1997,3.5,Stockwatering,;VALLEY PUTAH-CACHE,Mitchell Field | 180800020208,Van Loan Creek-Madeline Plains,,,Eagle Lake,
C005824,Registered,Registration,BLM California State Office,UNST,Modoc,12/23/1997,6,Stockwatering,North Coast AB2121 Area;Klamath,Russell Canyon | 180102040905,Mills Creek-Lost River,,,Applegate,
C005825,Registered,Registration,BLM California State Office,,Sacramento,12/23/1997,3.5,Stockwatering,,Lake Greenhaven-Sacramento River | 180201630701,Sherman Lake-Sacramento River,,,Mother Lode,
C005827,Registered,Registration,BLM California State Office,UNST,Lassen,12/23/1997,4,Stockwatering,PIT RIVER,Sheep Valley | 180200030101,Horse Creek,,,Eagle Lake,
C006002,Registered,Registration,BLM California State Office,UNST,Lassen,12/31/1997,2.8,Stockwatering,,Fleming Spring | 180800020202,Van Loan Creek-Madeline Plains,,,Eagle Lake,
C006004,Registered,Registration,BLM California State Office,UNST,Nevada,4/10/1997,3.5,Other; Stockwatering,YUBA RIVER;Klamath,Bowman Lake-Canyon Creek | 180201250603,Upper South Yuba River,,,Ukiah,
C006005,Registered,Registration,BLM California State Office,UNST,Lassen,4/10/1997,2,Stockwatering,,Middle Deep Creek | 180800030506,Deep Creek-Secret Creek,,,Eagle Lake,
C006006,Registered,Registration,BLM California State Office,UNST,Lassen;Siskiyou,4/10/1997,1.5,Stockwatering; Other,Klamath;,Bunton Hollow Creek-Shasta River | 180102070503;Fleming Spring | 180800020202,Yreka Creek-Shasta River;Van Loan Creek-Madeline Plains,,,Eagle Lake/Redding,
C006034,Registered,Registration,BLM California State Office,UNST,Lassen,4/10/1997,2,Stockwatering,,Upper Snowstorm Creek | 180800030503,Deep Creek-Secret Creek,,,Eagle Lake,
C005831,Registered,Registration,BLM California State Office,UNST,Lassen,12/23/1997,10,Stockwatering,DELTA WATERSHEDS;;PIT RIVER,Peacock Creek-Pit River | 180200030802,Town of Pittville-Pit River,,,Eagle Lake,
C006035,Registered,Registration,BLM California State Office,UNST,Lassen,12/23/1997,3,Stockwatering,PIT RIVER;AMERICAN RIVER,Little Davis Creek-Horse Creek | 180200030106,Horse Creek,,,Eagle Lake,
C006036,Registered,Registration,BLM California State Office,UNST,Lassen,12/23/1997,6,Stockwatering,,Upper Cold Spring Creek | 180800020108,Cold Spring Creek-Madeline Plains,,,Eagle Lake,
C006037,Registered,Registration,BLM California State Office,UNST,Lassen,12/23/1997,0.6,Stockwatering,PIT RIVER;PUTAH CREEK,Lower Cedar Creek-West Valley Reservoir | 180200020203,Cedar Creek,,,Eagle Lake,
C006038,Registered,Registration,BLM California State Office,UNST,Modoc,12/23/1997,10,Stockwatering,PIT RIVER;MIDDLE SIERRA,Donovan Reservoir | 180200020802,Canyon Creek,,,Bishop,
A000312,Licensed,License,BLM ALTURAS FIELD OFFICE,BONNER RAVINE,Modoc,4/22/1916,115,Fish and Wildlife Preservation and Enhancement; Recreational; Stockwatering,North Coast AB2121 Area;;NORTH VALLEY FLOOR,Lassen Creek-Frontal Goose Lake | 180200010305,Willow Creek-Frontal Goose Lake,,,Bishop,
A014463,Licensed,License,BLM California State Office,NORTH FORK WEBER CREEK,El Dorado,9/4/1951,10,Recreational,DELTA WATERSHEDS;;MIDDLE SIERRA,Lower North Fork Cosumnes River | 180400130204,North Fork Cosumnes River,,,MLFO,
A015698,Licensed,License,Duane Martin Jr,BURTON SLOUGH;UNSL;MOKELUMNE RIVER,Sacramento,1/21/1954,12878.9,Irrigation,SACRAMENTO DELTA;LEGAL DELTA;SAN JOAQUIN DELTA;LEGAL DELTA,South Stone Lake-Snodgrass Slough | 180400121002;Grizzly Slough-Cosumnes River | 180400130803,Snodgrass Slough;Lower Cosumnes River,,,MLFO,
A016097,Licensed,License,BLM California State Office,UNCR,San Joaquin,10/18/1954,353,Irrigation,SAN JOAQUIN DELTA;LEGAL DELTA,Hog Slough | 180400121103,Lower Mokelumne River,,,MLFO,
A016390,Licensed,License,BLM California State Office,COSUMNES RIVER,Sacramento,5/23/1955,45.2,Irrigation,NORTH VALLEY FLOOR,Grizzly Slough-Cosumnes River | 180400130803,Lower Cosumnes River,,,MLFO,
A016640,Licensed,License,BLM RIDGECREST FIELD OFFICE,JACKPOT SPRING,Inyo,9/29/1955,1.3,Mining; Domestic,,Pleasant Canyon-Panamint Valley | 180902041204,Water Canyon-Panamint Valley,,,Ridgecrest,
A016869,Licensed,License,BLM California State Office,BALD MOUNTAIN LAKE;UNST,Lassen,1/31/1956,2.9,Stockwatering,UPPER CALAVERAS;PIT RIVER;MIDDLE SIERRA,Little Valley-Horse Creek | 180200030107;Little Davis Creek-Horse Creek | 180200030106,Horse Creek,,,Eagle Lake,
A016870,Licensed,License,BLM California State Office,UNDR,Lassen,1/31/1956,0.2,Stockwatering,PIT RIVER;YUBA RIVER,Middle Beaver Creek | 180200030202,Beaver Creek,,,Eagle Lake,
A016871,Licensed,License,BLM ALTURAS FIELD OFFICE,UNST,Lassen,1/31/1956,4,Stockwatering,North Coast AB2121 Area;PIT RIVER;DELTA WATERSHEDS;;BALL MOUNTAIN,Peacock Creek-Pit River | 180200030802;Lower Beaver Creek | 180200030203;Middle Beaver Creek | 180200030202,Town of Pittville-Pit River;Beaver Creek,,,Eagle Lake,
A016873,Licensed,License,BLM ALTURAS FIELD OFFICE,UNST;SPRING GULCH;NORTH GULCH,Lassen,1/31/1956,4.4,Stockwatering,PIT RIVER;PUTAH CREEK;DELTA WATERSHEDS;;AMERICAN RIVER,Clarks Valley-Pit River | 180200030801;Muck Valley-Pit River | 180200021903,Town of Pittville-Pit River;Widow Valley Creek-Pit River,,,Eagle Lake,
A016866,Licensed,License,BLM ALTURAS FIELD OFFICE,UNST,Lassen,1/31/1956,1.5,Stockwatering,PIT RIVER;AMERICAN RIVER,Upper Willow Creek | 180200021601,Willow Creek,,,Eagle Lake,
A016868,Licensed,License,BLM ALTURAS FIELD OFFICE,UNST,Lassen,1/31/1956,10.8,Stockwatering,PIT RIVER;YUBA RIVER;MIDDLE SIERRA;DELTA WATERSHEDS;;PUTAH CREEK;AHWAHNEE;UPPER SACRAMENTO,Coyote Reservoir | 180200030102;Sheep Valley | 180200030101,Horse Creek,,,Eagle Lake,
A016899,Licensed,License,BLM ALTURAS FIELD OFFICE,UNST,Lake;Shasta,2/20/1956,10,Recreational; Stockwatering; Fish and Wildlife Preservation and Enhancement; Aquaculture,PIT RIVER;PUTAH CREEK,Dry Creek-Putah Creek | 180201620302;Bald Mountain Reservoir-Pit River | 180200030804,Upper Putah Creek;Town of Pittville-Pit River,,,Ukiah/Redding,
A017450,Licensed,License,BLM RIDGECREST FIELD OFFICE,SHORT CANYON SPRING,Kern,2/4/1957,2.5,Stockwatering,,Grapevine Canyon | 180902050704,Grapevine Canyon,,,Bakersfield,
A017990,Licensed,License,BLM California State Office,FRANCIS SPRING,San Bernardino,2/10/1958,1.6,Stockwatering,,Francis Spring | 180902031106,Upper Kingston Wash,,,Barstow . Needles . Ridgecrest,
A017991,Licensed,License,BLM California State Office,BULL SPRING,San Bernardino,2/10/1958,3.2,Stockwatering,,Bull Spring Wash | 180902082401,Halloran Wash,,,Barstow . Needles . Ridgecrest,
A004682,Licensed,License,BLM RIDGECREST FIELD OFFICE,EAST SACATAR CREEK,Inyo,7/8/1925,34.8,Irrigation; Domestic,,Portuguese Canyon | 180902050303,Rose Valley,,,Ridgecrest,
A009658,Licensed,License,BLM California State Office,VIRGINIA CREEK,Mono,7/10/1939,17.9,Fire Protection; Domestic; Industrial,,Virginia Creek | 160503010103,Headwaters East Walker River,,,Bishop,
A010504,Licensed,License,BLM California State Office,MULE SPRING,Amador,7/15/1942,10.5,Fire Protection; Domestic; Stockwatering,BEAR RIVER,Little Bear Creek-Bear River | 180201260103,Upper Bear River,,,Mother Lode,
A011393,Licensed,License,BLM California State Office,RUTH SPRINGS,Inyo,5/6/1946,27.5,Domestic; Mining,,Homewood Canyon | 180902051201,Searles Valley,,,Ridgecrest,
A027616,Licensed,License,BLM California State Office,DRY CREEK,Lassen,12/23/1982,1533,Fish and Wildlife Preservation and Enhancement; Stockwatering; Recreational,PIT RIVER;Klamath,Dry Creek | 180200020301,Dry Creek-South Fork Pit River,,,Eagle Lake/Ukiah,
A028117,Licensed,License,BLM California State Office,BIRCH CREEK,Inyo,4/18/1984,0.8,Stockwatering,,Tinehama Creek | 180901020803,Tinemaha Creek-Owens River,,,Ridgecrest,
A028086,Licensed,License,BLM ALTURAS FIELD OFFICE,UNSP,Lassen;Nevada,3/29/1984,6,Fish and Wildlife Preservation and Enhancement; Recreational; Stockwatering,,Prosser Creek | 160501020205;Dry Creek | 180800020103,Prosser Creek-Truckee River;Cold Spring Creek-Madeline Plains,,,Applegate,
A028088,Licensed,License,BLM ALTURAS FIELD OFFICE,UNST,Modoc,3/29/1984,0.8,Fish and Wildlife Preservation and Enhancement; Stockwatering,PIT RIVER;Klamath,Dorris Reservoir-South Fork Pit River | 180200020406,Pine Creek-South Fork Pit River,,,Applegate,
A028091,Licensed,License,BLM California State Office,UNST,Modoc,3/29/1984,0.6,Stockwatering; Fish and Wildlife Preservation and Enhancement,DELTA WATERSHEDS;;PIT RIVER,Hot Creek-Pit River | 180200020902,Warm Springs Valley-Pit River,,,Applegate,
A028093,Licensed,License,BLM ALTURAS FIELD OFFICE,UNST,Lassen,3/29/1984,0.9,Fish and Wildlife Preservation and Enhancement; Stockwatering,Klamath;PIT RIVER,Stones Canyon | 180200020303,Dry Creek-South Fork Pit River,,,Eagle Lake,
A028095,Licensed,License,BLM ALTURAS FIELD OFFICE,UNST,Modoc;Santa Clara,3/29/1984,1,Stockwatering; Fish and Wildlife Preservation and Enhancement,PIT RIVER;DELTA WATERSHEDS;,Linnville Creek-North Fork Pit River | 180200020601;San Felipe Creek | 180500030104,North Fork Pit River;Upper Coyote Creek,,,Applegate/Central Coast,
A028096,Licensed,License,BLM ALTURAS FIELD OFFICE,UNST,Modoc,3/29/1984,0.4,Fish and Wildlife Preservation and Enhancement; Stockwatering; Recreational,PIT RIVER;DELTA WATERSHEDS;,Linnville Creek-North Fork Pit River | 180200020601,North Fork Pit River,,,Applegate,
A028098,Licensed,License,BLM ALTURAS FIELD OFFICE,UNST,Lassen,3/29/1984,0.8,Fish and Wildlife Preservation and Enhancement; Stockwatering; Recreational,DELTA WATERSHEDS;;PIT RIVER,Holbrook Canyon | 180200021402,Cottonwood Creek-Ash Creek,,,Eagle Lake,
A028099,Licensed,License,BLM ALTURAS FIELD OFFICE,UNST,Lassen;San Luis Obispo,3/29/1984,1.2,Fish and Wildlife Preservation and Enhancement; Stockwatering,DELTA WATERSHEDS;;PIT RIVER,Dry Creek | 180200020301;Sycamore Creek-Cuyama River | 180600070602,Dry Creek-South Fork Pit River;Lower Cuyama River,,,Eagle Lake/Bakersfield,
A028256,Licensed,License,BLM California State Office,UNST,Lassen,10/1/1984,0.6,Fish and Wildlife Preservation and Enhancement; Stockwatering,SAN JOAQUIN DELTA;LEGAL DELTA;PIT RIVER,Sheep Valley | 180200030101,Horse Creek,,,Eagle Lake,
A028257,Licensed,License,BLM California State Office,UNST,Lassen,10/1/1984,0.6,Stockwatering; Fish and Wildlife Preservation and Enhancement,PIT RIVER;SAN JOAQUIN DELTA;LEGAL DELTA,Sheep Valley | 180200030101,Horse Creek,,,Eagle Lake,
A028258,Licensed,License,BLM California State Office,UNST,Lassen;Santa Clara,10/1/1984,0.4,Stockwatering; Fish and Wildlife Preservation and Enhancement,DELTA WATERSHEDS;;PIT RIVER,Coyote Reservoir | 180200030102;Alamitos Creek | 180500030301,Horse Creek;Guadalupe River-Frontal San Francisco Bay Estuaries,,,Eagle Lake/Cental Coast,
A028259,Licensed,License,BLM California State Office,UNST,Lassen,10/1/1984,0.8,Fish and Wildlife Preservation and Enhancement; Stockwatering,PIT RIVER;SAN JOAQUIN DELTA;LEGAL DELTA,Sheep Valley | 180200030101,Horse Creek,,,Eagle Lake,
A028261,Licensed,License,BLM ALTURAS FIELD OFFICE,UNST,Modoc,10/1/1984,1.2,Fish and Wildlife Preservation and Enhancement; Stockwatering,PIT RIVER;DELTA WATERSHEDS;,Donovan Reservoir | 180200020802,Canyon Creek,,,Applegate,
A028264,Licensed,License,BLM ALTURAS FIELD OFFICE,UNST,Lassen,10/1/1984,0.9,Fish and Wildlife Preservation and Enhancement,PIT RIVER;DELTA WATERSHEDS;,Frazier Creek | 180200030503,Fall River,,,Eagle Lake,
A028265,Licensed,License,BLM ALTURAS FIELD OFFICE,UNST,Lassen,10/1/1984,0.3,Fish and Wildlife Preservation and Enhancement,PIT RIVER;Klamath,Frazier Creek | 180200030503,Fall River,,,Eagle Lake,
A028267,Licensed,License,BLM California State Office,UNST,Lassen,10/1/1984,0.7,Stockwatering; Fish and Wildlife Preservation and Enhancement,CACHE CREEK;,Coyote Flat | 180800020201,Van Loan Creek-Madeline Plains,,,Eagle Lake,
A028268,Licensed,License,BLM ALTURAS FIELD OFFICE,UNST,Lassen,10/1/1984,0.9,Fish and Wildlife Preservation and Enhancement; Stockwatering,,Dry Creek | 180800020103,Cold Spring Creek-Madeline Plains,,,Eagle Lake,
A028270,Licensed,License,BLM California State Office,UNST,Modoc,10/1/1984,0.5,Fish and Wildlife Preservation and Enhancement; Stockwatering,Klamath;PIT RIVER,Dorris Reservoir-South Fork Pit River | 180200020406,Pine Creek-South Fork Pit River,,,Applegate,
A028271,Licensed,License,BLM California State Office,UNST,Modoc,10/1/1984,1.2,Fish and Wildlife Preservation and Enhancement; Stockwatering,PIT RIVER,Dorris Reservoir-South Fork Pit River | 180200020406,Pine Creek-South Fork Pit River,,,Applegate,
A028272,Licensed,License,BLM California State Office,UNST,Modoc;San Joaquin,10/1/1984,0.2,Stockwatering; Fish and Wildlife Preservation and Enhancement,PIT RIVER;SAN JOAQUIN DELTA;LEGAL DELTA,Burns Cutoff-San Joaquin River | 180400030501;Dorris Reservoir-South Fork Pit River | 180200020406,Fivemile Creek-San Joaquin River;Pine Creek-South Fork Pit River,,,Applegate/Central Coast,
A028273,Licensed,License,BLM ALTURAS FIELD OFFICE,UNST,Lassen,10/1/1984,0.5,Fish and Wildlife Preservation and Enhancement; Stockwatering,PIT RIVER;SAN JOAQUIN DELTA;LEGAL DELTA,Moon Lake | 180200020202,Cedar Creek,,,Eagle Lake,
A028274,Licensed,License,BLM ALTURAS FIELD OFFICE,UNST,Lassen,10/1/1984,0.4,Stockwatering; Fish and Wildlife Preservation and Enhancement,DELTA WATERSHEDS;;PIT RIVER,Moon Lake | 180200020202,Cedar Creek,,,Eagle Lake,
A028275,Licensed,License,BLM ALTURAS FIELD OFFICE,UNST,Lassen,10/1/1984,0.8,Fish and Wildlife Preservation and Enhancement; Stockwatering,North Coast AB2121 Area;PIT RIVER,Moon Lake | 180200020202,Cedar Creek,,,Eagle Lake,
A028276,Licensed,License,BLM ALTURAS FIELD OFFICE,UNST,Lassen,10/1/1984,0.4,Stockwatering; Fish and Wildlife Preservation and Enhancement,PIT RIVER;DELTA WATERSHEDS;,Moon Lake | 180200020202,Cedar Creek,,,Eagle Lake,
A028277,Licensed,License,LIKELY LAND & LIVESTOCK COMPANY,UNST,Lassen,10/1/1984,0.4,Stockwatering; Fish and Wildlife Preservation and Enhancement,,Dry Creek | 180800020103,Cold Spring Creek-Madeline Plains,,,Eagle Lake,
A028304,Licensed,License,BLM California State Office,UNST,Lassen,11/1/1984,1,Fish and Wildlife Preservation and Enhancement; Fire Protection; Stockwatering,VALLEY-AMERICAN;,Mud Flat | 180800030508,Deep Creek-Secret Creek,,,Eagle Lake,
A028306,Licensed,License,BLM California State Office,UNST,Lassen;Placer,11/1/1984,0.4,Stockwatering; Fire Protection; Fish and Wildlife Preservation and Enhancement,AMERICAN RIVER;,Dutch Ravine-Auburn Ravine | 180201610102;Mud Flat | 180800030508,Auburn Ravine;Deep Creek-Secret Creek,,,Eagle Lake/Mother Lode,
A028308,Licensed,License,BLM California State Office,UNST,Lassen,11/1/1984,0.8,Stockwatering; Fish and Wildlife Preservation and Enhancement; Fire Protection,,Lower Cold Spring Creek-Madeline Plains | 180800020109,Cold Spring Creek-Madeline Plains,,,Eagle Lake,
A028309,Licensed,License,BLM California State Office,UNST,Lassen,11/1/1984,0.9,Stockwatering; Fire Protection; Fish and Wildlife Preservation and Enhancement,;MIDDLE SIERRA,Fleming Spring | 180800020202,Van Loan Creek-Madeline Plains,,,Eagle Lake,
A028311,Licensed,License,BLM California State Office,UNST,Lassen,11/1/1984,0.1,Fire Protection; Stockwatering; Fish and Wildlife Preservation and Enhancement,REDDING;,Upper Secret Creek | 180800030501,Deep Creek-Secret Creek,,,Eagle Lake,
A028312,Licensed,License,BLM California State Office,UNST,Lassen,11/1/1984,1.6,Fish and Wildlife Preservation and Enhancement; Stockwatering; Fire Protection,;North Coast AB2121 Area,Headwaters Smoke Creek | 160402030901,Smoke Creek-Frontal Smoke Creek Desert,,,Eagle Lake,
A028289,Licensed,License,BLM California State Office,UNST,Lassen,10/18/1984,0.4,Fish and Wildlife Preservation and Enhancement; Stockwatering; Fire Protection,;SAN JOAQUIN DELTA;LEGAL DELTA,Fleming Spring | 180800020202,Van Loan Creek-Madeline Plains,,,Eagle Lake,
A028290,Licensed,License,BLM California State Office,UNST,Lassen;Mono,10/18/1984,0.7,Fish and Wildlife Preservation and Enhancement; Stockwatering; Fire Protection,,Lower Cold Spring Creek-Madeline Plains | 180800020109;Bridgeport Reservoir-East Walker River | 160503010110,Cold Spring Creek-Madeline Plains;Headwaters East Walker River,,,Eagle Lake/Bishop,
A028293,Licensed,License,BLM California State Office,UNST,Lassen,10/18/1984,1,Stockwatering; Fire Protection; Fish and Wildlife Preservation and Enhancement,,Mud Flat | 180800030508,Deep Creek-Secret Creek,,,Eagle Lake,
A028295,Licensed,License,BLM California State Office,UNST,Lassen,10/18/1984,0.8,Fire Protection; Fish and Wildlife Preservation and Enhancement; Stockwatering,;MIDDLE WEST SIDE,Mud Flat | 180800030508,Deep Creek-Secret Creek,,,Eagle Lake,
A028297,Licensed,License,BLM California State Office,UNST,Lassen,10/18/1984,0.7,Fire Protection; Fish and Wildlife Preservation and Enhancement; Stockwatering,;MIDDLE WEST SIDE,Mud Flat | 180800030508,Deep Creek-Secret Creek,,,Eagle Lake,
A028298,Licensed,License,BLM California State Office,UNST,Lassen,10/18/1984,1,Fish and Wildlife Preservation and Enhancement; Stockwatering; Fire Protection,,Mud Flat | 180800030508,Deep Creek-Secret Creek,,,Eagle Lake,
A028328,Licensed,License,BLM California State Office,UNST,Lassen;Monterey,11/26/1984,0.2,Fire Protection; Stockwatering; Fish and Wildlife Preservation and Enhancement,,Tularcitos Creek | 180600060103;Upper Deep Creek | 180800030505,Carmel River;Deep Creek-Secret Creek,,,Eagle Lake/Cental Coast,
A028329,Licensed,License,BLM California State Office,UNST,Lassen,11/26/1984,0.7,Stockwatering; Fish and Wildlife Preservation and Enhancement; Fire Protection,;TUOLUMNE RIVER,Upper Deep Creek | 180800030505,Deep Creek-Secret Creek,,,Eagle Lake,
A028330,Licensed,License,BLM California State Office,UNST,Lassen,11/26/1984,0.1,Fish and Wildlife Preservation and Enhancement; Stockwatering; Fire Protection,AMERICAN RIVER;,Upper Deep Creek | 180800030505,Deep Creek-Secret Creek,,,Eagle Lake,
A028331,Licensed,License,BLM California State Office,UNST,Lake;Lassen,11/26/1984,0.4,Fire Protection; Stockwatering; Fish and Wildlife Preservation and Enhancement,;PUTAH CREEK,Upper Skedaddle Creek | 180800031401;Bucksnort Creek | 180201620305,Skedaddle Creek;Upper Putah Creek,,,Eagle Lake/Ukaiah,
A028332,Licensed,License,BLM California State Office,UNST,Lassen;Los Angeles,11/26/1984,1.1,Fish and Wildlife Preservation and Enhancement; Fire Protection; Stockwatering,,Upper Skedaddle Creek | 180800031401;Pescado Creek | 180902061302,Skedaddle Creek;Sacatara Creek-Kings Canyon,,,Eagle Lake,
A028333,Licensed,License,BLM California State Office,UNST,Lassen,11/26/1984,0.4,Fish and Wildlife Preservation and Enhancement; Fire Protection; Stockwatering,;AMERICAN RIVER,Rush Creek | 160402030904,Smoke Creek-Frontal Smoke Creek Desert,,,Eagle Lake,
A028335,Licensed,License,BLM California State Office,UNST,Lassen;Monterey,11/26/1984,1.3,Stockwatering; Fish and Wildlife Preservation and Enhancement; Fire Protection,,El Toro Creek | 180600051508;Upper Deep Creek | 180800030505,El Toro Creek-Salinas River;Deep Creek-Secret Creek,,,Eagle Lake/Cental Coast,
A028336,Licensed,License,BLM California State Office,LAVER SPRING,Lassen;Mariposa,11/26/1984,0.2,Stockwatering; Fire Protection; Fish and Wildlife Preservation and Enhancement,;MARIPOSA,Agua Fria Creek | 180400011501;Upper Deep Creek | 180800030505,Duck Slough;Deep Creek-Secret Creek,,,Eagle Lake/Mother Lode,
A028337,Licensed,License,BLM California State Office,UNST,Lassen,11/26/1984,1.7,Fire Protection; Stockwatering; Fish and Wildlife Preservation and Enhancement,,Middle Skedaddle Creek | 180800031402,Skedaddle Creek,,,Eagle Lake,
A028338,Licensed,License,BLM California State Office,BULL CREEK,Lassen,11/26/1984,0.5,Fire Protection; Stockwatering; Fish and Wildlife Preservation and Enhancement,;YUBA RIVER,Upper Deep Creek | 180800030505,Deep Creek-Secret Creek,,,Eagle Lake,
A028339,Licensed,License,BLM California State Office,UNST,Lassen;Nevada,11/26/1984,0.3,Fire Protection; Stockwatering; Fish and Wildlife Preservation and Enhancement,;YUBA RIVER,Upper Deep Creek | 180800030505;Shady Creek-South Yuba River | 180201250704,Deep Creek-Secret Creek;Lower South Yuba River,,,Eagle Lake,
A028341,Licensed,License,BLM California State Office,UNST,Lassen,11/26/1984,0.4,Stockwatering; Fire Protection; Fish and Wildlife Preservation and Enhancement,,Lower Cold Spring Creek-Madeline Plains | 180800020109,Cold Spring Creek-Madeline Plains,,,Eagle Lake,
A028321,Licensed,License,BLM California State Office,UNST,Mariposa;San Diego,11/9/1984,0.4,Fish and Wildlife Preservation and Enhancement; Stockwatering,MERCED RIVER;DELTA WATERSHEDS;,Vallecito Wash | 181002020101;Saxon Creek-Merced River | 180400080503,Vallecito Creek;Bear Creek-Merced River,,,MLFO/Palm Springs,
A028038,Licensed,License,BLM California State Office,UNST,Lassen,3/22/1984,0.7,Fish and Wildlife Preservation and Enhancement; Fire Protection; Stockwatering,MIDDLE SIERRA;,Upper Skedaddle Creek | 180800031401,Skedaddle Creek,,,Eagle Lake,
A028043,Licensed,License,BLM California State Office,UNST,Lassen,3/22/1984,0.4,Fire Protection; Stockwatering; Fish and Wildlife Preservation and Enhancement,;Klamath,Upper Smoke Creek | 160402030902,Smoke Creek-Frontal Smoke Creek Desert,,,Eagle Lake,
A028045,Licensed,License,BLM California State Office,UNST,Lassen,3/22/1954,0.2,Stockwatering; Fish and Wildlife Preservation and Enhancement; Fire Protection,North Coast AB2121 Area;,Lower Skedaddle Creek | 180800031403,Skedaddle Creek,,,Eagle Lake,
A028046,Licensed,License,BLM California State Office,UNST,Lassen,3/22/1984,0.6,Stockwatering; Fish and Wildlife Preservation and Enhancement; Fire Protection,;NORTH VALLEY FLOOR,Lower Skedaddle Creek | 180800031403,Skedaddle Creek,,,Eagle Lake,
A028047,Licensed,License,BLM California State Office,UNST,Lassen,3/22/1984,0.7,Stockwatering; Fish and Wildlife Preservation and Enhancement; Fire Protection,FEATHER RIVER;,Upper Snowstorm Creek | 180800030503,Deep Creek-Secret Creek,,,Eagle Lake,
A028048,Licensed,License,BLM California State Office,UNST,Lassen,3/22/1984,1.5,Stockwatering; Fire Protection; Fish and Wildlife Preservation and Enhancement,,Upper Secret Creek | 180800030501,Deep Creek-Secret Creek,,,Eagle Lake,
A028049,Licensed,License,BLM California State Office,UNST,Lassen,3/22/1984,0.5,Stockwatering; Fish and Wildlife Preservation and Enhancement; Fire Protection,,Lower Pine Valley Creek | 180703050803;Middle Skedaddle Creek | 180800031402,Pine Valley Creek;Skedaddle Creek,,,Eagle Lake,
A028050,Licensed,License,BLM California State Office,UNST,Lassen,3/22/1984,1.2,Stockwatering; Fish and Wildlife Preservation and Enhancement; Fire Protection,Klamath;,Headwaters Smoke Creek | 160402030901,Smoke Creek-Frontal Smoke Creek Desert,,,Eagle Lake,
A028051,Licensed,License,BLM California State Office,UNST,Lassen,3/22/1984,1,Fire Protection; Stockwatering; Fish and Wildlife Preservation and Enhancement,;COLUSA BASIN,Buckhorn Reservoir | 180800020104,Cold Spring Creek-Madeline Plains,,,Eagle Lake,
A028052,Licensed,License,BLM California State Office,UNST,Lassen,3/22/1984,0.6,Fire Protection; Stockwatering; Fish and Wildlife Preservation and Enhancement,,Headwaters Smoke Creek | 160402030901,Smoke Creek-Frontal Smoke Creek Desert,,,Eagle Lake,
A028056,Licensed,License,BLM California State Office,UNST,Lassen,3/22/1984,0.6,Fire Protection; Fish and Wildlife Preservation and Enhancement; Stockwatering,;SACRAMENTO DELTA;LEGAL DELTA,Upper Skedaddle Creek | 180800031401,Skedaddle Creek,,,Eagle Lake,
A028057,Licensed,License,BLM California State Office,UNST,Lassen,3/22/1984,0.4,Fire Protection; Stockwatering; Fish and Wildlife Preservation and Enhancement,,Upper Deep Creek | 180800030505,Deep Creek-Secret Creek,,,Eagle Lake,
A028059,Licensed,License,BLM California State Office,UNST,Lassen,3/22/1984,1.4,Stockwatering; Fire Protection; Fish and Wildlife Preservation and Enhancement,FEATHER RIVER;,Upper Secret Creek | 180800030501,Deep Creek-Secret Creek,,,Eagle Lake,
A028061,Licensed,License,BLM California State Office,UNST,Lassen,3/22/1984,0.9,Fire Protection; Fish and Wildlife Preservation and Enhancement; Stockwatering,;FEATHER RIVER,Upper Smoke Creek | 160402030902,Smoke Creek-Frontal Smoke Creek Desert,,,Eagle Lake,
A028062,Licensed,License,BLM California State Office,UNST,Lassen,3/22/1984,0.7,Fire Protection; Stockwatering; Fish and Wildlife Preservation and Enhancement,,Upper Smoke Creek | 160402030902,Smoke Creek-Frontal Smoke Creek Desert,,,Eagle Lake,
A028064,Licensed,License,BLM California State Office,UNST,Lassen,3/22/1984,0.5,Stockwatering; Fire Protection; Fish and Wildlife Preservation and Enhancement,,Upper Smoke Creek | 160402030902,Smoke Creek-Frontal Smoke Creek Desert,,,Eagle Lake,
A028068,Licensed,License,BLM California State Office,UNST,Lassen,3/22/1984,1.5,Fish and Wildlife Preservation and Enhancement; Stockwatering; Fire Protection,;FEATHER RIVER,Headwaters Smoke Creek | 160402030901,Smoke Creek-Frontal Smoke Creek Desert,,,Eagle Lake,
A028069,Licensed,License,BLM California State Office,UNST,Lassen,3/22/1984,0.3,Stockwatering; Fish and Wildlife Preservation and Enhancement; Fire Protection,;PIT RIVER,Horse Lake | 180800030603,Horse Lake-Willow Creek,,,Eagle Lake,
A028070,Licensed,License,BLM California State Office,UNST,El Dorado;Lassen,3/22/1984,0.8,Stockwatering; Fire Protection; Fish and Wildlife Preservation and Enhancement,AMERICAN RIVER;,Upper Secret Creek | 180800030501;Hastings Creek-South Fork American River | 180201290702,Deep Creek-Secret Creek;Lower South Fork American River,,,Eagle Lake/Mother Lode,
A028072,Licensed,License,BLM California State Office,UNST,Lassen,3/22/1984,0.9,Fire Protection; Stockwatering; Fish and Wildlife Preservation and Enhancement,,Headwaters Smoke Creek | 160402030901,Smoke Creek-Frontal Smoke Creek Desert,,,Eagle Lake,
A028073,Licensed,License,BLM California State Office,UNST,Lassen,3/22/1984,0.3,Fish and Wildlife Preservation and Enhancement; Stockwatering; Fire Protection,VALLEY PUTAH-CACHE;,Upper Smoke Creek | 160402030902,Smoke Creek-Frontal Smoke Creek Desert,,,Eagle Lake,
A028488,Licensed,License,BLM California State Office,UNST,Lassen,6/28/1985,0.2,Fire Protection; Fish and Wildlife Preservation and Enhancement; Stockwatering,;North Coast AB2121 Area,Lower Red Rock Creek | 180800020107,Cold Spring Creek-Madeline Plains,,,Eagle Lake,
A028489,Licensed,License,BLM California State Office,UNST,Lassen,6/28/1985,0.7,Fire Protection; Fish and Wildlife Preservation and Enhancement; Stockwatering,,Lower Red Rock Creek | 180800020107,Cold Spring Creek-Madeline Plains,,,Eagle Lake,
A028490,Licensed,License,BLM California State Office,UNST,Lassen;San Bernardino,6/28/1985,0.1,Fire Protection; Stockwatering; Fish and Wildlife Preservation and Enhancement,,Lower Red Rock Creek | 180800020107;Big Bear Lake | 180702030102,Cold Spring Creek-Madeline Plains;Bear Creek,,,Eagle Lake . Barstow . Needles . Ridgecrest ,
A028491,Licensed,License,BLM California State Office,UNST,Lassen,6/28/1985,0.4,Fish and Wildlife Preservation and Enhancement; Fire Protection; Stockwatering,,Lower Red Rock Creek | 180800020107,Cold Spring Creek-Madeline Plains,,,Eagle Lake,
A028493,Licensed,License,BLM California State Office,UNST,Lassen,7/1/1985,0.1,Fire Protection; Fish and Wildlife Preservation and Enhancement; Stockwatering,North Coast AB2121 Area;,Buckhorn Reservoir | 180800020104,Cold Spring Creek-Madeline Plains,,,Eagle Lake,
A028494,Licensed,License,BLM California State Office,UNST,Lassen,7/1/1985,0.7,Stockwatering; Fish and Wildlife Preservation and Enhancement; Fire Protection,North Coast AB2121 Area;,Buckhorn Reservoir | 180800020104,Cold Spring Creek-Madeline Plains,,,Eagle Lake,
A028495,Licensed,License,BLM California State Office,UNST,Lassen,7/1/1985,0.7,Stockwatering; Fire Protection; Fish and Wildlife Preservation and Enhancement,,Painters Flat | 180800020101,Cold Spring Creek-Madeline Plains,,,Eagle Lake,
A028496,Licensed,License,BLM California State Office,UNST,Lassen,7/1/1985,0.9,Fire Protection; Fish and Wildlife Preservation and Enhancement; Stockwatering,,Painters Flat | 180800020101,Cold Spring Creek-Madeline Plains,,,Eagle Lake,
A028497,Licensed,License,BLM California State Office,UNST,Lassen,7/1/1985,0.3,Fish and Wildlife Preservation and Enhancement; Stockwatering; Fire Protection,PUTAH CREEK;,Painters Flat | 180800020101,Cold Spring Creek-Madeline Plains,,,Eagle Lake,
A028498,Licensed,License,BLM California State Office,UNST,Lassen,7/1/1985,1,Stockwatering; Fire Protection; Fish and Wildlife Preservation and Enhancement,,Painters Flat | 180800020101,Cold Spring Creek-Madeline Plains,,,Eagle Lake,
A028499,Licensed,License,BLM California State Office,UNST,Lassen,7/1/1985,1.2,Stockwatering; Fire Protection; Fish and Wildlife Preservation and Enhancement,,Painters Flat | 180800020101,Cold Spring Creek-Madeline Plains,,,Eagle Lake,
A028595,Licensed,License,BLM California State Office,UNST,Lassen,10/18/1985,0.6,Fire Protection; Fish and Wildlife Preservation and Enhancement; Stockwatering,;NORTH VALLEY FLOOR,Headwaters Smoke Creek | 160402030901,Smoke Creek-Frontal Smoke Creek Desert,,,Eagle Lake,
A028598,Licensed,License,BLM California State Office,UNST,Lassen,10/18/1985,0.8,Fish and Wildlife Preservation and Enhancement; Fire Protection; Stockwatering,,Headwaters Smoke Creek | 160402030901,Smoke Creek-Frontal Smoke Creek Desert,,,Eagle Lake,
A028585,Licensed,License,BLM California State Office,UNST,Lassen,10/18/1985,0.2,Stockwatering; Fish and Wildlife Preservation and Enhancement; Fire Protection,;CACHE CREEK,Painters Flat | 180800020101,Cold Spring Creek-Madeline Plains,,,Eagle Lake,
A028586,Licensed,License,BLM California State Office,UNST,Lassen;Napa,10/18/1985,0.2,Fish and Wildlife Preservation and Enhancement; Fire Protection; Stockwatering,North Coast AB2121 Area;,Lake Hennessey-Conn Creek | 180500020102;Painters Creek | 180800020105,Conn Creek;Cold Spring Creek-Madeline Plains,,,Eagle Lake/Ukaiah,
A028587,Licensed,License,BLM California State Office,UNST,Kern;Lassen,10/18/1985,0.9,Fish and Wildlife Preservation and Enhancement; Stockwatering; Fire Protection,,Pleito Creek | 180300031101;Painters Creek | 180800020105,Tecuya Creek-Frontal Kern Lake Bed;Cold Spring Creek-Madeline Plains,,,Eagle Lake/ Bakersfield,
A028589,Licensed,License,BLM California State Office,UNST,Lassen;Mendocino,10/18/1985,0.3,Stockwatering; Fish and Wildlife Preservation and Enhancement; Fire Protection,North Coast AB2121 Area;,Point Arena Creek-Frontal Pacific Ocean | 180101080906;Painters Flat | 180800020101,Alder Creek-Frontal Pacific Ocean;Cold Spring Creek-Madeline Plains,,,Eagle Lake/Ukaiah,
A028590,Licensed,License,BLM California State Office,UNST,Colusa;Lassen,10/18/1985,1,Fire Protection; Fish and Wildlife Preservation and Enhancement; Stockwatering,;COLUSA BASIN,Lower Cold Spring Creek-Madeline Plains | 180800020109;Powell Slough-Colusa Trough | 180201040807,Cold Spring Creek-Madeline Plains;Colusa Trough,,,Eagle Lake/Ukaiah,
A028591,Licensed,License,BLM California State Office,UNST,Lassen,10/18/1985,0.7,Fish and Wildlife Preservation and Enhancement; Stockwatering; Fire Protection,,Painters Creek | 180800020105,Cold Spring Creek-Madeline Plains,,,Eagle Lake,
A028594,Licensed,License,BLM California State Office,UNST,Lassen,10/18/1985,1,Stockwatering; Fire Protection; Fish and Wildlife Preservation and Enhancement,;North Coast AB2121 Area,Upper Secret Creek | 180800030501,Deep Creek-Secret Creek,,,Eagle Lake,
A028596,Licensed,License,BLM California State Office,UNST,Lassen;San Bernardino,10/18/1985,0.8,Stockwatering; Fire Protection; Fish and Wildlife Preservation and Enhancement,,Upper Orange Blossom Wash | 181001002601;Upper Secret Creek | 180800030501,Orange Blossom Wash;Deep Creek-Secret Creek,,,Eagle Lake/Barstow . Needles . Ridgecrest ,
A028717,Licensed,License,BLM ALTURAS FIELD OFFICE,UNST,Calaveras;Lassen,1/14/1986,0.5,Fish and Wildlife Preservation and Enhancement; Stockwatering,NORTH VALLEY FLOOR;PIT RIVER,Upper Bear Creek | 180400030401;Moon Lake | 180200020202,Bear Creek;Cedar Creek,,,Eagle Lake,
A028718,Licensed,License,BLM California State Office,UNST,Lassen,1/14/1986,0.8,Stockwatering; Fish and Wildlife Preservation and Enhancement,PIT RIVER;AMERICAN RIVER,Clarks Valley-Pit River | 180200030801,Town of Pittville-Pit River,,,Eagle Lake,
A028721,Licensed,License,BLM ALTURAS FIELD OFFICE,UNST,Modoc;Sutter,1/14/1986,1.1,Stockwatering; Fish and Wildlife Preservation and Enhancement,MARYSVILLE;PIT RIVER,Donovan Reservoir | 180200020802;Ellis Lake-Feather River | 180201590502,Canyon Creek;Lower Feather River,,,Eagle Lake/Applegate,
A028701,Licensed,License,BLM California State Office,UNST,Modoc,1/3/1986,1,Stockwatering; Recreational; Fish and Wildlife Preservation and Enhancement,STONY CREEK;PIT RIVER,Donovan Reservoir | 180200020802,Canyon Creek,,,Eagle Lake,
A028702,Licensed,License,BLM ALTURAS FIELD OFFICE,UNST,Lassen,1/3/1986,1.2,Stockwatering; Recreational; Fish and Wildlife Preservation and Enhancement,PIT RIVER;Klamath,Holbrook Canyon | 180200021402,Cottonwood Creek-Ash Creek,,,Eagle Lake,
A028703,Licensed,License,BLM ALTURAS FIELD OFFICE,UNST,Lassen,1/3/1986,0.7,Stockwatering; Fish and Wildlife Preservation and Enhancement,DELTA WATERSHEDS;;PIT RIVER,Stones Canyon | 180200020303,Dry Creek-South Fork Pit River,,,Eagle Lake,
A028704,Licensed,License,BLM ALTURAS FIELD OFFICE,UNST,Modoc,1/3/1986,0.4,Recreational; Fish and Wildlife Preservation and Enhancement,DELTA WATERSHEDS;;PIT RIVER,Warm Creek-South Fork Pit River | 180200020302,Dry Creek-South Fork Pit River,,,Applegate,
A028707,Licensed,License,BLM ALTURAS FIELD OFFICE,UNST,Lassen,1/3/1986,1.3,Stockwatering; Fish and Wildlife Preservation and Enhancement,,Mitchell Field | 180800020208,Van Loan Creek-Madeline Plains,,,Eagle Lake,
A028708,Licensed,License,BLM ALTURAS FIELD OFFICE,UNST,Lassen,1/3/1986,0.6,Fish and Wildlife Preservation and Enhancement; Stockwatering,,Mitchell Field | 180800020208,Van Loan Creek-Madeline Plains,,,Eagle Lake,
A028709,Licensed,License,BLM ALTURAS FIELD OFFICE,UNST,Lassen,1/3/1986,0.6,Stockwatering; Fish and Wildlife Preservation and Enhancement,DELTA WATERSHEDS;;PIT RIVER,Dry Creek | 180200020301,Dry Creek-South Fork Pit River,,,Eagle Lake,
A028748,Licensed,License,BLM California State Office,UNST,Lassen;Modoc,1/24/1986,0.4,Stockwatering; Fish and Wildlife Preservation and Enhancement; Fire Protection,;Klamath,Hidden Valley-North Fork Willow Creek | 180102040204;Bailey Creek | 180800020206,North Fork Willow Creek-Willow Creek;Van Loan Creek-Madeline Plains,,,Eagle Lake/Applegate,
A028749,Licensed,License,BLM California State Office,UNST,Lassen,1/24/1986,1,Stockwatering; Fish and Wildlife Preservation and Enhancement; Fire Protection,,Bailey Creek | 180800020206,Van Loan Creek-Madeline Plains,,,Eagle Lake,
A028751,Licensed,License,BLM California State Office,UNST,Lassen,1/24/1986,1,Fire Protection; Stockwatering; Fish and Wildlife Preservation and Enhancement,;MIDDLE SIERRA,Upper Snowstorm Creek | 180800030503,Deep Creek-Secret Creek,,,Eagle Lake,
A028752,Licensed,License,BLM California State Office,UNST,Lassen,1/24/1986,1,Fish and Wildlife Preservation and Enhancement; Fire Protection; Stockwatering,;EASTERN TEHAMA,Bill Reservoir Number 1 | 180800030602,Horse Lake-Willow Creek,,,Eagle Lake,
A028753,Licensed,License,BLM California State Office,UNST,Lassen,1/24/1986,0.7,Fire Protection; Stockwatering; Fish and Wildlife Preservation and Enhancement,;PIT RIVER,Bill Reservoir Number 1 | 180800030602,Horse Lake-Willow Creek,,,Eagle Lake,
A028754,Licensed,License,BLM California State Office,UNST,Lassen,1/24/1986,0.6,Fish and Wildlife Preservation and Enhancement; Fire Protection; Stockwatering,,Bill Reservoir Number 1 | 180800030602,Horse Lake-Willow Creek,,,Eagle Lake,
A028755,Licensed,License,BLM California State Office,UNST,Lassen,1/24/1986,0.9,Stockwatering; Fish and Wildlife Preservation and Enhancement; Fire Protection,North Coast AB2121 Area;,Bill Reservoir Number 1 | 180800030602,Horse Lake-Willow Creek,,,Eagle Lake,
A028756,Licensed,License,BLM California State Office,UNST,Lassen,1/24/1986,1,Fire Protection; Stockwatering; Fish and Wildlife Preservation and Enhancement,,Bill Reservoir Number 1 | 180800030602,Horse Lake-Willow Creek,,,Eagle Lake,
A028757,Licensed,License,BLM California State Office,UNST,Lassen,1/24/1986,1,Fire Protection; Stockwatering; Fish and Wildlife Preservation and Enhancement,,Bill Reservoir Number 1 | 180800030602,Horse Lake-Willow Creek,,,Eagle Lake,
A028758,Licensed,License,BLM California State Office,UNST,Lassen,1/24/1986,0.6,Fire Protection; Stockwatering; Fish and Wildlife Preservation and Enhancement,COLUSA BASIN;,Upper Secret Creek | 180800030501,Deep Creek-Secret Creek,,,Eagle Lake,
A028759,Licensed,License,BLM California State Office,UNST,Lassen,1/24/1986,1,Stockwatering; Fire Protection; Fish and Wildlife Preservation and Enhancement,UPPER CALAVERAS;,Upper Secret Creek | 180800030501,Deep Creek-Secret Creek,,,Eagle Lake,
A028760,Licensed,License,BLM California State Office,UNST,Lassen,1/24/1986,0.8,Stockwatering; Fish and Wildlife Preservation and Enhancement; Fire Protection,;FEATHER RIVER,Middle Secret Creek | 180800030502,Deep Creek-Secret Creek,,,Eagle Lake,
A028761,Licensed,License,BLM California State Office,UNST,Lassen,1/24/1986,0.5,Fire Protection; Stockwatering; Fish and Wildlife Preservation and Enhancement,North Coast AB2121 Area;,Middle Secret Creek | 180800030502,Deep Creek-Secret Creek,,,Eagle Lake,
A028762,Licensed,License,BLM California State Office,UNST,Calaveras;Lassen,1/24/1986,1,Fire Protection; Stockwatering; Fish and Wildlife Preservation and Enhancement,;UPPER CALAVERAS,Branham Reservoir-Pine Creek | 180800030601;Jesus Maria Creek | 180400110202,Horse Lake-Willow Creek;North Fork Calaveras River,,,Eagle Lake/Mother Lode,
A028763,Licensed,License,BLM California State Office,UNST,Lassen,1/24/1986,1,Fire Protection; Stockwatering; Fish and Wildlife Preservation and Enhancement,,Ducasse Reservoir | 180800020205,Van Loan Creek-Madeline Plains,,,Eagle Lake,
A028764,Licensed,License,BLM California State Office,UNST,Lassen,1/24/1986,0.4,Fish and Wildlife Preservation and Enhancement; Stockwatering; Fire Protection,;MIDDLE WEST SIDE,Bailey Creek | 180800020206,Van Loan Creek-Madeline Plains,,,Eagle Lake,
A028766,Licensed,License,BLM California State Office,UNST,Lassen,1/24/1986,0.8,Fire Protection; Fish and Wildlife Preservation and Enhancement; Stockwatering,;PUTAH CREEK,Bill Reservoir Number 1 | 180800030602,Horse Lake-Willow Creek,,,Eagle Lake,
A028767,Licensed,License,BLM California State Office,UNST,Lassen,1/24/1986,0.5,Stockwatering; Fire Protection; Fish and Wildlife Preservation and Enhancement,;DELTA-MENDOTA CANAL,Upper Secret Creek | 180800030501,Deep Creek-Secret Creek,,,Eagle Lake,
A028768,Licensed,License,BLM California State Office,UNST,Lassen,1/24/1986,1,Fish and Wildlife Preservation and Enhancement; Stockwatering; Fire Protection,;North Coast AB2121 Area,Upper Snowstorm Creek | 180800030503,Deep Creek-Secret Creek,,,Eagle Lake,
A028769,Licensed,License,BLM California State Office,UNST,Lassen,1/24/1986,1,Stockwatering; Fire Protection; Fish and Wildlife Preservation and Enhancement,North Coast AB2121 Area;,Upper Snowstorm Creek | 180800030503,Deep Creek-Secret Creek,,,Eagle Lake,
A028770,Licensed,License,BLM California State Office,UNST,Lassen,1/24/1986,0.5,Fish and Wildlife Preservation and Enhancement; Fire Protection; Stockwatering,,Horse Lake | 180800030603,Horse Lake-Willow Creek,,,Eagle Lake,
A028773,Licensed,License,BLM California State Office,UNST,Lassen,1/24/1986,0.6,Fish and Wildlife Preservation and Enhancement; Fire Protection; Stockwatering,,Ducasse Reservoir | 180800020205,Van Loan Creek-Madeline Plains,,,Eagle Lake,
A028774,Licensed,License,BLM California State Office,UNST,Lassen;San Bernardino,1/24/1986,1,Stockwatering; Fire Protection; Fish and Wildlife Preservation and Enhancement,,Ducasse Reservoir | 180800020205;Lower Willow Wash | 180902082304,Van Loan Creek-Madeline Plains;Willow Wash,,,Eagle Lake/Barstow . Needles . Ridgecrest ,
A028775,Licensed,License,BLM California State Office,UNST,Colusa;Lassen,1/24/1986,0.4,Stockwatering; Fire Protection; Fish and Wildlife Preservation and Enhancement,COLUSA BASIN;,Powell Slough-Colusa Trough | 180201040807;Ducasse Reservoir | 180800020205,Colusa Trough;Van Loan Creek-Madeline Plains,,,Eagle Lake/Ukaiah,
A028776,Licensed,License,BLM California State Office,UNST,Lassen;Napa,1/24/1986,0.6,Fire Protection; Fish and Wildlife Preservation and Enhancement; Stockwatering,UPPER  ELMIRA;,Bill Reservoir Number 1 | 180800030602;McCune Creek-Putah Creek | 180201620503,Horse Lake-Willow Creek;Lower Putah Creek,,,Eagle Lake/Ukaiah,
A028783,Licensed,License,BLM California State Office,UNST,Lassen;Trinity,1/24/1986,0.1,Fire Protection; Fish and Wildlife Preservation and Enhancement; Stockwatering,Klamath;,Lower Red Rock Creek | 180800020107;Deadwood Creek-Trinity River | 180102110703,Cold Spring Creek-Madeline Plains;Weaver Creek-Trinity River,,,Eagle Lake/Trinity,
A028784,Licensed,License,BLM California State Office,UNST,Lassen,1/24/1986,0.1,Fire Protection; Stockwatering; Fish and Wildlife Preservation and Enhancement,;PIT RIVER,Lower Cold Spring Creek-Madeline Plains | 180800020109,Cold Spring Creek-Madeline Plains,,,Eagle Lake,
A028785,Licensed,License,BLM California State Office,UNST,Lassen,1/24/1986,0.2,Fish and Wildlife Preservation and Enhancement; Fire Protection; Stockwatering,,Middle Secret Creek | 180800030502,Deep Creek-Secret Creek,,,Eagle Lake,
A028893,Licensed,License,BLM ALTURAS FIELD OFFICE,UNST,Modoc,9/8/1986,0.4,Stockwatering; Fish and Wildlife Preservation and Enhancement,AHWAHNEE;PIT RIVER,Donovan Reservoir | 180200020802,Canyon Creek,,,Applegate,
A028894,Licensed,License,BLM California State Office,UNST,Los Angeles;Modoc,9/8/1986,1.1,Stockwatering; Fish and Wildlife Preservation and Enhancement,PIT RIVER;DELTA WATERSHEDS;,Lower Pacoima Wash | 180701050206;Donovan Reservoir | 180200020802,Upper Los Angeles River;Canyon Creek,,,Applegate/Central Coast,
A028617,Licensed,License,BLM California State Office,SAN EMIGDIO CREEK,Kern;Sonoma,11/8/1985,79,Fish and Wildlife Preservation and Enhancement; Recreational,;North Coast AB2121 Area,Maacama Creek | 180101100604;Maple Canal-Frontal Buena Vista Lake Bed | 180300031304,Middle Russian River;San Emigdio Creek-Frontal Buena Vista Lake Bed,,,,
A029589,Licensed,License,BLM ALTURAS FIELD OFFICE,UNST,Lassen,10/16/1989,0.4,Fish and Wildlife Preservation and Enhancement; Stockwatering,PIT RIVER;DELTA WATERSHEDS;,Lower Cedar Creek-West Valley Reservoir | 180200020203,Cedar Creek,,,,
A029559,Licensed,License,BLM California State Office,UNSP,Mariposa,9/5/1989,2.4,Stockwatering,MERCED RIVER,Solomon Gulch-Merced River | 180400080603,Maxwell Creek-Merced River,,,MLFO,
A027862,Permitted,Permit,BLM California State Office,DANDY SPRINGS,Humboldt;Sacramento,9/12/1983,4.5,Domestic; Stockwatering; Fire Protection,;North Coast AB2121 Area,Lower Mattole River | 180101070209;Lake Greenhaven-Sacramento River | 180201630701,Mattole River;Sherman Lake-Sacramento River,,,Arcata/MotherLode,
A028106,Permitted,Permit,BLM California State Office,UNSP,Humboldt,4/12/1984,0.1,Fire Protection; Stockwatering; Fish and Wildlife Preservation and Enhancement,North Coast AB2121 Area;FEATHER RIVER,Cooksie Creek-Frontal Pacific Ocean | 180101070401,Cooksie Creek-Frontal Pacific Ocean,,,Arcata,
A028112,Permitted,Permit,BLM California State Office,UNSP,Humboldt;San Mateo,4/12/1984,0.1,Fire Protection; Fish and Wildlife Preservation and Enhancement; Recreational; Stockwatering,;North Coast AB2121 Area,Cooksie Creek-Frontal Pacific Ocean | 180101070401;Colma Creek-Frontal San Francisco Bay Estuaries | 180500040903,Cooksie Creek-Frontal Pacific Ocean;San Mateo Creek-Frontal San Francisco Bay Estuaries,,,,
A028113,Permitted,Permit,BLM California State Office,UNSP,Humboldt,4/12/1984,0.1,Recreational; Fish and Wildlife Preservation and Enhancement; Stockwatering; Fire Protection,North Coast AB2121 Area;FEATHER RIVER,Lower Mattole River | 180101070209,Mattole River,,,Arcata,
A028109,Permitted,Permit,BLM California State Office,UNSP,Humboldt,4/12/1984,1,Stockwatering; Fish and Wildlife Preservation and Enhancement,North Coast AB2121 Area,Cooksie Creek-Frontal Pacific Ocean | 180101070401,Cooksie Creek-Frontal Pacific Ocean,,,Arcata,
A028110,Permitted,Permit,BLM California State Office,UNSP,Humboldt,4/12/1984,0.5,Stockwatering; Fish and Wildlife Preservation and Enhancement,North Coast AB2121 Area,Cooksie Creek-Frontal Pacific Ocean | 180101070401,Cooksie Creek-Frontal Pacific Ocean,,,Arcata,
A028107,Permitted,Permit,BLM California State Office,JOHNNY JACK SPRING,Humboldt,4/12/1984,1,Recreational; Fire Protection; Fish and Wildlife Preservation and Enhancement; Stockwatering,North Coast AB2121 Area,Cooksie Creek-Frontal Pacific Ocean | 180101070401,Cooksie Creek-Frontal Pacific Ocean,,,Arcata,
A028108,Permitted,Permit,BLM California State Office,LAWRENCE SPRING NO 1,Humboldt,4/12/1984,1,Stockwatering; Recreational; Fire Protection; Fish and Wildlife Preservation and Enhancement,North Coast AB2121 Area,Cooksie Creek-Frontal Pacific Ocean | 180101070401,Cooksie Creek-Frontal Pacific Ocean,,,Arcata,
A028111,Permitted,Permit,BLM California State Office,BATHTUB SPRING,Humboldt,4/12/1984,1,Stockwatering; Fire Protection; Fish and Wildlife Preservation and Enhancement,North Coast AB2121 Area,Cooksie Creek-Frontal Pacific Ocean | 180101070401,Cooksie Creek-Frontal Pacific Ocean,,,Arcata,
A028083,Permitted,Permit,BLM ALTURAS FIELD OFFICE,UNST,Modoc,3/29/1984,5,Stockwatering; Fish and Wildlife Preservation and Enhancement,KLAMATH WATERSHED;Klamath,Mills Creek-Tule Lake Valley | 180102040906,Mills Creek-Lost River,,,Applegate,
A028084,Permitted,Permit,BLM ALTURAS FIELD OFFICE,UNST,Modoc,3/29/1984,3.5,Stockwatering; Fish and Wildlife Preservation and Enhancement,North Coast AB2121 Area;Klamath,Mills Creek-Tule Lake Valley | 180102040906,Mills Creek-Lost River,,,Applegate,
A028089,Permitted,Permit,BLM ALTURAS FIELD OFFICE,UNST,Modoc,3/29/1984,3,Fish and Wildlife Preservation and Enhancement; Recreational; Stockwatering,SAN JOAQUIN DELTA;LEGAL DELTA;PIT RIVER,Donovan Reservoir | 180200020802,Canyon Creek,,,Applegate,
A028090,Permitted,Permit,BLM California State Office,UNST,Modoc,3/29/1984,1,Recreational; Fish and Wildlife Preservation and Enhancement; Stockwatering,PIT RIVER;YUBA RIVER,Donovan Reservoir | 180200020802,Canyon Creek,,,Applegate,
A028094,Permitted,Permit,BLM California State Office,UNST,Lassen,3/29/1984,1.1,Fish and Wildlife Preservation and Enhancement; Stockwatering,DELTA WATERSHEDS;;PIT RIVER,Little Valley-Horse Creek | 180200030107,Horse Creek,,,Eagle Lake,
A028262,Permitted,Permit,BLM California State Office,UNST,Lassen,10/1/1984,1.1,Stockwatering; Fish and Wildlife Preservation and Enhancement,DELTA WATERSHEDS;;PIT RIVER,Davis Creek | 180200030105,Horse Creek,,,Eagle Lake,
A028266,Permitted,Permit,BLM ALTURAS FIELD OFFICE,UNST,Lassen,10/1/1984,0.9,Stockwatering; Fish and Wildlife Preservation and Enhancement,,Coyote Flat | 180800020201,Van Loan Creek-Madeline Plains,,,Eagle Lake,
A028408,Permitted,Permit,BLM California State Office,UNSP,San Diego,3/19/1985,1.2,Stockwatering,,San Felipe Valley-San Felipe Creek | 181002030404,Upper San Felipe Creek,,,Palm Springs,
A028296,Permitted,Permit,BLM California State Office,UNST,Lassen;San Bernardino,10/18/1984,2,Fish and Wildlife Preservation and Enhancement; Stockwatering; Fire Protection,,Mud Flat | 180800030508;Upper Deep Creek | 180902080102,Deep Creek-Secret Creek;Deep Creek,,,"Eagle Lake,Barstow . Needles . Ridgecrest ",
A028340,Permitted,Permit,BLM California State Office,UNST,Lassen,11/26/1984,3,Stockwatering; Fire Protection; Fish and Wildlife Preservation and Enhancement,AMERICAN RIVER;,Rush Creek | 160402030904,Smoke Creek-Frontal Smoke Creek Desert,,,Eagle Lake,
A028422,Permitted,Permit,BLM ALTURAS FIELD OFFICE,LIEBERMAN CANYON,Modoc,4/11/1985,0.9,Fish and Wildlife Preservation and Enhancement; Stockwatering,YUBA RIVER;,First Creek-Frontal Upper Alkali Lake | 180800010105,Upper Alkali Lake,,,Bishop,
A028719,Permitted,Permit,BLM ALTURAS FIELD OFFICE,UNST,Siskiyou,1/14/1986,1,Fish and Wildlife Preservation and Enhancement; Stockwatering,Klamath,Lake Miller | 180102041404,Lower Klamath Lake,,,Redding,
A028720,Permitted,Permit,BLM ALTURAS FIELD OFFICE,UNST,Siskiyou,1/14/1986,1,Stockwatering; Fish and Wildlife Preservation and Enhancement,CORTINA;Klamath,Lake Miller | 180102041404,Lower Klamath Lake,,,Redding,
A028779,Permitted,Permit,BLM California State Office,UNST,Lassen,1/24/1986,1,Fire Protection; Fish and Wildlife Preservation and Enhancement; Stockwatering,Suisun Marsh boundary;,Painters Creek | 180800020105,Cold Spring Creek-Madeline Plains,,,Eagle Lake,
A028565,Permitted,Permit,BLM ALTURAS FIELD OFFICE,UNST,Siskiyou,10/1/1985,1.4,Fish and Wildlife Preservation and Enhancement; Stockwatering,KLAMATH WATERSHED;Klamath,Town of Laird Landing | 180102041402,Lower Klamath Lake,,,Redding,
A028607,Permitted,Permit,BLM RIDGECREST FIELD OFFICE,COLTER SPRING,Inyo,10/31/1985,0.5,Fish and Wildlife Preservation and Enhancement,,Big Horn Canyon-Panamint Valley | 180902041205,Water Canyon-Panamint Valley,,,Ridgecrest,
A029230,Permitted,Permit,BLM California State Office,UNST,Lassen,4/19/1988,1.3,Stockwatering; Fish and Wildlife Preservation and Enhancement,PIT RIVER,Middle Beaver Creek | 180200030202,Beaver Creek,,,Eagle Lake,
A029232,Permitted,Permit,BLM California State Office,UNST,Lassen,4/19/1988,1.3,Fish and Wildlife Preservation and Enhancement; Stockwatering,DELTA WATERSHEDS;;PIT RIVER,Middle Beaver Creek | 180200030202,Beaver Creek,,,Eagle Lake,
A029229,Permitted,Permit,BLM ALTURAS FIELD OFFICE,UNST,Lassen,4/19/1988,2,Fish and Wildlife Preservation and Enhancement; Stockwatering,;North Coast AB2121 Area,Dry Creek | 180800020103,Cold Spring Creek-Madeline Plains,,,Eagle Lake,
A029228,Permitted,Permit,BLM ALTURAS FIELD OFFICE,UNST,Lassen,4/19/1988,5,Fish and Wildlife Preservation and Enhancement; Stockwatering,,Dry Creek | 180800020103,Cold Spring Creek-Madeline Plains,,,Eagle Lake,
A031051,Permitted,Permit,BLM ALTURAS FIELD OFFICE,UNST,Modoc,2/22/2000,6,Fish and Wildlife Preservation and Enhancement; Stockwatering,DELTA WATERSHEDS;;PIT RIVER,Big Juniper Creek-Little Juniper Creek | 180200020401,Pine Creek-South Fork Pit River,,,Applegate,
A031052,Permitted,Permit,BLM California State Office,UNST,Modoc,2/22/2000,9,Stockwatering; Fish and Wildlife Preservation and Enhancement,DELTA WATERSHEDS;;SAN JOAQUIN DELTA;LEGAL DELTA;PIT RIVER,Jim Creek | 180200020404,Pine Creek-South Fork Pit River,,,Applegate,
A031053,Permitted,Permit,BLM California State Office,UNST,Modoc,2/22/2000,15,Fish and Wildlife Preservation and Enhancement; Stockwatering,North Coast AB2121 Area;PIT RIVER;PUTAH CREEK,Fitzhugh Creek | 180200020403,Pine Creek-South Fork Pit River,,,Applegate,
A013551,Revoked,Permit,BLM California State Office,UNSP,,1/30/1950,12.9,Domestic,,,,,,,
A028085,Revoked,Permit,BLM California State Office,UNST,,3/29/1984,0,Stockwatering,,,,,,,
A028087,Revoked,Permit,BLM California State Office,ROMERO CREEK,Modoc,3/29/1984,0,Fish and Wildlife Preservation and Enhancement,DELTA WATERSHEDS;;PIT RIVER,Romero Creek-South Fork Pit River | 180200020402,Pine Creek-South Fork Pit River,,,Applegate,
A028263,Revoked,Permit,BLM California State Office,UNST,Modoc,10/1/1984,0,Stockwatering,DELTA WATERSHEDS;;PIT RIVER,Linnville Creek-North Fork Pit River | 180200020601,North Fork Pit River,,,Applegate,
A028342,Revoked,Permit,BLM California State Office,UNST,Lassen,11/26/1984,0,Fish and Wildlife Preservation and Enhancement,,Upper Secret Creek | 180800030501,Deep Creek-Secret Creek,,,Eagle Lake,
A028705,Revoked,Permit,BLM California State Office,UNST,Modoc,1/3/1986,0,Fish and Wildlife Preservation and Enhancement,,Warm Creek-South Fork Pit River | 180200020302,Dry Creek-South Fork Pit River,,,Applegate,
A028750,Revoked,Permit,BLM California State Office,UNST,Lassen,1/24/1986,1,Stockwatering,;Klamath,,,,,Eagle Lake,
A028772,Revoked,Permit,BLM California State Office,UNST,Lassen,1/24/1986,0,Stockwatering,;North Coast AB2121 Area,,,,,Eagle Lake,
A028777,Revoked,Permit,BLM California State Office,UNST,Lassen,1/24/1986,0,Fire Protection,UPPER CALAVERAS;,,,,,Eagle Lake,
A028778,Revoked,Permit,,UNST,Lassen,1/24/1986,0,Fire Protection,North Coast AB2121 Area;,,,,,Eagle Lake,
A028780,Revoked,Permit,,UNST,Lassen,1/24/1986,0,Fish and Wildlife Preservation and Enhancement,;PIT RIVER,,,,,Eagle Lake,
A028781,Revoked,Permit,BLM California State Office,UNST,Lassen,1/24/1986,0,Stockwatering,SACRAMENTO DELTA;LEGAL DELTA;,,,,,Eagle Lake,
A028782,Revoked,Permit,,UNST,Lassen,1/24/1986,0,Stockwatering,Klamath;,Lower Red Rock Creek | 180800020107,Cold Spring Creek-Madeline Plains,,,Eagle Lake,
A018299,Licensed,License,BLM California State Office,UNSP,Inyo,9/2/1958,1.7,Stockwatering,,Lone Pine Creek | 180901030206,Lone Pine Creek-Owens River,,,Ridgecrest,
A018300,Licensed,License,BLM California State Office,UNSP,Inyo,9/2/1958,1.7,Stockwatering,,Lone Pine Creek | 180901030206,Lone Pine Creek-Owens River,,,Ridgecrest,
A018234,Licensed,License,BLM California State Office,WILFRED CREEK,Inyo,7/23/1958,2.5,Stockwatering,,Wilfred Creek-Owens River | 180901020208,Hot Creek-Owens River,,,Ridgecrest,
A018388,Licensed,License,BLM California State Office,ROCK CORRAL SPRING,San Bernardino,10/28/1958,1.7,Domestic; Stockwatering; Fish and Wildlife Preservation and Enhancement,,Rock Corral | 181001000603,Rattlesnake Canyon,,,Barstow . Needles . Ridgecrest ,
A018544,Licensed,License,BLM California State Office,CHINA SPRING,San Bernardino,2/20/1959,0.2,Stockwatering,,Wheaton Wash-Frontal Ivanpah Lake | 160600151003,Devil Canyon-Frontal Ivanpah Lake,,,Needles,
A018545,Licensed,License,BLM California State Office,GROANER SPRING,San Bernardino,2/20/1959,0.6,Stockwatering,,Wheaton Wash-Frontal Ivanpah Lake | 160600151003,Devil Canyon-Frontal Ivanpah Lake,,,Barstow . Needles . Ridgecrest ,
A018689,Licensed,License,BLM RIDGECREST FIELD OFFICE,MCAFEE CREEK,Mono,5/1/1959,3.4,Stockwatering,,McAfee Creek-Frontal Fish Lake Valley | 160600100903,Furnace Creek-Frontal Fish Lake Valley,,,Bishop,
A018873,Licensed,License,BLM California State Office,VALLEY WELLS SPRING,San Bernardino,7/29/1959,3.4,Stockwatering,,Pachalka Spring-Kingston Wash | 180902031104,Upper Kingston Wash,,,Needles,
A019678,Licensed,License,BLM California State Office,NICHOLS PEAK SPRING,Kern,8/19/1960,0.1,Stockwatering,,Isabella Lake-South Fork Kern River | 180300020702,Lower South Fork Kern River,,,Bakersfield,
A020038,Licensed,License,BLM ALTURAS FIELD OFFICE,UNST,Mendocino;Siskiyou,3/16/1961,3.5,Fish and Wildlife Preservation and Enhancement; Stockwatering,Klamath;North Coast AB2121 Area,Red Rock Valley | 180102050203;McNab Creek-Russian River | 180101100407,Red Rock Valley-Antelope Creek;Upper Russian River,,,Ukaiah/Redding,
A019956,Licensed,License,BLM California State Office,UNSP,Mono,2/3/1961,1.6,Stockwatering,,McGee Creek | 180901010604,Adobe Valley,,,Bishop,
A020004,Licensed,License,BLM California State Office,BAXTER SPRING,Mono,2/23/1961,0.7,Stockwatering,,North Canyon | 180901010603,Adobe Valley,,,Bishop,
A020528,Licensed,License,BLM ALTURAS FIELD OFFICE,UNST,Shasta,12/15/1961,6,Stockwatering; Fish and Wildlife Preservation and Enhancement,PIT RIVER;North Coast AB2121 Area,Lower Beaver Creek | 180200030203,Beaver Creek,,,Redding,
A020434,Licensed,License,BLM California State Office,LOWER BIRCH CREEK,Inyo,10/11/1961,0.3,Stockwatering,,Tinehama Creek | 180901020803,Tinemaha Creek-Owens River,,,Ridgecrest,
A020527,Licensed,License,BLM ALTURAS FIELD OFFICE,UNST,Santa Cruz;Shasta,12/15/1961,54.7,Stockwatering; Fish and Wildlife Preservation and Enhancement,PIT RIVER;DELTA WATERSHEDS;,Zayante Creek-San Lorenzo River | 180600150202;Bald Mountain Reservoir-Pit River | 180200030804,San Lorenzo River;Town of Pittville-Pit River,,,Redding,
A020933,Licensed,License,BLM ALTURAS FIELD OFFICE,UNST,Shasta,9/6/1962,6.7,Stockwatering; Fish and Wildlife Preservation and Enhancement,TEHAMA;DELTA WATERSHEDS;;PIT RIVER,Bald Mountain Reservoir-Pit River | 180200030804,Town of Pittville-Pit River,,,Redding,
A020992,Licensed,License,BLM California State Office,RAMHORN SPRING,Lassen,10/22/1962,9.7,Stockwatering; Domestic; Fish and Wildlife Preservation and Enhancement; Fire Protection,,Upper Secret Creek | 180800030501,Deep Creek-Secret Creek,,,Eagle Lake,
A020998,Licensed,License,BLM California State Office,UNST,Shasta,10/29/1962,4.7,Fish and Wildlife Preservation and Enhancement; Recreational; Stockwatering,DELTA WATERSHEDS;;SAN JOAQUIN DELTA;LEGAL DELTA;PIT RIVER,Lower Beaver Creek | 180200030203,Beaver Creek,,,Redding,
A021060,Licensed,License,BLM California State Office,UNST,San Benito;Shasta,12/3/1962,0.1,Recreational; Stockwatering,DELTA WATERSHEDS;;PIT RIVER,Bald Mountain Reservoir-Pit River | 180200030804;Paicines Reservoir-San Benito River | 180600020703,Town of Pittville-Pit River;Lower San Benito River,,,Redding/Central Coast,
A021356,Licensed,License,BLM California State Office,LINE SPRING,Lassen,6/25/1963,1.6,Fish and Wildlife Preservation and Enhancement; Stockwatering,,Rush Creek | 160402030904,Smoke Creek-Frontal Smoke Creek Desert,,,Eagle Lake,
A021357,Licensed,License,BLM California State Office,SHINN RANCH SPRING,Lassen,6/25/1963,1.3,Fish and Wildlife Preservation and Enhancement; Stockwatering,,Upper Smoke Creek | 160402030902,Smoke Creek-Frontal Smoke Creek Desert,,,Eagle Lake,
A021358,Licensed,License,BLM California State Office,RUSH CREEK CANYON SPRING,Lassen,6/25/1963,1.5,Fish and Wildlife Preservation and Enhancement; Stockwatering,,Rush Creek | 160402030904,Smoke Creek-Frontal Smoke Creek Desert,,,Eagle Lake,
A021359,Licensed,License,BLM California State Office,WILDHORSE SPRING,Lassen,6/25/1963,1.7,Fish and Wildlife Preservation and Enhancement; Stockwatering,,Spencer Creek-Frontal Honey Lake | 180800031502,Honey Lake Valley-Frontal Honey Lake,,,Eagle Lake,
A021345,Licensed,License,BLM California State Office,UNSP,Mendocino,6/17/1963,1.1,Fish and Wildlife Preservation and Enhancement; Stockwatering; Domestic,North Coast AB2121 Area,Mill Creek | 180101100402,Upper Russian River,,,Ukiah,
A021625,Licensed,License,BLM California State Office,COUNTRY CLUB SPRING,Fresno,1/30/1964,0.1,Fish and Wildlife Preservation and Enhancement,MIDDLE WEST SIDE,Moreno Gulch | 180400012003,Salt Slough,,,Central Coast,
A021626,Licensed,License,BLM California State Office,UNSP,Fresno,1/30/1964,0.1,Fish and Wildlife Preservation and Enhancement,MIDDLE WEST SIDE,Lower Little Panoche Creek | 180400010404,Little Panoche Creek,,,Central Coast,
A021627,Licensed,License,BLM California State Office,IDIOT SPRING;MORENO SPRING,Fresno,1/30/1964,0.1,Fish and Wildlife Preservation and Enhancement,MIDDLE WEST SIDE,Moreno Gulch | 180400012003,Salt Slough,,,Central Coast,
A020986,Licensed,License,BLM California State Office,MORGAN SPRING,Lassen,10/22/1962,0.5,Stockwatering; Fish and Wildlife Preservation and Enhancement; Domestic,,Upper Deep Creek | 180800030505,Deep Creek-Secret Creek,,,Eagle Lake,
A020987,Licensed,License,BLM California State Office,TELEPHONE SPRING,Lassen,10/22/1962,0.5,Stockwatering; Domestic; Fish and Wildlife Preservation and Enhancement,,Middle Skedaddle Creek | 180800031402,Skedaddle Creek,,,Eagle Lake,
A020988,Licensed,License,BLM ALTURAS FIELD OFFICE,CHASE SPRING,Lassen,10/22/1962,14.4,Domestic; Fish and Wildlife Preservation and Enhancement; Fire Protection; Stockwatering,,Bailey Creek | 180800020206,Van Loan Creek-Madeline Plains,,,Eagle Lake,
A020989,Licensed,License,BLM California State Office,CHERRY SPRING,Lassen,10/22/1962,0.5,Domestic; Stockwatering; Fish and Wildlife Preservation and Enhancement,,Rush Creek | 160402030904,Smoke Creek-Frontal Smoke Creek Desert,,,Eagle Lake,
A020990,Licensed,License,BLM California State Office,JESUS SPRING,Lassen,10/22/1962,9.7,Stockwatering; Fish and Wildlife Preservation and Enhancement; Domestic; Fire Protection,,Robinson Canyon-Long Valley Creek | 180800031302,Lower Long Valley Creek-Frontal Honey Lake,,,Eagle Lake,
A020991,Licensed,License,BLM California State Office,INDIAN SPRING,Lassen,10/22/1962,9.7,Fire Protection; Fish and Wildlife Preservation and Enhancement; Domestic; Stockwatering,,Robinson Canyon-Long Valley Creek | 180800031302,Lower Long Valley Creek-Frontal Honey Lake,,,Eagle Lake,
A021705,Licensed,License,BLM California State Office,PANTHER SPRING,Lake,3/20/1964,0.6,Fish and Wildlife Preservation and Enhancement; Recreational; Domestic,CACHE CREEK,Upper Scotts Creek | 180201160102,Scotts Creek,,,Ukaiah,
A021708,Licensed,License,BLM California State Office,BOUNDARY SPRING,Lake,3/20/1964,0.2,Domestic,CACHE CREEK,South Fork Scotts Creek | 180201160101,Scotts Creek,,,Ukaiah,
A021709,Licensed,License,BLM California State Office,SIMMS SPRING,Lake,3/20/1964,0.6,Domestic; Fish and Wildlife Preservation and Enhancement; Stockwatering,CACHE CREEK,South Fork Scotts Creek | 180201160101,Scotts Creek,,,Ukaiah,
A021791,Licensed,License,BLM California State Office,UPPER SPRING;LOWER SPRING,Fresno,5/29/1964,0.1,Fish and Wildlife Preservation and Enhancement,MIDDLE WEST SIDE,Moreno Gulch | 180400012003,Salt Slough,,,Central Coast,
A021795,Licensed,License,BLM California State Office,SALTY SPRING;COTTONWOOD SPRING,San Benito,5/29/1964,0.1,Fish and Wildlife Preservation and Enhancement,,Vallecitos Creek-Griswold Creek | 180400140102,Griswold Creek,,,Central Coast,
A021620,Licensed,License,BLM California State Office,LONG VALLEY SPRING,Tulare,1/29/1964,0.6,Domestic,,Bartolas Creek-South Fork Kern River | 180300020304,Middle South Fork Kern River,,,Bakersfield,
A021621,Licensed,License,BLM California State Office,CHIMNEY CREEK SPRING,Tulare,1/29/1964,0.5,Domestic,,Upper Chimney Creek | 180300020401,Chimney Creek,,,Bakersfield,
A021217,Licensed,License,BLM RIDGECREST FIELD OFFICE,MORRIS PEAK SPRING,Kern,4/2/1963,0.7,Stockwatering; Fish and Wildlife Preservation and Enhancement,,Indian Wells Canyon | 180902050701,Grapevine Canyon,,,Bakersfield,
A021938,Licensed,License,BLM California State Office,HORSE MOUNTAIN SPRING,Humboldt,10/15/1964,0.1,Domestic,North Coast AB2121 Area,Bear Creek | 180101070201,Mattole River,,,Arcata,
A021939,Licensed,License,BLM California State Office,MAYACMAS SPRING,Mendocino,10/15/1964,0.3,Domestic,North Coast AB2121 Area,Mill Creek | 180101100402,Upper Russian River,,,Ukiah,
A021941,Licensed,License,BLM California State Office,SHELDON SPRING,Mendocino,10/15/1964,0.4,Domestic,North Coast AB2121 Area,Pieta Creek | 180101100409,Upper Russian River,,,Ukiah,
A021774,Licensed,License,BLM California State Office,UNST,Shasta,5/18/1964,6.4,Fish and Wildlife Preservation and Enhancement; Stockwatering,PIT RIVER;BUTTE CREEK,Bald Mountain Reservoir-Pit River | 180200030804,Town of Pittville-Pit River,,,Redding,
A021942,Licensed,License,BLM California State Office,RED MOUNTAIN SPRING,Lake,10/15/1964,0.2,Domestic,CACHE CREEK,Upper Scotts Creek | 180201160102,Scotts Creek,,,Ukiah,
A018105B,Licensed,License,BLM California State Office,PROCTER CREEK;UNST,Amador;Shasta,4/24/1958,180,Aquaculture; Recreational; Stockwatering; Fire Protection,North Coast AB2121 Area;PIT RIVER;NORTH VALLEY FLOOR,Bald Mountain Reservoir-Pit River | 180200030804;Lower Jackson Creek | 180400120703,Town of Pittville-Pit River;Jackson Creek,,,Motherlode,
A021703,Licensed,License,BLM California State Office,LITTLE COLD SPRING,Lake,3/20/1964,0.6,Domestic,CACHE CREEK,Indian Valley Reservoir-North Fork Cache Creek | 180201160404,North Fork Cache Creek,,,Ukiah,
A022008,Licensed,License,BLM California State Office,DARBY SPRING,Mendocino,12/18/1964,0.1,Domestic,,Lower Tomki Creek | 180101030302,Tomki Creek,,,Ukiah,
A022009,Licensed,License,BLM California State Office,LANGS PEAK SPRING,Yolo,12/18/1964,0.1,Domestic,CACHE CREEK,Davis Creek | 180201160603,Upper Cache Creek,,,Ukiah,
A022168,Licensed,License,BLM California State Office,UNSP,Mono,5/20/1965,2.8,Stockwatering; Fish and Wildlife Preservation and Enhancement,,Antelope Lake-Adobe Valley | 180901010609,Adobe Valley,,,Bishop,
A028305,Cancelled,Permit Application,BLM California State Office,,,,0,Stockwatering; Irrigation; Fish and Wildlife Preservation and Enhancement; Fire Protection,;VALLEY-AMERICAN,,,,,,
XC001327,Active,Registration Application,BLM California State Office,BIG JUNIPER CREEK,Modoc,12/23/1997,0,Stockwatering,PIT RIVER;DELTA WATERSHEDS;,Big Juniper Creek-Little Juniper Creek | 180200020401,Pine Creek-South Fork Pit River,,,Applegate,
C005781,Active,Registration Application,BLM California State Office,UNST,Lassen;San Diego,4/10/1997,4.5,Other,,Ducasse Reservoir | 180800020205;Upper Vallecito Creek | 181002020103,Van Loan Creek-Madeline Plains;Vallecito Creek,,,Eagle Lake/Palm Springs,
L033437,Active,Registration Application,BLM APPLEGATE FIELD OFFICE,Unnamed Stream,Modoc,8/7/2024,0,,DELTA WATERSHEDS;;PIT RIVER,Town of Surprise Station-North Fork Pit River | 180200020604,North Fork Pit River,,,Applegate,
C005782,Active,Registration Application,BLM California State Office,UNST,Lassen,4/10/1997,9,Other,;PIT RIVER,Upper Willow Creek | 180800030605,Horse Lake-Willow Creek,,,Eagle Lake,
C005826,Active,Registration Application,BLM California State Office,MODOC GULCH,Siskiyou,12/23/1997,3.2,Stockwatering,KLAMATH WATERSHED;Klamath,Modac Gulch-Butte Valley | 180102050301,Butte Valley,,,Redding,
XC001486,Active,Registration Application,BLM California State Office,UNST,Lassen;San Luis Obispo,12/23/1997,0,Stockwatering,DELTA WATERSHEDS;;PIT RIVER,Little Valley-Horse Creek | 180200030107;Lower Huasna River | 180600070505,Horse Creek;Huasna River,,,Eagle Lake,
A030408,Cancelled,Permit Application,BLM California State Office,,Yolo,,10,Fish and Wildlife Preservation and Enhancement,PUTAH CREEK;MIDDLE WEST SIDE,,,,,Ukaiah,
C004189,Active,Registration Application,BLM California State Office,UNST,Lassen,12/23/1997,0,Stockwatering,,Coyote Flat | 180800020201,Van Loan Creek-Madeline Plains,,,Eagle Lake,
XC000376,Active,Registration Application,BLM California State Office,,Placer;Sacramento,4/10/1997,0,Other,;YUBA RIVER,Lake Greenhaven-Sacramento River | 180201630701;Rattlesnake Creek-South Yuba River | 180201250602,Sherman Lake-Sacramento River;Upper South Yuba River,,,MLFO,
C005706,Active,Registration Application,BLM California State Office,UNST,Lassen,4/10/1997,6,Stockwatering,;Klamath,Horse Lake | 180800030603,Horse Lake-Willow Creek,,,Eagle Lake,
XC001506,Active,Registration Application,BLM California State Office,UNST,Lassen,12/23/1997,0,Stockwatering,PIT RIVER;DELTA WATERSHEDS;,Middle Beaver Creek | 180200030202,Beaver Creek,,,Eagle Lake,
D032429,Rejected,Registration Application,BLM California State Office,UNNAMED STREAM,Humboldt,,7.6,Domestic,Klamath;KLAMATH WATERSHED;AMERICAN RIVER,Mingo Creek-South Fork Trinity River | 180102120505,Lower South Fork Trinity River,,,Arcata,
A028292,Cancelled,Permit Application,BLM California State Office,UNST,Lassen,,0,Irrigation; Fire Protection; Stockwatering; Fish and Wildlife Preservation and Enhancement,Klamath;,Mud Flat | 180800030508,Deep Creek-Secret Creek,,,Eagle Lake,
C005823,Active,Registration Application,BLM California State Office,UNST,Modoc,12/23/1997,6,Stockwatering,FEATHER RIVER;Klamath,Russell Canyon | 180102040905,Mills Creek-Lost River,,,Applegate,
XC001484,Active,Registration Application,BLM California State Office,UNST,Lassen,12/23/1997,0,Stockwatering,PIT RIVER;DELTA WATERSHEDS;,Moon Lake | 180200020202,Cedar Creek,,,Eagle Lake,
XC001463,Active,Registration Application,BLM California State Office,UNST,Lassen,12/23/1997,0,Stockwatering,FEATHER RIVER;PIT RIVER,Upper Cedar Creek | 180200020201,Cedar Creek,,,Eagle Lake,
XC000371,Active,Registration Application,BLM California State Office,,Sacramento;Shasta,4/10/1997,0,Other,SHASTA BALLY;,Lake Greenhaven-Sacramento River | 180201630701;Whiskeytown Lake-Clear Creek | 180201540105,Sherman Lake-Sacramento River;Clear Creek,,,MLFO,
A028303,Active,Permit Application,HUNEWILL LAND AND LIVESTOCK CO INC,,,11/27/1981,0,Stockwatering; Irrigation; Fire Protection; Fish and Wildlife Preservation and Enhancement,North Coast AB2121 Area;,Kirkwood Spring-Frontal Mono Lake | 180901010105,Alkali Valley-Frontal Mono Lake,,,Bishop,
C004230,Active,Registration Application,BLM California State Office,UNST,Lassen,12/23/1997,0,Stockwatering,;MARYSVILLE,Kilby Creek | 180800020204,Van Loan Creek-Madeline Plains,,,Eagle Lake,
C005784,Active,Registration Application,BLM California State Office,UNST,Lassen,4/10/1997,1,Other,,Calneva Lake | 180800031408,Skedaddle Creek,,,Eagle Lake,
A028294,Cancelled,Permit Application,BLM California State Office,UNST,Lassen,,0,Fish and Wildlife Preservation and Enhancement; Irrigation; Stockwatering; Fire Protection,YUBA RIVER;,Mud Flat | 180800030508,Deep Creek-Secret Creek,,,Eagle Lake,
XC001470,Active,Registration Application,BLM California State Office,UNST,Lassen,12/23/1997,0,Stockwatering,STONY CREEK;,Dry Creek | 180800020103,Cold Spring Creek-Madeline Plains,,,Eagle Lake,
XC000428,Active,Registration Application,BLM California State Office,,Sacramento;Sonoma,4/10/1997,0,Other,North Coast AB2121 Area;,Upper Sonoma Creek | 180500020301;Lake Greenhaven-Sacramento River | 180201630701,Sonoma Creek-Frontal San Pablo Bay Estuaries;Sherman Lake-Sacramento River,,,,
XC001515,Active,Registration Application,BLM California State Office,UNST,Shasta,12/23/1997,0,Stockwatering,PIT RIVER;DELTA WATERSHEDS;,Lower Beaver Creek | 180200030203,Beaver Creek,,,Redding,
C004183,Active,Registration Application,BLM California State Office,UNST,Lassen,12/23/1997,0,Stockwatering,,Coyote Flat | 180800020201,Van Loan Creek-Madeline Plains,,,Eagle Lake,
C005783,Active,Registration Application,BLM California State Office,UNST,Lassen,4/10/1997,2,Other,BUTTE CREEK;,Branham Reservoir-Pine Creek | 180800030601,Horse Lake-Willow Creek,,,Eagle Lake,
XC000405,Active,Registration Application,BLM California State Office,,Modoc;Sacramento,4/10/1997,0,Other,;PIT RIVER,Lake Greenhaven-Sacramento River | 180201630701;East Creek | 180200020101,Sherman Lake-Sacramento River;Jess Valley-South Fork Pit River,,,AppleGate/Mother Lode,
XC000356,Active,Registration Application,BLM California State Office,,Humboldt;Sacramento,4/10/1997,0,Other,,Pipe Creek-Eel River | 180101050405;Lake Greenhaven-Sacramento River | 180201630701,Chamise Creek-Eel River;Sherman Lake-Sacramento River,,,Arcata/Mother Lode,
XC000407,Active,Registration Application,BLM California State Office,,Lassen;Sacramento,4/10/1997,0,Other,,Lake Greenhaven-Sacramento River | 180201630701;Anderson Canyon | 180800020209,Sherman Lake-Sacramento River;Van Loan Creek-Madeline Plains,,,,
XC000369,Active,Registration Application,BLM California State Office,,Sacramento,4/10/1997,0,,,Lake Greenhaven-Sacramento River | 180201630701,Sherman Lake-Sacramento River,,,MLFO,
XC001298,Active,Registration Application,BLM California State Office,UNST,Lassen,12/23/1997,0,Stockwatering,;PIT RIVER,Coyote Flat | 180800020201,Van Loan Creek-Madeline Plains,,,Eagle Lake,
S000732,Active,Statements,BLM California State Office,BATTLE CREEK,Tehama,11/13/2025,33.3224,Irrigation; Stockwatering,REDDING,Spring Branch-Battle Creek | 180201530302,Battle Creek,,,Redding,
S002109,Active,Statements,BLM California State Office,BIG FOOT SPRING,Tulare,11/13/2025,1.6802,Stockwatering,,Lower Chimney Creek | 180300020402,Chimney Creek,,,Bakersfield,
S002112,Active,Statements,BLM California State Office,BIG PINE MEADOW SPRINGS,Tulare,11/13/2025,0.8401,Stockwatering,,Pine Creek-South Fork Kern River | 180300020205,Upper South Fork Kern River,,,Bakersfield,
S002113,Active,Statements,BLM California State Office,LAMONT MEADOW SPRINGS,Tulare,11/13/2025,1.6802,Stockwatering,,Lower Chimney Creek | 180300020402,Chimney Creek,,,Bakersfield,
S004073,Active,Statements,BLM California State Office,UNSP,Amador,11/13/2025,0.056,Recreational; Fish and Wildlife Preservation and Enhancement,MIDDLE SIERRA,Upper Sutter Creek | 180400120501,Sutter Creek,,,MLFO,
S004232,Active,Statements,BLM California State Office,HIDDEN SPRING,Mono;Napa,11/24/2025,0.8065,Fish and Wildlife Preservation and Enhancement,North Coast AB2121 Area;,Montgomery Creek-Spring Canyon Creek | 180901020104;Lake Hennessey-Conn Creek | 180500020102,Upper Spring Canyon Creek;Conn Creek,,,MLFO,
S004238,Active,Statements,BLM UKIAH FIELD OFFICE,WILSON GLADE SPRINGS,Lake,11/13/2025,0,Stockwatering; Fish and Wildlife Preservation and Enhancement; Recreational; Domestic; Fire Protection,DELTA WATERSHEDS;;CACHE CREEK,Hog Hollow Creek-North Fork Cache Creek | 180201160407,North Fork Cache Creek,,,Ukiah,
S004239,Active,Statements,BLM UKIAH FIELD OFFICE,SIMMS SPRING,Lake,11/13/2025,0,Fire Protection; Recreational,CACHE CREEK,South Fork Scotts Creek | 180201160101,Scotts Creek,,,Ukiah,
S004240,Active,Statements,BLM UKIAH FIELD OFFICE,PYRAMID SPRING,Mendocino,11/13/2025,0,Fish and Wildlife Preservation and Enhancement; Recreational,CACHE CREEK,South Fork Scotts Creek | 180201160101,Scotts Creek,,,Ukiah,
S004241,Active,Statements,BLM UKIAH FIELD OFFICE,MCCLURE CREEK SPRING,Lake;Sonoma,11/24/2025,0,Recreational; Fire Protection,North Coast AB2121 Area,Mill Creek | 180101100402;West Slough-Dry Creek | 180101100507,Upper Russian River;Dry Creek,,,Ukiah,
S004252,Active,Statements,BLM California State Office,UNST,Lassen;Santa Cruz,11/24/2025,0.996,Fire Protection; Domestic; Stockwatering; Fish and Wildlife Preservation and Enhancement,,Soquel Creek | 180600150303;Horse Lake | 180800030603,Monterey Bay;Horse Lake-Willow Creek,,,Eagle Lake,
S004259,Active,Statements,BLM California State Office,UNSP,Fresno,11/13/2025,16.299,Recreational; Stockwatering; Fish and Wildlife Preservation and Enhancement,,Headwaters Los Gatos Creek | 180300120601,Los Gatos Creek,,,Bakersfield,
S004260,Active,Statements,BLM California State Office,UNSP,Fresno,11/13/2025,4.0325,Fish and Wildlife Preservation and Enhancement; Recreational; Stockwatering,,Headwaters Los Gatos Creek | 180300120601,Los Gatos Creek,,,Bakersfield,
S004261,Active,Statements,BLM California State Office,UNSP,Fresno,11/13/2025,4.0325,Fish and Wildlife Preservation and Enhancement; Recreational; Stockwatering,,Headwaters Los Gatos Creek | 180300120601,Los Gatos Creek,,,Bakersfield,
S004262,Inactive,Statements,BLM California State Office,,,01/01/1700,0,,,,,,,Bakersfield,
S004263,Active,Statements,BLM California State Office,UNST,Fresno,11/13/2025,4.0325,Stockwatering; Recreational; Fish and Wildlife Preservation and Enhancement,,Headwaters Los Gatos Creek | 180300120601,Los Gatos Creek,,,Bakersfield,
S004264,Active,Statements,BLM California State Office,UNSP,Fresno,11/13/2025,4.0325,Stockwatering; Fish and Wildlife Preservation and Enhancement; Recreational,,Headwaters Los Gatos Creek | 180300120601,Los Gatos Creek,,,Bakersfield,
S004268,Active,Statements,BLM California State Office,UNSP,Fresno,11/13/2025,4.0325,Stockwatering; Recreational; Fish and Wildlife Preservation and Enhancement,,White Creek | 180300120602,Los Gatos Creek,,,Bakersfield,
S004269,Active,Statements,BLM California State Office,UNSP,Fresno,11/13/2025,4.0325,Fish and Wildlife Preservation and Enhancement; Recreational; Stockwatering,,Headwaters Los Gatos Creek | 180300120601,Los Gatos Creek,,,Bakersfield,
S004270,Active,Statements,BLM California State Office,UNSP,Fresno,11/13/2025,4.0325,Fish and Wildlife Preservation and Enhancement; Stockwatering; Recreational,,White Creek | 180300120602,Los Gatos Creek,,,Bakersfield,
S004271,Active,Statements,BLM California State Office,UNSP,Fresno,11/13/2025,4.0325,Stockwatering; Fish and Wildlife Preservation and Enhancement; Recreational,,White Creek | 180300120602,Los Gatos Creek,,,Bakersfield,
S004272,Active,Statements,BLM California State Office,UNSP,Fresno,11/13/2025,4.0325,Fish and Wildlife Preservation and Enhancement; Stockwatering; Recreational,,White Creek | 180300120602,Los Gatos Creek,,,Bakersfield,
S004273,Active,Statements,BLM California State Office,UNSP,Fresno,11/13/2025,4.0325,Recreational; Stockwatering; Fish and Wildlife Preservation and Enhancement,,White Creek | 180300120602,Los Gatos Creek,,,Bakersfield,
S004274,Inactive,Statements,BLM California State Office,,,01/01/1700,0,,,,,,,Bakersfield,
S004275,Active,Statements,BLM California State Office,UNSP,Fresno,11/13/2025,8.065,Stockwatering; Fish and Wildlife Preservation and Enhancement; Recreational,,Upper Los Gatos Creek | 180300120603,Los Gatos Creek,,,Bakersfield,
S004276,Active,Statements,BLM California State Office,UNSP,Fresno,11/13/2025,4.0325,Stockwatering; Fish and Wildlife Preservation and Enhancement; Recreational,,Upper Los Gatos Creek | 180300120603,Los Gatos Creek,,,Bakersfield,
S004277,Active,Statements,BLM California State Office,UNSP,Fresno,11/13/2025,4.0325,Fish and Wildlife Preservation and Enhancement; Stockwatering; Recreational,,Upper Los Gatos Creek | 180300120603,Los Gatos Creek,,,Bakersfield,
S004278,Active,Statements,BLM California State Office,UNSP,Fresno,11/13/2025,8.065,Stockwatering; Fish and Wildlife Preservation and Enhancement; Recreational,,Upper Los Gatos Creek | 180300120603,Los Gatos Creek,,,Bakersfield,
S004279,Active,Statements,BLM California State Office,UNSP,Fresno,11/13/2025,4.0325,Fish and Wildlife Preservation and Enhancement; Stockwatering; Recreational,,Upper Los Gatos Creek | 180300120603,Los Gatos Creek,,,Bakersfield,
S004280,Active,Statements,BLM California State Office,UNSP,Fresno,11/13/2025,4.0325,Fish and Wildlife Preservation and Enhancement; Recreational; Stockwatering,,Upper Los Gatos Creek | 180300120603,Los Gatos Creek,,,Bakersfield,
S004281,Active,Statements,BLM California State Office,UNSP,Fresno,11/13/2025,4.0325,Fish and Wildlife Preservation and Enhancement; Stockwatering; Recreational,,Upper Los Gatos Creek | 180300120603,Los Gatos Creek,,,Bakersfield,
S004283,Active,Statements,BLM California State Office,UNSP,Fresno,11/13/2025,4.0325,Stockwatering; Fish and Wildlife Preservation and Enhancement; Recreational,,Hot Springs Canyon | 180300120301,Warthan Creek,,,Bakersfield,
S004284,Active,Statements,BLM California State Office,UNSP,Fresno,11/13/2025,4.0325,Fish and Wildlife Preservation and Enhancement; Recreational; Stockwatering,,Hot Springs Canyon | 180300120301,Warthan Creek,,,Bakersfield,
S004285,Active,Statements,BLM California State Office,UNSP,Fresno,11/13/2025,4.0325,Fish and Wildlife Preservation and Enhancement; Stockwatering; Recreational,,Hot Springs Canyon | 180300120301,Warthan Creek,,,Bakersfield,
S004287,Active,Statements,BLM California State Office,UNSP,Fresno,11/13/2025,4.0325,Fish and Wildlife Preservation and Enhancement; Recreational; Stockwatering,,Hot Springs Canyon | 180300120301,Warthan Creek,,,Bakersfield,
S004288,Active,Statements,BLM California State Office,UNSP,Fresno,11/13/2025,4.0325,Stockwatering; Fish and Wildlife Preservation and Enhancement; Recreational,,Hot Springs Canyon | 180300120301,Warthan Creek,,,Bakersfield,
S004289,Active,Statements,BLM California State Office,UNSP,Fresno,11/13/2025,4.0325,Fish and Wildlife Preservation and Enhancement; Stockwatering; Recreational,,Hot Springs Canyon | 180300120301,Warthan Creek,,,Bakersfield,
S004290,Active,Statements,BLM California State Office,UNSP,Fresno,11/13/2025,4.0325,Recreational; Fish and Wildlife Preservation and Enhancement; Stockwatering,,Hot Springs Canyon | 180300120301,Warthan Creek,,,Bakersfield,
S004291,Active,Statements,BLM California State Office,UNSP,Fresno,11/13/2025,4.0325,Recreational; Stockwatering; Fish and Wildlife Preservation and Enhancement,,Hot Springs Canyon | 180300120301,Warthan Creek,,,Bakersfield,
S004292,Active,Statements,BLM California State Office,UNSP,Fresno,11/13/2025,4.0325,Recreational; Stockwatering; Fish and Wildlife Preservation and Enhancement,,Hot Springs Canyon | 180300120301,Warthan Creek,,,Bakersfield,
S004293,Active,Statements,BLM California State Office,UNSP,Fresno,11/13/2025,4.0325,Stockwatering; Fish and Wildlife Preservation and Enhancement; Recreational,,Middle Warthan Creek | 180300120303,Warthan Creek,,,Bakersfield,
S004294,Active,Statements,BLM California State Office,UNSP,Fresno,11/13/2025,4.0325,Fish and Wildlife Preservation and Enhancement; Recreational; Stockwatering,,Middle Warthan Creek | 180300120303,Warthan Creek,,,Bakersfield,
S004296,Active,Statements,BLM California State Office,UNSP,Fresno,11/13/2025,4.0325,Stockwatering; Recreational; Fish and Wildlife Preservation and Enhancement,,Middle Warthan Creek | 180300120303,Warthan Creek,,,Bakersfield,
S004297,Active,Statements,BLM California State Office,UNSP,Fresno,11/13/2025,4.0325,Recreational; Fish and Wildlife Preservation and Enhancement; Stockwatering,,Middle Warthan Creek | 180300120303,Warthan Creek,,,Bakersfield,
S004298,Active,Statements,BLM California State Office,UNSP,Fresno,11/13/2025,4.0325,Stockwatering; Recreational; Fish and Wildlife Preservation and Enhancement,,Middle Warthan Creek | 180300120303,Warthan Creek,,,Bakersfield,
S004299,Active,Statements,BLM California State Office,UNSP,Fresno,11/13/2025,4.0325,Recreational; Stockwatering; Fish and Wildlife Preservation and Enhancement,,Middle Warthan Creek | 180300120303,Warthan Creek,,,Bakersfield,
S004300,Active,Statements,BLM California State Office,UNSP,Fresno,11/13/2025,4.0325,Fish and Wildlife Preservation and Enhancement; Recreational; Stockwatering,,Lower Warthan Creek | 180300120304,Warthan Creek,,,Bakersfield,
S004301,Active,Statements,BLM California State Office,UNSP,Fresno,11/13/2025,4.0325,Stockwatering; Recreational; Fish and Wildlife Preservation and Enhancement,,Middle Warthan Creek | 180300120303,Warthan Creek,,,Bakersfield,
S004302,Active,Statements,BLM California State Office,UNSP,Fresno,11/13/2025,4.0325,Fish and Wildlife Preservation and Enhancement; Recreational; Stockwatering,,Lower Warthan Creek | 180300120304,Warthan Creek,,,Bakersfield,
S004303,Active,Statements,BLM California State Office,UNSP,Fresno,11/13/2025,4.0325,Fish and Wildlife Preservation and Enhancement; Stockwatering; Recreational,,Middle Warthan Creek | 180300120303,Warthan Creek,,,Bakersfield,
S004304,Active,Statements,BLM California State Office,UNSP,Fresno,11/13/2025,4.0325,Stockwatering; Recreational; Fish and Wildlife Preservation and Enhancement,,Middle Warthan Creek | 180300120303,Warthan Creek,,,Bakersfield,
S004305,Active,Statements,BLM California State Office,UNSP,Fresno,11/13/2025,4.0325,Fish and Wildlife Preservation and Enhancement; Stockwatering; Recreational,,Upper Zapato Chino Creek | 180300120501,Zapato Chino Creek,,,Bakersfield,
S004306,Active,Statements,BLM California State Office,UNST,Fresno,11/13/2025,4.0325,Fish and Wildlife Preservation and Enhancement; Stockwatering; Recreational,,Middle Jacalitos Creek | 180300120402,Jacalitos Creek,,,Bakersfield,
S004307,Active,Statements,BLM California State Office,UNSP,Fresno,11/13/2025,4.0325,Fish and Wildlife Preservation and Enhancement; Stockwatering; Recreational,,Upper Jacalitos Creek | 180300120401,Jacalitos Creek,,,Bakersfield,
S004310,Active,Statements,BLM UKIAH FIELD OFFICE,UNSP,Napa,11/13/2025,36.22,Stockwatering; Domestic; Recreational; Fire Protection,North Coast AB2121 Area;PUTAH CREEK,Hunting Creek | 180201620306,Upper Putah Creek,,,Ukiah,
S004632,Active,Statements,BLM UKIAH FIELD OFFICE,STONE SPRING,Lake,11/13/2025,0.625,Fish and Wildlife Preservation and Enhancement; Fire Protection; Recreational; Stockwatering; Domestic,PUTAH CREEK;STONY CREEK,Hunting Creek | 180201620306,Upper Putah Creek,,,Ukiah,
S004633,Active,Statements,BLM UKIAH FIELD OFFICE,ROUND MOUNTAIN SPRING,Lake,11/13/2025,0.0625,Recreational; Stockwatering; Fish and Wildlife Preservation and Enhancement,PUTAH CREEK;MIDDLE SIERRA,Hunting Creek | 180201620306,Upper Putah Creek,,,Ukiah,
S004736,Active,Statements,BLM UKIAH FIELD OFFICE,UNST,Lake,11/13/2025,0,Fish and Wildlife Preservation and Enhancement; Other,SAN JOAQUIN DELTA;LEGAL DELTA;CACHE CREEK,Indian Valley Reservoir-North Fork Cache Creek | 180201160404,North Fork Cache Creek,,,Ukiah,
S004985,Active,Statements,BLM ALTURAS FIELD OFFICE,BULL SPRINGS,Modoc,11/13/2025,0,Fish and Wildlife Preservation and Enhancement; Irrigation; Stockwatering,Klamath;COLUSA BASIN,Russell Canyon | 180102040905,Mills Creek-Lost River,,,Applegate ,
S004986,Active,Statements,BLM California State Office,UNSP,Siskiyou,11/13/2025,0,Fish and Wildlife Preservation and Enhancement; Aquaculture; Recreational; Domestic,;KLAMATH WATERSHED;Klamath,Shackleford Creek | 180102080502,Indian Creek-Scott River,,,Redding,
S005068,Active,Statements,BLM California State Office,SUNBARN SPRING,Kern,11/13/2025,0.28,Stockwatering; Fish and Wildlife Preservation and Enhancement,;NORTH DIABLO RANGE,Upper Caliente Creek | 180300030405,Caliente Creek,,,Bakersfield,
S006240,Active,Statements,BLM PALM SPRINGS FIELD OFFICE,UNST,Riverside,12/9/2025,0.056,Recreational,,Wileys Well | 181001005202,Ford Well,,,Pal Springs,
S006246,Active,Statements,BLM California State Office,UNST  AKA LOST SPRING ,Modoc,11/13/2025,0.168,Fire Protection; Domestic; Fish and Wildlife Preservation and Enhancement; Stockwatering,PIT RIVER,Jim Creek | 180200020404,Pine Creek-South Fork Pit River,,,Applegate ,
S006248,Active,Statements,BLM California State Office,MARY HALL SPRING,Modoc,11/13/2025,0.4144,Stockwatering,PIT RIVER,Big Juniper Creek-Little Juniper Creek | 180200020401,Pine Creek-South Fork Pit River,,,Applegate ,
S006249,Active,Statements,BLM California State Office,PROSPECT SPRING,Modoc,11/13/2025,0.2576,Fish and Wildlife Preservation and Enhancement; Fire Protection; Stockwatering; Domestic,PIT RIVER,Big Juniper Creek-Little Juniper Creek | 180200020401,Pine Creek-South Fork Pit River,,,Applegate ,
S006266,Active,Statements,BLM California State Office,UNST,Lassen,11/13/2025,39.842,Stockwatering; Domestic; Recreational; Fish and Wildlife Preservation and Enhancement,,Upper Cold Spring Creek | 180800020108,Cold Spring Creek-Madeline Plains,,,Eagle Lake,
S006267,Active,Statements,BLM California State Office,UNSP  AKA COYOTE FLAT SPRING ,Lassen,11/13/2025,9.4172,Fish and Wildlife Preservation and Enhancement; Stockwatering,,Coyote Flat | 180800020201,Van Loan Creek-Madeline Plains,,,Eagle Lake,
S006269,Active,Statements,BLM California State Office,MAIDEN RIDGE SPRING,Lassen,11/13/2025,0.0185,Stockwatering; Fish and Wildlife Preservation and Enhancement,,Coyote Flat | 180800020201,Van Loan Creek-Madeline Plains,,,Eagle Lake,
S006270,Active,Statements,BLM California State Office,MADELINE SPRING,Lassen,11/13/2025,9.055,Stockwatering; Fish and Wildlife Preservation and Enhancement,,Upper Cold Spring Creek | 180800020108,Cold Spring Creek-Madeline Plains,,,Eagle Lake,
S007377,Active,Statements,BLM California State Office,SCOVERN STREAM,Kern,11/14/2025,0.028,Fish and Wildlife Preservation and Enhancement,;AMERICAN RIVER,Erskine Creek | 180300030101,Cottonwood Creek-Kern River,,,Bakersfield,
S007380,Active,Statements,BLM RIDGECREST FIELD OFFICE,HUNTER CANYON SPRING NO 1,Inyo,11/14/2025,72.44,Recreational; Fish and Wildlife Preservation and Enhancement; Domestic,,Daisy Canyon-Salt Lake | 180902010905,Salt Lake,,,Bishop,
S007384,Active,Statements,BLM RIDGECREST FIELD OFFICE,PAT KEYES SPRING,Inyo,11/14/2025,126.77,Fish and Wildlife Preservation and Enhancement; Recreational; Domestic,,Badwater Springs | 180902010903,Salt Lake,,,Bishop,
S007689,Active,Statements,BLM California State Office,O REILLEY SPRING,Kern,11/15/2025,21.732,Fish and Wildlife Preservation and Enhancement; Stockwatering,,Havilah Canyon | 180300030103,Cottonwood Creek-Kern River,,,Bakersfield,
S007690,Active,Statements,BLM California State Office,BOTZ CANYON SPRING,Kern,11/15/2025,0.0006,Stockwatering; Fish and Wildlife Preservation and Enhancement,;SAN JOAQUIN VALLEY FLOOR,Upper Walker Basin Creek | 180300030302,Walker Basin Creek,,,Bakersfield,
S007691,Active,Statements,BLM California State Office,ALBERT ANGUS SPRING,Kern,11/15/2025,0.0006,Stockwatering; Fish and Wildlife Preservation and Enhancement,North Coast AB2121 Area;,Havilah Canyon | 180300030103,Cottonwood Creek-Kern River,,,Bakersfield,
S007692,Active,Statements,BLM California State Office,JOHNS WATER DEVELOPMENT,Kern,11/15/2025,0.0006,Stockwatering; Fish and Wildlife Preservation and Enhancement,Klamath;,Havilah Canyon | 180300030103,Cottonwood Creek-Kern River,,,Bakersfield,
S007693,Active,Statements,BLM California State Office,INDIAN SPRING,Mono,11/15/2025,10.866,Fish and Wildlife Preservation and Enhancement; Stockwatering,,Indian Spring-Frontal Mono Lake | 180901010204,Dry Creek-Frontal Mono Lake,,,Bishop,
S007892,Active,Statements,BLM NEEDLES FIELD OFFICE,PARAMOUNT SPRING,San Bernardino,11/15/2025,36.22,Fish and Wildlife Preservation and Enhancement,,Colton Wash-Homer Wash | 181001003904,Lower Homer Wash,,,Needles,
S007954,Active,Statements,BLM RIDGECREST FIELD OFFICE,HUNTER CANYON SPRING NO 2,Inyo,11/15/2025,0.056,Fish and Wildlife Preservation and Enhancement,,Hunter Canyon | 180902010902,Salt Lake,,,Bishop,
S007955,Active,Statements,BLM ALTURAS FIELD OFFICE,UNST,Modoc,11/15/2025,0.1249,Domestic; Stockwatering,PIT RIVER,Donovan Reservoir | 180200020802,Canyon Creek,,,Modoc,
S007957,Active,Statements,BLM California State Office,UNST,Lassen,11/15/2025,0.1585,Stockwatering; Domestic,PIT RIVER,Holbrook Canyon | 180200021402,Cottonwood Creek-Ash Creek,,,Eagle Lake ,
S007980,Active,Statements,BLM California State Office,STAND SPRING,Kern,11/15/2025,0.112,Fish and Wildlife Preservation and Enhancement; Stockwatering,,Rancheria Creek | 180300030301,Walker Basin Creek,,,Bakersfield,
S021865,Active,Statements,BLM REDDING FIELD OFFICE,BATTLE CREEK,Shasta,11/22/2025,45275,Irrigation,REDDING,Spring Branch-Battle Creek | 180201530302,Battle Creek,,,Redding,
S007981,Active,Statements,BLM California State Office,SET SPRING,Kern,11/29/2025,0.112,Stockwatering; Fish and Wildlife Preservation and Enhancement,;YUBA RIVER,Rancheria Creek | 180300030301,Walker Basin Creek,,,Bakersfield,
S007983,Active,Statements,BLM RIDGECREST FIELD OFFICE,RIFFLE SPRING,San Bernardino,11/29/2025,0,Fish and Wildlife Preservation and Enhancement,,Steam Well | 180902070603,Cuddeback Lake,,,Ridgecrest,
S008034,Active,Statements,BLM BARSTOW FIELD OFFICE,BURNS SPRING,San Bernardino,11/29/2025,3.6198,Fish and Wildlife Preservation and Enhancement; Recreational,,Headwaters Pipes Wash | 181001000902,Pipes Wash,,,Ridgecrest,
S008199,Active,Statements,BLM RIDGECREST FIELD OFFICE,SOLDIER PASS SPRING,Inyo,12/1/2025,0.168,Fish and Wildlife Preservation and Enhancement,,Soldier Pass Canyon | 180902010303,Upper Eureka Valley,,,Ridgecrest,
S008260,Active,Statements,BLM California State Office,UNST,Lassen,12/1/2025,0,Domestic; Stockwatering; Fish and Wildlife Preservation and Enhancement,;SAN JOAQUIN DELTA;LEGAL DELTA,Mitchell Field | 180800020208,Van Loan Creek-Madeline Plains,,,Eagle Lake ,
S008271,Active,Statements,BLM RIDGECREST FIELD OFFICE,ORONDO SPRING,Inyo,12/1/2025,0,Fish and Wildlife Preservation and Enhancement,,Homewood Canyon | 180902051201,Searles Valley,,,Ridgecrest,
S008316,Active,Statements,BLM California State Office,BEAR SPRING,Lassen,12/1/2025,32.2358,Stockwatering; Fire Protection,PIT RIVER,Widow Valley Creek | 180200021901,Widow Valley Creek-Pit River,,,Eagle Lake,
S008327,Active,Statements,BLM California State Office,ROCK CANYON RESERVOIR,Modoc,12/1/2025,0,Stockwatering; Fish and Wildlife Preservation and Enhancement,PIT RIVER;DELTA WATERSHEDS;,Big Juniper Creek-Little Juniper Creek | 180200020401,Pine Creek-South Fork Pit River,,,Modoc,
S008393,Active,Statements,BLM California State Office,UNSP  AKA 8-27-1C ,Inyo,12/2/2025,0.28,Stockwatering; Fish and Wildlife Preservation and Enhancement,;AMERICAN RIVER,Coyote Canyon-Owens River | 180901030203,Lone Pine Creek-Owens River,,,Bishop,
S008465,Active,Statements,BLM California State Office,UNSP,San Luis Obispo,12/2/2025,0.8961,Fish and Wildlife Preservation and Enhancement,,Morro Creek | 180600060412,Santa Rosa Creek-Frontal Pacific Ocean,,,Bakersfield,
S008466,Active,Statements,BLM California State Office,ANTELOPE SPRING,Lassen,12/2/2025,0.2016,Fish and Wildlife Preservation and Enhancement; Stockwatering; Fire Protection,,Upper Deep Creek | 180800030505,Deep Creek-Secret Creek,,,Eagle Lake,
S008467,Active,Statements,BLM California State Office,JENKINS SPRING,Lassen,12/2/2025,0.2016,Stockwatering; Fish and Wildlife Preservation and Enhancement; Fire Protection,,Upper Deep Creek | 180800030505,Deep Creek-Secret Creek,,,Eagle Lake,
S008471,Active,Statements,BLM California State Office,UNST,Lassen,12/2/2025,0.49,Fish and Wildlife Preservation and Enhancement; Stockwatering,,Upper Deep Creek | 180800030505,Deep Creek-Secret Creek,,,Eagle Lake,
S008474,Active,Statements,BLM California State Office,UNST,Lassen;Santa Clara,12/2/2025,0.98,Stockwatering; Fish and Wildlife Preservation and Enhancement,,Upper Deep Creek | 180800030505;Canada de los Osos-Coyote Creek | 180500030103,Deep Creek-Secret Creek;Upper Coyote Creek,,,Eagle Lake,
S008488,Active,Statements,BLM California State Office,BRUBECK SPRING,Lassen,12/2/2025,1.2097,Stockwatering; Fish and Wildlife Preservation and Enhancement,,Mud Flat | 180800030508,Deep Creek-Secret Creek,,,Eagle Lake,
S008518,Active,Statements,BLM California State Office,UNST,Lassen,12/2/2025,0,Stockwatering,PIT RIVER;North Coast AB2121 Area,Dry Creek | 180200020301,Dry Creek-South Fork Pit River,,,Eagle Lake,
S008519,Active,Statements,BLM California State Office,MC KABE SPRING,Lassen,12/2/2025,8.065,Domestic,PIT RIVER,Lower Cedar Creek-West Valley Reservoir | 180200020203,Cedar Creek,,,Eagle Lake,
S008520,Active,Statements,BLM California State Office,DEER SPRING,Lassen,12/2/2025,5.6455,Domestic,,Van Loan Creek | 180800020207,Van Loan Creek-Madeline Plains,,,Eagle Lake,
S008532,Active,Statements,BLM California State Office,EAST BALD MOUNTAIN SPRING,Nevada,12/2/2025,8.065,Fish and Wildlife Preservation and Enhancement,YUBA RIVER,Rock Creek-South Yuba River | 180201250703,Lower South Yuba River,,,MLFO,
S008633,Active,Statements,BLM California State Office,ROCKY BUTTE SPRING,San Luis Obispo,12/2/2025,0.0859,Domestic; Fish and Wildlife Preservation and Enhancement,;North Coast AB2121 Area,Town Spring | 180600050607,Nacimiento River,,,Bakersfield,
S008722,Active,Statements,BLM California State Office,UNST,Lassen,12/3/2025,0,Stockwatering,DELTA WATERSHEDS;;PIT RIVER,Ash Valley-Ash Creek | 180200021404,Cottonwood Creek-Ash Creek,,,Eagle Lake ,
S008764,Active,Statements,BLM California State Office,SOUTH YUBA RIVER,Nevada,12/3/2025,0.0969,Fire Protection; Domestic,YUBA RIVER,Rock Creek-South Yuba River | 180201250703,Lower South Yuba River,,,Eagle Lake ,
S008786,Active,Statements,BLM ALTURAS FIELD OFFICE,UNST,Lassen,12/3/2025,0,Stockwatering,,Kilby Creek | 180800020204,Van Loan Creek-Madeline Plains,,,Eagle Lake ,
S008787,Active,Statements,BLM ALTURAS FIELD OFFICE,UNST,Lassen,12/3/2025,0,Stockwatering,AMERICAN RIVER;,Kilby Creek | 180800020204,Van Loan Creek-Madeline Plains,,,Eagle Lake ,
S008788,Active,Statements,BLM ALTURAS FIELD OFFICE,UNST,Lassen,12/3/2025,0,Stockwatering,;North Coast AB2121 Area,Kilby Creek | 180800020204,Van Loan Creek-Madeline Plains,,,Eagle Lake ,
S008789,Active,Statements,BLM ALTURAS FIELD OFFICE,UNST,Lassen,12/3/2025,0,Stockwatering,;BEAR RIVER,Kilby Creek | 180800020204,Van Loan Creek-Madeline Plains,,,Eagle Lake ,
S008791,Active,Statements,BLM ALTURAS FIELD OFFICE,LONG CANYON,Lassen,12/3/2025,0,Stockwatering,North Coast AB2121 Area;,Coyote Flat | 180800020201,Van Loan Creek-Madeline Plains,,,Eagle Lake ,
S008792,Active,Statements,BLM ALTURAS FIELD OFFICE,LONG CANYON,Lassen,12/3/2025,0,Stockwatering,,Coyote Flat | 180800020201,Van Loan Creek-Madeline Plains,,,Eagle Lake ,
S008793,Active,Statements,BLM ALTURAS FIELD OFFICE,UNST,Lassen,12/3/2025,0,Stockwatering,;Klamath,Coyote Flat | 180800020201,Van Loan Creek-Madeline Plains,,,Eagle Lake ,
S008794,Active,Statements,BLM California State Office,UNST,Lassen,12/3/2025,0,Stockwatering,;North Coast AB2121 Area,Coyote Flat | 180800020201,Van Loan Creek-Madeline Plains,,,Eagle Lake ,
S008795,Active,Statements,BLM ALTURAS FIELD OFFICE,UNST,Lassen,12/3/2025,0,Stockwatering,;CACHE CREEK,Coyote Flat | 180800020201,Van Loan Creek-Madeline Plains,,,Eagle Lake ,
S008797,Active,Statements,BLM ALTURAS FIELD OFFICE,KILBY CREEK,Lassen,12/3/2025,0,Stockwatering,CACHE CREEK;,Kilby Creek | 180800020204,Van Loan Creek-Madeline Plains,,,Eagle Lake ,
S008977,Active,Statements,BLM California State Office,UNST,Lassen;Mendocino,12/4/2025,0,Stockwatering,North Coast AB2121 Area;PIT RIVER,Stones Canyon | 180200020303;Upper Navarro River | 180101080408,Dry Creek-South Fork Pit River;Navarro River,,,Eagle Lake ,
S008979,Active,Statements,BLM California State Office,UNST,Lassen;Napa,12/4/2025,0,Stockwatering,PUTAH CREEK;PIT RIVER,Maxwell Creek | 180201620202;Lower Cedar Creek-West Valley Reservoir | 180200020203,Pope Creek;Cedar Creek,,,Eagle Lake ,
S008984,Active,Statements,BLM California State Office,SLATE SPRING,Lassen,12/4/2025,0.8065,Fish and Wildlife Preservation and Enhancement; Stockwatering,PIT RIVER,Ash Valley-Ash Creek | 180200021404,Cottonwood Creek-Ash Creek,,,Eagle Lake ,
S008985,Active,Statements,BLM California State Office,LIL ABNER SPRING,Lassen,12/4/2025,1.613,Fish and Wildlife Preservation and Enhancement; Stockwatering,PIT RIVER,Holbrook Canyon | 180200021402,Cottonwood Creek-Ash Creek,,,Eagle Lake ,
S008995,Active,Statements,BLM California State Office,ROLAND SPRING,Lassen,12/4/2025,3.226,Fish and Wildlife Preservation and Enhancement; Stockwatering,,Upper Cold Spring Creek | 180800020108,Cold Spring Creek-Madeline Plains,,,Eagle Lake ,
S008998,Active,Statements,BLM California State Office,UNST,Mendocino;Modoc,12/4/2025,0,Fish and Wildlife Preservation and Enhancement; Stockwatering,North Coast AB2121 Area;PIT RIVER,Donovan Reservoir | 180200020802;Burright Creek-East Fork Russian River | 180101100101,Canyon Creek;East Fork Russian River,,,Ukiah,
S009122,Active,Statements,BLM California State Office,FOX SPRING,San Benito,12/4/2025,0.4032,Stockwatering; Fish and Wildlife Preservation and Enhancement,,James Creek-San Benito River | 180600020503,Upper San Benito River,,,Central Coast,
S009216,Active,Statements,BLM California State Office,UNST,Lassen,12/4/2025,0,Fish and Wildlife Preservation and Enhancement; Stockwatering,,Lower Snowstorm Creek | 180800030504,Deep Creek-Secret Creek,,,Eagle Lake ,
S009225,Active,Statements,BLM California State Office,UNXX,Lassen,12/4/2025,0,Fish and Wildlife Preservation and Enhancement; Stockwatering,PIT RIVER;,Petes Creek | 180800030606,Horse Lake-Willow Creek,,,Eagle Lake ,
S009226,Active,Statements,BLM California State Office,UNST,Lassen,12/4/2025,0,Stockwatering; Fish and Wildlife Preservation and Enhancement,,Hagata Canyon | 180800030604,Horse Lake-Willow Creek,,,Eagle Lake ,
S009227,Active,Statements,BLM California State Office,COON SPRING,Lassen,12/4/2025,0.0006,Stockwatering; Fish and Wildlife Preservation and Enhancement,,Bill Reservoir Number 1 | 180800030602,Horse Lake-Willow Creek,,,Eagle Lake ,
S009229,Active,Statements,BLM California State Office,UNSP,Lassen,12/4/2025,0.0017,Stockwatering; Fish and Wildlife Preservation and Enhancement,,Lower Willow Creek | 180800030607,Horse Lake-Willow Creek,,,Eagle Lake ,
S009230,Active,Statements,BLM California State Office,UNSP,Lassen,12/4/2025,0,Stockwatering; Fish and Wildlife Preservation and Enhancement,,Upper Snowstorm Creek | 180800030503,Deep Creek-Secret Creek,,,Eagle Lake ,
S009240,Active,Statements,BLM California State Office,UNST,Lassen;Yolo,12/4/2025,0,Stockwatering; Fish and Wildlife Preservation and Enhancement,VALLEY PUTAH-CACHE;,Upper Snowstorm Creek | 180800030503;Goodnow Slough-Cache Creek | 180201160704,Deep Creek-Secret Creek;Lower Cache Creek,,,Eagle Lake ,
S009241,Active,Statements,BLM California State Office,UNSP,Lassen,12/4/2025,0.0011,Fish and Wildlife Preservation and Enhancement; Stockwatering,,Upper Snowstorm Creek | 180800030503,Deep Creek-Secret Creek,,,Eagle Lake ,
S009243,Active,Statements,BLM California State Office,UNSP,Lassen,12/4/2025,0.0017,Stockwatering; Fish and Wildlife Preservation and Enhancement,,Upper Secret Creek | 180800030501,Deep Creek-Secret Creek,,,Eagle Lake ,
S009244,Active,Statements,BLM California State Office,PETES SPRING,Lassen,12/4/2025,0.0017,Stockwatering; Fish and Wildlife Preservation and Enhancement,,Hagata Canyon | 180800030604,Horse Lake-Willow Creek,,,Eagle Lake ,
S009586,Active,Statements,BLM California State Office,TULE LAKE RESERVOIR,Lassen,12/6/2025,0,Recreational; Fish and Wildlife Preservation and Enhancement,PUTAH CREEK;PIT RIVER,Moon Lake | 180200020202,Cedar Creek,,,Eagle Lake ,
S009587,Active,Statements,BLM ALTURAS FIELD OFFICE,SAID VALLEY RESERVOIR,Lassen,12/6/2025,0,Fish and Wildlife Preservation and Enhancement; Recreational,,Said Valley Reservoir | 180800020302,Dry Valley-Grasshopper Valley,,,Eagle Lake ,
S009588,Active,Statements,BLM California State Office,TULE LAKE RESERVOIR,Lassen;San Luis Obispo,12/6/2025,0,Recreational; Fish and Wildlife Preservation and Enhancement,DELTA WATERSHEDS;;PIT RIVER,Rinconada Creek | 180600050201;Moon Lake | 180200020202,Santa Margarita Creek-Salinas River;Cedar Creek,,,Eagle Lake ,
S010036,Active,Statements,BLM California State Office,DRY CREEK,Lassen,12/9/2025,0,Stockwatering,DELTA WATERSHEDS;;PIT RIVER,Dry Creek | 180200020301,Dry Creek-South Fork Pit River,,,Eagle Lake ,
S010449,Active,Statements,BLM UKIAH FIELD OFFICE,UNSP,Napa,12/10/2025,0.5041,Stockwatering; Fish and Wildlife Preservation and Enhancement,PUTAH CREEK,Hunting Creek | 180201620306,Upper Putah Creek,,,Ukiah,
S010450,Active,Statements,BLM UKIAH FIELD OFFICE,DEVILHEAD ROAD SPRING,Napa,12/10/2025,0.5041,Fish and Wildlife Preservation and Enhancement; Stockwatering,PUTAH CREEK,Hunting Creek | 180201620306,Upper Putah Creek,,,Ukiah,
S010451,Active,Statements,BLM UKIAH FIELD OFFICE,NEVADA CREEK,Napa,12/10/2025,0.5041,Fish and Wildlife Preservation and Enhancement; Stockwatering,PUTAH CREEK,Lower Eticuera Creek | 180201620102,Eticuera Creek,,,Ukiah,
S010452,Active,Statements,BLM UKIAH FIELD OFFICE,NEVADA CREEK SPRING,Napa,12/10/2025,0.5041,Stockwatering; Fish and Wildlife Preservation and Enhancement,PUTAH CREEK,Lower Eticuera Creek | 180201620102,Eticuera Creek,,,Ukiah,
S010453,Active,Statements,BLM UKIAH FIELD OFFICE,BUCK MOUNTAIN LAKE,Napa,12/10/2025,0.5041,Stockwatering; Fish and Wildlife Preservation and Enhancement,PUTAH CREEK,Upper Eticuera Creek | 180201620101,Eticuera Creek,,,Ukiah,
S010454,Active,Statements,BLM UKIAH FIELD OFFICE,UNSP,Napa,12/10/2025,0.5041,Stockwatering; Fish and Wildlife Preservation and Enhancement,PUTAH CREEK,Lower Eticuera Creek | 180201620102,Eticuera Creek,,,Ukiah,
S010455,Active,Statements,BLM UKIAH FIELD OFFICE,ZIM ZIM CREEK,Napa,12/10/2025,0.5041,Fish and Wildlife Preservation and Enhancement; Stockwatering,PUTAH CREEK,Upper Eticuera Creek | 180201620101,Eticuera Creek,,,Ukiah,
S010456,Active,Statements,BLM UKIAH FIELD OFFICE,UNSP,Napa,12/10/2025,0.5041,Fish and Wildlife Preservation and Enhancement; Stockwatering,PUTAH CREEK,Upper Eticuera Creek | 180201620101,Eticuera Creek,,,Ukiah,
S010457,Active,Statements,BLM UKIAH FIELD OFFICE,UNSP,Napa,12/10/2025,0.5041,Fish and Wildlife Preservation and Enhancement; Stockwatering,PUTAH CREEK,Upper Eticuera Creek | 180201620101,Eticuera Creek,,,Ukiah,
S010458,Active,Statements,BLM UKIAH FIELD OFFICE,UNSP,Napa,12/10/2025,0.5041,Stockwatering; Fish and Wildlife Preservation and Enhancement,PUTAH CREEK,Hunting Creek | 180201620306,Upper Putah Creek,,,Ukiah,
S010459,Active,Statements,BLM UKIAH FIELD OFFICE,UNSP,Napa,12/10/2025,0.5041,Stockwatering; Fish and Wildlife Preservation and Enhancement,PUTAH CREEK,Hunting Creek | 180201620306,Upper Putah Creek,,,Ukiah,
S010460,Active,Statements,BLM UKIAH FIELD OFFICE,BUCK MOUNTAIN SPRING,Napa,12/10/2025,0.5041,Stockwatering; Fish and Wildlife Preservation and Enhancement,PUTAH CREEK,Upper Eticuera Creek | 180201620101,Eticuera Creek,,,Ukiah,
S010461,Active,Statements,BLM UKIAH FIELD OFFICE,CEDAR CREEK,Napa,12/10/2025,0.5041,Stockwatering; Fish and Wildlife Preservation and Enhancement,PUTAH CREEK,Hunting Creek | 180201620306,Upper Putah Creek,,,Ukiah,
S010462,Active,Statements,BLM UKIAH FIELD OFFICE,UNSP,Napa,12/10/2025,0.5041,Stockwatering; Fish and Wildlife Preservation and Enhancement,PUTAH CREEK,Hunting Creek | 180201620306,Upper Putah Creek,,,Ukiah,
S010463,Active,Statements,BLM UKIAH FIELD OFFICE,HUNTING CREEK,Lake,12/10/2025,0.5041,Stockwatering; Fish and Wildlife Preservation and Enhancement,PUTAH CREEK,Hunting Creek | 180201620306,Upper Putah Creek,,,Ukiah,
S010464,Active,Statements,BLM UKIAH FIELD OFFICE,UNSP,Lake,12/10/2025,0.5041,Recreational; Fish and Wildlife Preservation and Enhancement; Stockwatering,PUTAH CREEK,Hunting Creek | 180201620306,Upper Putah Creek,,,Ukiah,
S010465,Active,Statements,BLM UKIAH FIELD OFFICE,UNSP,Napa,12/10/2025,0.5041,Fish and Wildlife Preservation and Enhancement; Stockwatering,PUTAH CREEK,Butts Creek-Putah Creek | 180201620308,Upper Putah Creek,,,Ukiah,
S010466,Active,Statements,BLM UKIAH FIELD OFFICE,UNSP,Napa,12/10/2025,0.5041,Stockwatering; Fish and Wildlife Preservation and Enhancement,PUTAH CREEK,Hunting Creek | 180201620306,Upper Putah Creek,,,Ukiah,
S010467,Active,Statements,BLM UKIAH FIELD OFFICE,UNSP,Napa,12/10/2025,0.5041,Fish and Wildlife Preservation and Enhancement; Stockwatering,PUTAH CREEK,Hunting Creek | 180201620306,Upper Putah Creek,,,Ukiah,
S010468,Active,Statements,BLM UKIAH FIELD OFFICE,UNSP,Napa,12/10/2025,0.5041,Fish and Wildlife Preservation and Enhancement; Stockwatering,PUTAH CREEK,Hunting Creek | 180201620306,Upper Putah Creek,,,Ukiah,
S010469,Active,Statements,BLM UKIAH FIELD OFFICE,POCOCK CREEK,Napa,12/10/2025,0.5041,Stockwatering; Fish and Wildlife Preservation and Enhancement,SAN JOAQUIN DELTA;LEGAL DELTA;PUTAH CREEK,Hunting Creek | 180201620306,Upper Putah Creek,,,Ukiah,
S010470,Active,Statements,BLM UKIAH FIELD OFFICE,HUNTING CREEK,Lake,12/10/2025,0.5041,Stockwatering; Fish and Wildlife Preservation and Enhancement,PUTAH CREEK,Hunting Creek | 180201620306,Upper Putah Creek,,,Ukiah,
S010471,Active,Statements,BLM UKIAH FIELD OFFICE,UNSP,Napa,12/10/2025,0.5041,Fish and Wildlife Preservation and Enhancement; Stockwatering,PUTAH CREEK,Hunting Creek | 180201620306,Upper Putah Creek,,,Ukiah,
S010472,Active,Statements,BLM UKIAH FIELD OFFICE,UNSP,Napa,12/10/2025,0.5041,Fish and Wildlife Preservation and Enhancement; Stockwatering,PUTAH CREEK,Hunting Creek | 180201620306,Upper Putah Creek,,,Ukiah,
S010473,Active,Statements,BLM UKIAH FIELD OFFICE,DUNNIGAN HILL SPRING,Lake,12/10/2025,0.5041,Stockwatering; Recreational; Fire Protection; Fish and Wildlife Preservation and Enhancement,PUTAH CREEK,Hunting Creek | 180201620306,Upper Putah Creek,,,Ukiah,
S010474,Active,Statements,BLM UKIAH FIELD OFFICE,JERICHO CREEK,Lake,12/10/2025,0.5041,Stockwatering; Fish and Wildlife Preservation and Enhancement; Fire Protection,PUTAH CREEK,Hunting Creek | 180201620306,Upper Putah Creek,,,Ukiah,
S010475,Active,Statements,BLM UKIAH FIELD OFFICE,HUNTING CREEK,Lake,12/10/2025,0.5041,Fire Protection; Fish and Wildlife Preservation and Enhancement; Stockwatering,PUTAH CREEK,Hunting Creek | 180201620306,Upper Putah Creek,,,Ukiah,
S010476,Active,Statements,BLM UKIAH FIELD OFFICE,OAT HILL SPRING,Lake,12/10/2025,0.5041,Fish and Wildlife Preservation and Enhancement; Stockwatering,PUTAH CREEK,Hunting Creek | 180201620306,Upper Putah Creek,,,Ukiah,
S010477,Active,Statements,BLM UKIAH FIELD OFFICE,HOLE CREEK,Lake,12/10/2025,0.5041,Fish and Wildlife Preservation and Enhancement; Stockwatering,PUTAH CREEK;DELTA WATERSHEDS;,Hunting Creek | 180201620306,Upper Putah Creek,,,Ukiah,
S010478,Active,Statements,BLM UKIAH FIELD OFFICE,UNSP,Napa,12/10/2025,0.5041,Stockwatering; Fish and Wildlife Preservation and Enhancement,PUTAH CREEK;DELTA WATERSHEDS;,Capell Creek | 180201620401,Middle Putah Creek,,,Ukiah,
S010479,Active,Statements,BLM UKIAH FIELD OFFICE,UNSP,Napa,12/10/2025,0.5041,Stockwatering; Fish and Wildlife Preservation and Enhancement,PUTAH CREEK,Capell Creek | 180201620401,Middle Putah Creek,,,Ukiah,
S010480,Active,Statements,BLM UKIAH FIELD OFFICE,BEAR CANYON,Lake,12/10/2025,0.5041,Stockwatering; Fish and Wildlife Preservation and Enhancement,PUTAH CREEK,Dry Creek-Putah Creek | 180201620302,Upper Putah Creek,,,Ukiah,
S010481,Active,Statements,BLM UKIAH FIELD OFFICE,UNSP,Lake,12/10/2025,0.5041,Recreational; Stockwatering; Fish and Wildlife Preservation and Enhancement,PUTAH CREEK,Dry Creek-Putah Creek | 180201620302,Upper Putah Creek,,,Ukiah,
S010482,Active,Statements,BLM UKIAH FIELD OFFICE,UNSP,Lake,12/10/2025,0.5041,Fish and Wildlife Preservation and Enhancement; Recreational; Stockwatering,PUTAH CREEK,Dry Creek-Putah Creek | 180201620302,Upper Putah Creek,,,Ukiah,
S010483,Active,Statements,BLM UKIAH FIELD OFFICE,UNSP,Lake,12/10/2025,0.5041,Stockwatering; Fish and Wildlife Preservation and Enhancement,PUTAH CREEK,Dry Creek-Putah Creek | 180201620302,Upper Putah Creek,,,Ukiah,
S010484,Active,Statements,BLM UKIAH FIELD OFFICE,UNSP,Lake,12/10/2025,0.5041,Stockwatering; Fish and Wildlife Preservation and Enhancement,PUTAH CREEK,Dry Creek-Putah Creek | 180201620302,Upper Putah Creek,,,Ukiah,
S010485,Active,Statements,BLM UKIAH FIELD OFFICE,UNSP,Lake,12/10/2025,0.5041,Fish and Wildlife Preservation and Enhancement; Stockwatering; Recreational,PUTAH CREEK,Dry Creek-Putah Creek | 180201620302,Upper Putah Creek,,,Ukiah,
S010486,Active,Statements,BLM UKIAH FIELD OFFICE,UNSP,Lake,12/10/2025,0.5041,Fish and Wildlife Preservation and Enhancement; Stockwatering; Recreational,PUTAH CREEK,Dry Creek-Putah Creek | 180201620302,Upper Putah Creek,,,Ukiah,
S010487,Active,Statements,BLM UKIAH FIELD OFFICE,UNSP,Lake,12/10/2025,0.5041,Recreational; Stockwatering; Fish and Wildlife Preservation and Enhancement,PUTAH CREEK,Dry Creek-Putah Creek | 180201620302,Upper Putah Creek,,,Ukiah,
S010488,Active,Statements,BLM UKIAH FIELD OFFICE,UNSP,Lake,12/10/2025,0.5041,Fish and Wildlife Preservation and Enhancement; Stockwatering,PUTAH CREEK,Big Canyon Creek-Putah Creek | 180201620303,Upper Putah Creek,,,Ukiah,
S010489,Active,Statements,BLM UKIAH FIELD OFFICE,UNSP,Lake,12/10/2025,0.5041,Fish and Wildlife Preservation and Enhancement; Stockwatering,PUTAH CREEK;DELTA WATERSHEDS;,Dry Creek-Putah Creek | 180201620302,Upper Putah Creek,,,Ukiah,
S010490,Active,Statements,BLM UKIAH FIELD OFFICE,UNSP,Lake,12/10/2025,0.5041,Stockwatering; Fish and Wildlife Preservation and Enhancement,PUTAH CREEK,Dry Creek-Putah Creek | 180201620302,Upper Putah Creek,,,Ukiah,
S010491,Active,Statements,BLM UKIAH FIELD OFFICE,UNSP,Lake,12/10/2025,0.5041,Stockwatering; Fish and Wildlife Preservation and Enhancement,PUTAH CREEK,Dry Creek-Putah Creek | 180201620302,Upper Putah Creek,,,Ukiah,
S010492,Active,Statements,BLM UKIAH FIELD OFFICE,UNSP,Lake,12/10/2025,0.5041,Stockwatering; Fish and Wildlife Preservation and Enhancement,PUTAH CREEK,Dry Creek-Putah Creek | 180201620302,Upper Putah Creek,,,Ukiah,
S010493,Active,Statements,BLM UKIAH FIELD OFFICE,UNSP,Lake,12/10/2025,0.5041,Fish and Wildlife Preservation and Enhancement; Stockwatering,PUTAH CREEK,Dry Creek-Putah Creek | 180201620302,Upper Putah Creek,,,Ukiah,
S010494,Active,Statements,BLM UKIAH FIELD OFFICE,TROUT CREEK,Napa,12/10/2025,0.5041,Stockwatering; Fish and Wildlife Preservation and Enhancement,PUTAH CREEK,Lower Pope Creek | 180201620203,Pope Creek,,,Ukiah,
S010495,Active,Statements,BLM UKIAH FIELD OFFICE,TROUT CREEK,Napa,12/10/2025,0.5041,Stockwatering; Fish and Wildlife Preservation and Enhancement,PUTAH CREEK,Lower Pope Creek | 180201620203,Pope Creek,,,Ukiah,
S010496,Active,Statements,BLM UKIAH FIELD OFFICE,UNSP,Napa,12/10/2025,0.5041,Stockwatering; Fish and Wildlife Preservation and Enhancement,PUTAH CREEK,Lower Pope Creek | 180201620203,Pope Creek,,,Ukiah,
S010497,Active,Statements,BLM UKIAH FIELD OFFICE,HARDIN CREEK,Napa,12/10/2025,0.5041,Stockwatering; Fish and Wildlife Preservation and Enhancement,PUTAH CREEK,Maxwell Creek | 180201620202,Pope Creek,,,Ukiah,
S010498,Active,Statements,BLM UKIAH FIELD OFFICE,UNSP,Napa,12/10/2025,0.5041,Fish and Wildlife Preservation and Enhancement; Fire Protection; Stockwatering,PUTAH CREEK,Jackson Creek-Putah Creek | 180201620402,Middle Putah Creek,,,Ukiah,
S010499,Active,Statements,BLM UKIAH FIELD OFFICE,UNSP,Napa,12/10/2025,0.5041,Fish and Wildlife Preservation and Enhancement; Stockwatering,PUTAH CREEK,Jackson Creek-Putah Creek | 180201620402,Middle Putah Creek,,,Ukiah,
S010500,Active,Statements,BLM UKIAH FIELD OFFICE,DYER CREEK,Napa,12/10/2025,0.5041,Stockwatering; Fish and Wildlife Preservation and Enhancement,DELTA WATERSHEDS;;PUTAH CREEK,Butts Creek-Putah Creek | 180201620308,Upper Putah Creek,,,Ukiah,
S010501,Active,Statements,BLM UKIAH FIELD OFFICE,PUTAH CREEK,Napa,12/10/2025,0.5041,Stockwatering; Fish and Wildlife Preservation and Enhancement; Fire Protection,PUTAH CREEK,Butts Creek-Putah Creek | 180201620308,Upper Putah Creek,,,Ukiah,
S010502,Active,Statements,BLM UKIAH FIELD OFFICE,UNSP,Napa,12/10/2025,0.5041,Stockwatering; Fish and Wildlife Preservation and Enhancement,PUTAH CREEK;North Coast AB2121 Area,Butts Creek-Putah Creek | 180201620308,Upper Putah Creek,,,Ukiah,
S010503,Active,Statements,BLM UKIAH FIELD OFFICE,POPE CREEK,Napa,12/10/2025,0.5041,Fish and Wildlife Preservation and Enhancement; Stockwatering; Fire Protection,PUTAH CREEK,Lower Pope Creek | 180201620203,Pope Creek,,,Ukiah,
S010504,Active,Statements,BLM UKIAH FIELD OFFICE,MAXWELL CREEK,Napa,12/10/2025,0.5041,Stockwatering; Fish and Wildlife Preservation and Enhancement,PUTAH CREEK,Maxwell Creek | 180201620202,Pope Creek,,,Ukiah,
S010505,Active,Statements,BLM UKIAH FIELD OFFICE,UNSP,Napa,12/10/2025,0.5041,Fish and Wildlife Preservation and Enhancement; Stockwatering,PUTAH CREEK,Butts Creek-Putah Creek | 180201620308,Upper Putah Creek,,,Ukiah,
S010506,Active,Statements,BLM UKIAH FIELD OFFICE,UNSP,Napa,12/10/2025,0.5041,Fish and Wildlife Preservation and Enhancement; Stockwatering,PUTAH CREEK,Butts Creek-Putah Creek | 180201620308,Upper Putah Creek,,,Ukiah,
S010507,Active,Statements,BLM UKIAH FIELD OFFICE,EAST FORK CEMENT CREEK,Kern;Napa,12/10/2025,0.5041,Stockwatering; Fish and Wildlife Preservation and Enhancement,PUTAH CREEK;DELTA WATERSHEDS;,Lower Canebrake Creek | 180300020502;Butts Creek-Putah Creek | 180201620308,Canebrake Creek;Upper Putah Creek,,,Ukiah,
S010508,Active,Statements,BLM UKIAH FIELD OFFICE,CEMENT CREEK,Napa,12/10/2025,0.5041,Stockwatering; Fish and Wildlife Preservation and Enhancement,PUTAH CREEK;Klamath,Butts Creek-Putah Creek | 180201620308,Upper Putah Creek,,,Ukiah,
S010509,Active,Statements,BLM UKIAH FIELD OFFICE,UNSP,Napa,12/10/2025,0.5041,Fish and Wildlife Preservation and Enhancement; Stockwatering,PUTAH CREEK,Lower Eticuera Creek | 180201620102,Eticuera Creek,,,Ukiah,
S010510,Active,Statements,BLM UKIAH FIELD OFFICE,UNSP,Napa,12/10/2025,0.5041,Fish and Wildlife Preservation and Enhancement; Stockwatering,PUTAH CREEK,Lower Eticuera Creek | 180201620102,Eticuera Creek,,,Ukiah,
S010511,Active,Statements,BLM UKIAH FIELD OFFICE,STORMAN SPRING,Napa,12/10/2025,0.5041,Fish and Wildlife Preservation and Enhancement; Stockwatering,PUTAH CREEK,Butts Creek-Putah Creek | 180201620308,Upper Putah Creek,,,Ukiah,
S010512,Active,Statements,BLM UKIAH FIELD OFFICE,DRY CREEK,Lake,12/10/2025,0.5041,Fish and Wildlife Preservation and Enhancement; Stockwatering,PUTAH CREEK;REDDING,Dry Creek-Putah Creek | 180201620302,Upper Putah Creek,,,Ukiah,
S010513,Active,Statements,BLM UKIAH FIELD OFFICE,UNSP,Lake,12/10/2025,0.5041,Stockwatering; Fish and Wildlife Preservation and Enhancement,PUTAH CREEK,Dry Creek-Putah Creek | 180201620302,Upper Putah Creek,,,Ukiah,
S010514,Active,Statements,BLM UKIAH FIELD OFFICE,CHICAGO SPRING,Lake,12/10/2025,0.5041,Fish and Wildlife Preservation and Enhancement; Stockwatering,PUTAH CREEK,Dry Creek-Putah Creek | 180201620302,Upper Putah Creek,,,Ukiah,
S010515,Active,Statements,BLM UKIAH FIELD OFFICE,PILOT KNOB SPRING,Lake,12/10/2025,0.5041,Fish and Wildlife Preservation and Enhancement; Stockwatering,PUTAH CREEK,Dry Creek-Putah Creek | 180201620302,Upper Putah Creek,,,Ukiah,
S010516,Active,Statements,BLM UKIAH FIELD OFFICE,MAPLE SPRING,Napa,12/10/2025,0.5041,Fish and Wildlife Preservation and Enhancement; Stockwatering; Recreational,PUTAH CREEK,Upper Pope Creek | 180201620201,Pope Creek,,,Ukiah,
S010517,Active,Statements,BLM UKIAH FIELD OFFICE,BATEMAN CREEK,Napa,12/10/2025,0.5041,Stockwatering; Fish and Wildlife Preservation and Enhancement,PUTAH CREEK,Upper Pope Creek | 180201620201,Pope Creek,,,Ukiah,
S010518,Active,Statements,BLM UKIAH FIELD OFFICE,BUTTS CREEK,Napa,12/10/2025,0.5041,Stockwatering; Fish and Wildlife Preservation and Enhancement; Fire Protection,PUTAH CREEK,Butts Creek-Putah Creek | 180201620308,Upper Putah Creek,,,Ukiah,
S010585,Active,Statements,BLM RIDGECREST FIELD OFFICE,UNSP  2 ,Inyo,12/11/2025,0.056,Recreational; Fish and Wildlife Preservation and Enhancement,,Homewood Canyon | 180902051201,Searles Valley,,,Ridgecrest,
S011162,Active,Statements,BLM California State Office,SALT CREEK,San Bernardino,12/15/2025,0.056,Recreational; Fish and Wildlife Preservation and Enhancement,,Amargosa Spring-Salt Creek | 180902031407,Riggs Wash-Salt Creek,,,Palm Springs,
S011165,Active,Statements,BLM RIDGECREST FIELD OFFICE,FRENCH MADAME SPRING,Inyo,12/15/2025,0.5041,Fish and Wildlife Preservation and Enhancement,,Nova Canyon-Panamint Valley | 180902040406,Mill Canyon-Panamint Valley,,,Ridgecrest,
S011166,Active,Statements,BLM RIDGECREST FIELD OFFICE,JACK GUNN SPRING,Inyo,12/15/2025,0.5041,Fish and Wildlife Preservation and Enhancement,,Nova Canyon-Panamint Valley | 180902040406,Mill Canyon-Panamint Valley,,,Ridgecrest,
S011167,Active,Statements,BLM RIDGECREST FIELD OFFICE,UPPER WOOD CANYON SPRING,Inyo,12/15/2025,0.5041,Fish and Wildlife Preservation and Enhancement,,Revenue Canyon | 180902041102,Surprise Canyon-Panamint Valley,,,Ridgecrest,
S011169,Active,Statements,BLM RIDGECREST FIELD OFFICE,REVENUE CANYON SPRING,Inyo,12/15/2025,1.0081,Fish and Wildlife Preservation and Enhancement,,Revenue Canyon | 180902041102,Surprise Canyon-Panamint Valley,,,Ridgecrest,
S011209,Active,Statements,BLM RIDGECREST FIELD OFFICE,REDLANDS SPRING,Inyo,12/15/2025,3.0244,Fish and Wildlife Preservation and Enhancement; Mining,,Big Horn Canyon-Panamint Valley | 180902041205,Water Canyon-Panamint Valley,,,Ridgecrest,
S011210,Active,Statements,BLM California State Office,COVE SPRING,Inyo,12/15/2025,10.866,Fish and Wildlife Preservation and Enhancement,,Hunter Canyon | 180902010902,Salt Lake,,,Ridgecrest,
S011211,Active,Statements,BLM California State Office,UNSP,Mono,12/15/2025,6.452,Stockwatering; Fish and Wildlife Preservation and Enhancement,,Paramount Mine | 160503010204,Rough Creek,,,Bishop,
S011212,Active,Statements,BLM California State Office,UNSP,Mono,12/15/2025,1.613,Stockwatering; Fish and Wildlife Preservation and Enhancement,,Paramount Mine | 160503010204,Rough Creek,,,Bishop,
S011213,Active,Statements,BLM California State Office,UNSP,Mono,12/15/2025,0.8065,Stockwatering; Fish and Wildlife Preservation and Enhancement,,Paramount Mine | 160503010204,Rough Creek,,,Bishop,
S011214,Active,Statements,BLM California State Office,UNSP,Mono,12/15/2025,3.226,Stockwatering; Fish and Wildlife Preservation and Enhancement,,Paramount Mine | 160503010204,Rough Creek,,,Bishop,
S011215,Active,Statements,BLM California State Office,UNSP,Mono,12/15/2025,4.0325,Fish and Wildlife Preservation and Enhancement; Stockwatering,,Upper Bodie Creek | 160503010201,Rough Creek,,,Bishop,
S011216,Active,Statements,BLM California State Office,UNSP,Mono,12/15/2025,20.2832,Fish and Wildlife Preservation and Enhancement; Stockwatering,,180901010106-Frontal Mono Lake | 180901010106,Alkali Valley-Frontal Mono Lake,,,Bishop,
S011217,Active,Statements,BLM California State Office,UNSP,Mono,12/15/2025,4.0325,Fish and Wildlife Preservation and Enhancement; Stockwatering,,Upper Rough Creek | 160503010205,Rough Creek,,,Bishop,
S011218,Active,Statements,BLM California State Office,UNSP,Mono,12/15/2025,0.28,Stockwatering; Fish and Wildlife Preservation and Enhancement,,Upper Rough Creek | 160503010205,Rough Creek,,,Bishop,
S011219,Active,Statements,BLM California State Office,UNSP,Mono,12/15/2025,181.1,Fish and Wildlife Preservation and Enhancement; Stockwatering,,Upper Rough Creek | 160503010205,Rough Creek,,,Bishop,
S011220,Active,Statements,BLM California State Office,UNSP,Mono,12/15/2025,10.5038,Fish and Wildlife Preservation and Enhancement; Stockwatering,,Upper Rough Creek | 160503010205,Rough Creek,,,Bishop,
S011221,Active,Statements,BLM California State Office,UNSP,Mono,12/15/2025,90.55,Stockwatering; Fish and Wildlife Preservation and Enhancement,,Aurora Canyon | 160503010104,Headwaters East Walker River,,,Bishop,
S011222,Active,Statements,BLM California State Office,UNSP,Mono,12/15/2025,181.1,Fish and Wildlife Preservation and Enhancement; Stockwatering,,Upper Rough Creek | 160503010205,Rough Creek,,,Bishop,
S011223,Active,Statements,BLM California State Office,UNSP,Mono,12/15/2025,3.226,Stockwatering; Fish and Wildlife Preservation and Enhancement,,Paramount Mine | 160503010204,Rough Creek,,,Bishop,
S011224,Active,Statements,BLM California State Office,UNSP,Mono,12/15/2025,4.839,Stockwatering; Fish and Wildlife Preservation and Enhancement,,Paramount Mine | 160503010204,Rough Creek,,,Bishop,
S011225,Active,Statements,BLM California State Office,UNSP,Mono,12/15/2025,119.526,Fish and Wildlife Preservation and Enhancement; Stockwatering,,Paramount Mine | 160503010204,Rough Creek,,,Bishop,
S011226,Active,Statements,BLM California State Office,UNSP,Mono,12/15/2025,0.8065,Fish and Wildlife Preservation and Enhancement; Stockwatering,,Paramount Mine | 160503010204,Rough Creek,,,Bishop,
S011227,Active,Statements,BLM California State Office,UNSP,Mono,12/15/2025,6.452,Stockwatering; Fish and Wildlife Preservation and Enhancement,,Paramount Mine | 160503010204,Rough Creek,,,Bishop,
S011228,Active,Statements,BLM California State Office,UNSP,Mono,12/15/2025,0.8065,Fish and Wildlife Preservation and Enhancement; Stockwatering,,Paramount Mine | 160503010204,Rough Creek,,,Bishop,
S011229,Active,Statements,BLM California State Office,UNSP,Mono,12/15/2025,4.0325,Fish and Wildlife Preservation and Enhancement; Stockwatering,,Upper Rough Creek | 160503010205,Rough Creek,,,Bishop,
S011230,Active,Statements,BLM California State Office,UNSP,Mono,12/15/2025,0.8065,Stockwatering; Fish and Wildlife Preservation and Enhancement,,Upper Rough Creek | 160503010205,Rough Creek,,,Bishop,
S011231,Active,Statements,BLM California State Office,UNSP,Mono,12/15/2025,0.4032,Fish and Wildlife Preservation and Enhancement; Stockwatering,,Upper Bodie Creek | 160503010201,Rough Creek,,,Bishop,
S011232,Active,Statements,BLM California State Office,UNSP,Mono,12/15/2025,8.0655,Fish and Wildlife Preservation and Enhancement; Stockwatering,,Aurora Canyon | 160503010104,Headwaters East Walker River,,,Bishop,
S011233,Inactive,Statements,BLM California State Office,,,9/3/1983,0,,,Cottonwood Canyon-Frontal Mono Lake | 180901010104,Alkali Valley-Frontal Mono Lake,,,Bishop,
S011234,Active,Statements,BLM California State Office,UNSP,Mono,12/15/2025,0.2016,Fish and Wildlife Preservation and Enhancement; Stockwatering,,Aurora Canyon | 160503010104,Headwaters East Walker River,,,Bishop,
S011235,Active,Statements,BLM California State Office,UNSP,Mono,12/15/2025,4.0325,Fish and Wildlife Preservation and Enhancement; Stockwatering,,Paramount Mine | 160503010204,Rough Creek,,,Bishop,
S011236,Active,Statements,BLM California State Office,UNSP,Mono,12/15/2025,0.8065,Stockwatering; Fish and Wildlife Preservation and Enhancement,,Bridgeport Reservoir-East Walker River | 160503010110,Headwaters East Walker River,,,Bishop,
S011237,Active,Statements,BLM California State Office,UNSP,Mono,12/15/2025,0.224,Fish and Wildlife Preservation and Enhancement; Stockwatering,,Bridgeport Reservoir-East Walker River | 160503010110,Headwaters East Walker River,,,Bishop,
S011238,Active,Statements,BLM California State Office,UNSP,Mono,12/15/2025,0.8065,Fish and Wildlife Preservation and Enhancement; Stockwatering,,Bridgeport Reservoir-East Walker River | 160503010110,Headwaters East Walker River,,,Bishop,
S011239,Active,Statements,BLM California State Office,,Mono,12/15/2025,181.1,Fish and Wildlife Preservation and Enhancement; Stockwatering,SACRAMENTO DELTA;LEGAL DELTA;,Cottonwood Canyon-Frontal Mono Lake | 180901010104,Alkali Valley-Frontal Mono Lake,,,Bishop,
S011240,Active,Statements,BLM California State Office,,Mono,12/15/2025,0.392,Stockwatering; Fish and Wildlife Preservation and Enhancement,,Cottonwood Canyon-Frontal Mono Lake | 180901010104,Alkali Valley-Frontal Mono Lake,,,Bishop,
S011241,Active,Statements,BLM California State Office,UNSP,Mono,12/15/2025,3.226,Fish and Wildlife Preservation and Enhancement; Stockwatering,,Aurora Canyon | 160503010104,Headwaters East Walker River,,,Bishop,
S011242,Active,Statements,BLM California State Office,UNSP,Mono,12/15/2025,0.121,Stockwatering; Fish and Wildlife Preservation and Enhancement,,Summers Creek-East Walker River | 160503010105,Headwaters East Walker River,,,Bishop,
S011243,Active,Statements,BLM California State Office,UNSP,Mono,12/15/2025,0.121,Stockwatering; Fish and Wildlife Preservation and Enhancement,,Summers Creek-East Walker River | 160503010105,Headwaters East Walker River,,,Bishop,
S011244,Active,Statements,BLM California State Office,UNSP,Mono,12/15/2025,0.2016,Stockwatering; Fish and Wildlife Preservation and Enhancement,,Summers Creek-East Walker River | 160503010105,Headwaters East Walker River,,,Bishop,
S011246,Active,Statements,BLM California State Office,UNSP,Mono,12/15/2025,271.65,Stockwatering; Fish and Wildlife Preservation and Enhancement,,Wilson Creek | 180901010403,Lee Vining Creek-Frontal Mono Lake,,,Bishop,
S011247,Active,Statements,BLM California State Office,UNSP,Mono,12/15/2025,0.4032,Fish and Wildlife Preservation and Enhancement; Stockwatering,,Rancheria Gulch-Frontal Mono Lake | 180901010405,Lee Vining Creek-Frontal Mono Lake,,,Bishop,
S011248,Active,Statements,BLM California State Office,UNSP,Mono,12/15/2025,1.2097,Stockwatering; Fish and Wildlife Preservation and Enhancement,,Rancheria Gulch-Frontal Mono Lake | 180901010405,Lee Vining Creek-Frontal Mono Lake,,,Bishop,
S011249,Active,Statements,BLM California State Office,UNSP,Mono,12/15/2025,0.4032,Fish and Wildlife Preservation and Enhancement; Stockwatering,,Rancheria Gulch-Frontal Mono Lake | 180901010405,Lee Vining Creek-Frontal Mono Lake,,,Bishop,
S011250,Active,Statements,BLM California State Office,UNSP,Mono,12/15/2025,0.4032,Fish and Wildlife Preservation and Enhancement; Stockwatering,,Rancheria Gulch-Frontal Mono Lake | 180901010405,Lee Vining Creek-Frontal Mono Lake,,,Bishop,
S011251,Active,Statements,BLM California State Office,UNSP,Mono,12/15/2025,0.6049,Stockwatering; Fish and Wildlife Preservation and Enhancement,,Clearwater Creek | 160503010102,Headwaters East Walker River,,,Bishop,
S011252,Active,Statements,BLM California State Office,UNSP,Mono,12/15/2025,0.4032,Fish and Wildlife Preservation and Enhancement; Stockwatering,,Summers Creek-East Walker River | 160503010105,Headwaters East Walker River,,,Bishop,
S011253,Inactive,Statements,BLM California State Office,Sulphur Pond,Mono,10/24/1983,0,Sulphur Pond,,Kirkwood Spring-FrontalMono Lake  180901010105,Alkali Valley-Frontal Mono Lake,,,Bishop,
S011254,Active,Statements,BLM California State Office,UNSP,Kern,12/15/2025,36.22,Fish and Wildlife Preservation and Enhancement,,Bodfish Creek | 180300030102,Cottonwood Creek-Kern River,,,Bakersfield,
S011255,Active,Statements,BLM California State Office,UNSP,Kern,12/15/2025,3.0244,Fish and Wildlife Preservation and Enhancement; Stockwatering,,Upper Canebrake Creek | 180300020501,Canebrake Creek,,,Bakersfield,
S011256,Active,Statements,BLM California State Office,SCODIE SPRING,Kern,12/15/2025,21.732,Fish and Wildlife Preservation and Enhancement; Stockwatering,,Isabella Lake-South Fork Kern River | 180300020702,Lower South Fork Kern River,,,Bakersfield,
S011257,Active,Statements,BLM California State Office,KEYES MINE SPRING,Kern,12/15/2025,21.732,Stockwatering; Fish and Wildlife Preservation and Enhancement; Domestic,,Black Gulch-Kern River | 180300030105,Cottonwood Creek-Kern River,,,Bakersfield,
S011258,Active,Statements,BLM California State Office,COYOTE SPRING,Kern,12/15/2025,0.6049,Stockwatering; Fish and Wildlife Preservation and Enhancement,,Lower Canebrake Creek | 180300020502,Canebrake Creek,,,Bakersfield,
S011259,Active,Statements,BLM California State Office,UNSP,Kern,12/15/2025,0.112,Stockwatering; Fish and Wildlife Preservation and Enhancement,,Lower Canebrake Creek | 180300020502,Canebrake Creek,,,Bakersfield,
S011260,Active,Statements,BLM California State Office,UNSP,Kern,12/15/2025,25.354,Fish and Wildlife Preservation and Enhancement; Recreational; Stockwatering,,Lower Canebrake Creek | 180300020502,Canebrake Creek,,,Bakersfield,
S011261,Active,Statements,BLM California State Office,UNSP,Tulare,12/15/2025,36.22,Stockwatering; Fish and Wildlife Preservation and Enhancement,,Upper Chimney Creek | 180300020401,Chimney Creek,,,Bakersfield,
S011262,Active,Statements,BLM California State Office,PINE CREEK SPRING,Tulare,12/15/2025,2.0162,Domestic,,Pine Creek-South Fork Kern River | 180300020205,Upper South Fork Kern River,,,Bakersfield,
S011263,Active,Statements,BLM California State Office,DEER SPRING,Tulare,12/15/2025,181.1,Fish and Wildlife Preservation and Enhancement; Stockwatering,,Long Canyon | 180300020202,Upper South Fork Kern River,,,Bakersfield,
S011264,Active,Statements,BLM California State Office,BLUE RIDGE SPRING,Tulare,12/15/2025,72.44,Fish and Wildlife Preservation and Enhancement; Stockwatering,,Upper Yokohl Creek | 180300060401,Yokohl Creek,,,Bakersfield,
S011265,Active,Statements,BLM California State Office,JUNIPER SPRING  1,San Luis Obispo,12/15/2025,0.2419,Stockwatering; Fish and Wildlife Preservation and Enhancement,,New River-Cuyama River | 180600070208,Upper Cuyama River,,,Bakersfield,
S011266,Active,Statements,BLM California State Office,UNSP,San Luis Obispo,12/15/2025,1.613,Stockwatering; Fish and Wildlife Preservation and Enhancement,,New River-Cuyama River | 180600070208,Upper Cuyama River,,,Bakersfield,
S011267,Active,Statements,BLM California State Office,WILLOW SPRING,San Luis Obispo,12/15/2025,0.2823,Fish and Wildlife Preservation and Enhancement; Stockwatering,,New River-Cuyama River | 180600070208,Upper Cuyama River,,,Bakersfield,
S011268,Active,Statements,BLM California State Office,BEA ROCK SPRING,San Luis Obispo,12/15/2025,0.2419,Stockwatering; Fish and Wildlife Preservation and Enhancement,,New River-Cuyama River | 180600070208,Upper Cuyama River,,,Bakersfield,
S011269,Active,Statements,BLM California State Office,RED ROCK SPRING,San Luis Obispo,12/15/2025,0.3226,Stockwatering; Fish and Wildlife Preservation and Enhancement,,New River-Cuyama River | 180600070208,Upper Cuyama River,,,Bakersfield,
S011270,Active,Statements,BLM California State Office,COTTONWOOD SPRING,San Luis Obispo,12/15/2025,50.708,Stockwatering; Fish and Wildlife Preservation and Enhancement,,Black Sulphur Spring-Carrizo Plain | 180600030102,Black Sulphur Spring-Carrizo Plain,,,Bakersfield,
S011271,Active,Statements,BLM California State Office,ABBOTT CANYON SPRING,San Luis Obispo,12/15/2025,16.299,Fish and Wildlife Preservation and Enhancement; Stockwatering,,Black Sulphur Spring-Carrizo Plain | 180600030102,Black Sulphur Spring-Carrizo Plain,,,Bakersfield,
S011272,Active,Statements,BLM California State Office,FRENCH SPRING,San Luis Obispo,12/15/2025,0.112,Stockwatering; Fish and Wildlife Preservation and Enhancement,,Bitter Creek-Cuyama River | 180600070209,Upper Cuyama River,,,Bakersfield,
S011273,Active,Statements,BLM California State Office,PRIEST SPRING,San Luis Obispo,12/15/2025,0.1288,Stockwatering; Fish and Wildlife Preservation and Enhancement,,Bitter Creek-Cuyama River | 180600070209,Upper Cuyama River,,,Bakersfield,
S011274,Active,Statements,BLM California State Office,SULPHUR SPRING,San Luis Obispo,12/15/2025,1.613,Fish and Wildlife Preservation and Enhancement; Stockwatering,,Bitter Creek-Cuyama River | 180600070209,Upper Cuyama River,,,Bakersfield,
S011275,Active,Statements,BLM California State Office,LOWER CAMP SPRING,San Luis Obispo,12/15/2025,0.8065,Fish and Wildlife Preservation and Enhancement; Stockwatering,,Schoolhouse Canyon-Cuyama River | 180600070302,Middle Cuyama River,,,Bakersfield,
S011276,Active,Statements,BLM California State Office,SANTA LUCIA SPRING  2,San Luis Obispo,12/15/2025,11.9526,Stockwatering; Fish and Wildlife Preservation and Enhancement,,Town Spring | 180600050607,Nacimiento River,,,Bakersfield,
S011277,Active,Statements,BLM California State Office,ALPINE MINE SPRING,San Benito,12/15/2025,1.613,Fish and Wildlife Preservation and Enhancement,,Clear Creek-San Benito River | 180600020501,Upper San Benito River,,,Bakersfield,
S011278,Active,Statements,BLM California State Office,UNSP,San Benito,12/15/2025,4.839,Fish and Wildlife Preservation and Enhancement; Stockwatering,,Clear Creek-San Benito River | 180600020501,Upper San Benito River,,,Bakersfield,
S011279,Active,Statements,BLM California State Office,AQUA BUENA SPRING,San Benito,12/15/2025,7.2585,Recreational; Domestic; Fish and Wildlife Preservation and Enhancement,,Upper Cantua Creek | 180300090601,Cantua Creek-Fresno Slough,,,Bakersfield,
S011280,Active,Statements,BLM California State Office,UNSP,Fresno,12/15/2025,0.121,Domestic; Fish and Wildlife Preservation and Enhancement; Recreational,,Upper Cantua Creek | 180300090601,Cantua Creek-Fresno Slough,,,Bakersfield,
S011281,Active,Statements,BLM California State Office,MARTINEZ SPRING,Fresno,12/15/2025,0.8065,Stockwatering; Fish and Wildlife Preservation and Enhancement,,Domengine Creek | 180300090604,Cantua Creek-Fresno Slough,,,Bakersfield,
S011282,Active,Statements,BLM California State Office,UNSP,Fresno,12/15/2025,32.2358,Fish and Wildlife Preservation and Enhancement; Stockwatering,,Headwaters Los Gatos Creek | 180300120601,Los Gatos Creek,,,Bakersfield,
S011283,Active,Statements,BLM California State Office,UNSP,Fresno,12/15/2025,1.613,Fish and Wildlife Preservation and Enhancement; Stockwatering; Recreational,,Headwaters Los Gatos Creek | 180300120601,Los Gatos Creek,,,Bakersfield,
S011284,Active,Statements,BLM California State Office,UNSP,Fresno,12/15/2025,1.613,Stockwatering; Fish and Wildlife Preservation and Enhancement,,Headwaters Los Gatos Creek | 180300120601,Los Gatos Creek,,,Bakersfield,
S011285,Active,Statements,BLM California State Office,UNSP,Fresno,12/15/2025,0.112,Fish and Wildlife Preservation and Enhancement; Stockwatering,,Headwaters Los Gatos Creek | 180300120601,Los Gatos Creek,,,Bakersfield,
S011286,Active,Statements,BLM California State Office,UNSP,Fresno,12/15/2025,0.112,Stockwatering; Fish and Wildlife Preservation and Enhancement,,Upper Warthan Creek | 180300120302,Warthan Creek,,,Central Coast ,
S011287,Active,Statements,BLM California State Office,MISTAKE SPRING,Fresno,12/15/2025,0.387,Stockwatering; Fish and Wildlife Preservation and Enhancement,,Upper Warthan Creek | 180300120302,Warthan Creek,,,Central Coast ,
S011288,Active,Statements,BLM California State Office,BEENE SPRING,Fresno,12/15/2025,0.7258,Fish and Wildlife Preservation and Enhancement; Stockwatering,,Upper Warthan Creek | 180300120302,Warthan Creek,,,Central Coast ,
S011289,Active,Statements,BLM California State Office,MILLS SPRING,Fresno,12/15/2025,0.9275,Fish and Wildlife Preservation and Enhancement; Stockwatering,,Middle Warthan Creek | 180300120303,Warthan Creek,,,Central Coast ,
S011290,Active,Statements,BLM California State Office,WILLOW SPRING,Fresno,12/15/2025,0.1854,Fish and Wildlife Preservation and Enhancement; Stockwatering,,Middle Warthan Creek | 180300120303,Warthan Creek,,,Central Coast ,
S011291,Inactive,Statements,BLM California State Office,,Fresno,9/28/2007,0,Fish and Wildlife Preservation and Enhancement; Stockwatering,,Sargent Creek | 180600050804,Indian Valley-Salinas River,,,Central Coast,
S011292,Active,Statements,BLM California State Office,UNSP,Fresno,12/15/2025,0.1372,Fish and Wildlife Preservation and Enhancement; Stockwatering,,Middle Warthan Creek | 180300120303,Warthan Creek,,,Central Coast ,
S011293,Active,Statements,BLM California State Office,UNSP,Kern,12/15/2025,5.4299,Fish and Wildlife Preservation and Enhancement,,Erskine Creek | 180300030101,Cottonwood Creek-Kern River,,,Bakersfield,
S011313,Inactive,Statements,BLM California State Office,BANNER QUEEN SPRING 1,San Diego,01/01/1700,0,,,Banner Creek | 181002030401,Upper San Felipe Creek,,,Bakersfield,
S011314,Inactive,Statements,BLM California State Office,CHARIOT CANYON SPRING,San Diego,01/01/1700,0,,,Banner Creek | 181002030401,Upper San Felipe Creek,,,Bakersfield,
S011315,Active,Statements,BLM California State Office,DESERT QUEEN SPRING,San Diego,12/15/2025,0.5041,Fish and Wildlife Preservation and Enhancement,,Banner Creek | 181002030401,Upper San Felipe Creek,,,Bakersfield,
S011316,Active,Statements,BLM RIDGECREST FIELD OFFICE,CHRISTMAS SPRING,Inyo,12/15/2025,0,Fish and Wildlife Preservation and Enhancement,,Rattlesnake Canyon | 180902051301,Searles Lake,,,Ridgecrest,
S011326,Active,Statements,BLM California State Office,BOOTLEG SPRING,Lassen,12/15/2025,1.6242,Fish and Wildlife Preservation and Enhancement; Stockwatering,,Petes Creek | 180800030606,Horse Lake-Willow Creek,,,Ridgecrest,
S011327,Active,Statements,BLM California State Office,MAPES SPRING,Lassen,12/15/2025,6.9448,Fish and Wildlife Preservation and Enhancement; Stockwatering,,Petes Creek | 180800030606,Horse Lake-Willow Creek,,,Ridgecrest,
S011369,Active,Statements,BLM California State Office,UNSP,Inyo,12/16/2025,4.0325,Fish and Wildlife Preservation and Enhancement,,Long John Canyon-Owens River | 180901030208,Lone Pine Creek-Owens River,,,Bishop,
S011370,Active,Statements,BLM California State Office,FRENCH SPRING,Inyo,12/16/2025,0.8065,Fish and Wildlife Preservation and Enhancement,,Union Wash-Owens River | 180901030205,Lone Pine Creek-Owens River,,,Bishop,
S011371,Active,Statements,BLM California State Office,COYOTE SPRING  AKA 1-5-1D ,Inyo,12/16/2025,3.226,Fish and Wildlife Preservation and Enhancement,,Coyote Canyon-Owens River | 180901030203,Lone Pine Creek-Owens River,,,Bishop,
S011372,Active,Statements,BLM California State Office,UNSP,Inyo,12/16/2025,8.065,Fish and Wildlife Preservation and Enhancement,,Union Wash-Owens River | 180901030205,Lone Pine Creek-Owens River,,,Bishop,
S011373,Active,Statements,BLM California State Office,UNSP,Inyo,12/16/2025,1.613,Fish and Wildlife Preservation and Enhancement,,Union Wash-Owens River | 180901030205,Lone Pine Creek-Owens River,,,Bishop,
S011507,Active,Statements,BLM California State Office,UNSP,Imperial,12/16/2025,0.5041,Fish and Wildlife Preservation and Enhancement,,Pinto Canyon | 181002040904,Pinto Wash,,,El Centro,
S011508,Active,Statements,BLM California State Office,UNSP,San Bernardino,12/16/2025,1.0081,Fish and Wildlife Preservation and Enhancement,ADJUDICATED GROUND WATER,Noble Well | 180902070304,Coyote Lake,,,Central Coast,
S011509,Active,Statements,BLM California State Office,SHEEP CREEK SPRING,San Bernardino,12/16/2025,2.5203,Fish and Wildlife Preservation and Enhancement,,Sheep Creek Spring-Amargosa River | 180902031503,Saddle Peak Hills-Amargosa River,,,Ridgecrest,
S011511,Active,Statements,BLM California State Office,UNSP,Inyo,12/16/2025,0.5041,Fish and Wildlife Preservation and Enhancement,,Shoshone Spring-Amargosa River | 180902022003,Tecopa Hot Springs-Amargosa River,,,Ridgecrest,
S011512,Active,Statements,BLM California State Office,UNSP,Inyo,12/16/2025,3.0244,Fish and Wildlife Preservation and Enhancement,,Carson Slough | 180902021505,Rock Valley,,,Barstow,
S011513,Active,Statements,BLM California State Office,CRYSTAL SPRING,Inyo,12/16/2025,4.0325,Fish and Wildlife Preservation and Enhancement; Recreational,,Tule Spring | 180902021904,California Valley,,,Barstow,
S011514,Active,Statements,BLM California State Office,UNSP,San Bernardino,12/16/2025,24.9918,Fish and Wildlife Preservation and Enhancement,ADJUDICATED GROUND WATER,Rabbit Lake | 181001000503,Silver Creek-Rabbit Lake,,,Palm Springs,
S011515,Active,Statements,BLM California State Office,UNSP,San Bernardino,12/16/2025,24.9918,Recreational; Fish and Wildlife Preservation and Enhancement,ADJUDICATED GROUND WATER;,Arrastre Canyon | 181001000502,Silver Creek-Rabbit Lake,,,Palm Springs,
S011516,Active,Statements,BLM California State Office,UNSP,San Bernardino,12/16/2025,0,Fish and Wildlife Preservation and Enhancement; Stockwatering,ADJUDICATED GROUND WATER;,Arrastre Canyon | 181001000502,Silver Creek-Rabbit Lake,,,Palm Springs,
S011517,Active,Statements,BLM California State Office,UNSP,San Bernardino,12/16/2025,8.009,Fish and Wildlife Preservation and Enhancement,ADJUDICATED GROUND WATER,Silver Creek | 181001000501,Silver Creek-Rabbit Lake,,,Palm Springs,
S011518,Active,Statements,BLM PALM SPRINGS FIELD OFFICE,UNSP,Riverside,12/16/2025,1.0081,Fish and Wildlife Preservation and Enhancement,,Guadalupe Creek-Whitewater River | 181002010804,Lower Whitewater River,,,Palm Springs,
S011519,Active,Statements,BLM PALM SPRINGS FIELD OFFICE,UNSP,Riverside,12/16/2025,4.0325,Fish and Wildlife Preservation and Enhancement,,Cathedral Canyon-Whitewater River | 181002010606,Upper Whitewater River,,,Palm Springs,
S011520,Active,Statements,BLM California State Office,UNSP,San Bernardino,12/16/2025,0,Fish and Wildlife Preservation and Enhancement; Stockwatering,,One Hole Spring | 181001000604,Rattlesnake Canyon,,,Palm Springs,
S011521,Active,Statements,BLM California State Office,UNSP,San Bernardino,12/16/2025,0,Recreational; Stockwatering; Fish and Wildlife Preservation and Enhancement,,Rattlesnake Spring-Rattlesnake Canyon | 181001000601,Rattlesnake Canyon,,,Palm Springs,
S011522,Active,Statements,BLM California State Office,UNSP,San Bernardino,12/16/2025,0,Fish and Wildlife Preservation and Enhancement; Stockwatering,,Rock Corral | 181001000603,Rattlesnake Canyon,,,Palm Springs,
S011526,Active,Statements,BLM UKIAH FIELD OFFICE,UNSP,Lake,12/16/2025,0,Fish and Wildlife Preservation and Enhancement,CACHE CREEK,Twin Valley Creek-North Fork Cache Creek | 180201160402,North Fork Cache Creek,,,Ukiah,
S011527,Active,Statements,BLM UKIAH FIELD OFFICE,UNSP,Lake,12/16/2025,0,Fish and Wildlife Preservation and Enhancement,CACHE CREEK,Twin Valley Creek-North Fork Cache Creek | 180201160402,North Fork Cache Creek,,,Ukiah,
S011528,Active,Statements,BLM UKIAH FIELD OFFICE,UNSP,Lake,12/16/2025,0,Fish and Wildlife Preservation and Enhancement,CACHE CREEK,Bartlett Creek | 180201160401,North Fork Cache Creek,,,Ukiah,
S011529,Active,Statements,BLM UKIAH FIELD OFFICE,UNSP,Lake,12/16/2025,0,Fish and Wildlife Preservation and Enhancement,CACHE CREEK,Bartlett Creek | 180201160401,North Fork Cache Creek,,,Ukiah,
S011530,Active,Statements,BLM UKIAH FIELD OFFICE,UNSP,Lake,12/16/2025,0,Fish and Wildlife Preservation and Enhancement,CACHE CREEK,Bartlett Creek | 180201160401,North Fork Cache Creek,,,Ukiah,
S011531,Active,Statements,BLM UKIAH FIELD OFFICE,UNSP,Lake,12/16/2025,0,Fish and Wildlife Preservation and Enhancement,CACHE CREEK,Twin Valley Creek-North Fork Cache Creek | 180201160402,North Fork Cache Creek,,,Ukiah,
S011532,Active,Statements,BLM UKIAH FIELD OFFICE,UNSP,Lake,12/16/2025,0,Fish and Wildlife Preservation and Enhancement,CACHE CREEK,Spanish Creek-North Fork Cache Creek | 180201160403,North Fork Cache Creek,,,Ukiah,
S011533,Active,Statements,BLM UKIAH FIELD OFFICE,UNSP,Lake,12/16/2025,0,Fish and Wildlife Preservation and Enhancement,CACHE CREEK,Spanish Creek-North Fork Cache Creek | 180201160403,North Fork Cache Creek,,,Ukiah,
S011534,Active,Statements,BLM UKIAH FIELD OFFICE,UNSP,Lake,12/16/2025,0,Fish and Wildlife Preservation and Enhancement,CACHE CREEK,Spanish Creek-North Fork Cache Creek | 180201160403,North Fork Cache Creek,,,Ukiah,
S011535,Active,Statements,BLM UKIAH FIELD OFFICE,UNSP,Lake,12/16/2025,0,Fish and Wildlife Preservation and Enhancement,CACHE CREEK,Spanish Creek-North Fork Cache Creek | 180201160403,North Fork Cache Creek,,,Ukiah,
S011536,Active,Statements,BLM UKIAH FIELD OFFICE,UNSP,Lake,12/16/2025,0,Fish and Wildlife Preservation and Enhancement,CACHE CREEK,Wolf Creek | 180201160405,North Fork Cache Creek,,,Ukiah,
S011537,Active,Statements,BLM UKIAH FIELD OFFICE,UNSP,Lake,12/16/2025,0,Fish and Wildlife Preservation and Enhancement,CACHE CREEK,Wolf Creek | 180201160405,North Fork Cache Creek,,,Ukiah,
S011538,Active,Statements,BLM UKIAH FIELD OFFICE,UNSP,Lake,12/16/2025,0,Fish and Wildlife Preservation and Enhancement,CACHE CREEK,Wolf Creek | 180201160405,North Fork Cache Creek,,,Ukiah,
S011539,Active,Statements,BLM UKIAH FIELD OFFICE,UNSP,Lake,12/16/2025,0,Fish and Wildlife Preservation and Enhancement,CACHE CREEK,Wolf Creek | 180201160405,North Fork Cache Creek,,,Ukiah,
S011540,Active,Statements,BLM UKIAH FIELD OFFICE,UNSP,Lake,12/16/2025,0,Fish and Wildlife Preservation and Enhancement,CACHE CREEK,Wolf Creek | 180201160405,North Fork Cache Creek,,,Ukiah,
S011541,Active,Statements,BLM UKIAH FIELD OFFICE,UNSP,Lake,12/16/2025,0,Fish and Wildlife Preservation and Enhancement,CACHE CREEK,Indian Valley Reservoir-North Fork Cache Creek | 180201160404,North Fork Cache Creek,,,Ukiah,
S011542,Active,Statements,BLM California State Office,PANTHER CANYON CREEK,Siskiyou,12/16/2025,0,Fish and Wildlife Preservation and Enhancement; Stockwatering,Klamath;North Coast AB2121 Area,Shovel Creek | 180102060301,Copco Reservoir-Klamath River,,,Redding,
S011544,Active,Statements,BLM California State Office,UNSP,Siskiyou,12/16/2025,0.336,Stockwatering; Fish and Wildlife Preservation and Enhancement,Klamath,Bunton Hollow Creek-Shasta River | 180102070503,Yreka Creek-Shasta River,,,Redding,
S011545,Active,Statements,BLM California State Office,UNST,Sacramento;Tehama,12/16/2025,0,Stockwatering; Fish and Wildlife Preservation and Enhancement,SACRAMENTO DELTA;LEGAL DELTA;REDDING,Beaver Lake-Sacramento River | 180201630702;Spring Creek-Sacramento River | 180201550402,Sherman Lake-Sacramento River;Dibble Creek-Sacramento River,,,MLFO,
S011546,Active,Statements,BLM California State Office,COAL PIT GULCH,Shasta,12/16/2025,0.28,Fish and Wildlife Preservation and Enhancement,REDDING;BEAR RIVER,Dry Creek | 180201520801,Cottonwood Creek,,,Redding,
S011547,Active,Statements,BLM UKIAH FIELD OFFICE,UNST,Glenn,12/16/2025,0,Fish and Wildlife Preservation and Enhancement,CORTINA;SAN JOAQUIN DELTA;LEGAL DELTA,Nye Creek | 180201040102,South Fork Willow Creek,,,MLFO,
S011548,Active,Statements,BLM California State Office,UNSP,Shasta,12/16/2025,4.3125,Stockwatering; Fish and Wildlife Preservation and Enhancement,SHASTA BALLY,East Fork Clear Creek-Clear Creek | 180201540102,Clear Creek,,,Redding,
S011549,Active,Statements,BLM California State Office,UNSP,Trinity,12/16/2025,0.4201,Fish and Wildlife Preservation and Enhancement,Klamath,Conner Creek Trinity River | 180102111101,Big French Creek-Trinity River,,,Redding,
S011550,Active,Statements,BLM California State Office,UNST,Tehama,12/16/2025,0.252,Stockwatering; Fish and Wildlife Preservation and Enhancement,TEHAMA,Sevenmile Creek-Sacramento River | 180201550405,Dibble Creek-Sacramento River,,,MLFO ,
S011552,Active,Statements,BLM California State Office,UNSP,Trinity,12/16/2025,0.112,Fish and Wildlife Preservation and Enhancement,Klamath,Deadwood Creek-Trinity River | 180102110703,Weaver Creek-Trinity River,,,Redding,
S011553,Active,Statements,BLM California State Office,UNSP,Trinity,12/16/2025,0.2016,Fish and Wildlife Preservation and Enhancement,Klamath,Deadwood Creek-Trinity River | 180102110703,Weaver Creek-Trinity River,,,Redding,
S011554,Active,Statements,BLM California State Office,UNSP,Trinity,12/16/2025,1.613,Fish and Wildlife Preservation and Enhancement,Klamath,Deadwood Creek-Trinity River | 180102110703,Weaver Creek-Trinity River,,,Redding,
S011555,Active,Statements,BLM California State Office,UNSP,Shasta,12/16/2025,0.4032,Fish and Wildlife Preservation and Enhancement,SHASTA BALLY,French Gulch-Clear Creek | 180201540104,Clear Creek,,,Redding,
S011556,Active,Statements,BLM California State Office,UNSP,Shasta,12/16/2025,0.4509,Fish and Wildlife Preservation and Enhancement,SHASTA BALLY,Willow Creek | 180201540103,Clear Creek,,,Redding,
S011562,Active,Statements,BLM California State Office,UNSP,Mono,12/16/2025,50.3458,Stockwatering; Fish and Wildlife Preservation and Enhancement,,Wilson Creek | 180901010403,Lee Vining Creek-Frontal Mono Lake,,,Bishop,
S011563,Active,Statements,BLM California State Office,UNSP,Mono,12/16/2025,10.1416,Fish and Wildlife Preservation and Enhancement; Stockwatering,,Wilson Creek | 180901010403,Lee Vining Creek-Frontal Mono Lake,,,Bishop,
S011564,Active,Statements,BLM California State Office,UNSP,Mono,12/16/2025,40.9286,Stockwatering; Fish and Wildlife Preservation and Enhancement,,Wilson Creek | 180901010403,Lee Vining Creek-Frontal Mono Lake,,,Bishop,
S011565,Active,Statements,BLM California State Office,UNSP,Mono,12/16/2025,3.226,Fish and Wildlife Preservation and Enhancement; Stockwatering,,Wilson Creek | 180901010403,Lee Vining Creek-Frontal Mono Lake,,,Bishop,
S011566,Active,Statements,BLM California State Office,UNSP,Mono,12/16/2025,2.1787,Fish and Wildlife Preservation and Enhancement; Stockwatering,,Cottonwood Canyon-Frontal Mono Lake | 180901010104,Alkali Valley-Frontal Mono Lake,,,Bishop,
S011567,Active,Statements,BLM California State Office,UNSP,Mono,12/16/2025,4.4805,Domestic; Stockwatering; Fish and Wildlife Preservation and Enhancement,,Rancheria Gulch-Frontal Mono Lake | 180901010405,Lee Vining Creek-Frontal Mono Lake,,,Bishop,
S011568,Active,Statements,BLM California State Office,UNSP,Mono,12/16/2025,28.6138,Fish and Wildlife Preservation and Enhancement,,Wilson Creek | 180901010403,Lee Vining Creek-Frontal Mono Lake,,,Bishop,
S011569,Active,Statements,BLM California State Office,UNSP,Mono,12/16/2025,1.8146,Fish and Wildlife Preservation and Enhancement; Stockwatering,,Wilson Creek | 180901010403,Lee Vining Creek-Frontal Mono Lake,,,Bishop,
S011570,Active,Statements,BLM California State Office,UNSP,Mono,12/16/2025,0.5489,Mining; Fish and Wildlife Preservation and Enhancement,,Wilson Creek | 180901010403,Lee Vining Creek-Frontal Mono Lake,,,Bishop,
S011571,Active,Statements,BLM California State Office,UNSP,Mono,12/16/2025,75.3376,Fish and Wildlife Preservation and Enhancement,,Wilson Creek | 180901010403,Lee Vining Creek-Frontal Mono Lake,,,Bishop,
S011572,Active,Statements,BLM California State Office,UNSP,Mono,12/16/2025,1.613,Fish and Wildlife Preservation and Enhancement,,Cottonwood Canyon-Frontal Mono Lake | 180901010104,Alkali Valley-Frontal Mono Lake,,,Bishop,
S011573,Active,Statements,BLM California State Office,UNSP,Mono,12/16/2025,8.065,Fish and Wildlife Preservation and Enhancement,,Cottonwood Canyon-Frontal Mono Lake | 180901010104,Alkali Valley-Frontal Mono Lake,,,Bishop,
S011574,Active,Statements,BLM California State Office,UNSP,Mono,12/16/2025,0.8065,Stockwatering; Fish and Wildlife Preservation and Enhancement,,180901010106-Frontal Mono Lake | 180901010106,Alkali Valley-Frontal Mono Lake,,,Bishop,
S011575,Active,Statements,BLM California State Office,UNSP,Tulare,12/16/2025,0.1848,Stockwatering; Fish and Wildlife Preservation and Enhancement,,Lower North Fork Kaweah River | 180300070305,North Fork Kaweah River,,,Bakersfield,
S011576,Active,Statements,BLM California State Office,UNSP,Tulare,12/16/2025,0.7253,Stockwatering; Fish and Wildlife Preservation and Enhancement,,Lower North Fork Kaweah River | 180300070305,North Fork Kaweah River,,,Bakersfield,
S011577,Active,Statements,BLM California State Office,UNSP,Tulare,12/16/2025,1.1033,Stockwatering; Fish and Wildlife Preservation and Enhancement,,Lower North Fork Kaweah River | 180300070305,North Fork Kaweah River,,,Bakersfield,
S011578,Active,Statements,BLM California State Office,UNSP,Tulare,12/16/2025,2.3383,Stockwatering; Fish and Wildlife Preservation and Enhancement,,Lower North Fork Kaweah River | 180300070305,North Fork Kaweah River,,,Bakersfield,
S011579,Active,Statements,BLM California State Office,UNSP,Tulare,12/16/2025,0.7253,Fish and Wildlife Preservation and Enhancement; Stockwatering,,Lower North Fork Kaweah River | 180300070305,North Fork Kaweah River,,,Bakersfield,
S011580,Active,Statements,BLM California State Office,UNSP,Tulare,12/16/2025,9.4172,Fish and Wildlife Preservation and Enhancement; Stockwatering,,Lower North Fork Kaweah River | 180300070305,North Fork Kaweah River,,,Bakersfield,
S011581,Active,Statements,BLM California State Office,UNSP,Tulare,12/16/2025,0.8877,Stockwatering; Fish and Wildlife Preservation and Enhancement,,Lower North Fork Kaweah River | 180300070305,North Fork Kaweah River,,,Bakersfield,
S011582,Active,Statements,BLM California State Office,UNSP,Tulare,12/16/2025,1.6942,Stockwatering; Fish and Wildlife Preservation and Enhancement,,Lower North Fork Kaweah River | 180300070305,North Fork Kaweah River,,,Bakersfield,
S011583,Active,Statements,BLM California State Office,UNSP,Tulare,12/16/2025,0.8065,Fish and Wildlife Preservation and Enhancement; Stockwatering,,Lower North Fork Kaweah River | 180300070305,North Fork Kaweah River,,,Bakersfield,
S011584,Active,Statements,BLM California State Office,UNSP,Tulare,12/16/2025,3.3884,Fish and Wildlife Preservation and Enhancement; Domestic; Stockwatering,,Lower North Fork Kaweah River | 180300070305,North Fork Kaweah River,,,Bakersfield,
S011585,Active,Statements,BLM California State Office,UNSP,Tulare,12/16/2025,0.5601,Fish and Wildlife Preservation and Enhancement; Stockwatering,,Lower North Fork Kaweah River | 180300070305,North Fork Kaweah River,,,Bakersfield,
S011586,Active,Statements,BLM California State Office,UNSP,Tulare,12/16/2025,1.8538,Fish and Wildlife Preservation and Enhancement; Stockwatering,,Lower North Fork Kaweah River | 180300070305,North Fork Kaweah River,,,Bakersfield,
S011587,Active,Statements,BLM California State Office,UNSP,Tulare,12/16/2025,0.6441,Stockwatering; Fish and Wildlife Preservation and Enhancement,,Lower North Fork Kaweah River | 180300070305,North Fork Kaweah River,,,Bakersfield,
S011588,Active,Statements,BLM California State Office,UNSP,Tulare,12/16/2025,0.8877,Fish and Wildlife Preservation and Enhancement; Stockwatering,,Lower North Fork Kaweah River | 180300070305,North Fork Kaweah River,,,Bakersfield,
S011589,Active,Statements,BLM California State Office,UNSP,Tulare,12/16/2025,0.2184,Fish and Wildlife Preservation and Enhancement; Stockwatering,,Lower North Fork Kaweah River | 180300070305,North Fork Kaweah River,,,Bakersfield,
S011590,Active,Statements,BLM California State Office,UNSP,Tulare,12/16/2025,0.4032,Stockwatering; Fish and Wildlife Preservation and Enhancement,,Lower North Fork Kaweah River | 180300070305,North Fork Kaweah River,,,Bakersfield,
S011591,Active,Statements,BLM California State Office,UNSP,Tulare,12/16/2025,4.5926,Fish and Wildlife Preservation and Enhancement; Stockwatering,,Lower North Fork Kaweah River | 180300070305,North Fork Kaweah River,,,Bakersfield,
S011592,Active,Statements,BLM California State Office,UNSP,Tulare,12/16/2025,0.7113,Fish and Wildlife Preservation and Enhancement; Stockwatering,,Lower North Fork Kaweah River | 180300070305,North Fork Kaweah River,,,Bakersfield,
S011593,Active,Statements,BLM California State Office,UNSP,Tulare,12/16/2025,0.6441,Stockwatering; Fish and Wildlife Preservation and Enhancement,,Lower North Fork Kaweah River | 180300070305,North Fork Kaweah River,,,Bakersfield,
S011594,Active,Statements,BLM California State Office,UNSP,Tulare,12/16/2025,1.0473,Fish and Wildlife Preservation and Enhancement; Stockwatering,,Lower East Fork Kaweah River | 180300070203,East Fork Kaweah River,,,Bakersfield,
S011595,Active,Statements,BLM California State Office,UNSP,Tulare,12/16/2025,0.2016,Stockwatering; Fish and Wildlife Preservation and Enhancement,,Lower East Fork Kaweah River | 180300070203,East Fork Kaweah River,,,Bakersfield,
S011596,Active,Statements,BLM California State Office,UNSP,Tulare,12/16/2025,1.0473,Stockwatering; Fish and Wildlife Preservation and Enhancement,,Lower East Fork Kaweah River | 180300070203,East Fork Kaweah River,,,Bakersfield,
S011597,Active,Statements,BLM California State Office,UNSP,Tulare,12/16/2025,1.6942,Fish and Wildlife Preservation and Enhancement; Stockwatering,,Salt Creek-Kaweah River | 180300070403,Marble Fork Kaweah River-Kaweah River,,,Bakersfield,
S011598,Active,Statements,BLM California State Office,UNSP,Tulare,12/17/2025,3.0244,Stockwatering; Fish and Wildlife Preservation and Enhancement,,Salt Creek-Kaweah River | 180300070403,Marble Fork Kaweah River-Kaweah River,,,Bakersfield,
S011599,Active,Statements,BLM California State Office,UNSP,Tulare,12/17/2025,1.0473,Stockwatering; Fish and Wildlife Preservation and Enhancement,,Salt Creek-Kaweah River | 180300070403,Marble Fork Kaweah River-Kaweah River,,,Bakersfield,
S011600,Active,Statements,BLM California State Office,UNSP,Tulare,12/17/2025,0.2016,Stockwatering; Fish and Wildlife Preservation and Enhancement,,Salt Creek-Kaweah River | 180300070403,Marble Fork Kaweah River-Kaweah River,,,Bakersfield,
S011601,Active,Statements,BLM California State Office,UNSP,Tulare,12/17/2025,0.4032,Fish and Wildlife Preservation and Enhancement; Stockwatering,,Salt Creek-Kaweah River | 180300070403,Marble Fork Kaweah River-Kaweah River,,,Bakersfield,
S011602,Active,Statements,BLM California State Office,UNSP,Tulare,12/17/2025,0.3836,Fish and Wildlife Preservation and Enhancement,,Salt Creek-Kaweah River | 180300070403,Marble Fork Kaweah River-Kaweah River,,,Bakersfield,
S011603,Active,Statements,BLM California State Office,UNSP,Tulare,12/17/2025,0.9689,Fish and Wildlife Preservation and Enhancement,,Salt Creek-Kaweah River | 180300070403,Marble Fork Kaweah River-Kaweah River,,,Bakersfield,
S011604,Active,Statements,BLM California State Office,UNSP,Tulare,12/17/2025,0.5657,Fish and Wildlife Preservation and Enhancement,,Salt Creek-Kaweah River | 180300070403,Marble Fork Kaweah River-Kaweah River,,,Bakersfield,
S011605,Active,Statements,BLM California State Office,UNSP,Tulare,12/17/2025,0.3416,Fish and Wildlife Preservation and Enhancement,,Salt Creek-Kaweah River | 180300070403,Marble Fork Kaweah River-Kaweah River,,,Bakersfield,
S011606,Active,Statements,BLM California State Office,UNSP,Tulare,12/17/2025,0.4032,Fish and Wildlife Preservation and Enhancement,,Salt Creek-Kaweah River | 180300070403,Marble Fork Kaweah River-Kaweah River,,,Bakersfield,
S011607,Active,Statements,BLM California State Office,UNSP,Tulare,12/17/2025,1.2097,Fish and Wildlife Preservation and Enhancement,,Salt Creek-Kaweah River | 180300070403,Marble Fork Kaweah River-Kaweah River,,,Bakersfield,
S011608,Active,Statements,BLM California State Office,UNSP,Tulare,12/17/2025,0.4032,Fish and Wildlife Preservation and Enhancement,,Salt Creek-Kaweah River | 180300070403,Marble Fork Kaweah River-Kaweah River,,,Bakersfield,
S011609,Active,Statements,BLM California State Office,UNSP,Tulare,12/17/2025,0.4032,Fish and Wildlife Preservation and Enhancement,,Salt Creek-Kaweah River | 180300070403,Marble Fork Kaweah River-Kaweah River,,,Bakersfield,
S011610,Active,Statements,BLM California State Office,UNSP,Tulare,12/17/2025,0.8065,Fish and Wildlife Preservation and Enhancement,,Salt Creek-Kaweah River | 180300070403,Marble Fork Kaweah River-Kaweah River,,,Bakersfield,
S011611,Active,Statements,BLM California State Office,UNSP,Tulare,12/17/2025,0.182,Stockwatering; Fish and Wildlife Preservation and Enhancement,,Salt Creek-Kaweah River | 180300070403,Marble Fork Kaweah River-Kaweah River,,,Bakersfield,
S011612,Active,Statements,BLM California State Office,UNSP,Tulare,12/17/2025,0.6273,Stockwatering; Fish and Wildlife Preservation and Enhancement,,Salt Creek-Kaweah River | 180300070403,Marble Fork Kaweah River-Kaweah River,,,Bakersfield,
S011613,Active,Statements,BLM California State Office,UNSP,Tulare,12/17/2025,0.4845,Fish and Wildlife Preservation and Enhancement; Stockwatering,,Salt Creek-Kaweah River | 180300070403,Marble Fork Kaweah River-Kaweah River,,,Bakersfield,
S011614,Active,Statements,BLM California State Office,UNSP,Tulare,12/17/2025,0.14,Fish and Wildlife Preservation and Enhancement; Stockwatering,,Salt Creek-Kaweah River | 180300070403,Marble Fork Kaweah River-Kaweah River,,,Bakersfield,
S011615,Active,Statements,BLM California State Office,UNSP,Tulare,12/17/2025,0.5853,Stockwatering; Fish and Wildlife Preservation and Enhancement,,Salt Creek-Kaweah River | 180300070403,Marble Fork Kaweah River-Kaweah River,,,Bakersfield,
S011616,Active,Statements,BLM California State Office,UNSP,Tulare,12/17/2025,1.7754,Fish and Wildlife Preservation and Enhancement,,Salt Creek-Kaweah River | 180300070403,Marble Fork Kaweah River-Kaweah River,,,Bakersfield,
S011617,Active,Statements,BLM California State Office,UNSP,Tulare,12/17/2025,0.2016,Fish and Wildlife Preservation and Enhancement,,Salt Creek-Kaweah River | 180300070403,Marble Fork Kaweah River-Kaweah River,,,Bakersfield,
S011618,Active,Statements,BLM California State Office,UNSP,Tulare,12/17/2025,0.1456,Fish and Wildlife Preservation and Enhancement; Stockwatering,,Salt Creek-Kaweah River | 180300070403,Marble Fork Kaweah River-Kaweah River,,,Bakersfield,
S011619,Active,Statements,BLM California State Office,UNSP,Tulare,12/17/2025,2.1115,Stockwatering; Fish and Wildlife Preservation and Enhancement,,Salt Creek-Kaweah River | 180300070403,Marble Fork Kaweah River-Kaweah River,,,Bakersfield,
S011620,Active,Statements,BLM California State Office,UNSP,Tulare,12/17/2025,0.2408,Fish and Wildlife Preservation and Enhancement; Stockwatering,,Salt Creek-Kaweah River | 180300070403,Marble Fork Kaweah River-Kaweah River,,,Bakersfield,
S011621,Active,Statements,BLM California State Office,UNSP,Tulare,12/17/2025,0.1624,Fish and Wildlife Preservation and Enhancement; Stockwatering,,Lower South Fork Kaweah River | 180300070503,South Fork Kaweah River,,,Bakersfield,
S011622,Active,Statements,BLM California State Office,UNSP,Tulare,12/17/2025,0.6441,Fish and Wildlife Preservation and Enhancement; Stockwatering,,Lower South Fork Kaweah River | 180300070503,South Fork Kaweah River,,,Bakersfield,
S011623,Active,Statements,BLM California State Office,UNSP,Tulare,12/17/2025,0.1624,Stockwatering; Fish and Wildlife Preservation and Enhancement,,Lower South Fork Kaweah River | 180300070503,South Fork Kaweah River,,,Bakersfield,
S011624,Active,Statements,BLM California State Office,UNSP,Tulare,12/17/2025,0.1624,Stockwatering; Fish and Wildlife Preservation and Enhancement,,Lower South Fork Kaweah River | 180300070503,South Fork Kaweah River,,,Bakersfield,
S011625,Active,Statements,BLM California State Office,UNSP,Tulare,12/17/2025,0.1764,Stockwatering; Fish and Wildlife Preservation and Enhancement,,Lower South Fork Kaweah River | 180300070503,South Fork Kaweah River,,,Bakersfield,
S011626,Active,Statements,BLM California State Office,UNSP,Tulare,12/17/2025,0.5657,Fish and Wildlife Preservation and Enhancement; Stockwatering,,Lower East Fork Kaweah River | 180300070203,East Fork Kaweah River,,,Bakersfield,
S011627,Active,Statements,BLM California State Office,UNSP,Tulare,12/17/2025,1.291,Stockwatering; Fish and Wildlife Preservation and Enhancement,,Lower East Fork Kaweah River | 180300070203,East Fork Kaweah River,,,Bakersfield,
S011628,Active,Statements,BLM California State Office,UNSP,Tulare,12/17/2025,0.7253,Stockwatering; Fish and Wildlife Preservation and Enhancement,,Lower East Fork Kaweah River | 180300070203,East Fork Kaweah River,,,Bakersfield,
S011629,Active,Statements,BLM California State Office,UNSP,Tulare,12/17/2025,0.6441,Fish and Wildlife Preservation and Enhancement; Stockwatering,,Lower East Fork Kaweah River | 180300070203,East Fork Kaweah River,,,Bakersfield,
S011630,Active,Statements,BLM California State Office,UNSP,Tulare,12/17/2025,0,Stockwatering; Fish and Wildlife Preservation and Enhancement,,Salt Creek-Kaweah River | 180300070403,Marble Fork Kaweah River-Kaweah River,,,Bakersfield,
S011631,Active,Statements,BLM California State Office,UNSP,Tulare,12/17/2025,1.2097,Stockwatering; Fish and Wildlife Preservation and Enhancement,,Salt Creek-Kaweah River | 180300070403,Marble Fork Kaweah River-Kaweah River,,,Bakersfield,
S011632,Active,Statements,BLM California State Office,UNSP,Tulare,12/17/2025,0.2408,Fish and Wildlife Preservation and Enhancement; Stockwatering,,Salt Creek-Kaweah River | 180300070403,Marble Fork Kaweah River-Kaweah River,,,Bakersfield,
S011633,Active,Statements,BLM California State Office,UNSP,Tulare,12/17/2025,0.3052,Stockwatering; Fish and Wildlife Preservation and Enhancement,,Upper Yokohl Creek | 180300060401,Yokohl Creek,,,Bakersfield,
S011634,Active,Statements,BLM California State Office,UNSP,Tulare,12/17/2025,0.8065,Fish and Wildlife Preservation and Enhancement; Stockwatering,,Upper Yokohl Creek | 180300060401,Yokohl Creek,,,Bakersfield,
S011635,Active,Statements,BLM California State Office,UNSP,Tulare,12/17/2025,0.8877,Stockwatering; Fish and Wildlife Preservation and Enhancement,,Upper Yokohl Creek | 180300060401,Yokohl Creek,,,Bakersfield,
S011636,Active,Statements,BLM California State Office,UNSP,Tulare,12/17/2025,1.0473,Stockwatering; Fish and Wildlife Preservation and Enhancement,,Upper Yokohl Creek | 180300060401,Yokohl Creek,,,Bakersfield,
S011637,Active,Statements,BLM California State Office,UNSP,Tulare,12/17/2025,0.2408,Fish and Wildlife Preservation and Enhancement,,Middle North Fork Tule River | 180300060202,North Fork Tule River,,,Bakersfield,
S011638,Active,Statements,BLM California State Office,UNSP,Tulare,12/17/2025,0.4032,Stockwatering; Fish and Wildlife Preservation and Enhancement,,Upper Yokohl Creek | 180300060401,Yokohl Creek,,,Bakersfield,
S011639,Active,Statements,BLM California State Office,UNSP,Tulare,12/17/2025,13.7636,Domestic; Stockwatering; Fish and Wildlife Preservation and Enhancement,,Pine Creek-South Fork Kern River | 180300020205,Upper South Fork Kern River,,,Bakersfield,
S011640,Active,Statements,BLM California State Office,UNSP,Tulare,12/17/2025,1.613,Fish and Wildlife Preservation and Enhancement; Stockwatering,,Pine Creek-South Fork Kern River | 180300020205,Upper South Fork Kern River,,,Bakersfield,
S011641,Active,Statements,BLM California State Office,UNSP,Tulare,12/17/2025,1.613,Stockwatering; Fish and Wildlife Preservation and Enhancement,,Pine Creek-South Fork Kern River | 180300020205,Upper South Fork Kern River,,,Bakersfield,
S011642,Active,Statements,BLM California State Office,UNSP,Tulare,12/17/2025,1.613,Stockwatering; Fish and Wildlife Preservation and Enhancement,,Pine Creek-South Fork Kern River | 180300020205,Upper South Fork Kern River,,,Bakersfield,
S011643,Active,Statements,BLM California State Office,UNSP,Tulare,12/17/2025,1.613,Fish and Wildlife Preservation and Enhancement; Stockwatering,,Pine Creek-South Fork Kern River | 180300020205,Upper South Fork Kern River,,,Bakersfield,
S011644,Active,Statements,BLM California State Office,UNSP,Tulare,12/17/2025,7.9684,Fish and Wildlife Preservation and Enhancement; Stockwatering,,Pine Creek-South Fork Kern River | 180300020205,Upper South Fork Kern River,,,Bakersfield,
S011645,Active,Statements,BLM California State Office,UNSP,Tulare,12/17/2025,2.4195,Stockwatering; Fish and Wildlife Preservation and Enhancement,,Long Canyon | 180300020202,Upper South Fork Kern River,,,Bakersfield,
S011646,Active,Statements,BLM California State Office,UNSP,Tulare,12/17/2025,0.8065,Fish and Wildlife Preservation and Enhancement; Stockwatering,,Pine Creek-South Fork Kern River | 180300020205,Upper South Fork Kern River,,,Bakersfield,
S011647,Active,Statements,BLM California State Office,UNSP,Tulare,12/17/2025,0.2408,Stockwatering; Fish and Wildlife Preservation and Enhancement,,Pine Creek-South Fork Kern River | 180300020205,Upper South Fork Kern River,,,Bakersfield,
S011648,Active,Statements,BLM California State Office,UNSP,Tulare,12/17/2025,1.613,Fish and Wildlife Preservation and Enhancement; Stockwatering,,Long Canyon | 180300020202,Upper South Fork Kern River,,,Bakersfield,
S011649,Active,Statements,BLM California State Office,UNSP,Mono,12/17/2025,1.613,Stockwatering; Fish and Wildlife Preservation and Enhancement,,Indian Spring-Frontal Mono Lake | 180901010204,Dry Creek-Frontal Mono Lake,,,Bakersfield,
S011650,Active,Statements,BLM California State Office,UNSP,Tulare,12/17/2025,0.4845,Fish and Wildlife Preservation and Enhancement; Stockwatering,,Tibbets Creek-South Fork Kern River | 180300020302,Middle South Fork Kern River,,,Bakersfield,
S011651,Active,Statements,BLM California State Office,UNSP,Tulare,12/17/2025,4.3545,Stockwatering; Fish and Wildlife Preservation and Enhancement,,Tibbets Creek-South Fork Kern River | 180300020302,Middle South Fork Kern River,,,Bakersfield,
S011652,Active,Statements,BLM California State Office,UNSP,Tulare,12/17/2025,0.2408,Fish and Wildlife Preservation and Enhancement; Stockwatering,,Tibbets Creek-South Fork Kern River | 180300020302,Middle South Fork Kern River,,,Bakersfield,
S011653,Active,Statements,BLM California State Office,UNSP,Tulare,12/17/2025,3.3884,Fish and Wildlife Preservation and Enhancement; Stockwatering,,Tibbets Creek-South Fork Kern River | 180300020302,Middle South Fork Kern River,,,Bakersfield,
S011654,Active,Statements,BLM California State Office,UNSP,Tulare,12/17/2025,0.7253,Fish and Wildlife Preservation and Enhancement; Stockwatering,,Long Canyon | 180300020202,Upper South Fork Kern River,,,Bakersfield,
S011655,Active,Statements,BLM California State Office,UNSP,Tulare,12/17/2025,0.7253,Stockwatering; Fish and Wildlife Preservation and Enhancement,,Long Canyon | 180300020202,Upper South Fork Kern River,,,Bakersfield,
S011656,Active,Statements,BLM California State Office,UNSP,Tulare,12/17/2025,0.8065,Fish and Wildlife Preservation and Enhancement; Stockwatering,,Long Canyon | 180300020202,Upper South Fork Kern River,,,Bakersfield,
S011657,Active,Statements,BLM California State Office,UNSP,Tulare,12/17/2025,1.3722,Fish and Wildlife Preservation and Enhancement; Stockwatering,,Long Canyon | 180300020202,Upper South Fork Kern River,,,Bakersfield,
S011658,Active,Statements,BLM California State Office,UNSP,Tulare,12/17/2025,0.8065,Stockwatering; Fish and Wildlife Preservation and Enhancement,,Pine Creek-South Fork Kern River | 180300020205,Upper South Fork Kern River,,,Bakersfield,
S011659,Active,Statements,BLM California State Office,UNSP,Tulare,12/17/2025,0.5657,Stockwatering,,Pine Creek-South Fork Kern River | 180300020205,Upper South Fork Kern River,,,Bakersfield,
S011660,Active,Statements,BLM California State Office,UNSP,Tulare,12/17/2025,1.613,Stockwatering; Fish and Wildlife Preservation and Enhancement,,Pine Creek-South Fork Kern River | 180300020205,Upper South Fork Kern River,,,Bakersfield,
S011661,Active,Statements,BLM California State Office,UNSP,Tulare,12/17/2025,0.8065,Stockwatering; Fish and Wildlife Preservation and Enhancement,,Pine Creek-South Fork Kern River | 180300020205,Upper South Fork Kern River,,,Bakersfield,
S011662,Active,Statements,BLM California State Office,UNSP,Tulare,12/17/2025,0.8065,Stockwatering; Fish and Wildlife Preservation and Enhancement,,Tibbets Creek-South Fork Kern River | 180300020302,Middle South Fork Kern River,,,Bakersfield,
S011663,Active,Statements,BLM California State Office,UNSP,Tulare,12/17/2025,0.6441,Stockwatering; Fish and Wildlife Preservation and Enhancement,,Tibbets Creek-South Fork Kern River | 180300020302,Middle South Fork Kern River,,,Bakersfield,
S011664,Active,Statements,BLM California State Office,UNSP,Tulare,12/17/2025,0.9689,Fish and Wildlife Preservation and Enhancement; Stockwatering,,Tibbets Creek-South Fork Kern River | 180300020302,Middle South Fork Kern River,,,Bakersfield,
S011665,Active,Statements,BLM California State Office,UNSP,Tulare,12/17/2025,0.6441,Stockwatering; Fish and Wildlife Preservation and Enhancement,,Tibbets Creek-South Fork Kern River | 180300020302,Middle South Fork Kern River,,,Bakersfield,
S011666,Active,Statements,BLM California State Office,UNSP,Tulare,12/17/2025,0.5657,Stockwatering; Fish and Wildlife Preservation and Enhancement,,Tibbets Creek-South Fork Kern River | 180300020302,Middle South Fork Kern River,,,Bakersfield,
S011667,Active,Statements,BLM California State Office,UNSP,Tulare,12/17/2025,0.2576,Fish and Wildlife Preservation and Enhancement; Stockwatering,,Pine Creek-South Fork Kern River | 180300020205,Upper South Fork Kern River,,,Bakersfield,
S011668,Active,Statements,BLM California State Office,UNSP,Tulare,12/17/2025,0.4845,Fish and Wildlife Preservation and Enhancement; Stockwatering,,Pine Creek-South Fork Kern River | 180300020205,Upper South Fork Kern River,,,Bakersfield,
S011669,Active,Statements,BLM California State Office,UNSP,Tulare,12/17/2025,0.322,Fish and Wildlife Preservation and Enhancement; Stockwatering,,Pine Creek-South Fork Kern River | 180300020205,Upper South Fork Kern River,,,Bakersfield,
S011670,Active,Statements,BLM California State Office,UNSP,Tulare,12/17/2025,0.2016,Fish and Wildlife Preservation and Enhancement; Stockwatering,,Pine Creek-South Fork Kern River | 180300020205,Upper South Fork Kern River,,,Bakersfield,
S011671,Active,Statements,BLM California State Office,UNSP,Tulare,12/17/2025,1.2097,Stockwatering; Fish and Wildlife Preservation and Enhancement,,Long Canyon | 180300020202,Upper South Fork Kern River,,,Bakersfield,
S011672,Active,Statements,BLM California State Office,UNSP,Tulare,12/17/2025,0.3052,Stockwatering; Fish and Wildlife Preservation and Enhancement,,Long Canyon | 180300020202,Upper South Fork Kern River,,,Bakersfield,
S011673,Active,Statements,BLM California State Office,UNSP,Tulare,12/17/2025,0.6609,Fish and Wildlife Preservation and Enhancement; Stockwatering,,Long Canyon | 180300020202,Upper South Fork Kern River,,,Bakersfield,
S011674,Active,Statements,BLM California State Office,UNSP,Tulare,12/17/2025,0.7253,Fish and Wildlife Preservation and Enhancement; Stockwatering,,Long Canyon | 180300020202,Upper South Fork Kern River,,,Bakersfield,
S011675,Active,Statements,BLM California State Office,UNSP,Tulare,12/17/2025,1.613,Fish and Wildlife Preservation and Enhancement; Stockwatering,,Pine Creek-South Fork Kern River | 180300020205,Upper South Fork Kern River,,,Bakersfield,
S011676,Active,Statements,BLM California State Office,UNSP,Tulare,12/17/2025,0.8065,Stockwatering; Fish and Wildlife Preservation and Enhancement,,Tibbets Creek-South Fork Kern River | 180300020302,Middle South Fork Kern River,,,Bakersfield,
S011677,Active,Statements,BLM California State Office,UNSP,Tulare,12/17/2025,0.4032,Fish and Wildlife Preservation and Enhancement; Stockwatering,,Tibbets Creek-South Fork Kern River | 180300020302,Middle South Fork Kern River,,,Bakersfield,
S011678,Active,Statements,BLM California State Office,UNSP,Tulare,12/17/2025,3.6292,Fish and Wildlife Preservation and Enhancement; Stockwatering,,Tibbets Creek-South Fork Kern River | 180300020302,Middle South Fork Kern River,,,Bakersfield,
S011679,Active,Statements,BLM California State Office,UNSP,Tulare,12/17/2025,0.8065,Stockwatering; Fish and Wildlife Preservation and Enhancement,,Tibbets Creek-South Fork Kern River | 180300020302,Middle South Fork Kern River,,,Bakersfield,
S011680,Active,Statements,BLM California State Office,UNSP,Tulare,12/17/2025,0.7253,Stockwatering; Fish and Wildlife Preservation and Enhancement,,Tibbets Creek-South Fork Kern River | 180300020302,Middle South Fork Kern River,,,Bakersfield,
S011681,Active,Statements,BLM California State Office,UNSP,Tulare,12/17/2025,0.2408,Fish and Wildlife Preservation and Enhancement; Stockwatering,,Tibbets Creek-South Fork Kern River | 180300020302,Middle South Fork Kern River,,,Bakersfield,
S011682,Active,Statements,BLM California State Office,UNSP,Tulare,12/17/2025,2.1787,Fish and Wildlife Preservation and Enhancement; Stockwatering,,Tibbets Creek-South Fork Kern River | 180300020302,Middle South Fork Kern River,,,Bakersfield,
S011683,Active,Statements,BLM California State Office,UNSP,Tulare,12/17/2025,6.7746,Stockwatering; Fish and Wildlife Preservation and Enhancement,,Tibbets Creek-South Fork Kern River | 180300020302,Middle South Fork Kern River,,,Bakersfield,
S011684,Active,Statements,BLM California State Office,UNSP,Tulare,12/17/2025,1.935,Fish and Wildlife Preservation and Enhancement; Stockwatering,,Tibbets Creek-South Fork Kern River | 180300020302,Middle South Fork Kern River,,,Bakersfield,
S011685,Active,Statements,BLM California State Office,UNSP,Tulare,12/17/2025,0.8065,Fish and Wildlife Preservation and Enhancement; Stockwatering,,Tibbets Creek-South Fork Kern River | 180300020302,Middle South Fork Kern River,,,Bakersfield,
S011686,Active,Statements,BLM California State Office,UNSP,Tulare,12/17/2025,0.7253,Stockwatering; Fish and Wildlife Preservation and Enhancement,,Tibbets Creek-South Fork Kern River | 180300020302,Middle South Fork Kern River,,,Bakersfield,
S011687,Active,Statements,BLM California State Office,UNSP,Tulare,12/17/2025,1.5318,Stockwatering; Fish and Wildlife Preservation and Enhancement,,Tibbets Creek-South Fork Kern River | 180300020302,Middle South Fork Kern River,,,Bakersfield,
S011688,Active,Statements,BLM California State Office,UNSP,Tulare,12/17/2025,0.1764,Stockwatering; Fish and Wildlife Preservation and Enhancement,,Tibbets Creek-South Fork Kern River | 180300020302,Middle South Fork Kern River,,,Bakersfield,
S011689,Active,Statements,BLM California State Office,UNSP,Tulare,12/17/2025,1.1285,Stockwatering; Fish and Wildlife Preservation and Enhancement,,Tibbets Creek-South Fork Kern River | 180300020302,Middle South Fork Kern River,,,Bakersfield,
S011690,Active,Statements,BLM California State Office,UNSP,Tulare,12/17/2025,2.9039,Fish and Wildlife Preservation and Enhancement; Stockwatering,,Tibbets Creek-South Fork Kern River | 180300020302,Middle South Fork Kern River,,,Bakersfield,
S011691,Active,Statements,BLM California State Office,UNSP,Tulare,12/17/2025,4.1137,Stockwatering; Fish and Wildlife Preservation and Enhancement,,Tibbets Creek-South Fork Kern River | 180300020302,Middle South Fork Kern River,,,Bakersfield,
S011692,Active,Statements,BLM California State Office,UNSP,Tulare,12/17/2025,0.4032,Fish and Wildlife Preservation and Enhancement; Stockwatering,,Tibbets Creek-South Fork Kern River | 180300020302,Middle South Fork Kern River,,,Bakersfield,
S011693,Active,Statements,BLM California State Office,UNSP,Tulare,12/17/2025,1.2097,Fish and Wildlife Preservation and Enhancement; Stockwatering,,Tibbets Creek-South Fork Kern River | 180300020302,Middle South Fork Kern River,,,Bakersfield,
S011694,Active,Statements,BLM California State Office,UNSP,Tulare,12/17/2025,0.2016,Fish and Wildlife Preservation and Enhancement; Stockwatering,,Tibbets Creek-South Fork Kern River | 180300020302,Middle South Fork Kern River,,,Bakersfield,
S011695,Active,Statements,BLM California State Office,UNSP,Tulare,12/17/2025,0.8877,Stockwatering; Fish and Wildlife Preservation and Enhancement,,Upper Chimney Creek | 180300020401,Chimney Creek,,,Bakersfield,
S011696,Active,Statements,BLM California State Office,UNSP,Tulare,12/17/2025,0.8877,Stockwatering; Fish and Wildlife Preservation and Enhancement,,Upper Chimney Creek | 180300020401,Chimney Creek,,,Bakersfield,
S011697,Active,Statements,BLM California State Office,UNSP,Tulare,12/17/2025,0.1764,Stockwatering; Fish and Wildlife Preservation and Enhancement,,Upper Chimney Creek | 180300020401,Chimney Creek,,,Bakersfield,
S011698,Active,Statements,BLM California State Office,UNSP,Tulare,12/17/2025,0.5489,Fish and Wildlife Preservation and Enhancement; Stockwatering,,Upper Chimney Creek | 180300020401,Chimney Creek,,,Bakersfield,
S011699,Active,Statements,BLM California State Office,UNSP,Tulare,12/17/2025,9.7794,Stockwatering; Fish and Wildlife Preservation and Enhancement,,Tibbets Creek-South Fork Kern River | 180300020302,Middle South Fork Kern River,,,Bakersfield,
S011700,Active,Statements,BLM California State Office,UNSP,Tulare,12/17/2025,1.0473,Stockwatering; Fish and Wildlife Preservation and Enhancement,,Tibbets Creek-South Fork Kern River | 180300020302,Middle South Fork Kern River,,,Bakersfield,
S011701,Active,Statements,BLM California State Office,UNSP,Tulare,12/17/2025,0.4845,Stockwatering; Fish and Wildlife Preservation and Enhancement,,Tibbets Creek-South Fork Kern River | 180300020302,Middle South Fork Kern River,,,Bakersfield,
S011702,Active,Statements,BLM California State Office,UNSP,Tulare,12/17/2025,1.2097,Fish and Wildlife Preservation and Enhancement; Stockwatering,,Tibbets Creek-South Fork Kern River | 180300020302,Middle South Fork Kern River,,,Bakersfield,
S011703,Active,Statements,BLM California State Office,UNSP,Tulare,12/17/2025,1.8538,Fish and Wildlife Preservation and Enhancement; Stockwatering,,Tibbets Creek-South Fork Kern River | 180300020302,Middle South Fork Kern River,,,Bakersfield,
S011704,Active,Statements,BLM California State Office,UNSP,Tulare,12/17/2025,4.839,Stockwatering; Fish and Wildlife Preservation and Enhancement,,Tibbets Creek-South Fork Kern River | 180300020302,Middle South Fork Kern River,,,Bakersfield,
S011705,Active,Statements,BLM California State Office,UNSP,Tulare,12/17/2025,1.613,Stockwatering; Fish and Wildlife Preservation and Enhancement,,Tibbets Creek-South Fork Kern River | 180300020302,Middle South Fork Kern River,,,Bakersfield,
S011706,Active,Statements,BLM California State Office,UNSP,Tulare,12/17/2025,1.0473,Fish and Wildlife Preservation and Enhancement; Stockwatering,,Tibbets Creek-South Fork Kern River | 180300020302,Middle South Fork Kern River,,,Bakersfield,
S011707,Active,Statements,BLM California State Office,UNSP,Tulare,12/17/2025,0.6441,Fish and Wildlife Preservation and Enhancement; Stockwatering,,Tibbets Creek-South Fork Kern River | 180300020302,Middle South Fork Kern River,,,Bakersfield,
S011708,Active,Statements,BLM California State Office,UNSP,Tulare,12/17/2025,0.8877,Stockwatering; Fish and Wildlife Preservation and Enhancement,,Tibbets Creek-South Fork Kern River | 180300020302,Middle South Fork Kern River,,,Bakersfield,
S011709,Active,Statements,BLM California State Office,UNSP,Tulare,12/17/2025,2.0969,Fish and Wildlife Preservation and Enhancement; Stockwatering,,Tibbets Creek-South Fork Kern River | 180300020302,Middle South Fork Kern River,,,Bakersfield,
S011710,Active,Statements,BLM California State Office,UNSP,Tulare,12/17/2025,0.4032,Stockwatering; Fish and Wildlife Preservation and Enhancement,,Tibbets Creek-South Fork Kern River | 180300020302,Middle South Fork Kern River,,,Bakersfield,
S011711,Active,Statements,BLM California State Office,UNSP,Tulare,12/17/2025,1.2097,Stockwatering; Fish and Wildlife Preservation and Enhancement,,Tibbets Creek-South Fork Kern River | 180300020302,Middle South Fork Kern River,,,Bakersfield,
S011712,Active,Statements,BLM California State Office,UNSP,Tulare,12/17/2025,0.1624,Stockwatering; Fish and Wildlife Preservation and Enhancement,,Tibbets Creek-South Fork Kern River | 180300020302,Middle South Fork Kern River,,,Bakersfield,
S011713,Active,Statements,BLM California State Office,UNSP,Tulare,12/17/2025,1.0473,Stockwatering; Fish and Wildlife Preservation and Enhancement,,Tibbets Creek-South Fork Kern River | 180300020302,Middle South Fork Kern River,,,Bakersfield,
S011714,Active,Statements,BLM California State Office,UNSP,Tulare,12/17/2025,0.1624,Stockwatering; Fish and Wildlife Preservation and Enhancement,,Tibbets Creek-South Fork Kern River | 180300020302,Middle South Fork Kern River,,,Bakersfield,
S011715,Active,Statements,BLM California State Office,UNSP,Tulare,12/17/2025,1.1285,Fish and Wildlife Preservation and Enhancement; Stockwatering,,Tibbets Creek-South Fork Kern River | 180300020302,Middle South Fork Kern River,,,Bakersfield,
S011716,Active,Statements,BLM California State Office,UNSP,Tulare,12/17/2025,2.8227,Fish and Wildlife Preservation and Enhancement; Stockwatering,,Tibbets Creek-South Fork Kern River | 180300020302,Middle South Fork Kern River,,,Bakersfield,
S011717,Active,Statements,BLM California State Office,UNSP,Tulare,12/17/2025,0.8877,Fish and Wildlife Preservation and Enhancement; Stockwatering,,Tibbets Creek-South Fork Kern River | 180300020302,Middle South Fork Kern River,,,Bakersfield,
S011718,Active,Statements,BLM California State Office,UNSP,Tulare,12/17/2025,3.1448,Stockwatering; Fish and Wildlife Preservation and Enhancement,,Tibbets Creek-South Fork Kern River | 180300020302,Middle South Fork Kern River,,,Bakersfield,
S011719,Active,Statements,BLM California State Office,UNSP,Tulare,12/17/2025,0.5657,Stockwatering; Fish and Wildlife Preservation and Enhancement,,Tibbets Creek-South Fork Kern River | 180300020302,Middle South Fork Kern River,,,Bakersfield,
S011720,Active,Statements,BLM California State Office,UNSP,Tulare,12/17/2025,6.9364,Stockwatering; Fish and Wildlife Preservation and Enhancement,,Tibbets Creek-South Fork Kern River | 180300020302,Middle South Fork Kern River,,,Bakersfield,
S011721,Active,Statements,BLM California State Office,UNSP,Tulare,12/17/2025,1.2097,Stockwatering; Fish and Wildlife Preservation and Enhancement,,Tibbets Creek-South Fork Kern River | 180300020302,Middle South Fork Kern River,,,Bakersfield,
S011722,Active,Statements,BLM California State Office,UNSP,Tulare,12/17/2025,0.2016,Fish and Wildlife Preservation and Enhancement; Stockwatering,,Tibbets Creek-South Fork Kern River | 180300020302,Middle South Fork Kern River,,,Bakersfield,
S011723,Active,Statements,BLM California State Office,UNSP,Tulare,12/17/2025,0.7253,Stockwatering; Fish and Wildlife Preservation and Enhancement,,Tibbets Creek-South Fork Kern River | 180300020302,Middle South Fork Kern River,,,Bakersfield,
S011724,Active,Statements,BLM California State Office,UNSP,Tulare,12/17/2025,0.7253,Fish and Wildlife Preservation and Enhancement; Stockwatering,,Tibbets Creek-South Fork Kern River | 180300020302,Middle South Fork Kern River,,,Bakersfield,
S011725,Active,Statements,BLM California State Office,UNSP,Tulare,12/17/2025,1.6942,Stockwatering; Fish and Wildlife Preservation and Enhancement,,Tibbets Creek-South Fork Kern River | 180300020302,Middle South Fork Kern River,,,Bakersfield,
S011726,Active,Statements,BLM California State Office,UNSP,Tulare,12/17/2025,0.2016,Stockwatering; Fish and Wildlife Preservation and Enhancement,,Tibbets Creek-South Fork Kern River | 180300020302,Middle South Fork Kern River,,,Bakersfield,
S011727,Active,Statements,BLM California State Office,UNSP,Tulare,12/17/2025,1.977,Fish and Wildlife Preservation and Enhancement; Stockwatering,,Tibbets Creek-South Fork Kern River | 180300020302,Middle South Fork Kern River,,,Bakersfield,
S011728,Active,Statements,BLM California State Office,UNSP,Tulare,12/17/2025,5.3234,Stockwatering; Fish and Wildlife Preservation and Enhancement,,Bartolas Creek-South Fork Kern River | 180300020304,Middle South Fork Kern River,,,Bakersfield,
S011729,Active,Statements,BLM California State Office,UNSP,Tulare,12/17/2025,0.7253,Stockwatering; Fish and Wildlife Preservation and Enhancement,,Bartolas Creek-South Fork Kern River | 180300020304,Middle South Fork Kern River,,,Bakersfield,
S011730,Active,Statements,BLM California State Office,UNSP,Tulare,12/17/2025,3.7104,Stockwatering; Fish and Wildlife Preservation and Enhancement,,Upper Chimney Creek | 180300020401,Chimney Creek,,,Bakersfield,
S011731,Active,Statements,BLM California State Office,UNSP,Tulare,12/17/2025,11.5904,Stockwatering; Fish and Wildlife Preservation and Enhancement,,Upper Chimney Creek | 180300020401,Chimney Creek,,,Bakersfield,
S011732,Active,Statements,BLM California State Office,UNSP,Tulare,12/17/2025,1.4506,Stockwatering; Fish and Wildlife Preservation and Enhancement,,Upper Chimney Creek | 180300020401,Chimney Creek,,,Bakersfield,
S011733,Active,Statements,BLM California State Office,UNSP,Tulare,12/17/2025,1.6942,Stockwatering; Fish and Wildlife Preservation and Enhancement,,Upper Chimney Creek | 180300020401,Chimney Creek,,,Bakersfield,
S011734,Active,Statements,BLM California State Office,UNSP,Tulare,12/17/2025,4.839,Fish and Wildlife Preservation and Enhancement; Stockwatering,,Upper Chimney Creek | 180300020401,Chimney Creek,,,Bakersfield,
S011735,Active,Statements,BLM California State Office,UNSP,Tulare,12/17/2025,5.0798,Fish and Wildlife Preservation and Enhancement,,Upper Chimney Creek | 180300020401,Chimney Creek,,,Bakersfield,
S011736,Active,Statements,BLM California State Office,UNSP,Tulare,12/17/2025,1.613,Stockwatering; Fish and Wildlife Preservation and Enhancement,,Long Canyon | 180300020202,Upper South Fork Kern River,,,Bakersfield,
S011737,Active,Statements,BLM California State Office,UNSP,Tulare,12/17/2025,1.2097,Stockwatering; Fish and Wildlife Preservation and Enhancement,,Upper Chimney Creek | 180300020401,Chimney Creek,,,Bakersfield,
S011738,Active,Statements,BLM California State Office,UNSP,Tulare,12/17/2025,6.2896,Fish and Wildlife Preservation and Enhancement; Stockwatering,,Upper Chimney Creek | 180300020401,Chimney Creek,,,Bakersfield,
S011739,Active,Statements,BLM California State Office,UNSP,Tulare,12/17/2025,4.3545,Fish and Wildlife Preservation and Enhancement; Stockwatering,,Upper Chimney Creek | 180300020401,Chimney Creek,,,Bakersfield,
S011740,Active,Statements,BLM California State Office,UNSP,Tulare,12/17/2025,9.7794,Stockwatering; Fish and Wildlife Preservation and Enhancement,,Upper Chimney Creek | 180300020401,Chimney Creek,,,Bakersfield,
S011741,Active,Statements,BLM California State Office,UNSP,Tulare,12/17/2025,112.282,Stockwatering; Fish and Wildlife Preservation and Enhancement,,Upper Chimney Creek | 180300020401,Chimney Creek,,,Bakersfield,
S011742,Active,Statements,BLM California State Office,UNSP,Tulare,12/17/2025,0.8065,Fish and Wildlife Preservation and Enhancement; Stockwatering,,Bartolas Creek-South Fork Kern River | 180300020304,Middle South Fork Kern River,,,Bakersfield,
S011743,Active,Statements,BLM California State Office,UNSP,Tulare,12/17/2025,1.613,Fish and Wildlife Preservation and Enhancement; Stockwatering,,Bartolas Creek-South Fork Kern River | 180300020304,Middle South Fork Kern River,,,Bakersfield,
S011744,Active,Statements,BLM California State Office,UNSP,Tulare,12/17/2025,2.4195,Fish and Wildlife Preservation and Enhancement; Stockwatering,,Bartolas Creek-South Fork Kern River | 180300020304,Middle South Fork Kern River,,,Bakersfield,
S011745,Active,Statements,BLM California State Office,UNSP,Tulare,12/17/2025,1.613,Stockwatering; Fish and Wildlife Preservation and Enhancement,,Bartolas Creek-South Fork Kern River | 180300020304,Middle South Fork Kern River,,,Bakersfield,
S011746,Active,Statements,BLM California State Office,UNSP,Tulare,12/17/2025,8.065,Fish and Wildlife Preservation and Enhancement; Stockwatering,,Bartolas Creek-South Fork Kern River | 180300020304,Middle South Fork Kern River,,,Bakersfield,
S011747,Active,Statements,BLM California State Office,UNSP,Tulare,12/17/2025,0.8065,Fish and Wildlife Preservation and Enhancement; Stockwatering,,Bartolas Creek-South Fork Kern River | 180300020304,Middle South Fork Kern River,,,Bakersfield,
S011748,Active,Statements,BLM California State Office,UNSP,Tulare,12/17/2025,0.8065,Fish and Wildlife Preservation and Enhancement; Stockwatering,,Bartolas Creek-South Fork Kern River | 180300020304,Middle South Fork Kern River,,,Bakersfield,
S011749,Active,Statements,BLM California State Office,UNSP,Tulare,12/17/2025,8.065,Fish and Wildlife Preservation and Enhancement; Stockwatering,,Bartolas Creek-South Fork Kern River | 180300020304,Middle South Fork Kern River,,,Bakersfield,
S011750,Active,Statements,BLM California State Office,UNSP,Tulare,12/17/2025,2.4195,Stockwatering; Fish and Wildlife Preservation and Enhancement,,Bartolas Creek-South Fork Kern River | 180300020304,Middle South Fork Kern River,,,Bakersfield,
S011751,Active,Statements,BLM California State Office,UNSP,Tulare,12/17/2025,1.613,Fish and Wildlife Preservation and Enhancement; Stockwatering,,Bartolas Creek-South Fork Kern River | 180300020304,Middle South Fork Kern River,,,Bakersfield,
S011752,Active,Statements,BLM California State Office,UNSP,Tulare,12/17/2025,1.613,Fish and Wildlife Preservation and Enhancement; Stockwatering,,Bartolas Creek-South Fork Kern River | 180300020304,Middle South Fork Kern River,,,Bakersfield,
S011753,Active,Statements,BLM California State Office,UNSP,Tulare,12/17/2025,0.4032,Stockwatering; Fish and Wildlife Preservation and Enhancement,,Bartolas Creek-South Fork Kern River | 180300020304,Middle South Fork Kern River,,,Bakersfield,
S011754,Active,Statements,BLM California State Office,UNSP,Tulare,12/17/2025,0.1204,Fish and Wildlife Preservation and Enhancement,,Upper Chimney Creek | 180300020401,Chimney Creek,,,Bakersfield,
S011755,Active,Statements,BLM California State Office,UNSP,Tulare,12/17/2025,0.8065,Stockwatering; Fish and Wildlife Preservation and Enhancement,,Upper Chimney Creek | 180300020401,Chimney Creek,,,Bakersfield,
S011756,Active,Statements,BLM California State Office,UNSP,Tulare,12/17/2025,1.935,Stockwatering; Fish and Wildlife Preservation and Enhancement,,Lower Chimney Creek | 180300020402,Chimney Creek,,,Bakersfield,
S011757,Active,Statements,BLM California State Office,UNSP,Tulare,12/17/2025,0.2408,Fish and Wildlife Preservation and Enhancement; Stockwatering,,Lower Chimney Creek | 180300020402,Chimney Creek,,,Bakersfield,
S011758,Active,Statements,BLM California State Office,UNSP,Tulare,12/17/2025,0.4032,Stockwatering; Fish and Wildlife Preservation and Enhancement,,Bartolas Creek-South Fork Kern River | 180300020304,Middle South Fork Kern River,,,Bakersfield,
S011759,Active,Statements,BLM California State Office,UNSP,Tulare,12/17/2025,4.0325,Fish and Wildlife Preservation and Enhancement; Stockwatering,,Bartolas Creek-South Fork Kern River | 180300020304,Middle South Fork Kern River,,,Bakersfield,
S011760,Active,Statements,BLM California State Office,UNSP,Tulare,12/17/2025,0.1764,Stockwatering; Fish and Wildlife Preservation and Enhancement,,Lower Chimney Creek | 180300020402,Chimney Creek,,,Bakersfield,
S011761,Active,Statements,BLM California State Office,UNSP,Tulare,12/17/2025,1.1285,Fish and Wildlife Preservation and Enhancement; Stockwatering,,Lower Chimney Creek | 180300020402,Chimney Creek,,,Bakersfield,
S011762,Active,Statements,BLM California State Office,UNSP,Tulare,12/17/2025,32.598,Stockwatering; Fish and Wildlife Preservation and Enhancement,,Lower Chimney Creek | 180300020402,Chimney Creek,,,Bakersfield,
S011763,Active,Statements,BLM California State Office,UNSP,Tulare,12/17/2025,1.613,Fish and Wildlife Preservation and Enhancement; Stockwatering,,Lower Chimney Creek | 180300020402,Chimney Creek,,,Bakersfield,
S011764,Active,Statements,BLM California State Office,UNSP,Tulare,12/17/2025,0.7253,Fish and Wildlife Preservation and Enhancement; Stockwatering,,Lower Chimney Creek | 180300020402,Chimney Creek,,,Bakersfield,
S011765,Active,Statements,BLM California State Office,UNSP,Tulare,12/17/2025,1.613,Stockwatering; Fish and Wildlife Preservation and Enhancement,,Lower Chimney Creek | 180300020402,Chimney Creek,,,Bakersfield,
S011766,Active,Statements,BLM California State Office,UNSP,Tulare,12/17/2025,0.8877,Fish and Wildlife Preservation and Enhancement; Stockwatering,,Lower Chimney Creek | 180300020402,Chimney Creek,,,Bakersfield,
S011767,Active,Statements,BLM California State Office,UNSP,Tulare,12/17/2025,3.1448,Stockwatering; Fish and Wildlife Preservation and Enhancement,,Lower Chimney Creek | 180300020402,Chimney Creek,,,Bakersfield,
S011768,Active,Statements,BLM California State Office,UNSP,Tulare,12/17/2025,2.3383,Fish and Wildlife Preservation and Enhancement; Stockwatering,,Lower Chimney Creek | 180300020402,Chimney Creek,,,Bakersfield,
S011769,Active,Statements,BLM California State Office,UNSP,Tulare,12/17/2025,3.1448,Stockwatering; Fish and Wildlife Preservation and Enhancement,,Lower Chimney Creek | 180300020402,Chimney Creek,,,Bakersfield,
S011770,Active,Statements,BLM California State Office,UNSP,Tulare,12/17/2025,0.3388,Fish and Wildlife Preservation and Enhancement; Stockwatering,,Lower Chimney Creek | 180300020402,Chimney Creek,,,Bakersfield,
S011771,Active,Statements,BLM California State Office,UNSP,Tulare,12/17/2025,0.5573,Fish and Wildlife Preservation and Enhancement; Stockwatering,,Lower Chimney Creek | 180300020402,Chimney Creek,,,Bakersfield,
S011772,Active,Statements,BLM California State Office,UNSP,Tulare,12/17/2025,3.226,Stockwatering; Fish and Wildlife Preservation and Enhancement,,Lower Chimney Creek | 180300020402,Chimney Creek,,,Bakersfield,
S011773,Active,Statements,BLM California State Office,UNSP,Tulare,12/17/2025,1.3722,Stockwatering; Fish and Wildlife Preservation and Enhancement,,Lower Chimney Creek | 180300020402,Chimney Creek,,,Bakersfield,
S011774,Active,Statements,BLM California State Office,UNSP,Tulare,12/17/2025,0.5237,Stockwatering; Fish and Wildlife Preservation and Enhancement,,Lower Chimney Creek | 180300020402,Chimney Creek,,,Bakersfield,
S011775,Active,Statements,BLM California State Office,UNSP,Tulare,12/17/2025,1.2097,Stockwatering; Fish and Wildlife Preservation and Enhancement,,Lower Chimney Creek | 180300020402,Chimney Creek,,,Bakersfield,
S011776,Active,Statements,BLM California State Office,UNSP,Tulare,12/17/2025,1.2097,Fish and Wildlife Preservation and Enhancement; Stockwatering,,Lower Chimney Creek | 180300020402,Chimney Creek,,,Bakersfield,
S011777,Active,Statements,BLM California State Office,UNSP,Tulare,12/17/2025,0.378,Stockwatering; Fish and Wildlife Preservation and Enhancement,,Lower Chimney Creek | 180300020402,Chimney Creek,,,Bakersfield,
S011778,Active,Statements,BLM California State Office,UNSP,Tulare,12/17/2025,0.2408,Stockwatering; Fish and Wildlife Preservation and Enhancement,,Lower Chimney Creek | 180300020402,Chimney Creek,,,Bakersfield,
S011779,Active,Statements,BLM California State Office,UNSP,Tulare,12/17/2025,5.4046,Stockwatering; Fish and Wildlife Preservation and Enhancement,,Lower Chimney Creek | 180300020402,Chimney Creek,,,Bakersfield,
S011780,Active,Statements,BLM California State Office,UNSP,Tulare,12/17/2025,0.1372,Fish and Wildlife Preservation and Enhancement; Stockwatering,,Lower Chimney Creek | 180300020402,Chimney Creek,,,Bakersfield,
S011781,Active,Statements,BLM California State Office,UNSP,Tulare,12/17/2025,0.4032,Fish and Wildlife Preservation and Enhancement; Stockwatering,,Lower Chimney Creek | 180300020402,Chimney Creek,,,Bakersfield,
S011782,Active,Statements,BLM California State Office,UNSP,Tulare,12/17/2025,0.5657,Fish and Wildlife Preservation and Enhancement; Stockwatering,,Lower Chimney Creek | 180300020402,Chimney Creek,,,Bakersfield,
S011783,Active,Statements,BLM California State Office,UNSP,Tulare,12/17/2025,0.1372,Stockwatering; Fish and Wildlife Preservation and Enhancement,,Lower Chimney Creek | 180300020402,Chimney Creek,,,Bakersfield,
S011784,Active,Statements,BLM California State Office,UNSP,Tulare,12/17/2025,0.8877,Fish and Wildlife Preservation and Enhancement; Stockwatering,,Lower Chimney Creek | 180300020402,Chimney Creek,,,Bakersfield,
S011785,Active,Statements,BLM California State Office,UNSP,Tulare,12/17/2025,0.4845,Fish and Wildlife Preservation and Enhancement; Stockwatering,,Lower Chimney Creek | 180300020402,Chimney Creek,,,Bakersfield,
S011786,Active,Statements,BLM California State Office,UNSP,Tulare,12/17/2025,1.2097,Fish and Wildlife Preservation and Enhancement; Stockwatering,,Lower Chimney Creek | 180300020402,Chimney Creek,,,Bakersfield,
S011787,Active,Statements,BLM California State Office,UNSP,Tulare,12/17/2025,3.0244,Stockwatering; Fish and Wildlife Preservation and Enhancement,,Lower Chimney Creek | 180300020402,Chimney Creek,,,Bakersfield,
S011788,Active,Statements,BLM California State Office,UNSP,Tulare,12/17/2025,4.839,Stockwatering; Fish and Wildlife Preservation and Enhancement,,Bartolas Creek-South Fork Kern River | 180300020304,Middle South Fork Kern River,,,Bakersfield,
S011789,Active,Statements,BLM California State Office,UNSP,Tulare,12/17/2025,2.4195,Stockwatering; Fish and Wildlife Preservation and Enhancement,,Bartolas Creek-South Fork Kern River | 180300020304,Middle South Fork Kern River,,,Bakersfield,
S011790,Active,Statements,BLM California State Office,UNSP,Tulare,12/17/2025,2.4195,Fish and Wildlife Preservation and Enhancement; Stockwatering,,Bartolas Creek-South Fork Kern River | 180300020304,Middle South Fork Kern River,,,Bakersfield,
S011791,Active,Statements,BLM California State Office,UNSP,Tulare,12/17/2025,11.9526,Fish and Wildlife Preservation and Enhancement; Stockwatering,,Bartolas Creek-South Fork Kern River | 180300020304,Middle South Fork Kern River,,,Bakersfield,
S011792,Active,Statements,BLM California State Office,UNSP,Tulare,12/17/2025,8.065,Stockwatering; Fish and Wildlife Preservation and Enhancement,,Bartolas Creek-South Fork Kern River | 180300020304,Middle South Fork Kern River,,,Bakersfield,
S011793,Active,Statements,BLM California State Office,UNSP,Tulare,12/17/2025,0.8877,Stockwatering; Fish and Wildlife Preservation and Enhancement,,Bartolas Creek-South Fork Kern River | 180300020304,Middle South Fork Kern River,,,Bakersfield,
S011794,Active,Statements,BLM California State Office,UNSP,Tulare,12/17/2025,0.1624,Fish and Wildlife Preservation and Enhancement; Stockwatering,,Bartolas Creek-South Fork Kern River | 180300020304,Middle South Fork Kern River,,,Bakersfield,
S011795,Active,Statements,BLM California State Office,UNSP,Tulare,12/17/2025,3.6292,Fish and Wildlife Preservation and Enhancement; Stockwatering,,Bartolas Creek-South Fork Kern River | 180300020304,Middle South Fork Kern River,,,Bakersfield,
S011796,Active,Statements,BLM California State Office,UNSP,Tulare,12/17/2025,0.2016,Fish and Wildlife Preservation and Enhancement; Stockwatering,,Bartolas Creek-South Fork Kern River | 180300020304,Middle South Fork Kern River,,,Bakersfield,
S011797,Active,Statements,BLM California State Office,UNSP,Tulare,12/17/2025,4.839,Stockwatering; Fish and Wildlife Preservation and Enhancement,,Bartolas Creek-South Fork Kern River | 180300020304,Middle South Fork Kern River,,,Bakersfield,
S011798,Active,Statements,BLM California State Office,UNSP,Tulare,12/18/2025,0.8065,Fish and Wildlife Preservation and Enhancement; Stockwatering,,Bartolas Creek-South Fork Kern River | 180300020304,Middle South Fork Kern River,,,Bakersfield,
S011799,Active,Statements,BLM California State Office,UNSP,Tulare,12/18/2025,4.0325,Stockwatering; Fish and Wildlife Preservation and Enhancement,,Bartolas Creek-South Fork Kern River | 180300020304,Middle South Fork Kern River,,,Bakersfield,
S011800,Active,Statements,BLM California State Office,UNSP,Tulare,12/18/2025,1.613,Fish and Wildlife Preservation and Enhancement; Stockwatering,,Bartolas Creek-South Fork Kern River | 180300020304,Middle South Fork Kern River,,,Bakersfield,
S011801,Active,Statements,BLM California State Office,UNSP,Tulare,12/18/2025,0.8065,Fish and Wildlife Preservation and Enhancement; Stockwatering,,Bartolas Creek-South Fork Kern River | 180300020304,Middle South Fork Kern River,,,Bakersfield,
S011802,Active,Statements,BLM California State Office,UNSP,Tulare,12/18/2025,0.8065,Stockwatering; Fish and Wildlife Preservation and Enhancement,,Upper Chimney Creek | 180300020401,Chimney Creek,,,Bakersfield,
S011803,Active,Statements,BLM California State Office,UNSP,Tulare,12/18/2025,0.8065,Stockwatering; Fish and Wildlife Preservation and Enhancement,,Upper Chimney Creek | 180300020401,Chimney Creek,,,Bakersfield,
S011804,Active,Statements,BLM California State Office,UNSP,Tulare,12/18/2025,4.0325,Fish and Wildlife Preservation and Enhancement; Stockwatering,,Upper Chimney Creek | 180300020401,Chimney Creek,,,Bakersfield,
S011805,Active,Statements,BLM California State Office,UNSP,Tulare,12/18/2025,0.8065,Stockwatering; Fish and Wildlife Preservation and Enhancement,,Upper Chimney Creek | 180300020401,Chimney Creek,,,Bakersfield,
S011806,Active,Statements,BLM California State Office,UNSP,Tulare,12/18/2025,7.5805,Stockwatering; Fish and Wildlife Preservation and Enhancement,,Upper Chimney Creek | 180300020401,Chimney Creek,,,Bakersfield,
S011807,Active,Statements,BLM California State Office,UNSP,Tulare,12/18/2025,3.3884,Fish and Wildlife Preservation and Enhancement; Stockwatering,,Upper Chimney Creek | 180300020401,Chimney Creek,,,Bakersfield,
S011808,Active,Statements,BLM California State Office,UNSP,Tulare,12/18/2025,24.6296,Fish and Wildlife Preservation and Enhancement; Stockwatering,,Upper Chimney Creek | 180300020401,Chimney Creek,,,Bakersfield,
S011809,Active,Statements,BLM California State Office,UNSP,Tulare,12/18/2025,4.0325,Fish and Wildlife Preservation and Enhancement; Stockwatering,,Bartolas Creek-South Fork Kern River | 180300020304,Middle South Fork Kern River,,,Bakersfield,
S011810,Active,Statements,BLM California State Office,UNSP,Tulare,12/18/2025,0.4032,Stockwatering; Fish and Wildlife Preservation and Enhancement,,Upper Chimney Creek | 180300020401,Chimney Creek,,,Bakersfield,
S011811,Active,Statements,BLM California State Office,UNSP,Tulare,12/18/2025,0.4032,Stockwatering; Fish and Wildlife Preservation and Enhancement,,Lower Chimney Creek | 180300020402,Chimney Creek,,,Bakersfield,
S011812,Active,Statements,BLM California State Office,UNSP,Tulare,12/18/2025,0.8065,Stockwatering; Fish and Wildlife Preservation and Enhancement,,Lower Chimney Creek | 180300020402,Chimney Creek,,,Bakersfield,
S011814,Active,Statements,BLM California State Office,UNSP,Tulare,12/18/2025,0.4425,Fish and Wildlife Preservation and Enhancement; Stockwatering,,Bartolas Creek-South Fork Kern River | 180300020304,Middle South Fork Kern River,,,Bakersfield,
S011815,Active,Statements,BLM California State Office,UNSP,Tulare,12/18/2025,13.7636,Fish and Wildlife Preservation and Enhancement; Stockwatering,,Bartolas Creek-South Fork Kern River | 180300020304,Middle South Fork Kern River,,,Bakersfield,
S011816,Active,Statements,BLM California State Office,UNSP,Tulare,12/18/2025,0.6441,Stockwatering; Fish and Wildlife Preservation and Enhancement,,Bartolas Creek-South Fork Kern River | 180300020304,Middle South Fork Kern River,,,Bakersfield,
S011817,Active,Statements,BLM California State Office,UNSP,Tulare,12/18/2025,1.5486,Fish and Wildlife Preservation and Enhancement; Stockwatering,,Bartolas Creek-South Fork Kern River | 180300020304,Middle South Fork Kern River,,,Bakersfield,
S011818,Active,Statements,BLM California State Office,UNSP,Tulare,12/18/2025,7.7821,Fish and Wildlife Preservation and Enhancement; Stockwatering,,Bartolas Creek-South Fork Kern River | 180300020304,Middle South Fork Kern River,,,Bakersfield,
S011819,Active,Statements,BLM California State Office,UNSP,Tulare,12/18/2025,2.4195,Fish and Wildlife Preservation and Enhancement; Stockwatering,,Bartolas Creek-South Fork Kern River | 180300020304,Middle South Fork Kern River,,,Bakersfield,
S011820,Active,Statements,BLM California State Office,UNSP,Tulare,12/18/2025,1.613,Stockwatering; Fish and Wildlife Preservation and Enhancement,,Lower Chimney Creek | 180300020402,Chimney Creek,,,Bakersfield,
S011821,Active,Statements,BLM California State Office,UNSP,Tulare,12/18/2025,2.4195,Stockwatering; Fish and Wildlife Preservation and Enhancement,,Bartolas Creek-South Fork Kern River | 180300020304,Middle South Fork Kern River,,,Bakersfield,
S011822,Active,Statements,BLM California State Office,UNSP,Tulare,12/18/2025,3.1448,Fish and Wildlife Preservation and Enhancement; Stockwatering,,Bartolas Creek-South Fork Kern River | 180300020304,Middle South Fork Kern River,,,Bakersfield,
S011823,Active,Statements,BLM California State Office,UNSP,Tulare,12/18/2025,2.9039,Fish and Wildlife Preservation and Enhancement; Stockwatering,,Bartolas Creek-South Fork Kern River | 180300020304,Middle South Fork Kern River,,,Bakersfield,
S011824,Active,Statements,BLM California State Office,UNSP,Tulare,12/18/2025,3.226,Stockwatering; Fish and Wildlife Preservation and Enhancement,,Lower Chimney Creek | 180300020402,Chimney Creek,,,Bakersfield,
S011825,Active,Statements,BLM California State Office,UNSP,Tulare,12/18/2025,0.8065,Fish and Wildlife Preservation and Enhancement; Stockwatering,,Lower Chimney Creek | 180300020402,Chimney Creek,,,Bakersfield,
S011826,Active,Statements,BLM California State Office,UNSP,Tulare,12/18/2025,2.4195,Stockwatering; Fish and Wildlife Preservation and Enhancement,,Lower Chimney Creek | 180300020402,Chimney Creek,,,Bakersfield,
S011827,Active,Statements,BLM California State Office,UNSP,Tulare,12/18/2025,0.4032,Fish and Wildlife Preservation and Enhancement; Stockwatering,,Lower Chimney Creek | 180300020402,Chimney Creek,,,Bakersfield,
S011828,Active,Statements,BLM California State Office,UNSP,Tulare,12/18/2025,0.1624,Fish and Wildlife Preservation and Enhancement; Stockwatering,,Lower Chimney Creek | 180300020402,Chimney Creek,,,Bakersfield,
S011829,Active,Statements,BLM California State Office,UNSP,Tulare,12/18/2025,0.4845,Stockwatering; Fish and Wildlife Preservation and Enhancement,,Upper Chimney Creek | 180300020401,Chimney Creek,,,Bakersfield,
S011830,Active,Statements,BLM California State Office,UNSP,Tulare,12/18/2025,0.5657,Fish and Wildlife Preservation and Enhancement,,Upper Chimney Creek | 180300020401,Chimney Creek,,,Bakersfield,
S011831,Active,Statements,BLM California State Office,UNSP,Tulare,12/18/2025,3.4668,Fish and Wildlife Preservation and Enhancement,,Upper Chimney Creek | 180300020401,Chimney Creek,,,Bakersfield,
S011832,Active,Statements,BLM California State Office,UNSP,Tulare,12/18/2025,14.488,Fish and Wildlife Preservation and Enhancement,,Upper Chimney Creek | 180300020401,Chimney Creek,,,Bakersfield,
S011833,Active,Statements,BLM California State Office,UNSP,Tulare,12/18/2025,68.818,Fish and Wildlife Preservation and Enhancement; Stockwatering,,Upper Chimney Creek | 180300020401,Chimney Creek,,,Bakersfield,
S011834,Active,Statements,BLM California State Office,UNSP,Tulare,12/18/2025,21.732,Stockwatering; Fish and Wildlife Preservation and Enhancement,,Upper Chimney Creek | 180300020401,Chimney Creek,,,Bakersfield,
S011835,Active,Statements,BLM California State Office,UNSP,Tulare,12/18/2025,0.8065,Fish and Wildlife Preservation and Enhancement,,Upper Chimney Creek | 180300020401,Chimney Creek,,,Bakersfield,
S011836,Active,Statements,BLM California State Office,UNSP,Tulare,12/18/2025,33.3224,Domestic; Fish and Wildlife Preservation and Enhancement,,Upper Chimney Creek | 180300020401,Chimney Creek,,,Bakersfield,
S011837,Active,Statements,BLM California State Office,UNSP,Tulare,12/18/2025,0.1624,Fish and Wildlife Preservation and Enhancement,,Upper Chimney Creek | 180300020401,Chimney Creek,,,Bakersfield,
S011838,Active,Statements,BLM California State Office,UNSP,Tulare,12/18/2025,1.935,Stockwatering; Fish and Wildlife Preservation and Enhancement,,Upper Chimney Creek | 180300020401,Chimney Creek,,,Bakersfield,
S011839,Active,Statements,BLM California State Office,UNSP,Tulare,12/18/2025,3.226,Stockwatering; Fish and Wildlife Preservation and Enhancement,,Upper Chimney Creek | 180300020401,Chimney Creek,,,Bakersfield,
S011840,Active,Statements,BLM California State Office,UNSP,Tulare,12/18/2025,1.2097,Fish and Wildlife Preservation and Enhancement; Stockwatering,,Lower Chimney Creek | 180300020402,Chimney Creek,,,Bakersfield,
S011841,Active,Statements,BLM RIDGECREST FIELD OFFICE,UNSP,Inyo,12/18/2025,0.6441,Fish and Wildlife Preservation and Enhancement; Stockwatering,,Sand Canyon | 180902050702,Grapevine Canyon,,,Bakersfield,
S011842,Active,Statements,BLM California State Office,UNSP,Tulare,12/18/2025,1.613,Fish and Wildlife Preservation and Enhancement; Stockwatering,,Lower Chimney Creek | 180300020402,Chimney Creek,,,Bakersfield,
S011843,Active,Statements,BLM California State Office,UNSP,Tulare,12/18/2025,0.7841,Stockwatering; Fish and Wildlife Preservation and Enhancement,,Lower Chimney Creek | 180300020402,Chimney Creek,,,Bakersfield,
S011844,Active,Statements,BLM California State Office,UNSP,Tulare,12/18/2025,8.065,Fish and Wildlife Preservation and Enhancement; Stockwatering,,Lower Chimney Creek | 180300020402,Chimney Creek,,,Bakersfield,
S011845,Active,Statements,BLM California State Office,UNSP,Kern,12/18/2025,0.8065,Stockwatering; Fish and Wildlife Preservation and Enhancement,,Isabella Lake-Kern River | 180300010607,Bull Run Creek-Kern River,,,Bakersfield,
S011846,Active,Statements,BLM California State Office,UNSP,Kern,12/18/2025,1.613,Stockwatering; Fish and Wildlife Preservation and Enhancement,,Isabella Lake-Kern River | 180300010607,Bull Run Creek-Kern River,,,Bakersfield,
S011847,Active,Statements,BLM California State Office,UNSP,Kern,12/18/2025,0.8065,Fish and Wildlife Preservation and Enhancement; Stockwatering,,Isabella Lake-Kern River | 180300010607,Bull Run Creek-Kern River,,,Bakersfield,
S011848,Active,Statements,BLM California State Office,UNSP,Kern,12/18/2025,0.2016,Fish and Wildlife Preservation and Enhancement,,Isabella Lake-Kern River | 180300010607,Bull Run Creek-Kern River,,,Bakersfield,
S011849,Active,Statements,BLM California State Office,UNSP,Kern,12/18/2025,0.2828,Fish and Wildlife Preservation and Enhancement,,Isabella Lake-Kern River | 180300010607,Bull Run Creek-Kern River,,,Bakersfield,
S011850,Active,Statements,BLM California State Office,UNSP,Kern,12/18/2025,9.055,Fish and Wildlife Preservation and Enhancement,,Isabella Lake-Kern River | 180300010607,Bull Run Creek-Kern River,,,Bakersfield,
S011851,Active,Statements,BLM California State Office,UNSP,Kern,12/18/2025,0.8065,Stockwatering; Fish and Wildlife Preservation and Enhancement,,Isabella Lake-Kern River | 180300010607,Bull Run Creek-Kern River,,,Bakersfield,
S011852,Active,Statements,BLM California State Office,UNSP,Kern,12/18/2025,0.8065,Fish and Wildlife Preservation and Enhancement,,Isabella Lake-Kern River | 180300010607,Bull Run Creek-Kern River,,,Bakersfield,
S011853,Active,Statements,BLM California State Office,UNSP,Kern,12/18/2025,1.2097,Stockwatering; Fish and Wildlife Preservation and Enhancement,,Isabella Lake-Kern River | 180300010607,Bull Run Creek-Kern River,,,Bakersfield,
S011854,Active,Statements,BLM California State Office,UNSP,Kern,12/18/2025,0.8065,Stockwatering; Fish and Wildlife Preservation and Enhancement,,Lower Canebrake Creek | 180300020502,Canebrake Creek,,,Bakersfield,
S011855,Active,Statements,BLM California State Office,UNSP,Kern,12/18/2025,2.4195,Stockwatering; Fish and Wildlife Preservation and Enhancement,,Lower Canebrake Creek | 180300020502,Canebrake Creek,,,Bakersfield,
S011856,Active,Statements,BLM California State Office,UNSP,Kern,12/18/2025,3.1448,Fish and Wildlife Preservation and Enhancement; Stockwatering,,Lower Canebrake Creek | 180300020502,Canebrake Creek,,,Bakersfield,
S011857,Active,Statements,BLM California State Office,UNSP,Kern,12/18/2025,1.2658,Fish and Wildlife Preservation and Enhancement; Stockwatering,,Lower Canebrake Creek | 180300020502,Canebrake Creek,,,Bakersfield,
S011858,Active,Statements,BLM California State Office,UNSP,Kern,12/18/2025,1.2742,Fish and Wildlife Preservation and Enhancement; Stockwatering,,Lower Canebrake Creek | 180300020502,Canebrake Creek,,,Bakersfield,
S011859,Active,Statements,BLM California State Office,UNSP,Kern,12/18/2025,3.6292,Stockwatering; Fish and Wildlife Preservation and Enhancement,,Lower Canebrake Creek | 180300020502,Canebrake Creek,,,Bakersfield,
S011860,Active,Statements,BLM California State Office,UNSP,Kern,12/18/2025,0.8877,Stockwatering; Fish and Wildlife Preservation and Enhancement,,Lower Canebrake Creek | 180300020502,Canebrake Creek,,,Bakersfield,
S011861,Active,Statements,BLM California State Office,UNSP,Kern,12/18/2025,2.9852,Stockwatering; Fish and Wildlife Preservation and Enhancement,,Lower Canebrake Creek | 180300020502,Canebrake Creek,,,Bakersfield,
S011862,Active,Statements,BLM California State Office,UNSP,Kern,12/18/2025,0.4032,Fish and Wildlife Preservation and Enhancement; Stockwatering,,Lower Chimney Creek | 180300020402,Chimney Creek,,,Bakersfield,
S011863,Active,Statements,BLM California State Office,UNSP,Kern,12/18/2025,0.8065,Stockwatering; Fish and Wildlife Preservation and Enhancement,,Lower Chimney Creek | 180300020402,Chimney Creek,,,Bakersfield,
S011864,Active,Statements,BLM California State Office,UNSP,Kern,12/18/2025,1.613,Fish and Wildlife Preservation and Enhancement; Stockwatering,,Lower Chimney Creek | 180300020402,Chimney Creek,,,Bakersfield,
S011865,Active,Statements,BLM California State Office,UNSP,Kern,12/18/2025,11.9526,Stockwatering; Fish and Wildlife Preservation and Enhancement,,Lower Chimney Creek | 180300020402,Chimney Creek,,,Bakersfield,
S011866,Active,Statements,BLM California State Office,UNSP,Kern,12/18/2025,4.0325,Stockwatering; Fish and Wildlife Preservation and Enhancement,,Lower Chimney Creek | 180300020402,Chimney Creek,,,Bakersfield,
S011867,Active,Statements,BLM California State Office,UNSP,Kern,12/18/2025,1.613,Stockwatering; Fish and Wildlife Preservation and Enhancement,,Lower Chimney Creek | 180300020402,Chimney Creek,,,Bakersfield,
S011868,Active,Statements,BLM California State Office,UNSP,Kern,12/18/2025,0.8877,Stockwatering; Fish and Wildlife Preservation and Enhancement,,Lower Chimney Creek | 180300020402,Chimney Creek,,,Bakersfield,
S011869,Active,Statements,BLM California State Office,UNSP,Kern,12/18/2025,2.6603,Stockwatering; Fish and Wildlife Preservation and Enhancement,,Lower Chimney Creek | 180300020402,Chimney Creek,,,Bakersfield,
S011870,Active,Statements,BLM California State Office,UNSP,Kern,12/18/2025,0.4032,Stockwatering; Fish and Wildlife Preservation and Enhancement,,Lower Chimney Creek | 180300020402,Chimney Creek,,,Bakersfield,
S011871,Active,Statements,BLM California State Office,UNSP,Kern,12/18/2025,24.9918,Domestic; Fish and Wildlife Preservation and Enhancement,,Lower Chimney Creek | 180300020402,Chimney Creek,,,Bakersfield,
S011872,Active,Statements,BLM California State Office,UNSP,Kern,12/18/2025,22.0942,Fish and Wildlife Preservation and Enhancement; Stockwatering,,Lower Chimney Creek | 180300020402,Chimney Creek,,,Bakersfield,
S011873,Active,Statements,BLM California State Office,UNSP,Kern,12/18/2025,10.866,Fish and Wildlife Preservation and Enhancement,,Lower Chimney Creek | 180300020402,Chimney Creek,,,Bakersfield,
S011874,Active,Statements,BLM California State Office,UNSP,Kern,12/18/2025,3.226,Fish and Wildlife Preservation and Enhancement,,Lower Chimney Creek | 180300020402,Chimney Creek,,,Bakersfield,
S011875,Active,Statements,BLM California State Office,UNSP,Kern,12/18/2025,0.6441,Fish and Wildlife Preservation and Enhancement,,Lower Chimney Creek | 180300020402,Chimney Creek,,,Bakersfield,
S011876,Active,Statements,BLM California State Office,UNSP,Kern,12/18/2025,19.5588,Stockwatering; Fish and Wildlife Preservation and Enhancement,,Lower Canebrake Creek | 180300020502,Canebrake Creek,,,Bakersfield,
S011877,Active,Statements,BLM California State Office,UNSP,Kern,12/18/2025,7.6617,Stockwatering; Fish and Wildlife Preservation and Enhancement,,Lower Canebrake Creek | 180300020502,Canebrake Creek,,,Bakersfield,
S011878,Active,Statements,BLM California State Office,UNSP,Kern,12/18/2025,0.378,Stockwatering; Fish and Wildlife Preservation and Enhancement,,Lower Canebrake Creek | 180300020502,Canebrake Creek,,,Bakersfield,
S011879,Active,Statements,BLM California State Office,UNSP,Kern,12/18/2025,1.2097,Stockwatering; Fish and Wildlife Preservation and Enhancement,,Lower Canebrake Creek | 180300020502,Canebrake Creek,,,Bakersfield,
S011880,Active,Statements,BLM California State Office,UNSP,Kern,12/18/2025,2.8227,Fish and Wildlife Preservation and Enhancement; Domestic,,Lower Canebrake Creek | 180300020502,Canebrake Creek,,,Bakersfield,
S011881,Active,Statements,BLM California State Office,UNSP,Kern,12/18/2025,0.3052,Fish and Wildlife Preservation and Enhancement; Stockwatering,,Lower Canebrake Creek | 180300020502,Canebrake Creek,,,Bakersfield,
S011882,Active,Statements,BLM California State Office,UNSP,Kern,12/18/2025,0.6441,Fish and Wildlife Preservation and Enhancement; Stockwatering,,Lower Canebrake Creek | 180300020502,Canebrake Creek,,,Bakersfield,
S011883,Active,Statements,BLM California State Office,UNSP,Kern,12/18/2025,1.1285,Fish and Wildlife Preservation and Enhancement; Domestic,,Lower Canebrake Creek | 180300020502,Canebrake Creek,,,Bakersfield,
S011884,Active,Statements,BLM California State Office,UNSP,Kern,12/18/2025,0.364,Fish and Wildlife Preservation and Enhancement; Stockwatering,,Isabella Lake-South Fork Kern River | 180300020702,Lower South Fork Kern River,,,Bakersfield,
S011885,Active,Statements,BLM California State Office,UNSP,Kern,12/18/2025,1.291,Fish and Wildlife Preservation and Enhancement; Stockwatering,,Isabella Lake-South Fork Kern River | 180300020702,Lower South Fork Kern River,,,Bakersfield,
S011886,Active,Statements,BLM California State Office,UNSP,Kern,12/18/2025,2.9852,Fish and Wildlife Preservation and Enhancement; Stockwatering,,Lower Canebrake Creek | 180300020502,Canebrake Creek,,,Bakersfield,
S011887,Active,Statements,BLM California State Office,UNSP,Kern,12/18/2025,1.613,Fish and Wildlife Preservation and Enhancement; Stockwatering,,Lower Canebrake Creek | 180300020502,Canebrake Creek,,,Bakersfield,
S011888,Active,Statements,BLM California State Office,UNSP,Kern,12/18/2025,1.0473,Stockwatering; Fish and Wildlife Preservation and Enhancement,,Lower Canebrake Creek | 180300020502,Canebrake Creek,,,Bakersfield,
S011889,Active,Statements,BLM California State Office,UNSP,Kern,12/18/2025,0.6441,Stockwatering; Fish and Wildlife Preservation and Enhancement,,Lower Canebrake Creek | 180300020502,Canebrake Creek,,,Bakersfield,
S011890,Active,Statements,BLM California State Office,UNSP,Kern,12/18/2025,1.6242,Stockwatering; Fish and Wildlife Preservation and Enhancement,,Lower Canebrake Creek | 180300020502,Canebrake Creek,,,Bakersfield,
S011891,Active,Statements,BLM California State Office,UNSP,Kern,12/18/2025,1.6942,Stockwatering; Fish and Wildlife Preservation and Enhancement,,Lower Canebrake Creek | 180300020502,Canebrake Creek,,,Bakersfield,
S011892,Active,Statements,BLM California State Office,UNSP,Kern,12/18/2025,2.2571,Fish and Wildlife Preservation and Enhancement; Stockwatering,,Lower Canebrake Creek | 180300020502,Canebrake Creek,,,Bakersfield,
S011893,Active,Statements,BLM California State Office,UNSP,Kern,12/18/2025,1.935,Stockwatering; Fish and Wildlife Preservation and Enhancement,,Lower Canebrake Creek | 180300020502,Canebrake Creek,,,Bakersfield,
S011894,Active,Statements,BLM California State Office,UNSP,Kern,12/18/2025,0.4032,Fish and Wildlife Preservation and Enhancement; Stockwatering,,Lower Canebrake Creek | 180300020502,Canebrake Creek,,,Bakersfield,
S011895,Active,Statements,BLM California State Office,UNSP,Kern,12/18/2025,0.2408,Stockwatering; Fish and Wildlife Preservation and Enhancement,,Lower Canebrake Creek | 180300020502,Canebrake Creek,,,Bakersfield,
S011896,Active,Statements,BLM California State Office,UNSP,Kern,12/18/2025,1.935,Stockwatering; Fish and Wildlife Preservation and Enhancement,,Lower Canebrake Creek | 180300020502,Canebrake Creek,,,Bakersfield,
S011897,Active,Statements,BLM California State Office,UNSP,Kern,12/18/2025,7.4993,Stockwatering; Fish and Wildlife Preservation and Enhancement,,Lower Canebrake Creek | 180300020502,Canebrake Creek,,,Bakersfield,
S011898,Active,Statements,BLM California State Office,UNSP,Kern,12/18/2025,0.7253,Fish and Wildlife Preservation and Enhancement; Stockwatering,,Lower Canebrake Creek | 180300020502,Canebrake Creek,,,Bakersfield,
S011899,Active,Statements,BLM California State Office,UNSP,Kern,12/18/2025,9.055,Fish and Wildlife Preservation and Enhancement; Stockwatering,,Lower Canebrake Creek | 180300020502,Canebrake Creek,,,Bakersfield,
S011900,Active,Statements,BLM California State Office,UNSP,Kern,12/18/2025,0.6441,Fish and Wildlife Preservation and Enhancement; Stockwatering,,Lower Canebrake Creek | 180300020502,Canebrake Creek,,,Bakersfield,
S011901,Active,Statements,BLM California State Office,UNSP,Kern,12/18/2025,2.0975,Fish and Wildlife Preservation and Enhancement; Stockwatering,,Lower Canebrake Creek | 180300020502,Canebrake Creek,,,Bakersfield,
S011902,Active,Statements,BLM California State Office,UNSP,Kern,12/18/2025,0.8065,Stockwatering; Fish and Wildlife Preservation and Enhancement,,Lower Canebrake Creek | 180300020502,Canebrake Creek,,,Bakersfield,
S011903,Active,Statements,BLM California State Office,UNSP,Kern,12/18/2025,139.447,Fish and Wildlife Preservation and Enhancement; Stockwatering,,Lower Canebrake Creek | 180300020502,Canebrake Creek,,,Bakersfield,
S011904,Active,Statements,BLM California State Office,UNSP,Kern,12/18/2025,0.6441,Fish and Wildlife Preservation and Enhancement; Stockwatering,,Lower Canebrake Creek | 180300020502,Canebrake Creek,,,Bakersfield,
S011905,Active,Statements,BLM California State Office,UNSP,Kern,12/18/2025,5.5643,Stockwatering; Fish and Wildlife Preservation and Enhancement,,Lower Chimney Creek | 180300020402,Chimney Creek,,,Bakersfield,
S011906,Active,Statements,BLM California State Office,UNSP,Kern,12/18/2025,5.9199,Fish and Wildlife Preservation and Enhancement; Stockwatering,,Lower Canebrake Creek | 180300020502,Canebrake Creek,,,Bakersfield,
S011907,Active,Statements,BLM California State Office,UNSP,Kern,12/18/2025,4.839,Stockwatering; Fish and Wildlife Preservation and Enhancement,,Lower Canebrake Creek | 180300020502,Canebrake Creek,,,Bakersfield,
S011908,Active,Statements,BLM California State Office,UNSP,Kern,12/18/2025,17.0234,Fish and Wildlife Preservation and Enhancement; Stockwatering,,Lower Canebrake Creek | 180300020502,Canebrake Creek,,,Bakersfield,
S011909,Active,Statements,BLM California State Office,UNSP,Kern,12/18/2025,1.1285,Stockwatering; Fish and Wildlife Preservation and Enhancement,,Lower Canebrake Creek | 180300020502,Canebrake Creek,,,Bakersfield,
S011910,Active,Statements,BLM California State Office,UNSP,Kern,12/18/2025,0.7253,Stockwatering; Fish and Wildlife Preservation and Enhancement,,Lower Canebrake Creek | 180300020502,Canebrake Creek,,,Bakersfield,
S011911,Active,Statements,BLM California State Office,UNSP,Kern,12/18/2025,5.4046,Fish and Wildlife Preservation and Enhancement,,Lower Canebrake Creek | 180300020502,Canebrake Creek,,,Bakersfield,
S011912,Active,Statements,BLM California State Office,UNSP,Kern,12/18/2025,10.1416,Fish and Wildlife Preservation and Enhancement,,Lower Canebrake Creek | 180300020502,Canebrake Creek,,,Bakersfield,
S011913,Active,Statements,BLM California State Office,UNSP,Kern,12/18/2025,1.6942,Fish and Wildlife Preservation and Enhancement,,Lower Canebrake Creek | 180300020502,Canebrake Creek,,,Bakersfield,
S011914,Active,Statements,BLM California State Office,UNSP,Kern,12/18/2025,9.4172,Fish and Wildlife Preservation and Enhancement,,Lower Canebrake Creek | 180300020502,Canebrake Creek,,,Bakersfield,
S011915,Active,Statements,BLM California State Office,UNSP,Kern,12/18/2025,2.9852,Fish and Wildlife Preservation and Enhancement,,Lower Canebrake Creek | 180300020502,Canebrake Creek,,,Bakersfield,
S011916,Active,Statements,BLM California State Office,UNSP,Kern,12/18/2025,18.11,Stockwatering; Fish and Wildlife Preservation and Enhancement,,Lower Canebrake Creek | 180300020502,Canebrake Creek,,,Bakersfield,
S011917,Active,Statements,BLM California State Office,UNSP,Kern,12/18/2025,15.5746,Stockwatering; Fish and Wildlife Preservation and Enhancement,,Lower Canebrake Creek | 180300020502,Canebrake Creek,,,Bakersfield,
S011918,Active,Statements,BLM California State Office,UNSP,Kern,12/18/2025,35.4956,Fish and Wildlife Preservation and Enhancement; Stockwatering,,Lower Canebrake Creek | 180300020502,Canebrake Creek,,,Bakersfield,
S011919,Active,Statements,BLM California State Office,UNSP,Kern,12/18/2025,5.3234,Fish and Wildlife Preservation and Enhancement; Stockwatering,,Lower Canebrake Creek | 180300020502,Canebrake Creek,,,Bakersfield,
S011920,Active,Statements,BLM California State Office,UNSP,Kern,12/18/2025,0.1204,Fish and Wildlife Preservation and Enhancement; Stockwatering,,Lower Canebrake Creek | 180300020502,Canebrake Creek,,,Bakersfield,
S011921,Active,Statements,BLM California State Office,UNSP,Kern,12/18/2025,0.2268,Stockwatering; Fish and Wildlife Preservation and Enhancement,,Lower Canebrake Creek | 180300020502,Canebrake Creek,,,Bakersfield,
S011922,Active,Statements,BLM California State Office,UNSP,Kern,12/18/2025,0.5489,Stockwatering; Fish and Wildlife Preservation and Enhancement,,Lower Canebrake Creek | 180300020502,Canebrake Creek,,,Bakersfield,
S011923,Active,Statements,BLM California State Office,UNSP,Kern,12/18/2025,9.4172,Stockwatering; Fish and Wildlife Preservation and Enhancement,,Lower Canebrake Creek | 180300020502,Canebrake Creek,,,Bakersfield,
S011924,Active,Statements,BLM California State Office,UNSP,Kern,12/18/2025,9.055,Stockwatering; Fish and Wildlife Preservation and Enhancement,,Lower Canebrake Creek | 180300020502,Canebrake Creek,,,Bakersfield,
S011925,Active,Statements,BLM California State Office,UNSP,Kern,12/18/2025,42.0152,Stockwatering; Fish and Wildlife Preservation and Enhancement,,Lower Canebrake Creek | 180300020502,Canebrake Creek,,,Bakersfield,
S011926,Active,Statements,BLM California State Office,UNSP,Kern,12/18/2025,1.613,Fish and Wildlife Preservation and Enhancement; Stockwatering,,Lower Canebrake Creek | 180300020502,Canebrake Creek,,,Bakersfield,
S011927,Active,Statements,BLM California State Office,UNSP,Kern,12/18/2025,0.8065,Stockwatering; Fish and Wildlife Preservation and Enhancement,,Lower Canebrake Creek | 180300020502,Canebrake Creek,,,Bakersfield,
S011928,Active,Statements,BLM California State Office,UNST,Kern,12/18/2025,0.1456,Stockwatering; Fish and Wildlife Preservation and Enhancement,,Lower Canebrake Creek | 180300020502,Canebrake Creek,,,Bakersfield,
S011929,Active,Statements,BLM California State Office,UNSP,Kern,12/18/2025,1.8538,Fish and Wildlife Preservation and Enhancement; Stockwatering,,Lower Canebrake Creek | 180300020502,Canebrake Creek,,,Bakersfield,
S011930,Active,Statements,BLM California State Office,UNSP,Kern,12/18/2025,0.6441,Stockwatering; Fish and Wildlife Preservation and Enhancement,,Lower Canebrake Creek | 180300020502,Canebrake Creek,,,Bakersfield,
S011931,Active,Statements,BLM California State Office,UNSP,Kern,12/18/2025,21.3698,Fish and Wildlife Preservation and Enhancement; Stockwatering,,Lower Canebrake Creek | 180300020502,Canebrake Creek,,,Bakersfield,
S011932,Inactive,Statements,BLM California State Office,,,01/01/1700,0,,,,,,,Bakersfield,
S011933,Active,Statements,BLM California State Office,UNSP,Kern,12/18/2025,38.7554,Fish and Wildlife Preservation and Enhancement,,Lower Canebrake Creek | 180300020502,Canebrake Creek,,,Bakersfield,
S011934,Active,Statements,BLM California State Office,UNSP,Kern,12/18/2025,0.1764,Stockwatering; Fish and Wildlife Preservation and Enhancement,,Lower Canebrake Creek | 180300020502,Canebrake Creek,,,Bakersfield,
S011935,Active,Statements,BLM California State Office,UNSP,Kern,12/18/2025,0.6301,Fish and Wildlife Preservation and Enhancement; Stockwatering,,Lower Canebrake Creek | 180300020502,Canebrake Creek,,,Bakersfield,
S011936,Active,Statements,BLM California State Office,UNSP,Kern,12/18/2025,4.5169,Fish and Wildlife Preservation and Enhancement; Stockwatering,,Lower Canebrake Creek | 180300020502,Canebrake Creek,,,Bakersfield,
S011937,Active,Statements,BLM California State Office,UNSP,Kern,12/18/2025,7.0176,Fish and Wildlife Preservation and Enhancement,,Lower Canebrake Creek | 180300020502,Canebrake Creek,,,Bakersfield,
S011938,Active,Statements,BLM California State Office,UNSP,Kern,12/18/2025,7.0176,Fish and Wildlife Preservation and Enhancement; Stockwatering,,Lower Canebrake Creek | 180300020502,Canebrake Creek,,,Bakersfield,
S011939,Active,Statements,BLM California State Office,UNSP,Kern,12/18/2025,2.0975,Stockwatering; Fish and Wildlife Preservation and Enhancement,,Lower Canebrake Creek | 180300020502,Canebrake Creek,,,Bakersfield,
S011940,Active,Statements,BLM California State Office,UNSP,Kern,12/18/2025,0.6441,Stockwatering; Fish and Wildlife Preservation and Enhancement,,Lower Canebrake Creek | 180300020502,Canebrake Creek,,,Bakersfield,
S011941,Active,Statements,BLM California State Office,UNSP,Kern,12/18/2025,0.5657,Stockwatering; Fish and Wildlife Preservation and Enhancement,,Lower Canebrake Creek | 180300020502,Canebrake Creek,,,Bakersfield,
S011942,Active,Statements,BLM California State Office,UNSP,Kern,12/18/2025,7.0176,Fish and Wildlife Preservation and Enhancement; Stockwatering,,Lower Canebrake Creek | 180300020502,Canebrake Creek,,,Bakersfield,
S011943,Active,Statements,BLM California State Office,UNSP,Kern,12/18/2025,2.0162,Fish and Wildlife Preservation and Enhancement; Stockwatering,,Lower Canebrake Creek | 180300020502,Canebrake Creek,,,Bakersfield,
S011944,Active,Statements,BLM California State Office,UNSP,Kern,12/18/2025,1.2097,Stockwatering; Fish and Wildlife Preservation and Enhancement,,Lower Canebrake Creek | 180300020502,Canebrake Creek,,,Bakersfield,
S011945,Active,Statements,BLM California State Office,UNSP,Kern,12/18/2025,15.9368,Stockwatering; Fish and Wildlife Preservation and Enhancement,,Isabella Lake-South Fork Kern River | 180300020702,Lower South Fork Kern River,,,Bakersfield,
S011946,Active,Statements,BLM California State Office,UNSP,Kern,12/18/2025,0.8065,Fish and Wildlife Preservation and Enhancement; Stockwatering,,Isabella Lake-Kern River | 180300010607,Bull Run Creek-Kern River,,,Bakersfield,
S011947,Active,Statements,BLM California State Office,UNSP,Kern,12/18/2025,1.2097,Stockwatering; Fish and Wildlife Preservation and Enhancement,,Isabella Lake-Kern River | 180300010607,Bull Run Creek-Kern River,,,Bakersfield,
S011948,Active,Statements,BLM California State Office,UNSP,Kern,12/18/2025,0.4032,Stockwatering; Fish and Wildlife Preservation and Enhancement,,French Gulch | 180300010606,Bull Run Creek-Kern River,,,Bakersfield,
S011949,Active,Statements,BLM California State Office,UNSP,Kern,12/18/2025,0.8065,Stockwatering; Fish and Wildlife Preservation and Enhancement,,French Gulch | 180300010606,Bull Run Creek-Kern River,,,Bakersfield,
S011950,Active,Statements,BLM California State Office,UNSP,Kern,12/18/2025,1.6942,Fish and Wildlife Preservation and Enhancement,,French Gulch | 180300010606,Bull Run Creek-Kern River,,,Bakersfield,
S011951,Active,Statements,BLM California State Office,UNSP,Kern,12/18/2025,1.3302,Fish and Wildlife Preservation and Enhancement,,French Gulch | 180300010606,Bull Run Creek-Kern River,,,Bakersfield,
S011952,Active,Statements,BLM California State Office,UNSP,Kern,12/18/2025,2.2571,Fish and Wildlife Preservation and Enhancement,,French Gulch | 180300010606,Bull Run Creek-Kern River,,,Bakersfield,
S011953,Active,Statements,BLM California State Office,UNSP,Kern,12/18/2025,0.4032,Fish and Wildlife Preservation and Enhancement,,Isabella Lake-Kern River | 180300010607,Bull Run Creek-Kern River,,,Bakersfield,
S011954,Active,Statements,BLM California State Office,UNSP,Kern,12/18/2025,6.5332,Domestic; Fish and Wildlife Preservation and Enhancement,,Isabella Lake-Kern River | 180300010607,Bull Run Creek-Kern River,,,Bakersfield,
S011955,Active,Statements,BLM California State Office,UNSP,Kern,12/18/2025,16.6612,Fish and Wildlife Preservation and Enhancement,,Isabella Lake-Kern River | 180300010607,Bull Run Creek-Kern River,,,Bakersfield,
S011956,Active,Statements,BLM California State Office,UNSP,Kern,12/18/2025,0.4032,Domestic; Fish and Wildlife Preservation and Enhancement,,Isabella Lake-Kern River | 180300010607,Bull Run Creek-Kern River,,,Bakersfield,
S011957,Active,Statements,BLM California State Office,UNSP,Kern,12/18/2025,0.4032,Fish and Wildlife Preservation and Enhancement,,Isabella Lake-Kern River | 180300010607,Bull Run Creek-Kern River,,,Bakersfield,
S011958,Active,Statements,BLM California State Office,UNSP,Kern,12/18/2025,0.8065,Fish and Wildlife Preservation and Enhancement,,Isabella Lake-Kern River | 180300010607,Bull Run Creek-Kern River,,,Bakersfield,
S011959,Active,Statements,BLM California State Office,UNSP,Kern,12/18/2025,10.866,Fish and Wildlife Preservation and Enhancement,,Isabella Lake-Kern River | 180300010607,Bull Run Creek-Kern River,,,Bakersfield,
S011960,Active,Statements,BLM California State Office,UNSP,Kern,12/18/2025,0.7253,Fish and Wildlife Preservation and Enhancement,,Isabella Lake-Kern River | 180300010607,Bull Run Creek-Kern River,,,Bakersfield,
S011961,Active,Statements,BLM California State Office,UNSP,Kern,12/18/2025,0.1372,Fish and Wildlife Preservation and Enhancement,,Isabella Lake-Kern River | 180300010607,Bull Run Creek-Kern River,,,Bakersfield,
S011962,Active,Statements,BLM California State Office,UNSP,Kern,12/18/2025,0.5657,Fish and Wildlife Preservation and Enhancement,,Isabella Lake-Kern River | 180300010607,Bull Run Creek-Kern River,,,Bakersfield,
S011963,Active,Statements,BLM California State Office,UNSP,Kern,12/18/2025,0.6441,Fish and Wildlife Preservation and Enhancement,,Isabella Lake-Kern River | 180300010607,Bull Run Creek-Kern River,,,Bakersfield,
S011964,Active,Statements,BLM California State Office,UNSP,Kern,12/18/2025,3.9513,Fish and Wildlife Preservation and Enhancement,,Isabella Lake-Kern River | 180300010607,Bull Run Creek-Kern River,,,Bakersfield,
S011965,Active,Statements,BLM California State Office,UNSP,Kern,12/18/2025,0.322,Fish and Wildlife Preservation and Enhancement,,French Gulch | 180300010606,Bull Run Creek-Kern River,,,Bakersfield,
S011966,Active,Statements,BLM California State Office,UNSP,Kern,12/18/2025,0.2828,Fish and Wildlife Preservation and Enhancement,,French Gulch | 180300010606,Bull Run Creek-Kern River,,,Bakersfield,
S011967,Active,Statements,BLM California State Office,UNSP,Kern,12/18/2025,2.4195,Domestic; Fish and Wildlife Preservation and Enhancement; Mining,,French Gulch | 180300010606,Bull Run Creek-Kern River,,,Bakersfield,
S011968,Active,Statements,BLM California State Office,UNSP,Kern,12/18/2025,1.613,Stockwatering; Fish and Wildlife Preservation and Enhancement,,French Gulch | 180300010606,Bull Run Creek-Kern River,,,Bakersfield,
S011969,Inactive,Statements,BLM California State Office,,,01/01/1700,0,,,,,,,Bakersfield,
S011970,Active,Statements,BLM California State Office,UNSP,Kern,12/18/2025,0.9689,Fish and Wildlife Preservation and Enhancement; Stockwatering,,French Gulch | 180300010606,Bull Run Creek-Kern River,,,Bakersfield,
S011971,Inactive,Statements,BLM California State Office,UNSP,Kern,01/01/1700,0,,,French Gulch | 180300010606,Bull Run Creek-Kern River,,,Bakersfield,
S011972,Active,Statements,BLM California State Office,UNSP,Kern,12/18/2025,0.8065,Stockwatering; Fish and Wildlife Preservation and Enhancement,,French Gulch | 180300010606,Bull Run Creek-Kern River,,,Bakersfield,
S011973,Active,Statements,BLM California State Office,UNSP,Kern,12/18/2025,1.4506,Stockwatering; Fish and Wildlife Preservation and Enhancement,,Black Gulch-Kern River | 180300030105,Cottonwood Creek-Kern River,,,Bakersfield,
S011974,Active,Statements,BLM California State Office,UNSP,Kern,12/18/2025,0.8065,Stockwatering; Fish and Wildlife Preservation and Enhancement,,Black Gulch-Kern River | 180300030105,Cottonwood Creek-Kern River,,,Bakersfield,
S011975,Active,Statements,BLM California State Office,UNSP,Kern,12/18/2025,8.065,Fish and Wildlife Preservation and Enhancement; Stockwatering,,Black Gulch-Kern River | 180300030105,Cottonwood Creek-Kern River,,,Bakersfield,
S011976,Active,Statements,BLM California State Office,UNSP,Kern,12/18/2025,4.0325,Stockwatering; Fish and Wildlife Preservation and Enhancement,,Black Gulch-Kern River | 180300030105,Cottonwood Creek-Kern River,,,Bakersfield,
S011977,Active,Statements,BLM California State Office,UNSP,Kern,12/18/2025,0.8065,Fish and Wildlife Preservation and Enhancement; Stockwatering,,Black Gulch-Kern River | 180300030105,Cottonwood Creek-Kern River,,,Bakersfield,
S011978,Active,Statements,BLM California State Office,UNSP,Kern,12/18/2025,0.8065,Fish and Wildlife Preservation and Enhancement; Stockwatering,,Black Gulch-Kern River | 180300030105,Cottonwood Creek-Kern River,,,Bakersfield,
S011979,Active,Statements,BLM California State Office,UNSP,Kern,12/18/2025,1.2097,Fish and Wildlife Preservation and Enhancement; Stockwatering,,Black Gulch-Kern River | 180300030105,Cottonwood Creek-Kern River,,,Bakersfield,
S011980,Active,Statements,BLM California State Office,UNSP,Kern,12/18/2025,0.8065,Fish and Wildlife Preservation and Enhancement; Stockwatering,,Black Gulch-Kern River | 180300030105,Cottonwood Creek-Kern River,,,Bakersfield,
S011981,Active,Statements,BLM California State Office,UNSP,Kern,12/18/2025,0.8065,Fish and Wildlife Preservation and Enhancement; Stockwatering,,Black Gulch-Kern River | 180300030105,Cottonwood Creek-Kern River,,,Bakersfield,
S011982,Active,Statements,BLM California State Office,UNSP,Kern,12/18/2025,0.8065,Fish and Wildlife Preservation and Enhancement; Stockwatering,,Black Gulch-Kern River | 180300030105,Cottonwood Creek-Kern River,,,Bakersfield,
S011983,Active,Statements,BLM California State Office,UNSP,Kern,12/18/2025,1.613,Stockwatering; Fish and Wildlife Preservation and Enhancement,,Black Gulch-Kern River | 180300030105,Cottonwood Creek-Kern River,,,Bakersfield,
S011984,Active,Statements,BLM California State Office,UNSP,Kern,12/18/2025,0.8065,Stockwatering; Fish and Wildlife Preservation and Enhancement,,Black Gulch-Kern River | 180300030105,Cottonwood Creek-Kern River,,,Bakersfield,
S011985,Active,Statements,BLM California State Office,UNSP,Kern,12/18/2025,0.8065,Fish and Wildlife Preservation and Enhancement; Stockwatering,,Black Gulch-Kern River | 180300030105,Cottonwood Creek-Kern River,,,Bakersfield,
S011986,Active,Statements,BLM California State Office,UNSP,Kern,12/18/2025,0.8065,Stockwatering; Fish and Wildlife Preservation and Enhancement,,Black Gulch-Kern River | 180300030105,Cottonwood Creek-Kern River,,,Bakersfield,
S011987,Active,Statements,BLM California State Office,UNSP,Kern,12/18/2025,1.4506,Stockwatering; Fish and Wildlife Preservation and Enhancement; Domestic,,French Gulch | 180300010606,Bull Run Creek-Kern River,,,Bakersfield,
S011988,Active,Statements,BLM California State Office,UNSP,Kern,12/18/2025,1.613,Stockwatering; Fish and Wildlife Preservation and Enhancement,,Black Gulch-Kern River | 180300030105,Cottonwood Creek-Kern River,,,Bakersfield,
S011989,Active,Statements,BLM California State Office,UNSP,Kern,12/18/2025,4.0325,Fish and Wildlife Preservation and Enhancement; Stockwatering,,Black Gulch-Kern River | 180300030105,Cottonwood Creek-Kern River,,,Bakersfield,
S011990,Active,Statements,BLM California State Office,UNSP,Kern,12/18/2025,1.2097,Stockwatering; Fish and Wildlife Preservation and Enhancement,,Black Gulch-Kern River | 180300030105,Cottonwood Creek-Kern River,,,Bakersfield,
S011991,Active,Statements,BLM California State Office,UNSP,Kern,12/18/2025,2.4195,Fish and Wildlife Preservation and Enhancement; Stockwatering,,Black Gulch-Kern River | 180300030105,Cottonwood Creek-Kern River,,,Bakersfield,
S011992,Active,Statements,BLM California State Office,UNSP,Kern,12/18/2025,4.0325,Fish and Wildlife Preservation and Enhancement; Stockwatering,,Black Gulch-Kern River | 180300030105,Cottonwood Creek-Kern River,,,Bakersfield,
S011993,Active,Statements,BLM California State Office,UNSP,Kern,12/18/2025,10.5038,Fish and Wildlife Preservation and Enhancement; Mining; Stockwatering,,Black Gulch-Kern River | 180300030105,Cottonwood Creek-Kern River,,,Bakersfield,
S011994,Active,Statements,BLM California State Office,UNSP,Kern,12/18/2025,6.2504,Mining; Fish and Wildlife Preservation and Enhancement; Stockwatering,,Black Gulch-Kern River | 180300030105,Cottonwood Creek-Kern River,,,Bakersfield,
S011995,Active,Statements,BLM California State Office,UNSP,Kern,12/18/2025,0.6441,Fish and Wildlife Preservation and Enhancement; Mining; Stockwatering,,Black Gulch-Kern River | 180300030105,Cottonwood Creek-Kern River,,,Bakersfield,
S011996,Active,Statements,BLM California State Office,UNSP,Kern,12/18/2025,5.3234,Fish and Wildlife Preservation and Enhancement,,Black Gulch-Kern River | 180300030105,Cottonwood Creek-Kern River,,,Bakersfield,
S011997,Active,Statements,BLM California State Office,UNSP,Kern,12/18/2025,7.9025,Fish and Wildlife Preservation and Enhancement,,Black Gulch-Kern River | 180300030105,Cottonwood Creek-Kern River,,,Bakersfield,
S011998,Active,Statements,BLM California State Office,UNSP,Kern,12/18/2025,1.8146,Fish and Wildlife Preservation and Enhancement,,Isabella Lake-Kern River | 180300010607,Bull Run Creek-Kern River,,,Bakersfield,
S011999,Active,Statements,BLM California State Office,UNSP,Kern,12/19/2025,9.7794,Fish and Wildlife Preservation and Enhancement,,Isabella Lake-Kern River | 180300010607,Bull Run Creek-Kern River,,,Bakersfield,
S012000,Active,Statements,BLM California State Office,UNSP,Kern,12/19/2025,0.3052,Domestic,,Isabella Lake-South Fork Kern River | 180300020702,Lower South Fork Kern River,,,Bakersfield,
S012001,Active,Statements,BLM California State Office,UNSP,Kern,12/19/2025,0.8877,Stockwatering,,Isabella Lake-Kern River | 180300010607,Bull Run Creek-Kern River,,,Bakersfield,
S012002,Active,Statements,BLM California State Office,UNSP,Kern,12/19/2025,0.5237,Stockwatering,,Isabella Lake-Kern River | 180300010607,Bull Run Creek-Kern River,,,Bakersfield,
S012003,Active,Statements,BLM California State Office,UNSP,Kern,12/19/2025,1.4114,Stockwatering,,Isabella Lake-Kern River | 180300010607,Bull Run Creek-Kern River,,,Bakersfield,
S012004,Active,Statements,BLM California State Office,UNSP,Kern,12/19/2025,2.1367,Stockwatering,,Isabella Lake-Kern River | 180300010607,Bull Run Creek-Kern River,,,Bakersfield,
S012005,Active,Statements,BLM California State Office,UNSP,Kern,12/19/2025,0.2268,Stockwatering,,Isabella Lake-South Fork Kern River | 180300020702,Lower South Fork Kern River,,,Bakersfield,
S012006,Active,Statements,BLM California State Office,UNSP,Kern,12/19/2025,2.9039,Stockwatering,,Isabella Lake-South Fork Kern River | 180300020702,Lower South Fork Kern River,,,Bakersfield,
S012007,Active,Statements,BLM California State Office,UNSP,Kern,12/19/2025,2.8227,Stockwatering; Domestic,,Isabella Lake-South Fork Kern River | 180300020702,Lower South Fork Kern River,,,Bakersfield,
S012008,Active,Statements,BLM California State Office,NICOLL SPRING,Kern,12/19/2025,3.0244,Stockwatering,,Isabella Lake-South Fork Kern River | 180300020702,Lower South Fork Kern River,,,Bakersfield,
S012009,Active,Statements,BLM California State Office,UNSP,Kern,12/19/2025,3.7104,Stockwatering,,Isabella Lake-South Fork Kern River | 180300020702,Lower South Fork Kern River,,,Bakersfield,
S012010,Active,Statements,BLM California State Office,UNSP,Kern,12/19/2025,1.1705,Stockwatering,,Isabella Lake-South Fork Kern River | 180300020702,Lower South Fork Kern River,,,Bakersfield,
S012011,Active,Statements,BLM California State Office,UNSP,Kern,12/19/2025,13.4014,Stockwatering,,Isabella Lake-South Fork Kern River | 180300020702,Lower South Fork Kern River,,,Bakersfield,
S012012,Active,Statements,BLM California State Office,UNSP,Kern,12/19/2025,12.677,Stockwatering,,Isabella Lake-South Fork Kern River | 180300020702,Lower South Fork Kern River,,,Bakersfield,
S012013,Active,Statements,BLM California State Office,UNSP,Kern,12/19/2025,4.839,Stockwatering,,Isabella Lake-South Fork Kern River | 180300020702,Lower South Fork Kern River,,,Bakersfield,
S012014,Active,Statements,BLM California State Office,UNSP,Kern,12/19/2025,0.4481,Stockwatering; Fish and Wildlife Preservation and Enhancement,,Isabella Lake-South Fork Kern River | 180300020702,Lower South Fork Kern River,,,Bakersfield,
S012015,Active,Statements,BLM California State Office,UNSP,Kern,12/19/2025,3.2652,Fish and Wildlife Preservation and Enhancement; Stockwatering,,Isabella Lake-South Fork Kern River | 180300020702,Lower South Fork Kern River,,,Bakersfield,
S012016,Active,Statements,BLM California State Office,UNSP,Kern,12/19/2025,22.4564,Stockwatering; Fish and Wildlife Preservation and Enhancement,YUBA RIVER;,Isabella Lake-South Fork Kern River | 180300020702,Lower South Fork Kern River,,,Bakersfield,
S012017,Active,Statements,BLM California State Office,UNSP,Kern,12/19/2025,3.1448,Stockwatering; Fish and Wildlife Preservation and Enhancement,,Isabella Lake-South Fork Kern River | 180300020702,Lower South Fork Kern River,,,Bakersfield,
S012018,Active,Statements,BLM California State Office,UNSP,Kern,12/19/2025,23.1808,Fish and Wildlife Preservation and Enhancement; Stockwatering,,Isabella Lake-South Fork Kern River | 180300020702,Lower South Fork Kern River,,,Bakersfield,
S012019,Active,Statements,BLM California State Office,UNSP,Kern,12/19/2025,1.935,Stockwatering; Fish and Wildlife Preservation and Enhancement,,Lower Canebrake Creek | 180300020502,Canebrake Creek,,,Bakersfield,
S012020,Active,Statements,BLM California State Office,UNSP,Kern,12/19/2025,20.6454,Stockwatering; Fish and Wildlife Preservation and Enhancement,,Lower Canebrake Creek | 180300020502,Canebrake Creek,,,Bakersfield,
S012021,Active,Statements,BLM California State Office,UNSP,Kern,12/19/2025,0.8065,Stockwatering; Fish and Wildlife Preservation and Enhancement,,Lower Canebrake Creek | 180300020502,Canebrake Creek,,,Bakersfield,
S012022,Active,Statements,BLM California State Office,UNSP,Kern,12/19/2025,21.732,Stockwatering; Fish and Wildlife Preservation and Enhancement,,Lower Canebrake Creek | 180300020502,Canebrake Creek,,,Bakersfield,
S012023,Active,Statements,BLM California State Office,UNSP,Kern,12/19/2025,1.613,Stockwatering; Fish and Wildlife Preservation and Enhancement,,Lower Canebrake Creek | 180300020502,Canebrake Creek,,,Bakersfield,
S012024,Active,Statements,BLM California State Office,UNSP,Kern,12/19/2025,88.3768,Fish and Wildlife Preservation and Enhancement; Stockwatering,,Lower Canebrake Creek | 180300020502,Canebrake Creek,,,Bakersfield,
S012025,Active,Statements,BLM California State Office,UNSP,Kern,12/19/2025,37.3066,Stockwatering; Fish and Wildlife Preservation and Enhancement,,Lower Canebrake Creek | 180300020502,Canebrake Creek,,,Bakersfield,
S012026,Active,Statements,BLM California State Office,UNSP,Kern,12/19/2025,38.3932,Fish and Wildlife Preservation and Enhancement; Stockwatering,,Lower Canebrake Creek | 180300020502,Canebrake Creek,,,Bakersfield,
S012027,Active,Statements,BLM California State Office,UNSP,Kern,12/19/2025,28.2516,Stockwatering; Fish and Wildlife Preservation and Enhancement,,Lower Canebrake Creek | 180300020502,Canebrake Creek,,,Bakersfield,
S012028,Active,Statements,BLM California State Office,UNSP,Kern,12/19/2025,2.9852,Stockwatering; Fish and Wildlife Preservation and Enhancement,,Lower Canebrake Creek | 180300020502,Canebrake Creek,,,Bakersfield,
S012029,Active,Statements,BLM California State Office,UNSP,Kern,12/19/2025,1.6942,Stockwatering; Fish and Wildlife Preservation and Enhancement,,Lower Canebrake Creek | 180300020502,Canebrake Creek,,,Bakersfield,
S012030,Active,Statements,BLM California State Office,UNSP,Kern,12/19/2025,4.0325,Fish and Wildlife Preservation and Enhancement; Stockwatering,,Lower Canebrake Creek | 180300020502,Canebrake Creek,,,Bakersfield,
S012031,Active,Statements,BLM California State Office,UNSP,Kern,12/19/2025,1.613,Stockwatering; Fish and Wildlife Preservation and Enhancement,,Lower Canebrake Creek | 180300020502,Canebrake Creek,,,Bakersfield,
S012032,Active,Statements,BLM California State Office,UNSP,Kern,12/19/2025,8.065,Stockwatering; Fish and Wildlife Preservation and Enhancement,,Lower Canebrake Creek | 180300020502,Canebrake Creek,,,Bakersfield,
S012033,Active,Statements,BLM California State Office,UNSP,Kern,12/19/2025,1.613,Stockwatering; Fish and Wildlife Preservation and Enhancement,,Lower Canebrake Creek | 180300020502,Canebrake Creek,,,Bakersfield,
S012034,Active,Statements,BLM California State Office,UNSP,Kern,12/19/2025,0.9689,Fish and Wildlife Preservation and Enhancement,,Black Gulch-Kern River | 180300030105,Cottonwood Creek-Kern River,,,Bakersfield,
S012035,Active,Statements,BLM California State Office,UNSP,Kern,12/19/2025,2.9852,Fish and Wildlife Preservation and Enhancement; Stockwatering,,Black Gulch-Kern River | 180300030105,Cottonwood Creek-Kern River,,,Bakersfield,
S012036,Inactive,Statements,BLM California State Office,,Kern,12/11/1984,0,,,Black Gulch-Kern River | 180300030105,Cottonwood Creek-Kern River,,,Bakersfield,
S012037,Active,Statements,BLM California State Office,UNSP,Kern,12/19/2025,0.6441,Fish and Wildlife Preservation and Enhancement; Stockwatering,,Black Gulch-Kern River | 180300030105,Cottonwood Creek-Kern River,,,Bakersfield,
S012038,Active,Statements,BLM California State Office,UNSP,Kern,12/19/2025,0.9269,Stockwatering; Fish and Wildlife Preservation and Enhancement,,Black Gulch-Kern River | 180300030105,Cottonwood Creek-Kern River,,,Bakersfield,
S012039,Active,Statements,BLM California State Office,UNSP,Kern,12/19/2025,0.4032,Fish and Wildlife Preservation and Enhancement; Stockwatering,SAN JOAQUIN DELTA;LEGAL DELTA;,Black Gulch-Kern River | 180300030105,Cottonwood Creek-Kern River,,,Bakersfield,
S012040,Active,Statements,BLM California State Office,UNSP,Kern,12/19/2025,0.2912,Stockwatering; Fish and Wildlife Preservation and Enhancement,North Coast AB2121 Area;,Black Gulch-Kern River | 180300030105,Cottonwood Creek-Kern River,,,Bakersfield,
S012041,Active,Statements,BLM California State Office,UNSP,Kern,12/19/2025,1.291,Stockwatering; Fish and Wildlife Preservation and Enhancement,YUBA RIVER;,Black Gulch-Kern River | 180300030105,Cottonwood Creek-Kern River,,,Bakersfield,
S012042,Active,Statements,BLM California State Office,UNSP,Kern,12/19/2025,2.7751,Stockwatering; Fish and Wildlife Preservation and Enhancement,,Black Gulch-Kern River | 180300030105,Cottonwood Creek-Kern River,,,Bakersfield,
S012043,Active,Statements,BLM California State Office,UNSP,Butte;Kern,12/19/2025,3.4668,Fish and Wildlife Preservation and Enhancement; Stockwatering,;BUTTE CREEK,Black Gulch-Kern River | 180300030105;Dry Creek | 180201580401,Cottonwood Creek-Kern River;Lower Butte Creek,,,Bakersfield,
S012044,Active,Statements,BLM California State Office,UNSP,Kern;Modoc,12/19/2025,0.9689,Stockwatering; Fish and Wildlife Preservation and Enhancement,,Cedar Creek-Frontal Middle Alkali Lake | 180800010207;Black Gulch-Kern River | 180300030105,Middle Alkali Lake;Cottonwood Creek-Kern River,,,Bakersfield,
S012045,Active,Statements,BLM California State Office,UNSP,Kern,12/19/2025,2.4195,Fish and Wildlife Preservation and Enhancement; Stockwatering,;North Coast AB2121 Area,Black Gulch-Kern River | 180300030105,Cottonwood Creek-Kern River,,,Bakersfield,
S012046,Active,Statements,BLM California State Office,UNSP,Kern,12/19/2025,0.5657,Stockwatering; Fish and Wildlife Preservation and Enhancement,;SAN JOAQUIN DELTA;LEGAL DELTA,Clear Creek | 180300030104,Cottonwood Creek-Kern River,,,Bakersfield,
S012047,Active,Statements,BLM California State Office,UNSP,Kern,12/19/2025,2.4195,Fish and Wildlife Preservation and Enhancement; Stockwatering,,Clear Creek | 180300030104,Cottonwood Creek-Kern River,,,Bakersfield,
S012048,Active,Statements,BLM California State Office,UNSP,Kern,12/19/2025,2.5399,Fish and Wildlife Preservation and Enhancement; Stockwatering,COLUSA BASIN;,Clear Creek | 180300030104,Cottonwood Creek-Kern River,,,Bakersfield,
S012049,Active,Statements,BLM California State Office,UNSP,Kern,12/19/2025,9.7794,Stockwatering; Fish and Wildlife Preservation and Enhancement,,Clear Creek | 180300030104,Cottonwood Creek-Kern River,,,Bakersfield,
S012050,Active,Statements,BLM California State Office,UNSP,Kern,12/19/2025,5.7995,Fish and Wildlife Preservation and Enhancement; Stockwatering,,Clear Creek | 180300030104,Cottonwood Creek-Kern River,,,Bakersfield,
S012051,Active,Statements,BLM California State Office,UNSP,Kern,12/19/2025,16.299,Stockwatering; Fish and Wildlife Preservation and Enhancement,,Havilah Canyon | 180300030103,Cottonwood Creek-Kern River,,,Bakersfield,
S012052,Active,Statements,BLM California State Office,UNSP,Kern,12/19/2025,5.5643,Fish and Wildlife Preservation and Enhancement,;BALL MOUNTAIN,Erskine Creek | 180300030101,Cottonwood Creek-Kern River,,,Bakersfield,
S012053,Active,Statements,BLM California State Office,UNSP,Kern,12/19/2025,0.9689,Fish and Wildlife Preservation and Enhancement,;North Coast AB2121 Area,Isabella Lake-South Fork Kern River | 180300020702,Lower South Fork Kern River,,,Bakersfield,
S012054,Active,Statements,BLM California State Office,UNSP,El Dorado;Kern,12/19/2025,8.2274,Stockwatering; Fish and Wildlife Preservation and Enhancement,;AMERICAN RIVER,Plum Creek-South Fork American River | 180201290304;Erskine Creek | 180300030101,Upper South Fork American River;Cottonwood Creek-Kern River,,,Bakersfield,
S012055,Active,Statements,BLM California State Office,UNSP,Kern,12/19/2025,2.0162,Fish and Wildlife Preservation and Enhancement; Stockwatering,;PIT RIVER,Erskine Creek | 180300030101,Cottonwood Creek-Kern River,,,Bakersfield,
S012056,Active,Statements,BLM California State Office,UNSP,Kern,12/19/2025,3.7917,Fish and Wildlife Preservation and Enhancement; Stockwatering,,Erskine Creek | 180300030101,Cottonwood Creek-Kern River,,,Bakersfield,
S012057,Active,Statements,BLM California State Office,UNSP,Kern;Santa Barbara,12/19/2025,4.937,Fish and Wildlife Preservation and Enhancement,,Kelly Creek-Santa Ynez River | 180600100402;Bodfish Creek | 180300030102,Redrock Canyon-Santa Ynez River;Cottonwood Creek-Kern River,,,Bakersfield,
S012058,Active,Statements,BLM California State Office,UNSP,Kern,12/19/2025,2.2582,Fish and Wildlife Preservation and Enhancement,,Bodfish Creek | 180300030102,Cottonwood Creek-Kern River,,,Bakersfield,
S012059,Active,Statements,BLM California State Office,UNSP,Kern,12/19/2025,1.613,Fish and Wildlife Preservation and Enhancement,,Bodfish Creek | 180300030102,Cottonwood Creek-Kern River,,,Bakersfield,
S012060,Active,Statements,BLM California State Office,UNSP,Kern,12/19/2025,2.1787,Fish and Wildlife Preservation and Enhancement,,Bodfish Creek | 180300030102,Cottonwood Creek-Kern River,,,Bakersfield,
S012061,Active,Statements,BLM California State Office,UNSP,Kern,12/19/2025,10.5038,Mining; Fish and Wildlife Preservation and Enhancement; Domestic,,Bodfish Creek | 180300030102,Cottonwood Creek-Kern River,,,Bakersfield,
S012062,Active,Statements,BLM California State Office,UNSP,Kern;Merced,12/19/2025,5.0798,Fish and Wildlife Preservation and Enhancement,;SAN JOAQUIN VALLEY FLOOR,Bodfish Creek | 180300030102;City of Winton-Bear Creek | 180400011804,Cottonwood Creek-Kern River;Lower Bear Creek,,,Bakersfield,
S012063,Active,Statements,BLM California State Office,UNSP,Kern,12/19/2025,0.9689,Fish and Wildlife Preservation and Enhancement; Stockwatering,,Erskine Creek | 180300030101,Cottonwood Creek-Kern River,,,Bakersfield,
S012064,Active,Statements,BLM California State Office,UNSP,Kern,12/19/2025,2.0806,Stockwatering; Fish and Wildlife Preservation and Enhancement,,Erskine Creek | 180300030101,Cottonwood Creek-Kern River,,,Bakersfield,
S012065,Active,Statements,BLM California State Office,UNSP,Kern,12/19/2025,10.5038,Fish and Wildlife Preservation and Enhancement,,Erskine Creek | 180300030101,Cottonwood Creek-Kern River,,,Bakersfield,
S012066,Active,Statements,BLM California State Office,UNSP,Kern,12/19/2025,0.8065,Fish and Wildlife Preservation and Enhancement; Stockwatering,,Erskine Creek | 180300030101,Cottonwood Creek-Kern River,,,Bakersfield,
S012067,Active,Statements,BLM California State Office,UNSP,Kern,12/19/2025,1.4506,Stockwatering; Fish and Wildlife Preservation and Enhancement,,Lower Kelso Creek | 180300020604,Kelso Creek,,,Bakersfield,
S012068,Active,Statements,BLM California State Office,UNSP,Kern,12/19/2025,2.0162,Stockwatering; Fish and Wildlife Preservation and Enhancement,,Lower Kelso Creek | 180300020604,Kelso Creek,,,Bakersfield,
S012069,Active,Statements,BLM California State Office,UNSP,Kern,12/19/2025,6.2896,Stockwatering; Fish and Wildlife Preservation and Enhancement,,Lower Kelso Creek | 180300020604,Kelso Creek,,,Bakersfield,
S012070,Active,Statements,BLM California State Office,UNSP,Kern,12/19/2025,3.8701,Fish and Wildlife Preservation and Enhancement; Stockwatering,,Lower Kelso Creek | 180300020604,Kelso Creek,,,Bakersfield,
S012071,Active,Statements,BLM California State Office,UNSP,Kern,12/19/2025,0.364,Fish and Wildlife Preservation and Enhancement; Stockwatering,,Lower Kelso Creek | 180300020604,Kelso Creek,,,Bakersfield,
S012072,Active,Statements,BLM California State Office,UNSP,Kern,12/19/2025,2.0554,Stockwatering; Fish and Wildlife Preservation and Enhancement,,Lower Kelso Creek | 180300020604,Kelso Creek,,,Bakersfield,
S012073,Active,Statements,BLM California State Office,UNSP,Kern,12/19/2025,2.5819,Stockwatering; Fish and Wildlife Preservation and Enhancement,,Havilah Canyon | 180300030103,Cottonwood Creek-Kern River,,,Bakersfield,
S012074,Active,Statements,BLM California State Office,UNSP,Kern,12/19/2025,0.322,Fish and Wildlife Preservation and Enhancement; Stockwatering,,Clear Creek | 180300030104,Cottonwood Creek-Kern River,,,Bakersfield,
S012075,Active,Statements,BLM California State Office,UNSP,Kern,12/19/2025,1.0893,Stockwatering; Fish and Wildlife Preservation and Enhancement,,Clear Creek | 180300030104,Cottonwood Creek-Kern River,,,Bakersfield,
S012076,Active,Statements,BLM California State Office,UNSP,Kern,12/19/2025,3.2652,Fish and Wildlife Preservation and Enhancement; Stockwatering,,Clear Creek | 180300030104,Cottonwood Creek-Kern River,,,Bakersfield,
S012077,Active,Statements,BLM California State Office,UNSP,Kern,12/19/2025,14.488,Mining; Stockwatering; Fish and Wildlife Preservation and Enhancement,,Clear Creek | 180300030104,Cottonwood Creek-Kern River,,,Bakersfield,
S012078,Active,Statements,BLM California State Office,UNSP,Kern,12/19/2025,13.7636,Stockwatering; Fish and Wildlife Preservation and Enhancement; Domestic,,Havilah Canyon | 180300030103,Cottonwood Creek-Kern River,,,Bakersfield,
S012079,Active,Statements,BLM California State Office,UNSP,Kern,12/19/2025,0.7253,Fish and Wildlife Preservation and Enhancement; Stockwatering; Domestic,,Havilah Canyon | 180300030103,Cottonwood Creek-Kern River,,,Bakersfield,
S012080,Active,Statements,BLM California State Office,UNSP,Kern,12/19/2025,1.8538,Fish and Wildlife Preservation and Enhancement; Stockwatering,,Havilah Canyon | 180300030103,Cottonwood Creek-Kern River,,,Bakersfield,
S012081,Active,Statements,BLM California State Office,UNSP,Kern,12/19/2025,9.055,Fish and Wildlife Preservation and Enhancement; Stockwatering,,Havilah Canyon | 180300030103,Cottonwood Creek-Kern River,,,Bakersfield,
S012082,Active,Statements,BLM California State Office,UNSP,Kern,12/19/2025,2.5819,Stockwatering; Fish and Wildlife Preservation and Enhancement,,Havilah Canyon | 180300030103,Cottonwood Creek-Kern River,,,Bakersfield,
S012083,Active,Statements,BLM California State Office,UNSP,Kern,12/19/2025,2.6603,Stockwatering; Fish and Wildlife Preservation and Enhancement,,Havilah Canyon | 180300030103,Cottonwood Creek-Kern River,,,Bakersfield,
S012084,Active,Statements,BLM California State Office,UNSP,Kern,12/19/2025,28.976,Fish and Wildlife Preservation and Enhancement; Domestic; Stockwatering,,Havilah Canyon | 180300030103,Cottonwood Creek-Kern River,,,Bakersfield,
S012085,Active,Statements,BLM California State Office,UNSP,Kern,12/19/2025,6.2896,Fish and Wildlife Preservation and Enhancement; Stockwatering,,Clear Creek | 180300030104,Cottonwood Creek-Kern River,,,Bakersfield,
S012086,Active,Statements,BLM California State Office,UNSP,Kern,12/19/2025,1.4506,Stockwatering; Fish and Wildlife Preservation and Enhancement,,Clear Creek | 180300030104,Cottonwood Creek-Kern River,,,Bakersfield,
S012087,Active,Statements,BLM California State Office,UNSP,Kern,12/19/2025,0.2408,Stockwatering; Fish and Wildlife Preservation and Enhancement,,Havilah Canyon | 180300030103,Cottonwood Creek-Kern River,,,Bakersfield,
S012088,Active,Statements,BLM California State Office,UNSP,Kern,12/19/2025,0.2016,Fish and Wildlife Preservation and Enhancement; Stockwatering,,Havilah Canyon | 180300030103,Cottonwood Creek-Kern River,,,Bakersfield,
S012089,Active,Statements,BLM California State Office,UNSP,Kern,12/19/2025,23.543,Fish and Wildlife Preservation and Enhancement; Stockwatering,,Havilah Canyon | 180300030103,Cottonwood Creek-Kern River,,,Bakersfield,
S012090,Active,Statements,BLM California State Office,UNSP,Kern,12/19/2025,4.1137,Fish and Wildlife Preservation and Enhancement; Stockwatering,,Havilah Canyon | 180300030103,Cottonwood Creek-Kern River,,,Bakersfield,
S012091,Active,Statements,BLM California State Office,UNSP,Kern,12/19/2025,3.6292,Stockwatering; Fish and Wildlife Preservation and Enhancement,,Havilah Canyon | 180300030103,Cottonwood Creek-Kern River,,,Bakersfield,
S012092,Active,Statements,BLM California State Office,UNSP,Kern,12/19/2025,11.5904,Fish and Wildlife Preservation and Enhancement,,Havilah Canyon | 180300030103,Cottonwood Creek-Kern River,,,Bakersfield,
S012093,Active,Statements,BLM California State Office,UNSP,Kern,12/19/2025,9.055,Fish and Wildlife Preservation and Enhancement,,Havilah Canyon | 180300030103,Cottonwood Creek-Kern River,,,Bakersfield,
S012094,Active,Statements,BLM California State Office,UNSP,Kern,12/19/2025,4.2733,Fish and Wildlife Preservation and Enhancement,,Havilah Canyon | 180300030103,Cottonwood Creek-Kern River,,,Bakersfield,
S012095,Active,Statements,BLM California State Office,UNSP,Kern,12/19/2025,5.2506,Domestic,,Havilah Canyon | 180300030103,Cottonwood Creek-Kern River,,,Bakersfield,
S012096,Active,Statements,BLM California State Office,UNSP,Kern,12/19/2025,1.4506,Stockwatering,,Havilah Canyon | 180300030103,Cottonwood Creek-Kern River,,,Bakersfield,
S012097,Active,Statements,BLM California State Office,UNSP,Kern,12/19/2025,11.5904,Fish and Wildlife Preservation and Enhancement; Stockwatering,,Havilah Canyon | 180300030103,Cottonwood Creek-Kern River,,,Bakersfield,
S012098,Active,Statements,BLM California State Office,UNSP,Kern,12/19/2025,3.7917,Stockwatering; Fish and Wildlife Preservation and Enhancement,,Havilah Canyon | 180300030103,Cottonwood Creek-Kern River,,,Bakersfield,
S012099,Active,Statements,BLM California State Office,UNSP,Kern,12/19/2025,0.4845,Stockwatering; Fish and Wildlife Preservation and Enhancement,,Havilah Canyon | 180300030103,Cottonwood Creek-Kern River,,,Bakersfield,
S012100,Active,Statements,BLM California State Office,UNSP,Kern,12/19/2025,5.5643,Stockwatering; Fish and Wildlife Preservation and Enhancement,,Havilah Canyon | 180300030103,Cottonwood Creek-Kern River,,,Bakersfield,
S012101,Active,Statements,BLM California State Office,UNSP,Kern,12/19/2025,8.4682,Fish and Wildlife Preservation and Enhancement; Stockwatering,,Havilah Canyon | 180300030103,Cottonwood Creek-Kern River,,,Bakersfield,
S012102,Active,Statements,BLM California State Office,UNSP,Kern,12/19/2025,6.0879,Fish and Wildlife Preservation and Enhancement; Stockwatering,,Havilah Canyon | 180300030103,Cottonwood Creek-Kern River,,,Bakersfield,
S012103,Active,Statements,BLM California State Office,UNSP,Kern,12/19/2025,77.5108,Fish and Wildlife Preservation and Enhancement; Stockwatering; Domestic,,Havilah Canyon | 180300030103,Cottonwood Creek-Kern River,,,Bakersfield,
S012104,Active,Statements,BLM California State Office,UNSP,Kern,12/19/2025,0.1624,Stockwatering; Fish and Wildlife Preservation and Enhancement,,Havilah Canyon | 180300030103,Cottonwood Creek-Kern River,,,Bakersfield,
S012105,Active,Statements,BLM California State Office,UNSP,Kern,12/19/2025,3.7104,Fish and Wildlife Preservation and Enhancement; Stockwatering,,Havilah Canyon | 180300030103,Cottonwood Creek-Kern River,,,Bakersfield,
S012106,Active,Statements,BLM California State Office,UNSP,Kern,12/19/2025,0.2632,Fish and Wildlife Preservation and Enhancement; Stockwatering,,Havilah Canyon | 180300030103,Cottonwood Creek-Kern River,,,Bakersfield,
S012107,Active,Statements,BLM California State Office,UNSP,Kern,12/19/2025,0.2408,Stockwatering; Fish and Wildlife Preservation and Enhancement,,Havilah Canyon | 180300030103,Cottonwood Creek-Kern River,,,Bakersfield,
S012108,Active,Statements,BLM California State Office,UNSP,Kern,12/19/2025,1.1285,Stockwatering; Fish and Wildlife Preservation and Enhancement,,Havilah Canyon | 180300030103,Cottonwood Creek-Kern River,,,Bakersfield,
S012109,Active,Statements,BLM California State Office,UNSP,Kern,12/19/2025,3.6292,Fish and Wildlife Preservation and Enhancement; Stockwatering,,Havilah Canyon | 180300030103,Cottonwood Creek-Kern River,,,Bakersfield,
S012110,Active,Statements,BLM California State Office,UNSP,Kern,12/19/2025,1.5318,Fish and Wildlife Preservation and Enhancement; Stockwatering,,Havilah Canyon | 180300030103,Cottonwood Creek-Kern River,,,Bakersfield,
S012111,Active,Statements,BLM California State Office,UNSP,Kern,12/19/2025,1.2097,Fish and Wildlife Preservation and Enhancement; Stockwatering,,Havilah Canyon | 180300030103,Cottonwood Creek-Kern River,,,Bakersfield,
S012112,Active,Statements,BLM California State Office,UNSP,Kern,12/19/2025,0.1764,Stockwatering; Fish and Wildlife Preservation and Enhancement,,Havilah Canyon | 180300030103,Cottonwood Creek-Kern River,,,Bakersfield,
S012113,Active,Statements,BLM California State Office,UNSP,Kern,12/19/2025,2.5595,Fish and Wildlife Preservation and Enhancement; Stockwatering,,Havilah Canyon | 180300030103,Cottonwood Creek-Kern River,,,Bakersfield,
S012114,Active,Statements,BLM California State Office,UNSP,Kern,12/19/2025,0.8877,Stockwatering; Fish and Wildlife Preservation and Enhancement,,Havilah Canyon | 180300030103,Cottonwood Creek-Kern River,,,Bakersfield,
S012115,Active,Statements,BLM California State Office,UNSP,Kern,12/19/2025,0.5853,Fish and Wildlife Preservation and Enhancement; Stockwatering,,Havilah Canyon | 180300030103,Cottonwood Creek-Kern River,,,Bakersfield,
S012116,Active,Statements,BLM California State Office,UNSP,Kern,12/19/2025,1.2097,Fish and Wildlife Preservation and Enhancement; Stockwatering,,Havilah Canyon | 180300030103,Cottonwood Creek-Kern River,,,Bakersfield,
S012117,Active,Statements,BLM California State Office,UNSP,Kern,12/19/2025,0.8457,Fish and Wildlife Preservation and Enhancement; Stockwatering,,Havilah Canyon | 180300030103,Cottonwood Creek-Kern River,,,Bakersfield,
S012118,Active,Statements,BLM California State Office,UNSP,Kern,12/19/2025,1.7334,Fish and Wildlife Preservation and Enhancement,,Havilah Canyon | 180300030103,Cottonwood Creek-Kern River,,,Bakersfield,
S012119,Active,Statements,BLM California State Office,UNSP,Kern,12/19/2025,3.0244,Fish and Wildlife Preservation and Enhancement,,Havilah Canyon | 180300030103,Cottonwood Creek-Kern River,,,Bakersfield,
S012120,Active,Statements,BLM California State Office,UNSP,Kern,12/19/2025,0.5237,Fish and Wildlife Preservation and Enhancement,,Havilah Canyon | 180300030103,Cottonwood Creek-Kern River,,,Bakersfield,
S012121,Active,Statements,BLM California State Office,UNSP,Kern,12/19/2025,10.5038,Fish and Wildlife Preservation and Enhancement,,Havilah Canyon | 180300030103,Cottonwood Creek-Kern River,,,Bakersfield,
S012122,Active,Statements,BLM California State Office,UNSP,Kern,12/19/2025,1.613,Fish and Wildlife Preservation and Enhancement,,Havilah Canyon | 180300030103,Cottonwood Creek-Kern River,,,Bakersfield,
S012123,Active,Statements,BLM California State Office,UNSP,Kern,12/19/2025,5.8079,Fish and Wildlife Preservation and Enhancement,,Havilah Canyon | 180300030103,Cottonwood Creek-Kern River,,,Bakersfield,
S012124,Active,Statements,BLM California State Office,UNSP,Kern,12/19/2025,1.6942,Fish and Wildlife Preservation and Enhancement,,Havilah Canyon | 180300030103,Cottonwood Creek-Kern River,,,Bakersfield,
S012125,Active,Statements,BLM California State Office,UNSP,Kern,12/19/2025,7.9838,Fish and Wildlife Preservation and Enhancement,,Havilah Canyon | 180300030103,Cottonwood Creek-Kern River,,,Bakersfield,
S012126,Active,Statements,BLM California State Office,UNSP,Kern,12/19/2025,4.839,Fish and Wildlife Preservation and Enhancement,,Havilah Canyon | 180300030103,Cottonwood Creek-Kern River,,,Bakersfield,
S012127,Active,Statements,BLM California State Office,UNSP,Kern,12/19/2025,0.1624,Fish and Wildlife Preservation and Enhancement,,Havilah Canyon | 180300030103,Cottonwood Creek-Kern River,,,Bakersfield,
S012128,Active,Statements,BLM California State Office,UNSP,Kern,12/19/2025,0.5657,Fish and Wildlife Preservation and Enhancement,,Havilah Canyon | 180300030103,Cottonwood Creek-Kern River,,,Bakersfield,
S012129,Active,Statements,BLM California State Office,UNSP,Kern,12/19/2025,15.9368,Stockwatering; Fish and Wildlife Preservation and Enhancement,,Havilah Canyon | 180300030103,Cottonwood Creek-Kern River,,,Bakersfield,
S012131,Active,Statements,BLM California State Office,UNSP,Kern,12/19/2025,0.6861,Stockwatering; Fish and Wildlife Preservation and Enhancement,,Havilah Canyon | 180300030103,Cottonwood Creek-Kern River,,,Bakersfield,
S012132,Active,Statements,BLM California State Office,UNSP,Kern,12/19/2025,4.1137,Stockwatering; Fish and Wildlife Preservation and Enhancement,,Havilah Canyon | 180300030103,Cottonwood Creek-Kern River,,,Bakersfield,
S012133,Active,Statements,BLM California State Office,UNSP,Kern,12/19/2025,3.6292,Fish and Wildlife Preservation and Enhancement; Stockwatering,,Havilah Canyon | 180300030103,Cottonwood Creek-Kern River,,,Bakersfield,
S012134,Active,Statements,BLM California State Office,UNSP,Kern,12/19/2025,0.1624,Stockwatering; Fish and Wildlife Preservation and Enhancement,,Havilah Canyon | 180300030103,Cottonwood Creek-Kern River,,,Bakersfield,
S012135,Active,Statements,BLM California State Office,UNSP,Kern,12/19/2025,2.1787,Fish and Wildlife Preservation and Enhancement; Stockwatering,,Havilah Canyon | 180300030103,Cottonwood Creek-Kern River,,,Bakersfield,
S012136,Active,Statements,BLM California State Office,UNSP,Kern,12/19/2025,1.3722,Fish and Wildlife Preservation and Enhancement; Stockwatering,,Havilah Canyon | 180300030103,Cottonwood Creek-Kern River,,,Bakersfield,
S012137,Active,Statements,BLM California State Office,UNSP,Kern,12/19/2025,6.5332,Stockwatering; Fish and Wildlife Preservation and Enhancement,,Upper Walker Basin Creek | 180300030302,Walker Basin Creek,,,Bakersfield,
S012138,Active,Statements,BLM California State Office,UNSP,Kern,12/19/2025,1.935,Stockwatering; Fish and Wildlife Preservation and Enhancement,,Upper Walker Basin Creek | 180300030302,Walker Basin Creek,,,Bakersfield,
S012139,Active,Statements,BLM California State Office,UNSP,Kern,12/19/2025,0.1764,Fish and Wildlife Preservation and Enhancement; Stockwatering,,Middle Walker Basin Creek | 180300030303,Walker Basin Creek,,,Bakersfield,
S012141,Active,Statements,BLM California State Office,UNSP,Kern,12/19/2025,0.2016,Fish and Wildlife Preservation and Enhancement; Stockwatering,,Upper Walker Basin Creek | 180300030302,Walker Basin Creek,,,Bakersfield,
S012142,Active,Statements,BLM California State Office,UNSP,Kern,12/19/2025,2.1787,Fish and Wildlife Preservation and Enhancement; Stockwatering,,Middle Walker Basin Creek | 180300030303,Walker Basin Creek,,,Bakersfield,
S012143,Active,Statements,BLM California State Office,UNSP,Kern,12/19/2025,1.977,Stockwatering; Fish and Wildlife Preservation and Enhancement,,Upper Walker Basin Creek | 180300030302,Walker Basin Creek,,,Bakersfield,
S012144,Active,Statements,BLM California State Office,UNSP,Kern,12/19/2025,2.6603,Fish and Wildlife Preservation and Enhancement; Stockwatering,,Upper Walker Basin Creek | 180300030302,Walker Basin Creek,,,Bakersfield,
S012145,Active,Statements,BLM California State Office,UNSP,Kern,12/19/2025,2.6603,Fish and Wildlife Preservation and Enhancement; Stockwatering,,Havilah Canyon | 180300030103,Cottonwood Creek-Kern River,,,Bakersfield,
S012146,Active,Statements,BLM California State Office,UNSP,Kern,12/19/2025,1.0473,Fish and Wildlife Preservation and Enhancement; Stockwatering,,Havilah Canyon | 180300030103,Cottonwood Creek-Kern River,,,Bakersfield,
S012147,Active,Statements,BLM California State Office,UNSP,Kern,12/19/2025,0.7253,Stockwatering; Fish and Wildlife Preservation and Enhancement,,Havilah Canyon | 180300030103,Cottonwood Creek-Kern River,,,Bakersfield,
S012148,Active,Statements,BLM California State Office,UNSP,Kern,12/19/2025,0.6441,Stockwatering; Fish and Wildlife Preservation and Enhancement,,Havilah Canyon | 180300030103,Cottonwood Creek-Kern River,,,Bakersfield,
S012149,Active,Statements,BLM California State Office,UNSP,Kern,12/19/2025,2.5819,Fish and Wildlife Preservation and Enhancement; Stockwatering,,Havilah Canyon | 180300030103,Cottonwood Creek-Kern River,,,Bakersfield,
S012150,Active,Statements,BLM California State Office,UNSP,Kern,12/19/2025,1.5318,Fish and Wildlife Preservation and Enhancement; Stockwatering,,Middle Walker Basin Creek | 180300030303,Walker Basin Creek,,,Bakersfield,
S012151,Active,Statements,BLM California State Office,UNSP,Kern,12/19/2025,2.8871,Fish and Wildlife Preservation and Enhancement; Stockwatering,,Middle Walker Basin Creek | 180300030303,Walker Basin Creek,,,Bakersfield,
S012152,Active,Statements,BLM California State Office,UNSP,Kern,12/19/2025,0,Fish and Wildlife Preservation and Enhancement; Stockwatering,,Middle Walker Basin Creek | 180300030303,Walker Basin Creek,,,Bakersfield,
S012153,Active,Statements,BLM California State Office,UNSP,Kern,12/19/2025,0.8877,Fish and Wildlife Preservation and Enhancement; Stockwatering,,Middle Walker Basin Creek | 180300030303,Walker Basin Creek,,,Bakersfield,
S012154,Active,Statements,BLM California State Office,UNSP,Kern,12/19/2025,0.9689,Fish and Wildlife Preservation and Enhancement; Stockwatering,,Middle Walker Basin Creek | 180300030303,Walker Basin Creek,,,Bakersfield,
S012155,Active,Statements,BLM California State Office,UNSP,Kern,12/19/2025,3.6292,Stockwatering; Fish and Wildlife Preservation and Enhancement,,Middle Walker Basin Creek | 180300030303,Walker Basin Creek,,,Bakersfield,
S012156,Active,Statements,BLM California State Office,UNSP,Kern,12/19/2025,1.7754,Fish and Wildlife Preservation and Enhancement; Stockwatering,,Middle Walker Basin Creek | 180300030303,Walker Basin Creek,,,Bakersfield,
S012157,Active,Statements,BLM California State Office,UNSP,Kern,12/19/2025,2.0162,Fish and Wildlife Preservation and Enhancement; Stockwatering,,Middle Walker Basin Creek | 180300030303,Walker Basin Creek,,,Bakersfield,
S012158,Active,Statements,BLM California State Office,UNSP,Kern,12/19/2025,1.0473,Stockwatering; Fish and Wildlife Preservation and Enhancement,,Middle Walker Basin Creek | 180300030303,Walker Basin Creek,,,Bakersfield,
S012159,Active,Statements,BLM California State Office,UNSP,Kern,12/19/2025,0.9689,Fish and Wildlife Preservation and Enhancement; Stockwatering,,Middle Walker Basin Creek | 180300030303,Walker Basin Creek,,,Bakersfield,
S012160,Active,Statements,BLM California State Office,UNSP,Kern,12/19/2025,1.7754,Stockwatering; Fish and Wildlife Preservation and Enhancement,,Middle Walker Basin Creek | 180300030303,Walker Basin Creek,,,Bakersfield,
S012161,Active,Statements,BLM California State Office,UNSP,Kern,12/19/2025,0.2408,Stockwatering; Fish and Wildlife Preservation and Enhancement,,Middle Walker Basin Creek | 180300030303,Walker Basin Creek,,,Bakersfield,
S012162,Active,Statements,BLM California State Office,UNSP,Kern,12/19/2025,2.4195,Fish and Wildlife Preservation and Enhancement; Stockwatering,,Middle Walker Basin Creek | 180300030303,Walker Basin Creek,,,Bakersfield,
S012163,Active,Statements,BLM California State Office,UNSP,Kern,12/19/2025,1.291,Stockwatering; Fish and Wildlife Preservation and Enhancement,,Middle Walker Basin Creek | 180300030303,Walker Basin Creek,,,Bakersfield,
S012164,Active,Statements,BLM California State Office,UNSP,Kern,12/19/2025,0.9689,Stockwatering; Fish and Wildlife Preservation and Enhancement,,Havilah Canyon | 180300030103,Cottonwood Creek-Kern River,,,Bakersfield,
S012165,Active,Statements,BLM California State Office,UNSP,Kern,12/19/2025,2.4195,Stockwatering; Fish and Wildlife Preservation and Enhancement,,Havilah Canyon | 180300030103,Cottonwood Creek-Kern River,,,Bakersfield,
S012166,Active,Statements,BLM California State Office,UNSP,Kern,12/19/2025,0.1624,Stockwatering,,Clear Creek | 180300030104,Cottonwood Creek-Kern River,,,Bakersfield,
S012167,Active,Statements,BLM California State Office,UNSP,Kern,12/19/2025,0.1624,Stockwatering; Fish and Wildlife Preservation and Enhancement,,Clear Creek | 180300030104,Cottonwood Creek-Kern River,,,Bakersfield,
S012168,Active,Statements,BLM California State Office,UNSP,Kern,12/19/2025,11.2282,Fish and Wildlife Preservation and Enhancement; Stockwatering,,Havilah Canyon | 180300030103,Cottonwood Creek-Kern River,,,Bakersfield,
S012169,Active,Statements,BLM California State Office,UNSP,Kern,12/19/2025,0.9689,Fish and Wildlife Preservation and Enhancement; Stockwatering,,Havilah Canyon | 180300030103,Cottonwood Creek-Kern River,,,Bakersfield,
S012170,Active,Statements,BLM California State Office,UNSP,Kern,12/19/2025,2.6603,Fish and Wildlife Preservation and Enhancement,,Upper Walker Basin Creek | 180300030302,Walker Basin Creek,,,Bakersfield,
S012171,Active,Statements,BLM California State Office,UNSP,Kern,12/19/2025,0.6441,Fish and Wildlife Preservation and Enhancement; Stockwatering,,Upper Walker Basin Creek | 180300030302,Walker Basin Creek,,,Bakersfield,
S012172,Active,Statements,BLM California State Office,UNSP,Kern,12/19/2025,0.4845,Stockwatering; Fish and Wildlife Preservation and Enhancement,,Upper Walker Basin Creek | 180300030302,Walker Basin Creek,,,Bakersfield,
S012173,Active,Statements,BLM California State Office,UNSP,Kern,12/19/2025,3.9933,Fish and Wildlife Preservation and Enhancement; Stockwatering,,Upper Walker Basin Creek | 180300030302,Walker Basin Creek,,,Bakersfield,
S012174,Active,Statements,BLM California State Office,UNSP,Kern,12/19/2025,0.8877,Fish and Wildlife Preservation and Enhancement; Stockwatering,,Upper Walker Basin Creek | 180300030302,Walker Basin Creek,,,Bakersfield,
S012175,Active,Statements,BLM California State Office,UNSP,Kern,12/19/2025,1.8538,Fish and Wildlife Preservation and Enhancement; Stockwatering,,Upper Walker Basin Creek | 180300030302,Walker Basin Creek,,,Bakersfield,
S012176,Active,Statements,BLM California State Office,UNSP,Kern,12/19/2025,0.4425,Fish and Wildlife Preservation and Enhancement; Stockwatering,,Upper Walker Basin Creek | 180300030302,Walker Basin Creek,,,Bakersfield,
S012177,Active,Statements,BLM California State Office,UNSP,Kern,12/19/2025,1.1285,Stockwatering; Fish and Wildlife Preservation and Enhancement,,Upper Walker Basin Creek | 180300030302,Walker Basin Creek,,,Bakersfield,
S012178,Active,Statements,BLM California State Office,UNSP,Kern,12/19/2025,0.5657,Stockwatering; Fish and Wildlife Preservation and Enhancement,,Upper Walker Basin Creek | 180300030302,Walker Basin Creek,,,Bakersfield,
S012179,Active,Statements,BLM California State Office,UNSP,Kern,12/19/2025,0.2408,Fish and Wildlife Preservation and Enhancement; Stockwatering,,Upper Walker Basin Creek | 180300030302,Walker Basin Creek,,,Bakersfield,
S012180,Active,Statements,BLM California State Office,UNSP,Kern,12/19/2025,1.2097,Fish and Wildlife Preservation and Enhancement; Stockwatering,,Erskine Creek | 180300030101,Cottonwood Creek-Kern River,,,Bakersfield,
S012181,Active,Statements,BLM California State Office,UNSP,Kern,12/19/2025,0.3864,Stockwatering; Fish and Wildlife Preservation and Enhancement,,Upper Walker Basin Creek | 180300030302,Walker Basin Creek,,,Bakersfield,
S012182,Active,Statements,BLM California State Office,UNSP,Kern,12/19/2025,3.9513,Stockwatering; Fish and Wildlife Preservation and Enhancement,,Upper Walker Basin Creek | 180300030302,Walker Basin Creek,,,Bakersfield,
S012183,Active,Statements,BLM California State Office,UNSP,Kern,12/19/2025,0.8233,Stockwatering; Fish and Wildlife Preservation and Enhancement,,Upper Walker Basin Creek | 180300030302,Walker Basin Creek,,,Bakersfield,
S012184,Active,Statements,BLM California State Office,UNSP,Kern,12/19/2025,0.3388,Fish and Wildlife Preservation and Enhancement; Stockwatering,,Upper Walker Basin Creek | 180300030302,Walker Basin Creek,,,Bakersfield,
S012185,Active,Statements,BLM California State Office,UNSP,Kern,12/19/2025,0.2632,Fish and Wildlife Preservation and Enhancement,,Middle Walker Basin Creek | 180300030303,Walker Basin Creek,,,Bakersfield,
S012186,Active,Statements,BLM California State Office,UNSP,Kern,12/19/2025,3.0636,Stockwatering; Fish and Wildlife Preservation and Enhancement,,Upper Walker Basin Creek | 180300030302,Walker Basin Creek,,,Bakersfield,
S012187,Active,Statements,BLM California State Office,UNSP,Kern,12/19/2025,0.8457,Fish and Wildlife Preservation and Enhancement; Stockwatering,,Rancheria Creek | 180300030301,Walker Basin Creek,,,Bakersfield,
S012188,Active,Statements,BLM California State Office,UNSP,Kern,12/19/2025,0.6441,Stockwatering; Fish and Wildlife Preservation and Enhancement,,Rancheria Creek | 180300030301,Walker Basin Creek,,,Bakersfield,
S012189,Active,Statements,BLM California State Office,UNSP,Kern,12/19/2025,1.4506,Fish and Wildlife Preservation and Enhancement; Stockwatering,,Rancheria Creek | 180300030301,Walker Basin Creek,,,Bakersfield,
S012190,Active,Statements,BLM California State Office,UNSP,Kern,12/19/2025,0.1456,Stockwatering; Fish and Wildlife Preservation and Enhancement,,Rancheria Creek | 180300030301,Walker Basin Creek,,,Bakersfield,
S012191,Active,Statements,BLM California State Office,UNSP,Kern,12/19/2025,0.2016,Stockwatering; Fish and Wildlife Preservation and Enhancement,,Rancheria Creek | 180300030301,Walker Basin Creek,,,Bakersfield,
S012192,Active,Statements,BLM California State Office,UNSP,Kern,12/19/2025,0.3388,Fish and Wildlife Preservation and Enhancement; Stockwatering,,Rancheria Creek | 180300030301,Walker Basin Creek,,,Bakersfield,
S012193,Active,Statements,BLM California State Office,UNSP,Kern,12/19/2025,1.1537,Stockwatering; Fish and Wildlife Preservation and Enhancement,,Rancheria Creek | 180300030301,Walker Basin Creek,,,Bakersfield,
S012194,Active,Statements,BLM California State Office,UNSP,Kern,12/19/2025,2.7415,Stockwatering; Fish and Wildlife Preservation and Enhancement,,Rancheria Creek | 180300030301,Walker Basin Creek,,,Bakersfield,
S012195,Active,Statements,BLM California State Office,UNSP,Kern,12/19/2025,5.7435,Fish and Wildlife Preservation and Enhancement; Stockwatering,,Rancheria Creek | 180300030301,Walker Basin Creek,,,Bakersfield,
S012196,Active,Statements,BLM California State Office,UNSP,Kern,12/19/2025,2.6603,Stockwatering; Fish and Wildlife Preservation and Enhancement; Domestic,,Rancheria Creek | 180300030301,Walker Basin Creek,,,Bakersfield,
S012197,Active,Statements,BLM California State Office,UNSP,Kern,12/19/2025,0.7253,Fish and Wildlife Preservation and Enhancement; Stockwatering,,Rancheria Creek | 180300030301,Walker Basin Creek,,,Bakersfield,
S012198,Active,Statements,BLM California State Office,UNSP,Kern,12/19/2025,1.5318,Fish and Wildlife Preservation and Enhancement; Stockwatering,,Rancheria Creek | 180300030301,Walker Basin Creek,,,Bakersfield,
S012199,Active,Statements,BLM California State Office,UNSP,Kern,12/19/2025,2.3383,Fish and Wildlife Preservation and Enhancement; Stockwatering,,Rancheria Creek | 180300030301,Walker Basin Creek,,,Bakersfield,
S012200,Active,Statements,BLM California State Office,UNSP,Kern,12/19/2025,6.8552,Stockwatering; Fish and Wildlife Preservation and Enhancement,,Rancheria Creek | 180300030301,Walker Basin Creek,,,Bakersfield,
S012201,Active,Statements,BLM California State Office,UNSP,Kern,12/20/2025,0.8065,Stockwatering; Fish and Wildlife Preservation and Enhancement,,Rancheria Creek | 180300030301,Walker Basin Creek,,,Bakersfield,
S012202,Active,Statements,BLM California State Office,UNSP,Kern,12/20/2025,1.2097,Fish and Wildlife Preservation and Enhancement; Stockwatering,,Rancheria Creek | 180300030301,Walker Basin Creek,,,Bakersfield,
S012203,Active,Statements,BLM California State Office,UNSP,Kern,12/20/2025,0.6441,Fish and Wildlife Preservation and Enhancement; Stockwatering,,Rancheria Creek | 180300030301,Walker Basin Creek,,,Bakersfield,
S012245,Active,Statements,BLM California State Office,UNSP,Tulare,12/20/2025,3.226,Stockwatering; Fish and Wildlife Preservation and Enhancement,,Salt Creek-Kaweah River | 180300070403,Marble Fork Kaweah River-Kaweah River,,,Bakersfield,
S012246,Active,Statements,BLM California State Office,UNSP,Tulare,12/20/2025,0.4032,Fish and Wildlife Preservation and Enhancement; Stockwatering,,Salt Creek-Kaweah River | 180300070403,Marble Fork Kaweah River-Kaweah River,,,Bakersfield,
S012247,Active,Statements,BLM California State Office,UNSP,Tulare,12/20/2025,1.613,Fish and Wildlife Preservation and Enhancement; Stockwatering,,Salt Creek-Kaweah River | 180300070403,Marble Fork Kaweah River-Kaweah River,,,Bakersfield,
S012248,Active,Statements,BLM California State Office,UNSP,Tulare,12/20/2025,0.8065,Fish and Wildlife Preservation and Enhancement; Stockwatering,,Lower East Fork Kaweah River | 180300070203,East Fork Kaweah River,,,Bakersfield,
S012249,Active,Statements,BLM California State Office,UNSP,Tulare,12/20/2025,0.8065,Fish and Wildlife Preservation and Enhancement; Stockwatering,,Lower East Fork Kaweah River | 180300070203,East Fork Kaweah River,,,Bakersfield,
S012250,Active,Statements,BLM California State Office,UNSP,Tulare,12/20/2025,0.8065,Fish and Wildlife Preservation and Enhancement; Stockwatering,,Lower East Fork Kaweah River | 180300070203,East Fork Kaweah River,,,Bakersfield,
S012251,Active,Statements,BLM California State Office,UNSP,Tulare,12/20/2025,0.8065,Fish and Wildlife Preservation and Enhancement; Stockwatering,,Lower East Fork Kaweah River | 180300070203,East Fork Kaweah River,,,Bakersfield,
S012252,Active,Statements,BLM California State Office,UNSP,Tulare,12/20/2025,0.8065,Fish and Wildlife Preservation and Enhancement; Stockwatering,,Salt Creek-Kaweah River | 180300070403,Marble Fork Kaweah River-Kaweah River,,,Bakersfield,
S012253,Active,Statements,BLM California State Office,UNSP,Tulare,12/20/2025,0.1624,Stockwatering; Fish and Wildlife Preservation and Enhancement,,Salt Creek-Kaweah River | 180300070403,Marble Fork Kaweah River-Kaweah River,,,Bakersfield,
S012254,Active,Statements,BLM California State Office,UNSP,Tulare,12/20/2025,0.8065,Stockwatering; Fish and Wildlife Preservation and Enhancement,,Salt Creek-Kaweah River | 180300070403,Marble Fork Kaweah River-Kaweah River,,,Bakersfield,
S012255,Active,Statements,BLM California State Office,UNSP,Tulare,12/20/2025,0.8065,Stockwatering; Fish and Wildlife Preservation and Enhancement,,Salt Creek-Kaweah River | 180300070403,Marble Fork Kaweah River-Kaweah River,,,Bakersfield,
S012256,Active,Statements,BLM California State Office,UNSP,Tulare,12/20/2025,0.8065,Stockwatering; Fish and Wildlife Preservation and Enhancement,,Lower South Fork Kaweah River | 180300070503,South Fork Kaweah River,,,Bakersfield,
S012257,Active,Statements,BLM California State Office,UNSP,Tulare,12/20/2025,0.8065,Stockwatering; Fish and Wildlife Preservation and Enhancement,,Lower South Fork Kaweah River | 180300070503,South Fork Kaweah River,,,Bakersfield,
S012258,Active,Statements,BLM California State Office,UNSP,Tulare,12/20/2025,0.8065,Stockwatering; Fish and Wildlife Preservation and Enhancement,,Lower South Fork Kaweah River | 180300070503,South Fork Kaweah River,,,Bakersfield,
S012259,Active,Statements,BLM California State Office,UNSP,Tulare,12/20/2025,4.0325,Stockwatering; Fish and Wildlife Preservation and Enhancement,,Lower South Fork Kaweah River | 180300070503,South Fork Kaweah River,,,Bakersfield,
S012260,Active,Statements,BLM California State Office,UNSP,Tulare,12/20/2025,0.1624,Stockwatering; Fish and Wildlife Preservation and Enhancement,,Lower South Fork Kaweah River | 180300070503,South Fork Kaweah River,,,Bakersfield,
S012261,Active,Statements,BLM California State Office,UNSP,Tulare,12/20/2025,0.2408,Fish and Wildlife Preservation and Enhancement; Stockwatering,,Lower South Fork Kaweah River | 180300070503,South Fork Kaweah River,,,Bakersfield,
S012262,Active,Statements,BLM California State Office,UNSP,Tulare,12/20/2025,0.8065,Fish and Wildlife Preservation and Enhancement; Stockwatering,,Salt Creek-Kaweah River | 180300070403,Marble Fork Kaweah River-Kaweah River,,,Bakersfield,
S012263,Active,Statements,BLM California State Office,UNSP,Tulare,12/20/2025,0.8065,Stockwatering; Fish and Wildlife Preservation and Enhancement,,Lower South Fork Kaweah River | 180300070503,South Fork Kaweah River,,,Bakersfield,
S012264,Active,Statements,BLM California State Office,UNSP,Tulare,12/20/2025,0.4032,Fish and Wildlife Preservation and Enhancement; Stockwatering,,Lower South Fork Kaweah River | 180300070503,South Fork Kaweah River,,,Bakersfield,
S012265,Active,Statements,BLM California State Office,UNSP,Tulare,12/20/2025,4.0325,Stockwatering; Fish and Wildlife Preservation and Enhancement,,Lower South Fork Kaweah River | 180300070503,South Fork Kaweah River,,,Bakersfield,
S012266,Active,Statements,BLM California State Office,UNSP,Tulare,12/20/2025,0.8065,Stockwatering; Fish and Wildlife Preservation and Enhancement,,Lower East Fork Kaweah River | 180300070203,East Fork Kaweah River,,,Bakersfield,
S012267,Active,Statements,BLM California State Office,UNSP,Tulare,12/20/2025,0.8065,Stockwatering; Fish and Wildlife Preservation and Enhancement,,Lower South Fork Kaweah River | 180300070503,South Fork Kaweah River,,,Bakersfield,
S012268,Active,Statements,BLM California State Office,UNSP,Tulare,12/20/2025,0.8065,Fish and Wildlife Preservation and Enhancement; Stockwatering,,Lower South Fork Kaweah River | 180300070503,South Fork Kaweah River,,,Bakersfield,
S012269,Active,Statements,BLM California State Office,UNSP,Tulare,12/20/2025,0.8065,Stockwatering; Fish and Wildlife Preservation and Enhancement,,Middle South Fork Kaweah River | 180300070502,South Fork Kaweah River,,,Bakersfield,
S012270,Active,Statements,BLM California State Office,UNSP,Tulare,12/20/2025,1.613,Fish and Wildlife Preservation and Enhancement; Stockwatering,,Middle South Fork Kaweah River | 180300070502,South Fork Kaweah River,,,Bakersfield,
S012271,Active,Statements,BLM California State Office,UNSP,Tulare,12/20/2025,4.0325,Fish and Wildlife Preservation and Enhancement; Stockwatering,,Middle South Fork Kaweah River | 180300070502,South Fork Kaweah River,,,Bakersfield,
S012272,Active,Statements,BLM California State Office,UNSP,Tulare,12/20/2025,0.8065,Fish and Wildlife Preservation and Enhancement; Stockwatering,,Middle South Fork Kaweah River | 180300070502,South Fork Kaweah River,,,Bakersfield,
S012273,Active,Statements,BLM California State Office,UNSP,Tulare,12/20/2025,0.8065,Fish and Wildlife Preservation and Enhancement; Stockwatering,,Middle South Fork Kaweah River | 180300070502,South Fork Kaweah River,,,Bakersfield,
S012274,Active,Statements,BLM California State Office,UNSP,Tulare,12/20/2025,0.1624,Stockwatering; Fish and Wildlife Preservation and Enhancement,,Middle South Fork Kaweah River | 180300070502,South Fork Kaweah River,,,Bakersfield,
S012275,Active,Statements,BLM California State Office,UNSP,Tulare,12/20/2025,0.8065,Fish and Wildlife Preservation and Enhancement; Stockwatering,,Lower South Fork Kaweah River | 180300070503,South Fork Kaweah River,,,Bakersfield,
S012276,Active,Statements,BLM California State Office,UNSP,Tulare,12/20/2025,1.613,Stockwatering; Fish and Wildlife Preservation and Enhancement,,Lower South Fork Kaweah River | 180300070503,South Fork Kaweah River,,,Bakersfield,
S012277,Active,Statements,BLM California State Office,UNSP,Tulare,12/20/2025,0.8065,Stockwatering; Fish and Wildlife Preservation and Enhancement,,Middle South Fork Kaweah River | 180300070502,South Fork Kaweah River,,,Bakersfield,
S012278,Active,Statements,BLM California State Office,UNSP,Tulare,12/20/2025,0.8065,Stockwatering; Fish and Wildlife Preservation and Enhancement,,Middle South Fork Kaweah River | 180300070502,South Fork Kaweah River,,,Bakersfield,
S012279,Active,Statements,BLM California State Office,UNSP,Tulare,12/20/2025,0.8065,Stockwatering; Fish and Wildlife Preservation and Enhancement,,Middle South Fork Kaweah River | 180300070502,South Fork Kaweah River,,,Bakersfield,
S012280,Active,Statements,BLM California State Office,UNSP,Tulare,12/20/2025,0.8065,Fish and Wildlife Preservation and Enhancement; Stockwatering,,Middle South Fork Kaweah River | 180300070502,South Fork Kaweah River,,,Bakersfield,
S012281,Active,Statements,BLM California State Office,UNSP,Tulare,12/20/2025,0.2408,Fish and Wildlife Preservation and Enhancement; Stockwatering,,Middle North Fork Tule River | 180300060202,North Fork Tule River,,,Bakersfield,
S012282,Active,Statements,BLM California State Office,UNSP,Tulare,12/20/2025,0.4032,Stockwatering; Fish and Wildlife Preservation and Enhancement,,Middle North Fork Tule River | 180300060202,North Fork Tule River,,,Bakersfield,
S012283,Active,Statements,BLM California State Office,UNSP,Tulare,12/20/2025,1.613,Fish and Wildlife Preservation and Enhancement; Stockwatering,,Middle North Fork Tule River | 180300060202,North Fork Tule River,,,Bakersfield,
S012284,Active,Statements,BLM California State Office,UNSP,Tulare,12/20/2025,0.4032,Fish and Wildlife Preservation and Enhancement; Stockwatering,,Middle North Fork Tule River | 180300060202,North Fork Tule River,,,Bakersfield,
S012285,Active,Statements,BLM California State Office,UNSP,Tulare,12/20/2025,1.613,Fish and Wildlife Preservation and Enhancement; Stockwatering,,Middle North Fork Tule River | 180300060202,North Fork Tule River,,,Bakersfield,
S012286,Active,Statements,BLM California State Office,UNSP,Tulare,12/20/2025,0.4032,Fish and Wildlife Preservation and Enhancement; Stockwatering,,Middle North Fork Tule River | 180300060202,North Fork Tule River,,,Bakersfield,
S012287,Active,Statements,BLM California State Office,UNSP,Tulare,12/20/2025,2.4195,Fish and Wildlife Preservation and Enhancement; Stockwatering,,Middle North Fork Tule River | 180300060202,North Fork Tule River,,,Bakersfield,
S012288,Active,Statements,BLM California State Office,UNSP,Tulare,12/20/2025,0.2408,Fish and Wildlife Preservation and Enhancement; Stockwatering,,Upper Yokohl Creek | 180300060401,Yokohl Creek,,,Bakersfield,
S012289,Active,Statements,BLM California State Office,UNSP,Tulare,12/20/2025,0.2408,Stockwatering; Fish and Wildlife Preservation and Enhancement,,Upper Yokohl Creek | 180300060401,Yokohl Creek,,,Bakersfield,
S012290,Active,Statements,BLM California State Office,UNSP,Tulare,12/20/2025,2.4195,Fish and Wildlife Preservation and Enhancement; Stockwatering,,Upper Yokohl Creek | 180300060401,Yokohl Creek,,,Bakersfield,
S012291,Active,Statements,BLM California State Office,UNSP,Tulare,12/20/2025,0.8065,Stockwatering; Fish and Wildlife Preservation and Enhancement,,Upper Yokohl Creek | 180300060401,Yokohl Creek,,,Bakersfield,
S012292,Active,Statements,BLM California State Office,UNSP,Tulare,12/20/2025,2.4195,Fish and Wildlife Preservation and Enhancement; Stockwatering,,Upper Yokohl Creek | 180300060401,Yokohl Creek,,,Bakersfield,
S012293,Active,Statements,BLM California State Office,UNSP,Tulare,12/20/2025,2.4195,Stockwatering; Fish and Wildlife Preservation and Enhancement,,Upper Yokohl Creek | 180300060401,Yokohl Creek,,,Bakersfield,
S012294,Active,Statements,BLM California State Office,UNSP,Tulare,12/20/2025,0.8065,Stockwatering; Fish and Wildlife Preservation and Enhancement,,Upper Yokohl Creek | 180300060401,Yokohl Creek,,,Bakersfield,
S012295,Active,Statements,BLM California State Office,UNSP,Tulare,12/20/2025,2.4195,Fish and Wildlife Preservation and Enhancement; Stockwatering,,Upper Yokohl Creek | 180300060401,Yokohl Creek,,,Bakersfield,
S012296,Active,Statements,BLM California State Office,UNSP,Tulare,12/20/2025,2.4195,Stockwatering; Fish and Wildlife Preservation and Enhancement,,Upper Yokohl Creek | 180300060401,Yokohl Creek,,,Bakersfield,
S012297,Active,Statements,BLM California State Office,UNSP,Tulare,12/20/2025,0.2408,Fish and Wildlife Preservation and Enhancement; Stockwatering,,Middle South Fork Kaweah River | 180300070502,South Fork Kaweah River,,,Bakersfield,
S012298,Active,Statements,BLM California State Office,UNSP,Tulare,12/20/2025,4.0325,Stockwatering; Fish and Wildlife Preservation and Enhancement,,Middle South Fork Kaweah River | 180300070502,South Fork Kaweah River,,,Bakersfield,
S012299,Active,Statements,BLM California State Office,UNSP,Tulare,12/20/2025,0.8065,Fish and Wildlife Preservation and Enhancement; Stockwatering,,Middle South Fork Kaweah River | 180300070502,South Fork Kaweah River,,,Bakersfield,
S012300,Active,Statements,BLM California State Office,UNSP,Tulare,12/20/2025,0.4032,Stockwatering; Fish and Wildlife Preservation and Enhancement,,Middle South Fork Kaweah River | 180300070502,South Fork Kaweah River,,,Bakersfield,
S012301,Active,Statements,BLM California State Office,UNSP,Tulare,12/20/2025,0.4032,Stockwatering; Fish and Wildlife Preservation and Enhancement,,Middle South Fork Kaweah River | 180300070502,South Fork Kaweah River,,,Bakersfield,
S012302,Active,Statements,BLM California State Office,UNSP,Tulare,12/20/2025,1.613,Fish and Wildlife Preservation and Enhancement; Stockwatering,,Middle South Fork Kaweah River | 180300070502,South Fork Kaweah River,,,Bakersfield,
S012303,Active,Statements,BLM California State Office,UNSP,Tulare,12/20/2025,4.0325,Fish and Wildlife Preservation and Enhancement; Stockwatering,,Upper Yokohl Creek | 180300060401,Yokohl Creek,,,Bakersfield,
S012304,Active,Statements,BLM California State Office,UNSP,Tulare,12/20/2025,1.613,Fish and Wildlife Preservation and Enhancement; Stockwatering,,Upper Yokohl Creek | 180300060401,Yokohl Creek,,,Bakersfield,
S012305,Active,Statements,BLM California State Office,UNSP,Tulare,12/20/2025,0.8065,Fish and Wildlife Preservation and Enhancement; Stockwatering,,Upper Yokohl Creek | 180300060401,Yokohl Creek,,,Bakersfield,
S012307,Active,Statements,BLM California State Office,UNSP,Tulare,12/20/2025,0.8065,Fish and Wildlife Preservation and Enhancement; Stockwatering,,Middle South Fork Kaweah River | 180300070502,South Fork Kaweah River,,,Bakersfield,
S012426,Active,Statements,BLM UKIAH FIELD OFFICE,UNST,Lake,12/22/2025,0,Fire Protection; Fish and Wildlife Preservation and Enhancement,DELTA WATERSHEDS;;CACHE CREEK,Upper Scotts Creek | 180201160102,Scotts Creek,,,Ukiah,
S012427,Active,Statements,BLM UKIAH FIELD OFFICE,UNST,Lake;San Luis Obispo,12/22/2025,0,Fire Protection; Fish and Wildlife Preservation and Enhancement,DELTA WATERSHEDS;;CACHE CREEK,Upper Scotts Creek | 180201160102;Tar Spring Creek | 180600060603,Scotts Creek;Arroyo Grande Creek,,,Ukiah,
S012428,Active,Statements,BLM UKIAH FIELD OFFICE,UNST,Lake,12/22/2025,0,Fish and Wildlife Preservation and Enhancement; Fire Protection,VALLEY PUTAH-CACHE;CACHE CREEK,Indian Valley Reservoir-North Fork Cache Creek | 180201160404,North Fork Cache Creek,,,Ukiah,
S012429,Active,Statements,BLM UKIAH FIELD OFFICE,UNST,Mendocino,12/22/2025,1.5,Fire Protection; Recreational; Fish and Wildlife Preservation and Enhancement,AMERICAN RIVER;North Coast AB2121 Area,Mill Creek | 180101100402,Upper Russian River,,,Ukiah,
S012430,Active,Statements,BLM UKIAH FIELD OFFICE,UNST,Mendocino,12/22/2025,1.5,Fire Protection; Recreational; Fish and Wildlife Preservation and Enhancement,North Coast AB2121 Area;MARIPOSA,Orrs Creek-Russian River | 180101100403,Upper Russian River,,,Ukiah,
S012431,Active,Statements,BLM UKIAH FIELD OFFICE,WILLOW CREEK,Mendocino,12/22/2025,4,Fish and Wildlife Preservation and Enhancement; Fire Protection; Recreational,North Coast AB2121 Area;MARYSVILLE,Mill Creek | 180101100402,Upper Russian River,,,Ukiah,
S012432,Active,Statements,BLM UKIAH FIELD OFFICE,UNST,Mendocino,12/22/2025,6,Fish and Wildlife Preservation and Enhancement; Fire Protection,North Coast AB2121 Area;,Mill Creek | 180101100402,Upper Russian River,,,Ukiah,
S012433,Active,Statements,BLM UKIAH FIELD OFFICE,UNST,Mendocino,12/22/2025,1.5,Fish and Wildlife Preservation and Enhancement; Fire Protection; Recreational,North Coast AB2121 Area;FEATHER RIVER,Orrs Creek-Russian River | 180101100403,Upper Russian River,,,Ukiah,
S012439,Active,Statements,BLM California State Office,PALCHALKA SPRING,San Bernardino,12/22/2025,0.336,Stockwatering,,Wheaton Wash-Frontal Ivanpah Lake | 160600151003,Devil Canyon-Frontal Ivanpah Lake,,,Needles,
S012440,Active,Statements,BLM California State Office,UNST,San Bernardino,12/22/2025,0.336,Stockwatering,,Piute Valley | 180902031102,Upper Kingston Wash,,,Needles,
S012441,Active,Statements,BLM California State Office,LONE TREE SPRING,San Bernardino,12/22/2025,0.336,Stockwatering,,Francis Spring | 180902031106,Upper Kingston Wash,,,Needles,
S012454,Active,Statements,BLM California State Office,BRANDY SPRING,Lassen,12/22/2025,0.6049,Fish and Wildlife Preservation and Enhancement; Stockwatering,PIT RIVER,Sheep Valley | 180200030101,Horse Creek,,,Redding,
S012455,Active,Statements,BLM California State Office,OLLIE RIVIS SPRING,Lassen,12/22/2025,1.613,Stockwatering; Fish and Wildlife Preservation and Enhancement,PIT RIVER,Sheep Valley | 180200030101,Horse Creek,,,Redding,
S012456,Active,Statements,BLM California State Office,PUMPKIN PINE SEEP,Lassen,12/22/2025,0.6049,Stockwatering; Fish and Wildlife Preservation and Enhancement,PIT RIVER,Sheep Valley | 180200030101,Horse Creek,,,Redding,
S012457,Active,Statements,BLM California State Office,B T BARKER SPRING,Lassen,12/22/2025,0.2016,Stockwatering; Fish and Wildlife Preservation and Enhancement,PIT RIVER,Sheep Valley | 180200030101,Horse Creek,,,Redding,
S012458,Active,Statements,BLM California State Office,EAST ROONEY SPRING,Lassen,12/22/2025,0.056,Fish and Wildlife Preservation and Enhancement; Stockwatering,PIT RIVER,Sheep Valley | 180200030101,Horse Creek,,,Redding,
S012459,Active,Statements,BLM California State Office,SPONGE BOG SPRING,Lassen,12/22/2025,0.8065,Fish and Wildlife Preservation and Enhancement; Stockwatering,PIT RIVER,Sheep Valley | 180200030101,Horse Creek,,,Redding,
S012460,Active,Statements,BLM California State Office,DEAD STICK SPRING,Lassen,12/22/2025,0.6049,Stockwatering; Fish and Wildlife Preservation and Enhancement,PIT RIVER,Sheep Valley | 180200030101,Horse Creek,,,Redding,
S012461,Active,Statements,BLM California State Office,MOST WEST SPRING,Lassen,12/22/2025,0.056,Stockwatering; Fish and Wildlife Preservation and Enhancement,PIT RIVER,Sheep Valley | 180200030101,Horse Creek,,,Redding,
S012462,Active,Statements,BLM California State Office,MEADOW FRONT SPRING,Lassen,12/22/2025,0.056,Stockwatering; Fish and Wildlife Preservation and Enhancement,PIT RIVER,Sheep Valley | 180200030101,Horse Creek,,,Redding,
S012463,Active,Statements,BLM California State Office,WEST ROONEY SPRING,Lassen,12/22/2025,0.056,Fish and Wildlife Preservation and Enhancement; Stockwatering,PIT RIVER,Sheep Valley | 180200030101,Horse Creek,,,Redding,
S012464,Active,Statements,BLM California State Office,PUMPKIN PINE SPRING,Lassen,12/22/2025,4.839,Stockwatering; Fish and Wildlife Preservation and Enhancement,PIT RIVER,Sheep Valley | 180200030101,Horse Creek,,,Redding,
S012465,Active,Statements,BLM California State Office,IN BETWEEN SPRING,Lassen,12/22/2025,0.4032,Fish and Wildlife Preservation and Enhancement; Stockwatering,PIT RIVER,Sheep Valley | 180200030101,Horse Creek,,,Redding,
S012466,Active,Statements,BLM California State Office,ROONEY TOONEY SPRING,Lassen,12/22/2025,4.0325,Fish and Wildlife Preservation and Enhancement; Stockwatering,PIT RIVER,Sheep Valley | 180200030101,Horse Creek,,,Redding,
S012467,Active,Statements,BLM California State Office,PROSPECT SPRING,Modoc,12/22/2025,8.065,Stockwatering; Fish and Wildlife Preservation and Enhancement,PIT RIVER,Big Juniper Creek-Little Juniper Creek | 180200020401,Pine Creek-South Fork Pit River,,,Applegate,
S012468,Active,Statements,BLM California State Office,BIG MEADOWS SPRING,Lassen,12/22/2025,3.6292,Stockwatering; Fish and Wildlife Preservation and Enhancement,,Dry Creek | 180800020103,Cold Spring Creek-Madeline Plains,,,Eagle Lake,
S012469,Active,Statements,BLM California State Office,DILL SPRING,Lassen,12/22/2025,7.2585,Fish and Wildlife Preservation and Enhancement; Stockwatering,,Dry Creek | 180800020103,Cold Spring Creek-Madeline Plains,,,Eagle Lake,
S012470,Active,Statements,BLM California State Office,PUDDLE SPRING,Lassen,12/22/2025,4.0325,Fish and Wildlife Preservation and Enhancement; Stockwatering,PIT RIVER,Moon Lake | 180200020202,Cedar Creek,,,Redding,
S012471,Active,Statements,BLM California State Office,ANTLER SPRING,Lassen,12/22/2025,0.056,Fish and Wildlife Preservation and Enhancement; Stockwatering,PIT RIVER,Moon Lake | 180200020202,Cedar Creek,,,Redding,
S012472,Active,Statements,BLM California State Office,UNST,Trinity,12/22/2025,0,Fish and Wildlife Preservation and Enhancement; Stockwatering,Klamath;North Coast AB2121 Area,Dutton Creek-Trinity River | 180102110707,Weaver Creek-Trinity River,,,Redding,
S012475,Active,Statements,ANITA MERLO,MCCONAUGHY GULCH,Siskiyou,12/22/2025,21,Stockwatering; Fish and Wildlife Preservation and Enhancement,North Coast AB2121 Area;Klamath,McConaughy Gulch | 180102080202,French Creek-Scott River,,,Redding,
S012478,Active,Statements,BLM California State Office,UNST,Tehama,12/22/2025,0,Fish and Wildlife Preservation and Enhancement; Stockwatering,DELTA WATERSHEDS;;BALL MOUNTAIN,Digger Creek-Thomes Creek | 180201560503,Lower Thomes Creek,,,Redding,
S012486,Active,Statements,BLM California State Office,DODGE CITY SPRING,Inyo,12/22/2025,0.5041,Fish and Wildlife Preservation and Enhancement,,Tecopa Hot Springs | 180902022004,Tecopa Hot Springs-Amargosa River,,,Ridgecreat,
S012487,Active,Statements,BLM California State Office,AZTEC SPRING,San Bernardino,12/22/2025,0.5041,Fish and Wildlife Preservation and Enhancement; Stockwatering,ADJUDICATED GROUND WATER;,Sweetwater Spring | 180902081002,Stoddard Valley,,,Barstow,
S012488,Active,Statements,BLM California State Office,UNSP,San Bernardino,12/22/2025,0.5041,Fish and Wildlife Preservation and Enhancement,,Big Morongo Creek | 181002010401,Little Morongo Creek-Morongo Wash,,,Palm Springs,
S012489,Active,Statements,BLM California State Office,UNSP,San Diego,12/22/2025,1.0081,Fish and Wildlife Preservation and Enhancement; Domestic,,Buena Vista Creek | 180703030104,Upper San Luis Rey River,,,Palm Springs,
S012490,Active,Statements,BLM California State Office,UNSP,San Diego,12/22/2025,0.5041,Fish and Wildlife Preservation and Enhancement,,Buena Vista Creek | 180703030104,Upper San Luis Rey River,,,Palm Springs,
S012491,Active,Statements,BLM California State Office,MCCAIN SPRING,Imperial,12/22/2025,0.5041,Fish and Wildlife Preservation and Enhancement,,Tule Wash-Frontal Salton Sea | 181002041504,Arroyo Salada-Frontal Salton Sea,,,Palm Springs,
S012501,Active,Statements,BLM California State Office,OLD MORMON SPRING,San Bernardino,12/22/2025,4.4805,Fish and Wildlife Preservation and Enhancement,,Silurian Lake-Salt Creek | 180902031405,Riggs Wash-Salt Creek,,,Barstow,
S012502,Active,Statements,BLM California State Office,VAUGHN SPRING,San Bernardino,12/22/2025,0,Fish and Wildlife Preservation and Enhancement,,Rattlesnake Spring-Rattlesnake Canyon | 181001000601,Rattlesnake Canyon,,,Needles,
S012503,Active,Statements,BLM California State Office,MOUND SPRING,San Bernardino,12/22/2025,1.0081,Fish and Wildlife Preservation and Enhancement; Stockwatering,,Rattlesnake Spring-Rattlesnake Canyon | 181001000601,Rattlesnake Canyon,,,Needles,
S012504,Active,Statements,BLM California State Office,UNSP,San Bernardino,12/22/2025,1.0081,Fish and Wildlife Preservation and Enhancement,,Rattlesnake Spring-Rattlesnake Canyon | 181001000601,Rattlesnake Canyon,,,Needles,
S012505,Active,Statements,BLM California State Office,UNSP,San Bernardino,12/22/2025,1.0081,Fish and Wildlife Preservation and Enhancement,,Ruby Mountain-Pipes Wash | 181001000906,Pipes Wash,,,Needles,
S012506,Active,Statements,BLM California State Office,ONE HOLE SPRING,San Bernardino,12/22/2025,1.0081,Fish and Wildlife Preservation and Enhancement; Stockwatering,,One Hole Spring | 181001000604,Rattlesnake Canyon,,,Needles,
S012507,Active,Statements,BLM California State Office,CARRIZO SPRING,Imperial,12/22/2025,1.0081,Fish and Wildlife Preservation and Enhancement,,Carrizo Wash-Colorado River | 150301041205,Yuma Wash-Colorado River,,,El Centro ,
S012508,Active,Statements,BLM California State Office,UNSP,Imperial,12/22/2025,9.7794,Recreational; Fish and Wildlife Preservation and Enhancement,,Deer Peak | 181002040403,Deer Peak,,,El Centro ,
S012509,Active,Statements,BLM California State Office,UNSP,San Diego,12/22/2025,0.5041,Stockwatering; Fish and Wildlife Preservation and Enhancement,,Banner Creek | 181002030401,Upper San Felipe Creek,,,El Centro ,
S012510,Active,Statements,BLM California State Office,UNSP,San Diego,12/22/2025,0.5041,Fish and Wildlife Preservation and Enhancement; Stockwatering,,Bow Willow Creek | 181002020107,Vallecito Creek,,,El Centro ,
S012511,Active,Statements,BLM California State Office,SULFER SPRINGS,Imperial,12/22/2025,0.5041,Fish and Wildlife Preservation and Enhancement,,Upper Coyote Wash | 181002041004,Coyote Wash,,,El Centro ,
S012512,Active,Statements,BLM California State Office,SWEETWATER SPRING,San Bernardino,12/22/2025,0.5041,Fish and Wildlife Preservation and Enhancement,ADJUDICATED GROUND WATER;,Sweetwater Spring | 180902081002,Stoddard Valley,,,Needles ,
S012515,Active,Statements,BLM California State Office,UNSP,Tulare,12/22/2025,1.4562,Fish and Wildlife Preservation and Enhancement; Stockwatering,,Lower East Fork Kaweah River | 180300070203,East Fork Kaweah River,,,El Centro ,
S012516,Active,Statements,BLM California State Office,UNSP,Tulare,12/22/2025,0.8961,Fish and Wildlife Preservation and Enhancement; Stockwatering,,Lower East Fork Kaweah River | 180300070203,East Fork Kaweah River,,,El Centro ,
S012517,Active,Statements,BLM California State Office,UNSP,Inyo,12/22/2025,1.6242,Fish and Wildlife Preservation and Enhancement; Stockwatering,,Horton Creek | 180901020403,Horton Creek-Owens River,,,Bishop ,
S012518,Active,Statements,BLM California State Office,UNSP,Inyo,12/22/2025,7.0288,Stockwatering; Fish and Wildlife Preservation and Enhancement,,Horton Creek | 180901020403,Horton Creek-Owens River,,,Bishop ,
S012519,Active,Statements,BLM California State Office,UNSP,Tulare,12/22/2025,0.392,Stockwatering; Fish and Wildlife Preservation and Enhancement,,Lower North Fork Kaweah River | 180300070305,North Fork Kaweah River,,,Bakersfield,
S012520,Active,Statements,BLM California State Office,UNSP,Tulare,12/22/2025,4.8446,Fish and Wildlife Preservation and Enhancement; Stockwatering,,Long Canyon | 180300020202,Upper South Fork Kern River,,,Bakersfield,
S012521,Active,Statements,BLM California State Office,DEER SPRING,Tulare,12/22/2025,6.0487,Fish and Wildlife Preservation and Enhancement; Stockwatering,,Long Canyon | 180300020202,Upper South Fork Kern River,,,Bakersfield,
S012522,Active,Statements,BLM California State Office,UNSP,Tulare,12/22/2025,0.7281,Stockwatering; Fish and Wildlife Preservation and Enhancement,,Lower North Fork Kaweah River | 180300070305,North Fork Kaweah River,,,Bakersfield,
S012523,Active,Statements,BLM California State Office,UNSP,Tulare,12/22/2025,0.8121,Stockwatering; Fish and Wildlife Preservation and Enhancement,,Lower North Fork Kaweah River | 180300070305,North Fork Kaweah River,,,Bakersfield,
S012524,Active,Statements,BLM California State Office,UNSP,Tulare,12/22/2025,1.9322,Fish and Wildlife Preservation and Enhancement; Stockwatering,,Lower East Fork Kaweah River | 180300070203,East Fork Kaweah River,,,Bakersfield,
S012525,Active,Statements,BLM California State Office,UNSP,Tulare,12/22/2025,0.8121,Stockwatering; Fish and Wildlife Preservation and Enhancement,,Lower East Fork Kaweah River | 180300070203,East Fork Kaweah River,,,Bakersfield,
S012526,Active,Statements,BLM California State Office,UNSP,Tulare,12/22/2025,0.112,Fish and Wildlife Preservation and Enhancement; Stockwatering,,Salt Creek-Kaweah River | 180300070403,Marble Fork Kaweah River-Kaweah River,,,Bakersfield,
S012527,Active,Statements,BLM California State Office,UNSP,Tulare,12/22/2025,0.392,Stockwatering; Fish and Wildlife Preservation and Enhancement,,Lower North Fork Kaweah River | 180300070305,North Fork Kaweah River,,,Bakersfield,
S012528,Active,Statements,BLM California State Office,UNSP,Tulare,12/22/2025,0.112,Fish and Wildlife Preservation and Enhancement; Stockwatering,,Lower North Fork Kaweah River | 180300070305,North Fork Kaweah River,,,Bakersfield,
S012529,Active,Statements,BLM California State Office,UNSP,Tulare,12/22/2025,0.8121,Fish and Wildlife Preservation and Enhancement; Stockwatering,,Lower North Fork Kaweah River | 180300070305,North Fork Kaweah River,,,Bakersfield,
S012530,Active,Statements,BLM UKIAH FIELD OFFICE,PACIFIC SPRING,Lake,12/22/2025,0,Fish and Wildlife Preservation and Enhancement,CACHE CREEK,Indian Valley Reservoir-North Fork Cache Creek | 180201160404,North Fork Cache Creek,,,Ukiah,
S012531,Active,Statements,BLM UKIAH FIELD OFFICE,BEAN CANYON SPRING,Lake,12/22/2025,0,Fish and Wildlife Preservation and Enhancement,CACHE CREEK,Indian Valley Reservoir-North Fork Cache Creek | 180201160404,North Fork Cache Creek,,,Ukiah,
S012532,Active,Statements,BLM UKIAH FIELD OFFICE,SHOOTER RIDGE SPRING,Lake,12/22/2025,0,Fish and Wildlife Preservation and Enhancement,CACHE CREEK,Upper Scotts Creek | 180201160102,Scotts Creek,,,Ukiah,
S012533,Active,Statements,BLM UKIAH FIELD OFFICE,PINE FLAT SPRING,Sonoma,12/22/2025,0.5041,Fish and Wildlife Preservation and Enhancement; Domestic,North Coast AB2121 Area,Alder Creek-Big Sulphur Creek | 180101100302,Big Sulphur Creek,,,Ukiah,
S012534,Active,Statements,BLM UKIAH FIELD OFFICE,BIG ROCK SPRING,Colusa,12/22/2025,0,Fish and Wildlife Preservation and Enhancement,CACHE CREEK,Upper Bear Creek | 180201160502,Bear Creek,,,Ukiah,
S012535,Active,Statements,BLM UKIAH FIELD OFFICE,COLD SPRINGS,Lake,12/22/2025,0,Fire Protection,CACHE CREEK,Indian Valley Reservoir-North Fork Cache Creek | 180201160404,North Fork Cache Creek,,,Ukiah,
S012536,Active,Statements,BLM UKIAH FIELD OFFICE,BRUSHY CAMP SPRING,Lake,12/22/2025,0,Fish and Wildlife Preservation and Enhancement; Domestic,CACHE CREEK,Upper Scotts Creek | 180201160102,Scotts Creek,,,Ukiah,
S012537,Active,Statements,BLM UKIAH FIELD OFFICE,OVERLOOK SPRING,Lake,12/22/2025,0,Fish and Wildlife Preservation and Enhancement,CACHE CREEK,Indian Valley Reservoir-North Fork Cache Creek | 180201160404,North Fork Cache Creek,,,Ukiah,
S012538,Active,Statements,BLM UKIAH FIELD OFFICE,OAKWOOD SPRING,Lake,12/22/2025,0,Domestic; Fish and Wildlife Preservation and Enhancement,CACHE CREEK,Upper Scotts Creek | 180201160102,Scotts Creek,,,Ukiah,
S012539,Active,Statements,BLM UKIAH FIELD OFFICE,TWO ROLL SPRING,Colusa,12/22/2025,0,Fish and Wildlife Preservation and Enhancement,CACHE CREEK,Middle Bear Creek | 180201160503,Bear Creek,,,Ukiah,
S012540,Active,Statements,BLM UKIAH FIELD OFFICE,LANGS PEAK SPRING  2,Yolo,12/22/2025,0,Stockwatering; Domestic; Fish and Wildlife Preservation and Enhancement,CACHE CREEK,Hamilton Creek-Cache Creek | 180201160701,Lower Cache Creek,,,Ukiah,
S012541,Active,Statements,BLM UKIAH FIELD OFFICE,STORMAN SPRING,Napa,12/22/2025,0.5041,Fish and Wildlife Preservation and Enhancement; Stockwatering,PUTAH CREEK,Butts Creek-Putah Creek | 180201620308,Upper Putah Creek,,,Ukiah,
S012542,Active,Statements,BLM UKIAH FIELD OFFICE,TUCKER SPRING,Lake,12/22/2025,0,Fish and Wildlife Preservation and Enhancement; Recreational,CACHE CREEK,Upper Scotts Creek | 180201160102,Scotts Creek,,,Ukiah,
S012543,Active,Statements,BLM UKIAH FIELD OFFICE,WILLOW SPRING,Lake,12/22/2025,0,Stockwatering; Fish and Wildlife Preservation and Enhancement,CACHE CREEK,Seigler Canyon Creek-Cache Creek | 180201160602,Upper Cache Creek,,,Ukiah,
S012544,Active,Statements,BLM UKIAH FIELD OFFICE,HOG GLADE SPRING,Lake,12/22/2025,0,Fish and Wildlife Preservation and Enhancement,CACHE CREEK,Indian Valley Reservoir-North Fork Cache Creek | 180201160404,North Fork Cache Creek,,,Ukiah,
S012545,Active,Statements,BLM UKIAH FIELD OFFICE,ROAD SPRING,Lake,12/22/2025,0,Fish and Wildlife Preservation and Enhancement,CACHE CREEK,Indian Valley Reservoir-North Fork Cache Creek | 180201160404,North Fork Cache Creek,,,Ukiah,
S012546,Active,Statements,BLM UKIAH FIELD OFFICE,ROCKY POINT SPRING,Lake,12/22/2025,0,Fish and Wildlife Preservation and Enhancement,CACHE CREEK,Indian Valley Reservoir-North Fork Cache Creek | 180201160404,North Fork Cache Creek,,,Ukiah,
S012552,Active,Statements,BLM RIDGECREST FIELD OFFICE,UNSP,Kern,12/22/2025,1.0081,Stockwatering; Recreational; Fish and Wildlife Preservation and Enhancement,,Grapevine Canyon | 180902050704,Grapevine Canyon,,,Ridgecrest ,
S012555,Active,Statements,BLM RIDGECREST FIELD OFFICE,POST OFFICE SPRING,Inyo,12/22/2025,2.4923,Fish and Wildlife Preservation and Enhancement,,Pleasant Canyon-Panamint Valley | 180902041204,Water Canyon-Panamint Valley,,,Ridgecrest,
S012560,Active,Statements,BLM RIDGECREST FIELD OFFICE,WARM SULPHUR SPRINGS,Inyo,12/22/2025,24.9918,Recreational; Fish and Wildlife Preservation and Enhancement,,Warm Sulphur Springs | 180902041003,Jail Canyon-Warm Sulphur Springs,,,Ridgecrest,
S012566,Active,Statements,BLM RIDGECREST FIELD OFFICE,WHEELBARROW SPRING,Inyo,12/22/2025,0.5041,Fish and Wildlife Preservation and Enhancement,,Soldier Pass Canyon | 180902010303,Upper Eureka Valley,,,Ridgecrest,
S012567,Active,Statements,BLM RIDGECREST FIELD OFFICE,NORTH PIPER MTN SPRING,Inyo,12/22/2025,0.5041,Recreational; Fish and Wildlife Preservation and Enhancement; Stockwatering,,Tule Spring | 180902010301,Upper Eureka Valley,,,Ridgecrest,
S012568,Active,Statements,BLM California State Office,HOT SPRINGS,Imperial,12/22/2025,0.112,Fish and Wildlife Preservation and Enhancement; Recreational,,Gordons Well | 181002040402,Deer Peak,,,El Centro ,
S012569,Active,Statements,BLM California State Office,FRINK SPRING,Imperial,12/22/2025,0.5041,Fish and Wildlife Preservation and Enhancement,,Town of Frink-Frontal Salton Sea | 181002041302,Imperial Valley-Frontal Salton Sea,,,El Centro ,
S012570,Active,Statements,BLM California State Office,CLAPP SPRING,Imperial,12/22/2025,0.5041,Fish and Wildlife Preservation and Enhancement,,Clapp Spring | 150301040803,Palo Verde Valley,,,El Centro ,
S012571,Active,Statements,BLM California State Office,WHITE ARROW SPRING,San Diego,12/22/2025,1.0081,Stockwatering; Fish and Wildlife Preservation and Enhancement,,Tule Creek | 181002020204,Upper Carrizo Creek,,,El Centro ,
S012572,Active,Statements,BLM California State Office,TIERRA BLANCA SPRING,San Diego,12/22/2025,1.0081,Stockwatering; Fish and Wildlife Preservation and Enhancement,,Bow Willow Creek | 181002020107,Vallecito Creek,,,El Centro ,
S012573,Active,Statements,BLM California State Office,UNSP,San Diego,12/22/2025,11.9526,Fish and Wildlife Preservation and Enhancement; Domestic,,Upper Vallecito Creek | 181002020103,Vallecito Creek,,,El Centro ,
S012574,Active,Statements,BLM California State Office,UNSP,San Diego,12/22/2025,1.0081,Stockwatering; Fish and Wildlife Preservation and Enhancement,,Vallecito Wash | 181002020101,Vallecito Creek,,,El Centro ,
S012575,Active,Statements,BLM California State Office,ORIFLAMME SPRING,San Diego,12/22/2025,5.0406,Stockwatering; Fish and Wildlife Preservation and Enhancement,,Vallecito Wash | 181002020101,Vallecito Creek,,,El Centro ,
S012577,Active,Statements,BLM California State Office,TAYLOR SPRING,San Diego,12/22/2025,1.0081,Fish and Wildlife Preservation and Enhancement,,Vallecito Wash | 181002020101,Vallecito Creek,,,El Centro ,
S012578,Active,Statements,BLM California State Office,CORRAL SPRING,San Diego,12/22/2025,0.5041,Fish and Wildlife Preservation and Enhancement,,Bow Willow Creek | 181002020107,Vallecito Creek,,,El Centro ,
S012579,Active,Statements,BLM California State Office,MANZANITA SPRING,San Diego,12/22/2025,1.0081,Fish and Wildlife Preservation and Enhancement,,Tule Creek | 181002020204,Upper Carrizo Creek,,,El Centro ,
S012580,Active,Statements,BLM California State Office,LOVELL SPRING,San Diego,12/22/2025,1.0081,Fish and Wildlife Preservation and Enhancement,,Tule Creek | 181002020204,Upper Carrizo Creek,,,El Centro ,
S012581,Active,Statements,BLM California State Office,UNSP,San Diego,12/22/2025,0.5041,Fish and Wildlife Preservation and Enhancement,,Tule Creek | 181002020204,Upper Carrizo Creek,,,El Centro ,
S012582,Active,Statements,BLM California State Office,LONG WALK SPRING,San Diego,12/22/2025,1.0081,Fish and Wildlife Preservation and Enhancement,,Canyon Sin Nombre-Carrizo Creek | 181002020207,Upper Carrizo Creek,,,El Centro ,
S012583,Active,Statements,BLM California State Office,LOST VALLEY SPRING,San Diego,12/22/2025,1.9602,Fish and Wildlife Preservation and Enhancement,,Lost Valley-Carrizo Creek | 181002020206,Upper Carrizo Creek,,,El Centro ,
S012584,Active,Statements,BLM California State Office,CIMMARON SPRING,San Diego,12/22/2025,1.9602,Fish and Wildlife Preservation and Enhancement,,Lost Valley-Carrizo Creek | 181002020206,Upper Carrizo Creek,,,El Centro ,
S012585,Active,Statements,BLM California State Office,UPPER SHEEP CAMP SPRING,San Bernardino,12/22/2025,0.5041,Fish and Wildlife Preservation and Enhancement,,Sheep Camp Spring | 181001003704,Browns Wash-Cadiz Lake,,,Needles,
S012586,Active,Statements,BLM California State Office,COFFIN SPRING,San Bernardino,12/22/2025,0.5041,Fish and Wildlife Preservation and Enhancement,,Coffin Spring-Chemehuevi Wash | 150301010506,Upper Chemehuevi Wash,,,Needles,
S012587,Active,Statements,BLM California State Office,PICKIE POKE SPRING,San Bernardino,12/22/2025,0.5041,Fish and Wildlife Preservation and Enhancement,,Coffin Spring-Chemehuevi Wash | 150301010506,Upper Chemehuevi Wash,,,Needles,
S012588,Active,Statements,BLM California State Office,WES  WEEP SPRING,San Bernardino,12/22/2025,0.5041,Fish and Wildlife Preservation and Enhancement,,Coffin Spring-Chemehuevi Wash | 150301010506,Upper Chemehuevi Wash,,,Needles,
S012589,Active,Statements,BLM UKIAH FIELD OFFICE,UNSP,Lake,12/22/2025,0,Fish and Wildlife Preservation and Enhancement,CACHE CREEK,South Fork Scotts Creek | 180201160101,Scotts Creek,,,Ukiah,
S012590,Active,Statements,BLM UKIAH FIELD OFFICE,UNST,Lake,12/22/2025,0,Fish and Wildlife Preservation and Enhancement,CACHE CREEK;DELTA WATERSHEDS;,South Fork Scotts Creek | 180201160101,Scotts Creek,,,Ukiah,
S012591,Active,Statements,BLM UKIAH FIELD OFFICE,UNST,Lake,12/22/2025,0,Fish and Wildlife Preservation and Enhancement,CACHE CREEK;DELTA WATERSHEDS;,South Fork Scotts Creek | 180201160101,Scotts Creek,,,Ukiah,
S012592,Active,Statements,BLM UKIAH FIELD OFFICE,UNST,Lake,12/22/2025,0,Fish and Wildlife Preservation and Enhancement,Klamath;CACHE CREEK,Middle Scotts Creek | 180201160103,Scotts Creek,,,Ukiah,
S012593,Active,Statements,BLM UKIAH FIELD OFFICE,UNST,Mendocino,12/22/2025,0.5601,Fish and Wildlife Preservation and Enhancement,;;North Coast AB2121 Area,Morrison Creek-Russian River | 180101100405,Upper Russian River,,,Ukiah,
S012594,Active,Statements,BLM UKIAH FIELD OFFICE,UNST,Mendocino,12/22/2025,0.5601,Fish and Wildlife Preservation and Enhancement,North Coast AB2121 Area;;,Morrison Creek-Russian River | 180101100405,Upper Russian River,,,Ukiah,
S012595,Active,Statements,BLM UKIAH FIELD OFFICE,UNST,El Dorado;Mendocino,12/22/2025,0.5601,Fish and Wildlife Preservation and Enhancement,AMERICAN RIVER;North Coast AB2121 Area,Plum Creek-South Fork American River | 180201290304;Pieta Creek | 180101100409,Upper South Fork American River;Upper Russian River,,,Ukiah,
S012596,Active,Statements,BLM UKIAH FIELD OFFICE,UNST,Mendocino;Sonoma,12/22/2025,0,Fish and Wildlife Preservation and Enhancement,CACHE CREEK;North Coast AB2121 Area,Maacama Creek | 180101100604;Adobe Creek | 180201160304,Middle Russian River;Kelsey Creek-Clear Lake,,,Ukiah,
S012597,Active,Statements,BLM UKIAH FIELD OFFICE,UNST,Mendocino,12/22/2025,0.5601,Fish and Wildlife Preservation and Enhancement,North Coast AB2121 Area;VALLEY PUTAH-CACHE,Morrison Creek-Russian River | 180101100405,Upper Russian River,,,Needles,
S012598,Active,Statements,BLM California State Office,LONE SPRING,San Bernardino,12/22/2025,0.5041,Fish and Wildlife Preservation and Enhancement,,Carbonate Gulch | 181001003702,Browns Wash-Cadiz Lake,,,Needles,
S012599,Active,Statements,BLM California State Office,UNSP,San Bernardino,12/22/2025,0,Fish and Wildlife Preservation and Enhancement,,Brown Buttes | 181001002701,Marble Mountains,,,Needles,
S012600,Active,Statements,BLM California State Office,UNSP,San Bernardino,12/22/2025,0,Fish and Wildlife Preservation and Enhancement,,Town of Chambless | 181001002703,Marble Mountains,,,Needles,
S012601,Active,Statements,BLM California State Office,TERESA SPRING,San Bernardino,12/22/2025,0,Fish and Wildlife Preservation and Enhancement,,Town of Chambless | 181001002703,Marble Mountains,,,Needles,
S012605,Active,Statements,BLM California State Office,GRANITE SPRING,San Bernardino,12/22/2025,0,Fish and Wildlife Preservation and Enhancement,,Montana Wash-Colorado River | 150301010305,Silver Creek Wash-Colorado River,,,Needles,
S012613,Active,Statements,BLM California State Office,HOMESTEAD SPRING,Redding,12/23/2025,0.8121,Stockwatering; Fish and Wildlife Preservation and Enhancement,PIT RIVER,Upper Cedar Creek | 180200020201,Cedar Creek,,,Redding,
S012614,Active,Statements,BLM California State Office,HUNTER SPRING,Lassen,12/23/2025,0.392,Stockwatering; Fish and Wildlife Preservation and Enhancement,PIT RIVER,Clarks Valley-Pit River | 180200030801,Town of Pittville-Pit River,,,Eagle Lake,
S012615,Active,Statements,BLM California State Office,BUBBLE SPRING,Modoc,12/23/2025,1.6242,Fish and Wildlife Preservation and Enhancement; Stockwatering,PIT RIVER,Big Juniper Creek-Little Juniper Creek | 180200020401,Pine Creek-South Fork Pit River,,,Applegate,
S012617,Active,Statements,BLM California State Office,UNSP,Tulare,12/23/2025,8.065,Fish and Wildlife Preservation and Enhancement; Stockwatering,,Lower East Fork Kaweah River | 180300070203,East Fork Kaweah River,,,Bakersfield,
S012618,Active,Statements,BLM California State Office,UNSP  AKA 9-19-1B ,Mono,12/23/2025,0.252,Stockwatering; Fish and Wildlife Preservation and Enhancement,,Truman Canyon | 180901020103,Upper Spring Canyon Creek,,,Bishop,
S012619,Active,Statements,BLM California State Office,UNSP  AKA 9-19-2B ,Mono,12/23/2025,0.168,Stockwatering; Fish and Wildlife Preservation and Enhancement,,Topaz Lake | 160503020206,Middle West Walker River,,,Bishop,
S012620,Active,Statements,BLM California State Office,UNSP  AKA 9-19-3B ,Mono,12/23/2025,0.252,Stockwatering; Fish and Wildlife Preservation and Enhancement,,East Slough-West Walker River | 160503020204,Middle West Walker River,,,Bishop,
S012621,Active,Statements,BLM California State Office,UNSP  AKA 9-19-4B ,Mono,12/23/2025,0.8121,Fish and Wildlife Preservation and Enhancement; Stockwatering,,East Slough-West Walker River | 160503020204,Middle West Walker River,,,Bishop,
S012622,Active,Statements,BLM California State Office,UNSP  9-20-1B ,Mono,12/23/2025,23.9052,Fish and Wildlife Preservation and Enhancement; Stockwatering,,Slinkard Creek | 160503020205,Middle West Walker River,,,Bishop,
S012623,Active,Statements,BLM California State Office,UNSP  AKA 9-20-2B ,Mono,12/23/2025,79.684,Stockwatering; Fish and Wildlife Preservation and Enhancement,,Slinkard Creek | 160503020205,Middle West Walker River,,,Bishop,
S012624,Active,Statements,BLM California State Office,UNSP  AKA 9-20-3B ,Mono,12/23/2025,1.6242,Fish and Wildlife Preservation and Enhancement; Stockwatering,,Slinkard Creek | 160503020205,Middle West Walker River,,,Bishop,
S012625,Active,Statements,BLM California State Office,UNSP  AKA 9-20-4B ,Mono,12/23/2025,0.8121,Fish and Wildlife Preservation and Enhancement; Stockwatering,,Slinkard Creek | 160503020205,Middle West Walker River,,,Bishop,
S012626,Active,Statements,BLM California State Office,UNSP  9-20-5B ,Mono,12/23/2025,1.6242,Stockwatering; Fish and Wildlife Preservation and Enhancement,,Slinkard Creek | 160503020205,Middle West Walker River,,,Bishop,
S012627,Active,Statements,BLM California State Office,UNSP  AKA 9-20-6B ,Mono,12/23/2025,0.8121,Stockwatering; Fish and Wildlife Preservation and Enhancement,,Slinkard Creek | 160503020205,Middle West Walker River,,,Bishop,
S012628,Active,Statements,BLM California State Office,UNSP  AKA 9-20-7B ,Mono,12/23/2025,15.9368,Fish and Wildlife Preservation and Enhancement; Stockwatering,,Slinkard Creek | 160503020205,Middle West Walker River,,,Bishop,
S012629,Active,Statements,BLM California State Office,UNSP  AKA 9-20-8B ,Mono,12/23/2025,0.4201,Stockwatering; Fish and Wildlife Preservation and Enhancement,,Slinkard Creek | 160503020205,Middle West Walker River,,,Bishop,
S012630,Active,Statements,BLM California State Office,UNSP  AKA 9-20-9B ,Mono,12/23/2025,8.065,Stockwatering; Fish and Wildlife Preservation and Enhancement,,Slinkard Creek | 160503020205,Middle West Walker River,,,Bishop,
S012631,Active,Statements,BLM California State Office,UNSP  AKA 9-20-10B ,Mono,12/23/2025,8.065,Fish and Wildlife Preservation and Enhancement; Stockwatering,,Slinkard Creek | 160503020205,Middle West Walker River,,,Bishop,
S012632,Active,Statements,BLM California State Office,UNSP  AKA 9-20-11B ,Mono,12/23/2025,0.252,Stockwatering; Fish and Wildlife Preservation and Enhancement,,Slinkard Creek | 160503020205,Middle West Walker River,,,Bishop,
S012633,Active,Statements,BLM California State Office,UNSP  AKA 9-20-12B ,Mono,12/23/2025,8.065,Fish and Wildlife Preservation and Enhancement; Stockwatering,,Slinkard Creek | 160503020205,Middle West Walker River,,,Bishop,
S012634,Active,Statements,BLM California State Office,UNSP  AKA 9-20-13B ,Mono,12/23/2025,4.0325,Fish and Wildlife Preservation and Enhancement; Stockwatering,,Slinkard Creek | 160503020205,Middle West Walker River,,,Bishop,
S012635,Active,Statements,BLM California State Office,UNSP  AKA 10-12-4B ,Mono,12/23/2025,0.8121,Stockwatering; Fish and Wildlife Preservation and Enhancement,,Wilson Creek | 180901010403,Lee Vining Creek-Frontal Mono Lake,,,Bishop,
S012636,Active,Statements,BLM California State Office,UNSP  AKA 10-12-5B ,Mono,12/23/2025,2.1843,Stockwatering; Fish and Wildlife Preservation and Enhancement,,Wilson Creek | 180901010403,Lee Vining Creek-Frontal Mono Lake,,,Bishop,
S012637,Active,Statements,BLM California State Office,UNSP  AKA 10-12-6B ,Mono,12/23/2025,2.5763,Fish and Wildlife Preservation and Enhancement; Stockwatering,,Rancheria Gulch-Frontal Mono Lake | 180901010405,Lee Vining Creek-Frontal Mono Lake,,,Bishop,
S012638,Active,Statements,BLM California State Office,UNSP  10-12-7B ,Mono,12/23/2025,0.4201,Stockwatering; Fish and Wildlife Preservation and Enhancement,,Rancheria Gulch-Frontal Mono Lake | 180901010405,Lee Vining Creek-Frontal Mono Lake,,,Bishop,
S012639,Active,Statements,BLM California State Office,UNSP  AKA 10-12-8B ,Mono,12/23/2025,0.9801,Fish and Wildlife Preservation and Enhancement; Stockwatering,,Rancheria Gulch-Frontal Mono Lake | 180901010405,Lee Vining Creek-Frontal Mono Lake,,,Bishop,
S012640,Active,Statements,BLM California State Office,UNSP  AKA 10-12-9B ,Mono,12/23/2025,2.4083,Stockwatering; Fish and Wildlife Preservation and Enhancement,,Rancheria Gulch-Frontal Mono Lake | 180901010405,Lee Vining Creek-Frontal Mono Lake,,,Bishop,
S012641,Active,Statements,BLM California State Office,UNSP  AKA 10-13-1B ,Mono,12/23/2025,0.4201,Fish and Wildlife Preservation and Enhancement; Stockwatering,,Rancheria Gulch-Frontal Mono Lake | 180901010405,Lee Vining Creek-Frontal Mono Lake,,,Bishop,
S012642,Active,Statements,BLM California State Office,UNSP  AKA 10-13-2B ,Mono,12/23/2025,0.9801,Stockwatering; Fish and Wildlife Preservation and Enhancement,,Cottonwood Canyon-Frontal Mono Lake | 180901010104,Alkali Valley-Frontal Mono Lake,,,Bishop,
S012643,Active,Statements,BLM California State Office,UNSP  AKA 10-13-3B ,Mono,12/23/2025,0.4201,Stockwatering; Fish and Wildlife Preservation and Enhancement,,Cottonwood Canyon-Frontal Mono Lake | 180901010104,Alkali Valley-Frontal Mono Lake,,,Bishop,
S012644,Active,Statements,BLM California State Office,UNSP  AKA 10-13-4B ,Mono,12/23/2025,2.5763,Fish and Wildlife Preservation and Enhancement; Stockwatering,,Clearwater Creek | 160503010102,Headwaters East Walker River,,,Bishop,
S012645,Active,Statements,BLM California State Office,UNSP  AKA 10-13-5B ,Mono,12/23/2025,0.336,Stockwatering; Fish and Wildlife Preservation and Enhancement,,Clearwater Creek | 160503010102,Headwaters East Walker River,,,Bishop,
S012646,Active,Statements,BLM California State Office,UNSP  AKA 10-13-6B ,Mono,12/23/2025,1.1201,Fish and Wildlife Preservation and Enhancement; Stockwatering,,Clearwater Creek | 160503010102,Headwaters East Walker River,,,Bishop,
S012647,Active,Statements,BLM California State Office,UNSP  AKA 10-13-7B ,Mono,12/23/2025,0.9801,Fish and Wildlife Preservation and Enhancement; Stockwatering,,Clearwater Creek | 160503010102,Headwaters East Walker River,,,Bishop,
S012648,Active,Statements,BLM California State Office,UNSP  AKA 10-13-8B ,Mono,12/23/2025,0.8961,Stockwatering; Fish and Wildlife Preservation and Enhancement,,Clearwater Creek | 160503010102,Headwaters East Walker River,,,Bishop,
S012649,Active,Statements,BLM California State Office,UNSP  AKA 10-13-9B ,Mono,12/23/2025,0.4201,Fish and Wildlife Preservation and Enhancement; Stockwatering,,Clearwater Creek | 160503010102,Headwaters East Walker River,,,Bishop,
S012650,Active,Statements,BLM California State Office,UNSP  AKA 10-13-10B ,Mono,12/23/2025,0.5601,Fish and Wildlife Preservation and Enhancement; Stockwatering,,Clearwater Creek | 160503010102,Headwaters East Walker River,,,Bishop,
S012651,Active,Statements,BLM California State Office,UNSP   AKA 10-14-1B ,Mono,12/23/2025,3.3044,Stockwatering; Fish and Wildlife Preservation and Enhancement,,Clearwater Creek | 160503010102,Headwaters East Walker River,,,Bishop,
S012652,Active,Statements,BLM California State Office,UNSP  AKA 10-14-2B ,Mono,12/23/2025,1.0641,Stockwatering; Fish and Wildlife Preservation and Enhancement,,Clearwater Creek | 160503010102,Headwaters East Walker River,,,Bishop,
S012653,Active,Statements,BLM California State Office,UNSP  AKA 10-14-3B ,Mono,12/23/2025,0.5041,Fish and Wildlife Preservation and Enhancement; Stockwatering,,Clearwater Creek | 160503010102,Headwaters East Walker River,,,Bishop,
S012654,Active,Statements,BLM California State Office,UNSP  AKA010-14-4B ,Mono,12/23/2025,0.336,Fish and Wildlife Preservation and Enhancement; Stockwatering,,Clearwater Creek | 160503010102,Headwaters East Walker River,,,Bishop,
S012655,Active,Statements,BLM California State Office,UNSP  AKA 10-14-5B ,Mono,12/23/2025,0.196,Stockwatering; Fish and Wildlife Preservation and Enhancement,,Clearwater Creek | 160503010102,Headwaters East Walker River,,,Bishop,
S012656,Active,Statements,BLM California State Office,UNSP  AKA 10-14-6B ,Mono,12/23/2025,0.5041,Stockwatering; Fish and Wildlife Preservation and Enhancement,,Clearwater Creek | 160503010102,Headwaters East Walker River,,,Bishop,
S012657,Active,Statements,BLM California State Office,UNSP  AKA 10-14-7B ,Mono,12/23/2025,2.0162,Stockwatering; Fish and Wildlife Preservation and Enhancement,,Clearwater Creek | 160503010102,Headwaters East Walker River,,,Bishop,
S012658,Active,Statements,BLM California State Office,UNSP  AKA 10-15-1B ,Mono,12/23/2025,0.5041,Stockwatering; Fish and Wildlife Preservation and Enhancement,,Clearwater Creek | 160503010102,Headwaters East Walker River,,,Bishop,
S012659,Active,Statements,BLM California State Office,UNSP  10-15-2B ,Mono,12/23/2025,0.336,Fish and Wildlife Preservation and Enhancement; Stockwatering,,Clearwater Creek | 160503010102,Headwaters East Walker River,,,Bishop,
S012660,Active,Statements,BLM California State Office,UNSP  10-15-3B ,Mono,12/23/2025,0.336,Fish and Wildlife Preservation and Enhancement; Stockwatering,,Clearwater Creek | 160503010102,Headwaters East Walker River,,,Bishop,
S012661,Active,Statements,BLM California State Office,UNSP  10-15-4B ,Mono,12/23/2025,0.9801,Fish and Wildlife Preservation and Enhancement; Stockwatering,,Clearwater Creek | 160503010102,Headwaters East Walker River,,,Bishop,
S012662,Active,Statements,BLM California State Office,UNSP 10-15-5B ,Mono,12/23/2025,0.252,Fish and Wildlife Preservation and Enhancement; Stockwatering,,Clearwater Creek | 160503010102,Headwaters East Walker River,,,Bishop,
S012663,Active,Statements,BLM California State Office,UNSP  AKA010-15-6B ,Mono,12/23/2025,0.8961,Stockwatering; Fish and Wildlife Preservation and Enhancement,,Clearwater Creek | 160503010102,Headwaters East Walker River,,,Bishop,
S012664,Active,Statements,BLM California State Office,UNSP  AKA 10-15-7B ,Mono,12/23/2025,0.5601,Fish and Wildlife Preservation and Enhancement; Stockwatering,,Clearwater Creek | 160503010102,Headwaters East Walker River,,,Bishop,
S012665,Active,Statements,BLM California State Office,UNSP  AKA 10-15-8B ,Mono,12/23/2025,0.8121,Fish and Wildlife Preservation and Enhancement; Stockwatering,,Clearwater Creek | 160503010102,Headwaters East Walker River,,,Bishop,
S012666,Active,Statements,BLM California State Office,UNSP  AKA 10-15-9B ,Mono,12/23/2025,0.5601,Stockwatering; Fish and Wildlife Preservation and Enhancement,,Cottonwood Canyon-Frontal Mono Lake | 180901010104,Alkali Valley-Frontal Mono Lake,,,Bishop,
S012667,Active,Statements,BLM California State Office,UNSP  AKA 10-15-10B ,Mono,12/23/2025,4.5926,Stockwatering; Fish and Wildlife Preservation and Enhancement,,Cottonwood Canyon-Frontal Mono Lake | 180901010104,Alkali Valley-Frontal Mono Lake,,,Bishop,
S012668,Active,Statements,BLM California State Office,UNSP  AKA 10-15-11B ,Mono,12/23/2025,2.2683,Fish and Wildlife Preservation and Enhancement; Stockwatering,,Cottonwood Canyon-Frontal Mono Lake | 180901010104,Alkali Valley-Frontal Mono Lake,,,Bishop,
S012669,Active,Statements,BLM California State Office,UNSP  AKA 10-15-12B ,Mono,12/23/2025,4.5926,Stockwatering; Fish and Wildlife Preservation and Enhancement,,Cottonwood Canyon-Frontal Mono Lake | 180901010104,Alkali Valley-Frontal Mono Lake,,,Bishop,
S012670,Active,Statements,BLM California State Office,UNSP  AKA 10-15-13B ,Mono,12/23/2025,0.28,Fish and Wildlife Preservation and Enhancement; Stockwatering,,Cottonwood Canyon-Frontal Mono Lake | 180901010104,Alkali Valley-Frontal Mono Lake,,,Bishop,
S012671,Active,Statements,BLM California State Office,UNSP 10-15-14B ,Mono,12/23/2025,0.4201,Stockwatering; Fish and Wildlife Preservation and Enhancement,,Cottonwood Canyon-Frontal Mono Lake | 180901010104,Alkali Valley-Frontal Mono Lake,,,Bishop,
S012672,Active,Statements,BLM California State Office,UNSP  AKA 10-16-1B ,Mono,12/23/2025,5.0708,Stockwatering; Fish and Wildlife Preservation and Enhancement,,Cottonwood Canyon-Frontal Mono Lake | 180901010104,Alkali Valley-Frontal Mono Lake,,,Bishop,
S012673,Active,Statements,BLM California State Office,UNSP  AKA 10-16-2B ,Mono,12/23/2025,0.28,Stockwatering; Fish and Wildlife Preservation and Enhancement,,Cottonwood Canyon-Frontal Mono Lake | 180901010104,Alkali Valley-Frontal Mono Lake,,,Bishop,
S012674,Active,Statements,BLM California State Office,UNSP  AKA 10-16-3B ,Mono,12/23/2025,0.4201,Fish and Wildlife Preservation and Enhancement; Stockwatering,,Cottonwood Canyon-Frontal Mono Lake | 180901010104,Alkali Valley-Frontal Mono Lake,,,Bishop,
S012675,Active,Statements,BLM California State Office,UNSP  AKA 10-16-4B ,Mono,12/23/2025,0.7281,Stockwatering; Fish and Wildlife Preservation and Enhancement,,Cottonwood Canyon-Frontal Mono Lake | 180901010104,Alkali Valley-Frontal Mono Lake,,,Bishop,
S012676,Active,Statements,BLM California State Office,UNSP  AKA 10-16-5B ,Mono,12/23/2025,1.7082,Fish and Wildlife Preservation and Enhancement; Stockwatering,,Cottonwood Canyon-Frontal Mono Lake | 180901010104,Alkali Valley-Frontal Mono Lake,,,Bishop,
S012677,Active,Statements,BLM California State Office,UNSP  AKA 10-16-6B ,Mono,12/23/2025,0.6441,Stockwatering; Fish and Wildlife Preservation and Enhancement,,Cottonwood Canyon-Frontal Mono Lake | 180901010104,Alkali Valley-Frontal Mono Lake,,,Bishop,
S012678,Active,Statements,BLM California State Office,UNSP  AKA 10-16-7B ,Mono,12/23/2025,0.9801,Fish and Wildlife Preservation and Enhancement; Stockwatering,,Cottonwood Canyon-Frontal Mono Lake | 180901010104,Alkali Valley-Frontal Mono Lake,,,Bishop,
S012679,Active,Statements,BLM California State Office,UNSP  AKA 10-16-8B ,Mono,12/23/2025,0.336,Stockwatering; Fish and Wildlife Preservation and Enhancement,,Cottonwood Canyon-Frontal Mono Lake | 180901010104,Alkali Valley-Frontal Mono Lake,,,Bishop,
S012680,Active,Statements,BLM California State Office,UNSP  AKA 10-16-9B ,Mono,12/23/2025,0.196,Fish and Wildlife Preservation and Enhancement; Stockwatering,,Cottonwood Canyon-Frontal Mono Lake | 180901010104,Alkali Valley-Frontal Mono Lake,,,Bishop,
S012681,Active,Statements,BLM California State Office,UNSP  AKA 10-16-10B ,Mono,12/23/2025,0.4761,Fish and Wildlife Preservation and Enhancement; Stockwatering,,Cottonwood Canyon-Frontal Mono Lake | 180901010104,Alkali Valley-Frontal Mono Lake,,,Bishop,
S012682,Active,Statements,BLM California State Office,TRAVERTINE HOT SPRINGS  AKA 10-25-1B ,Mono,12/23/2025,3.7805,Stockwatering; Fish and Wildlife Preservation and Enhancement,,Summers Creek-East Walker River | 160503010105,Headwaters East Walker River,,,Bishop,
S012683,Active,Statements,BLM California State Office,TRAVERTINE HOT SPRINGS  AKA 10-25-2B ,Mono,12/23/2025,0.9801,Fish and Wildlife Preservation and Enhancement; Stockwatering,,Summers Creek-East Walker River | 160503010105,Headwaters East Walker River,,,Bishop,
S012684,Active,Statements,BLM California State Office,TRAVERTINE HOT SPRINGS  AKA 10-25-3B ,Mono,12/23/2025,0.336,Stockwatering; Fish and Wildlife Preservation and Enhancement,,Summers Creek-East Walker River | 160503010105,Headwaters East Walker River,,,Bishop,
S012685,Active,Statements,BLM California State Office,TRAVERTINE HOT SPRINGS  AKA 10-25-4B ,Mono,12/23/2025,0.5041,Fish and Wildlife Preservation and Enhancement; Stockwatering,,Summers Creek-East Walker River | 160503010105,Headwaters East Walker River,,,Bishop,
S012686,Active,Statements,BLM California State Office,TRAVERTINE HOT SPRINGS  AKA 10-25-5B ,Mono,12/23/2025,0.336,Stockwatering; Fish and Wildlife Preservation and Enhancement,,Summers Creek-East Walker River | 160503010105,Headwaters East Walker River,,,Bishop,
S012687,Active,Statements,BLM California State Office,TRAVERTINE HOT SPRINGS  AKA 10-25-6B ,Mono,12/23/2025,1.6242,Fish and Wildlife Preservation and Enhancement; Stockwatering,,Summers Creek-East Walker River | 160503010105,Headwaters East Walker River,,,Bishop,
S012688,Active,Statements,BLM California State Office,TRAVERTINE HOT SPRINGS  10-25-7B ,Mono,12/23/2025,9.055,Fish and Wildlife Preservation and Enhancement; Stockwatering,,Summers Creek-East Walker River | 160503010105,Headwaters East Walker River,,,Bishop,
S012689,Active,Statements,BLM California State Office,TRAVERTINE HOT SPRINGS  AKA 10-25-8B ,Mono,12/23/2025,0.056,Stockwatering; Fish and Wildlife Preservation and Enhancement,,Summers Creek-East Walker River | 160503010105,Headwaters East Walker River,,,Bishop,
S012690,Active,Statements,BLM California State Office,TRAVERTINE HOT SPRINGS  AKA 10-25-9B ,Mono,12/23/2025,0.056,Stockwatering; Fish and Wildlife Preservation and Enhancement,,Summers Creek-East Walker River | 160503010105,Headwaters East Walker River,,,Bishop,
S012691,Active,Statements,BLM California State Office,TRAVERTINE HOT SPRINGS  AKA 10-25-10B ,Mono,12/23/2025,0.4761,Stockwatering; Fish and Wildlife Preservation and Enhancement,,Summers Creek-East Walker River | 160503010105,Headwaters East Walker River,,,Bishop,
S012692,Active,Statements,BLM California State Office,TRAVERTINE HOT SPRINGS  AKA 10-25-11B ,Mono,12/23/2025,1.0081,Fish and Wildlife Preservation and Enhancement; Stockwatering,,Summers Creek-East Walker River | 160503010105,Headwaters East Walker River,,,Bishop,
S012693,Active,Statements,BLM California State Office,TRAVERTINE HOT SPRINGS  AKA 10-25-12B ,Mono,12/23/2025,2.9123,Stockwatering; Fish and Wildlife Preservation and Enhancement,,Summers Creek-East Walker River | 160503010105,Headwaters East Walker River,,,Bishop,
S012694,Active,Statements,BLM California State Office,TRAVERTINE HOT SPRINGS  AKA 10-25-13B ,Mono,12/23/2025,0.056,Stockwatering; Fish and Wildlife Preservation and Enhancement,,Summers Creek-East Walker River | 160503010105,Headwaters East Walker River,,,Bishop,
S012695,Active,Statements,BLM California State Office,TRAVERTINE HOT SPRINGS  AKA 10-25-14B ,Mono,12/23/2025,0.084,Stockwatering; Fish and Wildlife Preservation and Enhancement,,Summers Creek-East Walker River | 160503010105,Headwaters East Walker River,,,Bishop,
S012696,Active,Statements,BLM California State Office,TRAVERTINE HOT SPRINGS  AKA 10-25-15B ,Mono,12/23/2025,2.4083,Fish and Wildlife Preservation and Enhancement; Stockwatering,,Summers Creek-East Walker River | 160503010105,Headwaters East Walker River,,,Bishop,
S012697,Active,Statements,BLM California State Office,TRAVERTINE HOT SPRINGS  AKA 10-25-16B ,Mono,12/23/2025,8.233,Fish and Wildlife Preservation and Enhancement; Stockwatering,,Summers Creek-East Walker River | 160503010105,Headwaters East Walker River,,,Bishop,
S012698,Active,Statements,BLM California State Office,TRAVERTINE HOT SPRINGS  AKA 10-25-17B ,Mono,12/23/2025,0.7281,Fish and Wildlife Preservation and Enhancement; Stockwatering,,Summers Creek-East Walker River | 160503010105,Headwaters East Walker River,,,Bishop,
S012699,Active,Statements,BLM California State Office,TRAVERTINE HOT SPRINGS  AKA 10-25-18B ,Mono,12/23/2025,0.8961,Fish and Wildlife Preservation and Enhancement; Stockwatering,,Summers Creek-East Walker River | 160503010105,Headwaters East Walker River,,,Bishop,
S012700,Active,Statements,BLM California State Office,TRAVERTINE HOT SPRINGS  AKA 10-25-19B ,Mono,12/23/2025,7.6729,Fish and Wildlife Preservation and Enhancement; Stockwatering,,Summers Creek-East Walker River | 160503010105,Headwaters East Walker River,,,Bishop,
S012701,Active,Statements,BLM California State Office,TRAVERTINE HOT SPRINGS AKA  10-25-20B ,Mono,12/23/2025,1.5402,Stockwatering; Fish and Wildlife Preservation and Enhancement,,Summers Creek-East Walker River | 160503010105,Headwaters East Walker River,,,Bishop,
S012702,Active,Statements,BLM California State Office,TRAVERTINE HOT SPRINGS  AKA 10-25-21B ,Mono,12/23/2025,0.8121,Fish and Wildlife Preservation and Enhancement; Stockwatering,,Summers Creek-East Walker River | 160503010105,Headwaters East Walker River,,,Bishop,
S012703,Active,Statements,BLM California State Office,TRAVERTINE HOT SPRINGS  AKA 10-25-22B ,Mono,12/23/2025,1.7082,Fish and Wildlife Preservation and Enhancement; Stockwatering,,Summers Creek-East Walker River | 160503010105,Headwaters East Walker River,,,Bishop,
S012704,Active,Statements,BLM California State Office,TRAVERTINE HOT SPRINGS  AKA 10-25-23B ,Mono,12/23/2025,0.056,Stockwatering; Fish and Wildlife Preservation and Enhancement,,Summers Creek-East Walker River | 160503010105,Headwaters East Walker River,,,Bishop,
S012705,Active,Statements,BLM California State Office,UNSP  AKA 10-26-1B ,Mono,12/23/2025,1.2041,Stockwatering; Fish and Wildlife Preservation and Enhancement,,Summers Creek-East Walker River | 160503010105,Headwaters East Walker River,,,Bishop,
S012706,Active,Statements,BLM California State Office,UNSP  AKA 10-26-2B ,Mono,12/23/2025,0.6441,Stockwatering; Fish and Wildlife Preservation and Enhancement,,Summers Creek-East Walker River | 160503010105,Headwaters East Walker River,,,Bishop,
S012707,Active,Statements,BLM California State Office,UNSP  AKA 10-26-3B ,Mono,12/23/2025,2.4363,Fish and Wildlife Preservation and Enhancement; Stockwatering,,Summers Creek-East Walker River | 160503010105,Headwaters East Walker River,,,Bishop,
S012708,Active,Statements,BLM California State Office,UNSP  AKA 10-26-4B ,Mono,12/23/2025,0.392,Stockwatering; Fish and Wildlife Preservation and Enhancement,,Summers Creek-East Walker River | 160503010105,Headwaters East Walker River,,,Bishop,
S012709,Active,Statements,BLM California State Office,UNSP  AKA 10-26-5B ,Mono,12/23/2025,1.1201,Stockwatering; Fish and Wildlife Preservation and Enhancement,,Summers Creek-East Walker River | 160503010105,Headwaters East Walker River,,,Bishop,
S012710,Active,Statements,BLM California State Office,UNKNOWN,Mono,12/23/2025,0,Stockwatering; Fish and Wildlife Preservation and Enhancement,,Aurora Canyon | 160503010104,Headwaters East Walker River,,,Bishop,
S012711,Active,Statements,BLM California State Office,UNSP  AKA 10-26-7B ,Mono,12/23/2025,0.8961,Fish and Wildlife Preservation and Enhancement; Stockwatering,,Summers Creek-East Walker River | 160503010105,Headwaters East Walker River,,,Bishop,
S012712,Active,Statements,BLM California State Office,UNSP  AKA 10-26-8B ,Mono,12/23/2025,0.7281,Fish and Wildlife Preservation and Enhancement; Stockwatering,,Summers Creek-East Walker River | 160503010105,Headwaters East Walker River,,,Bishop,
S012713,Active,Statements,BLM California State Office,UNSP  AKA 10-26-9B ,Mono,12/23/2025,7.2529,Fish and Wildlife Preservation and Enhancement; Stockwatering,,Summers Creek-East Walker River | 160503010105,Headwaters East Walker River,,,Bishop,
S012714,Active,Statements,BLM California State Office,UNSP  AKA 10-26-10B ,Mono,12/23/2025,0.4201,Stockwatering; Fish and Wildlife Preservation and Enhancement,,Summers Creek-East Walker River | 160503010105,Headwaters East Walker River,,,Bishop,
S012715,Active,Statements,BLM California State Office,UNSP  AKA 10-27-1B ,Mono,12/23/2025,0.056,Fish and Wildlife Preservation and Enhancement; Stockwatering,,Aurora Canyon | 160503010104,Headwaters East Walker River,,,Bishop,
S012716,Active,Statements,BLM California State Office,UNSP  AKA 10-27-2B ,Mono,12/23/2025,4.8446,Fish and Wildlife Preservation and Enhancement; Stockwatering,,Aurora Canyon | 160503010104,Headwaters East Walker River,,,Bishop,
S012717,Active,Statements,BLM California State Office,UNSP  AKA 10-27-3B ,Mono,12/23/2025,0.4201,Stockwatering; Fish and Wildlife Preservation and Enhancement,,Aurora Canyon | 160503010104,Headwaters East Walker River,,,Bishop,
S012718,Active,Statements,BLM California State Office,UNSP  AKA 10-27-4B ,Mono,12/23/2025,1.2041,Stockwatering; Fish and Wildlife Preservation and Enhancement,,Aurora Canyon | 160503010104,Headwaters East Walker River,,,Bishop,
S012719,Active,Statements,BLM California State Office,UNSP  AKA 10-27-5B ,Mono,12/23/2025,1.6242,Fish and Wildlife Preservation and Enhancement; Stockwatering,,Aurora Canyon | 160503010104,Headwaters East Walker River,,,Bishop,
S012720,Active,Statements,BLM California State Office,UNSP  AKA 10-27-6B ,Mono,12/23/2025,0.7281,Stockwatering; Fish and Wildlife Preservation and Enhancement,,Aurora Canyon | 160503010104,Headwaters East Walker River,,,Bishop,
S012721,Active,Statements,BLM California State Office,UNSP  AKA 10-27-7B ,Mono,12/23/2025,0.336,Fish and Wildlife Preservation and Enhancement; Stockwatering,,Aurora Canyon | 160503010104,Headwaters East Walker River,,,Bishop,
S012722,Active,Statements,BLM California State Office,UNSP  AKA 10-27-8B ,Mono,12/23/2025,3.6404,Fish and Wildlife Preservation and Enhancement; Stockwatering,,Aurora Canyon | 160503010104,Headwaters East Walker River,,,Bishop,
S012723,Active,Statements,BLM California State Office,UNSP  AKA 10-27-9B ,Mono,12/23/2025,1.0641,Fish and Wildlife Preservation and Enhancement; Stockwatering,,Aurora Canyon | 160503010104,Headwaters East Walker River,,,Bishop,
S012724,Active,Statements,BLM California State Office,UNSP  AKA 10-27-10B ,Mono,12/23/2025,0.252,Stockwatering; Fish and Wildlife Preservation and Enhancement,,Aurora Canyon | 160503010104,Headwaters East Walker River,,,Bishop,
S012725,Active,Statements,BLM California State Office,UNSP  AKA 10-27-11B ,Mono,12/23/2025,0.14,Stockwatering; Fish and Wildlife Preservation and Enhancement,,Aurora Canyon | 160503010104,Headwaters East Walker River,,,Bishop,
S012726,Active,Statements,BLM California State Office,UNSP  AKA 10-27-12B ,Mono,12/23/2025,54.33,Fish and Wildlife Preservation and Enhancement; Stockwatering,,Aurora Canyon | 160503010104,Headwaters East Walker River,,,Bishop,
S012727,Active,Statements,BLM California State Office,UNSP  AKA 10-27-13B ,Mono,12/23/2025,2.1843,Fish and Wildlife Preservation and Enhancement; Stockwatering,,Aurora Canyon | 160503010104,Headwaters East Walker River,,,Bishop,
S012728,Active,Statements,BLM California State Office,UNSP  AKA 10-27-14B ,Mono,12/23/2025,4.3685,Fish and Wildlife Preservation and Enhancement; Stockwatering,,Aurora Canyon | 160503010104,Headwaters East Walker River,,,Bishop,
S012729,Active,Statements,BLM California State Office,UNSP  AKA 10-27-15B ,Mono,12/23/2025,11.9526,Stockwatering; Fish and Wildlife Preservation and Enhancement,,Aurora Canyon | 160503010104,Headwaters East Walker River,,,Bishop,
S012730,Active,Statements,BLM California State Office,UNSP  AKA 10-27-16B ,Mono,12/23/2025,0.8961,Fish and Wildlife Preservation and Enhancement; Stockwatering,,Aurora Canyon | 160503010104,Headwaters East Walker River,,,Bishop,
S012731,Active,Statements,BLM California State Office,UNSP  AKA 10-27-17B ,Mono,12/23/2025,0.8121,Fish and Wildlife Preservation and Enhancement; Stockwatering,,Aurora Canyon | 160503010104,Headwaters East Walker River,,,Bishop,
S012732,Active,Statements,BLM California State Office,UNSP  AKA 10-27-18B ,Mono,12/23/2025,0.252,Stockwatering; Fish and Wildlife Preservation and Enhancement,,Aurora Canyon | 160503010104,Headwaters East Walker River,,,Bishop,
S012733,Active,Statements,BLM California State Office,UNSP  AKA 10-27-19B ,Mono,12/23/2025,0.4761,Stockwatering; Fish and Wildlife Preservation and Enhancement,,Aurora Canyon | 160503010104,Headwaters East Walker River,,,Bishop,
S012734,Active,Statements,BLM California State Office,UNSP  AKA 10-28-1B ,Mono,12/23/2025,0.336,Fish and Wildlife Preservation and Enhancement; Stockwatering,,Aurora Canyon | 160503010104,Headwaters East Walker River,,,Bishop,
S012735,Active,Statements,BLM California State Office,UNSP  AKA 10-28-2B ,Mono,12/23/2025,0.168,Fish and Wildlife Preservation and Enhancement; Stockwatering,,Clearwater Creek | 160503010102,Headwaters East Walker River,,,Bishop,
S012736,Active,Statements,BLM California State Office,UNSP  AKA 10-28-3B ,Mono,12/23/2025,2.9123,Fish and Wildlife Preservation and Enhancement; Stockwatering,,Clearwater Creek | 160503010102,Headwaters East Walker River,,,Bishop,
S012737,Active,Statements,BLM California State Office,UNSP  AKA 10-29-1B ,Mono,12/23/2025,1.7642,Fish and Wildlife Preservation and Enhancement; Stockwatering,,Clearwater Creek | 160503010102,Headwaters East Walker River,,,Bishop,
S012738,Active,Statements,BLM California State Office,UNSP  AKA 10-29-2B ,Mono,12/23/2025,0.5601,Stockwatering; Fish and Wildlife Preservation and Enhancement,,Clearwater Creek | 160503010102,Headwaters East Walker River,,,Bishop,
S012739,Active,Statements,BLM California State Office,UNSP  AKA 10-29-3B ,Mono,12/23/2025,0.168,Stockwatering; Fish and Wildlife Preservation and Enhancement,,Clearwater Creek | 160503010102,Headwaters East Walker River,,,Bishop,
S012757,Active,Statements,BLM California State Office,UNSP  AKA 9-17-2B ,Inyo,12/23/2025,0.252,Stockwatering; Fish and Wildlife Preservation and Enhancement,,Coyote Canyon-Owens River | 180901030203,Lone Pine Creek-Owens River,,,Ridgecrest,
S012758,Active,Statements,BLM California State Office,UNSP  AKA 9-17-3B ,Inyo,12/23/2025,4.0325,Stockwatering; Fish and Wildlife Preservation and Enhancement,,Coyote Canyon-Owens River | 180901030203,Lone Pine Creek-Owens River,,,Ridgecrest,
S012759,Active,Statements,BLM California State Office,UNSP,Tulare,12/23/2025,0.392,Fish and Wildlife Preservation and Enhancement; Stockwatering,,Middle North Fork Kaweah River | 180300070304,North Fork Kaweah River,,,Bakersfield,
S012760,Active,Statements,BLM California State Office,UNSP,Tulare,12/23/2025,0.392,Fish and Wildlife Preservation and Enhancement; Stockwatering,,Middle Dry Creek | 180300070602,Dry Creek,,,Bakersfield,
S012761,Active,Statements,BLM California State Office,UNSP,Tulare,12/23/2025,0.392,Stockwatering; Fish and Wildlife Preservation and Enhancement,,Middle Dry Creek | 180300070602,Dry Creek,,,Bakersfield,
S012762,Active,Statements,BLM California State Office,UNSP  AKA 9-18-12B ,Inyo,12/23/2025,2.4083,Stockwatering; Fish and Wildlife Preservation and Enhancement,,Long John Canyon-Owens River | 180901030208,Lone Pine Creek-Owens River,,,Ridgecrest,
S012763,Active,Statements,BLM California State Office,UNSP,Tulare,12/23/2025,0.252,Fish and Wildlife Preservation and Enhancement; Stockwatering,,Middle North Fork Kaweah River | 180300070304,North Fork Kaweah River,,,Bakersfield,
S012764,Active,Statements,BLM California State Office,UNSP,Tulare,12/23/2025,1.2041,Stockwatering; Fish and Wildlife Preservation and Enhancement,,Middle Dry Creek | 180300070602,Dry Creek,,,Bakersfield,
S012765,Active,Statements,BLM California State Office,UNSP,Tulare,12/23/2025,1.6242,Fish and Wildlife Preservation and Enhancement; Stockwatering,,Middle Dry Creek | 180300070602,Dry Creek,,,Bakersfield,
S012766,Active,Statements,BLM California State Office,UNSP,Tulare,12/23/2025,0.8121,Stockwatering; Fish and Wildlife Preservation and Enhancement,,Middle Dry Creek | 180300070602,Dry Creek,,,Bakersfield,
S012772,Active,Statements,BLM California State Office,UNSP,Tulare,12/23/2025,0.252,Stockwatering; Fish and Wildlife Preservation and Enhancement,,Lower North Fork Kaweah River | 180300070305,North Fork Kaweah River,,,Bakersfield,
S012774,Active,Statements,BLM California State Office,UNSP,Tulare,12/23/2025,2.4083,Stockwatering; Fish and Wildlife Preservation and Enhancement,,Salt Creek-Kaweah River | 180300070403,Marble Fork Kaweah River-Kaweah River,,,Bakersfield,
S012775,Active,Statements,BLM California State Office,UNSP,Tulare,12/23/2025,0.8121,Stockwatering; Fish and Wildlife Preservation and Enhancement,,Salt Creek-Kaweah River | 180300070403,Marble Fork Kaweah River-Kaweah River,,,Bakersfield,
S012776,Active,Statements,BLM California State Office,UNSP,Tulare,12/23/2025,0.392,Stockwatering; Fish and Wildlife Preservation and Enhancement,,Salt Creek-Kaweah River | 180300070403,Marble Fork Kaweah River-Kaweah River,,,Bakersfield,
S012777,Active,Statements,BLM California State Office,UNSP,Tulare,12/23/2025,0.8121,Stockwatering; Fish and Wildlife Preservation and Enhancement,,Salt Creek-Kaweah River | 180300070403,Marble Fork Kaweah River-Kaweah River,,,Bakersfield,
S012778,Active,Statements,BLM California State Office,UNSP,Tulare,12/23/2025,0.392,Fish and Wildlife Preservation and Enhancement; Stockwatering,,Salt Creek-Kaweah River | 180300070403,Marble Fork Kaweah River-Kaweah River,,,Bakersfield,
S012779,Active,Statements,BLM California State Office,UNSP,Tulare,12/23/2025,1.6242,Fish and Wildlife Preservation and Enhancement; Stockwatering,,Salt Creek-Kaweah River | 180300070403,Marble Fork Kaweah River-Kaweah River,,,Bakersfield,
S012780,Active,Statements,BLM California State Office,UNSP,Tulare,12/23/2025,0.8121,Fish and Wildlife Preservation and Enhancement; Stockwatering,,Salt Creek-Kaweah River | 180300070403,Marble Fork Kaweah River-Kaweah River,,,Bakersfield,
S012781,Active,Statements,BLM California State Office,UNSP,Tulare,12/23/2025,1.6242,Fish and Wildlife Preservation and Enhancement; Stockwatering,,Salt Creek-Kaweah River | 180300070403,Marble Fork Kaweah River-Kaweah River,,,Bakersfield,
S012782,Active,Statements,BLM California State Office,UNSP,Tulare,12/23/2025,0.392,Fish and Wildlife Preservation and Enhancement; Stockwatering,,Salt Creek-Kaweah River | 180300070403,Marble Fork Kaweah River-Kaweah River,,,Bakersfield,
S012783,Active,Statements,BLM California State Office,UNSP,Tulare,12/23/2025,0.252,Stockwatering; Fish and Wildlife Preservation and Enhancement,,Salt Creek-Kaweah River | 180300070403,Marble Fork Kaweah River-Kaweah River,,,Bakersfield,
S012784,Active,Statements,BLM California State Office,UNSP,Tulare,12/23/2025,0.392,Stockwatering; Fish and Wildlife Preservation and Enhancement,,Lower East Fork Kaweah River | 180300070203,East Fork Kaweah River,,,Bakersfield,
S012785,Active,Statements,BLM California State Office,UNSP,Tulare,12/23/2025,0.392,Stockwatering; Fish and Wildlife Preservation and Enhancement,,Lower East Fork Kaweah River | 180300070203,East Fork Kaweah River,,,Bakersfield,
S012786,Active,Statements,BLM California State Office,UNSP,Tulare,12/23/2025,0.8121,Stockwatering; Fish and Wildlife Preservation and Enhancement,,Lower East Fork Kaweah River | 180300070203,East Fork Kaweah River,,,Bakersfield,
S012787,Active,Statements,BLM California State Office,UNSP,Tulare,12/23/2025,0.392,Stockwatering; Fish and Wildlife Preservation and Enhancement,,Lower East Fork Kaweah River | 180300070203,East Fork Kaweah River,,,Bakersfield,
S012788,Active,Statements,BLM California State Office,UNSP,Tulare,12/23/2025,0.392,Fish and Wildlife Preservation and Enhancement; Stockwatering,,Lower East Fork Kaweah River | 180300070203,East Fork Kaweah River,,,Bakersfield,
S012789,Active,Statements,BLM California State Office,UNSP,Tulare,12/23/2025,0.8121,Stockwatering; Fish and Wildlife Preservation and Enhancement,,Lower East Fork Kaweah River | 180300070203,East Fork Kaweah River,,,Bakersfield,
S012790,Active,Statements,BLM California State Office,UNSP,Tulare,12/23/2025,1.6242,Stockwatering; Fish and Wildlife Preservation and Enhancement,,Lower East Fork Kaweah River | 180300070203,East Fork Kaweah River,,,Bakersfield,
S012791,Active,Statements,BLM California State Office,UNSP,Tulare,12/23/2025,0.392,Fish and Wildlife Preservation and Enhancement; Stockwatering,,Lower East Fork Kaweah River | 180300070203,East Fork Kaweah River,,,Bakersfield,
S012792,Active,Statements,BLM California State Office,UNSP,Tulare,12/23/2025,0.8121,Fish and Wildlife Preservation and Enhancement; Stockwatering,,Lower East Fork Kaweah River | 180300070203,East Fork Kaweah River,,,Bakersfield,
S012793,Active,Statements,BLM California State Office,UNSP,Tulare,12/23/2025,0.8121,Stockwatering; Fish and Wildlife Preservation and Enhancement,,Lower East Fork Kaweah River | 180300070203,East Fork Kaweah River,,,Bakersfield,
S012794,Active,Statements,BLM California State Office,UNSP,Tulare,12/23/2025,1.2041,Stockwatering; Fish and Wildlife Preservation and Enhancement,,Lower East Fork Kaweah River | 180300070203,East Fork Kaweah River,,,Bakersfield,
S012799,Active,Statements,BLM California State Office,UNSP,Tulare,12/23/2025,0.8121,Fish and Wildlife Preservation and Enhancement; Stockwatering,,Lower East Fork Kaweah River | 180300070203,East Fork Kaweah River,,,Bakersfield,
S012800,Active,Statements,BLM California State Office,UNSP,Tulare,12/23/2025,0.196,Fish and Wildlife Preservation and Enhancement; Stockwatering,,Salt Creek-Kaweah River | 180300070403,Marble Fork Kaweah River-Kaweah River,,,Bakersfield,
S012802,Active,Statements,BLM California State Office,UNSP,Tulare,12/23/2025,0.392,Stockwatering; Fish and Wildlife Preservation and Enhancement,,Middle South Fork Kaweah River | 180300070502,South Fork Kaweah River,,,Bakersfield,
S012803,Active,Statements,BLM California State Office,UNSP,Tulare,12/23/2025,0.392,Fish and Wildlife Preservation and Enhancement; Stockwatering,,Lower South Fork Kaweah River | 180300070503,South Fork Kaweah River,,,Bakersfield,
S012804,Active,Statements,BLM California State Office,UNSP,Tulare,12/23/2025,1.6242,Fish and Wildlife Preservation and Enhancement; Stockwatering,,Middle South Fork Kaweah River | 180300070502,South Fork Kaweah River,,,Bakersfield,
S012805,Active,Statements,BLM California State Office,UNSP,Tulare,12/23/2025,1.6242,Fish and Wildlife Preservation and Enhancement; Stockwatering,,Middle South Fork Kaweah River | 180300070502,South Fork Kaweah River,,,Bakersfield,
S012806,Active,Statements,BLM California State Office,UNSP,Tulare,12/23/2025,0.8121,Fish and Wildlife Preservation and Enhancement; Stockwatering,,Upper Yokohl Creek | 180300060401,Yokohl Creek,,,Bakersfield,
S012807,Active,Statements,BLM California State Office,UNSP,Tulare,12/23/2025,2.4083,Fish and Wildlife Preservation and Enhancement; Stockwatering,,Upper Yokohl Creek | 180300060401,Yokohl Creek,,,Bakersfield,
S012810,Active,Statements,BLM California State Office,UNSP,Kern,12/23/2025,0.336,Stockwatering; Fish and Wildlife Preservation and Enhancement,,Isabella Lake-Kern River | 180300010607,Bull Run Creek-Kern River,,,Bakersfield,
S012811,Active,Statements,BLM California State Office,UNSP  AKA 8-27-5B ,Mono,12/23/2025,0.8121,Fish and Wildlife Preservation and Enhancement; Stockwatering,,Clearwater Creek | 160503010102,Headwaters East Walker River,,,Bishop,
S012812,Active,Statements,BLM California State Office,UNSP  AKA 8-27-4B ,Mono,12/23/2025,7.5889,Stockwatering; Fish and Wildlife Preservation and Enhancement,,Clearwater Creek | 160503010102,Headwaters East Walker River,,,Bishop,
S012813,Active,Statements,BLM California State Office,UNSP  AKA 8-27-3B ,Mono,12/23/2025,0.8961,Fish and Wildlife Preservation and Enhancement; Stockwatering,,Clearwater Creek | 160503010102,Headwaters East Walker River,,,Bishop,
S012814,Active,Statements,BLM California State Office,UNSP  AKA 8-27-2B ,Mono,12/23/2025,1.2041,Stockwatering; Fish and Wildlife Preservation and Enhancement,,Clearwater Creek | 160503010102,Headwaters East Walker River,,,Bishop,
S012815,Active,Statements,BLM California State Office,UNSP  AKA 8-27-1B ,Mono,12/23/2025,1.4562,Stockwatering; Fish and Wildlife Preservation and Enhancement,,Clearwater Creek | 160503010102,Headwaters East Walker River,,,Bishop,
S012816,Active,Statements,BLM California State Office,UNSP  AKA 10-12-3B ,Mono,12/23/2025,0.5601,Fish and Wildlife Preservation and Enhancement; Stockwatering,,Wilson Creek | 180901010403,Lee Vining Creek-Frontal Mono Lake,,,Bishop,
S012817,Active,Statements,BLM California State Office,UNSP  AKA 10-12-2B ,Mono,12/23/2025,0.9801,Stockwatering; Fish and Wildlife Preservation and Enhancement,,Wilson Creek | 180901010403,Lee Vining Creek-Frontal Mono Lake,,,Bishop,
S012818,Active,Statements,BLM California State Office,UNSP  AKA 10-12-1B ,Mono,12/23/2025,0.6721,Fish and Wildlife Preservation and Enhancement; Stockwatering,,Wilson Creek | 180901010403,Lee Vining Creek-Frontal Mono Lake,,,Bishop,
S012819,Active,Statements,BLM California State Office,UNSP  AKA 8-24-7B ,Mono,12/23/2025,0.4761,Stockwatering; Fish and Wildlife Preservation and Enhancement,,East Slough-West Walker River | 160503020204,Middle West Walker River,,,Bishop,
S012820,Active,Statements,BLM California State Office,UNSP  AKA 8-24-8B ,Mono,12/23/2025,0.8121,Stockwatering; Fish and Wildlife Preservation and Enhancement,,East Slough-West Walker River | 160503020204,Middle West Walker River,,,Bishop,
S012821,Active,Statements,BLM California State Office,UNSP  AKA 8-25-1B ,Mono,12/23/2025,13.7636,Stockwatering; Fish and Wildlife Preservation and Enhancement,,East Slough-West Walker River | 160503020204,Middle West Walker River,,,Bishop,
S012822,Active,Statements,BLM California State Office,UNSP  AKA 8-25-5B ,Mono,12/23/2025,1.8482,Fish and Wildlife Preservation and Enhancement; Stockwatering,,East Slough-West Walker River | 160503020204,Middle West Walker River,,,Bishop,
S012823,Active,Statements,BLM California State Office,UNSP  AKA 8-25-4B ,Mono,12/23/2025,1.6242,Fish and Wildlife Preservation and Enhancement; Stockwatering,,East Slough-West Walker River | 160503020204,Middle West Walker River,,,Bishop,
S012824,Active,Statements,BLM California State Office,UNSP  AKA 8-25-3B ,Mono,12/23/2025,0.5601,Stockwatering; Fish and Wildlife Preservation and Enhancement,,East Slough-West Walker River | 160503020204,Middle West Walker River,,,Bishop,
S012825,Active,Statements,BLM California State Office,UNSP  AKA 8-25-2B ,Mono,12/23/2025,2.0162,Stockwatering; Fish and Wildlife Preservation and Enhancement,,East Slough-West Walker River | 160503020204,Middle West Walker River,,,Bishop,
S012826,Active,Statements,BLM California State Office,UNSP  AKA 8-24-1B ,Mono,12/23/2025,4.5926,Stockwatering; Fish and Wildlife Preservation and Enhancement,,Slinkard Creek | 160503020205,Middle West Walker River,,,Bishop,
S012827,Active,Statements,BLM California State Office,UNSP  AKA 8-24-2B ,Mono,12/23/2025,0.8121,Stockwatering; Fish and Wildlife Preservation and Enhancement,,Slinkard Creek | 160503020205,Middle West Walker River,,,Bishop,
S012828,Active,Statements,BLM California State Office,UNSP  AKA 8-24-3B ,Mono,12/23/2025,0.8121,Fish and Wildlife Preservation and Enhancement; Stockwatering,,Slinkard Creek | 160503020205,Middle West Walker River,,,Bishop,
S012829,Active,Statements,BLM California State Office,UNSP  AKA 8-24-4B ,Mono,12/24/2025,0.168,Stockwatering; Fish and Wildlife Preservation and Enhancement,,Slinkard Creek | 160503020205,Middle West Walker River,,,Bishop,
S012830,Active,Statements,BLM California State Office,UNSP  AKA 8-23-2B ,Mono,12/24/2025,0.252,Stockwatering; Fish and Wildlife Preservation and Enhancement,,Slinkard Creek | 160503020205,Middle West Walker River,,,Bishop,
S012831,Active,Statements,BLM California State Office,UNSP  AKA 8-23-1B ,Mono,12/24/2025,17.0234,Stockwatering; Fish and Wildlife Preservation and Enhancement,,Slinkard Creek | 160503020205,Middle West Walker River,,,Bishop,
S012832,Active,Statements,BLM California State Office,UNSP  AKA 8-23-3B ,Mono,12/24/2025,0.4761,Fish and Wildlife Preservation and Enhancement; Stockwatering,,Slinkard Creek | 160503020205,Middle West Walker River,,,Bishop,
S012833,Active,Statements,BLM California State Office,UNSP  AKA 8-23-4B ,Mono,12/24/2025,1.4562,Fish and Wildlife Preservation and Enhancement; Stockwatering,,Slinkard Creek | 160503020205,Middle West Walker River,,,Bishop,
S012834,Active,Statements,BLM California State Office,UNSP  AKA 8-23-5B ,Mono,12/24/2025,2.4083,Fish and Wildlife Preservation and Enhancement; Stockwatering,,Slinkard Creek | 160503020205,Middle West Walker River,,,Bishop,
S012835,Active,Statements,BLM California State Office,UNSP  AKA 8-23-6B ,Mono,12/24/2025,0.4761,Stockwatering; Fish and Wildlife Preservation and Enhancement,,Slinkard Creek | 160503020205,Middle West Walker River,,,Bishop,
S012836,Active,Statements,BLM California State Office,UNSP,Mono,12/24/2025,0.6441,Fish and Wildlife Preservation and Enhancement; Stockwatering,,Slinkard Creek | 160503020205,Middle West Walker River,,,Bishop,
S012837,Active,Statements,BLM California State Office,UNSP  AKA 8-24-5B ,Mono,12/24/2025,0.6441,Stockwatering; Fish and Wildlife Preservation and Enhancement,,Slinkard Creek | 160503020205,Middle West Walker River,,,Bishop,
S012838,Active,Statements,BLM California State Office,UNSP  AKA 8-24-6B ,Mono,12/24/2025,0.336,Stockwatering; Fish and Wildlife Preservation and Enhancement,,Slinkard Creek | 160503020205,Middle West Walker River,,,Bishop,
S012839,Active,Statements,BLM California State Office,UNSP  AKA 9-18-4B ,Inyo,12/24/2025,16.299,Stockwatering; Fish and Wildlife Preservation and Enhancement,,Lower Rock Creek | 180901020303,Rock Creek,,,Ridgecrest,
S012840,Active,Statements,BLM California State Office,UNSP AKA SHEEPSPRINGS,Lassen,12/24/2025,5.2366,Fish and Wildlife Preservation and Enhancement; Stockwatering,PIT RIVER,Upper Cedar Creek | 180200020201,Cedar Creek,,,Eagle Lake ,
S012841,Active,Statements,BLM California State Office,PIPE SPRING,Lassen,12/24/2025,0.8121,Fish and Wildlife Preservation and Enhancement; Stockwatering,PIT RIVER,Upper Cedar Creek | 180200020201,Cedar Creek,,,Eagle Lake ,
S012842,Active,Statements,BLM California State Office,NOBLE FISH SPRING,Modoc,12/24/2025,1.6242,Stockwatering; Fish and Wildlife Preservation and Enhancement,PIT RIVER,Noble Creek-Pit River | 180200020901,Warm Springs Valley-Pit River,,,Applegate,
S012843,Active,Statements,BLM California State Office,JUOC SPRING,Lassen,12/24/2025,0.392,Stockwatering; Fish and Wildlife Preservation and Enhancement,,Dry Creek | 180800020103,Cold Spring Creek-Madeline Plains,,,Eagle Lake ,
S012844,Active,Statements,BLM California State Office,PYGMY SPRING,Modoc,12/24/2025,0.112,Stockwatering; Fish and Wildlife Preservation and Enhancement,PIT RIVER,Hot Creek-Pit River | 180200020902,Warm Springs Valley-Pit River,,,Applegate,
S012845,Active,Statements,BLM California State Office,TRENCH SPRING,Modoc,12/24/2025,0.056,Fish and Wildlife Preservation and Enhancement; Stockwatering,PIT RIVER,Hot Creek-Pit River | 180200020902,Warm Springs Valley-Pit River,,,Applegate,
S012846,Active,Statements,BLM California State Office,NEOTOMA SPRING,Modoc,12/24/2025,0.4201,Stockwatering; Fish and Wildlife Preservation and Enhancement,PIT RIVER,Hot Creek-Pit River | 180200020902,Warm Springs Valley-Pit River,,,Applegate,
S012847,Active,Statements,BLM California State Office,BLACK DOG SPRING,Modoc,12/24/2025,0.056,Fish and Wildlife Preservation and Enhancement; Stockwatering,PIT RIVER,Upper Canyon Creek | 180200020801,Canyon Creek,,,Applegate,
S012848,Active,Statements,BLM California State Office,LITTLE WATER SPRING,Lassen,12/24/2025,0.056,Stockwatering; Fish and Wildlife Preservation and Enhancement,PIT RIVER,Upper Cedar Creek | 180200020201,Cedar Creek,,,Eagle Lake ,
S012849,Active,Statements,BLM California State Office,WOOD SPRING,Lassen,12/24/2025,0.056,Fish and Wildlife Preservation and Enhancement; Stockwatering,PIT RIVER,Upper Willow Creek | 180200021601,Willow Creek,,,Eagle Lake ,
S012850,Active,Statements,BLM California State Office,UPPER MOUNTAIN SPRING,Modoc,12/24/2025,0.112,Fish and Wildlife Preservation and Enhancement; Stockwatering,PIT RIVER,Linnville Creek-North Fork Pit River | 180200020601,North Fork Pit River,,,Applegate ,
S012851,Active,Statements,BLM California State Office,FOUR PINE SPRING,Modoc,12/24/2025,1.2041,Fish and Wildlife Preservation and Enhancement; Stockwatering,PIT RIVER,Town of Canby-Pit River | 180200021203,Blacks Canyon-Pit River,,,Applegate ,
S012852,Active,Statements,BLM California State Office,CANYON CREEK SPRINGS,Modoc,12/24/2025,4.0325,Fish and Wildlife Preservation and Enhancement; Stockwatering,PIT RIVER,Upper Canyon Creek | 180200020801,Canyon Creek,,,Applegate ,
S012853,Active,Statements,BLM California State Office,LITTLE BUCK SPRINGS,Lassen,12/24/2025,1.6242,Stockwatering; Fish and Wildlife Preservation and Enhancement,PIT RIVER,Upper Cedar Creek | 180200020201,Cedar Creek,,,Eagle Lake,
S012854,Active,Statements,BLM California State Office,CSNR SPRING,Modoc,12/24/2025,0.8121,Stockwatering; Fish and Wildlife Preservation and Enhancement,PIT RIVER,Linnville Creek-North Fork Pit River | 180200020601,North Fork Pit River,,,Applegate ,
S012855,Active,Statements,BLM California State Office,SHERLOCK SPRING,Modoc,12/24/2025,0.8121,Stockwatering; Fish and Wildlife Preservation and Enhancement,PIT RIVER,Donovan Reservoir | 180200020802,Canyon Creek,,,Applegate,
S012856,Active,Statements,BLM California State Office,J O B SPRING,Lassen,12/24/2025,0.5321,Fish and Wildlife Preservation and Enhancement; Stockwatering,PIT RIVER,Holbrook Canyon | 180200021402,Cottonwood Creek-Ash Creek,,,Eagle Lake,
S012857,Active,Statements,BLM California State Office,BIG BUCK SPRING,Lassen,12/24/2025,0.8121,Stockwatering; Fish and Wildlife Preservation and Enhancement,PIT RIVER,Upper Cedar Creek | 180200020201,Cedar Creek,,,Eagle Lake,
S012867,Active,Statements,BLM California State Office,HALLORAN SPRING,San Bernardino,12/24/2025,0.8121,Stockwatering; Fish and Wildlife Preservation and Enhancement,,Halloran Spring-Halloran Wash | 180902082402,Halloran Wash,,,Needles,
S012869,Active,Statements,BLM California State Office,FRANCES SPRING,San Bernardino,12/24/2025,0.8121,Fish and Wildlife Preservation and Enhancement; Stockwatering,,Francis Spring | 180902031106,Upper Kingston Wash,,,Needles,
S012870,Active,Statements,BLM California State Office,GROANER SPRING,San Bernardino,12/24/2025,0,Fish and Wildlife Preservation and Enhancement; Stockwatering,,Wheaton Wash-Frontal Ivanpah Lake | 160600151003,Devil Canyon-Frontal Ivanpah Lake,,,Needles,
S012896,Active,Statements,BLM RIDGECREST FIELD OFFICE,PEACH TREE SPRING,Inyo,12/24/2025,3.9989,Fish and Wildlife Preservation and Enhancement,,Bruce Canyon-Searles Valley | 180902051202,Searles Valley,,,Ridgecrest,
S012897,Active,Statements,BLM California State Office,UNSP,San Diego,12/24/2025,0.9969,Fish and Wildlife Preservation and Enhancement,,Boundary Creek | 181002020203,Upper Carrizo Creek,,,Palm Springs ,
S012898,Active,Statements,BLM California State Office,UNSP,San Diego,12/24/2025,1.501,Fish and Wildlife Preservation and Enhancement,,Boundary Creek | 181002020203,Upper Carrizo Creek,,,Palm Springs ,
S012899,Active,Statements,BLM California State Office,UNSP,San Bernardino,12/24/2025,1.9994,Fish and Wildlife Preservation and Enhancement,,Means Lake | 181001001001,Means Lake-Emerson Lake,,,Palm Springs ,
S012900,Active,Statements,BLM California State Office,UNSP,San Bernardino,12/24/2025,7.9978,Fish and Wildlife Preservation and Enhancement,,Means Lake | 181001001001,Means Lake-Emerson Lake,,,Palm Springs ,
S012940,Active,Statements,BLM California State Office,UNSP,Tulare,12/24/2025,0.392,Fish and Wildlife Preservation and Enhancement; Stockwatering,,Lower Chimney Creek | 180300020402,Chimney Creek,,,Bakersfield,
S012941,Active,Statements,BLM California State Office,UNSP,Tulare,12/24/2025,0.252,Stockwatering; Fish and Wildlife Preservation and Enhancement,,Lower Chimney Creek | 180300020402,Chimney Creek,,,Bakersfield,
S012942,Active,Statements,BLM California State Office,UNSP,Tulare,12/24/2025,2.4083,Stockwatering; Fish and Wildlife Preservation and Enhancement,,Tibbets Creek-South Fork Kern River | 180300020302,Middle South Fork Kern River,,,Bakersfield,
S012477,Active,Statements,BLM California State Office,PANTHER CANYON,San Benito;Siskiyou,12/25/2025,0,Fish and Wildlife Preservation and Enhancement; Stockwatering,Klamath;KLAMATH WATERSHED,James Creek-San Benito River | 180600020503;Shovel Creek | 180102060301,Upper San Benito River;Copco Reservoir-Klamath River,,,Central Coast/Redding,
S012979,Active,Statements,BLM California State Office,UNSP,Mono,12/25/2025,0.056,Stockwatering,,Aurora Canyon | 160503010104,Headwaters East Walker River,,,Bishop,
S012980,Active,Statements,BLM California State Office,,Mono,12/25/2025,0.056,Stockwatering,,Upper Rough Creek | 160503010205,Rough Creek,,,Bishop,
S012981,Active,Statements,BLM California State Office,,Mono,12/25/2025,3.4668,Fish and Wildlife Preservation and Enhancement; Stockwatering,,Upper Rough Creek | 160503010205,Rough Creek,,,Bishop,
S012982,Active,Statements,BLM California State Office,,Mono,12/25/2025,7.0176,Fish and Wildlife Preservation and Enhancement; Stockwatering,,Upper Rough Creek | 160503010205,Rough Creek,,,Bishop,
S012983,Active,Statements,BLM California State Office,,Mono,12/25/2025,1.4506,Fish and Wildlife Preservation and Enhancement; Stockwatering,,Upper Rough Creek | 160503010205,Rough Creek,,,Bishop,
S012984,Active,Statements,BLM California State Office,,Mono,12/25/2025,3.1476,Fish and Wildlife Preservation and Enhancement; Stockwatering,,Grant Lake-Rush Creek | 180901010301,Rush Creek,,,Bishop,
S012985,Active,Statements,BLM California State Office,,Mono,12/25/2025,2.4195,Fish and Wildlife Preservation and Enhancement; Stockwatering,,Aurora Canyon | 160503010104,Headwaters East Walker River,,,Bishop,
S012986,Active,Statements,BLM California State Office,,Mono,12/25/2025,2.5819,Fish and Wildlife Preservation and Enhancement; Stockwatering,,Aurora Canyon | 160503010104,Headwaters East Walker River,,,Bishop,
S012987,Active,Statements,BLM California State Office,,Mono,12/25/2025,1.0473,Stockwatering; Fish and Wildlife Preservation and Enhancement,,Aurora Canyon | 160503010104,Headwaters East Walker River,,,Bishop,
S012988,Active,Statements,BLM California State Office,,Mono,12/25/2025,4.839,Fish and Wildlife Preservation and Enhancement; Stockwatering,,Aurora Canyon | 160503010104,Headwaters East Walker River,,,Bishop,
S012989,Active,Statements,BLM California State Office,,Mono,12/25/2025,0.6049,Stockwatering; Fish and Wildlife Preservation and Enhancement,,Aurora Canyon | 160503010104,Headwaters East Walker River,,,Bishop,
S012990,Active,Statements,BLM California State Office,,Mono,12/25/2025,3.226,Fish and Wildlife Preservation and Enhancement; Stockwatering,,Aurora Canyon | 160503010104,Headwaters East Walker River,,,Bishop,
S012991,Active,Statements,BLM California State Office,,Mono,12/25/2025,0.9689,Fish and Wildlife Preservation and Enhancement; Stockwatering,,Upper Rough Creek | 160503010205,Rough Creek,,,Bishop,
S012992,Active,Statements,BLM California State Office,,Mono,12/25/2025,0.7835,Fish and Wildlife Preservation and Enhancement; Stockwatering,,Upper Bodie Creek | 160503010201,Rough Creek,,,Bishop,
S012993,Active,Statements,BLM California State Office,,Mono,12/25/2025,4.5982,Fish and Wildlife Preservation and Enhancement; Stockwatering,,Upper Rough Creek | 160503010205,Rough Creek,,,Bishop,
S012994,Active,Statements,BLM California State Office,,Mono,12/25/2025,5.4046,Stockwatering; Fish and Wildlife Preservation and Enhancement,,Upper Rough Creek | 160503010205,Rough Creek,,,Bishop,
S012995,Active,Statements,BLM California State Office,,Mono,12/25/2025,0.5265,Stockwatering; Fish and Wildlife Preservation and Enhancement,,Upper Bodie Creek | 160503010201,Rough Creek,,,Bishop,
S012996,Active,Statements,BLM California State Office,,Mono,12/25/2025,0.4032,Fish and Wildlife Preservation and Enhancement; Stockwatering,,Upper Bodie Creek | 160503010201,Rough Creek,,,Bishop,
S012997,Active,Statements,BLM California State Office,,Mono,12/25/2025,0.2408,Fish and Wildlife Preservation and Enhancement; Stockwatering,,Upper Rough Creek | 160503010205,Rough Creek,,,Bishop,
S012998,Active,Statements,BLM California State Office,,Mono,12/25/2025,3.7917,Fish and Wildlife Preservation and Enhancement; Stockwatering,,Upper Rough Creek | 160503010205,Rough Creek,,,Bishop,
S012999,Active,Statements,BLM California State Office,,Mono,12/25/2025,3.0636,Fish and Wildlife Preservation and Enhancement; Stockwatering,,Upper Rough Creek | 160503010205,Rough Creek,,,Bishop,
S013000,Active,Statements,BLM California State Office,,Mono,12/25/2025,2.7443,Fish and Wildlife Preservation and Enhancement; Stockwatering,,Upper Rough Creek | 160503010205,Rough Creek,,,Bishop,
S013001,Active,Statements,BLM California State Office,,Mono,12/25/2025,1.613,Stockwatering; Fish and Wildlife Preservation and Enhancement,,Upper Rough Creek | 160503010205,Rough Creek,,,Bishop,
S013002,Active,Statements,BLM California State Office,,Mono,12/25/2025,2.4195,Fish and Wildlife Preservation and Enhancement,,Upper Rough Creek | 160503010205,Rough Creek,,,Bishop,
S013003,Active,Statements,BLM California State Office,,Mono,12/25/2025,2.4195,Stockwatering; Fish and Wildlife Preservation and Enhancement,,Upper Rough Creek | 160503010205,Rough Creek,,,Bishop,
S013004,Active,Statements,BLM California State Office,,Mono,12/25/2025,120.9748,Fish and Wildlife Preservation and Enhancement; Stockwatering,,Upper Rough Creek | 160503010205,Rough Creek,,,Bishop,
S013005,Active,Statements,BLM California State Office,,Mono,12/25/2025,1.613,Stockwatering; Fish and Wildlife Preservation and Enhancement,,Upper Rough Creek | 160503010205,Rough Creek,,,Bishop,
S013006,Active,Statements,BLM California State Office,,Mono,12/25/2025,4.1949,Stockwatering; Fish and Wildlife Preservation and Enhancement,,Upper Rough Creek | 160503010205,Rough Creek,,,Bishop,
S013007,Active,Statements,BLM California State Office,,Mono,12/25/2025,1.1313,Fish and Wildlife Preservation and Enhancement; Stockwatering,,Upper Rough Creek | 160503010205,Rough Creek,,,Bishop,
S013008,Active,Statements,BLM California State Office,,Mono,12/25/2025,0.3248,Fish and Wildlife Preservation and Enhancement; Stockwatering,,Upper Bodie Creek | 160503010201,Rough Creek,,,Bishop,
S013009,Active,Statements,BLM California State Office,,Mono,12/25/2025,1.613,Fish and Wildlife Preservation and Enhancement; Stockwatering,,Upper Bodie Creek | 160503010201,Rough Creek,,,Bishop,
S013010,Active,Statements,BLM California State Office,,Mono,12/25/2025,28.2516,Stockwatering; Fish and Wildlife Preservation and Enhancement,,Upper Bodie Creek | 160503010201,Rough Creek,,,Bishop,
S013011,Active,Statements,BLM California State Office,,Mono,12/25/2025,23.543,Stockwatering; Fish and Wildlife Preservation and Enhancement,,Upper Bodie Creek | 160503010201,Rough Creek,,,Bishop,
S013012,Active,Statements,BLM California State Office,,Mono,12/25/2025,2.0947,Fish and Wildlife Preservation and Enhancement; Stockwatering,,Upper Rough Creek | 160503010205,Rough Creek,,,Bishop,
S013013,Active,Statements,BLM California State Office,,Mono,12/25/2025,2.9852,Fish and Wildlife Preservation and Enhancement; Stockwatering,,Upper Rough Creek | 160503010205,Rough Creek,,,Bishop,
S013014,Active,Statements,BLM California State Office,,Mono,12/25/2025,11.9526,Stockwatering; Fish and Wildlife Preservation and Enhancement,,Upper Bodie Creek | 160503010201,Rough Creek,,,Bishop,
S013015,Active,Statements,BLM California State Office,,Mono,12/25/2025,3.8925,Fish and Wildlife Preservation and Enhancement; Stockwatering,,Upper Bodie Creek | 160503010201,Rough Creek,,,Bishop,
S013016,Active,Statements,BLM California State Office,,Mono,12/25/2025,4.3573,Stockwatering; Fish and Wildlife Preservation and Enhancement,,Upper Bodie Creek | 160503010201,Rough Creek,,,Bishop,
S013017,Active,Statements,BLM California State Office,,Mono,12/25/2025,0.1232,Stockwatering; Fish and Wildlife Preservation and Enhancement,,Upper Bodie Creek | 160503010201,Rough Creek,,,Bishop,
S013018,Active,Statements,BLM California State Office,,Mono,12/25/2025,0,Stockwatering; Fish and Wildlife Preservation and Enhancement,,Upper Bodie Creek | 160503010201,Rough Creek,,,Bishop,
S013019,Active,Statements,BLM California State Office,,Mono,12/25/2025,1.0473,Stockwatering; Fish and Wildlife Preservation and Enhancement,,Upper Bodie Creek | 160503010201,Rough Creek,,,Bishop,
S013020,Active,Statements,BLM California State Office,,Mono,12/25/2025,1.0473,Stockwatering; Fish and Wildlife Preservation and Enhancement,,Upper Bodie Creek | 160503010201,Rough Creek,,,Bishop,
S013021,Active,Statements,BLM California State Office,,Mono,12/25/2025,1.1313,Stockwatering; Fish and Wildlife Preservation and Enhancement,,180901010106-Frontal Mono Lake | 180901010106,Alkali Valley-Frontal Mono Lake,,,Bishop,
S013022,Active,Statements,BLM California State Office,,Mono,12/25/2025,80.4084,Fish and Wildlife Preservation and Enhancement; Stockwatering,,Convict Creek | 180901020207,Hot Creek-Owens River,,,Bishop,
S013023,Active,Statements,BLM California State Office,,Mono,12/25/2025,0,Stockwatering,North Coast AB2121 Area;,Black Lake-Adobe Valley | 180901010610,Adobe Valley,,,Bishop,
S013024,Active,Statements,BLM California State Office,,Mono,12/25/2025,0.2408,Stockwatering,,Black Lake-Adobe Valley | 180901010610,Adobe Valley,,,Bishop,
S013025,Active,Statements,BLM California State Office,,Mono,12/25/2025,1.3722,Stockwatering,,Black Lake-Adobe Valley | 180901010610,Adobe Valley,,,Bishop,
S013026,Active,Statements,BLM California State Office,,Mono,12/25/2025,0,Stockwatering,,Wilfred Creek-Owens River | 180901020208,Hot Creek-Owens River,,,Bishop,
S013027,Active,Statements,BLM California State Office,,Mono,12/25/2025,7.4993,Stockwatering; Fish and Wildlife Preservation and Enhancement,,Wilfred Creek-Owens River | 180901020208,Hot Creek-Owens River,,,Bishop,
S013028,Active,Statements,BLM California State Office,,Mono,12/25/2025,36.22,Fish and Wildlife Preservation and Enhancement; Stockwatering,,Wilfred Creek-Owens River | 180901020208,Hot Creek-Owens River,,,Bishop,
S013029,Active,Statements,BLM California State Office,,Mono,12/25/2025,2.4195,Fish and Wildlife Preservation and Enhancement; Stockwatering,,Wilfred Creek-Owens River | 180901020208,Hot Creek-Owens River,,,Bishop,
S013034,Active,Statements,BLM California State Office,UNSP AKA  12-11-4C ,Mono,12/25/2025,9.4172,Fish and Wildlife Preservation and Enhancement; Stockwatering,,Wilfred Creek-Owens River | 180901020208,Hot Creek-Owens River,,,Bishop,
S013037,Active,Statements,BLM California State Office,UNSP  AKA 12-9-2C ,Mono,12/25/2025,1.613,Stockwatering; Fish and Wildlife Preservation and Enhancement,,Wilfred Creek-Owens River | 180901020208,Hot Creek-Owens River,,,Bishop,
S013040,Active,Statements,BLM California State Office,UNSP AKA  12-10-1C ,Mono,12/25/2025,8.065,Stockwatering; Fish and Wildlife Preservation and Enhancement,,Wilfred Creek-Owens River | 180901020208,Hot Creek-Owens River,,,Bishop,
S013041,Active,Statements,BLM California State Office,UNSP AKA  9-17-1C ,Mono,12/25/2025,79.684,Fish and Wildlife Preservation and Enhancement; Stockwatering,,Lake Crowley-Owens River | 180901020209,Hot Creek-Owens River,,,Bishop,
S013042,Active,Statements,BLM California State Office,UNSP AKA  9-24-1C ,Mono,12/25/2025,14.488,Stockwatering; Fish and Wildlife Preservation and Enhancement,,Upper Chalfant Valley | 180901020702,Big Pine Creek-Owens River,,,Bishop,
S013043,Active,Statements,BLM California State Office,UNSP,Mono,12/25/2025,15.9368,Domestic; Fish and Wildlife Preservation and Enhancement,,Wilfred Creek-Owens River | 180901020208,Hot Creek-Owens River,,,Bishop,
S013044,Active,Statements,BLM California State Office,UNSP,Mono,12/25/2025,57.952,Fish and Wildlife Preservation and Enhancement; Stockwatering,,Upper Chalfant Valley | 180901020702,Big Pine Creek-Owens River,,,Bishop,
S013045,Active,Statements,BLM California State Office,UNSP AKA  6-11-1C ,Mono,12/25/2025,5.2422,Fish and Wildlife Preservation and Enhancement; Stockwatering,,Lower Chalfant Valley | 180901020703,Big Pine Creek-Owens River,,,Bishop,
S013046,Active,Statements,BLM California State Office,BLM SPRING  9-23-1C ,Mono,12/25/2025,119.526,Fish and Wildlife Preservation and Enhancement; Domestic,,Fish Slough | 180901020701,Big Pine Creek-Owens River,,,Bishop,
S013047,Active,Statements,BLM California State Office,UNSP,Mono,12/25/2025,2.4195,Fish and Wildlife Preservation and Enhancement; Domestic,,Lower Rock Creek | 180901020303,Rock Creek,,,Bishop,
S013049,Active,Statements,BLM California State Office,UNSP AKA  9-11-2C ,Inyo,12/25/2025,47.086,Stockwatering; Fish and Wildlife Preservation and Enhancement,,Rawson Creek-Owens River | 180901020710,Big Pine Creek-Owens River,,,Bakersfield,
S013050,Active,Statements,BLM California State Office,UNSP AKA  9-11-1C ,Inyo,12/25/2025,7.2585,Stockwatering; Fish and Wildlife Preservation and Enhancement,,Rawson Creek-Owens River | 180901020710,Big Pine Creek-Owens River,,,Bakersfield,
S013051,Active,Statements,BLM California State Office,UNSP AKA  9-9-1C ,Inyo,12/25/2025,3.226,Domestic,,Rawson Creek-Owens River | 180901020710,Big Pine Creek-Owens River,,,Bakersfield,
S013052,Active,Statements,BLM California State Office,UNSP,Madera,12/25/2025,0.9689,Stockwatering; Fish and Wildlife Preservation and Enhancement,SAN JOAQUIN RIVER,Millerton Lake-San Joaquin River | 180400061303,Big Sandy Creek-San Joaquin River,,,Bakersfield,
S013053,Active,Statements,BLM California State Office,UNSP,Madera,12/25/2025,0.8121,Fish and Wildlife Preservation and Enhancement; Stockwatering,SAN JOAQUIN RIVER,Millerton Lake-San Joaquin River | 180400061303,Big Sandy Creek-San Joaquin River,,,Bakersfield,
S013054,Active,Statements,BLM California State Office,UNSP,Madera,12/25/2025,10.5038,Fish and Wildlife Preservation and Enhancement; Stockwatering,SAN JOAQUIN RIVER,Millerton Lake-San Joaquin River | 180400061303,Big Sandy Creek-San Joaquin River,,,Bakersfield,
S013055,Active,Statements,BLM California State Office,UNSP,Madera,12/25/2025,1.0081,Fish and Wildlife Preservation and Enhancement,SAN JOAQUIN RIVER,Millerton Lake-San Joaquin River | 180400061303,Big Sandy Creek-San Joaquin River,,,Bakersfield,
S013056,Active,Statements,BLM California State Office,UNSP,Madera,12/25/2025,0.2184,Fish and Wildlife Preservation and Enhancement; Stockwatering,SAN JOAQUIN RIVER,Millerton Lake-San Joaquin River | 180400061303,Big Sandy Creek-San Joaquin River,,,Bakersfield,
S013057,Active,Statements,BLM California State Office,UNSP AKA  9-4-1C ,Inyo,12/25/2025,1.8146,Stockwatering; Domestic; Fish and Wildlife Preservation and Enhancement,,Rawson Creek-Owens River | 180901020710,Big Pine Creek-Owens River,,,Bakersfield,
S013058,Active,Statements,BLM California State Office,MULE SPRING AKA  8-19-3C ,Inyo,12/25/2025,13.7636,Fish and Wildlife Preservation and Enhancement; Domestic,,Tinemaha Reservoir-Owens River | 180901020804,Tinemaha Creek-Owens River,,,Bakersfield,
S013059,Active,Statements,BLM California State Office,UNSP,Madera,12/25/2025,0.8065,Fish and Wildlife Preservation and Enhancement; Stockwatering,SAN JOAQUIN RIVER,Millerton Lake-San Joaquin River | 180400061303,Big Sandy Creek-San Joaquin River,,,Bakersfield,
S013060,Active,Statements,BLM California State Office,UNSP,Madera,12/25/2025,1.4506,Stockwatering; Fish and Wildlife Preservation and Enhancement,SAN JOAQUIN RIVER,Millerton Lake-San Joaquin River | 180400061303,Big Sandy Creek-San Joaquin River,,,Bakersfield,
S013061,Active,Statements,BLM California State Office,UNSP,Fresno,12/25/2025,0.4032,Fish and Wildlife Preservation and Enhancement; Stockwatering,SAN JOAQUIN RIVER,Millerton Lake-San Joaquin River | 180400061303,Big Sandy Creek-San Joaquin River,,,Bakersfield,
S013062,Active,Statements,BLM California State Office,UNSP AKA  8-6-1C ,Inyo,12/25/2025,1.0081,Fish and Wildlife Preservation and Enhancement; Stockwatering,,Bairs Creek | 180901030201,Lone Pine Creek-Owens River,,,Bakersfield,
S013063,Active,Statements,BLM California State Office,UNSP AKA  9-3-1C ,Inyo,12/25/2025,0.1624,Domestic,,Coyote Canyon-Owens River | 180901030203,Lone Pine Creek-Owens River,,,Bakersfield,
S013064,Active,Statements,BLM California State Office,UNSP,Inyo,12/25/2025,27.5272,Stockwatering; Fish and Wildlife Preservation and Enhancement; Domestic,,Coyote Canyon-Owens River | 180901030203,Lone Pine Creek-Owens River,,,Bakersfield,
S013065,Active,Statements,BLM California State Office,UNSP AKA  8-26-2C ,Inyo,12/25/2025,1.0473,Domestic; Fish and Wildlife Preservation and Enhancement; Stockwatering,,Union Wash-Owens River | 180901030205,Lone Pine Creek-Owens River,,,Bakersfield,
S013066,Active,Statements,BLM California State Office,UNSPAKA  8-26-1C ,Inyo,12/25/2025,0.1232,Domestic; Fish and Wildlife Preservation and Enhancement,,Union Wash-Owens River | 180901030205,Lone Pine Creek-Owens River,,,Bakersfield,
S013067,Active,Statements,BLM California State Office,UNSP AKA  8-20-1C ,Inyo,12/25/2025,18.11,Domestic; Fish and Wildlife Preservation and Enhancement,,Union Wash-Owens River | 180901030205,Lone Pine Creek-Owens River,,,Bakersfield,
S013068,Active,Statements,BLM California State Office,UNSP,Inyo,12/25/2025,0.4425,Domestic; Fish and Wildlife Preservation and Enhancement; Stockwatering,,Union Wash-Owens River | 180901030205,Lone Pine Creek-Owens River,,,Bakersfield,
S013069,Active,Statements,BLM California State Office,UNSP AKA  8-19-1C ,Inyo,12/25/2025,0.5657,Fish and Wildlife Preservation and Enhancement; Stockwatering,,Lone Pine Creek | 180901030206,Lone Pine Creek-Owens River,,,Bakersfield,
S013070,Active,Statements,BLM California State Office,UNSP AKA  11-4-1C ,Inyo,12/25/2025,0.1624,Fish and Wildlife Preservation and Enhancement; Stockwatering,,Diaz Creek | 180901030207,Lone Pine Creek-Owens River,,,Bakersfield,
S013071,Active,Statements,BLM California State Office,UNSP,Inyo,12/25/2025,0.9689,Fish and Wildlife Preservation and Enhancement; Stockwatering,,Lone Pine Creek | 180901030206,Lone Pine Creek-Owens River,,,Bakersfield,
S013072,Active,Statements,BLM RIDGECREST FIELD OFFICE,UNSP,Inyo,12/25/2025,0.2408,Fish and Wildlife Preservation and Enhancement; Domestic,,San Lucas Canyon | 180902010904,Salt Lake,,,Bakersfield,
S013073,Active,Statements,BLM California State Office,UNSP AKA  8-13-2C ,Inyo,12/25/2025,4.839,Fish and Wildlife Preservation and Enhancement; Stockwatering,,Lone Pine Creek | 180901030206,Lone Pine Creek-Owens River,,,Bakersfield,
S013074,Active,Statements,BLM California State Office,UNSP AKA  9-18-1C ,Inyo,12/25/2025,1.0473,Fish and Wildlife Preservation and Enhancement; Stockwatering,,Carroll Creek-Owens Lake | 180901030407,Owens Lake,,,Bakersfield,
S013075,Active,Statements,BLM California State Office,UNSP,Inyo,12/25/2025,2.4195,Fish and Wildlife Preservation and Enhancement; Stockwatering,,Diaz Creek | 180901030207,Lone Pine Creek-Owens River,,,Bakersfield,
S013076,Active,Statements,BLM California State Office,UNSP AKA  8-12-1C ,Inyo,12/25/2025,0.5657,Domestic; Fish and Wildlife Preservation and Enhancement,,Carroll Creek-Owens Lake | 180901030407,Owens Lake,,,Bakersfield,
S013077,Active,Statements,BLM California State Office,UNSP,Fresno,12/25/2025,0.1624,Stockwatering; Fish and Wildlife Preservation and Enhancement,,White Creek | 180300120602,Los Gatos Creek,,,Central Coast,
S013078,Active,Statements,BLM California State Office,UNSP,San Benito,12/25/2025,0.1624,Fish and Wildlife Preservation and Enhancement; Stockwatering,,Hernandez Reservoir-San Benito River | 180600020502,Upper San Benito River,,,Central Coast,
S013079,Active,Statements,BLM California State Office,UNSP,Fresno,12/25/2025,0.2016,Fish and Wildlife Preservation and Enhancement; Stockwatering,,Upper Cantua Creek | 180300090601,Cantua Creek-Fresno Slough,,,Central Coast,
S013080,Active,Statements,BLM California State Office,UNSP,Fresno,12/25/2025,7.2585,Fish and Wildlife Preservation and Enhancement; Stockwatering,,Upper Cantua Creek | 180300090601,Cantua Creek-Fresno Slough,,,Central Coast,
S013081,Active,Statements,BLM California State Office,UNSP,Fresno,12/25/2025,1.613,Stockwatering; Fish and Wildlife Preservation and Enhancement,,Headwaters Los Gatos Creek | 180300120601,Los Gatos Creek,,,Central Coast,
S013082,Active,Statements,BLM California State Office,UNSP,Fresno,12/25/2025,2.0162,Stockwatering,,Upper Warthan Creek | 180300120302,Warthan Creek,,,Central Coast,
S013083,Inactive,Statements,BLM California State Office,,Fresno,01/01/1700,0,,,Upper Warthan Creek | 180300120302,Warthan Creek,,,Central Coast,
S013084,Inactive,Statements,BLM California State Office,UNSP,Fresno,4/13/1987,0,,,Lower Warthan Creek | 180300120304,Warthan Creek,,,Central Coast,
S013085,Inactive,Statements,BLM California State Office,,Fresno,4/13/1987,0,,,Middle Warthan Creek | 180300120303,Warthan Creek,,,Central Coast,
S013086,Active,Statements,BLM California State Office,UNSP,Fresno,12/25/2025,0.1848,Stockwatering; Fish and Wildlife Preservation and Enhancement,,Middle Warthan Creek | 180300120303,Warthan Creek,,,Central Coast,
S013087,Active,Statements,BLM California State Office,UNSP,Fresno,12/25/2025,1.613,Stockwatering; Fish and Wildlife Preservation and Enhancement,,Hot Springs Canyon | 180300120301,Warthan Creek,,,Central Coast,
S013088,Active,Statements,BLM California State Office,UNSP,Fresno,12/25/2025,0.8877,Stockwatering; Fish and Wildlife Preservation and Enhancement,,Middle Warthan Creek | 180300120303,Warthan Creek,,,Central Coast,
S013089,Active,Statements,BLM California State Office,UNSP,Tulare,12/25/2025,0.4032,Fish and Wildlife Preservation and Enhancement; Stockwatering,,Lower Chimney Creek | 180300020402,Chimney Creek,,,Central Coast,
S013282,Active,Statements,BLM California State Office,ROONEY SPRING,Modoc,12/26/2025,6.3848,Stockwatering,PIT RIVER,Joseph Creek | 180200020602,North Fork Pit River,,,Applegate,
S013348,Active,Statements,BLM California State Office,UNSP,San Bernardino,12/26/2025,6.452,Other,,Giers Wash-Colorado River | 150301040104,Osborne Wash-Colorado River,,,Palm Springs,
S013395,Active,Statements,BLM California State Office,UNSP,Tulare,12/27/2025,0.4038,Stockwatering; Fish and Wildlife Preservation and Enhancement,,Lower Chimney Creek | 180300020402,Chimney Creek,,,Bakersfield,
S013396,Active,Statements,BLM California State Office,UNSP,Tulare,12/27/2025,2.4195,Fish and Wildlife Preservation and Enhancement; Stockwatering,,Tibbets Creek-South Fork Kern River | 180300020302,Middle South Fork Kern River,,,Bakersfield,
S013558,Active,Statements,BLM ARCATA FIELD OFFICE,BRIDGE CREEK,Humboldt,12/27/2025,8.065,Domestic,North Coast AB2121 Area,Headwaters Mattole River | 180101070202,Mattole River,,,Arcata,
S013822,Active,Statements,BLM California State Office,VOLE HOT SPRING,Inyo,12/30/2025,0,Fish and Wildlife Preservation and Enhancement,;North Coast AB2121 Area,Resting Spring | 180902021804,Chicago Valley,,,Ridgecrest,
S013823,Active,Statements,BLM California State Office,UNSP,Inyo;San Bernardino,12/30/2025,0,Fish and Wildlife Preservation and Enhancement,,180902021803;Yucaipa Creek | 180702030402,Chicago Valley;San Timoteo Wash,,,Ridgecrest,
S013824,Active,Statements,BLM California State Office,NORTH HOT SPRING,Inyo,12/30/2025,0,Fish and Wildlife Preservation and Enhancement,BEAR RIVER;,Tecopa Hot Springs | 180902022004,Tecopa Hot Springs-Amargosa River,,,Ridgecrest,
S013855,Active,Statements,BLM California State Office,UNKNOWN,Lassen,12/30/2025,0,Fish and Wildlife Preservation and Enhancement; Stockwatering,PIT RIVER;DELTA WATERSHEDS;,Holbrook Canyon | 180200021402,Cottonwood Creek-Ash Creek,,,Eagle Lake,
S013890,Active,Statements,BLM California State Office,WHEATON SPRING,San Bernardino,12/30/2025,0,Domestic,,Wheaton Wash-Frontal Ivanpah Lake | 160600151003,Devil Canyon-Frontal Ivanpah Lake,,,Needles,
S013915,Active,Statements,BLM UKIAH FIELD OFFICE,NEW OAK SPRING,Lake,12/30/2025,0,Fish and Wildlife Preservation and Enhancement,CACHE CREEK,Upper Scotts Creek | 180201160102,Scotts Creek,,,Ukiah,
S013979,Active,Statements,BLM California State Office,UNSL,Sacramento,12/30/2025,1.6802,Fish and Wildlife Preservation and Enhancement,SACRAMENTO DELTA;LEGAL DELTA,South Stone Lake-Snodgrass Slough | 180400121002,Snodgrass Slough,,,MLFO,
S013983,Active,Statements,BLM California State Office,COSUMNES RIVER,Sacramento,12/30/2025,1.1201,Fish and Wildlife Preservation and Enhancement,NORTH VALLEY FLOOR,Grizzly Slough-Cosumnes River | 180400130803,Lower Cosumnes River,,,MLFO,
S014017,Inactive,Statements,BLM California State Office,UNSP,San Diego,01/01/1700,0,,SAN JOAQUIN DELTA;LEGAL DELTA;,Buena Vista Creek | 180703030104,Upper San Luis Rey River,,,Palm Springs,
S014018,Inactive,Statements,BLM California State Office,,,01/01/1700,0,,;Klamath,,,,,Palm Springs,
S014019,Inactive,Statements,BLM California State Office,UNSP,San Diego,01/01/1700,0,,PUTAH CREEK;,Buena Vista Creek | 180703030104,Upper San Luis Rey River,,,Palm Springs,
S014020,Inactive,Statements,BLM California State Office,UNSP,San Diego,01/01/1700,0,,,Buena Vista Creek | 180703030104,Upper San Luis Rey River,,,Palm Springs,
S014021,Inactive,Statements,BLM California State Office,UNSP,San Diego,01/01/1700,0,,MIDDLE WEST SIDE;,Buena Vista Creek | 180703030104,Upper San Luis Rey River,,,Palm Springs,
S014022,Inactive,Statements,BLM California State Office,UNSP,San Diego,01/01/1700,0,,,Buena Vista Creek | 180703030104,Upper San Luis Rey River,,,Palm Springs,
S014023,Inactive,Statements,BLM California State Office,GOLDEN SUGAR MINE SPRING,San Diego,01/01/1700,0,,;North Coast AB2121 Area,Banner Creek | 181002030401,Upper San Felipe Creek,,,Palm Springs,
S014024,Inactive,Statements,BLM California State Office,BANNER GRADE SPRING,San Diego,01/01/1700,0,,,Banner Creek | 181002030401,Upper San Felipe Creek,,,Palm Springs,
S014025,Inactive,Statements,BLM California State Office,LOWER CHARIOT SPRING,San Diego,01/01/1700,0,,,Banner Creek | 181002030401,Upper San Felipe Creek,,,Palm Springs,
S014140,Active,Statements,BLM California State Office,MERCED RIVER,Mariposa,12/31/2025,0.0153,Recreational,TEHAMA;MERCED RIVER,Saxon Creek-Merced River | 180400080503,Bear Creek-Merced River,,,MLFO,
S014141,Active,Statements,BLM California State Office,MERCED RIVER,Mariposa,12/31/2025,0.0061,Recreational,SAN JOAQUIN DELTA;LEGAL DELTA;MERCED RIVER,Saxon Creek-Merced River | 180400080503,Bear Creek-Merced River,,,MLFO,
S014142,Active,Statements,BLM California State Office,MERCED RIVER,Mariposa,12/31/2025,0.0061,Recreational,DELTA WATERSHEDS;;MERCED RIVER,Saxon Creek-Merced River | 180400080503,Bear Creek-Merced River,,,MLFO,
S014185,Active,Statements,BLM California State Office,LOST SLOUGH EAST,Sacramento,12/31/2025,0.0038,Fish and Wildlife Preservation and Enhancement,SACRAMENTO DELTA;LEGAL DELTA,South Stone Lake-Snodgrass Slough | 180400121002,Snodgrass Slough,,,MLFO,
S014188,Active,Statements,BLM California State Office,UNSP,San Bernardino,12/31/2025,0,Stockwatering; Fish and Wildlife Preservation and Enhancement,ADJUDICATED GROUND WATER;,Arrastre Canyon | 181001000502,Silver Creek-Rabbit Lake,,,Palm Springs,
S014197,Active,Statements,BLM California State Office,OPAL SPRING,San Bernardino,12/31/2025,0.0209,Fish and Wildlife Preservation and Enhancement,ADJUDICATED GROUND WATER;PIT RIVER,Opal Mountain | 180902070904,Black Canyon,,,Palm Springs,
S014328,Active,Statements,BLM California State Office,MARBLE CREEK,Mono,1/1/2026,1.613,Domestic,,Montgomery Creek-Spring Canyon Creek | 180901020104,Upper Spring Canyon Creek,,,Bishop,
S014571,Active,Statements,BLM California State Office,UNSP,Trinity,1/2/2026,0.72,Fish and Wildlife Preservation and Enhancement,Klamath;North Coast AB2121 Area,Conner Creek Trinity River | 180102111101,Big French Creek-Trinity River,,,Palm Springs,
S014578,Active,Statements,BLM California State Office,UNSP,San Bernardino,1/2/2026,0.0243,Fish and Wildlife Preservation and Enhancement,,One Hole Spring | 181001000604,Rattlesnake Canyon,,,Palm Springs,
S014579,Active,Statements,BLM California State Office,UNSP,San Bernardino,1/2/2026,0.0243,Fish and Wildlife Preservation and Enhancement,,One Hole Spring | 181001000604,Rattlesnake Canyon,,,Ridgecrest,
S014585,Active,Statements,BLM California State Office,TULE SPRING,Inyo,1/2/2026,0.0132,Fish and Wildlife Preservation and Enhancement,UPPER SACRAMENTO;,Tule Spring | 180902021904,California Valley,,,Ridgecrest,
S024403,Active,Statements,BLM California State Office,BUTTE CREEK,Butte,11/5/2025,6.8818,Dust Control,North Coast AB2121 Area,Lake De Sabla-Butte Creek | 180201580202,Middle Butte Creek,,,Redding,
S024669,Active,Statements,BLM California State Office,UNNAMED SPRING,Kern,7/30/2014,0.8065,Stockwatering; Fish and Wildlife Preservation and Enhancement,,Lucas Creek-Kern River | 180300030107,Cottonwood Creek-Kern River,,,Bakersfield,
S026400,Active,Statements,BLM California State Office,UNNAMED SPRING,Humboldt,6/22/2017,0.4293,Irrigation; Domestic,,Salmon Creek | 180101060404,Lower South Fork Eel River,,,Arcata,
S015192,Active,Statements,BLM California State Office,UNSP,San Bernardino,11/24/2025,0.0151,Fish and Wildlife Preservation and Enhancement,,One Hole Spring | 181001000604;Big Bear Lake | 180702030102,Rattlesnake Canyon;Bear Creek,,,Palm Springs,
S015452,Active,Statements,BLM EAGLE LAKE FIELD OFFICE,RUSH CREEK,Lassen,11/13/2025,470.86,Stockwatering; Other; Irrigation,,Rush Creek | 160402030904,Smoke Creek-Frontal Smoke Creek Desert,,,Eagle Lake,
S015453,Active,Statements,BLM EAGLE LAKE FIELD OFFICE,RUSH CREEK,Lassen,11/13/2025,4527.5,Irrigation; Stockwatering,,Rush Creek | 160402030904,Smoke Creek-Frontal Smoke Creek Desert,,,Eagle Lake,
S015986,Active,Statements,BLM California State Office,Battle Creek,Shasta,11/13/2025,0,Fish and Wildlife Preservation and Enhancement; Irrigation,REDDING,Spring Branch-Battle Creek | 180201530302,Battle Creek,,,MLFO,
F008989S,Active,Statements,BLM California State Office,,Lassen,8/12/1976,0,Fish and Wildlife Preservation and Enhancement; Stockwatering,Pit River,Dry Creek | 180200020301,Dry Creek-South Fork Pit River,,,Applegate,
F008991S,Active,Statements,BLM California State Office,,Lassen,12/11/1998,0.7,Stockwatering,"North Coast AB2121 Area,PIT RIVER",Lower Cedar Creek-West Valley Reservoir | 180200020203,Cedar Creek,,,Applegate,
F011318S,Active,Statements,BLM California State Office,Canyon Spring,Riverside,9/13/1983,0,Fish and Wildlife Preservation and Enhancement,,Middle Salt Creek | 181002040605,Salt Creek ,,,Palm Springs,
F011317S,Active,Statements,BLM California State Office,Canyon Spring,Riverside,9/13/1983,0,Fish and Wildlife Preservation and Enhancement,,Middle Salt Creek | 181002040605,Salt Creek ,,,Palm Springs,
F011319S,Active,Federal Claim,BLM California State Office,CHUCKWALLA WELL,Riverside,9/13/1983,0,Fish and Wildlife Preservation and Enhancement,,Chuckwalla Spring | 181001005408,Ship Creek-Ford Dry Lake,,,Palm Springs,
A022008,Active,Appropiative,BLM California State Office,Darby Spring,Mendocino,1/6/1971,0,Domestic,,Lower Tomki Creek | 180101030302,Tomki Creek,,,MLFO,
F004720S,Active,Initial ,BLM California State Office,Horse Theif Springs,San Bernardino,1/1/1969,0,"Fish & Wildlife Preservation and Enhancement, Stockwatering",,Horse Thief Springs | 160600150801,Mesquite Valley ,,,Needles,
F011163S,Active,Statements,BLM California State Office,Lone Tree Springs,San Bernardino,4/22/1986,0,Stockwatering,,Francis Spring | 180902031106,Upper Kingston Wash,,,Needles,
A028322,Active,Licensed ,BLM California State Office,DARBY SPRING,Mendocino,1/6/1971,0.1,Domestic,Migrated data from old WRIMS system.,Lower Tomki Creek | 180101030302,Tomki Creek,,,Arcada,
S014142,Active,Statements,BLM California State Office,MERCED RIVER,Mariposa,1/6/1994,0.4,Recreational,"DELTA WATERSHEDS,,MERCED RIVER",Saxon Creek-Merced River | 180400080503,Bear Creek-Merced River,,,MLFO,
S014140,Active,Statements,BLM California State Office,MERCED RIVER,Mariposa,1/6/1994,0,Recreation ,"TEHAMA,MERCED RIVER",Saxon Creek-Merced River | 180400080503,Bear Creek-Merced River,,,MLFO,
S014141,Active,Statements,BLM California State Office,MERCED RIVER,Mariposa,1/6/1994,0,Recreational ,"San Joaquin Delta, Legal Delta, Merced River",Lower Tomki Creek | 180101030302,Tomki Creek,,,MLFO,
