"OBJECTID","stationid","stationurl","stageurl","flowurl","graphurl","org","stage_ft","flow_cfs","status","lastupdate","name","governing_location","lastupdate_age","statusClass","status_full","status_24h","status_48h","status_72h"
17,"08907","https://alert.fcd.maricopa.gov/alert/Flow/8907.htm",,,"https://alert.fcd.maricopa.gov/php/getplotimage3.php?pointNumid=08907&displayPeriod=7d","Maricopa County",0,0,"",1781722800000,"Phoenix Dam 2A","AZ, USA",0,-1,,,,
18,"09807","https://alert.fcd.maricopa.gov/alert/Flow/9807.htm",,,"https://alert.fcd.maricopa.gov/php/getplotimage3.php?pointNumid=09807&displayPeriod=7d","Maricopa County",0.12,0,"",1781722800000,"Dreamy Draw Dam","AZ, USA",0,-1,,,,
19,"09907","https://alert.fcd.maricopa.gov/alert/Flow/9907.htm",,,"https://alert.fcd.maricopa.gov/php/getplotimage3.php?pointNumid=09907&displayPeriod=7d","Maricopa County",0,0,"",1781722800000,"Phoenix Dam 2B","AZ, USA",0,-1,,,,
26,"12207","https://alert.fcd.maricopa.gov/alert/Flow/12207.htm",,,"https://alert.fcd.maricopa.gov/php/getplotimage3.php?pointNumid=12207&displayPeriod=7d","Maricopa County",0.1,0,"",1781722800000,"Phoenix Dam #4","AZ, USA",0,-1,,,,
28,"12707","https://alert.fcd.maricopa.gov/alert/Flow/12707.htm",,,"https://alert.fcd.maricopa.gov/php/getplotimage3.php?pointNumid=12707&displayPeriod=7d","Maricopa County",0,0,"",1781722800000,"Phoenix Dam #99","AZ, USA",0,-1,,,,
29,"13007","https://alert.fcd.maricopa.gov/alert/Flow/13007.htm",,,"https://alert.fcd.maricopa.gov/php/getplotimage3.php?pointNumid=13007&displayPeriod=7d","Maricopa County",0.1,0,"",1781722800000,"Phoenix East Park Dam","AZ, USA",0,-1,,,,
31,"13507","https://alert.fcd.maricopa.gov/alert/Flow/13507.htm",,,"https://alert.fcd.maricopa.gov/php/getplotimage3.php?pointNumid=13507&displayPeriod=7d","Maricopa County",0.1,0,"",1781722800000,"Phoenix West Park Dam","AZ, USA",0,-1,,,,
39,"19507","https://alert.fcd.maricopa.gov/alert/Flow/19507.htm",,,"https://alert.fcd.maricopa.gov/php/getplotimage3.php?pointNumid=19507&displayPeriod=7d","Maricopa County",1.02,1.72,"",1781722800000,"Cave Buttes Dam Outlet","AZ, USA",0,-1,,,,
40,"19517","https://alert.fcd.maricopa.gov/alert/Flow/19517.htm",,,"https://alert.fcd.maricopa.gov/php/getplotimage3.php?pointNumid=19517&displayPeriod=7d","Maricopa County",1.9,0,"",1781722800000,"Cave Buttes Dam Pool","AZ, USA",0,-1,,,,
113,"53007","https://alert.fcd.maricopa.gov/alert/Flow/53007.htm",,,"https://alert.fcd.maricopa.gov/php/getplotimage3.php?pointNumid=53007&displayPeriod=7d","Maricopa County",0.19,0,"",1781722800000,"Casandro Wash Dam","AZ, USA",0,-1,,,,
127,"59007","https://alert.fcd.maricopa.gov/alert/Flow/59007.htm",,,"https://alert.fcd.maricopa.gov/php/getplotimage3.php?pointNumid=59007&displayPeriod=7d","Maricopa County",0.8,0,"",1781722800000,"Lake Margherite","AZ, USA",0,-1,,,,
134,"61207","https://alert.fcd.maricopa.gov/alert/Flow/61207.htm",,,"https://alert.fcd.maricopa.gov/php/getplotimage3.php?pointNumid=61207&displayPeriod=7d","Maricopa County",0.15,0,"",1781722800000,"Reata Pass Dam","AZ, USA",0,-1,,,,
138,"62007","https://alert.fcd.maricopa.gov/alert/Flow/62007.htm",,,"https://alert.fcd.maricopa.gov/php/getplotimage3.php?pointNumid=62007&displayPeriod=7d","Maricopa County",0.68,0,"",1781722800000,"New River Dam Outlet","AZ, USA",0,-1,,,,
139,"62017","https://alert.fcd.maricopa.gov/alert/Flow/62017.htm",,,"https://alert.fcd.maricopa.gov/php/getplotimage3.php?pointNumid=62017&displayPeriod=7d","Maricopa County",2.88,0,"",1781722800000,"New River Dam Pool","AZ, USA",0,-1,,,,
143,"63307","https://alert.fcd.maricopa.gov/alert/Flow/63307.htm",,,"https://alert.fcd.maricopa.gov/php/getplotimage3.php?pointNumid=63307&displayPeriod=7d","Maricopa County",11.7,0,"",1747834980000,"Whitlow Ranch Dam","AZ, USA",4320,-1,,,,
149,"65007","https://alert.fcd.maricopa.gov/alert/Flow/65007.htm",,,"https://alert.fcd.maricopa.gov/php/getplotimage3.php?pointNumid=65007&displayPeriod=7d","Maricopa County",0.22,0,"",1781722800000,"Adobe Dam Outlet","AZ, USA",0,-1,,,,
150,"65017","https://alert.fcd.maricopa.gov/alert/Flow/65017.htm",,,"https://alert.fcd.maricopa.gov/php/getplotimage3.php?pointNumid=65017&displayPeriod=7d","Maricopa County",3,0,"",1781722800000,"Adobe Dam Pool","AZ, USA",0,-1,,,,
173,"71507","https://alert.fcd.maricopa.gov/alert/Flow/71507.htm",,,"https://alert.fcd.maricopa.gov/php/getplotimage3.php?pointNumid=71507&displayPeriod=7d","Maricopa County",0.35,0,"",1781722800000,"McMicken Dam @ Bell Rd.","AZ, USA",0,-1,,,,
174,"71707","https://alert.fcd.maricopa.gov/alert/Flow/71707.htm",,,"https://alert.fcd.maricopa.gov/php/getplotimage3.php?pointNumid=71707&displayPeriod=7d","Maricopa County",1.6,0,"",1781722800000,"McMicken Dam","AZ, USA",0,-1,,,,
183,"77307","https://alert.fcd.maricopa.gov/alert/Flow/77307.htm",,,"https://alert.fcd.maricopa.gov/php/getplotimage3.php?pointNumid=77307&displayPeriod=7d","Maricopa County",1.3,0,"",1781722800000,"Stone Ridge Dam","AZ, USA",0,-1,,,,
184,"77507","https://alert.fcd.maricopa.gov/alert/Flow/77507.htm",,,"https://alert.fcd.maricopa.gov/php/getplotimage3.php?pointNumid=77507&displayPeriod=7d","Maricopa County",1.2,0,"",1781722800000,"Sun Ridge Canyon Dam","AZ, USA",0,-1,,,,
185,"78007","https://alert.fcd.maricopa.gov/alert/Flow/78007.htm",,,"https://alert.fcd.maricopa.gov/php/getplotimage3.php?pointNumid=78007&displayPeriod=7d","Maricopa County",7.15,589.71,"",1781723520000,"Golden Eagle Park Dam","AZ, USA",0,-1,,,,
186,"78207","https://alert.fcd.maricopa.gov/alert/Flow/78207.htm",,,"https://alert.fcd.maricopa.gov/php/getplotimage3.php?pointNumid=78207&displayPeriod=7d","Maricopa County",0.25,0,"",1781722800000,"North Heights Dam","AZ, USA",0,-1,,,,
187,"78707","https://alert.fcd.maricopa.gov/alert/Flow/78707.htm",,,"https://alert.fcd.maricopa.gov/php/getplotimage3.php?pointNumid=78707&displayPeriod=7d","Maricopa County",0.33,0,"",1781722800000,"Aspen Dam","AZ, USA",0,-1,,,,
188,"79007","https://alert.fcd.maricopa.gov/alert/Flow/79007.htm",,,"https://alert.fcd.maricopa.gov/php/getplotimage3.php?pointNumid=79007&displayPeriod=7d","Maricopa County",0.79,0,"",1781722800000,"Hesperus Dam","AZ, USA",0,-1,,,,
209,"CAN01AD003",,"https://dd.weather.gc.ca/today/hydrometric/csv/NB/hourly/NB_01AD003_hourly_hydrometric.csv","https://dd.weather.gc.ca/today/hydrometric/csv/NB/hourly/NB_01AD003_hourly_hydrometric.csv",,"Meteorological Service of Canada",3.86154868,755.733938,"",1.781721e+12,"ST. FRANCIS RIVER AT OUTLET OF GLASIER LAKE","NB, Canada",0,-1,,,,
244,"CAN01AR011",,"https://dd.weather.gc.ca/today/hydrometric/csv/NB/hourly/NB_01AR011_hourly_hydrometric.csv","https://dd.weather.gc.ca/today/hydrometric/csv/NB/hourly/NB_01AR011_hourly_hydrometric.csv",,"Meteorological Service of Canada",428.85171976,103.8251298,"",1.781721e+12,"FOREST CITY STREAM BELOW FOREST CITY DAM","NB, Canada",0,-1,,,,
291,"CAN02BA006",,"https://dd.weather.gc.ca/today/hydrometric/csv/ON/hourly/ON_02BA006_hourly_hydrometric.csv","https://dd.weather.gc.ca/today/hydrometric/csv/ON/hourly/ON_02BA006_hourly_hydrometric.csv",,"Meteorological Service of Canada",24.44553884,628.601126,"",1781720700000,"STEEL RIVER BELOW SANTOY LAKE","ON, Canada",0,-1,,,,
310,"CAN02CD006",,"https://dd.weather.gc.ca/today/hydrometric/csv/ON/hourly/ON_02CD006_hourly_hydrometric.csv","https://dd.weather.gc.ca/today/hydrometric/csv/ON/hourly/ON_02CD006_hourly_hydrometric.csv",,"Meteorological Service of Canada",20.13123424,66.3915796,"",1.781721e+12,"SERPENT RIVER ABOVE QUIRKE LAKE","ON, Canada",0,-1,,,,
318,"CAN02CF012",,"https://dd.weather.gc.ca/today/hydrometric/csv/ON/hourly/ON_02CF012_hourly_hydrometric.csv","https://dd.weather.gc.ca/today/hydrometric/csv/ON/hourly/ON_02CF012_hourly_hydrometric.csv",,"Meteorological Service of Canada",9.268373,148.6747607,"",1781721600000,"JUNCTION CREEK BELOW KELLEY LAKE","ON, Canada",0,-1,,,,
328,"CAN02DC013",,"https://dd.weather.gc.ca/today/hydrometric/csv/ON/hourly/ON_02DC013_hourly_hydrometric.csv","https://dd.weather.gc.ca/today/hydrometric/csv/ON/hourly/ON_02DC013_hourly_hydrometric.csv",,"Meteorological Service of Canada",7.79855668,12.28950516,"",1781721600000,"LITTLE STURGEON RIVER BELOW BOOTH LAKE","ON, Canada",0,-1,,,,
336,"CAN02DD017",,"https://dd.weather.gc.ca/today/hydrometric/csv/ON/hourly/ON_02DD017_hourly_hydrometric.csv","https://dd.weather.gc.ca/today/hydrometric/csv/ON/hourly/ON_02DD017_hourly_hydrometric.csv",,"Meteorological Service of Canada",619.44555788,515.594182,"",1781721300000,"FRENCH RIVER AT CHAUDIERE DAM","ON, Canada",0,-1,,,,
345,"CAN02EA010",,"https://dd.weather.gc.ca/today/hydrometric/csv/ON/hourly/ON_02EA010_hourly_hydrometric.csv","https://dd.weather.gc.ca/today/hydrometric/csv/ON/hourly/ON_02EA010_hourly_hydrometric.csv",,"Meteorological Service of Canada",4.77690304,53.3251517,"",1781720700000,"NORTH MAGNETAWAN RIVER ABOVE PICKEREL LAKE","ON, Canada",0,-1,,,,
352,"CAN02EA021",,"https://dd.weather.gc.ca/today/hydrometric/csv/ON/hourly/ON_02EA021_hourly_hydrometric.csv","https://dd.weather.gc.ca/today/hydrometric/csv/ON/hourly/ON_02EA021_hourly_hydrometric.csv",,"Meteorological Service of Canada",20.2427828,39.1992837,"",1781720400000,"SHAWANAGA RIVER BELOW SHAWANAGA LAKE","ON, Canada",0,-1,,,,
431,"CAN02FF008",,"https://dd.weather.gc.ca/today/hydrometric/csv/ON/hourly/ON_02FF008_hourly_hydrometric.csv","https://dd.weather.gc.ca/today/hydrometric/csv/ON/hourly/ON_02FF008_hourly_hydrometric.csv",,"Meteorological Service of Canada",35.73819012,58.6223522,"",1781692200000,"PARKHILL CREEK ABOVE PARKHILL RESERVOIR","ON, Canada",8,-1,,,,
445,"CAN02GA016",,"https://dd.weather.gc.ca/today/hydrometric/csv/ON/hourly/ON_02GA016_hourly_hydrometric.csv","https://dd.weather.gc.ca/today/hydrometric/csv/ON/hourly/ON_02GA016_hourly_hydrometric.csv",,"Meteorological Service of Canada",5.35105004,181.1642571,"",1781719800000,"GRAND RIVER BELOW SHAND DAM","ON, Canada",1,-1,,,,
482,"CAN02GD003",,"https://dd.weather.gc.ca/today/hydrometric/csv/ON/hourly/ON_02GD003_hourly_hydrometric.csv","https://dd.weather.gc.ca/today/hydrometric/csv/ON/hourly/ON_02GD003_hourly_hydrometric.csv",,"Meteorological Service of Canada",20.56430512,198.4684454,"",1781721900000,"NORTH THAMES RIVER BELOW FANSHAWE DAM","ON, Canada",0,-1,,,,
544,"CAN02HB032",,"https://dd.weather.gc.ca/today/hydrometric/csv/ON/hourly/ON_02HB032_hourly_hydrometric.csv","https://dd.weather.gc.ca/today/hydrometric/csv/ON/hourly/ON_02HB032_hourly_hydrometric.csv",,"Meteorological Service of Canada",3.62204736,12.11293181,"",1781721900000,"MOUNTSBERG CREEK BELOW MOUNTSBERG RESERVOIR","ON, Canada",0,-1,,,,
633,"CAN02JE028",,"https://dd.weather.gc.ca/hydrometric/csv/ON/hourly/ON_02JE028_hourly_hydrometric.csv","https://dd.weather.gc.ca/hydrometric/csv/ON/hourly/ON_02JE028_hourly_hydrometric.csv",,"Meteorological Service of Canada",13.59252012,258.1502377,"",1620145500000,"NET CREEK BELOW NET LAKE","ON, Canada",,-1,,,,
650,"CAN02KF016",,"https://dd.weather.gc.ca/today/hydrometric/csv/ON/hourly/ON_02KF016_hourly_hydrometric.csv","https://dd.weather.gc.ca/today/hydrometric/csv/ON/hourly/ON_02KF016_hourly_hydrometric.csv",,"Meteorological Service of Canada",27.52296676,27.72201595,"",1781721300000,"MISSISSIPPI RIVER BELOW MARBLE LAKE","ON, Canada",0,-1,,,,
652,"CAN02KF018",,"https://dd.weather.gc.ca/today/hydrometric/csv/ON/hourly/ON_02KF018_hourly_hydrometric.csv","https://dd.weather.gc.ca/today/hydrometric/csv/ON/hourly/ON_02KF018_hourly_hydrometric.csv",,"Meteorological Service of Canada",3.4940946,68.8636065,"",1.781721e+12,"FALL RIVER AT OUTLET OF BENNETT LAKE","ON, Canada",0,-1,,,,
653,"CAN02KF019",,"https://dd.weather.gc.ca/today/hydrometric/csv/ON/hourly/ON_02KF019_hourly_hydrometric.csv","https://dd.weather.gc.ca/today/hydrometric/csv/ON/hourly/ON_02KF019_hourly_hydrometric.csv",,"Meteorological Service of Canada",20.1935702,257.4439443,"",1.781721e+12,"MISSISSIPPI RIVER AT OUTLET OF DALHOUSIE LAKE","ON, Canada",0,-1,,,,
700,"CAN02YK002",,"https://dd.weather.gc.ca/today/hydrometric/csv/NL/hourly/NL_02YK002_hourly_hydrometric.csv","https://dd.weather.gc.ca/today/hydrometric/csv/NL/hourly/NL_02YK002_hourly_hydrometric.csv",,"Meteorological Service of Canada",3.43175864,339.7271254,"",1781716200000,"LEWASEECHJEECH BROOK AT LITTLE GRAND LAKE","NL, Canada",2,-1,,,,
712,"CAN02YM004",,"https://dd.weather.gc.ca/today/hydrometric/csv/NL/hourly/NL_02YM004_hourly_hydrometric.csv","https://dd.weather.gc.ca/today/hydrometric/csv/NL/hourly/NL_02YM004_hourly_hydrometric.csv",,"Meteorological Service of Canada",11.83727072,236.608289,"",1781716200000,"INDIAN BROOK DIVERSION ABOVE BIRCHY LAKE","NL, Canada",2,-1,,,,
713,"CAN02YN002",,"https://dd.weather.gc.ca/today/hydrometric/csv/NL/hourly/NL_02YN002_hourly_hydrometric.csv","https://dd.weather.gc.ca/today/hydrometric/csv/NL/hourly/NL_02YN002_hourly_hydrometric.csv",,"Meteorological Service of Canada",4.17979016,239.0803159,"",1781715900000,"LLOYDS RIVER BELOW KING GEORGE IV LAKE","NL, Canada",2,-1,,,,
714,"CAN02YN004",,"https://dd.weather.gc.ca/today/hydrometric/csv/NL/hourly/NL_02YN004_hourly_hydrometric.csv","https://dd.weather.gc.ca/today/hydrometric/csv/NL/hourly/NL_02YN004_hourly_hydrometric.csv",,"Meteorological Service of Canada",4.57021012,214.3600469,"",1781716500000,"STAR BROOK ABOVE STAR LAKE","NL, Canada",2,-1,,,,
772,"CAN03OA005",,"https://dd.weather.gc.ca/today/hydrometric/csv/NL/hourly/NL_03OA005_hourly_hydrometric.csv","https://dd.weather.gc.ca/today/hydrometric/csv/NL/hourly/NL_03OA005_hourly_hydrometric.csv",,"Meteorological Service of Canada",10.70538092,1550.314013,"",1781719500000,"WABUSH LAKE AT LAKE OUTLET","NL, Canada",1,-1,,,,
795,"CAN04CA002",,"https://dd.weather.gc.ca/today/hydrometric/csv/ON/hourly/ON_04CA002_hourly_hydrometric.csv","https://dd.weather.gc.ca/today/hydrometric/csv/ON/hourly/ON_04CA002_hourly_hydrometric.csv",,"Meteorological Service of Canada",94.92782456,25108.73037,"",1781720100000,"SEVERN RIVER AT OUTLET OF MUSKRAT DAM LAKE","ON, Canada",1,-1,,,,
798,"CAN04CA005",,"https://dd.weather.gc.ca/today/hydrometric/csv/ON/hourly/ON_04CA005_hourly_hydrometric.csv","https://dd.weather.gc.ca/today/hydrometric/csv/ON/hourly/ON_04CA005_hourly_hydrometric.csv",,"Meteorological Service of Canada",95.37073796,1409.055333,"",1781720700000,"FLANAGAN RIVER AT OUTLET OF NORTH SPIRIT LAKE","ON, Canada",0,-1,,,,
799,"CAN04CB001",,"https://dd.weather.gc.ca/today/hydrometric/csv/ON/hourly/ON_04CB001_hourly_hydrometric.csv","https://dd.weather.gc.ca/today/hydrometric/csv/ON/hourly/ON_04CB001_hourly_hydrometric.csv",,"Meteorological Service of Canada",93.97310012,8228.31811,"",1781720700000,"WINDIGO RIVER ABOVE MUSKRAT DAM LAKE","ON, Canada",0,-1,,,,
800,"CAN04DA001",,"https://dd.weather.gc.ca/today/hydrometric/csv/ON/hourly/ON_04DA001_hourly_hydrometric.csv","https://dd.weather.gc.ca/today/hydrometric/csv/ON/hourly/ON_04DA001_hourly_hydrometric.csv",,"Meteorological Service of Canada",43.6187678,3672.72568,"",1781720700000,"PIPESTONE RIVER AT KARL LAKE","ON, Canada",0,-1,,,,
802,"CAN04DB001",,"https://dd.weather.gc.ca/today/hydrometric/csv/ON/hourly/ON_04DB001_hourly_hydrometric.csv","https://dd.weather.gc.ca/today/hydrometric/csv/ON/hourly/ON_04DB001_hourly_hydrometric.csv",,"Meteorological Service of Canada",49.47834804,10876.91836,"",1781720700000,"ASHEWEIG RIVER AT STRAIGHT LAKE","ON, Canada",0,-1,,,,
804,"CAN04DC002",,"https://dd.weather.gc.ca/today/hydrometric/csv/ON/hourly/ON_04DC002_hourly_hydrometric.csv","https://dd.weather.gc.ca/today/hydrometric/csv/ON/hourly/ON_04DC002_hourly_hydrometric.csv",,"Meteorological Service of Canada",90.879268,2966.43228,"",1781720700000,"SHAMATTAWA RIVER AT OUTLET OF SHAMATTAWA LAKE","ON, Canada",0,-1,,,,
806,"CAN04FA001",,"https://dd.weather.gc.ca/today/hydrometric/csv/ON/hourly/ON_04FA001_hourly_hydrometric.csv","https://dd.weather.gc.ca/today/hydrometric/csv/ON/hourly/ON_04FA001_hourly_hydrometric.csv",,"Meteorological Service of Canada",1080.74478524,7204.19268,"",1.781721e+12,"OTOSKWIN RIVER BELOW BADESDAWA LAKE","ON, Canada",0,-1,,,,
808,"CAN04FA003",,"https://dd.weather.gc.ca/today/hydrometric/csv/ON/hourly/ON_04FA003_hourly_hydrometric.csv","https://dd.weather.gc.ca/today/hydrometric/csv/ON/hourly/ON_04FA003_hourly_hydrometric.csv",,"Meteorological Service of Canada",43.12336096,3135.942696,"",1781720700000,"PINEIMUTA RIVER AT EYES LAKE","ON, Canada",0,-1,,,,
809,"CAN04FB001",,"https://dd.weather.gc.ca/today/hydrometric/csv/ON/hourly/ON_04FB001_hourly_hydrometric.csv","https://dd.weather.gc.ca/today/hydrometric/csv/ON/hourly/ON_04FB001_hourly_hydrometric.csv",,"Meteorological Service of Canada",101.62073816,30829.70691,"",1781720700000,"ATTAWAPISKAT RIVER BELOW ATTAWAPISKAT LAKE","ON, Canada",0,-1,,,,
813,"CAN04GA002",,"https://dd.weather.gc.ca/today/hydrometric/csv/ON/hourly/ON_04GA002_hourly_hydrometric.csv","https://dd.weather.gc.ca/today/hydrometric/csv/ON/hourly/ON_04GA002_hourly_hydrometric.csv",,"Meteorological Service of Canada",98.24803464,3019.404285,"",1781720700000,"CAT RIVER BELOW WESLEYAN LAKE","ON, Canada",0,-1,,,,
814,"CAN04GA003",,"https://dd.weather.gc.ca/today/hydrometric/csv/ON/hourly/ON_04GA003_hourly_hydrometric.csv","https://dd.weather.gc.ca/today/hydrometric/csv/ON/hourly/ON_04GA003_hourly_hydrometric.csv",,"Meteorological Service of Canada",91.96850688,2408.460494,"",1781720400000,"PASHKOKOGAN RIVER AT OUTLET OF PASHKOKOGAN LAKE","ON, Canada",0,-1,,,,
816,"CAN04GC002",,"https://dd.weather.gc.ca/today/hydrometric/csv/ON/hourly/ON_04GC002_hourly_hydrometric.csv","https://dd.weather.gc.ca/today/hydrometric/csv/ON/hourly/ON_04GC002_hourly_hydrometric.csv",,"Meteorological Service of Canada",90.20341496,3778.66969,"",1781720100000,"ALBANY RIVER BELOW ACHAPI LAKE","ON, Canada",1,-1,,,,
823,"CAN04JF001",,"https://dd.weather.gc.ca/today/hydrometric/csv/ON/hourly/ON_04JF001_hourly_hydrometric.csv","https://dd.weather.gc.ca/today/hydrometric/csv/ON/hourly/ON_04JF001_hourly_hydrometric.csv",,"Meteorological Service of Canada",95.95472748,4343.70441,"",1781720400000,"LITTLE CURRENT RIVER AT PERCY LAKE","ON, Canada",0,-1,,,,
853,"CAN05AC012",,"https://dd.weather.gc.ca/today/hydrometric/csv/AB/hourly/AB_05AC012_hourly_hydrometric.csv","https://dd.weather.gc.ca/today/hydrometric/csv/AB/hourly/AB_05AC012_hourly_hydrometric.csv",,"Meteorological Service of Canada",26.25000084,75.9265405,"",1781720100000,"LITTLE BOW RIVER BELOW TRAVERS DAM","AB, Canada",1,-1,,,,
866,"CAN05BA002",,"https://dd.weather.gc.ca/today/hydrometric/csv/AB/hourly/AB_05BA002_hourly_hydrometric.csv","https://dd.weather.gc.ca/today/hydrometric/csv/AB/hourly/AB_05BA002_hourly_hydrometric.csv",,"Meteorological Service of Canada",4.09776916,847.55208,"",1781720700000,"PIPESTONE RIVER NEAR LAKE LOUISE","AB, Canada",0,-1,,,,
873,"CAN05BJ001",,"https://dd.weather.gc.ca/today/hydrometric/csv/AB/hourly/AB_05BJ001_hourly_hydrometric.csv","https://dd.weather.gc.ca/today/hydrometric/csv/AB/hourly/AB_05BJ001_hourly_hydrometric.csv",,"Meteorological Service of Canada",3.94028884,865.209415,"",1781719500000,"ELBOW RIVER BELOW GLENMORE DAM","AB, Canada",1,-1,,,,
889,"CAN05CB007",,"https://dd.weather.gc.ca/today/hydrometric/csv/AB/hourly/AB_05CB007_hourly_hydrometric.csv","https://dd.weather.gc.ca/today/hydrometric/csv/AB/hourly/AB_05CB007_hourly_hydrometric.csv",,"Meteorological Service of Canada",6.91929156,2811.047732,"",1781720700000,"DICKSON DAM TUNNEL OUTLET","AB, Canada",0,-1,,,,
923,"CAN05JB004",,"https://dd.weather.gc.ca/today/hydrometric/csv/SK/hourly/SK_05JB004_hourly_hydrometric.csv","https://dd.weather.gc.ca/today/hydrometric/csv/SK/hourly/SK_05JB004_hourly_hydrometric.csv",,"Meteorological Service of Canada",3.32021008,0.95349609,"",1781720100000,"NOTUKEU CREEK ABOVE ADMIRAL RESERVOIR","SK, Canada",1,-1,,,,
925,"CAN05JC004",,"https://dd.weather.gc.ca/today/hydrometric/csv/SK/hourly/SK_05JC004_hourly_hydrometric.csv","https://dd.weather.gc.ca/today/hydrometric/csv/SK/hourly/SK_05JC004_hourly_hydrometric.csv",,"Meteorological Service of Canada",6.27296608,6.32132593,"",1781721300000,"RUSHLAKE CREEK ABOVE HIGHFIELD RESERVOIR","SK, Canada",0,-1,,,,
932,"CAN05JG004",,"https://dd.weather.gc.ca/today/hydrometric/csv/SK/hourly/SK_05JG004_hourly_hydrometric.csv","https://dd.weather.gc.ca/today/hydrometric/csv/SK/hourly/SK_05JG004_hourly_hydrometric.csv",,"Meteorological Service of Canada",18.5531502,144.790147,"",1781719800000,"QU'APPELLE RIVER ABOVE BUFFALO POUND LAKE","SK, Canada",1,-1,,,,
936,"CAN05JJ003",,"https://dd.weather.gc.ca/today/hydrometric/csv/SK/hourly/SK_05JJ003_hourly_hydrometric.csv","https://dd.weather.gc.ca/today/hydrometric/csv/SK/hourly/SK_05JJ003_hourly_hydrometric.csv",,"Meteorological Service of Canada",1.22703416,115.4789709,"",1781719800000,"LANIGAN CREEK ABOVE BOULDER LAKE","SK, Canada",1,-1,,,,
938,"CAN05JK002",,"https://dd.weather.gc.ca/today/hydrometric/csv/SK/hourly/SK_05JK002_hourly_hydrometric.csv","https://dd.weather.gc.ca/today/hydrometric/csv/SK/hourly/SK_05JK002_hourly_hydrometric.csv",,"Meteorological Service of Canada",6.04658812,632.132593,"",1781721300000,"QU'APPELLE RIVER BELOW CRAVEN DAM","SK, Canada",0,-1,,,,
945,"CAN05KD003",,"https://dd.weather.gc.ca/today/hydrometric/csv/SK/hourly/SK_05KD003_hourly_hydrometric.csv","https://dd.weather.gc.ca/today/hydrometric/csv/SK/hourly/SK_05KD003_hourly_hydrometric.csv",,"Meteorological Service of Canada",10.50853052,32630.75508,"",1781720100000,"SASKATCHEWAN RIVER BELOW TOBIN LAKE","SK, Canada",1,-1,,,,
959,"CAN05LJ025",,"https://dd.weather.gc.ca/today/hydrometric/csv/MB/hourly/MB_05LJ025_hourly_hydrometric.csv","https://dd.weather.gc.ca/today/hydrometric/csv/MB/hourly/MB_05LJ025_hourly_hydrometric.csv",,"Meteorological Service of Canada",855.56761268,1327.831592,"",1781720700000,"MOSSY RIVER BELOW OUTLET OF DAUPHIN LAKE","MB, Canada",0,-1,,,,
971,"CAN05MA020",,"https://dd.weather.gc.ca/today/hydrometric/csv/SK/hourly/SK_05MA020_hourly_hydrometric.csv","https://dd.weather.gc.ca/today/hydrometric/csv/SK/hourly/SK_05MA020_hourly_hydrometric.csv",,"Meteorological Service of Canada",9.78018404,4.80279512,"",1781720400000,"QUILL CREEK NEAR QUILL LAKE","SK, Canada",0,-1,,,,
973,"CAN05MA025",,"https://dd.weather.gc.ca/today/hydrometric/csv/SK/hourly/SK_05MA025_hourly_hydrometric.csv","https://dd.weather.gc.ca/today/hydrometric/csv/SK/hourly/SK_05MA025_hourly_hydrometric.csv",,"Meteorological Service of Canada",2.14566936,0.3531467,"",1781720700000,"RANCH CREEK ABOVE RANCH LAKE","SK, Canada",0,-1,,,,
977,"CAN05MC003",,"https://dd.weather.gc.ca/today/hydrometric/csv/SK/hourly/SK_05MC003_hourly_hydrometric.csv","https://dd.weather.gc.ca/today/hydrometric/csv/SK/hourly/SK_05MC003_hourly_hydrometric.csv",,"Meteorological Service of Canada",1.77493444,71.3356334,"",1781719800000,"LILIAN RIVER NEAR LADY LAKE","SK, Canada",1,-1,,,,
997,"CAN05NB018",,"https://dd.weather.gc.ca/today/hydrometric/csv/SK/hourly/SK_05NB018_hourly_hydrometric.csv","https://dd.weather.gc.ca/today/hydrometric/csv/SK/hourly/SK_05NB018_hourly_hydrometric.csv",,"Meteorological Service of Canada",,0,"",1781718900000,"TATAGWA LAKE DRAIN NEAR WEYBURN","SK, Canada",1,-1,,,,
1003,"CAN05NB036",,"https://dd.weather.gc.ca/today/hydrometric/csv/SK/hourly/SK_05NB036_hourly_hydrometric.csv","https://dd.weather.gc.ca/today/hydrometric/csv/SK/hourly/SK_05NB036_hourly_hydrometric.csv",,"Meteorological Service of Canada",4.23884528,0,"",1.781721e+12,"SOURIS RIVER BELOW RAFFERTY RESERVOIR","SK, Canada",0,-1,,,,
1004,"CAN05NB038",,"https://dd.weather.gc.ca/today/hydrometric/csv/SK/hourly/SK_05NB038_hourly_hydrometric.csv","https://dd.weather.gc.ca/today/hydrometric/csv/SK/hourly/SK_05NB038_hourly_hydrometric.csv",,"Meteorological Service of Canada",5.02952772,1.87167751,"",1781721300000,"BOUNDARY RESERVOIR DIVERSION CANAL NEAR ESTEVAN","SK, Canada",0,-1,,,,
1007,"CAN05NB041",,"https://dd.weather.gc.ca/today/hydrometric/csv/SK/hourly/SK_05NB041_hourly_hydrometric.csv","https://dd.weather.gc.ca/today/hydrometric/csv/SK/hourly/SK_05NB041_hourly_hydrometric.csv",,"Meteorological Service of Canada",2.0341208,0,"",1781721300000,"ROUGHBARK CREEK ABOVE RAFFERTY RESERVOIR","SK, Canada",0,-1,,,,
1009,"CAN05ND010",,"https://dd.weather.gc.ca/today/hydrometric/csv/SK/hourly/SK_05ND010_hourly_hydrometric.csv","https://dd.weather.gc.ca/today/hydrometric/csv/SK/hourly/SK_05ND010_hourly_hydrometric.csv",,"Meteorological Service of Canada",8.33661444,163.1537754,"",1781719800000,"MOOSE MOUNTAIN CREEK ABOVE GRANT DEVINE LAKE","SK, Canada",1,-1,,,,
1012,"CAN05ND013",,"https://dd.weather.gc.ca/today/hydrometric/csv/SK/hourly/SK_05ND013_hourly_hydrometric.csv","https://dd.weather.gc.ca/today/hydrometric/csv/SK/hourly/SK_05ND013_hourly_hydrometric.csv",,"Meteorological Service of Canada",28.2808408,175.1607632,"",1781719800000,"MOOSE MOUNTAIN CREEK BELOW GRANT DEVINE LAKE","SK, Canada",1,-1,,,,
1014,"CAN05NE003",,"https://dd.weather.gc.ca/today/hydrometric/csv/SK/hourly/SK_05NE003_hourly_hydrometric.csv","https://dd.weather.gc.ca/today/hydrometric/csv/SK/hourly/SK_05NE003_hourly_hydrometric.csv",,"Meteorological Service of Canada",331.24016808,224.9544479,"",1.781721e+12,"PIPESTONE CREEK ABOVE MOOSOMIN LAKE","SK, Canada",0,-1,,,,
1053,"CAN05PG001",,"https://dd.weather.gc.ca/today/hydrometric/csv/MB/hourly/MB_05PG001_hourly_hydrometric.csv","https://dd.weather.gc.ca/today/hydrometric/csv/MB/hourly/MB_05PG001_hourly_hydrometric.csv",,"Meteorological Service of Canada",1008.14307688,22.28355677,"",1781719500000,"WHITESHELL RIVER AT OUTLET OF JESSICA LAKE","MB, Canada",1,-1,,,,
1063,"CAN05QC006",,"https://dd.weather.gc.ca/today/hydrometric/csv/ON/hourly/ON_05QC006_hourly_hydrometric.csv","https://dd.weather.gc.ca/today/hydrometric/csv/ON/hourly/ON_05QC006_hourly_hydrometric.csv",,"Meteorological Service of Canada",98.45144672,46.2622177,"",1.781721e+12,"GOLDEN CREEK NEAR RED LAKE","ON, Canada",0,-1,,,,
1066,"CAN05QE009",,"https://dd.weather.gc.ca/today/hydrometric/csv/ON/hourly/ON_05QE009_hourly_hydrometric.csv","https://dd.weather.gc.ca/today/hydrometric/csv/ON/hourly/ON_05QE009_hourly_hydrometric.csv",,"Meteorological Service of Canada",2.37204732,519.125649,"",1.781721e+12,"STURGEON RIVER AT OUTLET OF SALVESEN LAKE","ON, Canada",0,-1,,,,
1067,"CAN05QE012",,"https://dd.weather.gc.ca/today/hydrometric/csv/ON/hourly/ON_05QE012_hourly_hydrometric.csv","https://dd.weather.gc.ca/today/hydrometric/csv/ON/hourly/ON_05QE012_hourly_hydrometric.csv",,"Meteorological Service of Canada",94.53412376,154.3251079,"",1.781721e+12,"LONG-LEGGED RIVER BELOW LONG-LEGGED LAKE","ON, Canada",0,-1,,,,
1070,"CAN05RC001",,"https://dd.weather.gc.ca/today/hydrometric/csv/ON/hourly/ON_05RC001_hourly_hydrometric.csv","https://dd.weather.gc.ca/today/hydrometric/csv/ON/hourly/ON_05RC001_hourly_hydrometric.csv",,"Meteorological Service of Canada",86.10236496,3566.78167,"",1781720100000,"BERENS RIVER ABOVE BERENS LAKE","ON, Canada",1,-1,,,,
1085,"CAN05TF002",,"https://dd.weather.gc.ca/today/hydrometric/csv/MB/hourly/MB_05TF002_hourly_hydrometric.csv","https://dd.weather.gc.ca/today/hydrometric/csv/MB/hourly/MB_05TF002_hourly_hydrometric.csv",,"Meteorological Service of Canada",98.07086928,621.538192,"",1781720700000,"FOOTPRINT RIVER ABOVE FOOTPRINT LAKE","MB, Canada",0,-1,,,,
1106,"CAN06AD006",,"https://dd.weather.gc.ca/today/hydrometric/csv/AB/hourly/AB_06AD006_hourly_hydrometric.csv","https://dd.weather.gc.ca/today/hydrometric/csv/AB/hourly/AB_06AD006_hourly_hydrometric.csv",,"Meteorological Service of Canada",30.97441044,5968.17923,"",1781721900000,"BEAVER RIVER AT COLD LAKE RESERVE","AB, Canada",0,-1,,,,
1107,"CAN06AF001",,"https://dd.weather.gc.ca/today/hydrometric/csv/SK/hourly/SK_06AF001_hourly_hydrometric.csv","https://dd.weather.gc.ca/today/hydrometric/csv/SK/hourly/SK_06AF001_hourly_hydrometric.csv",,"Meteorological Service of Canada",1755.413442,861.677948,"",1781719500000,"COLD RIVER AT OUTLET OF COLD LAKE","SK, Canada",1,-1,,,,
1110,"CAN06BA002",,"https://dd.weather.gc.ca/today/hydrometric/csv/SK/hourly/SK_06BA002_hourly_hydrometric.csv","https://dd.weather.gc.ca/today/hydrometric/csv/SK/hourly/SK_06BA002_hourly_hydrometric.csv",,"Meteorological Service of Canada",8.04461968,1762.202033,"",1.781721e+12,"DILLON RIVER BELOW DILLON LAKE","SK, Canada",0,-1,,,,
1122,"CAN06DA005",,"https://dd.weather.gc.ca/today/hydrometric/csv/SK/hourly/SK_06DA005_hourly_hydrometric.csv","https://dd.weather.gc.ca/today/hydrometric/csv/SK/hourly/SK_06DA005_hourly_hydrometric.csv",,"Meteorological Service of Canada",6.61417344,882.86675,"",1.781721e+12,"WHEELER RIVER BELOW RUSSELL LAKE","SK, Canada",0,-1,,,,
1125,"CAN06DC001",,"https://dd.weather.gc.ca/today/hydrometric/csv/SK/hourly/SK_06DC001_hourly_hydrometric.csv","https://dd.weather.gc.ca/today/hydrometric/csv/SK/hourly/SK_06DC001_hourly_hydrometric.csv",,"Meteorological Service of Canada",6.92913408,5014.68314,"",1.781721e+12,"WATHAMAN RIVER BELOW WATHAMAN LAKE","SK, Canada",0,-1,,,,
1127,"CAN06DD003",,"https://dd.weather.gc.ca/today/hydrometric/csv/SK/hourly/SK_06DD003_hourly_hydrometric.csv","https://dd.weather.gc.ca/today/hydrometric/csv/SK/hourly/SK_06DD003_hourly_hydrometric.csv",,"Meteorological Service of Canada",29.3307096,2041.187926,"",1.781721e+12,"WAPISKAU RIVER ABOVE WHITE LAKE","SK, Canada",0,-1,,,,
1143,"CAN06FC001",,"https://dd.weather.gc.ca/today/hydrometric/csv/MB/hourly/MB_06FC001_hourly_hydrometric.csv","https://dd.weather.gc.ca/today/hydrometric/csv/MB/hourly/MB_06FC001_hourly_hydrometric.csv",,"Meteorological Service of Canada",100.63648616,10841.60369,"",1781719500000,"LITTLE CHURCHILL RIVER ABOVE RECLUSE LAKE","MB, Canada",1,-1,,,,
1146,"CAN06HB002",,"https://dd.weather.gc.ca/today/hydrometric/csv/NU/hourly/NU_06HB002_hourly_hydrometric.csv","https://dd.weather.gc.ca/today/hydrometric/csv/NU/hourly/NU_06HB002_hourly_hydrometric.csv",,"Meteorological Service of Canada",84.28149876,7769.2274,"",1781720100000,"THLEWIAZA RIVER ABOVE OUTLET SEALHOLE LAKE","NU, Canada",1,-1,,,,
1147,"CAN06JA001",,"https://dd.weather.gc.ca/today/hydrometric/csv/NT/hourly/NT_06JA001_hourly_hydrometric.csv","https://dd.weather.gc.ca/today/hydrometric/csv/NT/hourly/NT_06JA001_hourly_hydrometric.csv",,"Meteorological Service of Canada",29.24212692,11230.06506,"",1781720100000,"THELON RIVER AT THE OUTLET OF DOUBLE BARREL LAKE","NT, Canada",1,-1,,,,
1148,"CAN06JB001",,"https://dd.weather.gc.ca/today/hydrometric/csv/NT/hourly/NT_06JB001_hourly_hydrometric.csv","https://dd.weather.gc.ca/today/hydrometric/csv/NT/hourly/NT_06JB001_hourly_hydrometric.csv",,"Meteorological Service of Canada",19.1272972,4202.44573,"",1781720400000,"HANBURY RIVER ABOVE HOARE LAKE","NT, Canada",0,-1,,,,
1149,"CAN06JC002",,"https://dd.weather.gc.ca/today/hydrometric/csv/NU/hourly/NU_06JC002_hourly_hydrometric.csv","https://dd.weather.gc.ca/today/hydrometric/csv/NU/hourly/NU_06JC002_hourly_hydrometric.csv",,"Meteorological Service of Canada",87.15879544,50499.9781,"",1781720400000,"THELON RIVER ABOVE BEVERLY LAKE","NU, Canada",0,-1,,,,
1150,"CAN06KC003",,"https://dd.weather.gc.ca/today/hydrometric/csv/NU/hourly/NU_06KC003_hourly_hydrometric.csv","https://dd.weather.gc.ca/today/hydrometric/csv/NU/hourly/NU_06KC003_hourly_hydrometric.csv",,"Meteorological Service of Canada",47.46719312,28392.99468,"",1781720400000,"DUBAWNT RIVER AT OUTLET OF MARJORIE LAKE","NU, Canada",0,-1,,,,
1153,"CAN06MA006",,"https://dd.weather.gc.ca/today/hydrometric/csv/NU/hourly/NU_06MA006_hourly_hydrometric.csv","https://dd.weather.gc.ca/today/hydrometric/csv/NU/hourly/NU_06MA006_hourly_hydrometric.csv",,"Meteorological Service of Canada",89.51115772,131017.4257,"",1781720400000,"THELON RIVER BELOW OUTLET OF SCHULTZ LAKE","NU, Canada",0,-1,,,,
1168,"CAN07BK001",,"https://dd.weather.gc.ca/today/hydrometric/csv/AB/hourly/AB_07BK001_hourly_hydrometric.csv","https://dd.weather.gc.ca/today/hydrometric/csv/AB/hourly/AB_07BK001_hourly_hydrometric.csv",,"Meteorological Service of Canada",1891.75530988,2260.13888,"",1781721900000,"LESSER SLAVE RIVER AT SLAVE LAKE","AB, Canada",0,-1,,,,
1178,"CAN07CE005",,"https://dd.weather.gc.ca/today/hydrometric/csv/AB/hourly/AB_07CE005_hourly_hydrometric.csv","https://dd.weather.gc.ca/today/hydrometric/csv/AB/hourly/AB_07CE005_hourly_hydrometric.csv",,"Meteorological Service of Canada",325.36418364,1197.167313,"",1781719500000,"JACKFISH RIVER BELOW CHRISTINA LAKE","AB, Canada",1,-1,,,,
1181,"CAN07CE010",,"https://dd.weather.gc.ca/today/hydrometric/csv/AB/hourly/AB_07CE010_hourly_hydrometric.csv","https://dd.weather.gc.ca/today/hydrometric/csv/AB/hourly/AB_07CE010_hourly_hydrometric.csv",,"Meteorological Service of Canada",322.52625704,182.9299906,"",1781719500000,"SUNDAY CREEK ABOVE CHRISTINA LAKE","AB, Canada",1,-1,,,,
1200,"CAN07DA037",,"https://dd.weather.gc.ca/today/hydrometric/csv/AB/hourly/AB_07DA037_hourly_hydrometric.csv","https://dd.weather.gc.ca/today/hydrometric/csv/AB/hourly/AB_07DA037_hourly_hydrometric.csv",,"Meteorological Service of Canada",318.70735928,0.84755208,"",1781720700000,"TAR RIVER ABOVE CANADIAN NATURAL RESOURCES LIMITED LAKE","AB, Canada",0,-1,,,,
1222,"CAN07EC004",,"https://dd.weather.gc.ca/today/hydrometric/csv/BC/hourly/BC_07EC004_hourly_hydrometric.csv","https://dd.weather.gc.ca/today/hydrometric/csv/BC/hourly/BC_07EC004_hourly_hydrometric.csv",,"Meteorological Service of Canada",13.18241512,6851.04598,"",1781721600000,"OSILINKA RIVER NEAR END LAKE","BC, Canada",0,-1,,,,
1226,"CAN07EE010",,"https://dd.weather.gc.ca/today/hydrometric/csv/BC/hourly/BC_07EE010_hourly_hydrometric.csv","https://dd.weather.gc.ca/today/hydrometric/csv/BC/hourly/BC_07EE010_hourly_hydrometric.csv",,"Meteorological Service of Canada",3.5433072,1497.342008,"",1781722200000,"PACK RIVER AT OUTLET OF MCLEOD LAKE","BC, Canada",0,-1,,,,
1267,"CAN07LB002",,"https://dd.weather.gc.ca/today/hydrometric/csv/SK/hourly/SK_07LB002_hourly_hydrometric.csv","https://dd.weather.gc.ca/today/hydrometric/csv/SK/hourly/SK_07LB002_hourly_hydrometric.csv",,"Meteorological Service of Canada",7.53608948,889.929684,"",1.781721e+12,"WATERFOUND RIVER BELOW THERIAU LAKE","SK, Canada",0,-1,,,,
1268,"CAN07LE002",,"https://dd.weather.gc.ca/today/hydrometric/csv/SK/hourly/SK_07LE002_hourly_hydrometric.csv","https://dd.weather.gc.ca/today/hydrometric/csv/SK/hourly/SK_07LE002_hourly_hydrometric.csv",,"Meteorological Service of Canada",5.94816292,17056.98561,"",1.781721e+12,"FOND DU LAC RIVER AT OUTLET OF BLACK LAKE","SK, Canada",0,-1,,,,
1269,"CAN07MA003",,"https://dd.weather.gc.ca/today/hydrometric/csv/SK/hourly/SK_07MA003_hourly_hydrometric.csv","https://dd.weather.gc.ca/today/hydrometric/csv/SK/hourly/SK_07MA003_hourly_hydrometric.csv",,"Meteorological Service of Canada",7.8083992,1808.111104,"",1.781721e+12,"DOUGLAS RIVER NEAR CLUFF LAKE","SK, Canada",0,-1,,,,
1270,"CAN07MB001",,"https://dd.weather.gc.ca/today/hydrometric/csv/SK/hourly/SK_07MB001_hourly_hydrometric.csv","https://dd.weather.gc.ca/today/hydrometric/csv/SK/hourly/SK_07MB001_hourly_hydrometric.csv",,"Meteorological Service of Canada",13.56955424,4484.96309,"",1.781721e+12,"MACFARLANE RIVER AT OUTLET OF DAVY LAKE","SK, Canada",0,-1,,,,
1282,"CAN07QC006",,"https://dd.weather.gc.ca/today/hydrometric/csv/SK/hourly/SK_07QC006_hourly_hydrometric.csv","https://dd.weather.gc.ca/today/hydrometric/csv/SK/hourly/SK_07QC006_hourly_hydrometric.csv",,"Meteorological Service of Canada",22.08989572,1105.349171,"",1781719800000,"TAZIN RIVER ABOVE TAZIN LAKE","SK, Canada",1,-1,,,,
1283,"CAN07QC008",,"https://dd.weather.gc.ca/today/hydrometric/csv/SK/hourly/SK_07QC008_hourly_hydrometric.csv","https://dd.weather.gc.ca/today/hydrometric/csv/SK/hourly/SK_07QC008_hourly_hydrometric.csv",,"Meteorological Service of Canada",24.04199552,147.9684673,"",1781719800000,"CHARLOT RIVER AT OUTLET OF WEBB LAKE","SK, Canada",1,-1,,,,
1285,"CAN07QD007",,"https://dd.weather.gc.ca/today/hydrometric/csv/NT/hourly/NT_07QD007_hourly_hydrometric.csv","https://dd.weather.gc.ca/today/hydrometric/csv/NT/hourly/NT_07QD007_hourly_hydrometric.csv",,"Meteorological Service of Canada",320.47901288,6215.38192,"",1781720700000,"TALTSON RIVER BELOW HYDRO DAM","NT, Canada",0,-1,,,,
1286,"CAN07RD001",,"https://dd.weather.gc.ca/today/hydrometric/csv/NT/hourly/NT_07RD001_hourly_hydrometric.csv","https://dd.weather.gc.ca/today/hydrometric/csv/NT/hourly/NT_07RD001_hourly_hydrometric.csv",,"Meteorological Service of Canada",6.20406844,4661.53644,"",1781720700000,"LOCKHART RIVER AT OUTLET OF ARTILLERY LAKE","NT, Canada",0,-1,,,,
1288,"CAN07SA004",,"https://dd.weather.gc.ca/today/hydrometric/csv/NT/hourly/NT_07SA004_hourly_hydrometric.csv","https://dd.weather.gc.ca/today/hydrometric/csv/NT/hourly/NT_07SA004_hourly_hydrometric.csv",,"Meteorological Service of Canada",6.72900284,596.817923,"",1.781721e+12,"INDIN RIVER ABOVE CHALCO LAKE","NT, Canada",0,-1,,,,
1289,"CAN07SA008",,"https://dd.weather.gc.ca/today/hydrometric/csv/NT/hourly/NT_07SA008_hourly_hydrometric.csv","https://dd.weather.gc.ca/today/hydrometric/csv/NT/hourly/NT_07SA008_hourly_hydrometric.csv",,"Meteorological Service of Canada",22.54265164,1419.649734,"",1781719800000,"SNARE RIVER ABOVE INDIN LAKE","NT, Canada",1,-1,,,,
1291,"CAN07SB002",,"https://dd.weather.gc.ca/today/hydrometric/csv/NT/hourly/NT_07SB002_hourly_hydrometric.csv","https://dd.weather.gc.ca/today/hydrometric/csv/NT/hourly/NT_07SB002_hourly_hydrometric.csv",,"Meteorological Service of Canada",,794.580075,"",1781721300000,"YELLOWKNIFE RIVER AT OUTLET OF PROSPEROUS LAKE","NT, Canada",0,-1,,,,
1292,"CAN07SB003",,"https://dd.weather.gc.ca/today/hydrometric/csv/NT/hourly/NT_07SB003_hourly_hydrometric.csv","https://dd.weather.gc.ca/today/hydrometric/csv/NT/hourly/NT_07SB003_hourly_hydrometric.csv",,"Meteorological Service of Canada",501.53544912,656.852862,"",1781721300000,"YELLOWKNIFE RIVER AT INLET TO PROSPEROUS LAKE","NT, Canada",0,-1,,,,
1293,"CAN07SB010",,"https://dd.weather.gc.ca/today/hydrometric/csv/NT/hourly/NT_07SB010_hourly_hydrometric.csv","https://dd.weather.gc.ca/today/hydrometric/csv/NT/hourly/NT_07SB010_hourly_hydrometric.csv",,"Meteorological Service of Canada",6.49934404,137.0209196,"",1781720100000,"CAMERON RIVER BELOW REID LAKE","NT, Canada",1,-1,,,,
1295,"CAN07SB013",,"https://dd.weather.gc.ca/today/hydrometric/csv/NT/hourly/NT_07SB013_hourly_hydrometric.csv","https://dd.weather.gc.ca/today/hydrometric/csv/NT/hourly/NT_07SB013_hourly_hydrometric.csv",,"Meteorological Service of Canada",95.6528902,0.3531467,"",1781720100000,"BAKER CREEK AT OUTLET OF LOWER MARTIN LAKE","NT, Canada",1,-1,,,,
1299,"CAN07SB020",,"https://dd.weather.gc.ca/today/hydrometric/csv/NT/hourly/NT_07SB020_hourly_hydrometric.csv","https://dd.weather.gc.ca/today/hydrometric/csv/NT/hourly/NT_07SB020_hourly_hydrometric.csv",,"Meteorological Service of Canada",29.26181196,501.468314,"",1781721300000,"YELLOWKNIFE RIVER ABOVE QUYTA LAKE","NT, Canada",0,-1,,,,
1304,"CAN07UC001",,"https://dd.weather.gc.ca/today/hydrometric/csv/NT/hourly/NT_07UC001_hourly_hydrometric.csv","https://dd.weather.gc.ca/today/hydrometric/csv/NT/hourly/NT_07UC001_hourly_hydrometric.csv",,"Meteorological Service of Canada",9.88845176,3884.6137,"",1.781721e+12,"KAKISA RIVER AT OUTLET OF KAKISA LAKE","NT, Canada",0,-1,,,,
1308,"CAN08AA008",,"https://dd.weather.gc.ca/today/hydrometric/csv/YT/hourly/YT_08AA008_hourly_hydrometric.csv","https://dd.weather.gc.ca/today/hydrometric/csv/YT/hourly/YT_08AA008_hourly_hydrometric.csv",,"Meteorological Service of Canada",9.05839924,610.943791,"",1781720400000,"SEKULMUN RIVER AT OUTLET OF SEKULMUN LAKE","YT, Canada",0,-1,,,,
1310,"CAN08AA010",,"https://dd.weather.gc.ca/today/hydrometric/csv/YT/hourly/YT_08AA010_hourly_hydrometric.csv","https://dd.weather.gc.ca/today/hydrometric/csv/YT/hourly/YT_08AA010_hourly_hydrometric.csv",,"Meteorological Service of Canada",10.2034124,178.6922302,"",1781720700000,"AISHIHIK RIVER BELOW AISHIHIK LAKE","YT, Canada",0,-1,,,,
1328,"CAN08EC013",,"https://dd.weather.gc.ca/today/hydrometric/csv/BC/hourly/BC_08EC013_hourly_hydrometric.csv","https://dd.weather.gc.ca/today/hydrometric/csv/BC/hourly/BC_08EC013_hourly_hydrometric.csv",,"Meteorological Service of Canada",2.69685048,3457.306193,"",1781718900000,"BABINE RIVER AT OUTLET OF NILKITKWA LAKE","BC, Canada",1,-1,,,,
1329,"CAN08ED001",,"https://dd.weather.gc.ca/today/hydrometric/csv/BC/hourly/BC_08ED001_hourly_hydrometric.csv","https://dd.weather.gc.ca/today/hydrometric/csv/BC/hourly/BC_08ED001_hourly_hydrometric.csv",,"Meteorological Service of Canada",15.01640468,4449.64842,"",1781718900000,"NANIKA RIVER AT OUTLET OF KIDPRICE LAKE","BC, Canada",1,-1,,,,
1363,"CAN08GB013",,"https://dd.weather.gc.ca/today/hydrometric/csv/BC/hourly/BC_08GB013_hourly_hydrometric.csv","https://dd.weather.gc.ca/today/hydrometric/csv/BC/hourly/BC_08GB013_hourly_hydrometric.csv",,"Meteorological Service of Canada",10.30839928,565.03472,"",1781722200000,"CLOWHOM RIVER NEAR CLOWHOM LAKE","BC, Canada",0,-1,,,,
1364,"CAN08GB014",,"https://dd.weather.gc.ca/today/hydrometric/csv/BC/hourly/BC_08GB014_hourly_hydrometric.csv","https://dd.weather.gc.ca/today/hydrometric/csv/BC/hourly/BC_08GB014_hourly_hydrometric.csv",,"Meteorological Service of Canada",7.53608948,23.97866093,"",1781721900000,"HORSESHOE RIVER ABOVE LOIS LAKE","BC, Canada",0,-1,,,,
1365,"CAN08GC005",,"https://dd.weather.gc.ca/today/hydrometric/csv/BC/hourly/BC_08GC005_hourly_hydrometric.csv","https://dd.weather.gc.ca/today/hydrometric/csv/BC/hourly/BC_08GC005_hourly_hydrometric.csv",,"Meteorological Service of Canada",32.15879368,156.7971348,"",1777415100000,"THEODOSIA RIVER DIVERSION ABOVE OLSEN LAKE","BC, Canada",1196,-1,,,,
1367,"CAN08GC007",,"https://dd.weather.gc.ca/today/hydrometric/csv/BC/hourly/BC_08GC007_hourly_hydrometric.csv","https://dd.weather.gc.ca/today/hydrometric/csv/BC/hourly/BC_08GC007_hourly_hydrometric.csv",,"Meteorological Service of Canada",12.19160144,0.7062934,"",1781719500000,"THEODOSIA RIVER BELOW OLSEN LAKE DIVERSION","BC, Canada",1,-1,,,,
1370,"CAN08GD008",,"https://dd.weather.gc.ca/today/hydrometric/csv/BC/hourly/BC_08GD008_hourly_hydrometric.csv","https://dd.weather.gc.ca/today/hydrometric/csv/BC/hourly/BC_08GD008_hourly_hydrometric.csv",,"Meteorological Service of Canada",7.20472464,161.7411886,"",1781719800000,"HOMATHKO RIVER AT INLET TO TATLAYOKO LAKE","BC, Canada",1,-1,,,,
1376,"CAN08HA002",,"https://dd.weather.gc.ca/today/hydrometric/csv/BC/hourly/BC_08HA002_hourly_hydrometric.csv","https://dd.weather.gc.ca/today/hydrometric/csv/BC/hourly/BC_08HA002_hourly_hydrometric.csv",,"Meteorological Service of Canada",0.8530184,219.3041007,"",1781719500000,"COWICHAN RIVER AT LAKE COWICHAN","BC, Canada",1,-1,,,,
1384,"CAN08HA070",,"https://dd.weather.gc.ca/today/hydrometric/csv/BC/hourly/BC_08HA070_hourly_hydrometric.csv","https://dd.weather.gc.ca/today/hydrometric/csv/BC/hourly/BC_08HA070_hourly_hydrometric.csv",,"Meteorological Service of Canada",4.29133872,5.47377385,"",1781713200000,"HARRIS CREEK NEAR LAKE COWICHAN","BC, Canada",2,-1,,,,
1406,"CAN08HC006",,"https://dd.weather.gc.ca/today/hydrometric/csv/BC/hourly/BC_08HC006_hourly_hydrometric.csv","https://dd.weather.gc.ca/today/hydrometric/csv/BC/hourly/BC_08HC006_hourly_hydrometric.csv",,"Meteorological Service of Canada",3.26771664,9.35838755,"",1781720400000,"CREST LAKE NEAR HIGHWAY 28","BC, Canada",0,-1,,,,
1412,"CAN08HD018",,"https://dd.weather.gc.ca/today/hydrometric/csv/BC/hourly/BC_08HD018_hourly_hydrometric.csv","https://dd.weather.gc.ca/today/hydrometric/csv/BC/hourly/BC_08HD018_hourly_hydrometric.csv",,"Meteorological Service of Canada",14.87204772,148.321614,"",1781720100000,"ELK RIVER ABOVE CAMPBELL LAKE","BC, Canada",1,-1,,,,
1418,"CAN08HD027",,"https://dd.weather.gc.ca/today/hydrometric/csv/BC/hourly/BC_08HD027_hourly_hydrometric.csv","https://dd.weather.gc.ca/today/hydrometric/csv/BC/hourly/BC_08HD027_hourly_hydrometric.csv",,"Meteorological Service of Canada",7.24081388,32.41886706,"",1781720400000,"QUINSAM RIVER BELOW LOWER QUINSAM LAKE","BC, Canada",0,-1,,,,
1429,"CAN08HF012",,"https://dd.weather.gc.ca/today/hydrometric/csv/BC/hourly/BC_08HF012_hourly_hydrometric.csv","https://dd.weather.gc.ca/today/hydrometric/csv/BC/hourly/BC_08HF012_hourly_hydrometric.csv",,"Meteorological Service of Canada",13.42191644,1.27132812,"",1781721600000,"PUGH CREEK NEAR NAHWITTI LAKE","BC, Canada",0,-1,,,,
1438,"CAN08JB008",,"https://dd.weather.gc.ca/today/hydrometric/csv/BC/hourly/BC_08JB008_hourly_hydrometric.csv","https://dd.weather.gc.ca/today/hydrometric/csv/BC/hourly/BC_08JB008_hourly_hydrometric.csv",,"Meteorological Service of Canada",4.63910776,395.524304,"",1781718600000,"NADINA RIVER AT OUTLET OF NADINA LAKE","BC, Canada",1,-1,,,,
1462,"CAN08KH020",,"https://dd.weather.gc.ca/today/hydrometric/csv/BC/hourly/BC_08KH020_hourly_hydrometric.csv","https://dd.weather.gc.ca/today/hydrometric/csv/BC/hourly/BC_08KH020_hourly_hydrometric.csv",,"Meteorological Service of Canada",4.20931772,377.866969,"",1.781721e+12,"MCKINLEY CREEK BELOW OUTLET OF MCKINLEY LAKE","BC, Canada",0,-1,,,,
1464,"CAN08KH031",,"https://dd.weather.gc.ca/today/hydrometric/csv/BC/hourly/BC_08KH031_hourly_hydrometric.csv","https://dd.weather.gc.ca/today/hydrometric/csv/BC/hourly/BC_08KH031_hourly_hydrometric.csv",,"Meteorological Service of Canada",18.17913444,3146.537097,"",1781722200000,"HORSEFLY RIVER ABOVE QUESNEL LAKE","BC, Canada",0,-1,,,,
1476,"CAN08LC018",,"https://dd.weather.gc.ca/today/hydrometric/csv/BC/hourly/BC_08LC018_hourly_hydrometric.csv","https://dd.weather.gc.ca/today/hydrometric/csv/BC/hourly/BC_08LC018_hourly_hydrometric.csv",,"Meteorological Service of Canada",8.5793966,2655.663184,"",1781721900000,"SHUSWAP RIVER AT OUTLET OF SUGAR LAKE RESERVOIR","BC, Canada",0,-1,,,,
1487,"CAN08LE108",,"https://dd.weather.gc.ca/today/hydrometric/csv/BC/hourly/BC_08LE108_hourly_hydrometric.csv","https://dd.weather.gc.ca/today/hydrometric/csv/BC/hourly/BC_08LE108_hourly_hydrometric.csv",,"Meteorological Service of Canada",0.26574804,1.62447482,"",1.781721e+12,"EAST CANOE CREEK ABOVE DAM","BC, Canada",0,-1,,,,
1500,"CAN08LG028",,"https://dd.weather.gc.ca/today/hydrometric/csv/BC/hourly/BC_08LG028_hourly_hydrometric.csv","https://dd.weather.gc.ca/today/hydrometric/csv/BC/hourly/BC_08LG028_hourly_hydrometric.csv",,"Meteorological Service of Canada",,62.8601126,"",1781721900000,"NICOLA RIVER AT OUTLET OF DOUGLAS LAKE","BC, Canada",0,-1,,,,
1501,"CAN08LG041",,"https://dd.weather.gc.ca/today/hydrometric/csv/BC/hourly/BC_08LG041_hourly_hydrometric.csv","https://dd.weather.gc.ca/today/hydrometric/csv/BC/hourly/BC_08LG041_hourly_hydrometric.csv",,"Meteorological Service of Canada",7.6935698,9.28775821,"",1.781721e+12,"GUICHON CREEK AT OUTLET OF MAMIT LAKE","BC, Canada",0,-1,,,,
1504,"CAN08LG056",,"https://dd.weather.gc.ca/today/hydrometric/csv/BC/hourly/BC_08LG056_hourly_hydrometric.csv","https://dd.weather.gc.ca/today/hydrometric/csv/BC/hourly/BC_08LG056_hourly_hydrometric.csv",,"Meteorological Service of Canada",0.70209976,2.26013888,"",1781721300000,"GUICHON CREEK ABOVE TUNKWA LAKE DIVERSION","BC, Canada",0,-1,,,,
1505,"CAN08LG065",,"https://dd.weather.gc.ca/today/hydrometric/csv/BC/hourly/BC_08LG065_hourly_hydrometric.csv","https://dd.weather.gc.ca/today/hydrometric/csv/BC/hourly/BC_08LG065_hourly_hydrometric.csv",,"Meteorological Service of Canada",2.94291348,7.87517141,"",1.781721e+12,"NICOLA RIVER AT OUTLET OF NICOLA LAKE","BC, Canada",0,-1,,,,
1509,"CAN08MA002",,"https://dd.weather.gc.ca/today/hydrometric/csv/BC/hourly/BC_08MA002_hourly_hydrometric.csv","https://dd.weather.gc.ca/today/hydrometric/csv/BC/hourly/BC_08MA002_hourly_hydrometric.csv",,"Meteorological Service of Canada",4.88517076,3220.697904,"",1781720100000,"CHILKO RIVER AT OUTLET OF CHILKO LAKE","BC, Canada",1,-1,,,,
1517,"CAN08MC045",,"https://dd.weather.gc.ca/today/hydrometric/csv/BC/hourly/BC_08MC045_hourly_hydrometric.csv","https://dd.weather.gc.ca/today/hydrometric/csv/BC/hourly/BC_08MC045_hourly_hydrometric.csv",,"Meteorological Service of Canada",0.50524936,2.04825086,"",1.781721e+12,"SHERIDAN CREEK ABOVE MCLEESE LAKE","BC, Canada",0,-1,,,,
1525,"CAN08ME028",,"https://dd.weather.gc.ca/today/hydrometric/csv/BC/hourly/BC_08ME028_hourly_hydrometric.csv","https://dd.weather.gc.ca/today/hydrometric/csv/BC/hourly/BC_08ME028_hourly_hydrometric.csv",,"Meteorological Service of Canada",5.1181104,3270.138442,"",1781721300000,"BRIDGE RIVER ABOVE DOWNTON LAKE","BC, Canada",0,-1,,,,
1526,"CAN08ME029",,"https://dd.weather.gc.ca/today/hydrometric/csv/BC/hourly/BC_08ME029_hourly_hydrometric.csv","https://dd.weather.gc.ca/today/hydrometric/csv/BC/hourly/BC_08ME029_hourly_hydrometric.csv",,"Meteorological Service of Canada",8.73687692,3365.488051,"",1781722200000,"BRIDGE RIVER BELOW LAJOIE DAM","BC, Canada",0,-1,,,,
1553,"CAN08MH141",,"https://dd.weather.gc.ca/today/hydrometric/csv/BC/hourly/BC_08MH141_hourly_hydrometric.csv","https://dd.weather.gc.ca/today/hydrometric/csv/BC/hourly/BC_08MH141_hourly_hydrometric.csv",,"Meteorological Service of Canada",5.9383204,126.7796653,"",1781721900000,"COQUITLAM RIVER ABOVE COQUITLAM LAKE","BC, Canada",0,-1,,,,
1554,"CAN08MH147",,"https://dd.weather.gc.ca/today/hydrometric/csv/BC/hourly/BC_08MH147_hourly_hydrometric.csv","https://dd.weather.gc.ca/today/hydrometric/csv/BC/hourly/BC_08MH147_hourly_hydrometric.csv",,"Meteorological Service of Canada",9.432415,1539.719612,"",1781721900000,"STAVE RIVER ABOVE STAVE LAKE","BC, Canada",0,-1,,,,
1599,"CAN08NH138",,"https://dd.weather.gc.ca/today/hydrometric/csv/BC/hourly/BC_08NH138_hourly_hydrometric.csv","https://dd.weather.gc.ca/today/hydrometric/csv/BC/hourly/BC_08NH138_hourly_hydrometric.csv",,"Meteorological Service of Canada",2.10958012,12.81922521,"",1777656600000,"HUMPHRIES CREEK NEAR TROUT LAKE","BC, Canada",1129,-1,,,,
1625,"CAN08NM065",,"https://dd.weather.gc.ca/today/hydrometric/csv/BC/hourly/BC_08NM065_hourly_hydrometric.csv","https://dd.weather.gc.ca/today/hydrometric/csv/BC/hourly/BC_08NM065_hourly_hydrometric.csv",,"Meteorological Service of Canada",1.57152236,2.04825086,"",1.781721e+12,"VERNON CREEK AT OUTLET OF KALAMALKA LAKE","BC, Canada",0,-1,,,,
1641,"CAN08NM247",,"https://dd.weather.gc.ca/today/hydrometric/csv/BC/hourly/BC_08NM247_hourly_hydrometric.csv","https://dd.weather.gc.ca/today/hydrometric/csv/BC/hourly/BC_08NM247_hourly_hydrometric.csv",,"Meteorological Service of Canada",3.86811036,202.3530591,"",1781721900000,"OKANAGAN RIVER BELOW MCINTYRE DAM","BC, Canada",0,-1,,,,
1654,"CAN09AA013",,"https://dd.weather.gc.ca/today/hydrometric/csv/BC/hourly/BC_09AA013_hourly_hydrometric.csv","https://dd.weather.gc.ca/today/hydrometric/csv/BC/hourly/BC_09AA013_hourly_hydrometric.csv",,"Meteorological Service of Canada",38.37598548,1744.544698,"",1781719800000,"TUTSHI RIVER AT OUTLET OF TUTSHI LAKE","BC, Canada",1,-1,,,,
1674,"CAN09CA002",,"https://dd.weather.gc.ca/today/hydrometric/csv/YT/hourly/YT_09CA002_hourly_hydrometric.csv","https://dd.weather.gc.ca/today/hydrometric/csv/YT/hourly/YT_09CA002_hourly_hydrometric.csv",,"Meteorological Service of Canada",84.79987148,1956.432718,"",1781719800000,"KLUANE RIVER AT OUTLET OF KLUANE LAKE","YT, Canada",1,-1,,,,
1696,"CAN10AB001",,"https://dd.weather.gc.ca/today/hydrometric/csv/YT/hourly/YT_10AB001_hourly_hydrometric.csv","https://dd.weather.gc.ca/today/hydrometric/csv/YT/hourly/YT_10AB001_hourly_hydrometric.csv",,"Meteorological Service of Canada",10.81364864,28145.79199,"",1781720400000,"FRANCES RIVER NEAR WATSON LAKE","YT, Canada",0,-1,,,,
1735,"CAN10LB005",,"https://dd.weather.gc.ca/today/hydrometric/csv/NT/hourly/NT_10LB005_hourly_hydrometric.csv","https://dd.weather.gc.ca/today/hydrometric/csv/NT/hourly/NT_10LB005_hourly_hydrometric.csv",,"Meteorological Service of Canada",27.99868856,854.615014,"",1.781721e+12,"TRAVAILLANT RIVER ABOVE TRAVAILLANT LAKE","NT, Canada",0,-1,,,,
1745,"CAN10MA003",,"https://dd.weather.gc.ca/today/hydrometric/csv/YT/hourly/YT_10MA003_hourly_hydrometric.csv","https://dd.weather.gc.ca/today/hydrometric/csv/YT/hourly/YT_10MA003_hourly_hydrometric.csv",,"Meteorological Service of Canada",14.1568246,1638.600688,"",1781719800000,"BLACKSTONE RIVER NEAR CHAPMAN LAKE AIRSTRIP","YT, Canada",1,-1,,,,
1755,"CAN10PA002",,"https://dd.weather.gc.ca/today/hydrometric/csv/NT/hourly/NT_10PA002_hourly_hydrometric.csv","https://dd.weather.gc.ca/today/hydrometric/csv/NT/hourly/NT_10PA002_hourly_hydrometric.csv",,"Meteorological Service of Canada",13.5170608,1048.845699,"",1781720100000,"YAMBA RIVER BELOW DARING LAKE","NT, Canada",1,-1,,,,
1756,"CAN10PB001",,"https://dd.weather.gc.ca/today/hydrometric/csv/NT/hourly/NT_10PB001_hourly_hydrometric.csv","https://dd.weather.gc.ca/today/hydrometric/csv/NT/hourly/NT_10PB001_hourly_hydrometric.csv",,"Meteorological Service of Canada",,4025.87238,"",1781720100000,"COPPERMINE RIVER AT OUTLET OF POINT LAKE","NT, Canada",1,-1,,,,
1759,"CAN10PC005",,"https://dd.weather.gc.ca/today/hydrometric/csv/NU/hourly/NU_10PC005_hourly_hydrometric.csv","https://dd.weather.gc.ca/today/hydrometric/csv/NU/hourly/NU_10PC005_hourly_hydrometric.csv",,"Meteorological Service of Canada",25.76115568,1168.915577,"",1.781721e+12,"FAIRY LAKE RIVER NEAR OUTLET OF NAPAKTULIK LAKE","NU, Canada",0,-1,,,,
1769,"CAN11AB001",,"https://dd.weather.gc.ca/today/hydrometric/csv/SK/hourly/SK_11AB001_hourly_hydrometric.csv","https://dd.weather.gc.ca/today/hydrometric/csv/SK/hourly/SK_11AB001_hourly_hydrometric.csv",,"Meteorological Service of Canada",3.28084,0,"",1781719800000,"MIDDLE CREEK BELOW MIDDLE CREEK RESERVOIR","SK, Canada",1,-1,,,,
1776,"CAN11AB077",,"https://dd.weather.gc.ca/today/hydrometric/csv/SK/hourly/SK_11AB077_hourly_hydrometric.csv","https://dd.weather.gc.ca/today/hydrometric/csv/SK/hourly/SK_11AB077_hourly_hydrometric.csv",,"Meteorological Service of Canada",0.94816276,0.14125868,"",1.781721e+12,"CYPRESS LAKE WEST OUTFLOW CANAL","SK, Canada",0,-1,,,,
1779,"CAN11AB085",,"https://dd.weather.gc.ca/today/hydrometric/csv/SK/hourly/SK_11AB085_hourly_hydrometric.csv","https://dd.weather.gc.ca/today/hydrometric/csv/SK/hourly/SK_11AB085_hourly_hydrometric.csv",,"Meteorological Service of Canada",2.30643052,0,"",1781721300000,"CYPRESS LAKE WEST INFLOW CANAL DRAIN","SK, Canada",0,-1,,,,
1794,"CAN11AC060",,"https://dd.weather.gc.ca/today/hydrometric/csv/SK/hourly/SK_11AC060_hourly_hydrometric.csv","https://dd.weather.gc.ca/today/hydrometric/csv/SK/hourly/SK_11AC060_hourly_hydrometric.csv",,"Meteorological Service of Canada",5.50853036,132.4300125,"",1781719800000,"CYPRESS LAKE EAST OUTFLOW CANAL","SK, Canada",1,-1,,,,
1796,"CAN11AC064",,"https://dd.weather.gc.ca/today/hydrometric/csv/SK/hourly/SK_11AC064_hourly_hydrometric.csv","https://dd.weather.gc.ca/today/hydrometric/csv/SK/hourly/SK_11AC064_hourly_hydrometric.csv",,"Meteorological Service of Canada",0.08858268,0,"",1781719800000,"BELANGER CREEK DIVERSION TO CYPRESS LAKE","SK, Canada",1,-1,,,,
6122,"MIN03157002","https://www.dnr.state.mn.us/waters/csg/site.html?id=03157002",,,"https://maps.dnr.state.mn.us/cgi-bin/csg/hydrograph_cgi.py?site=03157002&var1=262&nd=7&format=png","Minnesota DNR",10.8,30.8,"",1781715600000,"Embarrass River nr Embarrass, Kaunonen Lake Rd","MN, USA",2,-1,,,,
6135,"MIN07115001","https://www.dnr.state.mn.us/waters/csg/site.html?id=07115001",,,"https://maps.dnr.state.mn.us/cgi-bin/csg/hydrograph_cgi.py?site=07115001&var1=262&nd=7&format=png","Minnesota DNR",2.52,87.1,"",1781717400000,"Stump Lake nr Bemidji, CSAH12","MN, USA",1,-1,,,,
6157,"MIN12039001","https://www.dnr.state.mn.us/waters/csg/site.html?id=12039001",,,"https://maps.dnr.state.mn.us/cgi-bin/csg/hydrograph_cgi.py?site=12039001&var1=262&nd=7&format=png","Minnesota DNR",3.74,799,"",1781718300000,"Crow Wing River nr Pillager, Sylvan Dam Rd","MN, USA",1,-1,,,,
6160,"MIN12059002","https://www.dnr.state.mn.us/waters/csg/site.html?id=12059002",,,"https://maps.dnr.state.mn.us/cgi-bin/csg/hydrograph_cgi.py?site=12059002&var1=262&nd=7&format=png","Minnesota DNR",1504.89,0.09,"",1.779912e+12,"Straight Lake Creek nr Osage, 0.3mi us of 520th Ave","MN, USA",503,-1,,,,
6162,"MIN12059006","https://www.dnr.state.mn.us/waters/csg/site.html?id=12059006",,,"https://maps2.dnr.state.mn.us/cgi-bin/csg/hydrograph_cgi.py?site=12059006&var1=262&nd=7&format=png","Minnesota DNR",1487.12,4.03,"",1617809400000,"Straight Lake Creek nr Osage, 520th Ave","MN, USA",,-1,,,,
6167,"MIN12124002","https://www.dnr.state.mn.us/waters/csg/site.html?id=12124002",,,"https://maps.dnr.state.mn.us/cgi-bin/csg/hydrograph_cgi.py?site=12124002&var1=262&nd=7&format=png","Minnesota DNR",12.778,9.16,"",1.765899e+12,"Stoney Brook nr Lake Shore, Ridge Rd","MN, USA",4320,-1,,,,
6195,"MIN16036002","https://www.dnr.state.mn.us/waters/csg/site.html?id=16036002",,,"https://maps2.dnr.state.mn.us/cgi-bin/csg/hydrograph_cgi.py?site=16036002&var1=262&nd=7&format=png","Minnesota DNR",10.23,0.96,"",1729103400000,"Hoboken Creek at Sauk Centre, Fairy Lake Rd","MN, USA",4320,-1,,,,
6201,"MIN16061003","https://www.dnr.state.mn.us/waters/csg/site.html?id=16061003",,,"https://maps2.dnr.state.mn.us/cgi-bin/csg/hydrograph_cgi.py?site=16061003&var1=262&nd=7&format=png","Minnesota DNR",10.742,6.81,"",1729004400000,"Crooked Lake Ditch nr Osakis, CSAH3","MN, USA",4320,-1,,,,
6203,"MIN16072003","https://www.dnr.state.mn.us/waters/csg/site.html?id=16072003",,,"https://maps2.dnr.state.mn.us/cgi-bin/csg/hydrograph_cgi.py?site=16072003&var1=262&nd=7&format=png","Minnesota DNR",16.43,335.66,"",1750948200000,"Sauk River nr Little Sauk, Cedar Lake Rd","MN, USA",4320,-1,,,,
6209,"MIN17024001","https://www.dnr.state.mn.us/waters/csg/site.html?id=17024001",,,"https://maps.dnr.state.mn.us/cgi-bin/csg/hydrograph_cgi.py?site=17024001&var1=262&nd=7&format=png","Minnesota DNR",32.212,26.8,"",1781637300000,"Elk River nr Clear Lake, CSAH16","MN, USA",24,-1,,,,
6210,"MIN17046001","https://www.dnr.state.mn.us/waters/csg/site.html?id=17046001",,,"https://maps.dnr.state.mn.us/cgi-bin/csg/hydrograph_cgi.py?site=17046001&var1=262&nd=7&format=png","Minnesota DNR",0.93,149,"",1781715600000,"Elk River nr Big Lake, MN","MN, USA",2,-1,,,,
6211,"MIN17049003","https://www.dnr.state.mn.us/waters/csg/site.html?id=17049003",,,"https://maps.dnr.state.mn.us/cgi-bin/csg/hydrograph_cgi.py?site=17049003&var1=262&nd=7&format=png","Minnesota DNR",934.51,61.2,"",1781715600000,"St. Francis River nr Big Lake, 164th St","MN, USA",2,-1,,,,
6215,"MIN18003001","https://www.dnr.state.mn.us/waters/csg/site.html?id=18003001",,,"https://maps.dnr.state.mn.us/cgi-bin/csg/hydrograph_cgi.py?site=18003001&var1=262&nd=7&format=png","Minnesota DNR",42.339,4.43,"",1781637300000,"Pope Stearns JD1 nr Grove Lake, TWP891","MN, USA",24,-1,,,,
6312,"MIN35051002","https://www.dnr.state.mn.us/waters/csg/site.html?id=35051002",,,"https://maps.dnr.state.mn.us/cgi-bin/csg/hydrograph_cgi.py?site=35051002&var1=262&nd=7&format=png","Minnesota DNR",77.56,209,"",1781718300000,"Kettle River nr Willow River, Long Lake Rd","MN, USA",1,-1,,,,
6389,"MIN51017001","https://www.dnr.state.mn.us/waters/csg/site.html?id=51017001",,,"https://maps2.dnr.state.mn.us/cgi-bin/csg/hydrograph_cgi.py?site=51017001&var1=262&nd=7&format=png","Minnesota DNR",1395.55,0.03,"",1603735200000,"Heron Lake Outlet nr Heron Lake, 400th Ave","MN, USA",,-1,,,,
6405,"MIN56065001","https://www.dnr.state.mn.us/waters/csg/site.html?id=56065001",,,"https://maps.dnr.state.mn.us/cgi-bin/csg/hydrograph_cgi.py?site=56065001&var1=262&nd=7&format=png","Minnesota DNR",2.71,362,"",1781716500000,"Otter Tail River below Orwell Dam nr Fergus Falls, MN","MN, USA",2,-1,,,,
6413,"MIN58010001","https://www.dnr.state.mn.us/waters/csg/site.html?id=58010001",,,"https://maps.dnr.state.mn.us/cgi-bin/csg/hydrograph_cgi.py?site=58010001&var1=262&nd=7&format=png","Minnesota DNR",38.301,45.1,"",1.7793e+12,"Buffalo River nr Lake Park, CSAH9","MN, USA",673,-1,,,,
6414,"MIN58014001","https://www.dnr.state.mn.us/waters/csg/site.html?id=58014001",,,"https://maps.dnr.state.mn.us/cgi-bin/csg/hydrograph_cgi.py?site=58014001&var1=262&nd=7&format=png","Minnesota DNR",42.49,15.2,"",1779301800000,"Buffalo River Trib nr Lake Park, 170th Ave","MN, USA",672,-1,,,,
6437,"MIN62021001","https://www.dnr.state.mn.us/waters/csg/site.html?id=62021001",,,"https://maps.dnr.state.mn.us/cgi-bin/csg/hydrograph_cgi.py?site=62021001&var1=262&nd=7&format=png","Minnesota DNR",68.88,225,"",1781717400000,"Red Lake River nr Red Lake, MN","MN, USA",1,-1,,,,
6440,"MIN63007001","https://www.dnr.state.mn.us/waters/csg/site.html?id=63007001",,,"https://maps.dnr.state.mn.us/cgi-bin/csg/hydrograph_cgi.py?site=63007001&var1=262&nd=7&format=png","Minnesota DNR",3.11,266,"",1781715600000,"Red Lake River at High Landing nr Goodridge, MN","MN, USA",2,-1,,,,
6442,"MIN63025001","https://www.dnr.state.mn.us/waters/csg/site.html?id=63025001",,,"https://maps.dnr.state.mn.us/cgi-bin/csg/hydrograph_cgi.py?site=63025001&var1=262&nd=7&format=png","Minnesota DNR",10.82,422,"",1781717400000,"Red Lake River at Red Lake Falls, CR13","MN, USA",1,-1,,,,
6443,"MIN63057001","https://www.dnr.state.mn.us/waters/csg/site.html?id=63057001",,,"https://maps.dnr.state.mn.us/cgi-bin/csg/hydrograph_cgi.py?site=63057001&var1=262&nd=7&format=png","Minnesota DNR",4.83,508,"",1781715600000,"Red Lake River at Crookston, MN","MN, USA",2,-1,,,,
6444,"MIN63078001","https://www.dnr.state.mn.us/waters/csg/site.html?id=63078001",,,"https://maps.dnr.state.mn.us/cgi-bin/csg/hydrograph_cgi.py?site=63078001&var1=262&nd=7&format=png","Minnesota DNR",11,518,"",1781717400000,"Red Lake River at Fisher, MN","MN, USA",1,-1,,,,
6450,"MIN66050001","https://www.dnr.state.mn.us/waters/csg/site.html?id=66050001",,,"https://maps.dnr.state.mn.us/cgi-bin/csg/hydrograph_cgi.py?site=66050001&var1=262&nd=7&format=png","Minnesota DNR",5.72,167,"",1781715600000,"Clearwater River at Red Lake Falls, MN","MN, USA",2,-1,,,,
6462,"MIN70033001","https://www.dnr.state.mn.us/waters/csg/site.html?id=70033001",,,"https://maps.dnr.state.mn.us/cgi-bin/csg/hydrograph_cgi.py?site=70033001&var1=262&nd=7&format=png","Minnesota DNR",4.06,69.3,"",1781716500000,"South Branch Two Rivers at Lake Bronson, MN","MN, USA",2,-1,,,,
6472,"MIN72031003","https://www.dnr.state.mn.us/waters/csg/site.html?id=72031003",,,"https://maps.dnr.state.mn.us/cgi-bin/csg/hydrograph_cgi.py?site=72031003&var1=262&nd=7&format=png","Minnesota DNR",97.555,0.05,"",1764388800000,"Unnamed Trib to Bob Bay nr Babbitt, 0.7mi us Birch Lake","MN, USA",4320,-1,,,,
6473,"MIN72031004","https://www.dnr.state.mn.us/waters/csg/site.html?id=72031004",,,"https://maps.dnr.state.mn.us/cgi-bin/csg/hydrograph_cgi.py?site=72031004&var1=262&nd=7&format=png","Minnesota DNR",95.296,0.86,"",1.764783e+12,"Unnamed Creek at Bob Bay nr Babbitt, 0.1mi us Birch Lake","MN, USA",4320,-1,,,,
6480,"MIN72065002","https://www.dnr.state.mn.us/waters/csg/site.html?id=72065002",,,"https://maps.dnr.state.mn.us/cgi-bin/csg/hydrograph_cgi.py?site=72065002&var1=262&nd=7&format=png","Minnesota DNR",4.53,462,"",1781717400000,"South Kawishiwi River above White Iron Lake nr Ely, MN","MN, USA",1,-1,,,,
6482,"MIN73002001","https://www.dnr.state.mn.us/waters/csg/site.html?id=73002001",,,"https://maps.dnr.state.mn.us/cgi-bin/csg/hydrograph_cgi.py?site=73002001&var1=262&nd=7&format=png","Minnesota DNR",6.55,405,"",1781717400000,"Vermillion River nr Crane Lake, MN","MN, USA",1,-1,,,,
6485,"MIN74004001","https://www.dnr.state.mn.us/waters/csg/site.html?id=74004001",,,"https://maps.dnr.state.mn.us/cgi-bin/csg/hydrograph_cgi.py?site=74004001&var1=262&nd=7&format=png","Minnesota DNR",17.86,618,"",1781717400000,"Gold Portage Outlet from Kabetogama Lake nr Ray, MN","MN, USA",1,-1,,,,
6694,"NWSABEM6","https://water.noaa.gov/gauges/abem6","https://api.water.noaa.gov/nwps/v1/gauges/ABEM6/stageflow","https://api.water.noaa.gov/nwps/v1/gauges/ABEM6/stageflow","https://water.noaa.gov/resources/hydrographs/abem6_hg.png","NOAA",163.38,469,"No Flooding",1781718300000,"Tombigbee River at Aberdeen Lock and Dam","MS, USA",1,1,"No Flooding","No Flooding","No Flooding","No Flooding"
6710,"NWSACBC1","https://water.noaa.gov/gauges/acbc1","https://api.water.noaa.gov/nwps/v1/gauges/ACBC1/stageflow","https://api.water.noaa.gov/nwps/v1/gauges/ACBC1/stageflow","https://water.noaa.gov/resources/hydrographs/acbc1_hg.png","NOAA",4.53,1,"",1781720100000,"Alameda Creek at Div Dam near Sunol","CA, USA",1,-1,"","","",""
6712,"NWSACDO2","https://water.noaa.gov/gauges/acdo2","https://api.water.noaa.gov/nwps/v1/gauges/ACDO2/stageflow","https://api.water.noaa.gov/nwps/v1/gauges/ACDO2/stageflow","https://water.noaa.gov/resources/hydrographs/acdo2_hg.png","NOAA",1007.54,30300,"",1781719200000,"Deep Fork River at Arcadia Lake","OK, USA",1,-1,"","","",""
6719,"NWSACMP1","https://water.noaa.gov/gauges/acmp1","https://api.water.noaa.gov/nwps/v1/gauges/ACMP1/stageflow","https://api.water.noaa.gov/nwps/v1/gauges/ACMP1/stageflow","https://water.noaa.gov/resources/hydrographs/acmp1_hg.png","NOAA",10.53,9430,"No Flooding",1781718300000,"Allegheny River at C.W. Bill Young Lock and Dam","PA, USA",1,1,"No Flooding","No Flooding","No Flooding","No Flooding"
6738,"NWSADDM8","https://water.noaa.gov/gauges/addm8","https://api.water.noaa.gov/nwps/v1/gauges/ADDM8/stageflow","https://api.water.noaa.gov/nwps/v1/gauges/ADDM8/stageflow","https://water.noaa.gov/resources/hydrographs/addm8_hg.png","NOAA",4.37,335,"",1781718300000,"Sun River at Diversion Dam near Augusta","MT, USA",1,-1,"","","",""
6740,"NWSADDT2","https://water.noaa.gov/gauges/addt2","https://api.water.noaa.gov/nwps/v1/gauges/ADDT2/stageflow","https://api.water.noaa.gov/nwps/v1/gauges/ADDT2/stageflow","https://water.noaa.gov/resources/hydrographs/addt2_hg.png","NOAA",87.7,8850,"No Flooding",1.781721e+12,"Langham Creek at Addicks Reservoir","TX, USA",0,1,"","","",""
6822,"NWSALFW1","https://water.noaa.gov/gauges/alfw1","https://api.water.noaa.gov/nwps/v1/gauges/ALFW1/stageflow","https://api.water.noaa.gov/nwps/v1/gauges/ALFW1/stageflow","https://water.noaa.gov/resources/hydrographs/alfw1_hg.png","NOAA",2039,38500,"No Flooding",1.781712e+12,"Pend Oreille River at Albeni Falls Dam","ID, USA",3,1,"No Flooding","No Flooding","No Flooding","No Flooding"
6826,"NWSALKC1","https://water.noaa.gov/gauges/alkc1","https://api.water.noaa.gov/nwps/v1/gauges/ALKC1/stageflow","https://api.water.noaa.gov/nwps/v1/gauges/ALKC1/stageflow","https://water.noaa.gov/resources/hydrographs/alkc1_hg.png","NOAA",3.01,4,"",1.781721e+12,"Alamitos Creek at Almaden Reservoir","CA, USA",0,-1,"","","",""
6839,"NWSALMA3","https://water.noaa.gov/gauges/alma3","https://api.water.noaa.gov/nwps/v1/gauges/ALMA3/stageflow","https://api.water.noaa.gov/nwps/v1/gauges/ALMA3/stageflow","https://water.noaa.gov/resources/hydrographs/alma3_hg.png","NOAA",1102.25,86300,"No Flooding",1781719200000,"Bill Williams River at Alamo Lake","AZ, USA",1,1,"","","",""
6841,"NWSALMW3","https://water.noaa.gov/gauges/almw3","https://api.water.noaa.gov/nwps/v1/gauges/ALMW3/stageflow","https://api.water.noaa.gov/nwps/v1/gauges/ALMW3/stageflow","https://water.noaa.gov/resources/hydrographs/almw3_hg.png","NOAA",4.4,16000,"No Flooding",1781720100000,"Mississippi River at Lock and Dam 4 - Alma","WI, USA",1,1,"No Flooding","No Flooding","No Flooding","No Flooding"
6842,"NWSALNI2","https://water.noaa.gov/gauges/alni2","https://api.water.noaa.gov/nwps/v1/gauges/ALNI2/stageflow","https://api.water.noaa.gov/nwps/v1/gauges/ALNI2/stageflow","https://water.noaa.gov/resources/hydrographs/alni2_hg.png","NOAA",21.22,349000,"Minor Flood",1.781721e+12,"Mississippi River at Mel Price (Alton) Lock and Dam","IL, USA",0,3,"Minor Flood","Minor Flood","Minor Flood","Minor Flood"
6856,"NWSALTO2","https://water.noaa.gov/gauges/alto2","https://api.water.noaa.gov/nwps/v1/gauges/ALTO2/stageflow","https://api.water.noaa.gov/nwps/v1/gauges/ALTO2/stageflow","https://water.noaa.gov/resources/hydrographs/alto2_hg.png","NOAA",1536.68,34800,"",1.781721e+12,"North Fork of the Red River at Lake Altus at Lugert","OK, USA",0,-1,"","","",""
6878,"NWSAMIT2","https://water.noaa.gov/gauges/amit2","https://api.water.noaa.gov/nwps/v1/gauges/AMIT2/stageflow","https://api.water.noaa.gov/nwps/v1/gauges/AMIT2/stageflow","https://water.noaa.gov/resources/hydrographs/amit2_hg.png","NOAA",1047.55,47500,"No Flooding",1781720100000,"Rio Grande at Lake Amistad","TX, USA",1,1,"","","",""
6889,"NWSANDI1","https://water.noaa.gov/gauges/andi1","https://api.water.noaa.gov/nwps/v1/gauges/ANDI1/stageflow","https://api.water.noaa.gov/nwps/v1/gauges/ANDI1/stageflow","https://water.noaa.gov/resources/hydrographs/andi1_hg.png","NOAA",4.9,1598.71,"",1781720100000,"South Fork Boise River at Anderson Ranch Dam","ID, USA",1,-1,"","","",""
6902,"NWSANOC1","https://water.noaa.gov/gauges/anoc1","https://api.water.noaa.gov/nwps/v1/gauges/ANOC1/stageflow","https://api.water.noaa.gov/nwps/v1/gauges/ANOC1/stageflow","https://water.noaa.gov/resources/hydrographs/anoc1_hg.png","NOAA",459.86,45500,"",1781717400000,"San Antonio Creek at San Antonio Reservoir","CA, USA",1,-1,"","","",""
6905,"NWSANTC2","https://water.noaa.gov/gauges/antc2","https://api.water.noaa.gov/nwps/v1/gauges/ANTC2/stageflow","https://api.water.noaa.gov/nwps/v1/gauges/ANTC2/stageflow","https://water.noaa.gov/resources/hydrographs/antc2_hg.png","NOAA",0.69,19.6,"",1.781721e+12,"South Platte River at Antero Reservoir","CO, USA",0,-1,"","","",""
6933,"NWSARBO2","https://water.noaa.gov/gauges/arbo2","https://api.water.noaa.gov/nwps/v1/gauges/ARBO2/stageflow","https://api.water.noaa.gov/nwps/v1/gauges/ARBO2/stageflow","https://water.noaa.gov/resources/hydrographs/arbo2_hg.png","NOAA",873.16,75100,"",1781719200000,"Rock Creek (OK) at Lake of the Arbuckles","OK, USA",1,-1,"","","",""
6956,"NWSARKA1","https://water.noaa.gov/gauges/arka1","https://api.water.noaa.gov/nwps/v1/gauges/ARKA1/stageflow","https://api.water.noaa.gov/nwps/v1/gauges/ARKA1/stageflow","https://water.noaa.gov/resources/hydrographs/arka1_hg.png","NOAA",509.77,5730,"",1781719200000,"Black Warrior River at Smith Dam","AL, USA",1,-1,"","","",""
7026,"NWSATOC1","https://water.noaa.gov/gauges/atoc1","https://api.water.noaa.gov/nwps/v1/gauges/ATOC1/stageflow","https://api.water.noaa.gov/nwps/v1/gauges/ATOC1/stageflow","https://water.noaa.gov/resources/hydrographs/atoc1_hg.png","NOAA",1.95,3,"No Flooding",1.781721e+12,"Alamitos Creek at Almaden Reservoir","CA, USA",0,1,"","","",""
7034,"NWSATWI2","https://water.noaa.gov/gauges/atwi2","https://api.water.noaa.gov/nwps/v1/gauges/ATWI2/stageflow","https://api.water.noaa.gov/nwps/v1/gauges/ATWI2/stageflow","https://water.noaa.gov/resources/hydrographs/atwi2_hg.png","NOAA",5.27,213,"",1781720100000,"Lake Fork (E-IL) at Atwood","IL, USA",1,-1,"","","",""
7047,"NWSAUVC1","https://water.noaa.gov/gauges/auvc1","https://api.water.noaa.gov/nwps/v1/gauges/AUVC1/stageflow","https://api.water.noaa.gov/nwps/v1/gauges/AUVC1/stageflow","https://water.noaa.gov/resources/hydrographs/auvc1_hg.png","NOAA",4.77,3,"",1781720340000,"Uvas Creek at Uvas Reservoir at Uvas Road","CA, USA",0,-1,"","","",""
7050,"NWSAVLA1","https://water.noaa.gov/gauges/avla1","https://api.water.noaa.gov/nwps/v1/gauges/AVLA1/stageflow","https://api.water.noaa.gov/nwps/v1/gauges/AVLA1/stageflow","https://water.noaa.gov/resources/hydrographs/avla1_hg.png","NOAA",109.53,4000,"No Flooding",1781715600000,"Tombigbee River at Bevill Lock and Dam","AL, USA",2,1,"No Flooding","No Flooding","No Flooding","No Flooding"
7079,"NWSBAHN7","https://water.noaa.gov/gauges/bahn7","https://api.water.noaa.gov/nwps/v1/gauges/BAHN7/stageflow","https://api.water.noaa.gov/nwps/v1/gauges/BAHN7/stageflow","https://water.noaa.gov/resources/hydrographs/bahn7_hg.png","NOAA",0.41,0,"No Flooding",1781718300000,"Flat River at Lake Mitchie","NC, USA",1,1,"","","",""
7082,"NWSBAKC2","https://water.noaa.gov/gauges/bakc2","https://api.water.noaa.gov/nwps/v1/gauges/BAKC2/stageflow","https://api.water.noaa.gov/nwps/v1/gauges/BAKC2/stageflow","https://water.noaa.gov/resources/hydrographs/bakc2_hg.png","NOAA",4.89,70.9,"No Flooding",1781720100000,"Colorado River at Grand Lake","CO, USA",1,1,"No Flooding","No Flooding","No Flooding","No Flooding"
7087,"NWSBAKT2","https://water.noaa.gov/gauges/bakt2","https://api.water.noaa.gov/nwps/v1/gauges/BAKT2/stageflow","https://api.water.noaa.gov/nwps/v1/gauges/BAKT2/stageflow","https://water.noaa.gov/resources/hydrographs/bakt2_hg.png","NOAA",86.12,16100,"No Flooding",1.781721e+12,"Buffalo Bayou at Barker Reservoir","TX, USA",0,1,"","","",""
7137,"NWSBBRO1","https://water.noaa.gov/gauges/bbro1","https://api.water.noaa.gov/nwps/v1/gauges/BBRO1/stageflow","https://api.water.noaa.gov/nwps/v1/gauges/BBRO1/stageflow","https://water.noaa.gov/resources/hydrographs/bbro1_hg.png","NOAA",2.1,87,"",1781720100000,"Paint Creek at Paint Creek Dam at Bainbridge","OH, USA",1,-1,"","","",""
7138,"NWSBBRW4","https://water.noaa.gov/gauges/bbrw4","https://api.water.noaa.gov/nwps/v1/gauges/BBRW4/stageflow","https://api.water.noaa.gov/nwps/v1/gauges/BBRW4/stageflow","https://water.noaa.gov/resources/hydrographs/bbrw4_hg.png","NOAA",5.72,849,"No Flooding",1781719200000,"South Fork Shoshone River at Buffalo Bill Reservoir","WY, USA",1,1,"","","",""
7171,"NWSBCJI1","https://water.noaa.gov/gauges/bcji1","https://api.water.noaa.gov/nwps/v1/gauges/BCJI1/stageflow","https://api.water.noaa.gov/nwps/v1/gauges/BCJI1/stageflow","https://water.noaa.gov/resources/hydrographs/bcji1_hg.png","NOAA",,4120,"",1781711100000,"Snake River at C.J. Strike Reservoir","ID, USA",3,-1,"","","",""
7178,"NWSBCLO1","https://water.noaa.gov/gauges/bclo1","https://api.water.noaa.gov/nwps/v1/gauges/BCLO1/stageflow","https://api.water.noaa.gov/nwps/v1/gauges/BCLO1/stageflow","https://water.noaa.gov/resources/hydrographs/bclo1_hg.png","NOAA",891.96,0,"No Flooding",1781717400000,"South Fork Licking River (OH) at Buckeye Lake near Watkins Island","OH, USA",1,1,"","","",""
7199,"NWSBCRT2","https://water.noaa.gov/gauges/bcrt2","https://api.water.noaa.gov/nwps/v1/gauges/BCRT2/stageflow","https://api.water.noaa.gov/nwps/v1/gauges/BCRT2/stageflow","https://water.noaa.gov/resources/hydrographs/bcrt2_hg.png","NOAA",1742.42,22400,"No Flooding",1781718300000,"West Central Texas Lakes at Brady Creek Reservoir","TX, USA",1,1,"","","",""
7206,"NWSBCVC1","https://water.noaa.gov/gauges/bcvc1","https://api.water.noaa.gov/nwps/v1/gauges/BCVC1/stageflow","https://api.water.noaa.gov/nwps/v1/gauges/BCVC1/stageflow","https://water.noaa.gov/resources/hydrographs/bcvc1_hg.png","NOAA",5602.6,38500,"No Flooding",1781717400000,"Little Truckee River at Boca Reservoir","CA, USA",1,1,"","","",""
7223,"NWSBDDI1","https://water.noaa.gov/gauges/bddi1","https://api.water.noaa.gov/nwps/v1/gauges/BDDI1/stageflow","https://api.water.noaa.gov/nwps/v1/gauges/BDDI1/stageflow","https://water.noaa.gov/resources/hydrographs/bddi1_hg.png","NOAA",8.15,2070,"",1781720100000,"Boise River at Diversion Dam","ID, USA",1,-1,"","","",""
7224,"NWSBDDP1","https://water.noaa.gov/gauges/bddp1","https://api.water.noaa.gov/nwps/v1/gauges/BDDP1/stageflow","https://api.water.noaa.gov/nwps/v1/gauges/BDDP1/stageflow","https://water.noaa.gov/resources/hydrographs/bddp1_hg.png","NOAA",14.89,3300,"No Flooding",1781720880000,"Monongahela River at Braddock Lock and Dam","PA, USA",0,1,"No Flooding","No Flooding","No Flooding","No Flooding"
7250,"NWSBEAW3","https://water.noaa.gov/gauges/beaw3","https://api.water.noaa.gov/nwps/v1/gauges/BEAW3/stageflow","https://api.water.noaa.gov/nwps/v1/gauges/BEAW3/stageflow","https://water.noaa.gov/resources/hydrographs/beaw3_hg.png","NOAA",839.72,101,"No Flooding",1781719200000,"Beaverdam River at Beaver Dam","WI, USA",1,1,"","","",""
7251,"NWSBEAW4","https://water.noaa.gov/gauges/beaw4","https://api.water.noaa.gov/nwps/v1/gauges/BEAW4/stageflow","https://api.water.noaa.gov/nwps/v1/gauges/BEAW4/stageflow","https://water.noaa.gov/resources/hydrographs/beaw4_hg.png","NOAA",0.72,21.5,"",1781718300000,"Bear River at Woodruff Narrows Reservoir","WY, USA",1,-1,"","","",""
7294,"NWSBETN4","https://water.noaa.gov/gauges/betn4","https://api.water.noaa.gov/nwps/v1/gauges/BETN4/stageflow","https://api.water.noaa.gov/nwps/v1/gauges/BETN4/stageflow","https://water.noaa.gov/resources/hydrographs/betn4_hg.png","NOAA",7.84,19.5,"No Flooding",1781720100000,"Passaic River at Beatties Dam","NJ, USA",1,1,"","","",""
7333,"NWSBGHM2","https://water.noaa.gov/gauges/bghm2","https://api.water.noaa.gov/nwps/v1/gauges/BGHM2/stageflow","https://api.water.noaa.gov/nwps/v1/gauges/BGHM2/stageflow","https://water.noaa.gov/resources/hydrographs/bghm2_hg.png","NOAA",1.24,11.6,"No Flooding",1781718300000,"Patuxent River at Brighton Dam","MD, USA",1,1,"","","",""
7335,"NWSBGKM5","https://water.noaa.gov/gauges/bgkm5","https://api.water.noaa.gov/nwps/v1/gauges/BGKM5/stageflow","https://api.water.noaa.gov/nwps/v1/gauges/BGKM5/stageflow","https://water.noaa.gov/resources/hydrographs/bgkm5_hg.png","NOAA",934.48,53.2,"",1781719200000,"St. Francis River at Big Lake at 164th Street","MN, USA",1,-1,"","","",""
7336,"NWSBGKM8","https://water.noaa.gov/gauges/bgkm8","https://api.water.noaa.gov/nwps/v1/gauges/BGKM8/stageflow","https://api.water.noaa.gov/nwps/v1/gauges/BGKM8/stageflow","https://water.noaa.gov/resources/hydrographs/bgkm8_hg.png","NOAA",1.96,18.8,"",1781718300000,"Big Hole River at Big Lake Creek at Wisdom","MT, USA",1,-1,"","","",""
7342,"NWSBGMC2","https://water.noaa.gov/gauges/bgmc2","https://api.water.noaa.gov/nwps/v1/gauges/BGMC2/stageflow","https://api.water.noaa.gov/nwps/v1/gauges/BGMC2/stageflow","https://water.noaa.gov/resources/hydrographs/bgmc2_hg.png","NOAA",4.89,579,"No Flooding",1781719200000,"Blue River (CO) at Green Mountain Reservoir","CO, USA",1,1,"No Flooding","No Flooding","No Flooding","No Flooding"
7361,"NWSBHLO1","https://water.noaa.gov/gauges/bhlo1","https://api.water.noaa.gov/nwps/v1/gauges/BHLO1/stageflow","https://api.water.noaa.gov/nwps/v1/gauges/BHLO1/stageflow","https://water.noaa.gov/resources/hydrographs/bhlo1_hg.png","NOAA",1.04,3.7,"",1781720100000,"Tuscarawas River at Beach City Dam Tailwater","OH, USA",1,-1,"","","",""
7366,"NWSBHTN8","https://water.noaa.gov/gauges/bhtn8","https://api.water.noaa.gov/nwps/v1/gauges/BHTN8/stageflow","https://api.water.noaa.gov/nwps/v1/gauges/BHTN8/stageflow","https://water.noaa.gov/resources/hydrographs/bhtn8_hg.png","NOAA",25.2,489,"",1781719200000,"Sheyenne River at Baldhill Dam","ND, USA",1,-1,"","","",""
7373,"NWSBIGK1","https://water.noaa.gov/gauges/bigk1","https://api.water.noaa.gov/nwps/v1/gauges/BIGK1/stageflow","https://api.water.noaa.gov/nwps/v1/gauges/BIGK1/stageflow","https://water.noaa.gov/resources/hydrographs/bigk1_hg.png","NOAA",858.92,28000,"",1781719200000,"Big Hill Creek at Big Hill Lake","KS, USA",1,-1,"","","",""
7384,"NWSBIRO2","https://water.noaa.gov/gauges/biro2","https://api.water.noaa.gov/nwps/v1/gauges/BIRO2/stageflow","https://api.water.noaa.gov/nwps/v1/gauges/BIRO2/stageflow","https://water.noaa.gov/resources/hydrographs/biro2_hg.png","NOAA",750.75,19400,"No Flooding",1781719200000,"Eastern Oklahoma Lakes at Birch Lake","OK, USA",1,1,"","","",""
7385,"NWSBIRW3","https://water.noaa.gov/gauges/birw3","https://api.water.noaa.gov/nwps/v1/gauges/BIRW3/stageflow","https://api.water.noaa.gov/nwps/v1/gauges/BIRW3/stageflow","https://water.noaa.gov/resources/hydrographs/birw3_hg.png","NOAA",1011.66,4450,"No Flooding",1781719800000,"Wisconsin River at Biron Dam","WI, USA",1,1,"","","",""
7402,"NWSBKDL1","https://water.noaa.gov/gauges/bkdl1","https://api.water.noaa.gov/nwps/v1/gauges/BKDL1/stageflow","https://api.water.noaa.gov/nwps/v1/gauges/BKDL1/stageflow","https://water.noaa.gov/resources/hydrographs/bkdl1_hg.png","NOAA",97.3,2290,"Minor Flood",1781715600000,"Bundick Creek at Bundick Lake","LA, USA",2,3,"Major Flood","Moderate Flood","Major Flood","Major Flood"
7434,"NWSBLDA1","https://water.noaa.gov/gauges/blda1","https://api.water.noaa.gov/nwps/v1/gauges/BLDA1/stageflow","https://api.water.noaa.gov/nwps/v1/gauges/BLDA1/stageflow","https://water.noaa.gov/resources/hydrographs/blda1_hg.png","NOAA",187.02,30300,"No Flooding",1781717400000,"Black Warrior River at Bankhead Lock and Dam","AL, USA",1,1,"","","",""
7456,"NWSBLKT2","https://water.noaa.gov/gauges/blkt2","https://api.water.noaa.gov/nwps/v1/gauges/BLKT2/stageflow","https://api.water.noaa.gov/nwps/v1/gauges/BLKT2/stageflow","https://water.noaa.gov/resources/hydrographs/blkt2_hg.png","NOAA",1976.11,16100,"No Flooding",1781718300000,"West Central Texas Lakes at Oak Creek Reservoir","TX, USA",1,1,"","","",""
7507,"NWSBMRP1","https://water.noaa.gov/gauges/bmrp1","https://api.water.noaa.gov/nwps/v1/gauges/BMRP1/stageflow","https://api.water.noaa.gov/nwps/v1/gauges/BMRP1/stageflow","https://water.noaa.gov/resources/hydrographs/bmrp1_hg.png","NOAA",2.49,74,"",1781720100000,"Tulpehocken Creek at Blue Marsh Dam","PA, USA",1,-1,"","","",""
7546,"NWSBONN4","https://water.noaa.gov/gauges/bonn4","https://api.water.noaa.gov/nwps/v1/gauges/BONN4/stageflow","https://api.water.noaa.gov/nwps/v1/gauges/BONN4/stageflow","https://water.noaa.gov/resources/hydrographs/bonn4_hg.png","NOAA",1.6,10,"No Flooding",1781719200000,"Rockaway River at Boonton below reservoir","NJ, USA",1,1,"No Flooding","No Flooding","No Flooding",""
7547,"NWSBOOI3","https://water.noaa.gov/gauges/booi3","https://api.water.noaa.gov/nwps/v1/gauges/BOOI3/stageflow","https://api.water.noaa.gov/nwps/v1/gauges/BOOI3/stageflow","https://water.noaa.gov/resources/hydrographs/booi3_hg.png","NOAA",3.96,463,"",1781718300000,"East Fork Whitewater River at Brookville Lake","IN, USA",1,-1,"","","",""
7556,"NWSBOTN4","https://water.noaa.gov/gauges/botn4","https://api.water.noaa.gov/nwps/v1/gauges/BOTN4/stageflow","https://api.water.noaa.gov/nwps/v1/gauges/BOTN4/stageflow","https://water.noaa.gov/resources/hydrographs/botn4_hg.png","NOAA",0.86,49.4,"No Flooding",1781717400000,"Rockaway River at Boonton above reservoir","NJ, USA",1,1,"No Flooding","No Flooding","No Flooding",""
7575,"NWSBPRC1","https://water.noaa.gov/gauges/bprc1","https://api.water.noaa.gov/nwps/v1/gauges/BPRC1/stageflow","https://api.water.noaa.gov/nwps/v1/gauges/BPRC1/stageflow","https://water.noaa.gov/resources/hydrographs/bprc1_hg.png","NOAA",6458.38,37800,"No Flooding",1781717400000,"East Walker River at Bridgeport Reservoir","CA, USA",1,1,"","","",""
7646,"NWSBRMN8","https://water.noaa.gov/gauges/brmn8","https://api.water.noaa.gov/nwps/v1/gauges/BRMN8/stageflow","https://api.water.noaa.gov/nwps/v1/gauges/BRMN8/stageflow","https://water.noaa.gov/resources/hydrographs/brmn8_hg.png","NOAA",19.65,188,"",1781719200000,"Sheyenne River at Devils Lake State Outlet near Bremen","ND, USA",1,-1,"","","",""
7664,"NWSBRRA2","https://water.noaa.gov/gauges/brra2","https://api.water.noaa.gov/nwps/v1/gauges/BRRA2/stageflow","https://api.water.noaa.gov/nwps/v1/gauges/BRRA2/stageflow","https://water.noaa.gov/resources/hydrographs/brra2_hg.png","NOAA",2.58,29.2,"",1781720100000,"Bradley River at Dam nr Homer","AK, USA",1,-1,"","","",""
7675,"NWSBRTA3","https://water.noaa.gov/gauges/brta3","https://api.water.noaa.gov/nwps/v1/gauges/BRTA3/stageflow","https://api.water.noaa.gov/nwps/v1/gauges/BRTA3/stageflow","https://water.noaa.gov/resources/hydrographs/brta3_hg.png","NOAA",1774.6,120000,"",1781715600000,"Verde River at Bartlett Lake","AZ, USA",2,-1,"","","",""
7692,"NWSBRWO1","https://water.noaa.gov/gauges/brwo1","https://api.water.noaa.gov/nwps/v1/gauges/BRWO1/stageflow","https://api.water.noaa.gov/nwps/v1/gauges/BRWO1/stageflow","https://water.noaa.gov/resources/hydrographs/brwo1_hg.png","NOAA",2.47,236,"No Flooding",1781720100000,"Mahoning River at Berlin Dam","OH, USA",1,1,"No Flooding","No Flooding","No Flooding","No Flooding"
7693,"NWSBRWU1","https://water.noaa.gov/gauges/brwu1","https://api.water.noaa.gov/nwps/v1/gauges/BRWU1/stageflow","https://api.water.noaa.gov/nwps/v1/gauges/BRWU1/stageflow","https://water.noaa.gov/resources/hydrographs/brwu1_hg.png","NOAA",3.46,121,"No Flooding",1781718300000,"Bear River at Woodruff Narrows Reservoir","WY, USA",1,1,"No Flooding","No Flooding","No Flooding","No Flooding"
7744,"NWSBTBC2","https://water.noaa.gov/gauges/btbc2","https://api.water.noaa.gov/nwps/v1/gauges/BTBC2/stageflow","https://api.water.noaa.gov/nwps/v1/gauges/BTBC2/stageflow","https://water.noaa.gov/resources/hydrographs/btbc2_hg.png","NOAA",1.6,123,"No Flooding",1781720400000,"Big Thompson River (CO) at Lake Estes","CO, USA",0,1,"","","",""
7779,"NWSBUDT2","https://water.noaa.gov/gauges/budt2","https://api.water.noaa.gov/nwps/v1/gauges/BUDT2/stageflow","https://api.water.noaa.gov/nwps/v1/gauges/BUDT2/stageflow","https://water.noaa.gov/resources/hydrographs/budt2_hg.png","NOAA",1019.75,59700,"",1781719200000,"Colorado River (TX) at Lake Buchanan","TX, USA",1,-1,"","","",""
7789,"NWSBUMW1","https://water.noaa.gov/gauges/bumw1","https://api.water.noaa.gov/nwps/v1/gauges/BUMW1/stageflow","https://api.water.noaa.gov/nwps/v1/gauges/BUMW1/stageflow","https://water.noaa.gov/resources/hydrographs/bumw1_hg.png","NOAA",2.87,254,"",1781717400000,"Bumping River at Bumping Dam","WA, USA",1,-1,"","","",""
7841,"NWSBWMI1","https://water.noaa.gov/gauges/bwmi1","https://api.water.noaa.gov/nwps/v1/gauges/BWMI1/stageflow","https://api.water.noaa.gov/nwps/v1/gauges/BWMI1/stageflow","https://water.noaa.gov/resources/hydrographs/bwmi1_hg.png","NOAA",4.73,923,"No Flooding",1.781721e+12,"Big Wood River at Magic Dam","ID, USA",0,1,"No Flooding","No Flooding","No Flooding","No Flooding"
7881,"NWSCAGM7","https://water.noaa.gov/gauges/cagm7","https://api.water.noaa.gov/nwps/v1/gauges/CAGM7/stageflow","https://api.water.noaa.gov/nwps/v1/gauges/CAGM7/stageflow","https://water.noaa.gov/resources/hydrographs/cagm7_hg.png","NOAA",25.29,196000,"Action Stage",1.781721e+12,"Mississippi River at Winfield Lock and Dam 25","MO, USA",0,2,"Action Stage","Action Stage","Action Stage","Action Stage"
7885,"NWSCALC1","https://water.noaa.gov/gauges/calc1","https://api.water.noaa.gov/nwps/v1/gauges/CALC1/stageflow","https://api.water.noaa.gov/nwps/v1/gauges/CALC1/stageflow","https://water.noaa.gov/resources/hydrographs/calc1_hg.png","NOAA",1.42,1,"No Flooding",1.781721e+12,"Calero Creek at Calero Dam","CA, USA",0,1,"","","",""
7887,"NWSCALK2","https://water.noaa.gov/gauges/calk2","https://api.water.noaa.gov/nwps/v1/gauges/CALK2/stageflow","https://api.water.noaa.gov/nwps/v1/gauges/CALK2/stageflow","https://water.noaa.gov/resources/hydrographs/calk2_hg.png","NOAA",10.97,3830,"No Flooding",1781719200000,"Green River (KY) at Calhoun Lock and Dam","KY, USA",1,1,"No Flooding","No Flooding","No Flooding","No Flooding"
7903,"NWSCANM7","https://water.noaa.gov/gauges/canm7","https://api.water.noaa.gov/nwps/v1/gauges/CANM7/stageflow","https://api.water.noaa.gov/nwps/v1/gauges/CANM7/stageflow","https://water.noaa.gov/resources/hydrographs/canm7_hg.png","NOAA",11.21,151000,"No Flooding",1781719200000,"Mississippi River at Canton Lock and Dam 20","MO, USA",1,1,"No Flooding","No Flooding","No Flooding","No Flooding"
7946,"NWSCBBI1","https://water.noaa.gov/gauges/cbbi1","https://api.water.noaa.gov/nwps/v1/gauges/CBBI1/stageflow","https://api.water.noaa.gov/nwps/v1/gauges/CBBI1/stageflow","https://water.noaa.gov/resources/hydrographs/cbbi1_hg.png","NOAA",13.41,28700,"",1781718300000,"Clark Fork River at Cabinet Gorge Dam","ID, USA",1,-1,"","","",""
7958,"NWSCBLN2","https://water.noaa.gov/gauges/cbln2","https://api.water.noaa.gov/nwps/v1/gauges/CBLN2/stageflow","https://api.water.noaa.gov/nwps/v1/gauges/CBLN2/stageflow","https://water.noaa.gov/resources/hydrographs/cbln2_hg.png","NOAA",5.08,775,"",1781720700000,"Carson River at Lahontan Dam","NV, USA",0,-1,"","","",""
7974,"NWSCBUM6","https://water.noaa.gov/gauges/cbum6","https://api.water.noaa.gov/nwps/v1/gauges/CBUM6/stageflow","https://api.water.noaa.gov/nwps/v1/gauges/CBUM6/stageflow","https://water.noaa.gov/resources/hydrographs/cbum6_hg.png","NOAA",136.76,1750,"No Flooding",1781718300000,"Tombigbee River at Stennis Lock and Dam","MS, USA",1,1,"No Flooding","No Flooding","No Flooding","No Flooding"
7985,"NWSCCDP1","https://water.noaa.gov/gauges/ccdp1","https://api.water.noaa.gov/nwps/v1/gauges/CCDP1/stageflow","https://api.water.noaa.gov/nwps/v1/gauges/CCDP1/stageflow","https://water.noaa.gov/resources/hydrographs/ccdp1_hg.png","NOAA",1.73,288,"No Flooding",1781718300000,"Crooked Creek at Crooked Creek Dam Tailwater","PA, USA",1,1,"No Flooding","No Flooding","No Flooding","No Flooding"
8021,"NWSCCRT2","https://water.noaa.gov/gauges/ccrt2","https://api.water.noaa.gov/nwps/v1/gauges/CCRT2/stageflow","https://api.water.noaa.gov/nwps/v1/gauges/CCRT2/stageflow","https://water.noaa.gov/resources/hydrographs/ccrt2_hg.png","NOAA",2061.12,20600,"",1781720100000,"Champion Creek at Champion Creek Reservoir","TX, USA",1,-1,"","","",""
8106,"NWSCGRO3","https://water.noaa.gov/gauges/cgro3","https://api.water.noaa.gov/nwps/v1/gauges/CGRO3/stageflow","https://api.water.noaa.gov/nwps/v1/gauges/CGRO3/stageflow","https://water.noaa.gov/resources/hydrographs/cgro3_hg.png","NOAA",1.29,318,"",1.781721e+12,"South Fork McKenzie River at Cougar Dam","OR, USA",0,-1,"","","",""
8116,"NWSCHAO1","https://water.noaa.gov/gauges/chao1","https://api.water.noaa.gov/nwps/v1/gauges/CHAO1/stageflow","https://api.water.noaa.gov/nwps/v1/gauges/CHAO1/stageflow","https://water.noaa.gov/resources/hydrographs/chao1_hg.png","NOAA",984.09,48.8,"No Flooding",1781720100000,"Black Fork Mohican River at Charles Mills Dam","OH, USA",1,1,"","","",""
8146,"NWSCHKW1","https://water.noaa.gov/gauges/chkw1","https://api.water.noaa.gov/nwps/v1/gauges/CHKW1/stageflow","https://api.water.noaa.gov/nwps/v1/gauges/CHKW1/stageflow","https://water.noaa.gov/resources/hydrographs/chkw1_hg.png","NOAA",7.28,27,"",1781720100000,"Chamokane Creek at Falls near Long Lake","WA, USA",1,-1,"","","",""
8156,"NWSCHNK1","https://water.noaa.gov/gauges/chnk1","https://api.water.noaa.gov/nwps/v1/gauges/CHNK1/stageflow","https://api.water.noaa.gov/nwps/v1/gauges/CHNK1/stageflow","https://water.noaa.gov/resources/hydrographs/chnk1_hg.png","NOAA",1422.15,172000,"",1781715600000,"Ninnescah River at Cheney Reservoir","KS, USA",2,-1,"","","",""
8211,"NWSCKDT2","https://water.noaa.gov/gauges/ckdt2","https://api.water.noaa.gov/nwps/v1/gauges/CKDT2/stageflow","https://api.water.noaa.gov/nwps/v1/gauges/CKDT2/stageflow","https://water.noaa.gov/resources/hydrographs/ckdt2_hg.png","NOAA",95.92,35900,"",1781719200000,"Coleto Creek at Coleto Creek Reservoir","TX, USA",1,-1,"","","",""
8229,"NWSCLBA1","https://water.noaa.gov/gauges/clba1","https://api.water.noaa.gov/nwps/v1/gauges/CLBA1/stageflow","https://api.water.noaa.gov/nwps/v1/gauges/CLBA1/stageflow","https://water.noaa.gov/resources/hydrographs/clba1_hg.png","NOAA",15.25,18200,"No Flooding",1781718300000,"Alabama River at Claiborne Dam","AL, USA",1,1,"No Flooding","No Flooding","No Flooding","No Flooding"
8236,"NWSCLDA1","https://water.noaa.gov/gauges/clda1","https://api.water.noaa.gov/nwps/v1/gauges/CLDA1/stageflow","https://api.water.noaa.gov/nwps/v1/gauges/CLDA1/stageflow","https://water.noaa.gov/resources/hydrographs/clda1_hg.png","NOAA",10.73,15800,"No Flooding",1.781721e+12,"Tombigbee River at Coffeeville Dam","AL, USA",0,1,"Action Stage","No Flooding","No Flooding","Action Stage"
8237,"NWSCLDA3","https://water.noaa.gov/gauges/clda3","https://api.water.noaa.gov/nwps/v1/gauges/CLDA3/stageflow","https://api.water.noaa.gov/nwps/v1/gauges/CLDA3/stageflow","https://water.noaa.gov/resources/hydrographs/clda3_hg.png","NOAA",2395.77,779,"No Flooding",1.781721e+12,"Gila River at Coolidge Dam","AZ, USA",0,1,"","","",""
8249,"NWSCLFI2","https://water.noaa.gov/gauges/clfi2","https://api.water.noaa.gov/nwps/v1/gauges/CLFI2/stageflow","https://api.water.noaa.gov/nwps/v1/gauges/CLFI2/stageflow","https://water.noaa.gov/resources/hydrographs/clfi2_hg.png","NOAA",5.6,194,"",1781717400000,"Lake Fork (Central IL) at Cornland","IL, USA",1,-1,"","","",""
8254,"NWSCLGL1","https://water.noaa.gov/gauges/clgl1","https://api.water.noaa.gov/nwps/v1/gauges/CLGL1/stageflow","https://api.water.noaa.gov/nwps/v1/gauges/CLGL1/stageflow","https://water.noaa.gov/resources/hydrographs/clgl1_hg.png","NOAA",2.01,417,"",1781717400000,"Bayou Lafourche (NE LA) at Crew Lake","LA, USA",1,-1,"","","",""
8259,"NWSCLKC1","https://water.noaa.gov/gauges/clkc1","https://api.water.noaa.gov/nwps/v1/gauges/CLKC1/stageflow","https://api.water.noaa.gov/nwps/v1/gauges/CLKC1/stageflow","https://water.noaa.gov/resources/hydrographs/clkc1_hg.png","NOAA",6.04,249000,"No Flooding",1781716500000,"Clear Lake at Lakeport","CA, USA",2,1,"No Flooding","No Flooding","No Flooding","No Flooding"
8261,"NWSCLKM5","https://water.noaa.gov/gauges/clkm5","https://api.water.noaa.gov/nwps/v1/gauges/CLKM5/stageflow","https://api.water.noaa.gov/nwps/v1/gauges/CLKM5/stageflow","https://water.noaa.gov/resources/hydrographs/clkm5_hg.png","NOAA",6.55,390,"No Flooding",1781717400000,"Vermilion River (MN) at Crane Lake","MN, USA",1,1,"","","",""
8262,"NWSCLKM7","https://water.noaa.gov/gauges/clkm7","https://api.water.noaa.gov/nwps/v1/gauges/CLKM7/stageflow","https://api.water.noaa.gov/nwps/v1/gauges/CLKM7/stageflow","https://water.noaa.gov/resources/hydrographs/clkm7_hg.png","NOAA",24.96,193000,"Action Stage",1.781721e+12,"Mississippi River at Clarksville Lock and Dam 24","MO, USA",0,2,"Action Stage","Action Stage","Action Stage","Action Stage"
8281,"NWSCLNP1","https://water.noaa.gov/gauges/clnp1","https://api.water.noaa.gov/nwps/v1/gauges/CLNP1/stageflow","https://api.water.noaa.gov/nwps/v1/gauges/CLNP1/stageflow","https://water.noaa.gov/resources/hydrographs/clnp1_hg.png","NOAA",9.77,6930,"No Flooding",1781719200000,"Allegheny River at Clinton Lock and Dam","PA, USA",1,1,"No Flooding","No Flooding","No Flooding","No Flooding"
8290,"NWSCLRT2","https://water.noaa.gov/gauges/clrt2","https://api.water.noaa.gov/nwps/v1/gauges/CLRT2/stageflow","https://api.water.noaa.gov/nwps/v1/gauges/CLRT2/stageflow","https://water.noaa.gov/resources/hydrographs/clrt2_hg.png","NOAA",2058.23,19100,"",1781719200000,"Morgan Creek (TX) at Lake Colorado City","TX, USA",1,-1,"","","",""
8323,"NWSCMDP1","https://water.noaa.gov/gauges/cmdp1","https://api.water.noaa.gov/nwps/v1/gauges/CMDP1/stageflow","https://api.water.noaa.gov/nwps/v1/gauges/CMDP1/stageflow","https://water.noaa.gov/resources/hydrographs/cmdp1_hg.png","NOAA",3.3,915,"No Flooding",1781720100000,"Conemaugh River at Conemaugh Lake Tailwater","PA, USA",1,1,"No Flooding","No Flooding","No Flooding","No Flooding"
8368,"NWSCNGK1","https://water.noaa.gov/gauges/cngk1","https://api.water.noaa.gov/nwps/v1/gauges/CNGK1/stageflow","https://api.water.noaa.gov/nwps/v1/gauges/CNGK1/stageflow","https://water.noaa.gov/resources/hydrographs/cngk1_hg.png","NOAA",1279.25,67600,"No Flooding",1781719200000,"Neosho River at Council Grove Lake","KS, USA",1,1,"","","",""
8371,"NWSCNLO2","https://water.noaa.gov/gauges/cnlo2","https://api.water.noaa.gov/nwps/v1/gauges/CNLO2/stageflow","https://api.water.noaa.gov/nwps/v1/gauges/CNLO2/stageflow","https://water.noaa.gov/resources/hydrographs/cnlo2_hg.png","NOAA",1615.55,112000,"",1781719200000,"North Canadian River at Canton Lake","OK, USA",1,-1,"","","",""
8388,"NWSCNWM2","https://water.noaa.gov/gauges/cnwm2","https://api.water.noaa.gov/nwps/v1/gauges/CNWM2/stageflow","https://api.water.noaa.gov/nwps/v1/gauges/CNWM2/stageflow","https://water.noaa.gov/resources/hydrographs/cnwm2_hg.png","NOAA",9.5,5940,"No Flooding",1781717700000,"Susquehanna River at Conowingo Dam","MD, USA",1,1,"","","",""
8420,"NWSCOLL1","https://water.noaa.gov/gauges/coll1","https://api.water.noaa.gov/nwps/v1/gauges/COLL1/stageflow","https://api.water.noaa.gov/nwps/v1/gauges/COLL1/stageflow","https://water.noaa.gov/resources/hydrographs/coll1_hg.png","NOAA",49,28600,"No Flooding",1781690400000,"Ouachita River at Columbia Lock and Dam","LA, USA",9,1,"No Flooding","No Flooding","No Flooding","No Flooding"
8484,"NWSCPLO2","https://water.noaa.gov/gauges/cplo2","https://api.water.noaa.gov/nwps/v1/gauges/CPLO2/stageflow","https://api.water.noaa.gov/nwps/v1/gauges/CPLO2/stageflow","https://water.noaa.gov/resources/hydrographs/cplo2_hg.png","NOAA",710.39,45100,"No Flooding",1781719200000,"Eastern Oklahoma Lakes at Copan Lake","OK, USA",1,1,"","","",""
8496,"NWSCRAO3","https://water.noaa.gov/gauges/crao3","https://api.water.noaa.gov/nwps/v1/gauges/CRAO3/stageflow","https://api.water.noaa.gov/nwps/v1/gauges/CRAO3/stageflow","https://water.noaa.gov/resources/hydrographs/crao3_hg.png","NOAA",4.99,107,"",1781718300000,"Deschutes River (OR) at Crane Prairie Reservoir","OR, USA",1,-1,"","","",""
8524,"NWSCRKM5","https://water.noaa.gov/gauges/crkm5","https://api.water.noaa.gov/nwps/v1/gauges/CRKM5/stageflow","https://api.water.noaa.gov/nwps/v1/gauges/CRKM5/stageflow","https://water.noaa.gov/resources/hydrographs/crkm5_hg.png","NOAA",4.83,474,"No Flooding",1781719200000,"Red Lake River at Crookston","MN, USA",1,1,"","","",""
8527,"NWSCRLI2","https://water.noaa.gov/gauges/crli2","https://api.water.noaa.gov/nwps/v1/gauges/CRLI2/stageflow","https://api.water.noaa.gov/nwps/v1/gauges/CRLI2/stageflow","https://water.noaa.gov/resources/hydrographs/crli2_hg.png","NOAA",412.06,165,"No Flooding",1781719200000,"Kaskaskia River at Carlyle Dam Tailwater","IL, USA",1,1,"","","",""
8534,"NWSCRMT2","https://water.noaa.gov/gauges/crmt2","https://api.water.noaa.gov/nwps/v1/gauges/CRMT2/stageflow","https://api.water.noaa.gov/nwps/v1/gauges/CRMT2/stageflow","https://water.noaa.gov/resources/hydrographs/crmt2_hg.png","NOAA",0.76,469,"",1781720100000,"Rio Grande at Amistad Dam","TX, USA",1,-1,"","","",""
8540,"NWSCROM4","https://water.noaa.gov/gauges/crom4","https://api.water.noaa.gov/nwps/v1/gauges/CROM4/stageflow","https://api.water.noaa.gov/nwps/v1/gauges/CROM4/stageflow","https://water.noaa.gov/resources/hydrographs/crom4_hg.png","NOAA",5.48,1730,"No Flooding",1781716500000,"Muskegon River at Croton Dam","MI, USA",2,1,"","","",""
8542,"NWSCROW3","https://water.noaa.gov/gauges/crow3","https://api.water.noaa.gov/nwps/v1/gauges/CROW3/stageflow","https://api.water.noaa.gov/nwps/v1/gauges/CROW3/stageflow","https://water.noaa.gov/resources/hydrographs/crow3_hg.png","NOAA",846.1,4948,"No Flooding",1781719800000,"Wisconsin River at Castle Rock Dam","WI, USA",1,1,"","","",""
8544,"NWSCRPO3","https://water.noaa.gov/gauges/crpo3","https://api.water.noaa.gov/nwps/v1/gauges/CRPO3/stageflow","https://api.water.noaa.gov/nwps/v1/gauges/CRPO3/stageflow","https://water.noaa.gov/resources/hydrographs/crpo3_hg.png","NOAA",2.84,2,"",1781715600000,"Crooked River (OR) at Prineville Reservoir","OR, USA",2,-1,"","","",""
8561,"NWSCRVI4","https://water.noaa.gov/gauges/crvi4","https://api.water.noaa.gov/nwps/v1/gauges/CRVI4/stageflow","https://api.water.noaa.gov/nwps/v1/gauges/CRVI4/stageflow","https://water.noaa.gov/resources/hydrographs/crvi4_hg.png","NOAA",683.88,0.3,"No Flooding",1781719200000,"Iowa River at Coralville Dam","IA, USA",1,1,"","","",""
8576,"NWSCSDI1","https://water.noaa.gov/gauges/csdi1","https://api.water.noaa.gov/nwps/v1/gauges/CSDI1/stageflow","https://api.water.noaa.gov/nwps/v1/gauges/CSDI1/stageflow","https://water.noaa.gov/resources/hydrographs/csdi1_hg.png","NOAA",12.82,2300,"No Flooding",1781718300000,"Payette River at Cascade Dam","ID, USA",1,1,"No Flooding","No Flooding","No Flooding","No Flooding"
8583,"NWSCSHW1","https://water.noaa.gov/gauges/cshw1","https://api.water.noaa.gov/nwps/v1/gauges/CSHW1/stageflow","https://api.water.noaa.gov/nwps/v1/gauges/CSHW1/stageflow","https://water.noaa.gov/resources/hydrographs/cshw1_hg.png","NOAA",,159,"",1.781712e+12,"North Fork Skokomish River at Cushman Dam","WA, USA",3,-1,"","","",""
8588,"NWSCSRC1","https://water.noaa.gov/gauges/csrc1","https://api.water.noaa.gov/nwps/v1/gauges/CSRC1/stageflow","https://api.water.noaa.gov/nwps/v1/gauges/CSRC1/stageflow","https://water.noaa.gov/resources/hydrographs/csrc1_hg.png","NOAA",276.39,45500,"No Flooding",1781717400000,"Lower Crystal Springs Reservoir at Dam","CA, USA",1,1,"","","",""
8595,"NWSCSVM4","https://water.noaa.gov/gauges/csvm4","https://api.water.noaa.gov/nwps/v1/gauges/CSVM4/stageflow","https://api.water.noaa.gov/nwps/v1/gauges/CSVM4/stageflow","https://water.noaa.gov/resources/hydrographs/csvm4_hg.png","NOAA",8.46,1230,"",1781720100000,"Au Sable River at Curtisville (Alcona Dam)","MI, USA",1,-1,"","","",""
8603,"NWSCTDN5","https://water.noaa.gov/gauges/ctdn5","https://api.water.noaa.gov/nwps/v1/gauges/CTDN5/stageflow","https://api.water.noaa.gov/nwps/v1/gauges/CTDN5/stageflow","https://water.noaa.gov/resources/hydrographs/ctdn5_hg.png","NOAA",1.75,171,"No Flooding",1781720100000,"Rio Grande at Cochiti Dam","NM, USA",1,1,"No Flooding","No Flooding","No Flooding","No Flooding"
8636,"NWSCULC1","https://water.noaa.gov/gauges/culc1","https://api.water.noaa.gov/nwps/v1/gauges/CULC1/stageflow","https://api.water.noaa.gov/nwps/v1/gauges/CULC1/stageflow","https://water.noaa.gov/resources/hydrographs/culc1_hg.png","NOAA",2.19,0,"",1781718600000,"Cull Creek at Cull Creek Reservoir near Castro Valley","CA, USA",1,-1,"","","",""
8648,"NWSCVQC1","https://water.noaa.gov/gauges/cvqc1","https://api.water.noaa.gov/nwps/v1/gauges/CVQC1/stageflow","https://api.water.noaa.gov/nwps/v1/gauges/CVQC1/stageflow","https://water.noaa.gov/resources/hydrographs/cvqc1_hg.png","NOAA",728.12,60900,"",1781718300000,"Calaveras Reservoir   at ","CA, USA",1,-1,"","","",""
8677,"NWSCYDO2","https://water.noaa.gov/gauges/cydo2","https://api.water.noaa.gov/nwps/v1/gauges/CYDO2/stageflow","https://api.water.noaa.gov/nwps/v1/gauges/CYDO2/stageflow","https://water.noaa.gov/resources/hydrographs/cydo2_hg.png","NOAA",599.39,307000,"No Flooding",1781719200000,"Eastern Oklahoma Lakes at Sardis Lake","OK, USA",1,1,"","","",""
8684,"NWSCYNS2","https://water.noaa.gov/gauges/cyns2","https://api.water.noaa.gov/nwps/v1/gauges/CYNS2/stageflow","https://api.water.noaa.gov/nwps/v1/gauges/CYNS2/stageflow","https://water.noaa.gov/resources/hydrographs/cyns2_hg.png","NOAA",2.14,45,"No Flooding",1781720700000,"Rapid Creek at Canyon Lake near Rapid City","SD, USA",0,1,"","","",""
8821,"NWSDFBS2","https://water.noaa.gov/gauges/dfbs2","https://api.water.noaa.gov/nwps/v1/gauges/DFBS2/stageflow","https://api.water.noaa.gov/nwps/v1/gauges/DFBS2/stageflow","https://water.noaa.gov/resources/hydrographs/dfbs2_hg.png","NOAA",3.52,9,"No Flooding",1781718300000,"Castle Creek at Deerfield Reservoir","SD, USA",1,1,"","","",""
8825,"NWSDFNO1","https://water.noaa.gov/gauges/dfno1","https://api.water.noaa.gov/nwps/v1/gauges/DFNO1/stageflow","https://api.water.noaa.gov/nwps/v1/gauges/DFNO1/stageflow","https://water.noaa.gov/resources/hydrographs/dfno1_hg.png","NOAA",2.21,1590,"No Flooding",1781715600000,"Maumee River at Defiance (Independence Dam)","OH, USA",2,1,"","","",""
8854,"NWSDKRC2","https://water.noaa.gov/gauges/dkrc2","https://api.water.noaa.gov/nwps/v1/gauges/DKRC2/stageflow","https://api.water.noaa.gov/nwps/v1/gauges/DKRC2/stageflow","https://water.noaa.gov/resources/hydrographs/dkrc2_hg.png","NOAA",1.61,254,"No Flooding",1781719200000,"South Platte River at Cheesman Reservoir","CO, USA",1,1,"","","",""
8855,"NWSDKRM8","https://water.noaa.gov/gauges/dkrm8","https://api.water.noaa.gov/nwps/v1/gauges/DKRM8/stageflow","https://api.water.noaa.gov/nwps/v1/gauges/DKRM8/stageflow","https://water.noaa.gov/resources/hydrographs/dkrm8_hg.png","NOAA",11.05,243,"",1.781721e+12,"Tongue River at Tongue River Reservoir","MT, USA",0,-1,"","","",""
8863,"NWSDLDA1","https://water.noaa.gov/gauges/dlda1","https://api.water.noaa.gov/nwps/v1/gauges/DLDA1/stageflow","https://api.water.noaa.gov/nwps/v1/gauges/DLDA1/stageflow","https://water.noaa.gov/resources/hydrographs/dlda1_hg.png","NOAA",37.87,11100,"No Flooding",1781720100000,"Tombigbee River at Demopolis Lock and Dam","AL, USA",1,1,"No Flooding","No Flooding","No Flooding","No Flooding"
8869,"NWSDLLO1","https://water.noaa.gov/gauges/dllo1","https://api.water.noaa.gov/nwps/v1/gauges/DLLO1/stageflow","https://api.water.noaa.gov/nwps/v1/gauges/DLLO1/stageflow","https://water.noaa.gov/resources/hydrographs/dllo1_hg.png","NOAA",4.68,456,"",1781720100000,"Licking River (OH) at Dillon Dam Tailwater","OH, USA",1,-1,"","","",""
8948,"NWSDRBO3","https://water.noaa.gov/gauges/drbo3","https://api.water.noaa.gov/nwps/v1/gauges/DRBO3/stageflow","https://api.water.noaa.gov/nwps/v1/gauges/DRBO3/stageflow","https://water.noaa.gov/resources/hydrographs/drbo3_hg.png","NOAA",2.8,21,"",1781719200000,"Donner und Blitzen River at Sodhouse Dam","OR, USA",1,-1,"","","",""
8983,"NWSDSHP1","https://water.noaa.gov/gauges/dshp1","https://api.water.noaa.gov/nwps/v1/gauges/DSHP1/stageflow","https://api.water.noaa.gov/nwps/v1/gauges/DSHP1/stageflow","https://water.noaa.gov/resources/hydrographs/dshp1_hg.png","NOAA",14.59,18000,"No Flooding",1781720100000,"Ohio River at Dashields Lock and Dam","PA, USA",1,1,"No Flooding","No Flooding","No Flooding","No Flooding"
8989,"NWSDSNT2","https://water.noaa.gov/gauges/dsnt2","https://api.water.noaa.gov/nwps/v1/gauges/DSNT2/stageflow","https://api.water.noaa.gov/nwps/v1/gauges/DSNT2/stageflow","https://water.noaa.gov/resources/hydrographs/dsnt2_hg.png","NOAA",618.83,2740000,"",1781719200000,"Red River at Lake Texoma near Denison","TX, USA",1,-1,"","","",""
8994,"NWSDSTT2","https://water.noaa.gov/gauges/dstt2","https://api.water.noaa.gov/nwps/v1/gauges/DSTT2/stageflow","https://api.water.noaa.gov/nwps/v1/gauges/DSTT2/stageflow","https://water.noaa.gov/resources/hydrographs/dstt2_hg.png","NOAA",4.05,66.1,"",1781719200000,"Red River at Denison Dam near Denison","TX, USA",1,-1,"","","",""
9000,"NWSDUBW3","https://water.noaa.gov/gauges/dubw3","https://api.water.noaa.gov/nwps/v1/gauges/DUBW3/stageflow","https://api.water.noaa.gov/nwps/v1/gauges/DUBW3/stageflow","https://water.noaa.gov/resources/hydrographs/dubw3_hg.png","NOAA",1089.95,0,"No Flooding",1781719800000,"Wisconsin River at Dubay Dam","WI, USA",1,1,"","","",""
9030,"NWSDWNN6","https://water.noaa.gov/gauges/dwnn6","https://api.water.noaa.gov/nwps/v1/gauges/DWNN6/stageflow","https://api.water.noaa.gov/nwps/v1/gauges/DWNN6/stageflow","https://water.noaa.gov/resources/hydrographs/dwnn6_hg.png","NOAA",3.11,156,"No Flooding",1781718300000,"East Branch Delaware River at Downsville below Pepacton Dam","NY, USA",1,1,"","","",""
9064,"NWSEBNN5","https://water.noaa.gov/gauges/ebnn5","https://api.water.noaa.gov/nwps/v1/gauges/EBNN5/stageflow","https://api.water.noaa.gov/nwps/v1/gauges/EBNN5/stageflow","https://water.noaa.gov/resources/hydrographs/ebnn5_hg.png","NOAA",3.84,1.6,"",1781720100000,"Rio Grande at The Narrows in Elephant Butte Lake","NM, USA",1,-1,"","","",""
9083,"NWSECLK1","https://water.noaa.gov/gauges/eclk1","https://api.water.noaa.gov/nwps/v1/gauges/ECLK1/stageflow","https://api.water.noaa.gov/nwps/v1/gauges/ECLK1/stageflow","https://water.noaa.gov/resources/hydrographs/eclk1_hg.png","NOAA",797.27,54700,"",1781719200000,"Elk River (KS) at Elk City Lake","KS, USA",1,-1,"","","",""
9096,"NWSECTW3","https://water.noaa.gov/gauges/ectw3","https://api.water.noaa.gov/nwps/v1/gauges/ECTW3/stageflow","https://api.water.noaa.gov/nwps/v1/gauges/ECTW3/stageflow","https://water.noaa.gov/resources/hydrographs/ectw3_hg.png","NOAA",4.91,2530,"",1781719200000,"Chippewa River (WI) at Dells Dam (Tailwater)","WI, USA",1,-1,"","","",""
9099,"NWSEDBN5","https://water.noaa.gov/gauges/edbn5","https://api.water.noaa.gov/nwps/v1/gauges/EDBN5/stageflow","https://api.water.noaa.gov/nwps/v1/gauges/EDBN5/stageflow","https://water.noaa.gov/resources/hydrographs/edbn5_hg.png","NOAA",6.83,2610,"",1781719200000,"Rio Grande at Elephant Butte Dam","NM, USA",1,-1,"","","",""
9118,"NWSEDRK1","https://water.noaa.gov/gauges/edrk1","https://api.water.noaa.gov/nwps/v1/gauges/EDRK1/stageflow","https://api.water.noaa.gov/nwps/v1/gauges/EDRK1/stageflow","https://water.noaa.gov/resources/hydrographs/edrk1_hg.png","NOAA",1339.1,163000,"",1.781721e+12,"Walnut River at El Dorado Lake","KS, USA",0,-1,"","","",""
9208,"NWSELSK1","https://water.noaa.gov/gauges/elsk1","https://api.water.noaa.gov/nwps/v1/gauges/ELSK1/stageflow","https://api.water.noaa.gov/nwps/v1/gauges/ELSK1/stageflow","https://water.noaa.gov/resources/hydrographs/elsk1_hg.png","NOAA",2119.58,56500,"",1781720100000,"Smoky Hill River at Cedar Bluff Reservoir","KS, USA",1,-1,"","","",""
9214,"NWSELWO2","https://water.noaa.gov/gauges/elwo2","https://api.water.noaa.gov/nwps/v1/gauges/ELWO2/stageflow","https://api.water.noaa.gov/nwps/v1/gauges/ELWO2/stageflow","https://water.noaa.gov/resources/hydrographs/elwo2_hg.png","NOAA",1224.15,21700,"",1781718300000,"East Cache Creek at Lake Ellsworth","OK, USA",1,-1,"","","",""
9236,"NWSEMSP1","https://water.noaa.gov/gauges/emsp1","https://api.water.noaa.gov/nwps/v1/gauges/EMSP1/stageflow","https://api.water.noaa.gov/nwps/v1/gauges/EMSP1/stageflow","https://water.noaa.gov/resources/hydrographs/emsp1_hg.png","NOAA",14.6,19800,"",1781719200000,"Ohio River at Emsworth Lock and Dam","PA, USA",1,-1,"","","",""
9291,"NWSERVM5","https://water.noaa.gov/gauges/ervm5","https://api.water.noaa.gov/nwps/v1/gauges/ERVM5/stageflow","https://api.water.noaa.gov/nwps/v1/gauges/ERVM5/stageflow","https://water.noaa.gov/resources/hydrographs/ervm5_hg.png","NOAA",0.93,196,"",1781719200000,"Elk River at Big Lake","MN, USA",1,-1,"","","",""
9298,"NWSESIN6","https://water.noaa.gov/gauges/esin6","https://api.water.noaa.gov/nwps/v1/gauges/ESIN6/stageflow","https://api.water.noaa.gov/nwps/v1/gauges/ESIN6/stageflow","https://water.noaa.gov/resources/hydrographs/esin6_hg.png","NOAA",1.25,33,"No Flooding",1.781721e+12,"Ouleout Creek at East Sidney Dam","NY, USA",0,1,"","","",""
9315,"NWSETWG1","https://water.noaa.gov/gauges/etwg1","https://api.water.noaa.gov/nwps/v1/gauges/ETWG1/stageflow","https://api.water.noaa.gov/nwps/v1/gauges/ETWG1/stageflow","https://water.noaa.gov/resources/hydrographs/etwg1_hg.png","NOAA",1.2,305,"No Flooding",1.781721e+12,"Etowah River at Allatoona Dam above Cartersville","GA, USA",0,1,"","","",""
9318,"NWSEUFO2","https://water.noaa.gov/gauges/eufo2","https://api.water.noaa.gov/nwps/v1/gauges/EUFO2/stageflow","https://api.water.noaa.gov/nwps/v1/gauges/EUFO2/stageflow","https://water.noaa.gov/resources/hydrographs/eufo2_hg.png","NOAA",587.62,2650000,"No Flooding",1781719200000,"Eastern Oklahoma Lakes at Eufala Lake","OK, USA",1,1,"","","",""
9334,"NWSEVST2","https://water.noaa.gov/gauges/evst2","https://api.water.noaa.gov/nwps/v1/gauges/EVST2/stageflow","https://api.water.noaa.gov/nwps/v1/gauges/EVST2/stageflow","https://water.noaa.gov/resources/hydrographs/evst2_hg.png","NOAA",1844.79,7390,"No Flooding",1781719200000,"West Central Texas Lakes at E. V. Spence Reservoir","TX, USA",1,1,"","","",""
9366,"NWSFALT2","https://water.noaa.gov/gauges/falt2","https://api.water.noaa.gov/nwps/v1/gauges/FALT2/stageflow","https://api.water.noaa.gov/nwps/v1/gauges/FALT2/stageflow","https://water.noaa.gov/resources/hydrographs/falt2_hg.png","NOAA",261.81,31800,"No Flooding",1781721900000,"Rio Grande at Falcon Lake","TX, USA",0,1,"","","",""
9409,"NWSFCWT2","https://water.noaa.gov/gauges/fcwt2","https://api.water.noaa.gov/nwps/v1/gauges/FCWT2/stageflow","https://api.water.noaa.gov/nwps/v1/gauges/FCWT2/stageflow","https://water.noaa.gov/resources/hydrographs/fcwt2_hg.png","NOAA",128.15,667,"No Flooding",1781718300000,"Lake Creek at The Woodlands","TX, USA",1,1,"No Flooding","No Flooding","No Flooding","No Flooding"
9426,"NWSFELA4","https://water.noaa.gov/gauges/fela4","https://api.water.noaa.gov/nwps/v1/gauges/FELA4/stageflow","https://api.water.noaa.gov/nwps/v1/gauges/FELA4/stageflow","https://water.noaa.gov/resources/hydrographs/fela4_hg.png","NOAA",65.27,16700,"No Flooding",1.781721e+12,"Ouachita River at Felsenthal Lock and Dam","AR, USA",0,1,"No Flooding","No Flooding","No Flooding","No Flooding"
9466,"NWSFLLK1","https://water.noaa.gov/gauges/fllk1","https://api.water.noaa.gov/nwps/v1/gauges/FLLK1/stageflow","https://api.water.noaa.gov/nwps/v1/gauges/FLLK1/stageflow","https://water.noaa.gov/resources/hydrographs/fllk1_hg.png","NOAA",950.34,28500,"",1781719200000,"Fall River (KS) at Fall River Lake","KS, USA",1,-1,"","","",""
9482,"NWSFLRN8","https://water.noaa.gov/gauges/flrn8","https://api.water.noaa.gov/nwps/v1/gauges/FLRN8/stageflow","https://api.water.noaa.gov/nwps/v1/gauges/FLRN8/stageflow","https://water.noaa.gov/resources/hydrographs/flrn8_hg.png","NOAA",11.28,20.9,"",1781720100000,"Sheyenne River at Devils Lake State Outlet near Flora","ND, USA",1,-1,"","","",""
9521,"NWSFOGG1","https://water.noaa.gov/gauges/fogg1","https://api.water.noaa.gov/nwps/v1/gauges/FOGG1/stageflow","https://api.water.noaa.gov/nwps/v1/gauges/FOGG1/stageflow","https://water.noaa.gov/resources/hydrographs/fogg1_hg.png","NOAA",102.48,486,"No Flooding",1781720100000,"Chattahoochee River at W.F. George Lock and Dam (USACE)","GA, USA",1,1,"No Flooding","No Flooding","No Flooding","No Flooding"
9530,"NWSFOSO2","https://water.noaa.gov/gauges/foso2","https://api.water.noaa.gov/nwps/v1/gauges/FOSO2/stageflow","https://api.water.noaa.gov/nwps/v1/gauges/FOSO2/stageflow","https://water.noaa.gov/resources/hydrographs/foso2_hg.png","NOAA",1640.3,160000,"",1781719200000,"Washita River at Foss Reservoir","OK, USA",1,-1,"","","",""
9546,"NWSFRAW4","https://water.noaa.gov/gauges/fraw4","https://api.water.noaa.gov/nwps/v1/gauges/FRAW4/stageflow","https://api.water.noaa.gov/nwps/v1/gauges/FRAW4/stageflow","https://water.noaa.gov/resources/hydrographs/fraw4_hg.png","NOAA",4.86,837,"No Flooding",1781721900000,"Pine Creek at Fremont Lake","WY, USA",0,1,"No Flooding","No Flooding","No Flooding","No Flooding"
9562,"NWSFREP1","https://water.noaa.gov/gauges/frep1","https://api.water.noaa.gov/nwps/v1/gauges/FREP1/stageflow","https://api.water.noaa.gov/nwps/v1/gauges/FREP1/stageflow","https://water.noaa.gov/resources/hydrographs/frep1_hg.png","NOAA",9.9,3980,"No Flooding",1.781721e+12,"Allegheny River at Freeport Lock and Dam","PA, USA",0,1,"No Flooding","No Flooding","No Flooding","No Flooding"
9605,"NWSFSHM5","https://water.noaa.gov/gauges/fshm5","https://api.water.noaa.gov/nwps/v1/gauges/FSHM5/stageflow","https://api.water.noaa.gov/nwps/v1/gauges/FSHM5/stageflow","https://water.noaa.gov/resources/hydrographs/fshm5_hg.png","NOAA",11.04,524,"",1.781721e+12,"Red Lake River at Fisher","MN, USA",0,-1,"","","",""
9610,"NWSFSLO2","https://water.noaa.gov/gauges/fslo2","https://api.water.noaa.gov/nwps/v1/gauges/FSLO2/stageflow","https://api.water.noaa.gov/nwps/v1/gauges/FSLO2/stageflow","https://water.noaa.gov/resources/hydrographs/fslo2_hg.png","NOAA",2004.41,14600,"",1781719200000,"Wolf Creek at Fort Supply Lake","OK, USA",1,-1,"","","",""
9626,"NWSFTCO2","https://water.noaa.gov/gauges/ftco2","https://api.water.noaa.gov/nwps/v1/gauges/FTCO2/stageflow","https://api.water.noaa.gov/nwps/v1/gauges/FTCO2/stageflow","https://water.noaa.gov/resources/hydrographs/ftco2_hg.png","NOAA",1341.33,76500,"",1781719200000,"Cobb Creek at Fort Cobb Lake","OK, USA",1,-1,"","","",""
9704,"NWSGBFW4","https://water.noaa.gov/gauges/gbfw4","https://api.water.noaa.gov/nwps/v1/gauges/GBFW4/stageflow","https://api.water.noaa.gov/nwps/v1/gauges/GBFW4/stageflow","https://water.noaa.gov/resources/hydrographs/gbfw4_hg.png","NOAA",11.12,620,"No Flooding",1781719200000,"Green River (WY-UT-CO) at Fontenelle Dam","WY, USA",1,1,"No Flooding","No Flooding","No Flooding","No Flooding"
9721,"NWSGBYC2","https://water.noaa.gov/gauges/gbyc2","https://api.water.noaa.gov/nwps/v1/gauges/GBYC2/stageflow","https://api.water.noaa.gov/nwps/v1/gauges/GBYC2/stageflow","https://water.noaa.gov/resources/hydrographs/gbyc2_hg.png","NOAA",8254.89,372000,"",1781720100000,"Colorado River at Granby Reservoir","CO, USA",1,-1,"","","",""
9768,"NWSGENW3","https://water.noaa.gov/gauges/genw3","https://api.water.noaa.gov/nwps/v1/gauges/GENW3/stageflow","https://api.water.noaa.gov/nwps/v1/gauges/GENW3/stageflow","https://water.noaa.gov/resources/hydrographs/genw3_hg.png","NOAA",623.18,38800,"No Flooding",1781720100000,"Mississippi River at Lock and Dam 8 - Genoa","WI, USA",1,1,"No Flooding","No Flooding","No Flooding","No Flooding"
9789,"NWSGGLT2","https://water.noaa.gov/gauges/gglt2","https://api.water.noaa.gov/nwps/v1/gauges/GGLT2/stageflow","https://api.water.noaa.gov/nwps/v1/gauges/GGLT2/stageflow","https://water.noaa.gov/resources/hydrographs/gglt2_hg.png","NOAA",796.46,18200,"",1781719200000,"San Gabriel River at Lake Georgetown","TX, USA",1,-1,"","","",""
9793,"NWSGHDP1","https://water.noaa.gov/gauges/ghdp1","https://api.water.noaa.gov/nwps/v1/gauges/GHDP1/stageflow","https://api.water.noaa.gov/nwps/v1/gauges/GHDP1/stageflow","https://water.noaa.gov/resources/hydrographs/ghdp1_hg.png","NOAA",2.45,116,"",1781721900000,"East Branch Clarion River Lake at East Branch Dam Tailwater","PA, USA",0,-1,"","","",""
9796,"NWSGIBO2","https://water.noaa.gov/gauges/gibo2","https://api.water.noaa.gov/nwps/v1/gauges/GIBO2/stageflow","https://api.water.noaa.gov/nwps/v1/gauges/GIBO2/stageflow","https://water.noaa.gov/resources/hydrographs/gibo2_hg.png","NOAA",565.71,642000,"No Flooding",1.781721e+12,"Eastern Oklahoma Lakes at Ft. Gibson Lake","OK, USA",0,1,"","","",""
9855,"NWSGMRC2","https://water.noaa.gov/gauges/gmrc2","https://api.water.noaa.gov/nwps/v1/gauges/GMRC2/stageflow","https://api.water.noaa.gov/nwps/v1/gauges/GMRC2/stageflow","https://water.noaa.gov/resources/hydrographs/gmrc2_hg.png","NOAA",7887.86,57200,"",1781720100000,"Blue River (CO) at Green Mountain Reservoir","CO, USA",1,-1,"","","",""
9863,"NWSGNGT2","https://water.noaa.gov/gauges/gngt2","https://api.water.noaa.gov/nwps/v1/gauges/GNGT2/stageflow","https://api.water.noaa.gov/nwps/v1/gauges/GNGT2/stageflow","https://water.noaa.gov/resources/hydrographs/gngt2_hg.png","NOAA",510.49,40500,"",1781719200000,"San Gabriel River at Granger Lake","TX, USA",1,-1,"","","",""
9869,"NWSGNSA1","https://water.noaa.gov/gauges/gnsa1","https://api.water.noaa.gov/nwps/v1/gauges/GNSA1/stageflow","https://api.water.noaa.gov/nwps/v1/gauges/GNSA1/stageflow","https://water.noaa.gov/resources/hydrographs/gnsa1_hg.png","NOAA",75.07,5230,"No Flooding",1781718300000,"Tombigbee River at Gainesville Lock and Dam","AL, USA",1,1,"No Flooding","No Flooding","No Flooding","No Flooding"
9898,"NWSGPEC1","https://water.noaa.gov/gauges/gpec1","https://api.water.noaa.gov/nwps/v1/gauges/GPEC1/stageflow","https://api.water.noaa.gov/nwps/v1/gauges/GPEC1/stageflow","https://water.noaa.gov/resources/hydrographs/gpec1_hg.png","NOAA",1.47,2,"",1.781721e+12,"Guadalupe Creek at Guadalupe Reservoir","CA, USA",0,-1,"","","",""
9904,"NWSGPOA2","https://water.noaa.gov/gauges/gpoa2","https://api.water.noaa.gov/nwps/v1/gauges/GPOA2/stageflow","https://api.water.noaa.gov/nwps/v1/gauges/GPOA2/stageflow","https://water.noaa.gov/resources/hydrographs/gpoa2_hg.png","NOAA",3.96,883,"",1781719200000,"Gulkana River at Paxson Lake Outlet","AK, USA",1,-1,"","","",""
9934,"NWSGRFW3","https://water.noaa.gov/gauges/grfw3","https://api.water.noaa.gov/nwps/v1/gauges/GRFW3/stageflow","https://api.water.noaa.gov/nwps/v1/gauges/GRFW3/stageflow","https://water.noaa.gov/resources/hydrographs/grfw3_hg.png","NOAA",1301.38,1440,"No Flooding",1781719800000,"Wisconsin River at Grandfather Dam","WI, USA",1,1,"","","",""
9991,"NWSGSLU1","https://water.noaa.gov/gauges/gslu1","https://api.water.noaa.gov/nwps/v1/gauges/GSLU1/stageflow","https://api.water.noaa.gov/nwps/v1/gauges/GSLU1/stageflow","https://water.noaa.gov/resources/hydrographs/gslu1_hg.png","NOAA",4190.85,8290000,"No Flooding",1781720100000,"Great Salt Lake at Great Salt Lake","UT, USA",1,1,"","","",""
9992,"NWSGSPO2","https://water.noaa.gov/gauges/gspo2","https://api.water.noaa.gov/nwps/v1/gauges/GSPO2/stageflow","https://api.water.noaa.gov/nwps/v1/gauges/GSPO2/stageflow","https://water.noaa.gov/resources/hydrographs/gspo2_hg.png","NOAA",1125.69,545,"",1.781721e+12,"Salt Fork Arkansas River at Great Salt Plains Lake","OK, USA",0,-1,"","","",""
10010,"NWSGTTI4","https://water.noaa.gov/gauges/gtti4","https://api.water.noaa.gov/nwps/v1/gauges/GTTI4/stageflow","https://api.water.noaa.gov/nwps/v1/gauges/GTTI4/stageflow","https://water.noaa.gov/resources/hydrographs/gtti4_hg.png","NOAA",8.14,60300,"No Flooding",1781719200000,"Mississippi River at Lock and Dam 10 - Guttenberg","IA, USA",1,1,"No Flooding","No Flooding","No Flooding","No Flooding"
10043,"NWSGYLP1","https://water.noaa.gov/gauges/gylp1","https://api.water.noaa.gov/nwps/v1/gauges/GYLP1/stageflow","https://api.water.noaa.gov/nwps/v1/gauges/GYLP1/stageflow","https://water.noaa.gov/resources/hydrographs/gylp1_hg.png","NOAA",10.58,3610,"No Flooding",1781721960000,"Monongahela River at Grays Landing Lock and Dam","PA, USA",0,1,"No Flooding","No Flooding","No Flooding","No Flooding"
10054,"NWSHAHW1","https://water.noaa.gov/gauges/hahw1","https://api.water.noaa.gov/nwps/v1/gauges/HAHW1/stageflow","https://api.water.noaa.gov/nwps/v1/gauges/HAHW1/stageflow","https://water.noaa.gov/resources/hydrographs/hahw1_hg.png","NOAA",4.69,387,"",1781719200000,"Green River (WA) at Howard Hanson Dam","WA, USA",1,-1,"","","",""
10089,"NWSHAWT2","https://water.noaa.gov/gauges/hawt2","https://api.water.noaa.gov/nwps/v1/gauges/HAWT2/stageflow","https://api.water.noaa.gov/nwps/v1/gauges/HAWT2/stageflow","https://water.noaa.gov/resources/hydrographs/hawt2_hg.png","NOAA",1631.71,51700,"No Flooding",1.781721e+12,"West Central Texas Lakes at Lake Fort Phantom Hill","TX, USA",0,1,"","","",""
10150,"NWSHEFO2","https://water.noaa.gov/gauges/hefo2","https://api.water.noaa.gov/nwps/v1/gauges/HEFO2/stageflow","https://api.water.noaa.gov/nwps/v1/gauges/HEFO2/stageflow","https://water.noaa.gov/resources/hydrographs/hefo2_hg.png","NOAA",1196.93,70100,"",1781721900000,"Bluff Creek (Central OK) at Lake Hefner","OK, USA",0,-1,"","","",""
10154,"NWSHENI1","https://water.noaa.gov/gauges/heni1","https://api.water.noaa.gov/nwps/v1/gauges/HENI1/stageflow","https://api.water.noaa.gov/nwps/v1/gauges/HENI1/stageflow","https://water.noaa.gov/resources/hydrographs/heni1_hg.png","NOAA",4.74,41,"",1781718300000,"Henrys Fork at Lake","ID, USA",1,-1,"","","",""
10167,"NWSHEYO2","https://water.noaa.gov/gauges/heyo2","https://api.water.noaa.gov/nwps/v1/gauges/HEYO2/stageflow","https://api.water.noaa.gov/nwps/v1/gauges/HEYO2/stageflow","https://water.noaa.gov/resources/hydrographs/heyo2_hg.png","NOAA",761.96,7310,"No Flooding",1781719200000,"Eastern Oklahoma Lakes at Heyburn Lake","OK, USA",1,1,"","","",""
10179,"NWSHGLO2","https://water.noaa.gov/gauges/hglo2","https://api.water.noaa.gov/nwps/v1/gauges/HGLO2/stageflow","https://api.water.noaa.gov/nwps/v1/gauges/HGLO2/stageflow","https://water.noaa.gov/resources/hydrographs/hglo2_hg.png","NOAA",408.15,186000,"No Flooding",1781719200000,"Eastern Oklahoma Lakes at Hugo Lake","OK, USA",1,1,"","","",""
10188,"NWSHHDW1","https://water.noaa.gov/gauges/hhdw1","https://api.water.noaa.gov/nwps/v1/gauges/HHDW1/stageflow","https://api.water.noaa.gov/nwps/v1/gauges/HHDW1/stageflow","https://water.noaa.gov/resources/hydrographs/hhdw1_hg.png","NOAA",,370,"",1.781712e+12,"Green River (WA) at Howard Hanson Reservoir","WA, USA",3,-1,"","","",""
10198,"NWSHIGM5","https://water.noaa.gov/gauges/higm5","https://api.water.noaa.gov/nwps/v1/gauges/HIGM5/stageflow","https://api.water.noaa.gov/nwps/v1/gauges/HIGM5/stageflow","https://water.noaa.gov/resources/hydrographs/higm5_hg.png","NOAA",3.11,266,"No Flooding",1781719200000,"Red Lake River at High Landing near Goodridge","MN, USA",1,1,"","","",""
10215,"NWSHLCT2","https://water.noaa.gov/gauges/hlct2","https://api.water.noaa.gov/nwps/v1/gauges/HLCT2/stageflow","https://api.water.noaa.gov/nwps/v1/gauges/HLCT2/stageflow","https://water.noaa.gov/resources/hydrographs/hlct2_hg.png","NOAA",3.15,8.6,"No Flooding",1781721900000,"Lelia Lake Creek at Hedley","TX, USA",0,1,"","","",""
10241,"NWSHMFW4","https://water.noaa.gov/gauges/hmfw4","https://api.water.noaa.gov/nwps/v1/gauges/HMFW4/stageflow","https://api.water.noaa.gov/nwps/v1/gauges/HMFW4/stageflow","https://water.noaa.gov/resources/hydrographs/hmfw4_hg.png","NOAA",3.27,78.5,"No Flooding",1781718300000,"Hams Fork at Viva Naughton Reservoir","WY, USA",1,1,"No Flooding","No Flooding","No Flooding","No Flooding"
10255,"NWSHMOC1","https://water.noaa.gov/gauges/hmoc1","https://api.water.noaa.gov/nwps/v1/gauges/HMOC1/stageflow","https://api.water.noaa.gov/nwps/v1/gauges/HMOC1/stageflow","https://water.noaa.gov/resources/hydrographs/hmoc1_hg.png","NOAA",5.03,2,"",1781719200000,"Pilarcitos Creek at Stone Dam NR Hillsborough","CA, USA",1,-1,"","","",""
10382,"NWSHSJT2","https://water.noaa.gov/gauges/hsjt2","https://api.water.noaa.gov/nwps/v1/gauges/HSJT2/stageflow","https://api.water.noaa.gov/nwps/v1/gauges/HSJT2/stageflow","https://water.noaa.gov/resources/hydrographs/hsjt2_hg.png","NOAA",42.95,25900,"",1.781721e+12,"San Jacinto River at Lake Houston","TX, USA",0,-1,"","","",""
10389,"NWSHSTM5","https://water.noaa.gov/gauges/hstm5","https://api.water.noaa.gov/nwps/v1/gauges/HSTM5/stageflow","https://api.water.noaa.gov/nwps/v1/gauges/HSTM5/stageflow","https://water.noaa.gov/resources/hydrographs/hstm5_hg.png","NOAA",4.84,10100,"No Flooding",1781719200000,"Mississippi River at Hastings -- Below Lock and Dam 2","MN, USA",1,1,"No Flooding","No Flooding","No Flooding","No Flooding"
10391,"NWSHTAK1","https://water.noaa.gov/gauges/htak1","https://api.water.noaa.gov/nwps/v1/gauges/HTAK1/stageflow","https://api.water.noaa.gov/nwps/v1/gauges/HTAK1/stageflow","https://water.noaa.gov/resources/hydrographs/htak1_hg.png","NOAA",4.37,174,"",1781720100000,"Buckner Creek at Horse Thief Reservoir","KS, USA",1,-1,"","","",""
10393,"NWSHTBK1","https://water.noaa.gov/gauges/htbk1","https://api.water.noaa.gov/nwps/v1/gauges/HTBK1/stageflow","https://api.water.noaa.gov/nwps/v1/gauges/HTBK1/stageflow","https://water.noaa.gov/resources/hydrographs/htbk1_hg.png","NOAA",3.04,1.2,"",1781721900000,"Buckner Creek at Horse Thief Reservoir","KS, USA",0,-1,"","","",""
10406,"NWSHTRM8","https://water.noaa.gov/gauges/htrm8","https://api.water.noaa.gov/nwps/v1/gauges/HTRM8/stageflow","https://api.water.noaa.gov/nwps/v1/gauges/HTRM8/stageflow","https://water.noaa.gov/resources/hydrographs/htrm8_hg.png","NOAA",2.39,3410,"",1781721900000,"Missouri River at Holter Dam near Wolf Creek","MT, USA",0,-1,"","","",""
10491,"NWSILAC1","https://water.noaa.gov/gauges/ilac1","https://api.water.noaa.gov/nwps/v1/gauges/ILAC1/stageflow","https://api.water.noaa.gov/nwps/v1/gauges/ILAC1/stageflow","https://water.noaa.gov/resources/hydrographs/ilac1_hg.png","NOAA",6949.22,17400,"",1781719200000,"Independence Creek (California) at Independence Lake","CA, USA",1,-1,"","","",""
10511,"NWSINRN6","https://water.noaa.gov/gauges/inrn6","https://api.water.noaa.gov/nwps/v1/gauges/INRN6/stageflow","https://api.water.noaa.gov/nwps/v1/gauges/INRN6/stageflow","https://water.noaa.gov/resources/hydrographs/inrn6_hg.png","NOAA",0.58,11.1,"No Flooding",1781719200000,"Indian River at Indian Lake","NY, USA",1,1,"","","",""
10530,"NWSIRGC1","https://water.noaa.gov/gauges/irgc1","https://api.water.noaa.gov/nwps/v1/gauges/IRGC1/stageflow","https://api.water.noaa.gov/nwps/v1/gauges/IRGC1/stageflow","https://water.noaa.gov/resources/hydrographs/irgc1_hg.png","NOAA",2.09,1100,"",1781720100000,"Klamath River at Iron Gate Dam","CA, USA",1,-1,"","","",""
10587,"NWSJBTT2","https://water.noaa.gov/gauges/jbtt2","https://api.water.noaa.gov/nwps/v1/gauges/JBTT2/stageflow","https://api.water.noaa.gov/nwps/v1/gauges/JBTT2/stageflow","https://water.noaa.gov/resources/hydrographs/jbtt2_hg.png","NOAA",2229.2,21900,"",1781721900000,"Colorado River (TX) at Lake JB Thomas","TX, USA",0,-1,"","","",""
10636,"NWSJLKW4","https://water.noaa.gov/gauges/jlkw4","https://api.water.noaa.gov/nwps/v1/gauges/JLKW4/stageflow","https://api.water.noaa.gov/nwps/v1/gauges/JLKW4/stageflow","https://water.noaa.gov/resources/hydrographs/jlkw4_hg.png","NOAA",7.12,4740,"No Flooding",1781718300000,"Snake River at Jackson Dam","WY, USA",1,1,"","","",""
10670,"NWSJRLK1","https://water.noaa.gov/gauges/jrlk1","https://api.water.noaa.gov/nwps/v1/gauges/JRLK1/stageflow","https://api.water.noaa.gov/nwps/v1/gauges/JRLK1/stageflow","https://water.noaa.gov/resources/hydrographs/jrlk1_hg.png","NOAA",1053.38,252000,"No Flooding",1.781721e+12,"Neosho River at John Redmond Lake","KS, USA",0,1,"","","",""
10682,"NWSJSNM6","https://water.noaa.gov/gauges/jsnm6","https://api.water.noaa.gov/nwps/v1/gauges/JSNM6/stageflow","https://api.water.noaa.gov/nwps/v1/gauges/JSNM6/stageflow","https://water.noaa.gov/resources/hydrographs/jsnm6_hg.png","NOAA",295.7,2507,"",1781719200000,"Pearl River at Ross Barnett Reservoir","MS, USA",1,-1,"","","",""
10684,"NWSJSPT2","https://water.noaa.gov/gauges/jspt2","https://api.water.noaa.gov/nwps/v1/gauges/JSPT2/stageflow","https://api.water.noaa.gov/nwps/v1/gauges/JSPT2/stageflow","https://water.noaa.gov/resources/hydrographs/jspt2_hg.png","NOAA",156.43,52900,"",1781719200000,"Angelina River at Lake Sam Rayburn","TX, USA",1,-1,"","","",""
10708,"NWSKAWO2","https://water.noaa.gov/gauges/kawo2","https://api.water.noaa.gov/nwps/v1/gauges/KAWO2/stageflow","https://api.water.noaa.gov/nwps/v1/gauges/KAWO2/stageflow","https://water.noaa.gov/resources/hydrographs/kawo2_hg.png","NOAA",1012.93,458000,"No Flooding",1781719200000,"Eastern Oklahoma Lakes at Kaw Lake","OK, USA",1,1,"","","",""
10710,"NWSKBDM8","https://water.noaa.gov/gauges/kbdm8","https://api.water.noaa.gov/nwps/v1/gauges/KBDM8/stageflow","https://api.water.noaa.gov/nwps/v1/gauges/KBDM8/stageflow","https://water.noaa.gov/resources/hydrographs/kbdm8_hg.png","NOAA",22.71,20100,"No Flooding",1781719200000,"Kootenai River at Libby Dam near Libby","MT, USA",1,1,"No Flooding","No Flooding","No Flooding","No Flooding"
10756,"NWSKEYO2","https://water.noaa.gov/gauges/keyo2","https://api.water.noaa.gov/nwps/v1/gauges/KEYO2/stageflow","https://api.water.noaa.gov/nwps/v1/gauges/KEYO2/stageflow","https://water.noaa.gov/resources/hydrographs/keyo2_hg.png","NOAA",730.03,866000,"No Flooding",1781719200000,"Eastern Oklahoma Lakes at Keystone Lake","OK, USA",1,1,"","","",""
10785,"NWSKITO1","https://water.noaa.gov/gauges/kito1","https://api.water.noaa.gov/nwps/v1/gauges/KITO1/stageflow","https://api.water.noaa.gov/nwps/v1/gauges/KITO1/stageflow","https://water.noaa.gov/resources/hydrographs/kito1_hg.png","NOAA",1.98,28.4,"No Flooding",1781720100000,"West Branch Mahoning River at M J Kirwan Dam","OH, USA",1,1,"No Flooding","No Flooding","No Flooding","No Flooding"
10787,"NWSKIZP1","https://water.noaa.gov/gauges/kizp1","https://api.water.noaa.gov/nwps/v1/gauges/KIZP1/stageflow","https://api.water.noaa.gov/nwps/v1/gauges/KIZP1/stageflow","https://water.noaa.gov/resources/hydrographs/kizp1_hg.png","NOAA",8.09,1370,"",1781715600000,"Allegheny River at Kinzua Dam Outflow","PA, USA",2,-1,"","","",""
10803,"NWSKMPS2","https://water.noaa.gov/gauges/kmps2","https://api.water.noaa.gov/nwps/v1/gauges/KMPS2/stageflow","https://api.water.noaa.gov/nwps/v1/gauges/KMPS2/stageflow","https://water.noaa.gov/resources/hydrographs/kmps2_hg.png","NOAA",17.89,65.1,"No Flooding",1781720100000,"Lake Kampeska at Watertown Water Plant","SD, USA",1,1,"","","",""
10858,"NWSKTTP1","https://water.noaa.gov/gauges/kttp1","https://api.water.noaa.gov/nwps/v1/gauges/KTTP1/stageflow","https://api.water.noaa.gov/nwps/v1/gauges/KTTP1/stageflow","https://water.noaa.gov/resources/hydrographs/kttp1_hg.png","NOAA",10.76,7310,"No Flooding",1781719200000,"Allegheny River at Kittanning Lock and Dam","PA, USA",1,1,"No Flooding","No Flooding","No Flooding","No Flooding"
10882,"NWSLAFI2","https://water.noaa.gov/gauges/lafi2","https://api.water.noaa.gov/nwps/v1/gauges/LAFI2/stageflow","https://api.water.noaa.gov/nwps/v1/gauges/LAFI2/stageflow","https://water.noaa.gov/resources/hydrographs/lafi2_hg.png","NOAA",2.35,16.8,"No Flooding",1781721660000,"Skokie River at Lake Forest","IL, USA",0,1,"","","",""
10907,"NWSLATN5","https://water.noaa.gov/gauges/latn5","https://api.water.noaa.gov/nwps/v1/gauges/LATN5/stageflow","https://api.water.noaa.gov/nwps/v1/gauges/LATN5/stageflow","https://water.noaa.gov/resources/hydrographs/latn5_hg.png","NOAA",3.61,49.8,"No Flooding",1781720100000,"Pecos River at Lake Arthur","NM, USA",1,1,"","","",""
10922,"NWSLBBL1","https://water.noaa.gov/gauges/lbbl1","https://api.water.noaa.gov/nwps/v1/gauges/LBBL1/stageflow","https://api.water.noaa.gov/nwps/v1/gauges/LBBL1/stageflow","https://water.noaa.gov/resources/hydrographs/lbbl1_hg.png","NOAA",159.85,136,"No Flooding",1781719200000,"Bayou Bodcau at Bayou Bodcau Lake","LA, USA",1,1,"","","",""
10924,"NWSLBDN5","https://water.noaa.gov/gauges/lbdn5","https://api.water.noaa.gov/nwps/v1/gauges/LBDN5/stageflow","https://api.water.noaa.gov/nwps/v1/gauges/LBDN5/stageflow","https://water.noaa.gov/resources/hydrographs/lbdn5_hg.png","NOAA",3.07,5380,"",1781719500000,"Rio Grande at Leasburg Dam","NM, USA",1,-1,"","","",""
10931,"NWSLBKS2","https://water.noaa.gov/gauges/lbks2","https://api.water.noaa.gov/nwps/v1/gauges/LBKS2/stageflow","https://api.water.noaa.gov/nwps/v1/gauges/LBKS2/stageflow","https://water.noaa.gov/resources/hydrographs/lbks2_hg.png","NOAA",3.28,26.9,"",1781719200000,"Lake Creek (SD) at Refuge near Tuthill","SD, USA",1,-1,"","","",""
10943,"NWSLBUL1","https://water.noaa.gov/gauges/lbul1","https://api.water.noaa.gov/nwps/v1/gauges/LBUL1/stageflow","https://api.water.noaa.gov/nwps/v1/gauges/LBUL1/stageflow","https://water.noaa.gov/resources/hydrographs/lbul1_hg.png","NOAA",141.15,708,"No Flooding",1781719200000,"Bayou Dorcheat at Lake Bistineau","LA, USA",1,1,"","","",""
10947,"NWSLBWT2","https://water.noaa.gov/gauges/lbwt2","https://api.water.noaa.gov/nwps/v1/gauges/LBWT2/stageflow","https://api.water.noaa.gov/nwps/v1/gauges/LBWT2/stageflow","https://water.noaa.gov/resources/hydrographs/lbwt2_hg.png","NOAA",1421.41,20700,"No Flooding",1.781721e+12,"Pecan Bayou at Lake Brownwood","TX, USA",0,1,"","","",""
10967,"NWSLCLA3","https://water.noaa.gov/gauges/lcla3","https://api.water.noaa.gov/nwps/v1/gauges/LCLA3/stageflow","https://api.water.noaa.gov/nwps/v1/gauges/LCLA3/stageflow","https://water.noaa.gov/resources/hydrographs/lcla3_hg.png","NOAA",1.82,3.5,"No Flooding",1781720100000,"Little Colorado River at Lyman Lake","AZ, USA",1,1,"No Flooding","No Flooding","No Flooding","No Flooding"
10977,"NWSLCOL1","https://water.noaa.gov/gauges/lcol1","https://api.water.noaa.gov/nwps/v1/gauges/LCOL1/stageflow","https://api.water.noaa.gov/nwps/v1/gauges/LCOL1/stageflow","https://water.noaa.gov/resources/hydrographs/lcol1_hg.png","NOAA",169.4,2420,"No Flooding",1.781694e+12,"Big Cypress Creek at Mooringsport (Caddo Lake)","LA, USA",8,1,"No Flooding","No Flooding","No Flooding","No Flooding"
10981,"NWSLCRA4","https://water.noaa.gov/gauges/lcra4","https://api.water.noaa.gov/nwps/v1/gauges/LCRA4/stageflow","https://api.water.noaa.gov/nwps/v1/gauges/LCRA4/stageflow","https://water.noaa.gov/resources/hydrographs/lcra4_hg.png","NOAA",4.11,879,"No Flooding",1781719200000,"St. Francis River at Lake City","AR, USA",1,1,"No Flooding","No Flooding","No Flooding","No Flooding"
10982,"NWSLCRM5","https://water.noaa.gov/gauges/lcrm5","https://api.water.noaa.gov/nwps/v1/gauges/LCRM5/stageflow","https://api.water.noaa.gov/nwps/v1/gauges/LCRM5/stageflow","https://water.noaa.gov/resources/hydrographs/lcrm5_hg.png","NOAA",632.36,30800,"No Flooding",1781720100000,"Mississippi River at Lock and Dam 7 - La Crescent","MN, USA",1,1,"No Flooding","No Flooding","No Flooding","No Flooding"
10984,"NWSLCRT2","https://water.noaa.gov/gauges/lcrt2","https://api.water.noaa.gov/nwps/v1/gauges/LCRT2/stageflow","https://api.water.noaa.gov/nwps/v1/gauges/LCRT2/stageflow","https://water.noaa.gov/resources/hydrographs/lcrt2_hg.png","NOAA",280.24,40500,"No Flooding",1781718300000,"Cherokee Bayou at Lake Cherokee","TX, USA",1,1,"","","",""
10989,"NWSLCTT2","https://water.noaa.gov/gauges/lctt2","https://api.water.noaa.gov/nwps/v1/gauges/LCTT2/stageflow","https://api.water.noaa.gov/nwps/v1/gauges/LCTT2/stageflow","https://water.noaa.gov/resources/hydrographs/lctt2_hg.png","NOAA",201.21,31200,"No Flooding",1781721900000,"West Fork San Jacinto River at Lake Conroe","TX, USA",0,1,"","","",""
10993,"NWSLCXC1","https://water.noaa.gov/gauges/lcxc1","https://api.water.noaa.gov/nwps/v1/gauges/LCXC1/stageflow","https://api.water.noaa.gov/nwps/v1/gauges/LCXC1/stageflow","https://water.noaa.gov/resources/hydrographs/lcxc1_hg.png","NOAA",1.25,10,"",1.781721e+12,"Llagas Creek at Chesbro Reservoir","CA, USA",0,-1,"","","",""
10995,"NWSLDBL1","https://water.noaa.gov/gauges/ldbl1","https://api.water.noaa.gov/nwps/v1/gauges/LDBL1/stageflow","https://api.water.noaa.gov/nwps/v1/gauges/LDBL1/stageflow","https://water.noaa.gov/resources/hydrographs/ldbl1_hg.png","NOAA",80.17,2280,"No Flooding",1781718300000,"Bayou D'Arbonne at Lake D&#039;Arbonne","LA, USA",1,1,"No Flooding","No Flooding","No Flooding","No Flooding"
11036,"NWSLFKT2","https://water.noaa.gov/gauges/lfkt2","https://api.water.noaa.gov/nwps/v1/gauges/LFKT2/stageflow","https://api.water.noaa.gov/nwps/v1/gauges/LFKT2/stageflow","https://water.noaa.gov/resources/hydrographs/lfkt2_hg.png","NOAA",401.26,42500,"",1.781721e+12,"Lake Fork Creek at Lake Fork","TX, USA",0,-1,"","","",""
11048,"NWSLGHC1","https://water.noaa.gov/gauges/lghc1","https://api.water.noaa.gov/nwps/v1/gauges/LGHC1/stageflow","https://api.water.noaa.gov/nwps/v1/gauges/LGHC1/stageflow","https://water.noaa.gov/resources/hydrographs/lghc1_hg.png","NOAA",2.28,1,"",1781720400000,"Llagas Creek at Chesbro Reservoir","CA, USA",0,-1,"","","",""
11049,"NWSLGLC1","https://water.noaa.gov/gauges/lglc1","https://api.water.noaa.gov/nwps/v1/gauges/LGLC1/stageflow","https://api.water.noaa.gov/nwps/v1/gauges/LGLC1/stageflow","https://water.noaa.gov/resources/hydrographs/lglc1_hg.png","NOAA",2.27,29,"No Flooding",1.781721e+12,"Los Gatos Creek at Lexington Reservoir","CA, USA",0,1,"","","",""
11071,"NWSLHDN2","https://water.noaa.gov/gauges/lhdn2","https://api.water.noaa.gov/nwps/v1/gauges/LHDN2/stageflow","https://api.water.noaa.gov/nwps/v1/gauges/LHDN2/stageflow","https://water.noaa.gov/resources/hydrographs/lhdn2_hg.png","NOAA",4153.59,211000,"No Flooding",1.781721e+12,"Carson River at Lahontan Reservoir","NV, USA",0,1,"","","",""
11072,"NWSLHDP1","https://water.noaa.gov/gauges/lhdp1","https://api.water.noaa.gov/nwps/v1/gauges/LHDP1/stageflow","https://api.water.noaa.gov/nwps/v1/gauges/LHDP1/stageflow","https://water.noaa.gov/resources/hydrographs/lhdp1_hg.png","NOAA",0.89,116,"No Flooding",1781718300000,"Loyalhanna Creek at Loyalhanna Dam Tail Water","PA, USA",1,1,"No Flooding","No Flooding","No Flooding","No Flooding"
11076,"NWSLHPT2","https://water.noaa.gov/gauges/lhpt2","https://api.water.noaa.gov/nwps/v1/gauges/LHPT2/stageflow","https://api.water.noaa.gov/nwps/v1/gauges/LHPT2/stageflow","https://water.noaa.gov/resources/hydrographs/lhpt2_hg.png","NOAA",2211.96,31000,"",1.781721e+12,"Brazos River at Lake Alan Henry","TX, USA",0,-1,"","","",""
11101,"NWSLKBM5","https://water.noaa.gov/gauges/lkbm5","https://api.water.noaa.gov/nwps/v1/gauges/LKBM5/stageflow","https://api.water.noaa.gov/nwps/v1/gauges/LKBM5/stageflow","https://water.noaa.gov/resources/hydrographs/lkbm5_hg.png","NOAA",4.07,70.9,"",1781720100000,"South Branch Two Rivers River at Lake Bronson","MN, USA",1,-1,"","","",""
11105,"NWSLKCM5","https://water.noaa.gov/gauges/lkcm5","https://api.water.noaa.gov/nwps/v1/gauges/LKCM5/stageflow","https://api.water.noaa.gov/nwps/v1/gauges/LKCM5/stageflow","https://water.noaa.gov/resources/hydrographs/lkcm5_hg.png","NOAA",6.74,22900,"No Flooding",1781720100000,"Mississippi River at Lake City","MN, USA",1,1,"No Flooding","No Flooding","No Flooding","No Flooding"
11106,"NWSLKCM7","https://water.noaa.gov/gauges/lkcm7","https://api.water.noaa.gov/nwps/v1/gauges/LKCM7/stageflow","https://api.water.noaa.gov/nwps/v1/gauges/LKCM7/stageflow","https://water.noaa.gov/resources/hydrographs/lkcm7_hg.png","NOAA",4.84,104,"No Flooding",1.781721e+12,"Little Blue River (MO) at Lake City","MO, USA",0,1,"","","",""
11107,"NWSLKCT2","https://water.noaa.gov/gauges/lkct2","https://api.water.noaa.gov/nwps/v1/gauges/LKCT2/stageflow","https://api.water.noaa.gov/nwps/v1/gauges/LKCT2/stageflow","https://water.noaa.gov/resources/hydrographs/lkct2_hg.png","NOAA",1714.77,34800,"No Flooding",1.781721e+12,"West Central Texas Lakes at Lake Coleman","TX, USA",0,1,"","","",""
11110,"NWSLKHC1","https://water.noaa.gov/gauges/lkhc1","https://api.water.noaa.gov/nwps/v1/gauges/LKHC1/stageflow","https://api.water.noaa.gov/nwps/v1/gauges/LKHC1/stageflow","https://water.noaa.gov/resources/hydrographs/lkhc1_hg.png","NOAA",449.19,602000,"",1.781721e+12,"Colorado River at Lake Havasu","CA, USA",0,-1,"","","",""
11117,"NWSLKPT2","https://water.noaa.gov/gauges/lkpt2","https://api.water.noaa.gov/nwps/v1/gauges/LKPT2/stageflow","https://api.water.noaa.gov/nwps/v1/gauges/LKPT2/stageflow","https://water.noaa.gov/resources/hydrographs/lkpt2_hg.png","NOAA",2.55,1.9,"",1781722200000,"Lake Creek at Lake Creek Parkway near Cedar Park 5SE","TX, USA",0,-1,"","","",""
11122,"NWSLKTG1","https://water.noaa.gov/gauges/lktg1","https://api.water.noaa.gov/nwps/v1/gauges/LKTG1/stageflow","https://api.water.noaa.gov/nwps/v1/gauges/LKTG1/stageflow","https://water.noaa.gov/resources/hydrographs/lktg1_hg.png","NOAA",2.56,4.9,"No Flooding",1781720100000,"Flat Creek at Lake Kedron Dam","GA, USA",1,1,"","","",""
11131,"NWSLLDP1","https://water.noaa.gov/gauges/lldp1","https://api.water.noaa.gov/nwps/v1/gauges/LLDP1/stageflow","https://api.water.noaa.gov/nwps/v1/gauges/LLDP1/stageflow","https://water.noaa.gov/resources/hydrographs/lldp1_hg.png","NOAA",8.48,1200,"",1781721900000,"Cheat River at Lake Lynn","PA, USA",0,-1,"","","",""
11135,"NWSLLGN7","https://water.noaa.gov/gauges/llgn7","https://api.water.noaa.gov/nwps/v1/gauges/LLGN7/stageflow","https://api.water.noaa.gov/nwps/v1/gauges/LLGN7/stageflow","https://water.noaa.gov/resources/hydrographs/llgn7_hg.png","NOAA",0.96,32.4,"No Flooding",1781721900000,"Pigeon River (NC) at (W Fork) Abv Lake Logan","NC, USA",0,1,"","","",""
11155,"NWSLMCG1","https://water.noaa.gov/gauges/lmcg1","https://api.water.noaa.gov/nwps/v1/gauges/LMCG1/stageflow","https://api.water.noaa.gov/nwps/v1/gauges/LMCG1/stageflow","https://water.noaa.gov/resources/hydrographs/lmcg1_hg.png","NOAA",2.21,26.5,"No Flooding",1781719200000,"Line Creek at Below Lake McIntosh","GA, USA",1,1,"","","",""
11172,"NWSLMTT2","https://water.noaa.gov/gauges/lmtt2","https://api.water.noaa.gov/nwps/v1/gauges/LMTT2/stageflow","https://api.water.noaa.gov/nwps/v1/gauges/LMTT2/stageflow","https://water.noaa.gov/resources/hydrographs/lmtt2_hg.png","NOAA",305.65,25700,"",1.781721e+12,"Martin Creek at Martin Creek Lake","TX, USA",0,-1,"","","",""
11173,"NWSLMVT2","https://water.noaa.gov/gauges/lmvt2","https://api.water.noaa.gov/nwps/v1/gauges/LMVT2/stageflow","https://api.water.noaa.gov/nwps/v1/gauges/LMVT2/stageflow","https://water.noaa.gov/resources/hydrographs/lmvt2_hg.png","NOAA",265.54,51100,"No Flooding",1781715600000,"Murvaul Bayou at Lake Murvaul","TX, USA",2,1,"","","",""
11193,"NWSLNPN4","https://water.noaa.gov/gauges/lnpn4","https://api.water.noaa.gov/nwps/v1/gauges/LNPN4/stageflow","https://api.water.noaa.gov/nwps/v1/gauges/LNPN4/stageflow","https://water.noaa.gov/resources/hydrographs/lnpn4_hg.png","NOAA",3.57,1650,"",1781720100000,"Beaver Dam Brook at Lincoln Park","NJ, USA",1,-1,"","","",""
11217,"NWSLOLT2","https://water.noaa.gov/gauges/lolt2","https://api.water.noaa.gov/nwps/v1/gauges/LOLT2/stageflow","https://api.water.noaa.gov/nwps/v1/gauges/LOLT2/stageflow","https://water.noaa.gov/resources/hydrographs/lolt2_hg.png","NOAA",15.09,7610,"No Flooding",1.781721e+12,"Trinity River at Long Lake (Oakwood)","TX, USA",0,1,"","","",""
11249,"NWSLPRM2","https://water.noaa.gov/gauges/lprm2","https://api.water.noaa.gov/nwps/v1/gauges/LPRM2/stageflow","https://api.water.noaa.gov/nwps/v1/gauges/LPRM2/stageflow","https://water.noaa.gov/resources/hydrographs/lprm2_hg.png","NOAA",4.31,17.5,"No Flooding",1781720100000,"Patuxent River at Duckett Dam near Laurel","MD, USA",1,1,"","","",""
11256,"NWSLPTT2","https://water.noaa.gov/gauges/lptt2","https://api.water.noaa.gov/nwps/v1/gauges/LPTT2/stageflow","https://api.water.noaa.gov/nwps/v1/gauges/LPTT2/stageflow","https://water.noaa.gov/resources/hydrographs/lptt2_hg.png","NOAA",344.84,34800,"No Flooding",1781719200000,"Neches River at Lake Palestine","TX, USA",1,1,"","","",""
11260,"NWSLQRM5","https://water.noaa.gov/gauges/lqrm5","https://api.water.noaa.gov/nwps/v1/gauges/LQRM5/stageflow","https://api.water.noaa.gov/nwps/v1/gauges/LQRM5/stageflow","https://water.noaa.gov/resources/hydrographs/lqrm5_hg.png","NOAA",928.22,2360,"",1781719200000,"Minnesota River at Lac Qui Parle Dam Tail (S of hwy 13)","MN, USA",1,-1,"","","",""
11261,"NWSLRBM8","https://water.noaa.gov/gauges/lrbm8","https://api.water.noaa.gov/nwps/v1/gauges/LRBM8/stageflow","https://api.water.noaa.gov/nwps/v1/gauges/LRBM8/stageflow","https://water.noaa.gov/resources/hydrographs/lrbm8_hg.png","NOAA",3.21,482,"",1.781721e+12,"Red Rock River at Lima Reservoir nr Monida","MT, USA",0,-1,"","","",""
11263,"NWSLRCC1","https://water.noaa.gov/gauges/lrcc1","https://api.water.noaa.gov/nwps/v1/gauges/LRCC1/stageflow","https://api.water.noaa.gov/nwps/v1/gauges/LRCC1/stageflow","https://water.noaa.gov/resources/hydrographs/lrcc1_hg.png","NOAA",8.8,0,"",1781720100000,"Guadalupe River  Lake Ranch at Lake Ranch","CA, USA",1,-1,"","","",""
11298,"NWSLSDO2","https://water.noaa.gov/gauges/lsdo2","https://api.water.noaa.gov/nwps/v1/gauges/LSDO2/stageflow","https://api.water.noaa.gov/nwps/v1/gauges/LSDO2/stageflow","https://water.noaa.gov/resources/hydrographs/lsdo2_hg.png","NOAA",1187.86,90300,"",1.781721e+12,"East Elm Creek at Lake Stanley Draper","OK, USA",0,-1,"","","",""
11303,"NWSLSFT2","https://water.noaa.gov/gauges/lsft2","https://api.water.noaa.gov/nwps/v1/gauges/LSFT2/stageflow","https://api.water.noaa.gov/nwps/v1/gauges/LSFT2/stageflow","https://water.noaa.gov/resources/hydrographs/lsft2_hg.png","NOAA",1413.36,33400,"No Flooding",1.781721e+12,"West Central Texas Lakes at Lake Stamford","TX, USA",0,1,"","","",""
11328,"NWSLSWT2","https://water.noaa.gov/gauges/lswt2","https://api.water.noaa.gov/nwps/v1/gauges/LSWT2/stageflow","https://api.water.noaa.gov/nwps/v1/gauges/LSWT2/stageflow","https://water.noaa.gov/resources/hydrographs/lswt2_hg.png","NOAA",2093.31,13300,"No Flooding",1781721900000,"West Central Texas Lakes at Lake Sweetwater","TX, USA",0,1,"","","",""
11337,"NWSLTKW3","https://water.noaa.gov/gauges/ltkw3","https://api.water.noaa.gov/nwps/v1/gauges/LTKW3/stageflow","https://api.water.noaa.gov/nwps/v1/gauges/LTKW3/stageflow","https://water.noaa.gov/resources/hydrographs/ltkw3_hg.png","NOAA",1.92,600,"No Flooding",1781719200000,"Wisconsin River at Rainbow Reservoir","WI, USA",1,1,"","","",""
11340,"NWSLTLO2","https://water.noaa.gov/gauges/ltlo2","https://api.water.noaa.gov/nwps/v1/gauges/LTLO2/stageflow","https://api.water.noaa.gov/nwps/v1/gauges/LTLO2/stageflow","https://water.noaa.gov/resources/hydrographs/ltlo2_hg.png","NOAA",1339.67,46600,"",1.781721e+12,"Medicine Creek at Lake Lawtonka","OK, USA",0,-1,"","","",""
11350,"NWSLTXT2","https://water.noaa.gov/gauges/ltxt2","https://api.water.noaa.gov/nwps/v1/gauges/LTXT2/stageflow","https://api.water.noaa.gov/nwps/v1/gauges/LTXT2/stageflow","https://water.noaa.gov/resources/hydrographs/ltxt2_hg.png","NOAA",43.97,47900,"",1781719200000,"Navidad River at Lake Texana","TX, USA",1,-1,"","","",""
11351,"NWSLUCI1","https://water.noaa.gov/gauges/luci1","https://api.water.noaa.gov/nwps/v1/gauges/LUCI1/stageflow","https://api.water.noaa.gov/nwps/v1/gauges/LUCI1/stageflow","https://water.noaa.gov/resources/hydrographs/luci1_hg.png","NOAA",,2141.75,"",1781675940000,"Boise River at Lucky Peak Dam","ID, USA",13,-1,"","","",""
11364,"NWSLVDT2","https://water.noaa.gov/gauges/lvdt2","https://api.water.noaa.gov/nwps/v1/gauges/LVDT2/stageflow","https://api.water.noaa.gov/nwps/v1/gauges/LVDT2/stageflow","https://water.noaa.gov/resources/hydrographs/lvdt2_hg.png","NOAA",131.54,32700,"",1781720100000,"Trinity River at Lake Livingston","TX, USA",1,-1,"","","",""
11368,"NWSLVLO1","https://water.noaa.gov/gauges/lvlo1","https://api.water.noaa.gov/nwps/v1/gauges/LVLO1/stageflow","https://api.water.noaa.gov/nwps/v1/gauges/LVLO1/stageflow","https://water.noaa.gov/resources/hydrographs/lvlo1_hg.png","NOAA",918.08,23.7,"",1781720100000,"Tuscarawas River at Leesville Dam Tailwater","OH, USA",1,-1,"","","",""
11420,"NWSLYNW3","https://water.noaa.gov/gauges/lynw3","https://api.water.noaa.gov/nwps/v1/gauges/LYNW3/stageflow","https://api.water.noaa.gov/nwps/v1/gauges/LYNW3/stageflow","https://water.noaa.gov/resources/hydrographs/lynw3_hg.png","NOAA",616.08,45700,"No Flooding",1781720100000,"Mississippi River at Lock and Dam 9 - Lynxville","WI, USA",1,1,"No Flooding","No Flooding","No Flooding","No Flooding"
11427,"NWSMABO3","https://water.noaa.gov/gauges/mabo3","https://api.water.noaa.gov/nwps/v1/gauges/MABO3/stageflow","https://api.water.noaa.gov/nwps/v1/gauges/MABO3/stageflow","https://water.noaa.gov/resources/hydrographs/mabo3_hg.png","NOAA",2.11,46,"",1781717400000,"North Fork Malheur River at Beulah Reservoir","OR, USA",1,-1,"","","",""
11441,"NWSMAGI1","https://water.noaa.gov/gauges/magi1","https://api.water.noaa.gov/nwps/v1/gauges/MAGI1/stageflow","https://api.water.noaa.gov/nwps/v1/gauges/MAGI1/stageflow","https://water.noaa.gov/resources/hydrographs/magi1_hg.png","NOAA",4877.3,6.98e+19,"No Flooding",1781618400000,"Eastern Idaho Reservoirs at Magic Dam","ID, USA",29,1,"","","",""
11445,"NWSMAKI1","https://water.noaa.gov/gauges/maki1","https://api.water.noaa.gov/nwps/v1/gauges/MAKI1/stageflow","https://api.water.noaa.gov/nwps/v1/gauges/MAKI1/stageflow","https://water.noaa.gov/resources/hydrographs/maki1_hg.png","NOAA",2.83,533,"No Flooding",1781718300000,"Big Lost River at Mackay Reservoir","ID, USA",1,1,"No Flooding","No Flooding","No Flooding","No Flooding"
11475,"NWSMAXP1","https://water.noaa.gov/gauges/maxp1","https://api.water.noaa.gov/nwps/v1/gauges/MAXP1/stageflow","https://api.water.noaa.gov/nwps/v1/gauges/MAXP1/stageflow","https://water.noaa.gov/resources/hydrographs/maxp1_hg.png","NOAA",10.12,6070,"No Flooding",1781717400000,"Monongahela River at Maxwell Lock and Dam (lower pool)","PA, USA",1,1,"No Flooding","No Flooding","No Flooding","No Flooding"
11480,"NWSMAYW1","https://water.noaa.gov/gauges/mayw1","https://api.water.noaa.gov/nwps/v1/gauges/MAYW1/stageflow","https://api.water.noaa.gov/nwps/v1/gauges/MAYW1/stageflow","https://water.noaa.gov/resources/hydrographs/mayw1_hg.png","NOAA",10.7,3520,"No Flooding",1781715600000,"Cowlitz River at Mayfield Dam","WA, USA",2,1,"No Flooding","No Flooding","No Flooding","No Flooding"
11491,"NWSMBHG1","https://water.noaa.gov/gauges/mbhg1","https://api.water.noaa.gov/nwps/v1/gauges/MBHG1/stageflow","https://api.water.noaa.gov/nwps/v1/gauges/MBHG1/stageflow","https://water.noaa.gov/resources/hydrographs/mbhg1_hg.png","NOAA",2.27,25.2,"No Flooding",1781719200000,"Big Haynes Creek at Jack Turner Dam near Milstead","GA, USA",1,1,"","","",""
11533,"NWSMCHO1","https://water.noaa.gov/gauges/mcho1","https://api.water.noaa.gov/nwps/v1/gauges/MCHO1/stageflow","https://api.water.noaa.gov/nwps/v1/gauges/MCHO1/stageflow","https://water.noaa.gov/resources/hydrographs/mcho1_hg.png","NOAA",934.65,210,"No Flooding",1781720100000,"Lake Fork Mohican River at Mohicanville Dam","OH, USA",1,1,"","","",""
11575,"NWSMCXI3","https://water.noaa.gov/gauges/mcxi3","https://api.water.noaa.gov/nwps/v1/gauges/MCXI3/stageflow","https://api.water.noaa.gov/nwps/v1/gauges/MCXI3/stageflow","https://water.noaa.gov/resources/hydrographs/mcxi3_hg.png","NOAA",9,2150,"No Flooding",1781719200000,"Tippecanoe River at Oakdale Dam","IN, USA",1,1,"No Flooding","No Flooding","No Flooding","No Flooding"
11594,"NWSMDMI1","https://water.noaa.gov/gauges/mdmi1","https://api.water.noaa.gov/nwps/v1/gauges/MDMI1/stageflow","https://api.water.noaa.gov/nwps/v1/gauges/MDMI1/stageflow","https://water.noaa.gov/resources/hydrographs/mdmi1_hg.png","NOAA",7.19,8560,"No Flooding",1781719200000,"Snake River at Minidoka Dam (at Howells Ferry)","ID, USA",1,1,"","","",""
11613,"NWSMEDC1","https://water.noaa.gov/gauges/medc1","https://api.water.noaa.gov/nwps/v1/gauges/MEDC1/stageflow","https://api.water.noaa.gov/nwps/v1/gauges/MEDC1/stageflow","https://water.noaa.gov/resources/hydrographs/medc1_hg.png","NOAA",4.12,4,"",1781720100000,"San Mateo Creek at Lower Crystal Springs Reservoir NR San Mateo","CA, USA",1,-1,"","","",""
11624,"NWSMELO1","https://water.noaa.gov/gauges/melo1","https://api.water.noaa.gov/nwps/v1/gauges/MELO1/stageflow","https://api.water.noaa.gov/nwps/v1/gauges/MELO1/stageflow","https://water.noaa.gov/resources/hydrographs/melo1_hg.png","NOAA",14.4,39900,"No Flooding",1781717400000,"Ohio River at Meldahl Dam","OH, USA",1,1,"No Flooding","No Flooding","No Flooding","No Flooding"
11643,"NWSMFDO2","https://water.noaa.gov/gauges/mfdo2","https://api.water.noaa.gov/nwps/v1/gauges/MFDO2/stageflow","https://api.water.noaa.gov/nwps/v1/gauges/MFDO2/stageflow","https://water.noaa.gov/resources/hydrographs/mfdo2_hg.png","NOAA",624.22,262000,"No Flooding",1781719200000,"Eastern Oklahoma Lakes at Hudson Lake","OK, USA",1,1,"","","",""
11666,"NWSMGCO2","https://water.noaa.gov/gauges/mgco2","https://api.water.noaa.gov/nwps/v1/gauges/MGCO2/stageflow","https://api.water.noaa.gov/nwps/v1/gauges/MGCO2/stageflow","https://water.noaa.gov/resources/hydrographs/mgco2_hg.png","NOAA",577.05,113000,"",1781720100000,"McGee Creek at McGee Creek Lake","OK, USA",1,-1,"","","",""
11668,"NWSMGFG1","https://water.noaa.gov/gauges/mgfg1","https://api.water.noaa.gov/nwps/v1/gauges/MGFG1/stageflow","https://api.water.noaa.gov/nwps/v1/gauges/MGFG1/stageflow","https://water.noaa.gov/resources/hydrographs/mgfg1_hg.png","NOAA",811.18,1090,"No Flooding",1781720100000,"Chattahoochee River at Morgan Falls Dam near Roswell","GA, USA",1,1,"","","",""
11690,"NWSMHDP1","https://water.noaa.gov/gauges/mhdp1","https://api.water.noaa.gov/nwps/v1/gauges/MHDP1/stageflow","https://api.water.noaa.gov/nwps/v1/gauges/MHDP1/stageflow","https://water.noaa.gov/resources/hydrographs/mhdp1_hg.png","NOAA",2.3,221,"No Flooding",1781718300000,"Mahoning Creek at Mahoning Dam Tailwater","PA, USA",1,1,"No Flooding","No Flooding","No Flooding","No Flooding"
11697,"NWSMHWO1","https://water.noaa.gov/gauges/mhwo1","https://api.water.noaa.gov/nwps/v1/gauges/MHWO1/stageflow","https://api.water.noaa.gov/nwps/v1/gauges/MHWO1/stageflow","https://water.noaa.gov/resources/hydrographs/mhwo1_hg.png","NOAA",810.32,38400,"",1781717400000,"Walhonding River at Mohawk Dam Pool","OH, USA",1,-1,"","","",""
11698,"NWSMHYI2","https://water.noaa.gov/gauges/mhyi2","https://api.water.noaa.gov/nwps/v1/gauges/MHYI2/stageflow","https://api.water.noaa.gov/nwps/v1/gauges/MHYI2/stageflow","https://water.noaa.gov/resources/hydrographs/mhyi2_hg.png","NOAA",2.87,1990,"No Flooding",1781716500000,"Fox River at McHenry (Stratton Lock and Dam) tailwater","IL, USA",2,1,"","","",""
11723,"NWSMINI1","https://water.noaa.gov/gauges/mini1","https://api.water.noaa.gov/nwps/v1/gauges/MINI1/stageflow","https://api.water.noaa.gov/nwps/v1/gauges/MINI1/stageflow","https://water.noaa.gov/resources/hydrographs/mini1_hg.png","NOAA",4243.57,4.95e+08,"No Flooding",1781718300000,"Eastern Idaho Reservoirs at Minidoka Dam","ID, USA",1,1,"","","",""
11726,"NWSMIOM4","https://water.noaa.gov/gauges/miom4","https://api.water.noaa.gov/nwps/v1/gauges/MIOM4/stageflow","https://api.water.noaa.gov/nwps/v1/gauges/MIOM4/stageflow","https://water.noaa.gov/resources/hydrographs/miom4_hg.png","NOAA",3.3,1040,"",1781720100000,"Au Sable River at Mio (Mio Dam)","MI, USA",1,-1,"","","",""
11761,"NWSMLBK1","https://water.noaa.gov/gauges/mlbk1","https://api.water.noaa.gov/nwps/v1/gauges/MLBK1/stageflow","https://api.water.noaa.gov/nwps/v1/gauges/MLBK1/stageflow","https://water.noaa.gov/resources/hydrographs/mlbk1_hg.png","NOAA",1350.57,80700,"",1781719200000,"Cottonwood River at Marion Reservoir","KS, USA",1,-1,"","","",""
11768,"NWSMLDN1","https://water.noaa.gov/gauges/mldn1","https://api.water.noaa.gov/nwps/v1/gauges/MLDN1/stageflow","https://api.water.noaa.gov/nwps/v1/gauges/MLDN1/stageflow","https://water.noaa.gov/resources/hydrographs/mldn1_hg.png","NOAA",1096.44,7.7,"No Flooding",1781716500000,"Wehrspann Lake at Wehrspann Lake","NE, USA",2,1,"","","",""
11818,"NWSMMRW1","https://water.noaa.gov/gauges/mmrw1","https://api.water.noaa.gov/nwps/v1/gauges/MMRW1/stageflow","https://api.water.noaa.gov/nwps/v1/gauges/MMRW1/stageflow","https://water.noaa.gov/resources/hydrographs/mmrw1_hg.png","NOAA",,970,"No Flooding",1781715600000,"White River at Mud Mtn. Dam - Outflow","WA, USA",2,1,"No Flooding","No Flooding","No Flooding","No Flooding"
11827,"NWSMNDA2","https://water.noaa.gov/gauges/mnda2","https://api.water.noaa.gov/nwps/v1/gauges/MNDA2/stageflow","https://api.water.noaa.gov/nwps/v1/gauges/MNDA2/stageflow","https://water.noaa.gov/resources/hydrographs/mnda2_hg.png","NOAA",4.11,2920,"No Flooding",1781719200000,"Mendenhall River at Lake Level","AK, USA",1,1,"No Flooding","No Flooding","",""
11878,"NWSMOHA3","https://water.noaa.gov/gauges/moha3","https://api.water.noaa.gov/nwps/v1/gauges/MOHA3/stageflow","https://api.water.noaa.gov/nwps/v1/gauges/MOHA3/stageflow","https://water.noaa.gov/resources/hydrographs/moha3_hg.png","NOAA",643.03,1700000,"",1781718300000,"Colorado River at Lake Mohave/Davis Dam","AZ, USA",1,-1,"","","",""
11906,"NWSMORW2","https://water.noaa.gov/gauges/morw2","https://api.water.noaa.gov/nwps/v1/gauges/MORW2/stageflow","https://api.water.noaa.gov/nwps/v1/gauges/MORW2/stageflow","https://water.noaa.gov/resources/hydrographs/morw2_hg.png","NOAA",10.02,12100,"No Flooding",1781720100000,"Monongahela River at Morgantown Lock and Dam","WV, USA",1,1,"No Flooding","No Flooding","No Flooding","No Flooding"
11910,"NWSMOSP1","https://water.noaa.gov/gauges/mosp1","https://api.water.noaa.gov/nwps/v1/gauges/MOSP1/stageflow","https://api.water.noaa.gov/nwps/v1/gauges/MOSP1/stageflow","https://water.noaa.gov/resources/hydrographs/mosp1_hg.png","NOAA",9.52,2230,"No Flooding",1781718300000,"Allegheny River at Mosgrove Lock and Dam","PA, USA",1,1,"","","",""
11927,"NWSMPTC1","https://water.noaa.gov/gauges/mptc1","https://api.water.noaa.gov/nwps/v1/gauges/MPTC1/stageflow","https://api.water.noaa.gov/nwps/v1/gauges/MPTC1/stageflow","https://water.noaa.gov/resources/hydrographs/mptc1_hg.png","NOAA",1.92,1,"No Flooding",1781720100000,"Alameda Creek at Div Dam near Sunol","CA, USA",1,1,"No Flooding","No Flooding","No Flooding","No Flooding"
11990,"NWSMSCM5","https://water.noaa.gov/gauges/mscm5","https://api.water.noaa.gov/nwps/v1/gauges/MSCM5/stageflow","https://api.water.noaa.gov/nwps/v1/gauges/MSCM5/stageflow","https://water.noaa.gov/resources/hydrographs/mscm5_hg.png","NOAA",651.45,26900,"No Flooding",1781716500000,"Mississippi River at Lock and Dam 5 - Minnesota City","MN, USA",2,1,"No Flooding","No Flooding","No Flooding","No Flooding"
11994,"NWSMSDT2","https://water.noaa.gov/gauges/msdt2","https://api.water.noaa.gov/nwps/v1/gauges/MSDT2/stageflow","https://api.water.noaa.gov/nwps/v1/gauges/MSDT2/stageflow","https://water.noaa.gov/resources/hydrographs/msdt2_hg.png","NOAA",671.75,41700,"No Flooding",1781719200000,"Colorado River (TX) at Lake Travis","TX, USA",1,1,"","","",""
12008,"NWSMSLW1","https://water.noaa.gov/gauges/mslw1","https://api.water.noaa.gov/nwps/v1/gauges/MSLW1/stageflow","https://api.water.noaa.gov/nwps/v1/gauges/MSLW1/stageflow","https://water.noaa.gov/resources/hydrographs/mslw1_hg.png","NOAA",3.02,55,"",1781718300000,"Crab Creek at Moses Lake","WA, USA",1,-1,"","","",""
12016,"NWSMSQO1","https://water.noaa.gov/gauges/msqo1","https://api.water.noaa.gov/nwps/v1/gauges/MSQO1/stageflow","https://api.water.noaa.gov/nwps/v1/gauges/MSQO1/stageflow","https://water.noaa.gov/resources/hydrographs/msqo1_hg.png","NOAA",1.15,8.6,"No Flooding",1781718300000,"Mosquito Creek at Mosquito Creek Lake","OH, USA",1,1,"No Flooding","No Flooding","No Flooding","No Flooding"
12018,"NWSMSSC1","https://water.noaa.gov/gauges/mssc1","https://api.water.noaa.gov/nwps/v1/gauges/MSSC1/stageflow","https://api.water.noaa.gov/nwps/v1/gauges/MSSC1/stageflow","https://water.noaa.gov/resources/hydrographs/mssc1_hg.png","NOAA",9.86,351,"",1781719200000,"McCloud River at Above Shasta Lake","CA, USA",1,-1,"","","",""
12019,"NWSMSSF1","https://water.noaa.gov/gauges/mssf1","https://api.water.noaa.gov/nwps/v1/gauges/MSSF1/stageflow","https://api.water.noaa.gov/nwps/v1/gauges/MSSF1/stageflow","https://water.noaa.gov/resources/hydrographs/mssf1_hg.png","NOAA",34.39,0,"No Flooding",1781719200000,"Ocklawaha River at Moss Bluff Dam","FL, USA",1,1,"","","",""
12040,"NWSMTHT2","https://water.noaa.gov/gauges/mtht2","https://api.water.noaa.gov/nwps/v1/gauges/MTHT2/stageflow","https://api.water.noaa.gov/nwps/v1/gauges/MTHT2/stageflow","https://water.noaa.gov/resources/hydrographs/mtht2_hg.png","NOAA",82.18,22200,"",1781719200000,"Nueces River at Lake Corpus Christi","TX, USA",1,-1,"","","",""
12051,"NWSMTNO2","https://water.noaa.gov/gauges/mtno2","https://api.water.noaa.gov/nwps/v1/gauges/MTNO2/stageflow","https://api.water.noaa.gov/nwps/v1/gauges/MTNO2/stageflow","https://water.noaa.gov/resources/hydrographs/mtno2_hg.png","NOAA",1406.83,72800,"",1.781721e+12,"West Otter Creek at Tom Steed Lake","OK, USA",0,-1,"","","",""
12092,"NWSMUPC1","https://water.noaa.gov/gauges/mupc1","https://api.water.noaa.gov/nwps/v1/gauges/MUPC1/stageflow","https://api.water.noaa.gov/nwps/v1/gauges/MUPC1/stageflow","https://water.noaa.gov/resources/hydrographs/mupc1_hg.png","NOAA",5.84,3.7,"No Flooding",1781717400000,"Middle Creek at Upper Lake","CA, USA",1,1,"No Flooding","No Flooding","No Flooding","No Flooding"
12095,"NWSMURS1","https://water.noaa.gov/gauges/murs1","https://api.water.noaa.gov/nwps/v1/gauges/MURS1/stageflow","https://api.water.noaa.gov/nwps/v1/gauges/MURS1/stageflow","https://water.noaa.gov/resources/hydrographs/murs1_hg.png","NOAA",3.63,750,"",1781720100000,"Saluda River at Lake Murray Dam","SC, USA",1,-1,"","","",""
12128,"NWSMYKO3","https://water.noaa.gov/gauges/myko3","https://api.water.noaa.gov/nwps/v1/gauges/MYKO3/stageflow","https://api.water.noaa.gov/nwps/v1/gauges/MYKO3/stageflow","https://water.noaa.gov/resources/hydrographs/myko3_hg.png","NOAA",2.59,4,"",1781720100000,"McKay Creek at Reservoir","OR, USA",1,-1,"","","",""
12146,"NWSNACC1","https://water.noaa.gov/gauges/nacc1","https://api.water.noaa.gov/nwps/v1/gauges/NACC1/stageflow","https://api.water.noaa.gov/nwps/v1/gauges/NACC1/stageflow","https://water.noaa.gov/resources/hydrographs/nacc1_hg.png","NOAA",765.8,210000,"No Flooding",1781717400000,"Nacimiento River at Nacimiento Reservoir","CA, USA",1,1,"","","",""
12165,"NWSNASC1","https://water.noaa.gov/gauges/nasc1","https://api.water.noaa.gov/nwps/v1/gauges/NASC1/stageflow","https://api.water.noaa.gov/nwps/v1/gauges/NASC1/stageflow","https://water.noaa.gov/resources/hydrographs/nasc1_hg.png","NOAA",3.39,261,"",1781719200000,"Nacimiento River at Dam","CA, USA",1,-1,"","","",""
12167,"NWSNASP4","https://water.noaa.gov/gauges/nasp4","https://api.water.noaa.gov/nwps/v1/gauges/NASP4/stageflow","https://api.water.noaa.gov/nwps/v1/gauges/NASP4/stageflow","https://water.noaa.gov/resources/hydrographs/nasp4_hg.png","NOAA",6.91,1,"No Flooding",1781720100000,"Rio De La Plata at La Plata Dam","PR, USA",1,1,"","","",""
12172,"NWSNATP1","https://water.noaa.gov/gauges/natp1","https://api.water.noaa.gov/nwps/v1/gauges/NATP1/stageflow","https://api.water.noaa.gov/nwps/v1/gauges/NATP1/stageflow","https://water.noaa.gov/resources/hydrographs/natp1_hg.png","NOAA",11.1,8980,"No Flooding",1781720100000,"Allegheny River at Natrona Lock and Dam","PA, USA",1,1,"No Flooding","No Flooding","No Flooding","No Flooding"
12185,"NWSNBGI3","https://water.noaa.gov/gauges/nbgi3","https://api.water.noaa.gov/nwps/v1/gauges/NBGI3/stageflow","https://api.water.noaa.gov/nwps/v1/gauges/NBGI3/stageflow","https://water.noaa.gov/resources/hydrographs/nbgi3_hg.png","NOAA",14.2,47700,"No Flooding",1781719200000,"Ohio River at Newburgh Lock and Dam","IN, USA",1,1,"No Flooding","No Flooding","No Flooding","No Flooding"
12251,"NWSNEUN7","https://water.noaa.gov/gauges/neun7","https://api.water.noaa.gov/nwps/v1/gauges/NEUN7/stageflow","https://api.water.noaa.gov/nwps/v1/gauges/NEUN7/stageflow","https://water.noaa.gov/resources/hydrographs/neun7_hg.png","NOAA",1.13,94.7,"No Flooding",1781719200000,"Neuse River at Neuse River Below Falls Dam","NC, USA",1,1,"","","",""
12264,"NWSNFDC1","https://water.noaa.gov/gauges/nfdc1","https://api.water.noaa.gov/nwps/v1/gauges/NFDC1/stageflow","https://api.water.noaa.gov/nwps/v1/gauges/NFDC1/stageflow","https://water.noaa.gov/resources/hydrographs/nfdc1_hg.png","NOAA",0.66,198,"",1781716500000,"North Fork American River at North Fork Dam","CA, USA",2,-1,"","","",""
12335,"NWSNLGI2","https://water.noaa.gov/gauges/nlgi2","https://api.water.noaa.gov/nwps/v1/gauges/NLGI2/stageflow","https://api.water.noaa.gov/nwps/v1/gauges/NLGI2/stageflow","https://water.noaa.gov/resources/hydrographs/nlgi2_hg.png","NOAA",21.72,53200,"Action Stage",1781719200000,"Illinois River at LaGrange Lock and Dam","IL, USA",1,2,"Minor Flood","Action Stage","Action Stage","Action Stage"
12379,"NWSNOLT1","https://water.noaa.gov/gauges/nolt1","https://api.water.noaa.gov/nwps/v1/gauges/NOLT1/stageflow","https://api.water.noaa.gov/nwps/v1/gauges/NOLT1/stageflow","https://water.noaa.gov/resources/hydrographs/nolt1_hg.png","NOAA",41.81,596,"",1781720100000,"Nolichucky River at Nolichucky Dam HW near Greenville 8SSW","TN, USA",1,-1,"","","",""
12408,"NWSNRBF1","https://water.noaa.gov/gauges/nrbf1","https://api.water.noaa.gov/nwps/v1/gauges/NRBF1/stageflow","https://api.water.noaa.gov/nwps/v1/gauges/NRBF1/stageflow","https://water.noaa.gov/resources/hydrographs/nrbf1_hg.png","NOAA",84.48,3,"Low Flow",1781718300000,"New River at Lake Butler (in NAVD88)","FL, USA",1,0,"","","",""
12421,"NWSNRMO2","https://water.noaa.gov/gauges/nrmo2","https://api.water.noaa.gov/nwps/v1/gauges/NRMO2/stageflow","https://api.water.noaa.gov/nwps/v1/gauges/NRMO2/stageflow","https://water.noaa.gov/resources/hydrographs/nrmo2_hg.png","NOAA",1038.27,115000,"",1.781721e+12,"Little River (OK) at Lake Thunderbird","OK, USA",0,-1,"","","",""
12436,"NWSNSEC2","https://water.noaa.gov/gauges/nsec2","https://api.water.noaa.gov/nwps/v1/gauges/NSEC2/stageflow","https://api.water.noaa.gov/nwps/v1/gauges/NSEC2/stageflow","https://water.noaa.gov/resources/hydrographs/nsec2_hg.png","NOAA",3.26,6.6,"No Flooding",1781717400000,"North Fork Cache La Poudre River at Seaman Reservoir","CO, USA",1,1,"","","",""
12450,"NWSNTDK1","https://water.noaa.gov/gauges/ntdk1","https://api.water.noaa.gov/nwps/v1/gauges/NTDK1/stageflow","https://api.water.noaa.gov/nwps/v1/gauges/NTDK1/stageflow","https://water.noaa.gov/resources/hydrographs/ntdk1_hg.png","NOAA",2290.32,12000,"No Flooding",1781717400000,"Prairie Dog Creek at Norton Dam #2-DCP","KS, USA",1,1,"","","",""
12476,"NWSNVXN6","https://water.noaa.gov/gauges/nvxn6","https://api.water.noaa.gov/nwps/v1/gauges/NVXN6/stageflow","https://api.water.noaa.gov/nwps/v1/gauges/NVXN6/stageflow","https://water.noaa.gov/resources/hydrographs/nvxn6_hg.png","NOAA",3.51,126,"No Flooding",1781716500000,"Neversink River at Neversink Reservoir","NY, USA",2,1,"","","",""
12498,"NWSNWYI3","https://water.noaa.gov/gauges/nwyi3","https://api.water.noaa.gov/nwps/v1/gauges/NWYI3/stageflow","https://api.water.noaa.gov/nwps/v1/gauges/NWYI3/stageflow","https://water.noaa.gov/resources/hydrographs/nwyi3_hg.png","NOAA",,1890,"No Flooding",1781718300000,"Tippecanoe River at Norway Dam","IN, USA",1,1,"","","",""
12500,"NWSOAAN1","https://water.noaa.gov/gauges/oaan1","https://api.water.noaa.gov/nwps/v1/gauges/OAAN1/stageflow","https://api.water.noaa.gov/nwps/v1/gauges/OAAN1/stageflow","https://water.noaa.gov/resources/hydrographs/oaan1_hg.png","NOAA",1110.88,22.1,"No Flooding",1781716500000,"Lake Zorinsky at Lake Zorinsky","NE, USA",2,1,"","","",""
12504,"NWSOADI3","https://water.noaa.gov/gauges/oadi3","https://api.water.noaa.gov/nwps/v1/gauges/OADI3/stageflow","https://api.water.noaa.gov/nwps/v1/gauges/OADI3/stageflow","https://water.noaa.gov/resources/hydrographs/oadi3_hg.png","NOAA",6.59,2170,"No Flooding",1781720100000,"Tippecanoe River at Oakdale Dam","IN, USA",1,1,"","","",""
12507,"NWSOAKI3","https://water.noaa.gov/gauges/oaki3","https://api.water.noaa.gov/nwps/v1/gauges/OAKI3/stageflow","https://api.water.noaa.gov/nwps/v1/gauges/OAKI3/stageflow","https://water.noaa.gov/resources/hydrographs/oaki3_hg.png","NOAA",6.57,2150,"No Flooding",1781720100000,"Tippecanoe River at Oakdale Dam","IN, USA",1,1,"","","",""
12530,"NWSOCHO3","https://water.noaa.gov/gauges/ocho3","https://api.water.noaa.gov/nwps/v1/gauges/OCHO3/stageflow","https://api.water.noaa.gov/nwps/v1/gauges/OCHO3/stageflow","https://water.noaa.gov/resources/hydrographs/ocho3_hg.png","NOAA",0.42,11,"",1781717400000,"Ochoco Creek at Ochoco Reservoir","OR, USA",1,-1,"","","",""
12563,"NWSOHIT1","https://water.noaa.gov/gauges/ohit1","https://api.water.noaa.gov/nwps/v1/gauges/OHIT1/stageflow","https://api.water.noaa.gov/nwps/v1/gauges/OHIT1/stageflow","https://water.noaa.gov/resources/hydrographs/ohit1_hg.png","NOAA",,5100,"No Flooding",1781715600000,"Cumberland River at Old Hickory Dam","TN, USA",2,1,"","","",""
12564,"NWSOHIT2","https://water.noaa.gov/gauges/ohit2","https://api.water.noaa.gov/nwps/v1/gauges/OHIT2/stageflow","https://api.water.noaa.gov/nwps/v1/gauges/OHIT2/stageflow","https://water.noaa.gov/resources/hydrographs/ohit2_hg.png","NOAA",1532.73,32700,"No Flooding",1781718300000,"West Central Texas Lakes at O.H. Ivie Reservoir","TX, USA",1,1,"","","",""
12575,"NWSOKKW2","https://water.noaa.gov/gauges/okkw2","https://api.water.noaa.gov/nwps/v1/gauges/OKKW2/stageflow","https://api.water.noaa.gov/nwps/v1/gauges/OKKW2/stageflow","https://water.noaa.gov/resources/hydrographs/okkw2_hg.png","NOAA",10.11,7720,"",1781719200000,"Monongahela River at Opekiska Lock and Dam","WV, USA",1,-1,"","","",""
12603,"NWSOMAN1","https://water.noaa.gov/gauges/oman1","https://api.water.noaa.gov/nwps/v1/gauges/OMAN1/stageflow","https://api.water.noaa.gov/nwps/v1/gauges/OMAN1/stageflow","https://water.noaa.gov/resources/hydrographs/oman1_hg.png","NOAA",1104.36,4.1,"",1781716500000,"Standing Bear Lake and Dam at Standing Bear Lake and Dam","NE, USA",2,-1,"","","",""
12623,"NWSOOLO2","https://water.noaa.gov/gauges/oolo2","https://api.water.noaa.gov/nwps/v1/gauges/OOLO2/stageflow","https://api.water.noaa.gov/nwps/v1/gauges/OOLO2/stageflow","https://water.noaa.gov/resources/hydrographs/oolo2_hg.png","NOAA",644.03,758000,"No Flooding",1781719200000,"Eastern Oklahoma Lakes at Oologah Lake","OK, USA",1,1,"","","",""
12628,"NWSOPDU1","https://water.noaa.gov/gauges/opdu1","https://api.water.noaa.gov/nwps/v1/gauges/OPDU1/stageflow","https://api.water.noaa.gov/nwps/v1/gauges/OPDU1/stageflow","https://water.noaa.gov/resources/hydrographs/opdu1_hg.png","NOAA",3.51,225,"No Flooding",1.781721e+12,"Ogden River at Pineview Reservoir","UT, USA",0,1,"No Flooding","No Flooding","No Flooding","No Flooding"
12641,"NWSORCM4","https://water.noaa.gov/gauges/orcm4","https://api.water.noaa.gov/nwps/v1/gauges/ORCM4/stageflow","https://api.water.noaa.gov/nwps/v1/gauges/ORCM4/stageflow","https://water.noaa.gov/resources/hydrographs/orcm4_hg.png","NOAA",4.7,46,"",1781715600000,"Cisco Branch Ontonagon River at Cisco Lake","MI, USA",2,-1,"","","",""
12691,"NWSOTTW3","https://water.noaa.gov/gauges/ottw3","https://api.water.noaa.gov/nwps/v1/gauges/OTTW3/stageflow","https://api.water.noaa.gov/nwps/v1/gauges/OTTW3/stageflow","https://water.noaa.gov/resources/hydrographs/ottw3_hg.png","NOAA",1605.05,690,"No Flooding",1781719800000,"Wisconsin River at Otter Rapids Dam","WI, USA",1,1,"","","",""
12702,"NWSOVRO2","https://water.noaa.gov/gauges/ovro2","https://api.water.noaa.gov/nwps/v1/gauges/OVRO2/stageflow","https://api.water.noaa.gov/nwps/v1/gauges/OVRO2/stageflow","https://water.noaa.gov/resources/hydrographs/ovro2_hg.png","NOAA",1239.76,13200,"",1781715600000,"North Canadian River at Lake Overholser","OK, USA",2,-1,"","","",""
12711,"NWSOWIN6","https://water.noaa.gov/gauges/owin6","https://api.water.noaa.gov/nwps/v1/gauges/OWIN6/stageflow","https://api.water.noaa.gov/nwps/v1/gauges/OWIN6/stageflow","https://water.noaa.gov/resources/hydrographs/owin6_hg.png","NOAA",4.07,54.7,"",1781704800000,"Owasco Lake at Moravia Inlet","NY, USA",5,-1,"","","",""
12717,"NWSOWYO3","https://water.noaa.gov/gauges/owyo3","https://api.water.noaa.gov/nwps/v1/gauges/OWYO3/stageflow","https://api.water.noaa.gov/nwps/v1/gauges/OWYO3/stageflow","https://water.noaa.gov/resources/hydrographs/owyo3_hg.png","NOAA",1.9,145,"No Flooding",1781717400000,"Owyhee River at Owyhee Dam","OR, USA",1,1,"No Flooding","No Flooding","No Flooding","No Flooding"
12821,"NWSPCPC1","https://water.noaa.gov/gauges/pcpc1","https://api.water.noaa.gov/nwps/v1/gauges/PCPC1/stageflow","https://api.water.noaa.gov/nwps/v1/gauges/PCPC1/stageflow","https://water.noaa.gov/resources/hydrographs/pcpc1_hg.png","NOAA",2.95,25,"No Flooding",1781720100000,"Piru Creek at Lake Piru","CA, USA",1,1,"","","",""
12848,"NWSPDSW3","https://water.noaa.gov/gauges/pdsw3","https://api.water.noaa.gov/nwps/v1/gauges/PDSW3/stageflow","https://api.water.noaa.gov/nwps/v1/gauges/PDSW3/stageflow","https://water.noaa.gov/resources/hydrographs/pdsw3_hg.png","NOAA",737.3,11289,"",1781719380000,"Wisconsin River at Prairie Du Sac Dam","WI, USA",1,-1,"","","",""
12864,"NWSPELI4","https://water.noaa.gov/gauges/peli4","https://api.water.noaa.gov/nwps/v1/gauges/PELI4/stageflow","https://api.water.noaa.gov/nwps/v1/gauges/PELI4/stageflow","https://water.noaa.gov/resources/hydrographs/peli4_hg.png","NOAA",742.85,199000,"No Flooding",1781720100000,"Des Moines River at Red Rock Reservoir","IA, USA",1,1,"","","",""
12869,"NWSPENO2","https://water.noaa.gov/gauges/peno2","https://api.water.noaa.gov/nwps/v1/gauges/PENO2/stageflow","https://api.water.noaa.gov/nwps/v1/gauges/PENO2/stageflow","https://water.noaa.gov/resources/hydrographs/peno2_hg.png","NOAA",747.12,1770000,"No Flooding",1781719200000,"Eastern Oklahoma Lakes at Grand Lake","OK, USA",1,1,"","","",""
12896,"NWSPGRC2","https://water.noaa.gov/gauges/pgrc2","https://api.water.noaa.gov/nwps/v1/gauges/PGRC2/stageflow","https://api.water.noaa.gov/nwps/v1/gauges/PGRC2/stageflow","https://water.noaa.gov/resources/hydrographs/pgrc2_hg.png","NOAA",4.88,37.8,"No Flooding",1781717400000,"Purgatoire River at Trinidad Lake","CO, USA",1,1,"","","",""
12909,"NWSPHLO3","https://water.noaa.gov/gauges/phlo3","https://api.water.noaa.gov/nwps/v1/gauges/PHLO3/stageflow","https://api.water.noaa.gov/nwps/v1/gauges/PHLO3/stageflow","https://water.noaa.gov/resources/hydrographs/phlo3_hg.png","NOAA",2.5,151,"",1781714700000,"Powder River (OR) at Mason Dam","OR, USA",2,-1,"","","",""
12923,"NWSPIEO1","https://water.noaa.gov/gauges/pieo1","https://api.water.noaa.gov/nwps/v1/gauges/PIEO1/stageflow","https://api.water.noaa.gov/nwps/v1/gauges/PIEO1/stageflow","https://water.noaa.gov/resources/hydrographs/pieo1_hg.png","NOAA",874.2,88,"",1781720100000,"Stillwater Creek at Piedmont Dam Tailwater","OH, USA",1,-1,"","","",""
12931,"NWSPIKN4","https://water.noaa.gov/gauges/pikn4","https://api.water.noaa.gov/nwps/v1/gauges/PIKN4/stageflow","https://api.water.noaa.gov/nwps/v1/gauges/PIKN4/stageflow","https://water.noaa.gov/resources/hydrographs/pikn4_hg.png","NOAA",2.32,326,"",1.781721e+12,"Green Pond Brook at Picatinny Lake","NJ, USA",0,-1,"","","",""
13012,"NWSPLUN4","https://water.noaa.gov/gauges/plun4","https://api.water.noaa.gov/nwps/v1/gauges/PLUN4/stageflow","https://api.water.noaa.gov/nwps/v1/gauges/PLUN4/stageflow","https://water.noaa.gov/resources/hydrographs/plun4_hg.png","NOAA",10.14,28.2,"No Flooding",1781717400000,"Ramapo River at Pompton Lakes Dam","NJ, USA",1,1,"","","",""
13027,"NWSPMRP1","https://water.noaa.gov/gauges/pmrp1","https://api.water.noaa.gov/nwps/v1/gauges/PMRP1/stageflow","https://api.water.noaa.gov/nwps/v1/gauges/PMRP1/stageflow","https://water.noaa.gov/resources/hydrographs/pmrp1_hg.png","NOAA",10.53,3470,"No Flooding",1781720100000,"Monongahela River at Point Marion Lock and Dam (lower pool)","PA, USA",1,1,"No Flooding","No Flooding","No Flooding","No Flooding"
13036,"NWSPNDP1","https://water.noaa.gov/gauges/pndp1","https://api.water.noaa.gov/nwps/v1/gauges/PNDP1/stageflow","https://api.water.noaa.gov/nwps/v1/gauges/PNDP1/stageflow","https://water.noaa.gov/resources/hydrographs/pndp1_hg.png","NOAA",3.75,1110,"",1781720100000,"Clarion River at Piney Dam  Tailwater","PA, USA",1,-1,"","","",""
13056,"NWSPNTK2","https://water.noaa.gov/gauges/pntk2","https://api.water.noaa.gov/nwps/v1/gauges/PNTK2/stageflow","https://api.water.noaa.gov/nwps/v1/gauges/PNTK2/stageflow","https://water.noaa.gov/resources/hydrographs/pntk2_hg.png","NOAA",709.03,41900,"No Flooding",1.781721e+12,"Paint Creek at Paintsville Lake","KY, USA",0,1,"","","",""
13107,"NWSPRAI2","https://water.noaa.gov/gauges/prai2","https://api.water.noaa.gov/nwps/v1/gauges/PRAI2/stageflow","https://api.water.noaa.gov/nwps/v1/gauges/PRAI2/stageflow","https://water.noaa.gov/resources/hydrographs/prai2_hg.png","NOAA",446.1,39800,"Action Stage",1.781694e+12,"Illinois River at Peoria Lock and Dam","IL, USA",8,2,"Minor Flood","Action Stage","Action Stage","Minor Flood"
13125,"NWSPRDW1","https://water.noaa.gov/gauges/prdw1","https://api.water.noaa.gov/nwps/v1/gauges/PRDW1/stageflow","https://api.water.noaa.gov/nwps/v1/gauges/PRDW1/stageflow","https://water.noaa.gov/resources/hydrographs/prdw1_hg.png","NOAA",18.67,162000,"No Flooding",1781716500000,"Columbia River at Priest Rapids Dam","WA, USA",2,1,"No Flooding","No Flooding","No Flooding","No Flooding"
13137,"NWSPRIO1","https://water.noaa.gov/gauges/prio1","https://api.water.noaa.gov/nwps/v1/gauges/PRIO1/stageflow","https://api.water.noaa.gov/nwps/v1/gauges/PRIO1/stageflow","https://water.noaa.gov/resources/hydrographs/prio1_hg.png","NOAA",2.85,235,"No Flooding",1781719200000,"Mahoning River at Lake Milton at Pricetown","OH, USA",1,1,"No Flooding","No Flooding","No Flooding","No Flooding"
13139,"NWSPRKA3","https://water.noaa.gov/gauges/prka3","https://api.water.noaa.gov/nwps/v1/gauges/PRKA3/stageflow","https://api.water.noaa.gov/nwps/v1/gauges/PRKA3/stageflow","https://water.noaa.gov/resources/hydrographs/prka3_hg.png","NOAA",535.02,47.5,"No Flooding",1781719200000,"Gila River at Painted Rock Lake","AZ, USA",1,1,"","","",""
13164,"NWSPRRP1","https://water.noaa.gov/gauges/prrp1","https://api.water.noaa.gov/nwps/v1/gauges/PRRP1/stageflow","https://api.water.noaa.gov/nwps/v1/gauges/PRRP1/stageflow","https://water.noaa.gov/resources/hydrographs/prrp1_hg.png","NOAA",2.67,35.8,"No Flooding",1.781721e+12,"Pohopoco Creek at Beltzville Lake at Parryville","PA, USA",0,1,"","","",""
13196,"NWSPSBN5","https://water.noaa.gov/gauges/psbn5","https://api.water.noaa.gov/nwps/v1/gauges/PSBN5/stageflow","https://api.water.noaa.gov/nwps/v1/gauges/PSBN5/stageflow","https://water.noaa.gov/resources/hydrographs/psbn5_hg.png","NOAA",6.07,198,"",1.781721e+12,"Pecos River at Brantley Reservoir","NM, USA",0,-1,"","","",""
13199,"NWSPSFC1","https://water.noaa.gov/gauges/psfc1","https://api.water.noaa.gov/nwps/v1/gauges/PSFC1/stageflow","https://api.water.noaa.gov/nwps/v1/gauges/PSFC1/stageflow","https://water.noaa.gov/resources/hydrographs/psfc1_hg.png","NOAA",1.67,9,"No Flooding",1781718300000,"Piru Creek at Santa Felicia Dam","CA, USA",1,1,"","","",""
13212,"NWSPSRC1","https://water.noaa.gov/gauges/psrc1","https://api.water.noaa.gov/nwps/v1/gauges/PSRC1/stageflow","https://api.water.noaa.gov/nwps/v1/gauges/PSRC1/stageflow","https://water.noaa.gov/resources/hydrographs/psrc1_hg.png","NOAA",5736.44,26400,"No Flooding",1781719200000,"Prosser Creek at Prosser Creek Reservoir","CA, USA",1,1,"","","",""
13250,"NWSPTVO3","https://water.noaa.gov/gauges/ptvo3","https://api.water.noaa.gov/nwps/v1/gauges/PTVO3/stageflow","https://api.water.noaa.gov/nwps/v1/gauges/PTVO3/stageflow","https://water.noaa.gov/resources/hydrographs/ptvo3_hg.png","NOAA",0.37,0,"",1781720100000,"Powder River (OR) at Thief Valley Reservoir","OR, USA",1,-1,"","","",""
13261,"NWSPVCC1","https://water.noaa.gov/gauges/pvcc1","https://api.water.noaa.gov/nwps/v1/gauges/PVCC1/stageflow","https://api.water.noaa.gov/nwps/v1/gauges/PVCC1/stageflow","https://water.noaa.gov/resources/hydrographs/pvcc1_hg.png","NOAA",0.87,70,"",1781715600000,"Los Angeles River at Sepulveda Dam","CA, USA",2,-1,"","","",""
13291,"NWSQLDI2","https://water.noaa.gov/gauges/qldi2","https://api.water.noaa.gov/nwps/v1/gauges/QLDI2/stageflow","https://api.water.noaa.gov/nwps/v1/gauges/QLDI2/stageflow","https://water.noaa.gov/resources/hydrographs/qldi2_hg.png","NOAA",13.01,160000,"No Flooding",1781719200000,"Mississippi River at Quincy Lock and Dam 21","IL, USA",1,1,"No Flooding","No Flooding","No Flooding","No Flooding"
13292,"NWSQLTW1","https://water.noaa.gov/gauges/qltw1","https://api.water.noaa.gov/nwps/v1/gauges/QLTW1/stageflow","https://api.water.noaa.gov/nwps/v1/gauges/QLTW1/stageflow","https://water.noaa.gov/resources/hydrographs/qltw1_hg.png","NOAA",2.71,857,"",1781717400000,"Quinault River at Quinault Lake","WA, USA",1,-1,"","","",""
13296,"NWSQTMT2","https://water.noaa.gov/gauges/qtmt2","https://api.water.noaa.gov/nwps/v1/gauges/QTMT2/stageflow","https://api.water.noaa.gov/nwps/v1/gauges/QTMT2/stageflow","https://water.noaa.gov/resources/hydrographs/qtmt2_hg.png","NOAA",3.64,9.7,"No Flooding",1781720100000,"Lake Fork Creek at Quitman","TX, USA",1,1,"","","",""
13309,"NWSRADI4","https://water.noaa.gov/gauges/radi4","https://api.water.noaa.gov/nwps/v1/gauges/RADI4/stageflow","https://api.water.noaa.gov/nwps/v1/gauges/RADI4/stageflow","https://water.noaa.gov/resources/hydrographs/radi4_hg.png","NOAA",910.54,52.6,"No Flooding",1781718300000,"Chariton River at Rathbun Reservoir","IA, USA",1,1,"","","",""
13328,"NWSRAYN1","https://water.noaa.gov/gauges/rayn1","https://api.water.noaa.gov/nwps/v1/gauges/RAYN1/stageflow","https://api.water.noaa.gov/nwps/v1/gauges/RAYN1/stageflow","https://water.noaa.gov/resources/hydrographs/rayn1_hg.png","NOAA",1284.21,0,"No Flooding",1781716500000,"Branched Oak Reservoir at Branched Oak Reservoir","NE, USA",2,1,"","","",""
13347,"NWSRCBS2","https://water.noaa.gov/gauges/rcbs2","https://api.water.noaa.gov/nwps/v1/gauges/RCBS2/stageflow","https://api.water.noaa.gov/nwps/v1/gauges/RCBS2/stageflow","https://water.noaa.gov/resources/hydrographs/rcbs2_hg.png","NOAA",7.55,46,"No Flooding",1781716500000,"Rapid Creek at Pactola Dam","SD, USA",2,1,"","","",""
13348,"NWSRCCC1","https://water.noaa.gov/gauges/rccc1","https://api.water.noaa.gov/nwps/v1/gauges/RCCC1/stageflow","https://api.water.noaa.gov/nwps/v1/gauges/RCCC1/stageflow","https://water.noaa.gov/resources/hydrographs/rccc1_hg.png","NOAA",4.56,5,"",1781720100000,"Coyote Creek at Coyote Reservoir NR San Martin","CA, USA",1,-1,"","","",""
13356,"NWSRCEN5","https://water.noaa.gov/gauges/rcen5","https://api.water.noaa.gov/nwps/v1/gauges/RCEN5/stageflow","https://api.water.noaa.gov/nwps/v1/gauges/RCEN5/stageflow","https://water.noaa.gov/resources/hydrographs/rcen5_hg.png","NOAA",1.98,109,"No Flooding",1781718300000,"Rio Chama at El Vado Dam","NM, USA",1,1,"","","",""
13392,"NWSRDBC1","https://water.noaa.gov/gauges/rdbc1","https://api.water.noaa.gov/nwps/v1/gauges/RDBC1/stageflow","https://api.water.noaa.gov/nwps/v1/gauges/RDBC1/stageflow","https://water.noaa.gov/resources/hydrographs/rdbc1_hg.png","NOAA",241.75,10000,"No Flooding",1781717400000,"Sacramento River at Red Bluff Diversion Dam","CA, USA",1,1,"No Flooding","No Flooding","No Flooding","No Flooding"
13401,"NWSRDLM5","https://water.noaa.gov/gauges/rdlm5","https://api.water.noaa.gov/nwps/v1/gauges/RDLM5/stageflow","https://api.water.noaa.gov/nwps/v1/gauges/RDLM5/stageflow","https://water.noaa.gov/resources/hydrographs/rdlm5_hg.png","NOAA",5.72,166,"",1781715600000,"Clearwater River (MN) at Red Lake Falls","MN, USA",2,-1,"","","",""
13412,"NWSRDTA4","https://water.noaa.gov/gauges/rdta4","https://api.water.noaa.gov/nwps/v1/gauges/RDTA4/stageflow","https://api.water.noaa.gov/nwps/v1/gauges/RDTA4/stageflow","https://water.noaa.gov/resources/hydrographs/rdta4_hg.png","NOAA",2.58,221,"No Flooding",1781720100000,"Ouachita River at Remmel Dam above Jones Mill","AR, USA",1,1,"","","",""
13413,"NWSRDWM5","https://water.noaa.gov/gauges/rdwm5","https://api.water.noaa.gov/nwps/v1/gauges/RDWM5/stageflow","https://api.water.noaa.gov/nwps/v1/gauges/RDWM5/stageflow","https://water.noaa.gov/resources/hydrographs/rdwm5_hg.png","NOAA",668.8,15000,"No Flooding",1781716500000,"Mississippi River at Red Wing -- Below Lock and Dam #3","MN, USA",2,1,"No Flooding","No Flooding","No Flooding","No Flooding"
13485,"NWSRIRI1","https://water.noaa.gov/gauges/riri1","https://api.water.noaa.gov/nwps/v1/gauges/RIRI1/stageflow","https://api.water.noaa.gov/nwps/v1/gauges/RIRI1/stageflow","https://water.noaa.gov/resources/hydrographs/riri1_hg.png","NOAA",1.74,86,"No Flooding",1781717400000,"Willow Creek (Eastern ID) at Ririe Dam near Ririe","ID, USA",1,1,"No Flooding","No Flooding","No Flooding","No Flooding"
13501,"NWSRLAT2","https://water.noaa.gov/gauges/rlat2","https://api.water.noaa.gov/nwps/v1/gauges/RLAT2/stageflow","https://api.water.noaa.gov/nwps/v1/gauges/RLAT2/stageflow","https://water.noaa.gov/resources/hydrographs/rlat2_hg.png","NOAA",2816.48,56400,"",1781720100000,"Pecos River at Red Bluff Reservoir","TX, USA",1,-1,"","","",""
13503,"NWSRLCG1","https://water.noaa.gov/gauges/rlcg1","https://api.water.noaa.gov/nwps/v1/gauges/RLCG1/stageflow","https://api.water.noaa.gov/nwps/v1/gauges/RLCG1/stageflow","https://water.noaa.gov/resources/hydrographs/rlcg1_hg.png","NOAA",0.46,2.2,"No Flooding",1781717400000,"Richland Creek at Suwanee Dam Road near Buford","GA, USA",1,1,"","","",""
13516,"NWSRMBG1","https://water.noaa.gov/gauges/rmbg1","https://api.water.noaa.gov/nwps/v1/gauges/RMBG1/stageflow","https://api.water.noaa.gov/nwps/v1/gauges/RMBG1/stageflow","https://water.noaa.gov/resources/hydrographs/rmbg1_hg.png","NOAA",11.42,2080,"No Flooding",1781718300000,"Coosa River at Mayos Bar Lock and Dam near Rome","GA, USA",1,1,"","","",""
13524,"NWSRMRP1","https://water.noaa.gov/gauges/rmrp1","https://api.water.noaa.gov/nwps/v1/gauges/RMRP1/stageflow","https://api.water.noaa.gov/nwps/v1/gauges/RMRP1/stageflow","https://water.noaa.gov/resources/hydrographs/rmrp1_hg.png","NOAA",10.58,4260,"No Flooding",1781719200000,"Allegheny River at Rimer Lock and Dam","PA, USA",1,1,"","","",""
13583,"NWSROUN6","https://water.noaa.gov/gauges/roun6","https://api.water.noaa.gov/nwps/v1/gauges/ROUN6/stageflow","https://api.water.noaa.gov/nwps/v1/gauges/ROUN6/stageflow","https://water.noaa.gov/resources/hydrographs/roun6_hg.png","NOAA",96.32,16200,"No Flooding",1781719200000,"Lake Champlain at Rouses Point","NY, USA",1,1,"No Flooding","No Flooding","No Flooding",""
13600,"NWSRRBM8","https://water.noaa.gov/gauges/rrbm8","https://api.water.noaa.gov/nwps/v1/gauges/RRBM8/stageflow","https://api.water.noaa.gov/nwps/v1/gauges/RRBM8/stageflow","https://water.noaa.gov/resources/hydrographs/rrbm8_hg.png","NOAA",3.48,307,"",1781718300000,"Ruby River at Ruby Reservoir near Alder","MT, USA",1,-1,"","","",""
13603,"NWSRRDM5","https://water.noaa.gov/gauges/rrdm5","https://api.water.noaa.gov/nwps/v1/gauges/RRDM5/stageflow","https://api.water.noaa.gov/nwps/v1/gauges/RRDM5/stageflow","https://water.noaa.gov/resources/hydrographs/rrdm5_hg.png","NOAA",68.82,175,"",1781717400000,"Red Lake River at Red Lake","MN, USA",1,-1,"","","",""
13616,"NWSRRRM8","https://water.noaa.gov/gauges/rrrm8","https://api.water.noaa.gov/nwps/v1/gauges/RRRM8/stageflow","https://api.water.noaa.gov/nwps/v1/gauges/RRRM8/stageflow","https://water.noaa.gov/resources/hydrographs/rrrm8_hg.png","NOAA",3,107,"",1781718300000,"Ruby River at Ruby Reservoir near Alder","MT, USA",1,-1,"","","",""
13647,"NWSRTBP1","https://water.noaa.gov/gauges/rtbp1","https://api.water.noaa.gov/nwps/v1/gauges/RTBP1/stageflow","https://api.water.noaa.gov/nwps/v1/gauges/RTBP1/stageflow","https://water.noaa.gov/resources/hydrographs/rtbp1_hg.png","NOAA",3.79,361,"",1.781721e+12,"Raystown Branch Juniata River at Huntingdon at Raystown Lake - Below Dam","PA, USA",0,-1,"","","",""
13703,"NWSRYGO3","https://water.noaa.gov/gauges/rygo3","https://api.water.noaa.gov/nwps/v1/gauges/RYGO3/stageflow","https://api.water.noaa.gov/nwps/v1/gauges/RYGO3/stageflow","https://water.noaa.gov/resources/hydrographs/rygo3_hg.png","NOAA",2.07,2450,"No Flooding",1781719200000,"Rogue River at Gold Ray Dam","OR, USA",1,1,"No Flooding","No Flooding","No Flooding","No Flooding"
13724,"NWSSAGT2","https://water.noaa.gov/gauges/sagt2","https://api.water.noaa.gov/nwps/v1/gauges/SAGT2/stageflow","https://api.water.noaa.gov/nwps/v1/gauges/SAGT2/stageflow","https://water.noaa.gov/resources/hydrographs/sagt2_hg.png","NOAA",1874.99,12500,"No Flooding",1781719200000,"West Central Texas Lakes at O. C. Fisher Lake","TX, USA",1,1,"","","",""
13763,"NWSSAYI4","https://water.noaa.gov/gauges/sayi4","https://api.water.noaa.gov/nwps/v1/gauges/SAYI4/stageflow","https://api.water.noaa.gov/nwps/v1/gauges/SAYI4/stageflow","https://water.noaa.gov/resources/hydrographs/sayi4_hg.png","NOAA",835.97,64500,"No Flooding",1781719200000,"Des Moines River at Saylorville Reservoir","IA, USA",1,1,"","","",""
13909,"NWSSELC2","https://water.noaa.gov/gauges/selc2","https://api.water.noaa.gov/nwps/v1/gauges/SELC2/stageflow","https://api.water.noaa.gov/nwps/v1/gauges/SELC2/stageflow","https://water.noaa.gov/resources/hydrographs/selc2_hg.png","NOAA",1.09,119,"No Flooding",1781719200000,"South Platte River at Lake George","CO, USA",1,1,"","","",""
13911,"NWSSELI2","https://water.noaa.gov/gauges/seli2","https://api.water.noaa.gov/nwps/v1/gauges/SELI2/stageflow","https://api.water.noaa.gov/nwps/v1/gauges/SELI2/stageflow","https://water.noaa.gov/resources/hydrographs/seli2_hg.png","NOAA",13.31,2580,"No Flooding",1781718300000,"Fox River at South Elgin Dam","IL, USA",1,1,"","","",""
13985,"NWSSHAS2","https://water.noaa.gov/gauges/shas2","https://api.water.noaa.gov/nwps/v1/gauges/SHAS2/stageflow","https://api.water.noaa.gov/nwps/v1/gauges/SHAS2/stageflow","https://water.noaa.gov/resources/hydrographs/shas2_hg.png","NOAA",2267.97,1.9,"No Flooding",1781720100000,"Shadehill Reservoir at Shadehill Reservoir","SD, USA",1,1,"","","",""
13996,"NWSSHDP1","https://water.noaa.gov/gauges/shdp1","https://api.water.noaa.gov/nwps/v1/gauges/SHDP1/stageflow","https://api.water.noaa.gov/nwps/v1/gauges/SHDP1/stageflow","https://water.noaa.gov/resources/hydrographs/shdp1_hg.png","NOAA",2.62,281,"No Flooding",1781718300000,"Shenango River at Shenango Dam Tailwater","PA, USA",1,1,"No Flooding","No Flooding","No Flooding","No Flooding"
14034,"NWSSHRP1","https://water.noaa.gov/gauges/shrp1","https://api.water.noaa.gov/nwps/v1/gauges/SHRP1/stageflow","https://api.water.noaa.gov/nwps/v1/gauges/SHRP1/stageflow","https://water.noaa.gov/resources/hydrographs/shrp1_hg.png","NOAA",10.74,8020,"No Flooding",1781717400000,"Allegheny River at Sharpsburg Lock and Dam","PA, USA",1,1,"No Flooding","No Flooding","No Flooding","No Flooding"
14083,"NWSSKCT2","https://water.noaa.gov/gauges/skct2","https://api.water.noaa.gov/nwps/v1/gauges/SKCT2/stageflow","https://api.water.noaa.gov/nwps/v1/gauges/SKCT2/stageflow","https://water.noaa.gov/resources/hydrographs/skct2_hg.png","NOAA",292.9,22900,"",1781718300000,"Stryker Creek at Stryker Creek Lake","TX, USA",1,-1,"","","",""
14087,"NWSSKLA2","https://water.noaa.gov/gauges/skla2","https://api.water.noaa.gov/nwps/v1/gauges/SKLA2/stageflow","https://api.water.noaa.gov/nwps/v1/gauges/SKLA2/stageflow","https://water.noaa.gov/resources/hydrographs/skla2_hg.png","NOAA",9.32,7010,"No Flooding",1781717400000,"Kenai River at Skilak Lake","AK, USA",1,1,"No Flooding","No Flooding","No Flooding",""
14088,"NWSSKLM1","https://water.noaa.gov/gauges/sklm1","https://api.water.noaa.gov/nwps/v1/gauges/SKLM1/stageflow","https://api.water.noaa.gov/nwps/v1/gauges/SKLM1/stageflow","https://water.noaa.gov/resources/hydrographs/sklm1_hg.png","NOAA",,4533,"No Flooding",1781719200000,"Saco River at Skelton Dam","ME, USA",1,1,"","","",""
14089,"NWSSKLO2","https://water.noaa.gov/gauges/sklo2","https://api.water.noaa.gov/nwps/v1/gauges/SKLO2/stageflow","https://api.water.noaa.gov/nwps/v1/gauges/SKLO2/stageflow","https://water.noaa.gov/resources/hydrographs/sklo2_hg.png","NOAA",711.97,301000,"No Flooding",1781719200000,"Eastern Oklahoma Lakes at Skiatook Lake","OK, USA",1,1,"","","",""
14102,"NWSSKWM5","https://water.noaa.gov/gauges/skwm5","https://api.water.noaa.gov/nwps/v1/gauges/SKWM5/stageflow","https://api.water.noaa.gov/nwps/v1/gauges/SKWM5/stageflow","https://water.noaa.gov/resources/hydrographs/skwm5_hg.png","NOAA",4.57,482,"",1781717400000,"South Kawishiwi River at White Iron Lake","MN, USA",1,-1,"","","",""
14169,"NWSSMKT2","https://water.noaa.gov/gauges/smkt2","https://api.water.noaa.gov/nwps/v1/gauges/SMKT2/stageflow","https://api.water.noaa.gov/nwps/v1/gauges/SMKT2/stageflow","https://water.noaa.gov/resources/hydrographs/smkt2_hg.png","NOAA",1329.22,29200,"",1781719200000,"Millers Creek at Millers Creek Reservoir near Bomarton","TX, USA",1,-1,"","","",""
14170,"NWSSMLI2","https://water.noaa.gov/gauges/smli2","https://api.water.noaa.gov/nwps/v1/gauges/SMLI2/stageflow","https://api.water.noaa.gov/nwps/v1/gauges/SMLI2/stageflow","https://water.noaa.gov/resources/hydrographs/smli2_hg.png","NOAA",13.16,77500,"No Flooding",1781719200000,"Ohio River at Smithland Lock and Dam","IL, USA",1,1,"No Flooding","No Flooding","No Flooding","No Flooding"
14235,"NWSSOLT2","https://water.noaa.gov/gauges/solt2","https://api.water.noaa.gov/nwps/v1/gauges/SOLT2/stageflow","https://api.water.noaa.gov/nwps/v1/gauges/SOLT2/stageflow","https://water.noaa.gov/resources/hydrographs/solt2_hg.png","NOAA",25.35,1720,"Minor Flood",1781718300000,"Pine Island Bayou at Sour Lake","TX, USA",1,3,"Minor Flood","Minor Flood","Minor Flood","Minor Flood"
14237,"NWSSOMT2","https://water.noaa.gov/gauges/somt2","https://api.water.noaa.gov/nwps/v1/gauges/SOMT2/stageflow","https://api.water.noaa.gov/nwps/v1/gauges/SOMT2/stageflow","https://water.noaa.gov/resources/hydrographs/somt2_hg.png","NOAA",240.42,40400,"",1781719200000,"Yegua Creek at Lake Somerville","TX, USA",1,-1,"","","",""
14433,"NWSSTJW2","https://water.noaa.gov/gauges/stjw2","https://api.water.noaa.gov/nwps/v1/gauges/STJW2/stageflow","https://api.water.noaa.gov/nwps/v1/gauges/STJW2/stageflow","https://water.noaa.gov/resources/hydrographs/stjw2_hg.png","NOAA",8.49,39,"",1781716500000,"West Fork River at Stonewall Jackson Lake","WV, USA",2,-1,"","","",""
14450,"NWSSTPC1","https://water.noaa.gov/gauges/stpc1","https://api.water.noaa.gov/nwps/v1/gauges/STPC1/stageflow","https://api.water.noaa.gov/nwps/v1/gauges/STPC1/stageflow","https://water.noaa.gov/resources/hydrographs/stpc1_hg.png","NOAA",5928.8,164000,"",1781719200000,"Little Truckee River at Stampede Reservoir","CA, USA",1,-1,"","","",""
14455,"NWSSTPW3","https://water.noaa.gov/gauges/stpw3","https://api.water.noaa.gov/nwps/v1/gauges/STPW3/stageflow","https://api.water.noaa.gov/nwps/v1/gauges/STPW3/stageflow","https://water.noaa.gov/resources/hydrographs/stpw3_hg.png","NOAA",1071.07,5110,"No Flooding",1781719800000,"Wisconsin River at Stevens Point Dam","WI, USA",1,1,"","","",""
14515,"NWSSVRM7","https://water.noaa.gov/gauges/svrm7","https://api.water.noaa.gov/nwps/v1/gauges/SVRM7/stageflow","https://api.water.noaa.gov/nwps/v1/gauges/SVRM7/stageflow","https://water.noaa.gov/resources/hydrographs/svrm7_hg.png","NOAA",13.81,177000,"No Flooding",1781719200000,"Mississippi River at Saverton Lock and Dam 22","MO, USA",1,1,"No Flooding","No Flooding","No Flooding","No Flooding"
14520,"NWSSVZC1","https://water.noaa.gov/gauges/svzc1","https://api.water.noaa.gov/nwps/v1/gauges/SVZC1/stageflow","https://api.water.noaa.gov/nwps/v1/gauges/SVZC1/stageflow","https://water.noaa.gov/resources/hydrographs/svzc1_hg.png","NOAA",2.21,3,"No Flooding",1781720100000,"Stevens Creek at Stevens Creek Reservoir","CA, USA",1,1,"","","",""
14521,"NWSSWAG1","https://water.noaa.gov/gauges/swag1","https://api.water.noaa.gov/nwps/v1/gauges/SWAG1/stageflow","https://api.water.noaa.gov/nwps/v1/gauges/SWAG1/stageflow","https://water.noaa.gov/resources/hydrographs/swag1_hg.png","NOAA",3.67,6.6,"No Flooding",1781720100000,"Level Creek at Suwanee Dam Road near Suwanee","GA, USA",1,1,"","","",""
14539,"NWSSWNM6","https://water.noaa.gov/gauges/swnm6","https://api.water.noaa.gov/nwps/v1/gauges/SWNM6/stageflow","https://api.water.noaa.gov/nwps/v1/gauges/SWNM6/stageflow","https://water.noaa.gov/resources/hydrographs/swnm6_hg.png","NOAA",10.34,3060,"No Flooding",1781719200000,"Tallahatchie River at Swan Lake","MS, USA",1,1,"No Flooding","No Flooding","No Flooding","No Flooding"
14568,"NWSSYOT2","https://water.noaa.gov/gauges/syot2","https://api.water.noaa.gov/nwps/v1/gauges/SYOT2/stageflow","https://api.water.noaa.gov/nwps/v1/gauges/SYOT2/stageflow","https://water.noaa.gov/resources/hydrographs/syot2_hg.png","NOAA",1143.68,260000,"",1781720100000,"Wichita River at Lake Kemp","TX, USA",1,-1,"","","",""
14599,"NWSTBDN2","https://water.noaa.gov/gauges/tbdn2","https://api.water.noaa.gov/nwps/v1/gauges/TBDN2/stageflow","https://api.water.noaa.gov/nwps/v1/gauges/TBDN2/stageflow","https://water.noaa.gov/resources/hydrographs/tbdn2_hg.png","NOAA",3.06,398,"No Flooding",1781719500000,"Truckee River at Derby Dam","NV, USA",1,1,"No Flooding","No Flooding","No Flooding","No Flooding"
14606,"NWSTBRT2","https://water.noaa.gov/gauges/tbrt2","https://api.water.noaa.gov/nwps/v1/gauges/TBRT2/stageflow","https://api.water.noaa.gov/nwps/v1/gauges/TBRT2/stageflow","https://water.noaa.gov/resources/hydrographs/tbrt2_hg.png","NOAA",1901.67,5830,"No Flooding",1781719200000,"West Central Texas Lakes at Twin Buttes Reservoir","TX, USA",1,1,"","","",""
14623,"NWSTCLA1","https://water.noaa.gov/gauges/tcla1","https://api.water.noaa.gov/nwps/v1/gauges/TCLA1/stageflow","https://api.water.noaa.gov/nwps/v1/gauges/TCLA1/stageflow","https://water.noaa.gov/resources/hydrographs/tcla1_hg.png","NOAA",124.45,3020,"No Flooding",1781718300000,"Black Warrior River at Holt Lock and Dam","AL, USA",1,1,"","","",""
14643,"NWSTENO2","https://water.noaa.gov/gauges/teno2","https://api.water.noaa.gov/nwps/v1/gauges/TENO2/stageflow","https://api.water.noaa.gov/nwps/v1/gauges/TENO2/stageflow","https://water.noaa.gov/resources/hydrographs/teno2_hg.png","NOAA",639.2,750000,"No Flooding",1.781721e+12,"Eastern Oklahoma Lakes at Tenkiller Lake","OK, USA",0,1,"","","",""
14657,"NWSTGOW2","https://water.noaa.gov/gauges/tgow2","https://api.water.noaa.gov/nwps/v1/gauges/TGOW2/stageflow","https://api.water.noaa.gov/nwps/v1/gauges/TGOW2/stageflow","https://water.noaa.gov/resources/hydrographs/tgow2_hg.png","NOAA",7.13,1750,"No Flooding",1781716500000,"Tygart Valley River at Tygart Lake","WV, USA",2,1,"","","",""
14665,"NWSTHFO3","https://water.noaa.gov/gauges/thfo3","https://api.water.noaa.gov/nwps/v1/gauges/THFO3/stageflow","https://api.water.noaa.gov/nwps/v1/gauges/THFO3/stageflow","https://water.noaa.gov/resources/hydrographs/thfo3_hg.png","NOAA",5.73,96,"",1781716500000,"Powder River (OR) at Thief Valley Reservoir","OR, USA",2,-1,"","","",""
14667,"NWSTHLC1","https://water.noaa.gov/gauges/thlc1","https://api.water.noaa.gov/nwps/v1/gauges/THLC1/stageflow","https://api.water.noaa.gov/nwps/v1/gauges/THLC1/stageflow","https://water.noaa.gov/resources/hydrographs/thlc1_hg.png","NOAA",6228.55,677000,"No Flooding",1781719200000,"Truckee River at Lake Tahoe at Tahoe City","CA, USA",1,1,"No Flooding","No Flooding","No Flooding","No Flooding"
14698,"NWSTKDW3","https://water.noaa.gov/gauges/tkdw3","https://api.water.noaa.gov/nwps/v1/gauges/TKDW3/stageflow","https://api.water.noaa.gov/nwps/v1/gauges/TKDW3/stageflow","https://water.noaa.gov/resources/hydrographs/tkdw3_hg.png","NOAA",1421.92,4070,"No Flooding",1781719800000,"Wisconsin River at Tomahawk Dam","WI, USA",1,1,"","","",""
14758,"NWSTNTP1","https://water.noaa.gov/gauges/tntp1","https://api.water.noaa.gov/nwps/v1/gauges/TNTP1/stageflow","https://api.water.noaa.gov/nwps/v1/gauges/TNTP1/stageflow","https://water.noaa.gov/resources/hydrographs/tntp1_hg.png","NOAA",1.79,296,"No Flooding",1781718300000,"Tionesta Creek at Tionesta Dam Tailwater","PA, USA",1,1,"No Flooding","No Flooding","No Flooding","No Flooding"
14763,"NWSTODA1","https://water.noaa.gov/gauges/toda1","https://api.water.noaa.gov/nwps/v1/gauges/TODA1/stageflow","https://api.water.noaa.gov/nwps/v1/gauges/TODA1/stageflow","https://water.noaa.gov/resources/hydrographs/toda1_hg.png","NOAA",95.92,1230,"No Flooding",1781717400000,"Black Warrior River at Oliver Lock and Dam","AL, USA",1,1,"No Flooding","No Flooding","No Flooding","No Flooding"
14764,"NWSTODA4","https://water.noaa.gov/gauges/toda4","https://api.water.noaa.gov/nwps/v1/gauges/TODA4/stageflow","https://api.water.noaa.gov/nwps/v1/gauges/TODA4/stageflow","https://water.noaa.gov/resources/hydrographs/toda4_hg.png","NOAA",258.51,63400,"No Flooding",1781719200000,"Arkansas River at Toad Suck Lock and Dam","AR, USA",1,1,"No Flooding","No Flooding","No Flooding","No Flooding"
14778,"NWSTOPN2","https://water.noaa.gov/gauges/topn2","https://api.water.noaa.gov/nwps/v1/gauges/TOPN2/stageflow","https://api.water.noaa.gov/nwps/v1/gauges/TOPN2/stageflow","https://water.noaa.gov/resources/hydrographs/topn2_hg.png","NOAA",5003.94,57000,"",1781719200000,"West Walker River at Topaz Lake","NV, USA",1,-1,"","","",""
14783,"NWSTOTW1","https://water.noaa.gov/gauges/totw1","https://api.water.noaa.gov/nwps/v1/gauges/TOTW1/stageflow","https://api.water.noaa.gov/nwps/v1/gauges/TOTW1/stageflow","https://water.noaa.gov/resources/hydrographs/totw1_hg.png","NOAA",120.94,774,"No Flooding",1781718300000,"Toutle River at Tower Road near Silver Lake","WA, USA",1,1,"No Flooding","No Flooding","No Flooding","No Flooding"
14790,"NWSTOWV1","https://water.noaa.gov/gauges/towv1","https://api.water.noaa.gov/nwps/v1/gauges/TOWV1/stageflow","https://api.water.noaa.gov/nwps/v1/gauges/TOWV1/stageflow","https://water.noaa.gov/resources/hydrographs/towv1_hg.png","NOAA",4.57,330,"",1781717400000,"West River at Townshend Lake","VT, USA",1,-1,"","","",""
14821,"NWSTREW3","https://water.noaa.gov/gauges/trew3","https://api.water.noaa.gov/nwps/v1/gauges/TREW3/stageflow","https://api.water.noaa.gov/nwps/v1/gauges/TREW3/stageflow","https://water.noaa.gov/resources/hydrographs/trew3_hg.png","NOAA",640.2,29400,"No Flooding",1781720100000,"Mississippi River at Lock and Dam 6 - Trempealeau","WI, USA",1,1,"No Flooding","No Flooding","No Flooding","No Flooding"
14828,"NWSTRLK1","https://water.noaa.gov/gauges/trlk1","https://api.water.noaa.gov/nwps/v1/gauges/TRLK1/stageflow","https://api.water.noaa.gov/nwps/v1/gauges/TRLK1/stageflow","https://water.noaa.gov/resources/hydrographs/trlk1_hg.png","NOAA",908.19,44300,"",1.781721e+12,"Verdigris River at Toronto Lake","KS, USA",0,-1,"","","",""
14838,"NWSTRRM4","https://water.noaa.gov/gauges/trrm4","https://api.water.noaa.gov/nwps/v1/gauges/TRRM4/stageflow","https://api.water.noaa.gov/nwps/v1/gauges/TRRM4/stageflow","https://water.noaa.gov/resources/hydrographs/trrm4_hg.png","NOAA",3.19,30.5,"No Flooding",1781720100000,"Trap Rock River at Lake Linden","MI, USA",1,1,"","","",""
14850,"NWSTRUP4","https://water.noaa.gov/gauges/trup4","https://api.water.noaa.gov/nwps/v1/gauges/TRUP4/stageflow","https://api.water.noaa.gov/nwps/v1/gauges/TRUP4/stageflow","https://water.noaa.gov/resources/hydrographs/trup4_hg.png","NOAA",2.71,21,"No Flooding",1781718300000,"Rio Grande De Loiza at Dam","PR, USA",1,1,"","","",""
14875,"NWSTUDM7","https://water.noaa.gov/gauges/tudm7","https://api.water.noaa.gov/nwps/v1/gauges/TUDM7/stageflow","https://api.water.noaa.gov/nwps/v1/gauges/TUDM7/stageflow","https://water.noaa.gov/resources/hydrographs/tudm7_hg.png","NOAA",3.81,1200,"No Flooding",1781719200000,"Niangua River at Tunnel Dam near Macks Creek","MO, USA",1,1,"","","",""
14906,"NWSTYLA1","https://water.noaa.gov/gauges/tyla1","https://api.water.noaa.gov/nwps/v1/gauges/TYLA1/stageflow","https://api.water.noaa.gov/nwps/v1/gauges/TYLA1/stageflow","https://water.noaa.gov/resources/hydrographs/tyla1_hg.png","NOAA",83.09,7110,"No Flooding",1781719200000,"Alabama River at Henry Lock and Dam","AL, USA",1,1,"No Flooding","No Flooding","No Flooding","No Flooding"
14914,"NWSTYWA2","https://water.noaa.gov/gauges/tywa2","https://api.water.noaa.gov/nwps/v1/gauges/TYWA2/stageflow","https://api.water.noaa.gov/nwps/v1/gauges/TYWA2/stageflow","https://water.noaa.gov/resources/hydrographs/tywa2_hg.png","NOAA",1402.02,511,"",1781719200000,"Tyee Lake Outlet at Wrangell","AK, USA",1,-1,"","","",""
14922,"NWSUCDP1","https://water.noaa.gov/gauges/ucdp1","https://api.water.noaa.gov/nwps/v1/gauges/UCDP1/stageflow","https://api.water.noaa.gov/nwps/v1/gauges/UCDP1/stageflow","https://water.noaa.gov/resources/hydrographs/ucdp1_hg.png","NOAA",2.92,206,"No Flooding",1781718300000,"French Creek at Union City Dam","PA, USA",1,1,"No Flooding","No Flooding","No Flooding","No Flooding"
14946,"NWSUNWK2","https://water.noaa.gov/gauges/unwk2","https://api.water.noaa.gov/nwps/v1/gauges/UNWK2/stageflow","https://api.water.noaa.gov/nwps/v1/gauges/UNWK2/stageflow","https://water.noaa.gov/resources/hydrographs/unwk2_hg.png","NOAA",17.33,134000,"No Flooding",1781719200000,"Ohio River at J.T. Myers Lock and Dam","IN, USA",1,1,"No Flooding","No Flooding","No Flooding","No Flooding"
14947,"NWSUNYO3","https://water.noaa.gov/gauges/unyo3","https://api.water.noaa.gov/nwps/v1/gauges/UNYO3/stageflow","https://api.water.noaa.gov/nwps/v1/gauges/UNYO3/stageflow","https://water.noaa.gov/resources/hydrographs/unyo3_hg.png","NOAA",3.54,110,"No Flooding",1781720100000,"Burnt River at Unity Reservoir","OR, USA",1,1,"No Flooding","No Flooding","No Flooding","No Flooding"
14967,"NWSUTRC1","https://water.noaa.gov/gauges/utrc1","https://api.water.noaa.gov/nwps/v1/gauges/UTRC1/stageflow","https://api.water.noaa.gov/nwps/v1/gauges/UTRC1/stageflow","https://water.noaa.gov/resources/hydrographs/utrc1_hg.png","NOAA",3.83,40,"No Flooding",1.781721e+12,"Upper Truckee River at South Lake Tahoe","CA, USA",0,1,"","","",""
14974,"NWSUVBC1","https://water.noaa.gov/gauges/uvbc1","https://api.water.noaa.gov/nwps/v1/gauges/UVBC1/stageflow","https://api.water.noaa.gov/nwps/v1/gauges/UVBC1/stageflow","https://water.noaa.gov/resources/hydrographs/uvbc1_hg.png","NOAA",1.79,13,"",1.781721e+12,"Uvas Creek at Uvas Reservoir","CA, USA",0,-1,"","","",""
14985,"NWSVASC1","https://water.noaa.gov/gauges/vasc1","https://api.water.noaa.gov/nwps/v1/gauges/VASC1/stageflow","https://api.water.noaa.gov/nwps/v1/gauges/VASC1/stageflow","https://water.noaa.gov/resources/hydrographs/vasc1_hg.png","NOAA",294.31,437,"",1781720100000,"Los Gatos Creek at Vasona Reservoir","CA, USA",1,-1,"","","",""
15008,"NWSVDTA3","https://water.noaa.gov/gauges/vdta3","https://api.water.noaa.gov/nwps/v1/gauges/VDTA3/stageflow","https://api.water.noaa.gov/nwps/v1/gauges/VDTA3/stageflow","https://water.noaa.gov/resources/hydrographs/vdta3_hg.png","NOAA",6.63,69.7,"",1781719200000,"Verde River at Horseshoe Dam","AZ, USA",1,-1,"","","",""
15063,"NWSVRLL1","https://water.noaa.gov/gauges/vrll1","https://api.water.noaa.gov/nwps/v1/gauges/VRLL1/stageflow","https://api.water.noaa.gov/nwps/v1/gauges/VRLL1/stageflow","https://water.noaa.gov/resources/hydrographs/vrll1_hg.png","NOAA",5.71,440,"No Flooding",1781719200000,"Vermilion River at Lake Martin Road","LA, USA",1,1,"","","",""
15106,"NWSWARO3","https://water.noaa.gov/gauges/waro3","https://api.water.noaa.gov/nwps/v1/gauges/WARO3/stageflow","https://api.water.noaa.gov/nwps/v1/gauges/WARO3/stageflow","https://water.noaa.gov/resources/hydrographs/waro3_hg.png","NOAA",5,521,"",1781720100000,"Malheur River at Warm Springs Reservoir","OR, USA",1,-1,"","","",""
15176,"NWSWCDP1","https://water.noaa.gov/gauges/wcdp1","https://api.water.noaa.gov/nwps/v1/gauges/WCDP1/stageflow","https://api.water.noaa.gov/nwps/v1/gauges/WCDP1/stageflow","https://water.noaa.gov/resources/hydrographs/wcdp1_hg.png","NOAA",7.51,30.3,"No Flooding",1781718300000,"Woodcock Creek at Woodcock Creek Dam Outflow","PA, USA",1,1,"No Flooding","No Flooding","No Flooding","No Flooding"
15183,"NWSWCKC2","https://water.noaa.gov/gauges/wckc2","https://api.water.noaa.gov/nwps/v1/gauges/WCKC2/stageflow","https://api.water.noaa.gov/nwps/v1/gauges/WCKC2/stageflow","https://water.noaa.gov/resources/hydrographs/wckc2_hg.png","NOAA",2.44,7.3,"No Flooding",1781718300000,"Willow Creek (CO) at Willow Creek Reservoir","CO, USA",1,1,"No Flooding","No Flooding","No Flooding","No Flooding"
15191,"NWSWCRC2","https://water.noaa.gov/gauges/wcrc2","https://api.water.noaa.gov/nwps/v1/gauges/WCRC2/stageflow","https://api.water.noaa.gov/nwps/v1/gauges/WCRC2/stageflow","https://water.noaa.gov/resources/hydrographs/wcrc2_hg.png","NOAA",8121.42,8210,"",1781720040000,"Willow Creek (CO) at Willow Creek Reservoir","CO, USA",1,-1,"","","",""
15207,"NWSWDHN2","https://water.noaa.gov/gauges/wdhn2","https://api.water.noaa.gov/nwps/v1/gauges/WDHN2/stageflow","https://api.water.noaa.gov/nwps/v1/gauges/WDHN2/stageflow","https://water.noaa.gov/resources/hydrographs/wdhn2_hg.png","NOAA",6190.76,36300,"No Flooding",1781720100000,"Owyhee River at Wildhorse Dam","NV, USA",1,1,"No Flooding","No Flooding","No Flooding","No Flooding"
15216,"NWSWDRF1","https://water.noaa.gov/gauges/wdrf1","https://api.water.noaa.gov/nwps/v1/gauges/WDRF1/stageflow","https://api.water.noaa.gov/nwps/v1/gauges/WDRF1/stageflow","https://water.noaa.gov/resources/hydrographs/wdrf1_hg.png","NOAA",44.27,14800,"No Flooding",1781719200000,"Apalachicola River at Woodruff Dam (USACE)","FL, USA",1,1,"No Flooding","No Flooding","No Flooding","No Flooding"
15222,"NWSWDSW3","https://water.noaa.gov/gauges/wdsw3","https://api.water.noaa.gov/nwps/v1/gauges/WDSW3/stageflow","https://api.water.noaa.gov/nwps/v1/gauges/WDSW3/stageflow","https://water.noaa.gov/resources/hydrographs/wdsw3_hg.png","NOAA",980.81,2720,"No Flooding",1781719800000,"Wisconsin River at Wisconsin Rapids Dam","WI, USA",1,1,"","","",""
15273,"NWSWFRC2","https://water.noaa.gov/gauges/wfrc2","https://api.water.noaa.gov/nwps/v1/gauges/WFRC2/stageflow","https://api.water.noaa.gov/nwps/v1/gauges/WFRC2/stageflow","https://water.noaa.gov/resources/hydrographs/wfrc2_hg.png","NOAA",0.89,23.9,"No Flooding",1781718300000,"Williams Fork (CO) at Williams Fork Reservoir","CO, USA",1,1,"No Flooding","No Flooding","No Flooding","No Flooding"
15291,"NWSWHGG1","https://water.noaa.gov/gauges/whgg1","https://api.water.noaa.gov/nwps/v1/gauges/WHGG1/stageflow","https://api.water.noaa.gov/nwps/v1/gauges/WHGG1/stageflow","https://water.noaa.gov/resources/hydrographs/whgg1_hg.png","NOAA",3.19,9.7,"No Flooding",1781719200000,"Snake Creek  downstream Snake Creek Reservoir at downstream Snake Creek Reservoir near Whitesburg","GA, USA",1,1,"","","",""
15312,"NWSWHRH1","https://water.noaa.gov/gauges/whrh1","https://api.water.noaa.gov/nwps/v1/gauges/WHRH1/stageflow","https://api.water.noaa.gov/nwps/v1/gauges/WHRH1/stageflow","https://water.noaa.gov/resources/hydrographs/whrh1_hg.png","NOAA",1.72,49.5,"No Flooding",1781720400000,"Waihee River at Dam","HI, USA",0,1,"","","",""
15330,"NWSWICO3","https://water.noaa.gov/gauges/wico3","https://api.water.noaa.gov/nwps/v1/gauges/WICO3/stageflow","https://api.water.noaa.gov/nwps/v1/gauges/WICO3/stageflow","https://water.noaa.gov/resources/hydrographs/wico3_hg.png","NOAA",5.1,1390,"",1781716500000,"Deschutes River (OR) at Wickiup Reservoir","OR, USA",2,-1,"","","",""
15332,"NWSWIDM5","https://water.noaa.gov/gauges/widm5","https://api.water.noaa.gov/nwps/v1/gauges/WIDM5/stageflow","https://api.water.noaa.gov/nwps/v1/gauges/WIDM5/stageflow","https://water.noaa.gov/resources/hydrographs/widm5_hg.png","NOAA",646.18,29500,"No Flooding",1781720100000,"Mississippi River at Lock and Dam 5a - Winona","MN, USA",1,1,"No Flooding","No Flooding","No Flooding","No Flooding"
15377,"NWSWLDA1","https://water.noaa.gov/gauges/wlda1","https://api.water.noaa.gov/nwps/v1/gauges/WLDA1/stageflow","https://api.water.noaa.gov/nwps/v1/gauges/WLDA1/stageflow","https://water.noaa.gov/resources/hydrographs/wlda1_hg.png","NOAA",75,3000,"No Flooding",1.781721e+12,"Black Warrior River at Selden Dam","AL, USA",0,1,"No Flooding","No Flooding","No Flooding","No Flooding"
15387,"NWSWLHN2","https://water.noaa.gov/gauges/wlhn2","https://api.water.noaa.gov/nwps/v1/gauges/WLHN2/stageflow","https://api.water.noaa.gov/nwps/v1/gauges/WLHN2/stageflow","https://water.noaa.gov/resources/hydrographs/wlhn2_hg.png","NOAA",3916.44,1190000,"",1781720100000,"Walker River at Walker Lake","NV, USA",1,-1,"","","",""
15390,"NWSWLKM4","https://water.noaa.gov/gauges/wlkm4","https://api.water.noaa.gov/nwps/v1/gauges/WLKM4/stageflow","https://api.water.noaa.gov/nwps/v1/gauges/WLKM4/stageflow","https://water.noaa.gov/resources/hydrographs/wlkm4_hg.png","NOAA",4.09,488,"No Flooding",1781719800000,"Michigamme River at Witch Lake","MI, USA",1,1,"","","",""
15396,"NWSWLLO1","https://water.noaa.gov/gauges/wllo1","https://api.water.noaa.gov/nwps/v1/gauges/WLLO1/stageflow","https://api.water.noaa.gov/nwps/v1/gauges/WLLO1/stageflow","https://water.noaa.gov/resources/hydrographs/wllo1_hg.png","NOAA",721.51,637,"",1781718300000,"Wills Creek at Wills Creek Dam Tailwater","OH, USA",1,-1,"","","",""
15413,"NWSWLSM4","https://water.noaa.gov/gauges/wlsm4","https://api.water.noaa.gov/nwps/v1/gauges/WLSM4/stageflow","https://api.water.noaa.gov/nwps/v1/gauges/WLSM4/stageflow","https://water.noaa.gov/resources/hydrographs/wlsm4_hg.png","NOAA",8.99,2070,"",1781720100000,"Manistee River at Wellston (Tippy Dam)","MI, USA",1,-1,"","","",""
15468,"NWSWORC2","https://water.noaa.gov/gauges/worc2","https://api.water.noaa.gov/nwps/v1/gauges/WORC2/stageflow","https://api.water.noaa.gov/nwps/v1/gauges/WORC2/stageflow","https://water.noaa.gov/resources/hydrographs/worc2_hg.png","NOAA",7472.65,44000,"",1.781721e+12,"Muddy Creek (NC CO) at Wolford Mountain Reservoir","CO, USA",0,-1,"","","",""
15507,"NWSWREM8","https://water.noaa.gov/gauges/wrem8","https://api.water.noaa.gov/nwps/v1/gauges/WREM8/stageflow","https://api.water.noaa.gov/nwps/v1/gauges/WREM8/stageflow","https://water.noaa.gov/resources/hydrographs/wrem8_hg.png","NOAA",1.95,145,"",1781720400000,"West Rosebud Creek at Emerald Lake Campground","MT, USA",0,-1,"","","",""
15512,"NWSWRLO2","https://water.noaa.gov/gauges/wrlo2","https://api.water.noaa.gov/nwps/v1/gauges/WRLO2/stageflow","https://api.water.noaa.gov/nwps/v1/gauges/WRLO2/stageflow","https://water.noaa.gov/resources/hydrographs/wrlo2_hg.png","NOAA",951.68,192000,"",1781719200000,"Beaver Creek (OK) at Waurika Lake","OK, USA",1,-1,"","","",""
15546,"NWSWSDC1","https://water.noaa.gov/gauges/wsdc1","https://api.water.noaa.gov/nwps/v1/gauges/WSDC1/stageflow","https://api.water.noaa.gov/nwps/v1/gauges/WSDC1/stageflow","https://water.noaa.gov/resources/hydrographs/wsdc1_hg.png","NOAA",455.92,258000,"",1781720100000,"Warm Springs Reservoir (Lake Sonoma)   at ","CA, USA",1,-1,"","","",""
15559,"NWSWSLO2","https://water.noaa.gov/gauges/wslo2","https://api.water.noaa.gov/nwps/v1/gauges/WSLO2/stageflow","https://api.water.noaa.gov/nwps/v1/gauges/WSLO2/stageflow","https://water.noaa.gov/resources/hydrographs/wslo2_hg.png","NOAA",485.57,138000,"No Flooding",1.781721e+12,"Eastern Oklahoma Lakes at Wister Lake","OK, USA",0,1,"","","",""
15585,"NWSWTGW3","https://water.noaa.gov/gauges/wtgw3","https://api.water.noaa.gov/nwps/v1/gauges/WTGW3/stageflow","https://api.water.noaa.gov/nwps/v1/gauges/WTGW3/stageflow","https://water.noaa.gov/resources/hydrographs/wtgw3_hg.png","NOAA",1048.22,6700,"No Flooding",1781719800000,"Wisconsin River at Whiting Dam","WI, USA",1,1,"","","",""
15618,"NWSWVRN2","https://water.noaa.gov/gauges/wvrn2","https://api.water.noaa.gov/nwps/v1/gauges/WVRN2/stageflow","https://api.water.noaa.gov/nwps/v1/gauges/WVRN2/stageflow","https://water.noaa.gov/resources/hydrographs/wvrn2_hg.png","NOAA",4207.06,9840,"No Flooding",1781719200000,"Walker River at Weber Reservoir","NV, USA",1,1,"","","",""
15654,"NWSXSAC1","https://water.noaa.gov/gauges/xsac1","https://api.water.noaa.gov/nwps/v1/gauges/XSAC1/stageflow","https://api.water.noaa.gov/nwps/v1/gauges/XSAC1/stageflow","https://water.noaa.gov/resources/hydrographs/xsac1_hg.png","NOAA",446.28,16300,"",1781718300000,"San Andreas Lake at Millbrae","CA, USA",1,-1,"","","",""
15663,"NWSYDMC1","https://water.noaa.gov/gauges/ydmc1","https://api.water.noaa.gov/nwps/v1/gauges/YDMC1/stageflow","https://api.water.noaa.gov/nwps/v1/gauges/YDMC1/stageflow","https://water.noaa.gov/resources/hydrographs/ydmc1_hg.png","NOAA",1.69,115,"",1781715600000,"East Fork Russian River at Coyote Dam","CA, USA",2,-1,"","","",""
15671,"NWSYGOP1","https://water.noaa.gov/gauges/ygop1","https://api.water.noaa.gov/nwps/v1/gauges/YGOP1/stageflow","https://api.water.noaa.gov/nwps/v1/gauges/YGOP1/stageflow","https://water.noaa.gov/resources/hydrographs/ygop1_hg.png","NOAA",4.11,485,"",1781720100000,"Youghiogheny River at Youghiogheyny Dam - Outflow (Tailwater)","PA, USA",1,-1,"","","",""
15675,"NWSYKVI2","https://water.noaa.gov/gauges/ykvi2","https://api.water.noaa.gov/nwps/v1/gauges/YKVI2/stageflow","https://api.water.noaa.gov/nwps/v1/gauges/YKVI2/stageflow","https://water.noaa.gov/resources/hydrographs/ykvi2_hg.png","NOAA",13.38,2660,"No Flooding",1781718300000,"Fox River at Yorkville (Palmer Dam)","IL, USA",1,1,"","","",""
15698,"NWSYTPC1","https://water.noaa.gov/gauges/ytpc1","https://api.water.noaa.gov/nwps/v1/gauges/YTPC1/stageflow","https://api.water.noaa.gov/nwps/v1/gauges/YTPC1/stageflow","https://water.noaa.gov/resources/hydrographs/ytpc1_hg.png","NOAA",744.9,81000,"",1781715600000,"Coyote Reservior  (Lake Mendocino) at (Lake Mendocino)","CA, USA",2,-1,"","","",""
15732,"ORG10387500","https://apps.wrd.state.or.us/apps/sw/hydro_report/complete_gage_information.aspx?station_nbr=10387500","https://apps.wrd.state.or.us/apps/sw/hydro_data_rws/api/10387500/instantaneous_stage/most_current_value/?include_unpublished=true","https://apps.wrd.state.or.us/apps/sw/hydro_data_rws/api/10387500/instantaneous_flow/most_current_value/?include_unpublished=true","https://apps.wrd.state.or.us/apps/sw/hydro_near_real_time/display_hydro_graph.aspx?station_nbr=10387500","Oregon WRD",1.74,40.3,"",1781715600000,"SUMMER LAKE CN NR SUMMER LAKE, OR","OR, USA",2,-1,,,,
15733,"ORG10388000","https://apps.wrd.state.or.us/apps/sw/hydro_report/complete_gage_information.aspx?station_nbr=10388000","https://apps.wrd.state.or.us/apps/sw/hydro_data_rws/api/10388000/instantaneous_stage/most_current_value/?include_unpublished=true","https://apps.wrd.state.or.us/apps/sw/hydro_data_rws/api/10388000/instantaneous_flow/most_current_value/?include_unpublished=true","https://apps.wrd.state.or.us/apps/sw/hydro_near_real_time/display_hydro_graph.aspx?station_nbr=10388000","Oregon WRD",1.97,17.8,"",1781717400000,"ANA R NR SUMMER LAKE, OR","OR, USA",1,-1,,,,
15735,"ORG10390000","https://apps.wrd.state.or.us/apps/sw/hydro_report/complete_gage_information.aspx?station_nbr=10390000","https://apps.wrd.state.or.us/apps/sw/hydro_data_rws/api/10390000/instantaneous_stage/most_current_value/?include_unpublished=true","https://apps.wrd.state.or.us/apps/sw/hydro_data_rws/api/10390000/instantaneous_flow/most_current_value/?include_unpublished=true","https://apps.wrd.state.or.us/apps/sw/hydro_near_real_time/display_hydro_graph.aspx?station_nbr=10390000","Oregon WRD",1.69,9.64,"",1781715600000,"SILVER CR NR SILVER LAKE, OR","OR, USA",2,-1,,,,
15736,"ORG10391050","https://apps.wrd.state.or.us/apps/sw/hydro_report/complete_gage_information.aspx?station_nbr=10391050","https://apps.wrd.state.or.us/apps/sw/hydro_data_rws/api/10391050/instantaneous_stage/most_current_value/?include_unpublished=true","https://apps.wrd.state.or.us/apps/sw/hydro_data_rws/api/10391050/instantaneous_flow/most_current_value/?include_unpublished=true","https://apps.wrd.state.or.us/apps/sw/hydro_near_real_time/display_hydro_graph.aspx?station_nbr=10391050","Oregon WRD",0.85,8.85,"",1781718300000,"BUCK CR AB PAULINA MARSH NR SILVER LAKE, OR","OR, USA",1,-1,,,,
15818,"ORG13325500","https://apps.wrd.state.or.us/apps/sw/hydro_report/complete_gage_information.aspx?station_nbr=13325500","https://apps.wrd.state.or.us/apps/sw/hydro_data_rws/api/13325500/instantaneous_stage/most_current_value/?include_unpublished=true","https://apps.wrd.state.or.us/apps/sw/hydro_data_rws/api/13325500/instantaneous_flow/most_current_value/?include_unpublished=true","https://apps.wrd.state.or.us/apps/sw/hydro_near_real_time/display_hydro_graph.aspx?station_nbr=13325500","Oregon WRD",5.01,320,"",1781717400000,"WALLOWA R AB WALLOWA LAKE NR JOSEPH, OR","OR, USA",1,-1,,,,
15836,"ORG14019110","https://apps.wrd.state.or.us/apps/sw/hydro_report/complete_gage_information.aspx?station_nbr=14019110","https://apps.wrd.state.or.us/apps/sw/hydro_data_rws/api/14019110/instantaneous_stage/most_current_value/?include_unpublished=true","https://apps.wrd.state.or.us/apps/sw/hydro_data_rws/api/14019110/instantaneous_flow/most_current_value/?include_unpublished=true","https://apps.wrd.state.or.us/apps/sw/hydro_near_real_time/display_hydro_graph.aspx?station_nbr=14019110","Oregon WRD",1.39,36.6,"",1781716500000,"COLD SPRINGS RESERVOIR EXCHANGE CN NR HERMISTON, OR","OR, USA",2,-1,,,,
15900,"ORG14060000","https://apps.wrd.state.or.us/apps/sw/hydro_report/complete_gage_information.aspx?station_nbr=14060000","https://apps.wrd.state.or.us/apps/sw/hydro_data_rws/api/14060000/instantaneous_stage/most_current_value/?include_unpublished=true","https://apps.wrd.state.or.us/apps/sw/hydro_data_rws/api/14060000/instantaneous_flow/most_current_value/?include_unpublished=true","https://apps.wrd.state.or.us/apps/sw/hydro_near_real_time/display_hydro_graph.aspx?station_nbr=14060000","Oregon WRD",1.39,88.8,"",1781716500000,"CRESCENT CR AT CRESCENT LAKE NR CRESCENT, OR","OR, USA",2,-1,,,,
15936,"ORG14088000","https://apps.wrd.state.or.us/apps/sw/hydro_report/complete_gage_information.aspx?station_nbr=14088000","https://apps.wrd.state.or.us/apps/sw/hydro_data_rws/api/14088000/instantaneous_stage/most_current_value/?include_unpublished=true","https://apps.wrd.state.or.us/apps/sw/hydro_data_rws/api/14088000/instantaneous_flow/most_current_value/?include_unpublished=true","https://apps.wrd.state.or.us/apps/sw/hydro_near_real_time/display_hydro_graph.aspx?station_nbr=14088000","Oregon WRD",1.99,28.9,"",1781717400000,"LAKE CR NR SISTERS, OR","OR, USA",1,-1,,,,
16053,"ORG14202850","https://apps.wrd.state.or.us/apps/sw/hydro_report/complete_gage_information.aspx?station_nbr=14202850","https://apps.wrd.state.or.us/apps/sw/hydro_data_rws/api/14202850/instantaneous_stage/most_current_value/?include_unpublished=true","https://apps.wrd.state.or.us/apps/sw/hydro_data_rws/api/14202850/instantaneous_flow/most_current_value/?include_unpublished=true","https://apps.wrd.state.or.us/apps/sw/hydro_near_real_time/display_hydro_graph.aspx?station_nbr=14202850","Oregon WRD",2.82,8.55,"",1781718300000,"SCOGGINS CR AB HENRY HAGG LAKE NR GASTON, OR","OR, USA",1,-1,,,,
16055,"ORG14202980","https://apps.wrd.state.or.us/apps/sw/hydro_report/complete_gage_information.aspx?station_nbr=14202980","https://apps.wrd.state.or.us/apps/sw/hydro_data_rws/api/14202980/instantaneous_stage/most_current_value/?include_unpublished=true","https://apps.wrd.state.or.us/apps/sw/hydro_data_rws/api/14202980/instantaneous_flow/most_current_value/?include_unpublished=true","https://apps.wrd.state.or.us/apps/sw/hydro_near_real_time/display_hydro_graph.aspx?station_nbr=14202980","Oregon WRD",6.13,151,"",1781715600000,"SCOGGINS CR BL HENRY HAGG LAKE NR GASTON, OR","OR, USA",2,-1,,,,
16142,"ORG14335250","https://apps.wrd.state.or.us/apps/sw/hydro_report/complete_gage_information.aspx?station_nbr=14335250","https://apps.wrd.state.or.us/apps/sw/hydro_data_rws/api/14335250/instantaneous_stage/most_current_value/?include_unpublished=true","https://apps.wrd.state.or.us/apps/sw/hydro_data_rws/api/14335250/instantaneous_flow/most_current_value/?include_unpublished=true","https://apps.wrd.state.or.us/apps/sw/hydro_near_real_time/display_hydro_graph.aspx?station_nbr=14335250","Oregon WRD",1.03,19.8,"",1781716500000,"WILLOW CR DAM OUTLET NR BUTTE FALLS, OR","OR, USA",2,-1,,,,
16154,"ORG14342500","https://apps.wrd.state.or.us/apps/sw/hydro_report/complete_gage_information.aspx?station_nbr=14342500","https://apps.wrd.state.or.us/apps/sw/hydro_data_rws/api/14342500/instantaneous_stage/most_current_value/?include_unpublished=true","https://apps.wrd.state.or.us/apps/sw/hydro_data_rws/api/14342500/instantaneous_flow/most_current_value/?include_unpublished=true","https://apps.wrd.state.or.us/apps/sw/hydro_near_real_time/display_hydro_graph.aspx?station_nbr=14342500","Oregon WRD",1.55,82.5,"",1781714700000,"N FK LITTLE BUTTE CR AT FISH LAKE NR LAKECREEK, OR","OR, USA",2,-1,,,,
16240,"US01019000","https://waterdata.usgs.gov/monitoring-location/USGS-01019000","https://waterservices.usgs.gov/nwis/iv/?sites=01019000&parameterCd=00065&format=json&period=P7D","https://waterservices.usgs.gov/nwis/iv/?sites=01019000&parameterCd=00060&format=json","https://waterdata.usgs.gov/combined-location-graph/#locationId=USGS-01019000&parameterCode=00065","USGS",2.42,314,"",1781723180000,"Grand Lake Stream at Grand Lake Stream, Maine","ME, USA",0,-1,,,,
16248,"US01027240","https://waterdata.usgs.gov/monitoring-location/USGS-01027240","https://waterservices.usgs.gov/nwis/iv/?sites=01027240&parameterCd=00065&format=json&period=P7D","https://waterservices.usgs.gov/nwis/iv/?sites=01027240&parameterCd=00060&format=json","https://waterdata.usgs.gov/combined-location-graph/#locationId=USGS-01027240&parameterCode=00065","USGS",3.41,133,"",1781723171000,"S. Br. Penobscot River nr Canada Falls Lake, Maine","ME, USA",0,-1,,,,
16320,"US01085500","https://waterdata.usgs.gov/monitoring-location/USGS-01085500","https://waterservices.usgs.gov/nwis/iv/?sites=01085500&parameterCd=00065&format=json&period=P7D","https://waterservices.usgs.gov/nwis/iv/?sites=01085500&parameterCd=00060&format=json","https://waterdata.usgs.gov/combined-location-graph/#locationId=USGS-01085500&parameterCode=00065","USGS",1.89,229,"",1781720350000,"Contoocook R Bl Hopkinton Dam At W Hopkinton, ,NH","NH, USA",0,-1,,,,
16341,"US01098500","https://waterdata.usgs.gov/monitoring-location/USGS-01098500","https://waterservices.usgs.gov/nwis/iv/?sites=01098500&parameterCd=00065&format=json&period=P7D","https://waterservices.usgs.gov/nwis/iv/?sites=01098500&parameterCd=00060&format=json","https://waterdata.usgs.gov/combined-location-graph/#locationId=USGS-01098500&parameterCode=00065","USGS",0.92,1,"",1781723714000,"Cochituate Bk Bl Lake Cochituate At Framingham, ,MA","MA, USA",0,-1,,,,
16373,"US01104480","https://waterdata.usgs.gov/monitoring-location/USGS-01104480","https://waterservices.usgs.gov/nwis/iv/?sites=01104480&parameterCd=00065&format=json&period=P7D","https://waterservices.usgs.gov/nwis/iv/?sites=01104480&parameterCd=00060&format=json","https://waterdata.usgs.gov/combined-location-graph/#locationId=USGS-01104480&parameterCode=00065","USGS",0.66,0.01,"",1781722390000,"Stony Brook Reservoir At Dam Near Waltham, ,MA","MA, USA",0,-1,,,,
16388,"US01105606","https://waterdata.usgs.gov/monitoring-location/USGS-01105606","https://waterservices.usgs.gov/nwis/iv/?sites=01105606&parameterCd=00065&format=json&period=P7D","https://waterservices.usgs.gov/nwis/iv/?sites=01105606&parameterCd=00060&format=json","https://waterdata.usgs.gov/combined-location-graph/#locationId=USGS-01105606&parameterCode=00065","USGS",,2.46,"",1781723488000,"Whitmans Pond, Whitmans Pond Dam At E. Weymouth,Ma","MA, USA",0,-1,,,,
16460,"US01123360","https://waterdata.usgs.gov/monitoring-location/USGS-01123360","https://waterservices.usgs.gov/nwis/iv/?sites=01123360&parameterCd=00065&format=json&period=P7D","https://waterservices.usgs.gov/nwis/iv/?sites=01123360&parameterCd=00060&format=json","https://waterdata.usgs.gov/combined-location-graph/#locationId=USGS-01123360&parameterCode=00065","USGS",2.17,16.8,"",1781721854000,"Quinebaug R Bl E Brimfield Dam At Fiskdale, ,MA","MA, USA",0,-1,,,,
16461,"US01123600","https://waterdata.usgs.gov/monitoring-location/USGS-01123600","https://waterservices.usgs.gov/nwis/iv/?sites=01123600&parameterCd=00065&format=json&period=P7D","https://waterservices.usgs.gov/nwis/iv/?sites=01123600&parameterCd=00060&format=json","https://waterdata.usgs.gov/combined-location-graph/#locationId=USGS-01123600&parameterCode=00065","USGS",3.28,28.2,"",1781721850000,"Quinebaug R Bl Westville Dam Nr Southbridge, ,MA","MA, USA",0,-1,,,,
16497,"US01158000","https://waterdata.usgs.gov/monitoring-location/USGS-01158000","https://waterservices.usgs.gov/nwis/iv/?sites=01158000&parameterCd=00065&format=json&period=P7D","https://waterservices.usgs.gov/nwis/iv/?sites=01158000&parameterCd=00060&format=json","https://waterdata.usgs.gov/combined-location-graph/#locationId=USGS-01158000&parameterCode=00065","USGS",5.12,40.1,"",1781721611000,"Ashuelot River Below Surry Mt Dam, Near Keene, ,NH","NH, USA",0,-1,,,,
16568,"US01202501","https://waterdata.usgs.gov/monitoring-location/USGS-01202501","https://waterservices.usgs.gov/nwis/iv/?sites=01202501&parameterCd=00065&format=json&period=P7D","https://waterservices.usgs.gov/nwis/iv/?sites=01202501&parameterCd=00060&format=json","https://waterdata.usgs.gov/combined-location-graph/#locationId=USGS-01202501&parameterCode=00065","USGS",1.77,19.7,"",1781720474000,"Shepaug River At Peters Dam At Woodville, ,CT","CT, USA",0,-1,,,,
16625,"US01315000","https://waterdata.usgs.gov/monitoring-location/USGS-01315000","https://waterservices.usgs.gov/nwis/iv/?sites=01315000&parameterCd=00065&format=json&period=P7D","https://waterservices.usgs.gov/nwis/iv/?sites=01315000&parameterCd=00060&format=json","https://waterdata.usgs.gov/combined-location-graph/#locationId=USGS-01315000&parameterCode=00065","USGS",0.58,11.1,"",1781720352000,"Indian River Near Indian Lake ,NY","NY, USA",0,-1,,,,
16646,"US01336000","https://waterdata.usgs.gov/monitoring-location/USGS-01336000","https://waterservices.usgs.gov/nwis/iv/?sites=01336000&parameterCd=00065&format=json&period=P7D","https://waterservices.usgs.gov/nwis/iv/?sites=01336000&parameterCd=00060&format=json","https://waterdata.usgs.gov/combined-location-graph/#locationId=USGS-01336000&parameterCode=00065","USGS",2.31,232,"",1781721854000,"Mohawk River Below Delta Dam Near Rome ,NY","NY, USA",0,-1,,,,
16700,"US01362230","https://waterdata.usgs.gov/nwis/nwisman/?site_no=01362230","https://waterservices.usgs.gov/nwis/iv/?sites=01362230&parameterCd=00065&format=json&period=P7D","https://waterservices.usgs.gov/nwis/iv/?sites=01362230&parameterCd=00060&format=json","https://waterdata.usgs.gov/nwisweb/graph?agency_cd=USGS&site_no=01362230&parm_cd=00065&period=7","USGS",3.12,86.2,"",1760326200000,"Diversion From Schoharie Reservoir NY","NY, USA",4320,-1,,,,
16728,"US0137449480","https://waterdata.usgs.gov/monitoring-location/USGS-0137449480","https://waterservices.usgs.gov/nwis/iv/?sites=0137449480&parameterCd=00065&format=json&period=P7D","https://waterservices.usgs.gov/nwis/iv/?sites=0137449480&parameterCd=00060&format=json","https://waterdata.usgs.gov/combined-location-graph/#locationId=USGS-0137449480&parameterCode=00065","USGS",2.59,5.36,"",1781721732000,"East Branch Croton River Near Putnam Lake ,NY","NY, USA",0,-1,,,,
16732,"US01374581","https://waterdata.usgs.gov/monitoring-location/USGS-01374581","https://waterservices.usgs.gov/nwis/iv/?sites=01374581&parameterCd=00065&format=json&period=P7D","https://waterservices.usgs.gov/nwis/iv/?sites=01374581&parameterCd=00060&format=json","https://waterdata.usgs.gov/combined-location-graph/#locationId=USGS-01374581&parameterCode=00065","USGS",1.12,7.36,"",1781721442000,"W Br Croton River Below Dam Near Kent Cliffs ,NY","NY, USA",0,-1,,,,
16733,"US01374598","https://waterdata.usgs.gov/monitoring-location/USGS-01374598","https://waterservices.usgs.gov/nwis/iv/?sites=01374598&parameterCd=00065&format=json&period=P7D","https://waterservices.usgs.gov/nwis/iv/?sites=01374598&parameterCd=00060&format=json","https://waterdata.usgs.gov/combined-location-graph/#locationId=USGS-01374598&parameterCode=00065","USGS",0.46,0.57,"",1781721670000,"Horse Pound Brook Near Lake Carmel ,NY","NY, USA",0,-1,,,,
16741,"US01374941","https://waterdata.usgs.gov/monitoring-location/USGS-01374941","https://waterservices.usgs.gov/nwis/iv/?sites=01374941&parameterCd=00065&format=json&period=P7D","https://waterservices.usgs.gov/nwis/iv/?sites=01374941&parameterCd=00060&format=json","https://waterdata.usgs.gov/combined-location-graph/#locationId=USGS-01374941&parameterCode=00065","USGS",8.54,11.5,"",1781721670000,"Muscoot River Below Dam At Amawalk ,NY","NY, USA",0,-1,,,,
16742,"US01375000","https://waterdata.usgs.gov/monitoring-location/USGS-01375000","https://waterservices.usgs.gov/nwis/iv/?sites=01375000&parameterCd=00065&format=json&period=P7D","https://waterservices.usgs.gov/nwis/iv/?sites=01375000&parameterCd=00060&format=json","https://waterdata.usgs.gov/combined-location-graph/#locationId=USGS-01375000&parameterCode=00065","USGS",2,136,"",1781722209000,"Croton R At New Croton Dam Nr Croton-On-Hudson ,NY","NY, USA",0,-1,,,,
16760,"US01381000","https://waterdata.usgs.gov/monitoring-location/USGS-01381000","https://waterservices.usgs.gov/nwis/iv/?sites=01381000&parameterCd=00065&format=json&period=P7D","https://waterservices.usgs.gov/nwis/iv/?sites=01381000&parameterCd=00060&format=json","https://waterdata.usgs.gov/combined-location-graph/#locationId=USGS-01381000&parameterCode=00065","USGS",1.6,9.76,"",1781723304000,"Rockaway River below Reservoir at Boonton NJ","NJ, USA",0,-1,,,,
16768,"US01382500","https://waterdata.usgs.gov/monitoring-location/USGS-01382500","https://waterservices.usgs.gov/nwis/iv/?sites=01382500&parameterCd=00065&format=json&period=P7D","https://waterservices.usgs.gov/nwis/iv/?sites=01382500&parameterCd=00060&format=json","https://waterdata.usgs.gov/combined-location-graph/#locationId=USGS-01382500&parameterCode=00065","USGS",2.02,6.03,"",1781723067000,"Pequannock River at Macopin Intake Dam NJ","NJ, USA",0,-1,,,,
16796,"US01389890","https://waterdata.usgs.gov/monitoring-location/USGS-01389890","https://waterservices.usgs.gov/nwis/iv/?sites=01389890&parameterCd=00065&format=json&period=P7D","https://waterservices.usgs.gov/nwis/iv/?sites=01389890&parameterCd=00060&format=json","https://waterdata.usgs.gov/combined-location-graph/#locationId=USGS-01389890&parameterCode=00065","USGS",0.84,158,"",1781720842000,"Passaic River at Dundee Dam at Clifton NJ","NJ, USA",0,-1,,,,
16804,"US01393450","https://waterdata.usgs.gov/monitoring-location/USGS-01393450","https://waterservices.usgs.gov/nwis/iv/?sites=01393450&parameterCd=00065&format=json&period=P7D","https://waterservices.usgs.gov/nwis/iv/?sites=01393450&parameterCd=00060&format=json","https://waterdata.usgs.gov/combined-location-graph/#locationId=USGS-01393450&parameterCode=00065","USGS",13.21,7.27,"",1781721618000,"Elizabeth River at Ursino Lake at Elizabeth NJ","NJ, USA",0,-1,,,,
16837,"US01403060","https://waterdata.usgs.gov/monitoring-location/USGS-01403060","https://waterservices.usgs.gov/nwis/iv/?sites=01403060&parameterCd=00065&format=json&period=P7D","https://waterservices.usgs.gov/nwis/iv/?sites=01403060&parameterCd=00060&format=json","https://waterdata.usgs.gov/combined-location-graph/#locationId=USGS-01403060&parameterCode=00065","USGS",16.68,169,"",1781720972000,"Raritan River below Calco Dam at Bound Brook NJ","NJ, USA",0,-1,,,,
16910,"US01432495","https://waterdata.usgs.gov/monitoring-location/USGS-01432495","https://waterservices.usgs.gov/nwis/iv/?sites=01432495&parameterCd=00065&format=json&period=P7D","https://waterservices.usgs.gov/nwis/iv/?sites=01432495&parameterCd=00060&format=json","https://waterdata.usgs.gov/combined-location-graph/#locationId=USGS-01432495&parameterCode=00065","USGS",3.59,54.6,"",1781723368000,"Shohola Creek near Walker Lake, PA","PA, USA",0,-1,,,,
16912,"US01433005","https://waterdata.usgs.gov/monitoring-location/USGS-01433005","https://waterservices.usgs.gov/nwis/iv/?sites=01433005&parameterCd=00065&format=json&period=P7D","https://waterservices.usgs.gov/nwis/iv/?sites=01433005&parameterCd=00060&format=json","https://waterdata.usgs.gov/combined-location-graph/#locationId=USGS-01433005&parameterCode=00065","USGS",4.16,135,"",1781722769000,"Mongaup R Below Swinging Bridge Reservoir ,NY","NY, USA",0,-1,,,,
16953,"US01449800","https://waterdata.usgs.gov/monitoring-location/USGS-01449800","https://waterservices.usgs.gov/nwis/iv/?sites=01449800&parameterCd=00065&format=json&period=P7D","https://waterservices.usgs.gov/nwis/iv/?sites=01449800&parameterCd=00060&format=json","https://waterdata.usgs.gov/combined-location-graph/#locationId=USGS-01449800&parameterCode=00065","USGS",2.67,36,"",1781721434000,"Pohopoco Cr bl Beltzville Dam nr Parryville, PA","PA, USA",0,-1,,,,
16969,"US01455500","https://waterdata.usgs.gov/monitoring-location/USGS-01455500","https://waterservices.usgs.gov/nwis/iv/?sites=01455500&parameterCd=00065&format=json&period=P7D","https://waterservices.usgs.gov/nwis/iv/?sites=01455500&parameterCd=00060&format=json","https://waterdata.usgs.gov/combined-location-graph/#locationId=USGS-01455500&parameterCode=00065","USGS",1.29,12.3,"",1781722946000,"Musconetcong River at outlet of Lake Hopatcong NJ","NJ, USA",0,-1,,,,
16982,"US01463740","https://waterdata.usgs.gov/monitoring-location/USGS-01463740","https://waterservices.usgs.gov/nwis/iv/?sites=01463740&parameterCd=00065&format=json&period=P7D","https://waterservices.usgs.gov/nwis/iv/?sites=01463740&parameterCd=00060&format=json","https://waterdata.usgs.gov/combined-location-graph/#locationId=USGS-01463740&parameterCode=00065","USGS",2.82,5.35,"",1781721499000,"Shabakunk C at Sylva Lake Dam at Ewingville NJ","NJ, USA",0,-1,,,,
16987,"US01464645","https://waterdata.usgs.gov/monitoring-location/USGS-01464645","https://waterservices.usgs.gov/nwis/iv/?sites=01464645&parameterCd=00065&format=json&period=P7D","https://waterservices.usgs.gov/nwis/iv/?sites=01464645&parameterCd=00060&format=json","https://waterdata.usgs.gov/combined-location-graph/#locationId=USGS-01464645&parameterCode=00065","USGS",2.22,73.2,"",1781720953000,"NB Neshaminy Cr bl Lake Galena nr New Britain, PA","PA, USA",0,-1,,,,
17080,"US01483155","https://waterdata.usgs.gov/monitoring-location/USGS-01483155","https://waterservices.usgs.gov/nwis/iv/?sites=01483155&parameterCd=00065&format=json&period=P7D","https://waterservices.usgs.gov/nwis/iv/?sites=01483155&parameterCd=00060&format=json","https://waterdata.usgs.gov/combined-location-graph/#locationId=USGS-01483155&parameterCode=00065","USGS",0.35,1.41,"",1781723186000,"Silver Lake Tributary At Middletown, ,DE","DE, USA",0,-1,,,,
17231,"US01563200","https://waterdata.usgs.gov/monitoring-location/USGS-01563200","https://waterservices.usgs.gov/nwis/iv/?sites=01563200&parameterCd=00065&format=json&period=P7D","https://waterservices.usgs.gov/nwis/iv/?sites=01563200&parameterCd=00060&format=json","https://waterdata.usgs.gov/combined-location-graph/#locationId=USGS-01563200&parameterCode=00065","USGS",3.79,361,"",1781721255000,"Rays Br Juniata R bl Rays Dam nr Huntingdon, PA","PA, USA",0,-1,,,,
17335,"US01591610","https://waterdata.usgs.gov/monitoring-location/USGS-01591610","https://waterservices.usgs.gov/nwis/iv/?sites=01591610&parameterCd=00065&format=json&period=P7D","https://waterservices.usgs.gov/nwis/iv/?sites=01591610&parameterCd=00060&format=json","https://waterdata.usgs.gov/combined-location-graph/#locationId=USGS-01591610&parameterCode=00065","USGS",1.25,11.8,"",1781723417000,"Patuxent River below Brighton Dam near Brighton MD","MD, USA",0,-1,,,,
17349,"US01597500","https://waterdata.usgs.gov/monitoring-location/USGS-01597500","https://waterservices.usgs.gov/nwis/iv/?sites=01597500&parameterCd=00065&format=json&period=P7D","https://waterservices.usgs.gov/nwis/iv/?sites=01597500&parameterCd=00060&format=json","https://waterdata.usgs.gov/combined-location-graph/#locationId=USGS-01597500&parameterCode=00065","USGS",0.89,72.9,"",1781721088000,"Savage Riv Bl Savage Riv Dam Near Bloomington, ,MD","MD, USA",0,-1,,,,
17445,"US01645704","https://waterdata.usgs.gov/monitoring-location/USGS-01645704","https://waterservices.usgs.gov/nwis/iv/?sites=01645704&parameterCd=00065&format=json&period=P7D","https://waterservices.usgs.gov/nwis/iv/?sites=01645704&parameterCd=00060&format=json","https://waterdata.usgs.gov/combined-location-graph/#locationId=USGS-01645704&parameterCode=00065","USGS",0.86,1.16,"",1781721083000,"Difficult Run Above Fox Lake Near Fairfax, ,VA","VA, USA",0,-1,,,,
17514,"US02011800","https://waterdata.usgs.gov/monitoring-location/USGS-02011800","https://waterservices.usgs.gov/nwis/iv/?sites=02011800&parameterCd=00065&format=json&period=P7D","https://waterservices.usgs.gov/nwis/iv/?sites=02011800&parameterCd=00060&format=json","https://waterdata.usgs.gov/combined-location-graph/#locationId=USGS-02011800&parameterCode=00065","USGS",9.02,247,"",1781721448000,"Jackson River Bl Gathright Dam Nr Hot Spgs, ,VA","VA, USA",0,-1,,,,
17669,"US0208250410","https://waterdata.usgs.gov/monitoring-location/USGS-0208250410","https://waterservices.usgs.gov/nwis/iv/?sites=0208250410&parameterCd=00065&format=json&period=P7D","https://waterservices.usgs.gov/nwis/iv/?sites=0208250410&parameterCd=00060&format=json","https://waterdata.usgs.gov/combined-location-graph/#locationId=USGS-0208250410&parameterCode=00065","USGS",0.6,77.9,"",1781720900000,"Tar River Below Dam Near Langley Crossroads, ,NC","NC, USA",0,-1,,,,
17688,"US02086500","https://waterdata.usgs.gov/monitoring-location/USGS-02086500","https://waterservices.usgs.gov/nwis/iv/?sites=02086500&parameterCd=00065&format=json&period=P7D","https://waterservices.usgs.gov/nwis/iv/?sites=02086500&parameterCd=00060&format=json","https://waterdata.usgs.gov/combined-location-graph/#locationId=USGS-02086500&parameterCode=00065","USGS",0.4,0.01,"",1781722820000,"Flat River At Dam Near Bahama, ,NC","NC, USA",0,-1,,,,
17791,"US0211139110","https://waterdata.usgs.gov/monitoring-location/USGS-0211139110","https://waterservices.usgs.gov/nwis/iv/?sites=0211139110&parameterCd=00065&format=json&period=P7D","https://waterservices.usgs.gov/nwis/iv/?sites=0211139110&parameterCd=00060&format=json","https://waterdata.usgs.gov/combined-location-graph/#locationId=USGS-0211139110&parameterCode=00065","USGS",2.32,455,"",1781723662000,"Yadkin River Bl W Kerr Scott Dam Near Buck, ,NC","NC, USA",0,-1,,,,
17858,"US02138816","https://waterdata.usgs.gov/monitoring-location/USGS-02138816","https://waterservices.usgs.gov/nwis/iv/?sites=02138816&parameterCd=00065&format=json&period=P7D","https://waterservices.usgs.gov/nwis/iv/?sites=02138816&parameterCd=00060&format=json","https://waterdata.usgs.gov/combined-location-graph/#locationId=USGS-02138816&parameterCode=00065","USGS",1.39,44.8,"",1781722950000,"Old Catawba R Bl Catawba Dam Near Bridgewater, ,NC","NC, USA",0,-1,,,,
17863,"US0214192500","https://waterdata.usgs.gov/monitoring-location/USGS-0214192500","https://waterservices.usgs.gov/nwis/iv/?sites=0214192500&parameterCd=00065&format=json&period=P7D","https://waterservices.usgs.gov/nwis/iv/?sites=0214192500&parameterCd=00060&format=json","https://waterdata.usgs.gov/combined-location-graph/#locationId=USGS-0214192500&parameterCode=00065","USGS",4.21,12.7,"",1781723122000,"Middle Little R At Moretz Dam Nr Bethlehem, ,NC","NC, USA",0,-1,,,,
17887,"US02145910","https://waterdata.usgs.gov/monitoring-location/USGS-02145910","https://waterservices.usgs.gov/nwis/iv/?sites=02145910&parameterCd=00065&format=json&period=P7D","https://waterservices.usgs.gov/nwis/iv/?sites=02145910&parameterCd=00060&format=json","https://waterdata.usgs.gov/combined-location-graph/#locationId=USGS-02145910&parameterCode=00065","USGS",7.58,3200,"",1781723308000,"Catawba River Bl Lake Wylie Dam Fewell Island, ,SC","SC, USA",0,-1,,,,
17937,"US02147801","https://waterdata.usgs.gov/monitoring-location/USGS-02147801","https://waterservices.usgs.gov/nwis/iv/?sites=02147801&parameterCd=00065&format=json&period=P7D","https://waterservices.usgs.gov/nwis/iv/?sites=02147801&parameterCd=00060&format=json","https://waterdata.usgs.gov/combined-location-graph/#locationId=USGS-02147801&parameterCode=00065","USGS",10.04,1090,"",1781723070000,"Lake Wateree Tailrace Above Camden, ,SC","SC, USA",0,-1,,,,
17939,"US02149000","https://waterdata.usgs.gov/monitoring-location/USGS-02149000","https://waterservices.usgs.gov/nwis/iv/?sites=02149000&parameterCd=00065&format=json&period=P7D","https://waterservices.usgs.gov/nwis/iv/?sites=02149000&parameterCd=00060&format=json","https://waterdata.usgs.gov/combined-location-graph/#locationId=USGS-02149000&parameterCode=00065","USGS",2.03,52.9,"",1781721442000,"Cove Creek Near Lake Lure, ,NC","NC, USA",0,-1,,,,
17946,"US02153551","https://waterdata.usgs.gov/monitoring-location/USGS-02153551","https://waterservices.usgs.gov/nwis/iv/?sites=02153551&parameterCd=00065&format=json&period=P7D","https://waterservices.usgs.gov/nwis/iv/?sites=02153551&parameterCd=00060&format=json","https://waterdata.usgs.gov/combined-location-graph/#locationId=USGS-02153551&parameterCode=00065","USGS",26.49,785,"",1781723662000,"Broad River Below Ninetynine Island Reservoir, ,SC","SC, USA",0,-1,,,,
17952,"US021556525","https://waterdata.usgs.gov/monitoring-location/USGS-021556525","https://waterservices.usgs.gov/nwis/iv/?sites=021556525&parameterCd=00065&format=json&period=P7D","https://waterservices.usgs.gov/nwis/iv/?sites=021556525&parameterCd=00060&format=json","https://waterdata.usgs.gov/combined-location-graph/#locationId=USGS-021556525&parameterCode=00065","USGS",1.91,127,"",1781722945000,"Pacolet River Below Lake Blalock Near Cowpens, ,SC","SC, USA",0,-1,,,,
17976,"US02162287","https://waterdata.usgs.gov/monitoring-location/USGS-02162287","https://waterservices.usgs.gov/nwis/iv/?sites=02162287&parameterCd=00065&format=json&period=P7D","https://waterservices.usgs.gov/nwis/iv/?sites=02162287&parameterCd=00060&format=json","https://waterdata.usgs.gov/combined-location-graph/#locationId=USGS-02162287&parameterCode=00065","USGS",0.7,3.53,"",1781722103000,"Table Rock Reservoir Tailrace Nr Cleveland, ,SC","SC, USA",0,-1,,,,
17991,"US02166501","https://waterdata.usgs.gov/monitoring-location/USGS-02166501","https://waterservices.usgs.gov/nwis/iv/?sites=02166501&parameterCd=00065&format=json&period=P7D","https://waterservices.usgs.gov/nwis/iv/?sites=02166501&parameterCd=00060&format=json","https://waterdata.usgs.gov/combined-location-graph/#locationId=USGS-02166501&parameterCode=00065","USGS",7.11,827,"",1781723125000,"Lake Greenwood Tailrace Nr Chappells, ,SC","SC, USA",0,-1,,,,
17998,"US02168504","https://waterdata.usgs.gov/monitoring-location/USGS-02168504","https://waterservices.usgs.gov/nwis/iv/?sites=02168504&parameterCd=00065&format=json&period=P7D","https://waterservices.usgs.gov/nwis/iv/?sites=02168504&parameterCd=00060&format=json","https://waterdata.usgs.gov/combined-location-graph/#locationId=USGS-02168504&parameterCode=00065","USGS",3.62,744,"",1781723662000,"Saluda River Below Lk Murray Dam Nr Columbia, ,SC","SC, USA",0,-1,,,,
18020,"US02172002","https://waterdata.usgs.gov/monitoring-location/USGS-02172002","https://waterservices.usgs.gov/nwis/iv/?sites=02172002&parameterCd=00065&format=json&period=P7D","https://waterservices.usgs.gov/nwis/iv/?sites=02172002&parameterCd=00060&format=json","https://waterdata.usgs.gov/combined-location-graph/#locationId=USGS-02172002&parameterCode=00065","USGS",8.37,14800,"",1781723001000,"Lake Moultrie Tailrace Canal At Moncks Corner, ,SC","SC, USA",0,-1,,,,
18150,"US02207418","https://waterdata.usgs.gov/monitoring-location/USGS-02207418","https://waterservices.usgs.gov/nwis/iv/?sites=02207418&parameterCd=00065&format=json&period=P7D","https://waterservices.usgs.gov/nwis/iv/?sites=02207418&parameterCd=00060&format=json","https://waterdata.usgs.gov/combined-location-graph/#locationId=USGS-02207418&parameterCode=00065","USGS",2.27,28.4,"",1781723717000,"Big Haynes Creek At Jack Turner Dam,Nr Milstead ,GA","GA, USA",0,-1,,,,
18234,"US02234000","https://waterdata.usgs.gov/monitoring-location/USGS-02234000","https://waterservices.usgs.gov/nwis/iv/?sites=02234000&parameterCd=00065&format=json&period=P7D","https://waterservices.usgs.gov/nwis/iv/?sites=02234000&parameterCd=00060&format=json","https://waterdata.usgs.gov/combined-location-graph/#locationId=USGS-02234000&parameterCode=00065","USGS",1.29,494,"",1781722096000,"St. Johns River Above Lake Harney Near Geneva, ,FL","FL, USA",0,-1,,,,
18240,"US02234435","https://waterdata.usgs.gov/monitoring-location/USGS-02234435","https://waterservices.usgs.gov/nwis/iv/?sites=02234435&parameterCd=00065&format=json&period=P7D","https://waterservices.usgs.gov/nwis/iv/?sites=02234435&parameterCd=00060&format=json","https://waterdata.usgs.gov/nwisweb/graph?agency_cd=USGS&site_no=02234435&parm_cd=00065&period=7","USGS",4.96,994,"",1778593128000,"Lake Jesup Outlet Near Sanford, ,FL","FL, USA",869,-1,,,,
18277,"US02243960","https://waterdata.usgs.gov/monitoring-location/USGS-02243960","https://waterservices.usgs.gov/nwis/iv/?sites=02243960&parameterCd=00065&format=json&period=P7D","https://waterservices.usgs.gov/nwis/iv/?sites=02243960&parameterCd=00060&format=json","https://waterdata.usgs.gov/combined-location-graph/#locationId=USGS-02243960&parameterCode=00065","USGS",1.97,402,"",1781720411000,"Ocklawaha R At Rodman Dam Near Orange Springs, ,FL","FL, USA",0,-1,,,,
18324,"US02263869","https://waterdata.usgs.gov/monitoring-location/USGS-02263869","https://waterservices.usgs.gov/nwis/iv/?sites=02263869&parameterCd=00065&format=json&period=P7D","https://waterservices.usgs.gov/nwis/iv/?sites=02263869&parameterCd=00060&format=json","https://waterdata.usgs.gov/combined-location-graph/#locationId=USGS-02263869&parameterCode=00065","USGS",91.8,0,"",1781722993000,"South Lake Outlet At S-15, Near Vineland, ,FL","FL, USA",0,-1,,,,
18330,"US02264051","https://waterdata.usgs.gov/monitoring-location/USGS-02264051","https://waterservices.usgs.gov/nwis/iv/?sites=02264051&parameterCd=00065&format=json&period=P7D","https://waterservices.usgs.gov/nwis/iv/?sites=02264051&parameterCd=00060&format=json","https://waterdata.usgs.gov/combined-location-graph/#locationId=USGS-02264051&parameterCode=00065","USGS",94.46,0.02,"",1781720357000,"Black Lk Outlet At S-101A, At Lake Buena Vista, ,FL","FL, USA",0,-1,,,,
18331,"US02264060","https://waterdata.usgs.gov/monitoring-location/USGS-02264060","https://waterservices.usgs.gov/nwis/iv/?sites=02264060&parameterCd=00065&format=json&period=P7D","https://waterservices.usgs.gov/nwis/iv/?sites=02264060&parameterCd=00060&format=json","https://waterdata.usgs.gov/combined-location-graph/#locationId=USGS-02264060&parameterCode=00065","USGS",89.79,0,"",1781720358000,"Lateral 101 At S-101, Near Lake Buena Vista, ,FL","FL, USA",0,-1,,,,
18380,"US02286400","https://waterdata.usgs.gov/nwis/nwisman/?site_no=02286400","https://waterservices.usgs.gov/nwis/iv/?sites=02286400&parameterCd=00065&format=json&period=P7D","https://waterservices.usgs.gov/nwis/iv/?sites=02286400&parameterCd=00060&format=json","https://waterdata.usgs.gov/nwisweb/graph?agency_cd=USGS&site_no=02286400&parm_cd=00065&period=7","USGS",10.82,-11.3,"",1760325300000,"Miami Canal At S-354 And S-3 At Lake Harbor, Fla","FL, USA",4320,-1,,,,
18433,"US02294261","https://waterdata.usgs.gov/nwis/nwisman/?site_no=02294261","https://waterservices.usgs.gov/nwis/iv/?sites=02294261&parameterCd=00065&format=json&period=P7D","https://waterservices.usgs.gov/nwis/iv/?sites=02294261&parameterCd=00060&format=json","https://waterdata.usgs.gov/nwisweb/graph?agency_cd=USGS&site_no=02294261&parm_cd=00065&period=7","USGS",121.61,49.4,"",1760326200000,"Lake Parker Outlet At Combee Settlement FL","FL, USA",4320,-1,,,,
18435,"US02294330","https://waterdata.usgs.gov/monitoring-location/USGS-02294330","https://waterservices.usgs.gov/nwis/iv/?sites=02294330&parameterCd=00065&format=json&period=P7D","https://waterservices.usgs.gov/nwis/iv/?sites=02294330&parameterCd=00060&format=json","https://waterdata.usgs.gov/combined-location-graph/#locationId=USGS-02294330&parameterCode=00065","USGS",9.12,8.03,"",1781723713000,"Lake Lena Run Near Auburndale ,FL","FL, USA",0,-1,,,,
18498,"US02300042","https://waterdata.usgs.gov/nwis/nwisman/?site_no=02300042","https://waterservices.usgs.gov/nwis/iv/?sites=02300042&parameterCd=00065&format=json&period=P7D","https://waterservices.usgs.gov/nwis/iv/?sites=02300042&parameterCd=00060&format=json","https://waterdata.usgs.gov/nwisweb/graph?agency_cd=USGS&site_no=02300042&parm_cd=00065&period=7","USGS",3.83,0,"",1.760328e+12,"Ward Lake Near Bradenton FL","FL, USA",4320,-1,,,,
18520,"US02301793","https://waterdata.usgs.gov/monitoring-location/USGS-02301793","https://waterservices.usgs.gov/nwis/iv/?sites=02301793&parameterCd=00065&format=json&period=P7D","https://waterservices.usgs.gov/nwis/iv/?sites=02301793&parameterCd=00060&format=json","https://waterdata.usgs.gov/combined-location-graph/#locationId=USGS-02301793&parameterCode=00065","USGS",21.5,0,"",1781723172000,"East Lake Outfall At E. Chelsea St. Near Tampa ,FL","FL, USA",0,-1,,,,
18554,"US02307323","https://waterdata.usgs.gov/monitoring-location/USGS-02307323","https://waterservices.usgs.gov/nwis/iv/?sites=02307323&parameterCd=00065&format=json&period=P7D","https://waterservices.usgs.gov/nwis/iv/?sites=02307323&parameterCd=00060&format=json","https://waterdata.usgs.gov/combined-location-graph/#locationId=USGS-02307323&parameterCode=00065","USGS",0.35,0,"",1781723352000,"Brooker Creek Near Lake Fern ,FL","FL, USA",0,-1,,,,
18558,"US02307496","https://waterdata.usgs.gov/monitoring-location/USGS-02307496","https://waterservices.usgs.gov/nwis/iv/?sites=02307496&parameterCd=00065&format=json&period=P7D","https://waterservices.usgs.gov/nwis/iv/?sites=02307496&parameterCd=00060&format=json","https://waterdata.usgs.gov/combined-location-graph/#locationId=USGS-02307496&parameterCode=00065","USGS",2.74,0.15,"",1781721510000,"Cow Branch At Lake St George Dr Nr Palm Harbor ,FL","FL, USA",0,-1,,,,
18559,"US02307498","https://waterdata.usgs.gov/nwis/nwisman/?site_no=02307498","https://waterservices.usgs.gov/nwis/iv/?sites=02307498&parameterCd=00065&format=json&period=P7D","https://waterservices.usgs.gov/nwis/iv/?sites=02307498&parameterCd=00060&format=json","https://waterdata.usgs.gov/nwisweb/graph?agency_cd=USGS&site_no=02307498&parm_cd=00065&period=7","USGS",13.26,0,"",1760327100000,"Lake Tarpon Canal At S-551, Near Oldsmar FL","FL, USA",4320,-1,,,,
18624,"US02312720","https://waterdata.usgs.gov/monitoring-location/USGS-02312720","https://waterservices.usgs.gov/nwis/iv/?sites=02312720&parameterCd=00065&format=json&period=P7D","https://waterservices.usgs.gov/nwis/iv/?sites=02312720&parameterCd=00060&format=json","https://waterdata.usgs.gov/combined-location-graph/#locationId=USGS-02312720&parameterCode=00065","USGS",35.63,68.4,"",1781722216000,"Withlacoochee River At Wysong Dam, At Carlson, ,FL","FL, USA",0,-1,,,,
18632,"US02313230","https://waterdata.usgs.gov/monitoring-location/USGS-02313230","https://waterservices.usgs.gov/nwis/iv/?sites=02313230&parameterCd=00065&format=json&period=P7D","https://waterservices.usgs.gov/nwis/iv/?sites=02313230&parameterCd=00060&format=json","https://waterdata.usgs.gov/combined-location-graph/#locationId=USGS-02313230&parameterCode=00065","USGS",27.32,0,"",1781722996000,"Withlacoochee R At Inglis Dam Near Dunnellon, ,FL","FL, USA",0,-1,,,,
18661,"US02321000","https://waterdata.usgs.gov/monitoring-location/USGS-02321000","https://waterservices.usgs.gov/nwis/iv/?sites=02321000&parameterCd=00065&format=json&period=P7D","https://waterservices.usgs.gov/nwis/iv/?sites=02321000&parameterCd=00060&format=json","https://waterdata.usgs.gov/combined-location-graph/#locationId=USGS-02321000&parameterCode=00065","USGS",1.56,1.67,"",1781722216000,"New River Nr Lake Butler Fla","FL, USA",0,-1,,,,
18707,"US02334430","https://waterdata.usgs.gov/monitoring-location/USGS-02334430","https://waterservices.usgs.gov/nwis/iv/?sites=02334430&parameterCd=00065&format=json&period=P7D","https://waterservices.usgs.gov/nwis/iv/?sites=02334430&parameterCd=00060&format=json","https://waterdata.usgs.gov/combined-location-graph/#locationId=USGS-02334430&parameterCode=00065","USGS",-0.52,644,"",1781723658000,"Chattahoochee River At Buford Dam, Near Buford, ,GA","GA, USA",0,-1,,,,
18708,"US02334480","https://waterdata.usgs.gov/monitoring-location/USGS-02334480","https://waterservices.usgs.gov/nwis/iv/?sites=02334480&parameterCd=00065&format=json&period=P7D","https://waterservices.usgs.gov/nwis/iv/?sites=02334480&parameterCd=00060&format=json","https://waterdata.usgs.gov/combined-location-graph/#locationId=USGS-02334480&parameterCode=00065","USGS",0.46,6.5,"",1781721866000,"Richland Creek At Suwanee Dam Road, Near Buford,Ga","GA, USA",0,-1,,,,
18709,"US02334578","https://waterdata.usgs.gov/monitoring-location/USGS-02334578","https://waterservices.usgs.gov/nwis/iv/?sites=02334578&parameterCd=00065&format=json&period=P7D","https://waterservices.usgs.gov/nwis/iv/?sites=02334578&parameterCd=00060&format=json","https://waterdata.usgs.gov/combined-location-graph/#locationId=USGS-02334578&parameterCode=00065","USGS",3.67,3.7,"",1781720662000,"Level Creek At Suwanee Dam Road, Near Suwanee, ,GA","GA, USA",0,-1,,,,
18720,"US02335815","https://waterdata.usgs.gov/monitoring-location/USGS-02335815","https://waterservices.usgs.gov/nwis/iv/?sites=02335815&parameterCd=00065&format=json&period=P7D","https://waterservices.usgs.gov/nwis/iv/?sites=02335815&parameterCd=00060&format=json","https://waterdata.usgs.gov/combined-location-graph/#locationId=USGS-02335815&parameterCode=00065","USGS",811.18,1060,"",1781723658000,"Chattahoochee River Below Morgan Falls Dam, ,GA","GA, USA",0,-1,,,,
18769,"US023432415","https://waterdata.usgs.gov/monitoring-location/USGS-023432415","https://waterservices.usgs.gov/nwis/iv/?sites=023432415&parameterCd=00065&format=json&period=P7D","https://waterservices.usgs.gov/nwis/iv/?sites=023432415&parameterCd=00060&format=json","https://waterdata.usgs.gov/combined-location-graph/#locationId=USGS-023432415&parameterCode=00065","USGS",102.72,1890,"",1781722945000,"Chattahoochee R .36 Mi Ds Wfg Dam Nr Ft Gaines, ,GA","AL, USA",0,-1,,,,
18775,"US02344424","https://waterdata.usgs.gov/monitoring-location/USGS-02344424","https://waterservices.usgs.gov/nwis/iv/?sites=02344424&parameterCd=00065&format=json&period=P7D","https://waterservices.usgs.gov/nwis/iv/?sites=02344424&parameterCd=00060&format=json","https://waterdata.usgs.gov/combined-location-graph/#locationId=USGS-02344424&parameterCode=00065","USGS",746.5,2.69,"",1781721204000,"Lake Horton Tailrace Near Fayetteville, ,GA","GA, USA",0,-1,,,,
18780,"US02344630","https://waterdata.usgs.gov/monitoring-location/USGS-02344630","https://waterservices.usgs.gov/nwis/iv/?sites=02344630&parameterCd=00065&format=json&period=P7D","https://waterservices.usgs.gov/nwis/iv/?sites=02344630&parameterCd=00060&format=json","https://waterdata.usgs.gov/combined-location-graph/#locationId=USGS-02344630&parameterCode=00065","USGS",2.18,52.7,"",1781723720000,"Line Creek Blw Lake Mcintosh, Nr Peachtree City,Ga","GA, USA",0,-1,,,,
18781,"US02344655","https://waterdata.usgs.gov/monitoring-location/USGS-02344655","https://waterservices.usgs.gov/nwis/iv/?sites=02344655&parameterCd=00065&format=json&period=P7D","https://waterservices.usgs.gov/nwis/iv/?sites=02344655&parameterCd=00060&format=json","https://waterdata.usgs.gov/combined-location-graph/#locationId=USGS-02344655&parameterCode=00065","USGS",2.56,9.4,"",1781721137000,"Flat Cr Ds Of Lake Kedron, Nr Peachtree City, ,GA","GA, USA",0,-1,,,,
18782,"US02344673","https://waterdata.usgs.gov/monitoring-location/USGS-02344673","https://waterservices.usgs.gov/nwis/iv/?sites=02344673&parameterCd=00065&format=json&period=P7D","https://waterservices.usgs.gov/nwis/iv/?sites=02344673&parameterCd=00060&format=json","https://waterdata.usgs.gov/combined-location-graph/#locationId=USGS-02344673&parameterCode=00065","USGS",2.4,14.8,"",1781721200000,"Flat Creek Ds Of Lake At Peachtree City, ,GA","GA, USA",0,-1,,,,
18845,"US02372422","https://waterdata.usgs.gov/monitoring-location/USGS-02372422","https://waterservices.usgs.gov/nwis/iv/?sites=02372422&parameterCd=00065&format=json&period=P7D","https://waterservices.usgs.gov/nwis/iv/?sites=02372422&parameterCd=00060&format=json","https://waterdata.usgs.gov/combined-location-graph/#locationId=USGS-02372422&parameterCode=00065","USGS",8.12,668,"",1781722963000,"Conecuh River Bel Pt A Dam Nr River Falls, Al.","AL, USA",0,-1,,,,
18912,"US02394000","https://waterdata.usgs.gov/monitoring-location/USGS-02394000","https://waterservices.usgs.gov/nwis/iv/?sites=02394000&parameterCd=00065&format=json&period=P7D","https://waterservices.usgs.gov/nwis/iv/?sites=02394000&parameterCd=00060&format=json","https://waterdata.usgs.gov/combined-location-graph/#locationId=USGS-02394000&parameterCode=00065","USGS",1.2,344,"",1781723665000,"Etowah River At Allatoona Dam, Abv Cartersville,Ga","GA, USA",0,-1,,,,
19011,"US02437100","https://waterdata.usgs.gov/monitoring-location/USGS-02437100","https://waterservices.usgs.gov/nwis/iv/?sites=02437100&parameterCd=00065&format=json&period=P7D","https://waterservices.usgs.gov/nwis/iv/?sites=02437100&parameterCd=00060&format=json","https://waterdata.usgs.gov/combined-location-graph/#locationId=USGS-02437100&parameterCode=00065","USGS",40.5,2630,"",1781722951000,"Tombigbee River At Aberdeen Lock And Dam, ,MS","MS, USA",0,-1,,,,
19014,"US02441390","https://waterdata.usgs.gov/monitoring-location/USGS-02441390","https://waterservices.usgs.gov/nwis/iv/?sites=02441390&parameterCd=00065&format=json&period=P7D","https://waterservices.usgs.gov/nwis/iv/?sites=02441390&parameterCd=00060&format=json","https://waterdata.usgs.gov/combined-location-graph/#locationId=USGS-02441390&parameterCode=00065","USGS",36.76,2330,"",1781722706000,"Tombigbee River At Stennis Lock And Dam, ,MS","MS, USA",0,-1,,,,
19172,"US03012550","https://waterdata.usgs.gov/monitoring-location/USGS-03012550","https://waterservices.usgs.gov/nwis/iv/?sites=03012550&parameterCd=00065&format=json&period=P7D","https://waterservices.usgs.gov/nwis/iv/?sites=03012550&parameterCd=00060&format=json","https://waterdata.usgs.gov/combined-location-graph/#locationId=USGS-03012550&parameterCode=00065","USGS",8.08,1360,"",1781723356000,"Allegheny River at Kinzua Dam, PA","PA, USA",0,-1,,,,
19179,"US03020000","https://waterdata.usgs.gov/monitoring-location/USGS-03020000","https://waterservices.usgs.gov/nwis/iv/?sites=03020000&parameterCd=00065&format=json&period=P7D","https://waterservices.usgs.gov/nwis/iv/?sites=03020000&parameterCd=00060&format=json","https://waterdata.usgs.gov/combined-location-graph/#locationId=USGS-03020000&parameterCode=00065","USGS",1.79,305,"",1781722754000,"Tionesta Creek at Tionesta Creek Dam, PA","PA, USA",0,-1,,,,
19186,"US03022554","https://waterdata.usgs.gov/monitoring-location/USGS-03022554","https://waterservices.usgs.gov/nwis/iv/?sites=03022554&parameterCd=00065&format=json&period=P7D","https://waterservices.usgs.gov/nwis/iv/?sites=03022554&parameterCd=00060&format=json","https://waterdata.usgs.gov/combined-location-graph/#locationId=USGS-03022554&parameterCode=00065","USGS",7.29,22.6,"",1781722586000,"Woodcock Creek at Woodcock Creek Dam, PA","PA, USA",0,-1,,,,
19194,"US03027500","https://waterdata.usgs.gov/monitoring-location/USGS-03027500","https://waterservices.usgs.gov/nwis/iv/?sites=03027500&parameterCd=00065&format=json&period=P7D","https://waterservices.usgs.gov/nwis/iv/?sites=03027500&parameterCd=00060&format=json","https://waterdata.usgs.gov/combined-location-graph/#locationId=USGS-03027500&parameterCode=00065","USGS",2.45,116,"",1781722514000,"EB Clarion River at EB Clarion River Dam, PA","PA, USA",0,-1,,,,
19211,"US03036000","https://waterdata.usgs.gov/monitoring-location/USGS-03036000","https://waterservices.usgs.gov/nwis/iv/?sites=03036000&parameterCd=00065&format=json&period=P7D","https://waterservices.usgs.gov/nwis/iv/?sites=03036000&parameterCd=00060&format=json","https://waterdata.usgs.gov/combined-location-graph/#locationId=USGS-03036000&parameterCode=00065","USGS",,193,"",1781722696000,"Mahoning Creek at Mahoning Creek Dam, PA","PA, USA",0,-1,,,,
19217,"US03039000","https://waterdata.usgs.gov/monitoring-location/USGS-03039000","https://waterservices.usgs.gov/nwis/iv/?sites=03039000&parameterCd=00065&format=json&period=P7D","https://waterservices.usgs.gov/nwis/iv/?sites=03039000&parameterCd=00060&format=json","https://waterdata.usgs.gov/combined-location-graph/#locationId=USGS-03039000&parameterCode=00065","USGS",1.72,262,"",1781722638000,"Crooked Creek at Crooked Creek Dam near Ford City","PA, USA",0,-1,,,,
19235,"US03047000","https://waterdata.usgs.gov/monitoring-location/USGS-03047000","https://waterservices.usgs.gov/nwis/iv/?sites=03047000&parameterCd=00065&format=json&period=P7D","https://waterservices.usgs.gov/nwis/iv/?sites=03047000&parameterCd=00060&format=json","https://waterdata.usgs.gov/combined-location-graph/#locationId=USGS-03047000&parameterCode=00065","USGS",0.89,103,"",1781722637000,"Loyalhanna Creek at Loyalhanna Dam, PA","PA, USA",0,-1,,,,
19261,"US03056000","https://waterdata.usgs.gov/monitoring-location/USGS-03056000","https://waterservices.usgs.gov/nwis/iv/?sites=03056000&parameterCd=00065&format=json&period=P7D","https://waterservices.usgs.gov/nwis/iv/?sites=03056000&parameterCd=00060&format=json","https://waterdata.usgs.gov/combined-location-graph/#locationId=USGS-03056000&parameterCode=00065","USGS",,1920,"",1781723493000,"Tygart Valley R At Tygart Dam Nr Grafton, ,WV","WV, USA",0,-1,,,,
19265,"US03058000","https://waterdata.usgs.gov/monitoring-location/USGS-03058000","https://waterservices.usgs.gov/nwis/iv/?sites=03058000&parameterCd=00065&format=json&period=P7D","https://waterservices.usgs.gov/nwis/iv/?sites=03058000&parameterCd=00060&format=json","https://waterdata.usgs.gov/combined-location-graph/#locationId=USGS-03058000&parameterCode=00065","USGS",8.49,48.7,"",1781720906000,"West Fork R Bl Stonewall Jackson Dam Nr Weston, ,WV","WV, USA",0,-1,,,,
19312,"US03077500","https://waterdata.usgs.gov/monitoring-location/USGS-03077500","https://waterservices.usgs.gov/nwis/iv/?sites=03077500&parameterCd=00065&format=json&period=P7D","https://waterservices.usgs.gov/nwis/iv/?sites=03077500&parameterCd=00060&format=json","https://waterdata.usgs.gov/combined-location-graph/#locationId=USGS-03077500&parameterCode=00065","USGS",,448,"",1781722032000,"Youghiogheny River at Youghiogheny River Dam, PA","PA, USA",0,-1,,,,
19333,"US03090500","https://waterdata.usgs.gov/monitoring-location/USGS-03090500","https://waterservices.usgs.gov/nwis/iv/?sites=03090500&parameterCd=00065&format=json&period=P7D","https://waterservices.usgs.gov/nwis/iv/?sites=03090500&parameterCd=00060&format=json","https://waterdata.usgs.gov/combined-location-graph/#locationId=USGS-03090500&parameterCode=00065","USGS",2.51,171,"",1781720840000,"Mahoning River bl Berlin Dam nr Berlin Center OH","OH, USA",0,-1,,,,
19340,"US03095500","https://waterdata.usgs.gov/monitoring-location/USGS-03095500","https://waterservices.usgs.gov/nwis/iv/?sites=03095500&parameterCd=00065&format=json&period=P7D","https://waterservices.usgs.gov/nwis/iv/?sites=03095500&parameterCd=00060&format=json","https://waterdata.usgs.gov/combined-location-graph/#locationId=USGS-03095500&parameterCode=00065","USGS",1.15,11.5,"",1781722587000,"Mosquito Creek bl Mosquito Ck Dam nr Cortland OH","OH, USA",0,-1,,,,
19344,"US03101500","https://waterdata.usgs.gov/monitoring-location/USGS-03101500","https://waterservices.usgs.gov/nwis/iv/?sites=03101500&parameterCd=00065&format=json&period=P7D","https://waterservices.usgs.gov/nwis/iv/?sites=03101500&parameterCd=00060&format=json","https://waterdata.usgs.gov/combined-location-graph/#locationId=USGS-03101500&parameterCode=00065","USGS",4.63,73.4,"",1781722699000,"Shenango River at Pymatuning Dam, PA","PA, USA",0,-1,,,,
19405,"US03121500","https://waterdata.usgs.gov/monitoring-location/USGS-03121500","https://waterservices.usgs.gov/nwis/iv/?sites=03121500&parameterCd=00065&format=json&period=P7D","https://waterservices.usgs.gov/nwis/iv/?sites=03121500&parameterCd=00060&format=json","https://waterdata.usgs.gov/combined-location-graph/#locationId=USGS-03121500&parameterCode=00065","USGS",6.41,13,"",1781722947000,"Indian Fork bl Atwood Dam near New Cumberland OH","OH, USA",0,-1,,,,
19420,"US03128500","https://waterdata.usgs.gov/monitoring-location/USGS-03128500","https://waterservices.usgs.gov/nwis/iv/?sites=03128500&parameterCd=00065&format=json&period=P7D","https://waterservices.usgs.gov/nwis/iv/?sites=03128500&parameterCd=00060&format=json","https://waterdata.usgs.gov/combined-location-graph/#locationId=USGS-03128500&parameterCode=00065","USGS",4.36,41.9,"",1781721084000,"Little Stillwater Creek bl Tappan Dam at Tappan OH","OH, USA",0,-1,,,,
19440,"US03141500","https://waterdata.usgs.gov/monitoring-location/USGS-03141500","https://waterservices.usgs.gov/nwis/iv/?sites=03141500&parameterCd=00065&format=json&period=P7D","https://waterservices.usgs.gov/nwis/iv/?sites=03141500&parameterCd=00060&format=json","https://waterdata.usgs.gov/combined-location-graph/#locationId=USGS-03141500&parameterCode=00065","USGS",5,40,"",1781721077000,"Seneca Fork bl Senecaville Dam near Senecaville OH","OH, USA",0,-1,,,,
19593,"US03216350","https://waterdata.usgs.gov/monitoring-location/USGS-03216350","https://waterservices.usgs.gov/nwis/iv/?sites=03216350&parameterCd=00065&format=json&period=P7D","https://waterservices.usgs.gov/nwis/iv/?sites=03216350&parameterCd=00060&format=json","https://waterdata.usgs.gov/combined-location-graph/#locationId=USGS-03216350&parameterCode=00065","USGS",86.18,41.2,"",1781721255000,"Little Sandy River Below Grayson Dam Near Leon, ,KY","KY, USA",0,-1,,,,
19602,"US03221000","https://waterdata.usgs.gov/monitoring-location/USGS-03221000","https://waterservices.usgs.gov/nwis/iv/?sites=03221000&parameterCd=00065&format=json&period=P7D","https://waterservices.usgs.gov/nwis/iv/?sites=03221000&parameterCd=00060&format=json","https://waterdata.usgs.gov/combined-location-graph/#locationId=USGS-03221000&parameterCode=00065","USGS",4.63,484,"",1781722465000,"Scioto River below O'Shaughnessy Dam nr Dublin OH","OH, USA",0,-1,,,,
19747,"US03286200","https://waterdata.usgs.gov/monitoring-location/USGS-03286200","https://waterservices.usgs.gov/nwis/iv/?sites=03286200&parameterCd=00065&format=json&period=P7D","https://waterservices.usgs.gov/nwis/iv/?sites=03286200&parameterCd=00060&format=json","https://waterdata.usgs.gov/combined-location-graph/#locationId=USGS-03286200&parameterCode=00065","USGS",5,163,"",1781721017000,"Dix River At Dix Dam Near Burgin, ,KY","KY, USA",0,-1,,,,
19881,"US03332605","https://waterdata.usgs.gov/monitoring-location/USGS-03332605","https://waterservices.usgs.gov/nwis/iv/?sites=03332605&parameterCd=00065&format=json&period=P7D","https://waterservices.usgs.gov/nwis/iv/?sites=03332605&parameterCd=00060&format=json","https://waterdata.usgs.gov/combined-location-graph/#locationId=USGS-03332605&parameterCode=00065","USGS",6.6,2180,"",1781722998000,"Tippecanoe River Below Oakdale Dam, ,IN","IN, USA",0,-1,,,,
20130,"US03455500","https://waterdata.usgs.gov/monitoring-location/USGS-03455500","https://waterservices.usgs.gov/nwis/iv/?sites=03455500&parameterCd=00065&format=json&period=P7D","https://waterservices.usgs.gov/nwis/iv/?sites=03455500&parameterCd=00060&format=json","https://waterdata.usgs.gov/combined-location-graph/#locationId=USGS-03455500&parameterCode=00065","USGS",0.96,27.8,"",1781723177000,"W F Pigeon R Above Lake Logan Nr Hazelwood, ,NC","NC, USA",0,-1,,,,
20143,"US03466500","https://waterdata.usgs.gov/monitoring-location/USGS-03466500","https://waterservices.usgs.gov/nwis/iv/?sites=03466500&parameterCd=00065&format=json&period=P7D","https://waterservices.usgs.gov/nwis/iv/?sites=03466500&parameterCd=00060&format=json","https://waterdata.usgs.gov/combined-location-graph/#locationId=USGS-03466500&parameterCode=00065","USGS",41.81,582,"",1781721075000,"Nolichucky River Below Nolichucky Dam, ,TN","TN, USA",0,-1,,,,
20153,"US0347927162","https://waterdata.usgs.gov/monitoring-location/USGS-0347927162","https://waterservices.usgs.gov/nwis/iv/?sites=0347927162&parameterCd=00065&format=json&period=P7D","https://waterservices.usgs.gov/nwis/iv/?sites=0347927162&parameterCd=00060&format=json","https://waterdata.usgs.gov/combined-location-graph/#locationId=USGS-0347927162&parameterCode=00065","USGS",1.37,1.27,"",1781721928000,"Buckeye Cr Above Buckeye Lake Near Cannon Gap, ,NC","NC, USA",0,-1,,,,
20154,"US0347927164","https://waterdata.usgs.gov/monitoring-location/USGS-0347927164","https://waterservices.usgs.gov/nwis/iv/?sites=0347927164&parameterCd=00065&format=json&period=P7D","https://waterservices.usgs.gov/nwis/iv/?sites=0347927164&parameterCd=00060&format=json","https://waterdata.usgs.gov/combined-location-graph/#locationId=USGS-0347927164&parameterCode=00065","USGS",0.82,0.11,"",1781721923000,"Buckeye Cr Below Buckeye Lake Near Cannon Gap, ,NC","NC, USA",0,-1,,,,
20191,"US03538970","https://waterdata.usgs.gov/monitoring-location/USGS-03538970","https://waterservices.usgs.gov/nwis/iv/?sites=03538970&parameterCd=00065&format=json&period=P7D","https://waterservices.usgs.gov/nwis/iv/?sites=03538970&parameterCd=00060&format=json","https://waterdata.usgs.gov/combined-location-graph/#locationId=USGS-03538970&parameterCode=00065","USGS",2.35,0.92,"",1781723714000,"Basses Creek At Lake Tansi Nr Crossville,Tn","TN, USA",0,-1,,,,
20302,"US04037500","https://waterdata.usgs.gov/monitoring-location/USGS-04037500","https://waterservices.usgs.gov/nwis/iv/?sites=04037500&parameterCd=00065&format=json&period=P7D","https://waterservices.usgs.gov/nwis/iv/?sites=04037500&parameterCd=00060&format=json","https://waterdata.usgs.gov/combined-location-graph/#locationId=USGS-04037500&parameterCode=00065","USGS",4.7,46,"",1781723366000,"Cisco Branch Ontonagon R At Cisco Lake Outlet, ,MI","MI, USA",0,-1,,,,
20314,"US04044724","https://waterdata.usgs.gov/monitoring-location/USGS-04044724","https://waterservices.usgs.gov/nwis/iv/?sites=04044724&parameterCd=00065&format=json&period=P7D","https://waterservices.usgs.gov/nwis/iv/?sites=04044724&parameterCd=00060&format=json","https://waterdata.usgs.gov/combined-location-graph/#locationId=USGS-04044724&parameterCode=00065","USGS",4.48,319,"",1781191778000,"Au Train River At Forest Lake, ,MI","MI, USA",147,-1,,,,
20344,"US04066030","https://waterdata.usgs.gov/monitoring-location/USGS-04066030","https://waterservices.usgs.gov/nwis/iv/?sites=04066030&parameterCd=00065&format=json&period=P7D","https://waterservices.usgs.gov/nwis/iv/?sites=04066030&parameterCd=00060&format=json","https://waterdata.usgs.gov/combined-location-graph/#locationId=USGS-04066030&parameterCode=00065","USGS",7.5,2630,"",1781723606000,"Menominee River At White Rapids Dam Near Banat, ,MI","MI, USA",0,-1,,,,
20356,"US040734605","https://waterdata.usgs.gov/monitoring-location/USGS-040734605","https://waterservices.usgs.gov/nwis/iv/?sites=040734605&parameterCd=00065&format=json&period=P7D","https://waterservices.usgs.gov/nwis/iv/?sites=040734605&parameterCd=00060&format=json","https://waterdata.usgs.gov/combined-location-graph/#locationId=USGS-040734605&parameterCode=00065","USGS",6.5,86.9,"",1781723606000,"Green Lake Sw Inlet @ Ct Highwy K Nr Green Lake,Wi","WI, USA",0,-1,,,,
20358,"US04073462","https://waterdata.usgs.gov/monitoring-location/USGS-04073462","https://waterservices.usgs.gov/nwis/iv/?sites=04073462&parameterCd=00065&format=json&period=P7D","https://waterservices.usgs.gov/nwis/iv/?sites=04073462&parameterCd=00060&format=json","https://waterdata.usgs.gov/combined-location-graph/#locationId=USGS-04073462&parameterCode=00065","USGS",4.25,3.41,"",1781723603000,"White Creek At Spring Grove Road Nr Green Lake, ,WI","WI, USA",0,-1,,,,
20359,"US04073466","https://waterdata.usgs.gov/monitoring-location/USGS-04073466","https://waterservices.usgs.gov/nwis/iv/?sites=04073466&parameterCd=00065&format=json&period=P7D","https://waterservices.usgs.gov/nwis/iv/?sites=04073466&parameterCd=00060&format=json","https://waterdata.usgs.gov/combined-location-graph/#locationId=USGS-04073466&parameterCode=00065","USGS",7.13,21.7,"",1781723609000,"Silver Creek At Spaulding Road Near Green Lake, ,WI","WI, USA",0,-1,,,,
20415,"US04093000","https://waterdata.usgs.gov/monitoring-location/USGS-04093000","https://waterservices.usgs.gov/nwis/iv/?sites=04093000&parameterCd=00065&format=json&period=P7D","https://waterservices.usgs.gov/nwis/iv/?sites=04093000&parameterCd=00060&format=json","https://waterdata.usgs.gov/combined-location-graph/#locationId=USGS-04093000&parameterCode=00065","USGS",7.52,685,"",1781722157000,"Deep River At Lake George Outlet At Hobart, ,IN","IN, USA",0,-1,,,,
20445,"US041015313","https://waterdata.usgs.gov/monitoring-location/USGS-041015313","https://waterservices.usgs.gov/nwis/iv/?sites=041015313&parameterCd=00065&format=json&period=P7D","https://waterservices.usgs.gov/nwis/iv/?sites=041015313&parameterCd=00060&format=json","https://waterdata.usgs.gov/combined-location-graph/#locationId=USGS-041015313&parameterCode=00065","USGS",2.66,15.8,"",1781723061000,"Osborn Drain At Dewey Lake St Nr Glenwood, ,MI","MI, USA",0,-1,,,,
20734,"US04232482","https://waterdata.usgs.gov/monitoring-location/USGS-04232482","https://waterservices.usgs.gov/nwis/iv/?sites=04232482&parameterCd=00065&format=json&period=P7D","https://waterservices.usgs.gov/nwis/iv/?sites=04232482&parameterCd=00060&format=json","https://waterdata.usgs.gov/combined-location-graph/#locationId=USGS-04232482&parameterCode=00065","USGS",3.02,167,"",1781722813000,"Keuka Lake Outlet At Dresden ,NY","NY, USA",0,-1,,,,
20878,"US05058000","https://waterdata.usgs.gov/monitoring-location/USGS-05058000","https://waterservices.usgs.gov/nwis/iv/?sites=05058000&parameterCd=00065&format=json&period=P7D","https://waterservices.usgs.gov/nwis/iv/?sites=05058000&parameterCd=00060&format=json","https://waterdata.usgs.gov/combined-location-graph/#locationId=USGS-05058000&parameterCode=00065","USGS",25.19,482,"",1781723363000,"Sheyenne River Below Baldhill Dam, ,ND","ND, USA",0,-1,,,,
20910,"US05074500","https://waterdata.usgs.gov/monitoring-location/USGS-05074500","https://waterservices.usgs.gov/nwis/iv/?sites=05074500&parameterCd=00065&format=json&period=P7D","https://waterservices.usgs.gov/nwis/iv/?sites=05074500&parameterCd=00060&format=json","https://waterdata.usgs.gov/combined-location-graph/#locationId=USGS-05074500&parameterCode=00065","USGS",68.89,227,"",1781721977000,"Red Lake River Near Red Lake, ,MN","MN, USA",0,-1,,,,
20911,"US05075000","https://waterdata.usgs.gov/monitoring-location/USGS-05075000","https://waterservices.usgs.gov/nwis/iv/?sites=05075000&parameterCd=00065&format=json&period=P7D","https://waterservices.usgs.gov/nwis/iv/?sites=05075000&parameterCd=00060&format=json","https://waterdata.usgs.gov/combined-location-graph/#locationId=USGS-05075000&parameterCode=00065","USGS",3.13,269,"",1781723170000,"Red Lake River At High Landing Nr Goodridge, ,MN","MN, USA",0,-1,,,,
20915,"US05078500","https://waterdata.usgs.gov/monitoring-location/USGS-05078500","https://waterservices.usgs.gov/nwis/iv/?sites=05078500&parameterCd=00065&format=json&period=P7D","https://waterservices.usgs.gov/nwis/iv/?sites=05078500&parameterCd=00060&format=json","https://waterdata.usgs.gov/combined-location-graph/#locationId=USGS-05078500&parameterCode=00065","USGS",5.72,165,"",1781723655000,"Clearwater River At Red Lake Falls, ,MN","MN, USA",0,-1,,,,
20916,"US05079000","https://waterdata.usgs.gov/monitoring-location/USGS-05079000","https://waterservices.usgs.gov/nwis/iv/?sites=05079000&parameterCd=00065&format=json&period=P7D","https://waterservices.usgs.gov/nwis/iv/?sites=05079000&parameterCd=00060&format=json","https://waterdata.usgs.gov/combined-location-graph/#locationId=USGS-05079000&parameterCode=00065","USGS",4.82,504,"",1781723233000,"Red Lake River At Crookston, ,MN","MN, USA",0,-1,,,,
20917,"US05080000","https://waterdata.usgs.gov/monitoring-location/USGS-05080000","https://waterservices.usgs.gov/nwis/iv/?sites=05080000&parameterCd=00065&format=json&period=P7D","https://waterservices.usgs.gov/nwis/iv/?sites=05080000&parameterCd=00060&format=json","https://waterdata.usgs.gov/combined-location-graph/#locationId=USGS-05080000&parameterCode=00065","USGS",11.04,530,"",1781721501000,"Red Lake River At Fisher, ,MN","MN, USA",0,-1,,,,
20928,"US05094000","https://waterdata.usgs.gov/monitoring-location/USGS-05094000","https://waterservices.usgs.gov/nwis/iv/?sites=05094000&parameterCd=00065&format=json&period=P7D","https://waterservices.usgs.gov/nwis/iv/?sites=05094000&parameterCd=00060&format=json","https://waterdata.usgs.gov/combined-location-graph/#locationId=USGS-05094000&parameterCode=00065","USGS",4.07,70.6,"",1781720502000,"South Branch Two Rivers At Lake Bronson, ,MN","MN, USA",0,-1,,,,
20953,"US05126210","https://waterdata.usgs.gov/monitoring-location/USGS-05126210","https://waterservices.usgs.gov/nwis/iv/?sites=05126210&parameterCd=00065&format=json&period=P7D","https://waterservices.usgs.gov/nwis/iv/?sites=05126210&parameterCd=00060&format=json","https://waterdata.usgs.gov/combined-location-graph/#locationId=USGS-05126210&parameterCode=00065","USGS",4.52,457,"",1781721849000,"South Kawishiwi R Abv White Iron Lake Nr Ely, ,MN","MN, USA",0,-1,,,,
20955,"US05129115","https://waterdata.usgs.gov/monitoring-location/USGS-05129115","https://waterservices.usgs.gov/nwis/iv/?sites=05129115&parameterCd=00065&format=json&period=P7D","https://waterservices.usgs.gov/nwis/iv/?sites=05129115&parameterCd=00060&format=json","https://waterdata.usgs.gov/combined-location-graph/#locationId=USGS-05129115&parameterCode=00065","USGS",6.55,405,"",1781721788000,"Vermilion River Nr Crane Lake, ,MN","MN, USA",0,-1,,,,
20981,"US05275000","https://waterdata.usgs.gov/monitoring-location/USGS-05275000","https://waterservices.usgs.gov/nwis/iv/?sites=05275000&parameterCd=00065&format=json&period=P7D","https://waterservices.usgs.gov/nwis/iv/?sites=05275000&parameterCd=00060&format=json","https://waterdata.usgs.gov/combined-location-graph/#locationId=USGS-05275000&parameterCode=00065","USGS",0.94,152,"",1781723648000,"Elk River Near Big Lake, ,MN","MN, USA",0,-1,,,,
21054,"US05365550","https://waterdata.usgs.gov/monitoring-location/USGS-05365550","https://waterservices.usgs.gov/nwis/iv/?sites=05365550&parameterCd=00065&format=json&period=P7D","https://waterservices.usgs.gov/nwis/iv/?sites=05365550&parameterCd=00060&format=json","https://waterdata.usgs.gov/combined-location-graph/#locationId=USGS-05365550&parameterCode=00065","USGS",4.88,2480,"",1781723505000,"Chippewa River Below Dells Dam At Eau Claire, ,WI","WI, USA",0,-1,,,,
21094,"US05391000","https://waterdata.usgs.gov/monitoring-location/USGS-05391000","https://waterservices.usgs.gov/nwis/iv/?sites=05391000&parameterCd=00065&format=json&period=P7D","https://waterservices.usgs.gov/nwis/iv/?sites=05391000&parameterCd=00060&format=json","https://waterdata.usgs.gov/combined-location-graph/#locationId=USGS-05391000&parameterCode=00065","USGS",1.94,608,"",1781723493000,"Wisconsin River @ Rainbow Lake Nr Lake Tomahawk,Wi","WI, USA",0,-1,,,,
21159,"US05425912","https://waterdata.usgs.gov/monitoring-location/USGS-05425912","https://waterservices.usgs.gov/nwis/iv/?sites=05425912&parameterCd=00065&format=json&period=P7D","https://waterservices.usgs.gov/nwis/iv/?sites=05425912&parameterCd=00060&format=json","https://waterdata.usgs.gov/combined-location-graph/#locationId=USGS-05425912&parameterCode=00065","USGS",839.71,93.6,"",1781723422000,"Beaverdam River At Beaver Dam, ,WI","WI, USA",0,-1,,,,
21228,"US05453520","https://waterdata.usgs.gov/monitoring-location/USGS-05453520","https://waterservices.usgs.gov/nwis/iv/?sites=05453520&parameterCd=00065&format=json&period=P7D","https://waterservices.usgs.gov/nwis/iv/?sites=05453520&parameterCd=00060&format=json","https://waterdata.usgs.gov/combined-location-graph/#locationId=USGS-05453520&parameterCode=00065","USGS",53.33,5770,"",1781723057000,"Iowa River below Coralville Dam nr Coralville, IA","IA, USA",0,-1,,,,
21401,"US05535000","https://waterdata.usgs.gov/monitoring-location/USGS-05535000","https://waterservices.usgs.gov/nwis/iv/?sites=05535000&parameterCd=00065&format=json&period=P7D","https://waterservices.usgs.gov/nwis/iv/?sites=05535000&parameterCd=00060&format=json","https://waterdata.usgs.gov/combined-location-graph/#locationId=USGS-05535000&parameterCode=00065","USGS",2.35,17.2,"",1781722946000,"Skokie River At Lake Forest, ,IL","IL, USA",0,-1,,,,
21464,"US05548105","https://waterdata.usgs.gov/monitoring-location/USGS-05548105","https://waterservices.usgs.gov/nwis/iv/?sites=05548105&parameterCd=00065&format=json&period=P7D","https://waterservices.usgs.gov/nwis/iv/?sites=05548105&parameterCd=00060&format=json","https://waterdata.usgs.gov/combined-location-graph/#locationId=USGS-05548105&parameterCode=00065","USGS",5.33,88.2,"",1781722880000,"Nippersink Creek Above Wonder Lake, ,IL","IL, USA",0,-1,,,,
21515,"US05579500","https://waterdata.usgs.gov/monitoring-location/USGS-05579500","https://waterservices.usgs.gov/nwis/iv/?sites=05579500&parameterCd=00065&format=json&period=P7D","https://waterservices.usgs.gov/nwis/iv/?sites=05579500&parameterCd=00060&format=json","https://waterdata.usgs.gov/combined-location-graph/#locationId=USGS-05579500&parameterCode=00065","USGS",5.62,196,"",1781721863000,"Lake Fork Near Cornland, ,IL","IL, USA",0,-1,,,,
21536,"US05590800","https://waterdata.usgs.gov/monitoring-location/USGS-05590800","https://waterservices.usgs.gov/nwis/iv/?sites=05590800&parameterCd=00065&format=json&period=P7D","https://waterservices.usgs.gov/nwis/iv/?sites=05590800&parameterCd=00060&format=json","https://waterdata.usgs.gov/combined-location-graph/#locationId=USGS-05590800&parameterCode=00065","USGS",5.27,213,"",1781720599000,"Lake Fork At Atwood, ,IL","IL, USA",0,-1,,,,
21570,"US06012500","https://waterdata.usgs.gov/monitoring-location/USGS-06012500","https://waterservices.usgs.gov/nwis/iv/?sites=06012500&parameterCd=00065&format=json&period=P7D","https://waterservices.usgs.gov/nwis/iv/?sites=06012500&parameterCd=00060&format=json","https://waterdata.usgs.gov/combined-location-graph/#locationId=USGS-06012500&parameterCode=00065","USGS",3.2,476,"",1781721676000,"Red Rock R bl Lima Reservoir nr Monida MT","MT, USA",0,-1,,,,
21574,"US06019500","https://waterdata.usgs.gov/monitoring-location/USGS-06019500","https://waterservices.usgs.gov/nwis/iv/?sites=06019500&parameterCd=00065&format=json&period=P7D","https://waterservices.usgs.gov/nwis/iv/?sites=06019500&parameterCd=00060&format=json","https://waterdata.usgs.gov/combined-location-graph/#locationId=USGS-06019500&parameterCode=00065","USGS",2.99,121,"",1781722274000,"Ruby River above reservoir near Alder, MT","MT, USA",0,-1,,,,
21575,"US06020600","https://waterdata.usgs.gov/monitoring-location/USGS-06020600","https://waterservices.usgs.gov/nwis/iv/?sites=06020600&parameterCd=00065&format=json&period=P7D","https://waterservices.usgs.gov/nwis/iv/?sites=06020600&parameterCd=00060&format=json","https://waterdata.usgs.gov/combined-location-graph/#locationId=USGS-06020600&parameterCode=00065","USGS",3.48,296,"",1781722277000,"Ruby River below reservoir near Alder, MT","MT, USA",0,-1,,,,
21581,"US06024450","https://waterdata.usgs.gov/monitoring-location/USGS-06024450","https://waterservices.usgs.gov/nwis/iv/?sites=06024450&parameterCd=00065&format=json&period=P7D","https://waterservices.usgs.gov/nwis/iv/?sites=06024450&parameterCd=00060&format=json","https://waterdata.usgs.gov/combined-location-graph/#locationId=USGS-06024450&parameterCode=00065","USGS",1.96,23.4,"",1781722699000,"Big Hole River bl Big Lake Cr at Wisdom MT","MT, USA",0,-1,,,,
21598,"US06038500","https://waterdata.usgs.gov/monitoring-location/USGS-06038500","https://waterservices.usgs.gov/nwis/iv/?sites=06038500&parameterCd=00065&format=json&period=P7D","https://waterservices.usgs.gov/nwis/iv/?sites=06038500&parameterCd=00060&format=json","https://waterdata.usgs.gov/combined-location-graph/#locationId=USGS-06038500&parameterCode=00065","USGS",1.62,769,"",1781722399000,"Madison River bl Hebgen Lake nr Grayling MT","MT, USA",0,-1,,,,
21602,"US06041000","https://waterdata.usgs.gov/monitoring-location/USGS-06041000","https://waterservices.usgs.gov/nwis/iv/?sites=06041000&parameterCd=00065&format=json&period=P7D","https://waterservices.usgs.gov/nwis/iv/?sites=06041000&parameterCd=00060&format=json","https://waterdata.usgs.gov/combined-location-graph/#locationId=USGS-06041000&parameterCode=00065","USGS",3.98,1370,"",1781721256000,"Madison River bl Ennis Lake nr McAllister MT","MT, USA",0,-1,,,,
21612,"US06065500","https://waterdata.usgs.gov/monitoring-location/USGS-06065500","https://waterservices.usgs.gov/nwis/iv/?sites=06065500&parameterCd=00065&format=json&period=P7D","https://waterservices.usgs.gov/nwis/iv/?sites=06065500&parameterCd=00060&format=json","https://waterdata.usgs.gov/combined-location-graph/#locationId=USGS-06065500&parameterCode=00065","USGS",3.28,3200,"",1781720177000,"Missouri River bl Hauser Dam near Helena MT","MT, USA",1,-1,,,,
21613,"US06066500","https://waterdata.usgs.gov/monitoring-location/USGS-06066500","https://waterservices.usgs.gov/nwis/iv/?sites=06066500&parameterCd=00065&format=json&period=P7D","https://waterservices.usgs.gov/nwis/iv/?sites=06066500&parameterCd=00060&format=json","https://waterdata.usgs.gov/combined-location-graph/#locationId=USGS-06066500&parameterCode=00065","USGS",2.39,3250,"",1781722333000,"Missouri River bl Holter Dam nr Wolf Cr MT","MT, USA",0,-1,,,,
21623,"US06080900","https://waterdata.usgs.gov/monitoring-location/USGS-06080900","https://waterservices.usgs.gov/nwis/iv/?sites=06080900&parameterCd=00065&format=json&period=P7D","https://waterservices.usgs.gov/nwis/iv/?sites=06080900&parameterCd=00060&format=json","https://waterdata.usgs.gov/combined-location-graph/#locationId=USGS-06080900&parameterCode=00065","USGS",4.36,310,"",1781722869000,"Sun River bl Diversion Dam nr Augusta MT","MT, USA",0,-1,,,,
21711,"US06224000","https://waterdata.usgs.gov/monitoring-location/USGS-06224000","https://waterservices.usgs.gov/nwis/iv/?sites=06224000&parameterCd=00065&format=json&period=P7D","https://waterservices.usgs.gov/nwis/iv/?sites=06224000&parameterCd=00060&format=json","https://waterdata.usgs.gov/combined-location-graph/#locationId=USGS-06224000&parameterCode=00065","USGS",4.28,865,"",1781721011000,"Bull Lake Creek Above Bull Lake, ,WY","WY, USA",0,-1,,,,
21716,"US06236100","https://waterdata.usgs.gov/monitoring-location/USGS-06236100","https://waterservices.usgs.gov/nwis/iv/?sites=06236100&parameterCd=00065&format=json&period=P7D","https://waterservices.usgs.gov/nwis/iv/?sites=06236100&parameterCd=00060&format=json","https://waterdata.usgs.gov/combined-location-graph/#locationId=USGS-06236100&parameterCode=00065","USGS",2.88,849,"",1781720595000,"Wind River Ab Boysen Reservoir, Nr Shoshoni, ,WY","WY, USA",0,-1,,,,
21729,"US06287000","https://waterdata.usgs.gov/monitoring-location/USGS-06287000","https://waterservices.usgs.gov/nwis/iv/?sites=06287000&parameterCd=00065&format=json&period=P7D","https://waterservices.usgs.gov/nwis/iv/?sites=06287000&parameterCd=00060&format=json","https://waterdata.usgs.gov/combined-location-graph/#locationId=USGS-06287000&parameterCode=00065","USGS",59.46,1550,"",1781720418000,"Bighorn R bl Yellowtail Afterbay Dam nr St. Xavier","MT, USA",0,-1,,,,
21744,"US06307500","https://waterdata.usgs.gov/monitoring-location/USGS-06307500","https://waterservices.usgs.gov/nwis/iv/?sites=06307500&parameterCd=00065&format=json&period=P7D","https://waterservices.usgs.gov/nwis/iv/?sites=06307500&parameterCd=00060&format=json","https://waterdata.usgs.gov/combined-location-graph/#locationId=USGS-06307500&parameterCode=00065","USGS",11.05,242,"",1781721435000,"Tongue River at Tongue R Dam nr Decker MT","MT, USA",0,-1,,,,
21789,"US06345780","https://waterdata.usgs.gov/monitoring-location/USGS-06345780","https://waterservices.usgs.gov/nwis/iv/?sites=06345780&parameterCd=00065&format=json&period=P7D","https://waterservices.usgs.gov/nwis/iv/?sites=06345780&parameterCd=00060&format=json","https://waterdata.usgs.gov/combined-location-graph/#locationId=USGS-06345780&parameterCode=00065","USGS",,15.9,"",1781723721000,"Heart River Ab Lake Tschida Near Glen Ullin, ,ND","ND, USA",0,-1,,,,
21821,"US06401500","https://waterdata.usgs.gov/monitoring-location/USGS-06401500","https://waterservices.usgs.gov/nwis/iv/?sites=06401500&parameterCd=00065&format=json&period=P7D","https://waterservices.usgs.gov/nwis/iv/?sites=06401500&parameterCd=00060&format=json","https://waterdata.usgs.gov/combined-location-graph/#locationId=USGS-06401500&parameterCode=00065","USGS",2.85,0.59,"",1781720601000,"Cheyenne River Below Angostura Dam, ,SD","SD, USA",0,-1,,,,
21839,"US06410000","https://waterdata.usgs.gov/monitoring-location/USGS-06410000","https://waterservices.usgs.gov/nwis/iv/?sites=06410000&parameterCd=00065&format=json&period=P7D","https://waterservices.usgs.gov/nwis/iv/?sites=06410000&parameterCd=00060&format=json","https://waterdata.usgs.gov/combined-location-graph/#locationId=USGS-06410000&parameterCode=00065","USGS",3.49,8.69,"",1781722947000,"Castle Creek Below Deerfield Dam, ,SD","SD, USA",0,-1,,,,
21841,"US06411500","https://waterdata.usgs.gov/monitoring-location/USGS-06411500","https://waterservices.usgs.gov/nwis/iv/?sites=06411500&parameterCd=00065&format=json&period=P7D","https://waterservices.usgs.gov/nwis/iv/?sites=06411500&parameterCd=00060&format=json","https://waterdata.usgs.gov/combined-location-graph/#locationId=USGS-06411500&parameterCode=00065","USGS",7.54,44.8,"",1781721022000,"Rapid Creek Below Pactola Dam, ,SD","SD, USA",0,-1,,,,
21847,"US06412500","https://waterdata.usgs.gov/monitoring-location/USGS-06412500","https://waterservices.usgs.gov/nwis/iv/?sites=06412500&parameterCd=00065&format=json&period=P7D","https://waterservices.usgs.gov/nwis/iv/?sites=06412500&parameterCd=00060&format=json","https://waterdata.usgs.gov/combined-location-graph/#locationId=USGS-06412500&parameterCode=00065","USGS",2.14,40.3,"",1781721016000,"Rapid Creek Above Canyon Lake Near Rapid City, ,SD","SD, USA",0,-1,,,,
21873,"US06434505","https://waterdata.usgs.gov/monitoring-location/USGS-06434505","https://waterservices.usgs.gov/nwis/iv/?sites=06434505&parameterCd=00065&format=json&period=P7D","https://waterservices.usgs.gov/nwis/iv/?sites=06434505&parameterCd=00060&format=json","https://waterdata.usgs.gov/combined-location-graph/#locationId=USGS-06434505&parameterCode=00065","USGS",4.78,115,"",1781720603000,"Inlet Canal Above Belle Fourche Reservoir, ,SD","SD, USA",0,-1,,,,
21903,"US06449000","https://waterdata.usgs.gov/monitoring-location/USGS-06449000","https://waterservices.usgs.gov/nwis/iv/?sites=06449000&parameterCd=00065&format=json&period=P7D","https://waterservices.usgs.gov/nwis/iv/?sites=06449000&parameterCd=00060&format=json","https://waterdata.usgs.gov/combined-location-graph/#locationId=USGS-06449000&parameterCode=00065","USGS",3.31,28.5,"",1781723724000,"Lake Creek Below Refuge Near Tuthill, ,SD","SD, USA",0,-1,,,,
21928,"US06468250","https://waterdata.usgs.gov/monitoring-location/USGS-06468250","https://waterservices.usgs.gov/nwis/iv/?sites=06468250&parameterCd=00065&format=json&period=P7D","https://waterservices.usgs.gov/nwis/iv/?sites=06468250&parameterCd=00060&format=json","https://waterdata.usgs.gov/combined-location-graph/#locationId=USGS-06468250&parameterCode=00065","USGS",1.36,20.9,"",1781720960000,"James River Above Arrowwood Lake Nr Kensal, ,ND","ND, USA",0,-1,,,,
22042,"US06630000","https://waterdata.usgs.gov/monitoring-location/USGS-06630000","https://waterservices.usgs.gov/nwis/iv/?sites=06630000&parameterCd=00065&format=json&period=P7D","https://waterservices.usgs.gov/nwis/iv/?sites=06630000&parameterCd=00060&format=json","https://waterdata.usgs.gov/combined-location-graph/#locationId=USGS-06630000&parameterCode=00065","USGS",3.55,529,"",1781722215000,"N Platte Riv Ab Seminoe Reservoir, Nr Sinclair, ,WY","WY, USA",0,-1,,,,
22047,"US06635000","https://waterdata.usgs.gov/monitoring-location/USGS-06635000","https://waterservices.usgs.gov/nwis/iv/?sites=06635000&parameterCd=00065&format=json&period=P7D","https://waterservices.usgs.gov/nwis/iv/?sites=06635000&parameterCd=00060&format=json","https://waterdata.usgs.gov/combined-location-graph/#locationId=USGS-06635000&parameterCode=00065","USGS",1.83,5.13,"",1781722216000,"Medicine Bow R Ab Seminoe Reservoir, Nr Hanna, ,WY","WY, USA",0,-1,,,,
22052,"US06657000","https://waterdata.usgs.gov/monitoring-location/USGS-06657000","https://waterservices.usgs.gov/nwis/iv/?sites=06657000&parameterCd=00065&format=json&period=P7D","https://waterservices.usgs.gov/nwis/iv/?sites=06657000&parameterCd=00060&format=json","https://waterdata.usgs.gov/combined-location-graph/#locationId=USGS-06657000&parameterCode=00065","USGS",6.02,904,"",1781723715000,"North Platte River Below Whalen Diversion Dam, ,WY","WY, USA",0,-1,,,,
22059,"US06700000","https://waterdata.usgs.gov/monitoring-location/USGS-06700000","https://waterservices.usgs.gov/nwis/iv/?sites=06700000&parameterCd=00065&format=json&period=P7D","https://waterservices.usgs.gov/nwis/iv/?sites=06700000&parameterCd=00060&format=json","https://waterdata.usgs.gov/combined-location-graph/#locationId=USGS-06700000&parameterCode=00065","USGS",5.14,132,"",1781722954000,"South Platte River Above Cheesman Lake, Co.","CO, USA",0,-1,,,,
22073,"US06710605","https://waterdata.usgs.gov/monitoring-location/USGS-06710605","https://waterservices.usgs.gov/nwis/iv/?sites=06710605&parameterCd=00065&format=json&period=P7D","https://waterservices.usgs.gov/nwis/iv/?sites=06710605&parameterCd=00060&format=json","https://waterdata.usgs.gov/combined-location-graph/#locationId=USGS-06710605&parameterCode=00065","USGS",3.61,2.38,"",1781722402000,"Bear Creek Above Bear Creek Lake Near Morrison, ,CO","CO, USA",0,-1,,,,
22074,"US06711040","https://waterdata.usgs.gov/monitoring-location/USGS-06711040","https://waterservices.usgs.gov/nwis/iv/?sites=06711040&parameterCd=00065&format=json&period=P7D","https://waterservices.usgs.gov/nwis/iv/?sites=06711040&parameterCd=00060&format=json","https://waterdata.usgs.gov/combined-location-graph/#locationId=USGS-06711040&parameterCode=00065","USGS",1.98,0.19,"",1781720908000,"Turkey Creek Above Bear Creek Lake Near Morrison C","CO, USA",0,-1,,,,
22084,"US06713000","https://waterdata.usgs.gov/monitoring-location/USGS-06713000","https://waterservices.usgs.gov/nwis/iv/?sites=06713000&parameterCd=00065&format=json&period=P7D","https://waterservices.usgs.gov/nwis/iv/?sites=06713000&parameterCd=00060&format=json","https://waterdata.usgs.gov/combined-location-graph/#locationId=USGS-06713000&parameterCode=00065","USGS",4.26,5.88,"",1781720673000,"Cherry Creek Below Cherry Creek Lake, ,CO","CO, USA",0,-1,,,,
22112,"US06746110","https://waterdata.usgs.gov/monitoring-location/USGS-06746110","https://waterservices.usgs.gov/nwis/iv/?sites=06746110&parameterCd=00065&format=json&period=P7D","https://waterservices.usgs.gov/nwis/iv/?sites=06746110&parameterCd=00060&format=json","https://waterdata.usgs.gov/combined-location-graph/#locationId=USGS-06746110&parameterCode=00065","USGS",1.23,14.2,"",1781720368000,"Joe Wright Creek Below Joe Wright Reservoir, ,CO","CO, USA",0,-1,,,,
22236,"US06847900","https://waterdata.usgs.gov/monitoring-location/USGS-06847900","https://waterservices.usgs.gov/nwis/iv/?sites=06847900&parameterCd=00065&format=json&period=P7D","https://waterservices.usgs.gov/nwis/iv/?sites=06847900&parameterCd=00060&format=json","https://waterdata.usgs.gov/combined-location-graph/#locationId=USGS-06847900&parameterCode=00065","USGS",3.28,0.22,"",1781722951000,"Prairie Dog C Ab Keith Sebelius Lake, ,KS","KS, USA",0,-1,,,,
22264,"US06868200","https://waterdata.usgs.gov/monitoring-location/USGS-06868200","https://waterservices.usgs.gov/nwis/iv/?sites=06868200&parameterCd=00065&format=json&period=P7D","https://waterservices.usgs.gov/nwis/iv/?sites=06868200&parameterCd=00060&format=json","https://waterdata.usgs.gov/combined-location-graph/#locationId=USGS-06868200&parameterCode=00065","USGS",2.75,13.4,"",1781722223000,"Saline R At Wilson Dam, ,KS","KS, USA",0,-1,,,,
22335,"US06892518","https://waterdata.usgs.gov/monitoring-location/USGS-06892518","https://waterservices.usgs.gov/nwis/iv/?sites=06892518&parameterCd=00065&format=json&period=P7D","https://waterservices.usgs.gov/nwis/iv/?sites=06892518&parameterCd=00060&format=json","https://waterdata.usgs.gov/combined-location-graph/#locationId=USGS-06892518&parameterCode=00065","USGS",12.78,19000,"",1781722882000,"Kansas R Nr Lake Quivira, ,KS","KS, USA",0,-1,,,,
22361,"US06894000","https://waterdata.usgs.gov/monitoring-location/USGS-06894000","https://waterservices.usgs.gov/nwis/iv/?sites=06894000&parameterCd=00065&format=json&period=P7D","https://waterservices.usgs.gov/nwis/iv/?sites=06894000&parameterCd=00060&format=json","https://waterdata.usgs.gov/combined-location-graph/#locationId=USGS-06894000&parameterCode=00065","USGS",4.84,82.5,"",1781722155000,"Little Blue River near Lake City, MO","MO, USA",0,-1,,,,
22445,"US06923940","https://waterdata.usgs.gov/monitoring-location/USGS-06923940","https://waterservices.usgs.gov/nwis/iv/?sites=06923940&parameterCd=00065&format=json&period=P7D","https://waterservices.usgs.gov/nwis/iv/?sites=06923940&parameterCd=00060&format=json","https://waterdata.usgs.gov/combined-location-graph/#locationId=USGS-06923940&parameterCode=00065","USGS",6.75,1620,"",1781723412000,"Niangua River ab Lake Niangua nr Macks Creek, MO","MO, USA",0,-1,,,,
22446,"US06923950","https://waterdata.usgs.gov/monitoring-location/USGS-06923950","https://waterservices.usgs.gov/nwis/iv/?sites=06923950&parameterCd=00065&format=json&period=P7D","https://waterservices.usgs.gov/nwis/iv/?sites=06923950&parameterCd=00060&format=json","https://waterdata.usgs.gov/combined-location-graph/#locationId=USGS-06923950&parameterCode=00065","USGS",3.76,1510,"",1781723533000,"Niangua River at Tunnel Dam near Macks Creek, MO","MO, USA",0,-1,,,,
22475,"US06936530","https://waterdata.usgs.gov/monitoring-location/USGS-06936530","https://waterservices.usgs.gov/nwis/iv/?sites=06936530&parameterCd=00065&format=json&period=P7D","https://waterservices.usgs.gov/nwis/iv/?sites=06936530&parameterCd=00060&format=json","https://waterdata.usgs.gov/combined-location-graph/#locationId=USGS-06936530&parameterCode=00065","USGS",1.35,0.14,"",1781721194000,"Spanish Lake Trib. nr Black Jack, MO","MO, USA",0,-1,,,,
22613,"US07061290","https://waterdata.usgs.gov/monitoring-location/USGS-07061290","https://waterservices.usgs.gov/nwis/iv/?sites=07061290&parameterCd=00065&format=json&period=P7D","https://waterservices.usgs.gov/nwis/iv/?sites=07061290&parameterCd=00060&format=json","https://waterdata.usgs.gov/combined-location-graph/#locationId=USGS-07061290&parameterCode=00065","USGS",3.25,11.5,"",1781720237000,"E. Fk. Black R. bl Lower Taum Sauk Reservoir","MO, USA",0,-1,,,,
22689,"US07103797","https://waterdata.usgs.gov/monitoring-location/USGS-07103797","https://waterservices.usgs.gov/nwis/iv/?sites=07103797&parameterCd=00065&format=json&period=P7D","https://waterservices.usgs.gov/nwis/iv/?sites=07103797&parameterCd=00060&format=json","https://waterdata.usgs.gov/combined-location-graph/#locationId=USGS-07103797&parameterCode=00065","USGS",4.52,3.96,"",1781721449000,"West Monument Creek Below Rampart Reservoir, ,CO","CO, USA",0,-1,,,,
22720,"US07124410","https://waterdata.usgs.gov/monitoring-location/USGS-07124410","https://waterservices.usgs.gov/nwis/iv/?sites=07124410&parameterCd=00065&format=json&period=P7D","https://waterservices.usgs.gov/nwis/iv/?sites=07124410&parameterCd=00060&format=json","https://waterdata.usgs.gov/combined-location-graph/#locationId=USGS-07124410&parameterCode=00065","USGS",4.88,40.9,"",1781721680000,"Purgatoire River Below Trinidad Lake, Co.","CO, USA",0,-1,,,,
22729,"US07130500","https://waterdata.usgs.gov/monitoring-location/USGS-07130500","https://waterservices.usgs.gov/nwis/iv/?sites=07130500&parameterCd=00065&format=json&period=P7D","https://waterservices.usgs.gov/nwis/iv/?sites=07130500&parameterCd=00060&format=json","https://waterdata.usgs.gov/combined-location-graph/#locationId=USGS-07130500&parameterCode=00065","USGS",1.36,54.8,"",1781723429000,"Arkansas River Below John Martin Reservoir, Co.","CO, USA",0,-1,,,,
22929,"US07206000","https://waterdata.usgs.gov/monitoring-location/USGS-07206000","https://waterservices.usgs.gov/nwis/iv/?sites=07206000&parameterCd=00065&format=json&period=P7D","https://waterservices.usgs.gov/nwis/iv/?sites=07206000&parameterCd=00060&format=json","https://waterdata.usgs.gov/combined-location-graph/#locationId=USGS-07206000&parameterCode=00065","USGS",0.95,30.8,"",1781723063000,"Cimarron River Below Eagle Nest Dam, ,NM","NM, USA",0,-1,,,,
22973,"US07240000","https://waterdata.usgs.gov/nwis/nwisman/?site_no=07240000","https://waterservices.usgs.gov/nwis/iv/?sites=07240000&parameterCd=00065&format=json&period=P7D","https://waterservices.usgs.gov/nwis/iv/?sites=07240000&parameterCd=00060&format=json","https://waterdata.usgs.gov/nwisweb/graph?agency_cd=USGS&site_no=07240000&parm_cd=00065&period=7","USGS",5.78,25.7,"",1760326200000,"Lake Hefner Canal near Oklahoma City, OK","OK, USA",4320,-1,,,,
22997,"US07250085","https://waterdata.usgs.gov/nwis/nwisman/?site_no=07250085","https://waterservices.usgs.gov/nwis/iv/?sites=07250085&parameterCd=00065&format=json&period=P7D","https://waterservices.usgs.gov/nwis/iv/?sites=07250085&parameterCd=00060&format=json","https://waterdata.usgs.gov/nwisweb/graph?agency_cd=USGS&site_no=07250085&parm_cd=00065&period=7","USGS",19.26,0,"",1760327100000,"Lee Creek at Lee Creek Reservoir near Van Buren,AR","AR, USA",4320,-1,,,,
23034,"US07263450","https://waterdata.usgs.gov/monitoring-location/USGS-07263450","https://waterservices.usgs.gov/nwis/iv/?sites=07263450&parameterCd=00065&format=json&period=P7D","https://waterservices.usgs.gov/nwis/iv/?sites=07263450&parameterCd=00060&format=json","https://waterdata.usgs.gov/combined-location-graph/#locationId=USGS-07263450&parameterCode=00065","USGS",248.83,76400,"",1781720848000,"Arkansas River at Murray Dam near Little Rock, AR","AR, USA",0,-1,,,,
23045,"US072638805","https://waterdata.usgs.gov/monitoring-location/USGS-072638805","https://waterservices.usgs.gov/nwis/iv/?sites=072638805&parameterCd=00065&format=json&period=P7D","https://waterservices.usgs.gov/nwis/iv/?sites=072638805&parameterCd=00060&format=json","https://waterdata.usgs.gov/combined-location-graph/#locationId=USGS-072638805&parameterCode=00065","USGS",176.28,6.04,"",1781721213000,"Fish Lake Ditch near Altheimer, AR","AR, USA",0,-1,,,,
23108,"US07303000","https://waterdata.usgs.gov/monitoring-location/USGS-07303000","https://waterservices.usgs.gov/nwis/iv/?sites=07303000&parameterCd=00065&format=json&period=P7D","https://waterservices.usgs.gov/nwis/iv/?sites=07303000&parameterCd=00060&format=json","https://waterdata.usgs.gov/combined-location-graph/#locationId=USGS-07303000&parameterCode=00065","USGS",5,0.07,"",1781722449000,"North Fork Red River blw Altus Dam nr Lugert, OK","OK, USA",0,-1,,,,
23150,"US07325840","https://waterdata.usgs.gov/monitoring-location/USGS-07325840","https://waterservices.usgs.gov/nwis/iv/?sites=07325840&parameterCd=00065&format=json&period=P7D","https://waterservices.usgs.gov/nwis/iv/?sites=07325840&parameterCd=00060&format=json","https://waterdata.usgs.gov/combined-location-graph/#locationId=USGS-07325840&parameterCode=00065","USGS",3.74,0.29,"",1781722568000,"Lake Creek near Sickles, OK","OK, USA",0,-1,,,,
23151,"US07325850","https://waterdata.usgs.gov/monitoring-location/USGS-07325850","https://waterservices.usgs.gov/nwis/iv/?sites=07325850&parameterCd=00065&format=json&period=P7D","https://waterservices.usgs.gov/nwis/iv/?sites=07325850&parameterCd=00060&format=json","https://waterdata.usgs.gov/combined-location-graph/#locationId=USGS-07325850&parameterCode=00065","USGS",4.12,1.44,"",1781723648000,"Lake Creek near Eakly, OK","OK, USA",0,-1,,,,
23265,"US07351750","https://waterdata.usgs.gov/monitoring-location/USGS-07351750","https://waterservices.usgs.gov/nwis/iv/?sites=07351750&parameterCd=00065&format=json&period=P7D","https://waterservices.usgs.gov/nwis/iv/?sites=07351750&parameterCd=00060&format=json","https://waterdata.usgs.gov/combined-location-graph/#locationId=USGS-07351750&parameterCode=00065","USGS",7.84,790,"",1781721797000,"Bayou Pierre near Lake End, LA","LA, USA",0,-1,,,,
23283,"US07359002","https://waterdata.usgs.gov/monitoring-location/USGS-07359002","https://waterservices.usgs.gov/nwis/iv/?sites=07359002&parameterCd=00065&format=json&period=P7D","https://waterservices.usgs.gov/nwis/iv/?sites=07359002&parameterCd=00060&format=json","https://waterdata.usgs.gov/combined-location-graph/#locationId=USGS-07359002&parameterCode=00065","USGS",2.58,263,"",1781721077000,"Ouachita River at Remmel Dam above Jones Mill, AR","AR, USA",0,-1,,,,
23318,"US07369000","https://waterdata.usgs.gov/monitoring-location/USGS-07369000","https://waterservices.usgs.gov/nwis/iv/?sites=07369000&parameterCd=00065&format=json&period=P7D","https://waterservices.usgs.gov/nwis/iv/?sites=07369000&parameterCd=00060&format=json","https://waterdata.usgs.gov/combined-location-graph/#locationId=USGS-07369000&parameterCode=00065","USGS",1.98,240,"",1781722991000,"Bayou Lafourche near Crew Lake, LA","LA, USA",0,-1,,,,
23448,"US07381590","https://waterdata.usgs.gov/monitoring-location/USGS-07381590","https://waterservices.usgs.gov/nwis/iv/?sites=07381590&parameterCd=00065&format=json&period=P7D","https://waterservices.usgs.gov/nwis/iv/?sites=07381590&parameterCd=00060&format=json","https://waterdata.usgs.gov/combined-location-graph/#locationId=USGS-07381590&parameterCode=00065","USGS",4.66,114000,"",1781723053000,"Wax Lake Outlet at Calumet, LA","LA, USA",0,-1,,,,
23489,"US08019000","https://waterdata.usgs.gov/monitoring-location/USGS-08019000","https://waterservices.usgs.gov/nwis/iv/?sites=08019000&parameterCd=00065&format=json&period=P7D","https://waterservices.usgs.gov/nwis/iv/?sites=08019000&parameterCd=00060&format=json","https://waterdata.usgs.gov/combined-location-graph/#locationId=USGS-08019000&parameterCode=00065","USGS",3.64,18.1,"",1781720360000,"Lake Fk Ck nr Quitman, TX","TX, USA",0,-1,,,,
23540,"US08041700","https://waterdata.usgs.gov/monitoring-location/USGS-08041700","https://waterservices.usgs.gov/nwis/iv/?sites=08041700&parameterCd=00065&format=json&period=P7D","https://waterservices.usgs.gov/nwis/iv/?sites=08041700&parameterCd=00060&format=json","https://waterdata.usgs.gov/combined-location-graph/#locationId=USGS-08041700&parameterCode=00065","USGS",25.37,1720,"",1781722704000,"Pine Island Bayou nr Sour Lake, TX","TX, USA",0,-1,,,,
23636,"US08067690","https://waterdata.usgs.gov/monitoring-location/USGS-08067690","https://waterservices.usgs.gov/nwis/iv/?sites=08067690&parameterCd=00065&format=json&period=P7D","https://waterservices.usgs.gov/nwis/iv/?sites=08067690&parameterCd=00060&format=json","https://waterdata.usgs.gov/combined-location-graph/#locationId=USGS-08067690&parameterCode=00065","USGS",203.67,260,"",1781720300000,"Lake Ck nr Dobbin, TX","TX, USA",0,-1,,,,
23637,"US08067920","https://waterdata.usgs.gov/monitoring-location/USGS-08067920","https://waterservices.usgs.gov/nwis/iv/?sites=08067920&parameterCd=00065&format=json&period=P7D","https://waterservices.usgs.gov/nwis/iv/?sites=08067920&parameterCd=00060&format=json","https://waterdata.usgs.gov/combined-location-graph/#locationId=USGS-08067920&parameterCode=00065","USGS",128.06,655,"",1781722827000,"Lake Ck at Sendera Ranch Rd nr Conroe, TX","TX, USA",0,-1,,,,
23788,"US08105886","https://waterdata.usgs.gov/monitoring-location/USGS-08105886","https://waterservices.usgs.gov/nwis/iv/?sites=08105886&parameterCd=00065&format=json&period=P7D","https://waterservices.usgs.gov/nwis/iv/?sites=08105886&parameterCd=00060&format=json","https://waterdata.usgs.gov/combined-location-graph/#locationId=USGS-08105886&parameterCode=00065","USGS",2.55,1.61,"",1781723363000,"Lake Ck at Lake Ck Pkwy nr Austin, TX","TX, USA",0,-1,,,,
24068,"US08252500","https://waterdata.usgs.gov/monitoring-location/USGS-08252500","https://waterservices.usgs.gov/nwis/iv/?sites=08252500&parameterCd=00065&format=json&period=P7D","https://waterservices.usgs.gov/nwis/iv/?sites=08252500&parameterCd=00060&format=json","https://waterdata.usgs.gov/combined-location-graph/#locationId=USGS-08252500&parameterCode=00065","USGS",1.59,1.2,"",1781721329000,"Costilla Creek Above Costilla Dam, ,NM","NM, USA",0,-1,,,,
24072,"US08254000","https://waterdata.usgs.gov/monitoring-location/USGS-08254000","https://waterservices.usgs.gov/nwis/iv/?sites=08254000&parameterCd=00065&format=json&period=P7D","https://waterservices.usgs.gov/nwis/iv/?sites=08254000&parameterCd=00060&format=json","https://waterdata.usgs.gov/combined-location-graph/#locationId=USGS-08254000&parameterCode=00065","USGS",1.89,36.3,"",1781720242000,"Costilla Creek Below Costilla Dam, ,NM","NM, USA",0,-1,,,,
24090,"US08285500","https://waterdata.usgs.gov/monitoring-location/USGS-08285500","https://waterservices.usgs.gov/nwis/iv/?sites=08285500&parameterCd=00065&format=json&period=P7D","https://waterservices.usgs.gov/nwis/iv/?sites=08285500&parameterCd=00060&format=json","https://waterdata.usgs.gov/combined-location-graph/#locationId=USGS-08285500&parameterCode=00065","USGS",1.94,99.8,"",1781722165000,"Rio Chama Below El Vado Dam, ,NM","NM, USA",0,-1,,,,
24091,"US08286500","https://waterdata.usgs.gov/monitoring-location/USGS-08286500","https://waterservices.usgs.gov/nwis/iv/?sites=08286500&parameterCd=00065&format=json&period=P7D","https://waterservices.usgs.gov/nwis/iv/?sites=08286500&parameterCd=00060&format=json","https://waterdata.usgs.gov/combined-location-graph/#locationId=USGS-08286500&parameterCode=00065","USGS",4.89,89,"",1781723602000,"Rio Chama Above Abiquiu Reservoir, ,NM","NM, USA",0,-1,,,,
24093,"US08287000","https://waterdata.usgs.gov/monitoring-location/USGS-08287000","https://waterservices.usgs.gov/nwis/iv/?sites=08287000&parameterCd=00065&format=json&period=P7D","https://waterservices.usgs.gov/nwis/iv/?sites=08287000&parameterCd=00060&format=json","https://waterdata.usgs.gov/combined-location-graph/#locationId=USGS-08287000&parameterCode=00065","USGS",1.97,66.6,"",1781720786000,"Rio Chama Below Abiquiu Dam, ,NM","NM, USA",0,-1,,,,
24098,"US08294210","https://waterdata.usgs.gov/monitoring-location/USGS-08294210","https://waterservices.usgs.gov/nwis/iv/?sites=08294210&parameterCd=00065&format=json&period=P7D","https://waterservices.usgs.gov/nwis/iv/?sites=08294210&parameterCd=00060&format=json","https://waterdata.usgs.gov/combined-location-graph/#locationId=USGS-08294210&parameterCode=00065","USGS",0.44,2.7,"",1781721142000,"Rio Nambe Below Nambe Falls Dam Near Nambe, ,NM","NM, USA",0,-1,,,,
24107,"US08317200","https://waterdata.usgs.gov/monitoring-location/USGS-08317200","https://waterservices.usgs.gov/nwis/iv/?sites=08317200&parameterCd=00065&format=json&period=P7D","https://waterservices.usgs.gov/nwis/iv/?sites=08317200&parameterCd=00060&format=json","https://waterdata.usgs.gov/combined-location-graph/#locationId=USGS-08317200&parameterCode=00065","USGS",0.6,1.84,"",1781720847000,"Santa Fe River Above Cochiti Lake, ,NM","NM, USA",0,-1,,,,
24109,"US08317400","https://waterdata.usgs.gov/monitoring-location/USGS-08317400","https://waterservices.usgs.gov/nwis/iv/?sites=08317400&parameterCd=00065&format=json&period=P7D","https://waterservices.usgs.gov/nwis/iv/?sites=08317400&parameterCd=00060&format=json","https://waterdata.usgs.gov/combined-location-graph/#locationId=USGS-08317400&parameterCode=00065","USGS",1.75,179,"",1781720785000,"Rio Grande Below Cochiti Dam, ,NM","NM, USA",0,-1,,,,
24110,"US08317950","https://waterdata.usgs.gov/monitoring-location/USGS-08317950","https://waterservices.usgs.gov/nwis/iv/?sites=08317950&parameterCd=00065&format=json&period=P7D","https://waterservices.usgs.gov/nwis/iv/?sites=08317950&parameterCd=00060&format=json","https://waterdata.usgs.gov/combined-location-graph/#locationId=USGS-08317950&parameterCode=00065","USGS",1.93,0,"",1781722586000,"Galisteo Creek Below Galisteo Dam, ,NM","NM, USA",0,-1,,,,
24114,"US08328950","https://waterdata.usgs.gov/monitoring-location/USGS-08328950","https://waterservices.usgs.gov/nwis/iv/?sites=08328950&parameterCd=00065&format=json&period=P7D","https://waterservices.usgs.gov/nwis/iv/?sites=08328950&parameterCd=00060&format=json","https://waterdata.usgs.gov/combined-location-graph/#locationId=USGS-08328950&parameterCode=00065","USGS",0.93,0,"",1781722641000,"Jemez River Outlet Below Jemez Canyon Dam, ,NM","NM, USA",0,-1,,,,
24143,"US08361000","https://waterdata.usgs.gov/monitoring-location/USGS-08361000","https://waterservices.usgs.gov/nwis/iv/?sites=08361000&parameterCd=00065&format=json&period=P7D","https://waterservices.usgs.gov/nwis/iv/?sites=08361000&parameterCd=00060&format=json","https://waterdata.usgs.gov/combined-location-graph/#locationId=USGS-08361000&parameterCode=00065","USGS",6.79,2590,"",1781723424000,"Rio Grande Below Elephant Butte Dam, ,NM","NM, USA",0,-1,,,,
24155,"US08382650","https://waterdata.usgs.gov/monitoring-location/USGS-08382650","https://waterservices.usgs.gov/nwis/iv/?sites=08382650&parameterCd=00065&format=json&period=P7D","https://waterservices.usgs.gov/nwis/iv/?sites=08382650&parameterCd=00060&format=json","https://waterdata.usgs.gov/combined-location-graph/#locationId=USGS-08382650&parameterCode=00065","USGS",5.3,6.27,"",1781721204000,"Pecos River Above Santa Rosa Lake, ,NM","NM, USA",0,-1,,,,
24157,"US08382830","https://waterdata.usgs.gov/monitoring-location/USGS-08382830","https://waterservices.usgs.gov/nwis/iv/?sites=08382830&parameterCd=00065&format=json&period=P7D","https://waterservices.usgs.gov/nwis/iv/?sites=08382830&parameterCd=00060&format=json","https://waterdata.usgs.gov/combined-location-graph/#locationId=USGS-08382830&parameterCode=00065","USGS",3.4,0.77,"",1781721685000,"Pecos River Below Santa Rosa Dam, ,NM","NM, USA",0,-1,,,,
24160,"US08384500","https://waterdata.usgs.gov/monitoring-location/USGS-08384500","https://waterservices.usgs.gov/nwis/iv/?sites=08384500&parameterCd=00065&format=json&period=P7D","https://waterservices.usgs.gov/nwis/iv/?sites=08384500&parameterCd=00060&format=json","https://waterdata.usgs.gov/combined-location-graph/#locationId=USGS-08384500&parameterCode=00065","USGS",1.97,96.3,"",1781722587000,"Pecos River Below Sumner Dam, ,NM","NM, USA",0,-1,,,,
24174,"US08390800","https://waterdata.usgs.gov/monitoring-location/USGS-08390800","https://waterservices.usgs.gov/nwis/iv/?sites=08390800&parameterCd=00065&format=json&period=P7D","https://waterservices.usgs.gov/nwis/iv/?sites=08390800&parameterCd=00060&format=json","https://waterdata.usgs.gov/combined-location-graph/#locationId=USGS-08390800&parameterCode=00065","USGS",0.19,0,"",1781723546000,"Rio Hondo Blw Diamond A Dam Nr Roswell, ,NM","NM, USA",0,-1,,,,
24179,"US08395500","https://waterdata.usgs.gov/monitoring-location/USGS-08395500","https://waterservices.usgs.gov/nwis/iv/?sites=08395500&parameterCd=00065&format=json&period=P7D","https://waterservices.usgs.gov/nwis/iv/?sites=08395500&parameterCd=00060&format=json","https://waterdata.usgs.gov/combined-location-graph/#locationId=USGS-08395500&parameterCode=00065","USGS",3.61,50.3,"",1781721082000,"Pecos River Near Lake Arthur, ,NM","NM, USA",0,-1,,,,
24187,"US08401500","https://waterdata.usgs.gov/monitoring-location/USGS-08401500","https://waterservices.usgs.gov/nwis/iv/?sites=08401500&parameterCd=00065&format=json&period=P7D","https://waterservices.usgs.gov/nwis/iv/?sites=08401500&parameterCd=00060&format=json","https://waterdata.usgs.gov/combined-location-graph/#locationId=USGS-08401500&parameterCode=00065","USGS",6.07,188,"",1781721326000,"Pecos River Below Brantley Dam Near Carlsbad, ,NM","NM, USA",0,-1,,,,
24192,"US08404000","https://waterdata.usgs.gov/monitoring-location/USGS-08404000","https://waterservices.usgs.gov/nwis/iv/?sites=08404000&parameterCd=00065&format=json&period=P7D","https://waterservices.usgs.gov/nwis/iv/?sites=08404000&parameterCd=00060&format=json","https://waterdata.usgs.gov/combined-location-graph/#locationId=USGS-08404000&parameterCode=00065","USGS",2.81,0,"",1781720246000,"Pecos River Below Avalon Dam, ,NM","NM, USA",0,-1,,,,
24240,"US09010500","https://waterdata.usgs.gov/monitoring-location/USGS-09010500","https://waterservices.usgs.gov/nwis/iv/?sites=09010500&parameterCd=00065&format=json&period=P7D","https://waterservices.usgs.gov/nwis/iv/?sites=09010500&parameterCd=00060&format=json","https://waterdata.usgs.gov/combined-location-graph/#locationId=USGS-09010500&parameterCode=00065","USGS",4.88,70.1,"",1781722882000,"Colorado River Below Baker Gulch Nr Grand Lake, ,CO","CO, USA",0,-1,,,,
24241,"US09014050","https://waterdata.usgs.gov/monitoring-location/USGS-09014050","https://waterservices.usgs.gov/nwis/iv/?sites=09014050&parameterCd=00065&format=json&period=P7D","https://waterservices.usgs.gov/nwis/iv/?sites=09014050&parameterCd=00060&format=json","https://waterdata.usgs.gov/combined-location-graph/#locationId=USGS-09014050&parameterCode=00065","USGS",8.47,-204,"",1781722352000,"Grand Lake Outlet Blw Chipmunk Ln At Grand Lk, ,CO","CO, USA",0,-1,,,,
24242,"US09015000","https://waterdata.usgs.gov/monitoring-location/USGS-09015000","https://waterservices.usgs.gov/nwis/iv/?sites=09015000&parameterCd=00065&format=json&period=P7D","https://waterservices.usgs.gov/nwis/iv/?sites=09015000&parameterCd=00060&format=json","https://waterdata.usgs.gov/combined-location-graph/#locationId=USGS-09015000&parameterCode=00065","USGS",1.62,51.4,"",1781721265000,"Colorado River Bl Shadow Mountain Reservoir, Co.","CO, USA",0,-1,,,,
24243,"US09019000","https://waterdata.usgs.gov/monitoring-location/USGS-09019000","https://waterservices.usgs.gov/nwis/iv/?sites=09019000&parameterCd=00065&format=json&period=P7D","https://waterservices.usgs.gov/nwis/iv/?sites=09019000&parameterCd=00060&format=json","https://waterdata.usgs.gov/combined-location-graph/#locationId=USGS-09019000&parameterCode=00065","USGS",4.02,108,"",1781720550000,"Colorado River Below Lake Granby, Co.","CO, USA",0,-1,,,,
24245,"US09021000","https://waterdata.usgs.gov/monitoring-location/USGS-09021000","https://waterservices.usgs.gov/nwis/iv/?sites=09021000&parameterCd=00065&format=json&period=P7D","https://waterservices.usgs.gov/nwis/iv/?sites=09021000&parameterCd=00060&format=json","https://waterdata.usgs.gov/combined-location-graph/#locationId=USGS-09021000&parameterCode=00065","USGS",2.45,7.4,"",1781722708000,"Willow Creek Below Willow Creek Reservoir, Co.","CO, USA",0,-1,,,,
24269,"US09038500","https://waterdata.usgs.gov/monitoring-location/USGS-09038500","https://waterservices.usgs.gov/nwis/iv/?sites=09038500&parameterCd=00065&format=json&period=P7D","https://waterservices.usgs.gov/nwis/iv/?sites=09038500&parameterCd=00060&format=json","https://waterdata.usgs.gov/combined-location-graph/#locationId=USGS-09038500&parameterCode=00065","USGS",0.89,23.6,"",1781722826000,"Williams Fork Below Williams Fork Reservoir, ,CO","CO, USA",0,-1,,,,
24283,"US09057500","https://waterdata.usgs.gov/monitoring-location/USGS-09057500","https://waterservices.usgs.gov/nwis/iv/?sites=09057500&parameterCd=00065&format=json&period=P7D","https://waterservices.usgs.gov/nwis/iv/?sites=09057500&parameterCd=00060&format=json","https://waterdata.usgs.gov/combined-location-graph/#locationId=USGS-09057500&parameterCode=00065","USGS",4.88,576,"",1781723678000,"Blue River Below Green Mountain Reservoir, ,CO","CO, USA",0,-1,,,,
24285,"US09058500","https://waterdata.usgs.gov/monitoring-location/USGS-09058500","https://waterservices.usgs.gov/nwis/iv/?sites=09058500&parameterCd=00065&format=json&period=P7D","https://waterservices.usgs.gov/nwis/iv/?sites=09058500&parameterCd=00060&format=json","https://waterdata.usgs.gov/combined-location-graph/#locationId=USGS-09058500&parameterCode=00065","USGS",3.53,31.5,"",1781721384000,"Piney River Below Piney Lake, Near Minturn, Co.","CO, USA",0,-1,,,,
24302,"US09067200","https://waterdata.usgs.gov/monitoring-location/USGS-09067200","https://waterservices.usgs.gov/nwis/iv/?sites=09067200&parameterCd=00065&format=json&period=P7D","https://waterservices.usgs.gov/nwis/iv/?sites=09067200&parameterCd=00060&format=json","https://waterdata.usgs.gov/combined-location-graph/#locationId=USGS-09067200&parameterCode=00065","USGS",0.98,54.4,"",1781722411000,"Lake Creek Near Edwards, ,CO","CO, USA",0,-1,,,,
24306,"US09073005","https://waterdata.usgs.gov/monitoring-location/USGS-09073005","https://waterservices.usgs.gov/nwis/iv/?sites=09073005&parameterCd=00065&format=json&period=P7D","https://waterservices.usgs.gov/nwis/iv/?sites=09073005&parameterCd=00060&format=json","https://waterdata.usgs.gov/combined-location-graph/#locationId=USGS-09073005&parameterCode=00065","USGS",1.16,2.4,"",1781720729000,"Lincoln Creek Below Grizzly Reservoir Nr Aspen, ,CO","CO, USA",0,-1,,,,
24330,"US09109000","https://waterdata.usgs.gov/monitoring-location/USGS-09109000","https://waterservices.usgs.gov/nwis/iv/?sites=09109000&parameterCd=00065&format=json&period=P7D","https://waterservices.usgs.gov/nwis/iv/?sites=09109000&parameterCd=00060&format=json","https://waterdata.usgs.gov/combined-location-graph/#locationId=USGS-09109000&parameterCode=00065","USGS",3.99,195,"",1781723729000,"Taylor River Below Taylor Park Reservoir, Co.","CO, USA",0,-1,,,,
24343,"US09123450","https://waterdata.usgs.gov/monitoring-location/USGS-09123450","https://waterservices.usgs.gov/nwis/iv/?sites=09123450&parameterCd=00065&format=json&period=P7D","https://waterservices.usgs.gov/nwis/iv/?sites=09123450&parameterCd=00060&format=json","https://waterdata.usgs.gov/combined-location-graph/#locationId=USGS-09123450&parameterCode=00065","USGS",4.57,93.4,"",1781721449000,"Lake Fork Blw Lake San Cristobal Nr Lake City, ,CO","CO, USA",0,-1,,,,
24344,"US09124010","https://waterdata.usgs.gov/monitoring-location/USGS-09124010","https://waterservices.usgs.gov/nwis/iv/?sites=09124010&parameterCd=00065&format=json&period=P7D","https://waterservices.usgs.gov/nwis/iv/?sites=09124010&parameterCd=00060&format=json","https://waterdata.usgs.gov/combined-location-graph/#locationId=USGS-09124010&parameterCode=00065","USGS",7.34,102,"",1781721572000,"Henson Creek At Lake City, ,CO","CO, USA",0,-1,,,,
24345,"US09124500","https://waterdata.usgs.gov/monitoring-location/USGS-09124500","https://waterservices.usgs.gov/nwis/iv/?sites=09124500&parameterCd=00065&format=json&period=P7D","https://waterservices.usgs.gov/nwis/iv/?sites=09124500&parameterCd=00060&format=json","https://waterdata.usgs.gov/combined-location-graph/#locationId=USGS-09124500&parameterCode=00065","USGS",1.91,194,"",1781720785000,"Lake Fork At Gateview, Co.","CO, USA",0,-1,,,,
24360,"US09147025","https://waterdata.usgs.gov/monitoring-location/USGS-09147025","https://waterservices.usgs.gov/nwis/iv/?sites=09147025&parameterCd=00065&format=json&period=P7D","https://waterservices.usgs.gov/nwis/iv/?sites=09147025&parameterCd=00060&format=json","https://waterdata.usgs.gov/combined-location-graph/#locationId=USGS-09147025&parameterCode=00065","USGS",2.11,113,"",1781723550000,"Uncompahgre River Below Ridgway Reservoir, ,CO","CO, USA",0,-1,,,,
24371,"US09171240","https://waterdata.usgs.gov/monitoring-location/USGS-09171240","https://waterservices.usgs.gov/nwis/iv/?sites=09171240&parameterCd=00065&format=json&period=P7D","https://waterservices.usgs.gov/nwis/iv/?sites=09171240&parameterCd=00060&format=json","https://waterdata.usgs.gov/combined-location-graph/#locationId=USGS-09171240&parameterCode=00065","USGS",2.61,20.3,"",1781720846000,"Lake Fork San Miguel Rv Abv Trout Lake Nr Ophir ,CO","CO, USA",0,-1,,,,
24384,"US09196500","https://waterdata.usgs.gov/monitoring-location/USGS-09196500","https://waterservices.usgs.gov/nwis/iv/?sites=09196500&parameterCd=00065&format=json&period=P7D","https://waterservices.usgs.gov/nwis/iv/?sites=09196500&parameterCd=00060&format=json","https://waterdata.usgs.gov/combined-location-graph/#locationId=USGS-09196500&parameterCode=00065","USGS",4.86,837,"",1781722276000,"Pine Creek Above Fremont Lake, ,WY","WY, USA",0,-1,,,,
24388,"US09211200","https://waterdata.usgs.gov/monitoring-location/USGS-09211200","https://waterservices.usgs.gov/nwis/iv/?sites=09211200&parameterCd=00065&format=json&period=P7D","https://waterservices.usgs.gov/nwis/iv/?sites=09211200&parameterCd=00060&format=json","https://waterdata.usgs.gov/combined-location-graph/#locationId=USGS-09211200&parameterCode=00065","USGS",11.11,613,"",1781723539000,"Green River Below Fontenelle Reservoir, ,WY","WY, USA",0,-1,,,,
24401,"US09237450","https://waterdata.usgs.gov/monitoring-location/USGS-09237450","https://waterservices.usgs.gov/nwis/iv/?sites=09237450&parameterCd=00065&format=json&period=P7D","https://waterservices.usgs.gov/nwis/iv/?sites=09237450&parameterCd=00060&format=json","https://waterdata.usgs.gov/combined-location-graph/#locationId=USGS-09237450&parameterCode=00065","USGS",1.78,2.68,"",1781722463000,"Yampa River Above Stagecoach Reservoir, ,CO","CO, USA",0,-1,,,,
24402,"US09237500","https://waterdata.usgs.gov/monitoring-location/USGS-09237500","https://waterservices.usgs.gov/nwis/iv/?sites=09237500&parameterCd=00065&format=json&period=P7D","https://waterservices.usgs.gov/nwis/iv/?sites=09237500&parameterCd=00060&format=json","https://waterdata.usgs.gov/combined-location-graph/#locationId=USGS-09237500&parameterCode=00065","USGS",2.14,14.9,"",1781720307000,"Yampa River Below Stagecoach Reservoir, ,CO","CO, USA",0,-1,,,,
24428,"US09289500","https://waterdata.usgs.gov/monitoring-location/USGS-09289500","https://waterservices.usgs.gov/nwis/iv/?sites=09289500&parameterCd=00065&format=json&period=P7D","https://waterservices.usgs.gov/nwis/iv/?sites=09289500&parameterCd=00060&format=json","https://waterdata.usgs.gov/combined-location-graph/#locationId=USGS-09289500&parameterCode=00065","USGS",2.52,99.6,"",1781722642000,"Lake Fork River Ab Moon Lake, Nr Mountain Home, ,UT","UT, USA",0,-1,,,,
24429,"US09291000","https://waterdata.usgs.gov/monitoring-location/USGS-09291000","https://waterservices.usgs.gov/nwis/iv/?sites=09291000&parameterCd=00065&format=json&period=P7D","https://waterservices.usgs.gov/nwis/iv/?sites=09291000&parameterCd=00060&format=json","https://waterdata.usgs.gov/combined-location-graph/#locationId=USGS-09291000&parameterCode=00065","USGS",2.28,357,"",1781722999000,"Lake Fork River Bl Moon Lake Nr Mountain Home, ,UT","UT, USA",0,-1,,,,
24448,"US09310500","https://waterdata.usgs.gov/monitoring-location/USGS-09310500","https://waterservices.usgs.gov/nwis/iv/?sites=09310500&parameterCd=00065&format=json&period=P7D","https://waterservices.usgs.gov/nwis/iv/?sites=09310500&parameterCd=00060&format=json","https://waterdata.usgs.gov/combined-location-graph/#locationId=USGS-09310500&parameterCode=00065","USGS",1.58,2.52,"",1781720958000,"Fish Creek Above Reservoir, Near Scofield, ,UT","UT, USA",0,-1,,,,
24459,"US09329050","https://waterdata.usgs.gov/monitoring-location/USGS-09329050","https://waterservices.usgs.gov/nwis/iv/?sites=09329050&parameterCd=00065&format=json&period=P7D","https://waterservices.usgs.gov/nwis/iv/?sites=09329050&parameterCd=00060&format=json","https://waterdata.usgs.gov/combined-location-graph/#locationId=USGS-09329050&parameterCode=00065","USGS",4.12,4.06,"",1781722826000,"Seven Mile Creek Near Fish Lake, ,UT","UT, USA",0,-1,,,,
24500,"US09378170","https://waterdata.usgs.gov/monitoring-location/USGS-09378170","https://waterservices.usgs.gov/nwis/iv/?sites=09378170&parameterCd=00065&format=json&period=P7D","https://waterservices.usgs.gov/nwis/iv/?sites=09378170&parameterCd=00060&format=json","https://waterdata.usgs.gov/combined-location-graph/#locationId=USGS-09378170&parameterCode=00065","USGS",0.22,0.07,"",1781723539000,"South Creek Above Reservoir Near Monticello, ,UT","UT, USA",0,-1,,,,
24508,"US09384000","https://waterdata.usgs.gov/monitoring-location/USGS-09384000","https://waterservices.usgs.gov/nwis/iv/?sites=09384000&parameterCd=00065&format=json&period=P7D","https://waterservices.usgs.gov/nwis/iv/?sites=09384000&parameterCd=00060&format=json","https://waterdata.usgs.gov/combined-location-graph/#locationId=USGS-09384000&parameterCode=00065","USGS",1.61,1.36,"",1781720782000,"Little Colorado R Abv Lyman Lake Nr St. Johns, ,AZ","AZ, USA",0,-1,,,,
24514,"US09386950","https://waterdata.usgs.gov/monitoring-location/USGS-09386950","https://waterservices.usgs.gov/nwis/iv/?sites=09386950&parameterCd=00065&format=json&period=P7D","https://waterservices.usgs.gov/nwis/iv/?sites=09386950&parameterCd=00060&format=json","https://waterdata.usgs.gov/combined-location-graph/#locationId=USGS-09386950&parameterCode=00065","USGS",1.34,0,"",1781722524000,"Zuni River Abv Black Rock Reservoir, ,NM","NM, USA",0,-1,,,,
24526,"US09400815","https://waterdata.usgs.gov/monitoring-location/USGS-09400815","https://waterservices.usgs.gov/nwis/iv/?sites=09400815&parameterCd=00065&format=json&period=P7D","https://waterservices.usgs.gov/nwis/iv/?sites=09400815&parameterCd=00060&format=json","https://waterdata.usgs.gov/combined-location-graph/#locationId=USGS-09400815&parameterCode=00065","USGS",-0.07,0,"",1781723546000,"Newman Canyon Above Upper Lake Mary, ,AZ","AZ, USA",0,-1,,,,
24555,"US09410100","https://waterdata.usgs.gov/monitoring-location/USGS-09410100","https://waterservices.usgs.gov/nwis/iv/?sites=09410100&parameterCd=00065&format=json&period=P7D","https://waterservices.usgs.gov/nwis/iv/?sites=09410100&parameterCd=00060&format=json","https://waterdata.usgs.gov/combined-location-graph/#locationId=USGS-09410100&parameterCode=00065","USGS",15.89,0.72,"",1781723540000,"Santa Clara Riv Blw Winsor Dam, Nr Santa Clara, ,UT","UT, USA",0,-1,,,,
24560,"US09413900","https://waterdata.usgs.gov/monitoring-location/USGS-09413900","https://waterservices.usgs.gov/nwis/iv/?sites=09413900&parameterCd=00065&format=json&period=P7D","https://waterservices.usgs.gov/nwis/iv/?sites=09413900&parameterCd=00060&format=json","https://waterdata.usgs.gov/nwisweb/graph?agency_cd=USGS&site_no=09413900&parm_cd=00065&period=7","USGS",3.94,2.06,"",1778716186000,"Beaver Dam Wash Near Enterprise, ,UT","UT, USA",835,-1,,,,
24596,"US09419756","https://waterdata.usgs.gov/monitoring-location/USGS-09419756","https://waterservices.usgs.gov/nwis/iv/?sites=09419756&parameterCd=00065&format=json&period=P7D","https://waterservices.usgs.gov/nwis/iv/?sites=09419756&parameterCd=00060&format=json","https://waterdata.usgs.gov/combined-location-graph/#locationId=USGS-09419756&parameterCode=00065","USGS",26.47,0,"",1781721743000,"Las Vegas Wash Overflow At Lake Las Vegas Inlet","NV, USA",0,-1,,,,
24597,"US09419800","https://waterdata.usgs.gov/monitoring-location/USGS-09419800","https://waterservices.usgs.gov/nwis/iv/?sites=09419800&parameterCd=00065&format=json&period=P7D","https://waterservices.usgs.gov/nwis/iv/?sites=09419800&parameterCd=00060&format=json","https://waterdata.usgs.gov/combined-location-graph/#locationId=USGS-09419800&parameterCode=00065","USGS",4.36,119,"",1.781723e+12,"Lv Wash Blw Lake Las Vegas Nr Boulder City, ,NV","NV, USA",0,-1,,,,
24600,"US09423000","https://waterdata.usgs.gov/monitoring-location/USGS-09423000","https://waterservices.usgs.gov/nwis/iv/?sites=09423000&parameterCd=00065&format=json&period=P7D","https://waterservices.usgs.gov/nwis/iv/?sites=09423000&parameterCd=00060&format=json","https://waterdata.usgs.gov/nwisweb/graph?agency_cd=USGS&site_no=09423000&parm_cd=00065&period=7","USGS",12.76,14800,"",1775511244000,"Colorado River Below Davis Dam, Az-Nv","NV, USA",1725,-1,,,,
24612,"US09426000","https://waterdata.usgs.gov/monitoring-location/USGS-09426000","https://waterservices.usgs.gov/nwis/iv/?sites=09426000&parameterCd=00065&format=json&period=P7D","https://waterservices.usgs.gov/nwis/iv/?sites=09426000&parameterCd=00060&format=json","https://waterdata.usgs.gov/combined-location-graph/#locationId=USGS-09426000&parameterCode=00065","USGS",12.27,34.8,"",1781721503000,"Bill Williams River Below Alamo Dam, ,AZ","AZ, USA",0,-1,,,,
24621,"US09429100","https://waterdata.usgs.gov/monitoring-location/USGS-09429100","https://waterservices.usgs.gov/nwis/iv/?sites=09429100&parameterCd=00065&format=json&period=P7D","https://waterservices.usgs.gov/nwis/iv/?sites=09429100&parameterCd=00060&format=json","https://waterdata.usgs.gov/combined-location-graph/#locationId=USGS-09429100&parameterCode=00065","USGS",2.39,6470,"",1781721925000,"Colorado River Below Palo Verde Dam, Az-Ca","CA, USA",0,-1,,,,
24626,"US09429500","https://waterdata.usgs.gov/monitoring-location/USGS-09429500","https://waterservices.usgs.gov/nwis/iv/?sites=09429500&parameterCd=00065&format=json&period=P7D","https://waterservices.usgs.gov/nwis/iv/?sites=09429500&parameterCd=00060&format=json","https://waterdata.usgs.gov/combined-location-graph/#locationId=USGS-09429500&parameterCode=00065","USGS",19.75,292,"",1781722407000,"Colorado River Below Imperial Dam, Az-Ca","CA, USA",0,-1,,,,
24627,"US09429600","https://waterdata.usgs.gov/monitoring-location/USGS-09429600","https://waterservices.usgs.gov/nwis/iv/?sites=09429600&parameterCd=00065&format=json&period=P7D","https://waterservices.usgs.gov/nwis/iv/?sites=09429600&parameterCd=00060&format=json","https://waterdata.usgs.gov/combined-location-graph/#locationId=USGS-09429600&parameterCode=00065","USGS",3.5,428,"",1781721926000,"Colorado River Below Laguna Dam, Az-Ca","CA, USA",0,-1,,,,
24649,"US09469500","https://waterdata.usgs.gov/monitoring-location/USGS-09469500","https://waterservices.usgs.gov/nwis/iv/?sites=09469500&parameterCd=00065&format=json&period=P7D","https://waterservices.usgs.gov/nwis/iv/?sites=09469500&parameterCd=00060&format=json","https://waterdata.usgs.gov/combined-location-graph/#locationId=USGS-09469500&parameterCode=00065","USGS",0.1,0.9,"",1781720723000,"Gila River Below Coolidge Dam, Az.","AZ, USA",0,-1,,,,
24667,"US09478500","https://waterdata.usgs.gov/monitoring-location/USGS-09478500","https://waterservices.usgs.gov/nwis/iv/?sites=09478500&parameterCd=00065&format=json&period=P7D","https://waterservices.usgs.gov/nwis/iv/?sites=09478500&parameterCd=00060&format=json","https://waterdata.usgs.gov/combined-location-graph/#locationId=USGS-09478500&parameterCode=00065","USGS",1.05,2.54,"",1781720724000,"Queen Creek Below Whitlow Dam Nr Superior, Az.","AZ, USA",0,-1,,,,
24701,"US09498400","https://waterdata.usgs.gov/monitoring-location/USGS-09498400","https://waterservices.usgs.gov/nwis/iv/?sites=09498400&parameterCd=00065&format=json&period=P7D","https://waterservices.usgs.gov/nwis/iv/?sites=09498400&parameterCd=00060&format=json","https://waterdata.usgs.gov/combined-location-graph/#locationId=USGS-09498400&parameterCode=00065","USGS",0.85,0.06,"",1781721271000,"Pinal Creek At Inspiration Dam, Nr Globe, Az.","AZ, USA",0,-1,,,,
24715,"US09503300","https://waterdata.usgs.gov/monitoring-location/USGS-09503300","https://waterservices.usgs.gov/nwis/iv/?sites=09503300&parameterCd=00065&format=json&period=P7D","https://waterservices.usgs.gov/nwis/iv/?sites=09503300&parameterCd=00060&format=json","https://waterdata.usgs.gov/combined-location-graph/#locationId=USGS-09503300&parameterCode=00065","USGS",1.51,0,"",1781720307000,"Granite Creek Below Watson Lake Near Prescott, ,AZ","AZ, USA",0,-1,,,,
24729,"US09508500","https://waterdata.usgs.gov/monitoring-location/USGS-09508500","https://waterservices.usgs.gov/nwis/iv/?sites=09508500&parameterCd=00065&format=json&period=P7D","https://waterservices.usgs.gov/nwis/iv/?sites=09508500&parameterCd=00060&format=json","https://waterdata.usgs.gov/combined-location-graph/#locationId=USGS-09508500&parameterCode=00065","USGS",6.63,71.2,"",1781720250000,"Verde Rvr Blw Tangle Creek, Abv Horseshoe Dam, ,AZ","AZ, USA",0,-1,,,,
24732,"US09510000","https://waterdata.usgs.gov/monitoring-location/USGS-09510000","https://waterservices.usgs.gov/nwis/iv/?sites=09510000&parameterCd=00065&format=json&period=P7D","https://waterservices.usgs.gov/nwis/iv/?sites=09510000&parameterCd=00060&format=json","https://waterdata.usgs.gov/combined-location-graph/#locationId=USGS-09510000&parameterCode=00065","USGS",1.62,161,"",1781721564000,"Verde River Below Bartlett Dam, ,AZ","AZ, USA",0,-1,,,,
24747,"US09519000","https://waterdata.usgs.gov/nwis/nwisman/?site_no=09519000","https://waterservices.usgs.gov/nwis/iv/?sites=09519000&parameterCd=00065&format=json&period=P7D","https://waterservices.usgs.gov/nwis/iv/?sites=09519000&parameterCd=00060&format=json","https://waterdata.usgs.gov/nwisweb/graph?agency_cd=USGS&site_no=09519000&parm_cd=00065&period=7","USGS",1.69,9.31,"",1760325300000,"Enterprise Canal At Gillespie Dam, AZ","AZ, USA",4320,-1,,,,
24749,"US09519800","https://waterdata.usgs.gov/monitoring-location/USGS-09519800","https://waterservices.usgs.gov/nwis/iv/?sites=09519800&parameterCd=00065&format=json&period=P7D","https://waterservices.usgs.gov/nwis/iv/?sites=09519800&parameterCd=00060&format=json","https://waterdata.usgs.gov/combined-location-graph/#locationId=USGS-09519800&parameterCode=00065","USGS",0.94,0,"",1781721505000,"Gila River Below Painted Rock Dam, ,AZ","AZ, USA",0,-1,,,,
24753,"US09522400","https://waterdata.usgs.gov/nwis/nwisman/?site_no=09522400","https://waterservices.usgs.gov/nwis/iv/?sites=09522400&parameterCd=00065&format=json&period=P7D","https://waterservices.usgs.gov/nwis/iv/?sites=09522400&parameterCd=00060&format=json","https://waterdata.usgs.gov/nwisweb/graph?agency_cd=USGS&site_no=09522400&parm_cd=00065&period=7","USGS",8.45,8.91,"",1.760328e+12,"Mittry Lake Diversion At Imperial Dam, AZ","AZ, USA",4320,-1,,,,
24754,"US09522500","https://waterdata.usgs.gov/nwis/nwisman/?site_no=09522500","https://waterservices.usgs.gov/nwis/iv/?sites=09522500&parameterCd=00065&format=json&period=P7D","https://waterservices.usgs.gov/nwis/iv/?sites=09522500&parameterCd=00060&format=json","https://waterdata.usgs.gov/nwisweb/graph?agency_cd=USGS&site_no=09522500&parm_cd=00065&period=7","USGS",15.21,265,"",1760326200000,"Gila Gravity Main Canal At Imperial Dam, Az-Ca","AZ, USA",4320,-1,,,,
24766,"US09523000","https://waterdata.usgs.gov/nwis/nwisman/?site_no=09523000","https://waterservices.usgs.gov/nwis/iv/?sites=09523000&parameterCd=00065&format=json&period=P7D","https://waterservices.usgs.gov/nwis/iv/?sites=09523000&parameterCd=00060&format=json","https://waterdata.usgs.gov/nwisweb/graph?agency_cd=USGS&site_no=09523000&parm_cd=00065&period=7","USGS",19.8,3570,"",1.760328e+12,"All-American Canal Nr Imperial Dam, Ca-Az","CA, USA",4320,-1,,,,
24780,"US09527630","https://waterdata.usgs.gov/nwis/nwisman/?site_no=09527630","https://waterservices.usgs.gov/nwis/iv/?sites=09527630&parameterCd=00065&format=json&period=P7D","https://waterservices.usgs.gov/nwis/iv/?sites=09527630&parameterCd=00060&format=json","https://waterdata.usgs.gov/nwisweb/graph?agency_cd=USGS&site_no=09527630&parm_cd=00065&period=7","USGS",24.54,4.41,"",1760327100000,"Brock Reservoir Inlet Near Calexico, CA","CA, USA",4320,-1,,,,
24781,"US09527660","https://waterdata.usgs.gov/nwis/nwisman/?site_no=09527660","https://waterservices.usgs.gov/nwis/iv/?sites=09527660&parameterCd=00065&format=json&period=P7D","https://waterservices.usgs.gov/nwis/iv/?sites=09527660&parameterCd=00060&format=json","https://waterdata.usgs.gov/nwisweb/graph?agency_cd=USGS&site_no=09527660&parm_cd=00065&period=7","USGS",24.35,-58.9,"",1760326200000,"Brock Reservoir Outlet Near Calexico, CA","CA, USA",4320,-1,,,,
24782,"US09527700","https://waterdata.usgs.gov/nwis/nwisman/?site_no=09527700","https://waterservices.usgs.gov/nwis/iv/?sites=09527700&parameterCd=00065&format=json&period=P7D","https://waterservices.usgs.gov/nwis/iv/?sites=09527700&parameterCd=00060&format=json","https://waterdata.usgs.gov/nwisweb/graph?agency_cd=USGS&site_no=09527700&parm_cd=00065&period=7","USGS",42.56,2570,"",1760326200000,"All-American Canal Below Drop 2 Reservoir Outlet","CA, USA",4320,-1,,,,
24801,"US10020100","https://waterdata.usgs.gov/monitoring-location/USGS-10020100","https://waterservices.usgs.gov/nwis/iv/?sites=10020100&parameterCd=00065&format=json&period=P7D","https://waterservices.usgs.gov/nwis/iv/?sites=10020100&parameterCd=00060&format=json","https://waterdata.usgs.gov/combined-location-graph/#locationId=USGS-10020100&parameterCode=00065","USGS",0.7,20.2,"",1781722881000,"Bear River Above Reservoir, Near Woodruff, ,UT","WY, USA",0,-1,,,,
24802,"US10020300","https://waterdata.usgs.gov/monitoring-location/USGS-10020300","https://waterservices.usgs.gov/nwis/iv/?sites=10020300&parameterCd=00065&format=json&period=P7D","https://waterservices.usgs.gov/nwis/iv/?sites=10020300&parameterCd=00060&format=json","https://waterdata.usgs.gov/combined-location-graph/#locationId=USGS-10020300&parameterCode=00065","USGS",3.46,121,"",1781722402000,"Bear River Below Reservoir, Near Woodruff, ,UT","WY, USA",0,-1,,,,
24804,"US10028500","https://waterdata.usgs.gov/monitoring-location/USGS-10028500","https://waterservices.usgs.gov/nwis/iv/?sites=10028500&parameterCd=00065&format=json&period=P7D","https://waterservices.usgs.gov/nwis/iv/?sites=10028500&parameterCd=00060&format=json","https://waterdata.usgs.gov/combined-location-graph/#locationId=USGS-10028500&parameterCode=00065","USGS",1.02,3.54,"",1781721135000,"Bear River Below Pixley Dam, Near Cokeville, ,WY","WY, USA",0,-1,,,,
24813,"US10109000","https://waterdata.usgs.gov/monitoring-location/USGS-10109000","https://waterservices.usgs.gov/nwis/iv/?sites=10109000&parameterCd=00065&format=json&period=P7D","https://waterservices.usgs.gov/nwis/iv/?sites=10109000&parameterCd=00060&format=json","https://waterdata.usgs.gov/combined-location-graph/#locationId=USGS-10109000&parameterCode=00065","USGS",2.97,203,"",1781723246000,"Logan River Above State Dam, Near Logan, ,UT","UT, USA",0,-1,,,,
24814,"US10113500","https://waterdata.usgs.gov/monitoring-location/USGS-10113500","https://waterservices.usgs.gov/nwis/iv/?sites=10113500&parameterCd=00065&format=json&period=P7D","https://waterservices.usgs.gov/nwis/iv/?sites=10113500&parameterCd=00060&format=json","https://waterdata.usgs.gov/combined-location-graph/#locationId=USGS-10113500&parameterCode=00065","USGS",3.47,59.6,"",1781722872000,"BLACKSMITH FORK AB UP and L CO.'S DAM NR HYRUM, UT","UT, USA",0,-1,,,,
24856,"US10170500","https://waterdata.usgs.gov/nwis/nwisman/?site_no=10170500","https://waterservices.usgs.gov/nwis/iv/?sites=10170500&parameterCd=00065&format=json&period=P7D","https://waterservices.usgs.gov/nwis/iv/?sites=10170500&parameterCd=00060&format=json","https://waterdata.usgs.gov/nwisweb/graph?agency_cd=USGS&site_no=10170500&parm_cd=00065&period=7","USGS",9.53,343,"",1760324400000,"Surplus Canal @ Salt Lake City, UT","UT, USA",4320,-1,,,,
24857,"US10171000","https://waterdata.usgs.gov/monitoring-location/USGS-10171000","https://waterservices.usgs.gov/nwis/iv/?sites=10171000&parameterCd=00065&format=json&period=P7D","https://waterservices.usgs.gov/nwis/iv/?sites=10171000&parameterCd=00060&format=json","https://waterdata.usgs.gov/combined-location-graph/#locationId=USGS-10171000&parameterCode=00065","USGS",2.27,168,"",1781721018000,"Jordan River @ 1700 South @ Salt Lake City, ,UT","UT, USA",0,-1,,,,
24915,"US10260855","https://waterdata.usgs.gov/nwis/nwisman/?site_no=10260855","https://waterservices.usgs.gov/nwis/iv/?sites=10260855&parameterCd=00065&format=json&period=P7D","https://waterservices.usgs.gov/nwis/iv/?sites=10260855&parameterCd=00060&format=json","https://waterdata.usgs.gov/nwisweb/graph?agency_cd=USGS&site_no=10260855&parm_cd=00065&period=7","USGS",0.8,0,"",1760325300000,"Grass Valley Lk Tunnel Outlet A Lake Arrowhead CA","CA, USA",4320,-1,,,,
24927,"US10297010","https://waterdata.usgs.gov/nwis/nwisman/?site_no=10297010","https://waterservices.usgs.gov/nwis/iv/?sites=10297010&parameterCd=00065&format=json&period=P7D","https://waterservices.usgs.gov/nwis/iv/?sites=10297010&parameterCd=00060&format=json","https://waterdata.usgs.gov/nwisweb/graph?agency_cd=USGS&site_no=10297010&parm_cd=00065&period=7","USGS",8.64,53,"",1760327400000,"Topaz Canal Blw Topaz Lake Nr Topaz, CA","NV, USA",4320,-1,,,,
24936,"US10301742","https://waterdata.usgs.gov/nwis/nwisman/?site_no=10301742","https://waterservices.usgs.gov/nwis/iv/?sites=10301742&parameterCd=00065&format=json&period=P7D","https://waterservices.usgs.gov/nwis/iv/?sites=10301742&parameterCd=00060&format=json","https://waterdata.usgs.gov/nwisweb/graph?agency_cd=USGS&site_no=10301742&parm_cd=00065&period=7","USGS",-0.14,0.05,"",1.760328e+12,"Canal No 2 Abv Little Dam Nr Schurz, NV","NV, USA",4320,-1,,,,
24937,"US10301745","https://waterdata.usgs.gov/monitoring-location/USGS-10301745","https://waterservices.usgs.gov/nwis/iv/?sites=10301745&parameterCd=00065&format=json&period=P7D","https://waterservices.usgs.gov/nwis/iv/?sites=10301745&parameterCd=00060&format=json","https://waterdata.usgs.gov/combined-location-graph/#locationId=USGS-10301745&parameterCode=00065","USGS",5.2,60,"",1781723721000,"Walker Rv Abv Little Dam Nr Schurz, ,NV","NV, USA",0,-1,,,,
24938,"US10301755","https://waterdata.usgs.gov/nwis/nwisman/?site_no=10301755","https://waterservices.usgs.gov/nwis/iv/?sites=10301755&parameterCd=00065&format=json&period=P7D","https://waterservices.usgs.gov/nwis/iv/?sites=10301755&parameterCd=00060&format=json","https://waterdata.usgs.gov/nwisweb/graph?agency_cd=USGS&site_no=10301755&parm_cd=00065&period=7","USGS",1.43,-0.01,"",1760327400000,"Canal No 1 Blw Little Dam Nr Schurz, NV","NV, USA",4320,-1,,,,
24940,"US10302025","https://waterdata.usgs.gov/monitoring-location/USGS-10302025","https://waterservices.usgs.gov/nwis/iv/?sites=10302025&parameterCd=00065&format=json&period=P7D","https://waterservices.usgs.gov/nwis/iv/?sites=10302025&parameterCd=00060&format=json","https://waterdata.usgs.gov/combined-location-graph/#locationId=USGS-10302025&parameterCode=00065","USGS",-1.59,23.6,"",1781723723000,"Walker Rv Nr Mouth At Walker Lake, ,NV","NV, USA",0,-1,,,,
24966,"US10312150","https://waterdata.usgs.gov/monitoring-location/USGS-10312150","https://waterservices.usgs.gov/nwis/iv/?sites=10312150&parameterCd=00065&format=json&period=P7D","https://waterservices.usgs.gov/nwis/iv/?sites=10312150&parameterCd=00060&format=json","https://waterdata.usgs.gov/combined-location-graph/#locationId=USGS-10312150&parameterCode=00065","USGS",5.09,813,"",1781722950000,"Carson Rv Blw Lahontan Reservoir Nr Fallon, ,NV","NV, USA",0,-1,,,,
24999,"US10336610","https://waterdata.usgs.gov/monitoring-location/USGS-10336610","https://waterservices.usgs.gov/nwis/iv/?sites=10336610&parameterCd=00065&format=json&period=P7D","https://waterservices.usgs.gov/nwis/iv/?sites=10336610&parameterCd=00060&format=json","https://waterdata.usgs.gov/combined-location-graph/#locationId=USGS-10336610&parameterCode=00065","USGS",3.84,40.4,"",1781723425000,"Upper Truckee Rv At South Lake Tahoe, ,CA","CA, USA",0,-1,,,,
25015,"US10340500","https://waterdata.usgs.gov/monitoring-location/USGS-10340500","https://waterservices.usgs.gov/nwis/iv/?sites=10340500&parameterCd=00065&format=json&period=P7D","https://waterservices.usgs.gov/nwis/iv/?sites=10340500&parameterCd=00060&format=json","https://waterdata.usgs.gov/combined-location-graph/#locationId=USGS-10340500&parameterCode=00065","USGS",1.55,44.1,"",1781723064000,"Prosser C Bl Prosser C Dam Nr Truckee ,CA","CA, USA",0,-1,,,,
25020,"US10344500","https://waterdata.usgs.gov/monitoring-location/USGS-10344500","https://waterservices.usgs.gov/nwis/iv/?sites=10344500&parameterCd=00065&format=json&period=P7D","https://waterservices.usgs.gov/nwis/iv/?sites=10344500&parameterCd=00060&format=json","https://waterdata.usgs.gov/combined-location-graph/#locationId=USGS-10344500&parameterCode=00065","USGS",2.85,341,"",1781723598000,"Little Truckee R Bl Boca Dam Nr Truckee ,CA","CA, USA",0,-1,,,,
25043,"US10351600","https://waterdata.usgs.gov/monitoring-location/USGS-10351600","https://waterservices.usgs.gov/nwis/iv/?sites=10351600&parameterCd=00065&format=json&period=P7D","https://waterservices.usgs.gov/nwis/iv/?sites=10351600&parameterCd=00060&format=json","https://waterdata.usgs.gov/combined-location-graph/#locationId=USGS-10351600&parameterCode=00065","USGS",3.07,401,"",1781723663000,"Truckee Rv Blw Derby Dam Nr Wadsworth, ,NV","NV, USA",0,-1,,,,
25073,"US11045600","https://waterdata.usgs.gov/monitoring-location/USGS-11045600","https://waterservices.usgs.gov/nwis/iv/?sites=11045600&parameterCd=00065&format=json&period=P7D","https://waterservices.usgs.gov/nwis/iv/?sites=11045600&parameterCd=00060&format=json","https://waterdata.usgs.gov/combined-location-graph/#locationId=USGS-11045600&parameterCode=00065","USGS",0.28,0.02,"",1781722219000,"Oneill Lake Outlet Ch Nr Fallbrook ,CA","CA, USA",0,-1,,,,
25097,"US11062450","https://waterdata.usgs.gov/monitoring-location/USGS-11062450","https://waterservices.usgs.gov/nwis/iv/?sites=11062450&parameterCd=00065&format=json&period=P7D","https://waterservices.usgs.gov/nwis/iv/?sites=11062450&parameterCd=00060&format=json","https://waterdata.usgs.gov/combined-location-graph/#locationId=USGS-11062450&parameterCode=00065","USGS",0.42,0,"",1781721079000,"Fontana Ph Forebay Spillway Nr Fontana ,CA","CA, USA",0,-1,,,,
25098,"US11062800","https://waterdata.usgs.gov/monitoring-location/USGS-11062800","https://waterservices.usgs.gov/nwis/iv/?sites=11062800&parameterCd=00065&format=json&period=P7D","https://waterservices.usgs.gov/nwis/iv/?sites=11062800&parameterCd=00060&format=json","https://waterdata.usgs.gov/combined-location-graph/#locationId=USGS-11062800&parameterCode=00065","USGS",2.68,15.3,"",1781721017000,"Fontana Water Co Spill Ch From Afterbay Nr Fontana","CA, USA",0,-1,,,,
25117,"US11074000","https://waterdata.usgs.gov/monitoring-location/USGS-11074000","https://waterservices.usgs.gov/nwis/iv/?sites=11074000&parameterCd=00065&format=json&period=P7D","https://waterservices.usgs.gov/nwis/iv/?sites=11074000&parameterCd=00060&format=json","https://waterdata.usgs.gov/combined-location-graph/#locationId=USGS-11074000&parameterCode=00065","USGS",2.21,89.7,"",1781722221000,"Santa Ana R Bl Prado Dam ,CA","CA, USA",0,-1,,,,
25118,"US11075720","https://waterdata.usgs.gov/monitoring-location/USGS-11075720","https://waterservices.usgs.gov/nwis/iv/?sites=11075720&parameterCd=00065&format=json&period=P7D","https://waterservices.usgs.gov/nwis/iv/?sites=11075720&parameterCd=00060&format=json","https://waterdata.usgs.gov/combined-location-graph/#locationId=USGS-11075720&parameterCode=00065","USGS",1.94,0,"",1781722870000,"Carbon C Bl Carbon Cyn Dam ,CA","CA, USA",0,-1,,,,
25122,"US11085000","https://waterdata.usgs.gov/monitoring-location/USGS-11085000","https://waterservices.usgs.gov/nwis/iv/?sites=11085000&parameterCd=00065&format=json&period=P7D","https://waterservices.usgs.gov/nwis/iv/?sites=11085000&parameterCd=00060&format=json","https://waterdata.usgs.gov/combined-location-graph/#locationId=USGS-11085000&parameterCode=00065","USGS",8.52,0,"",1781720962000,"San Gabriel R Bl Santa Fe Dam Nr Baldwin Pk ,CA","CA, USA",0,-1,,,,
25123,"US11087020","https://waterdata.usgs.gov/monitoring-location/USGS-11087020","https://waterservices.usgs.gov/nwis/iv/?sites=11087020&parameterCd=00065&format=json&period=P7D","https://waterservices.usgs.gov/nwis/iv/?sites=11087020&parameterCd=00060&format=json","https://waterdata.usgs.gov/combined-location-graph/#locationId=USGS-11087020&parameterCode=00065","USGS",3.93,15.2,"",1781721986000,"San Gabriel R Ab Whittier Narrows Dam ,CA","CA, USA",0,-1,,,,
25124,"US11088500","https://waterdata.usgs.gov/monitoring-location/USGS-11088500","https://waterservices.usgs.gov/nwis/iv/?sites=11088500&parameterCd=00065&format=json&period=P7D","https://waterservices.usgs.gov/nwis/iv/?sites=11088500&parameterCd=00060&format=json","https://waterdata.usgs.gov/combined-location-graph/#locationId=USGS-11088500&parameterCode=00065","USGS",1.15,0.52,"",1781722870000,"Brea C Bl Brea Dam Nr Fullerton ,CA","CA, USA",0,-1,,,,
25125,"US11089500","https://waterdata.usgs.gov/monitoring-location/USGS-11089500","https://waterservices.usgs.gov/nwis/iv/?sites=11089500&parameterCd=00065&format=json&period=P7D","https://waterservices.usgs.gov/nwis/iv/?sites=11089500&parameterCd=00060&format=json","https://waterdata.usgs.gov/combined-location-graph/#locationId=USGS-11089500&parameterCode=00065","USGS",3.29,0.78,"",1781722875000,"Fullerton C Bl Fullerton Dam Nr Brea ,CA","CA, USA",0,-1,,,,
25126,"US11092450","https://waterdata.usgs.gov/monitoring-location/USGS-11092450","https://waterservices.usgs.gov/nwis/iv/?sites=11092450&parameterCd=00065&format=json&period=P7D","https://waterservices.usgs.gov/nwis/iv/?sites=11092450&parameterCd=00060&format=json","https://waterdata.usgs.gov/combined-location-graph/#locationId=USGS-11092450&parameterCode=00065","USGS",0.88,73.7,"",1781723357000,"Los Angeles R A Sepulveda Dam ,CA","CA, USA",0,-1,,,,
25127,"US11097000","https://waterdata.usgs.gov/monitoring-location/USGS-11097000","https://waterservices.usgs.gov/nwis/iv/?sites=11097000&parameterCd=00065&format=json&period=P7D","https://waterservices.usgs.gov/nwis/iv/?sites=11097000&parameterCd=00060&format=json","https://waterdata.usgs.gov/combined-location-graph/#locationId=USGS-11097000&parameterCode=00065","USGS",1.04,0,"",1781723121000,"Big Tujunga C Bl Hansen Dam ,CA","CA, USA",0,-1,,,,
25129,"US11101250","https://waterdata.usgs.gov/monitoring-location/USGS-11101250","https://waterservices.usgs.gov/nwis/iv/?sites=11101250&parameterCd=00065&format=json&period=P7D","https://waterservices.usgs.gov/nwis/iv/?sites=11101250&parameterCd=00060&format=json","https://waterdata.usgs.gov/combined-location-graph/#locationId=USGS-11101250&parameterCode=00065","USGS",1.26,1.25,"",1781723056000,"Rio Hondo Ab Whittier Narrows Dam ,CA","CA, USA",0,-1,,,,
25130,"US11102300","https://waterdata.usgs.gov/monitoring-location/USGS-11102300","https://waterservices.usgs.gov/nwis/iv/?sites=11102300&parameterCd=00065&format=json&period=P7D","https://waterservices.usgs.gov/nwis/iv/?sites=11102300&parameterCd=00060&format=json","https://waterdata.usgs.gov/combined-location-graph/#locationId=USGS-11102300&parameterCode=00065","USGS",1.11,0,"",1781721986000,"Rio Hondo Bl Whittier Narrows Dam ,CA","CA, USA",0,-1,,,,
25133,"US11109600","https://waterdata.usgs.gov/monitoring-location/USGS-11109600","https://waterservices.usgs.gov/nwis/iv/?sites=11109600&parameterCd=00065&format=json&period=P7D","https://waterservices.usgs.gov/nwis/iv/?sites=11109600&parameterCd=00060&format=json","https://waterdata.usgs.gov/combined-location-graph/#locationId=USGS-11109600&parameterCode=00065","USGS",2.95,24.8,"",1781720476000,"Piru Creek Above Lake Piru ,CA","CA, USA",0,-1,,,,
25134,"US11109800","https://waterdata.usgs.gov/monitoring-location/USGS-11109800","https://waterservices.usgs.gov/nwis/iv/?sites=11109800&parameterCd=00065&format=json&period=P7D","https://waterservices.usgs.gov/nwis/iv/?sites=11109800&parameterCd=00060&format=json","https://waterdata.usgs.gov/combined-location-graph/#locationId=USGS-11109800&parameterCode=00065","USGS",1.66,9.9,"",1781722999000,"Piru Creek Below Santa Felicia Dam ,CA","CA, USA",0,-1,,,,
25147,"US11121900","https://waterdata.usgs.gov/monitoring-location/USGS-11121900","https://waterservices.usgs.gov/nwis/iv/?sites=11121900&parameterCd=00065&format=json&period=P7D","https://waterservices.usgs.gov/nwis/iv/?sites=11121900&parameterCd=00060&format=json","https://waterdata.usgs.gov/combined-location-graph/#locationId=USGS-11121900&parameterCode=00065","USGS",19.62,12.7,"",1781723721000,"Gibraltar Dam Div Weir A Gibraltar Dam ,CA","CA, USA",0,-1,,,,
25148,"US11122010","https://waterdata.usgs.gov/monitoring-location/USGS-11122010","https://waterservices.usgs.gov/nwis/iv/?sites=11122010&parameterCd=00065&format=json&period=P7D","https://waterservices.usgs.gov/nwis/iv/?sites=11122010&parameterCd=00060&format=json","https://waterdata.usgs.gov/combined-location-graph/#locationId=USGS-11122010&parameterCode=00065","USGS",15.13,0,"",1781723718000,"Gibraltar Dam Release Weir A Gibraltar Dam ,CA","CA, USA",0,-1,,,,
25149,"US11123000","https://waterdata.usgs.gov/monitoring-location/USGS-11123000","https://waterservices.usgs.gov/nwis/iv/?sites=11123000&parameterCd=00065&format=json&period=P7D","https://waterservices.usgs.gov/nwis/iv/?sites=11123000&parameterCd=00060&format=json","https://waterdata.usgs.gov/combined-location-graph/#locationId=USGS-11123000&parameterCode=00065","USGS",7.23,1.57,"",1781723718000,"Santa Ynez R Bl Gibraltar Dam Nr Santa Barbara ,CA","CA, USA",0,-1,,,,
25153,"US11125605","https://waterdata.usgs.gov/monitoring-location/USGS-11125605","https://waterservices.usgs.gov/nwis/iv/?sites=11125605&parameterCd=00065&format=json&period=P7D","https://waterservices.usgs.gov/nwis/iv/?sites=11125605&parameterCd=00060&format=json","https://waterdata.usgs.gov/combined-location-graph/#locationId=USGS-11125605&parameterCode=00065","USGS",2.7,6.67,"",1781723722000,"Hilton Cyn C 0.25 Mi Bl Bradbury Dam Nr Santa Ynez","CA, USA",0,-1,,,,
25177,"US11149400","https://waterdata.usgs.gov/monitoring-location/USGS-11149400","https://waterservices.usgs.gov/nwis/iv/?sites=11149400&parameterCd=00065&format=json&period=P7D","https://waterservices.usgs.gov/nwis/iv/?sites=11149400&parameterCd=00060&format=json","https://waterdata.usgs.gov/combined-location-graph/#locationId=USGS-11149400&parameterCode=00065","USGS",3.38,258,"",1781723600000,"Nacimiento R Bl Nacimiento Dam Nr Bradley ,CA","CA, USA",0,-1,,,,
25201,"US11162620","https://waterdata.usgs.gov/monitoring-location/USGS-11162620","https://waterservices.usgs.gov/nwis/iv/?sites=11162620&parameterCd=00065&format=json&period=P7D","https://waterservices.usgs.gov/nwis/iv/?sites=11162620&parameterCd=00060&format=json","https://waterdata.usgs.gov/combined-location-graph/#locationId=USGS-11162620&parameterCode=00065","USGS",5.03,1.84,"",1781720301000,"Pilarcitos C Bl Stone Dam Nr Hillsborough ,CA","CA, USA",0,-1,,,,
25210,"US11172945","https://waterdata.usgs.gov/monitoring-location/USGS-11172945","https://waterservices.usgs.gov/nwis/iv/?sites=11172945&parameterCd=00065&format=json&period=P7D","https://waterservices.usgs.gov/nwis/iv/?sites=11172945&parameterCd=00060&format=json","https://waterdata.usgs.gov/combined-location-graph/#locationId=USGS-11172945&parameterCode=00065","USGS",1.92,1.41,"",1781723056000,"Alameda C Ab Div Dam Nr Sunol ,CA","CA, USA",0,-1,,,,
25211,"US11172955","https://waterdata.usgs.gov/monitoring-location/USGS-11172955","https://waterservices.usgs.gov/nwis/iv/?sites=11172955&parameterCd=00065&format=json&period=P7D","https://waterservices.usgs.gov/nwis/iv/?sites=11172955&parameterCd=00060&format=json","https://waterdata.usgs.gov/combined-location-graph/#locationId=USGS-11172955&parameterCode=00065","USGS",4.53,1.11,"",1781723056000,"Alameda C Bl Div Dam Nr Sunol ,CA","CA, USA",0,-1,,,,
25260,"US11277300","https://waterdata.usgs.gov/monitoring-location/USGS-11277300","https://waterservices.usgs.gov/nwis/iv/?sites=11277300&parameterCd=00065&format=json&period=P7D","https://waterservices.usgs.gov/nwis/iv/?sites=11277300&parameterCd=00060&format=json","https://waterdata.usgs.gov/combined-location-graph/#locationId=USGS-11277300&parameterCode=00065","USGS",5.22,5.88,"",1781722875000,"Cherry C Bl Valley Dam Nr Hetch Hetchy ,CA","CA, USA",0,-1,,,,
25267,"US11289650","https://waterdata.usgs.gov/monitoring-location/USGS-11289650","https://waterservices.usgs.gov/nwis/iv/?sites=11289650&parameterCd=00065&format=json&period=P7D","https://waterservices.usgs.gov/nwis/iv/?sites=11289650&parameterCd=00060&format=json","https://waterdata.usgs.gov/combined-location-graph/#locationId=USGS-11289650&parameterCode=00065","USGS",4.22,106,"",1781722944000,"Tuolumne R Bl Lagrange Dam Nr Lagrange ,CA","CA, USA",0,-1,,,,
25326,"US11427000","https://waterdata.usgs.gov/monitoring-location/USGS-11427000","https://waterservices.usgs.gov/nwis/iv/?sites=11427000&parameterCd=00065&format=json&period=P7D","https://waterservices.usgs.gov/nwis/iv/?sites=11427000&parameterCd=00060&format=json","https://waterdata.usgs.gov/combined-location-graph/#locationId=USGS-11427000&parameterCode=00065","USGS",0.66,198,"",1781721261000,"Nf American R A North Fork Dam ,CA","CA, USA",0,-1,,,,
25339,"US11451000","https://waterdata.usgs.gov/monitoring-location/USGS-11451000","https://waterservices.usgs.gov/nwis/iv/?sites=11451000&parameterCd=00065&format=json&period=P7D","https://waterservices.usgs.gov/nwis/iv/?sites=11451000&parameterCd=00060&format=json","https://waterdata.usgs.gov/combined-location-graph/#locationId=USGS-11451000&parameterCode=00065","USGS",4.61,540,"",1781721617000,"Cache C Nr Lower Lake ,CA","CA, USA",0,-1,,,,
25423,"US11481500","https://waterdata.usgs.gov/monitoring-location/USGS-11481500","https://waterservices.usgs.gov/nwis/iv/?sites=11481500&parameterCd=00065&format=json&period=P7D","https://waterservices.usgs.gov/nwis/iv/?sites=11481500&parameterCd=00060&format=json","https://waterdata.usgs.gov/combined-location-graph/#locationId=USGS-11481500&parameterCode=00065","USGS",1.26,20.3,"",1781722823000,"Redwood C Nr Blue Lake ,CA","CA, USA",0,-1,,,,
25428,"US11503000","https://waterdata.usgs.gov/nwis/nwisman/?site_no=11503000","https://waterservices.usgs.gov/nwis/iv/?sites=11503000&parameterCd=00065&format=json&period=P7D","https://waterservices.usgs.gov/nwis/iv/?sites=11503000&parameterCd=00060&format=json","https://waterdata.usgs.gov/nwisweb/graph?agency_cd=USGS&site_no=11503000&parm_cd=00065&period=7","USGS",2.22,3.83,"",1760324400000,"Annie Spring Near Crater Lake, OR","OR, USA",4320,-1,,,,
25438,"US11516530","https://waterdata.usgs.gov/monitoring-location/USGS-11516530","https://waterservices.usgs.gov/nwis/iv/?sites=11516530&parameterCd=00065&format=json&period=P7D","https://waterservices.usgs.gov/nwis/iv/?sites=11516530&parameterCd=00060&format=json","https://waterdata.usgs.gov/combined-location-graph/#locationId=USGS-11516530&parameterCode=00065","USGS",2.09,1100,"",1781720962000,"Klamath R Bl Iron Gate Dam ,CA","CA, USA",0,-1,,,,
25482,"US12039500","https://waterdata.usgs.gov/monitoring-location/USGS-12039500","https://waterservices.usgs.gov/nwis/iv/?sites=12039500&parameterCd=00065&format=json&period=P7D","https://waterservices.usgs.gov/nwis/iv/?sites=12039500&parameterCd=00060&format=json","https://waterdata.usgs.gov/combined-location-graph/#locationId=USGS-12039500&parameterCode=00065","USGS",2.71,857,"",1781721323000,"Quinault River At Quinault Lake, ,WA","WA, USA",0,-1,,,,
25497,"US12058790","https://waterdata.usgs.gov/monitoring-location/USGS-12058790","https://waterservices.usgs.gov/nwis/iv/?sites=12058790&parameterCd=00065&format=json&period=P7D","https://waterservices.usgs.gov/nwis/iv/?sites=12058790&parameterCd=00060&format=json","https://waterdata.usgs.gov/combined-location-graph/#locationId=USGS-12058790&parameterCode=00065","USGS",2.34,294,"",1781721672000,"Nf Skokomish R Nr Lwr Cushman Dam Nr Potlatch, ,WA","WA, USA",0,-1,,,,
25508,"US12086000","https://waterdata.usgs.gov/monitoring-location/USGS-12086000","https://waterservices.usgs.gov/nwis/iv/?sites=12086000&parameterCd=00065&format=json&period=P7D","https://waterservices.usgs.gov/nwis/iv/?sites=12086000&parameterCd=00060&format=json","https://waterdata.usgs.gov/combined-location-graph/#locationId=USGS-12086000&parameterCode=00065","USGS",,36.6,"",1781721855000,"Nisqually River At La Grande Dam, ,WA","WA, USA",0,-1,,,,
25540,"US12101100","https://waterdata.usgs.gov/nwis/nwisman/?site_no=12101100","https://waterservices.usgs.gov/nwis/iv/?sites=12101100&parameterCd=00065&format=json&period=P7D","https://waterservices.usgs.gov/nwis/iv/?sites=12101100&parameterCd=00060&format=json","https://waterdata.usgs.gov/nwisweb/graph?agency_cd=USGS&site_no=12101100&parm_cd=00065&period=7","USGS",5.83,25.8,"",1760327100000,"Lake Tapps Diversion At Dieringer, WA","WA, USA",4320,-1,,,,
25546,"US12105900","https://waterdata.usgs.gov/monitoring-location/USGS-12105900","https://waterservices.usgs.gov/nwis/iv/?sites=12105900&parameterCd=00065&format=json&period=P7D","https://waterservices.usgs.gov/nwis/iv/?sites=12105900&parameterCd=00060&format=json","https://waterdata.usgs.gov/combined-location-graph/#locationId=USGS-12105900&parameterCode=00065","USGS",4.63,369,"",1781721744000,"Green River Below Howard A Hanson Dam, ,WA","WA, USA",0,-1,,,,
25580,"US12137800","https://waterdata.usgs.gov/monitoring-location/USGS-12137800","https://waterservices.usgs.gov/nwis/iv/?sites=12137800&parameterCd=00065&format=json&period=P7D","https://waterservices.usgs.gov/nwis/iv/?sites=12137800&parameterCd=00060&format=json","https://waterdata.usgs.gov/combined-location-graph/#locationId=USGS-12137800&parameterCode=00065","USGS",25.76,113,"",1781723599000,"Sultan River Below Diversion Dam Near Sultan, ,WA","WA, USA",0,-1,,,,
25653,"US12301933","https://waterdata.usgs.gov/monitoring-location/USGS-12301933","https://waterservices.usgs.gov/nwis/iv/?sites=12301933&parameterCd=00065&format=json&period=P7D","https://waterservices.usgs.gov/nwis/iv/?sites=12301933&parameterCd=00060&format=json","https://waterdata.usgs.gov/combined-location-graph/#locationId=USGS-12301933&parameterCode=00065","USGS",22.73,20200,"",1781723718000,"Kootenai River bl Libby Dam nr Libby MT","MT, USA",0,-1,,,,
25693,"US12335500","https://waterdata.usgs.gov/nwis/nwisman/?site_no=12335500","https://waterservices.usgs.gov/nwis/iv/?sites=12335500&parameterCd=00065&format=json&period=P7D","https://waterservices.usgs.gov/nwis/iv/?sites=12335500&parameterCd=00060&format=json",,"USGS",-999999,-999999,"",1742831100000,"Nevada Cr ab reservoir, nr Helmville, MT","MT, USA",4320,-1,,,,
25719,"US12377150","https://waterdata.usgs.gov/monitoring-location/USGS-12377150","https://waterservices.usgs.gov/nwis/iv/?sites=12377150&parameterCd=00065&format=json&period=P7D","https://waterservices.usgs.gov/nwis/iv/?sites=12377150&parameterCd=00060&format=json","https://waterdata.usgs.gov/combined-location-graph/#locationId=USGS-12377150&parameterCode=00065","USGS",2.98,174,"",1781721197000,"Mission Creek ab reservoir nr St. Ignatius MT","MT, USA",0,-1,,,,
25725,"US12391950","https://waterdata.usgs.gov/monitoring-location/USGS-12391950","https://waterservices.usgs.gov/nwis/iv/?sites=12391950&parameterCd=00065&format=json&period=P7D","https://waterservices.usgs.gov/nwis/iv/?sites=12391950&parameterCd=00060&format=json","https://waterdata.usgs.gov/combined-location-graph/#locationId=USGS-12391950&parameterCode=00065","USGS",15.06,37400,"",1781722944000,"Clark Fork River Below Cabinet Gorge Dam ,ID","ID, USA",0,-1,,,,
25761,"US12426000","https://waterdata.usgs.gov/monitoring-location/USGS-12426000","https://waterservices.usgs.gov/nwis/iv/?sites=12426000&parameterCd=00065&format=json&period=P7D","https://waterservices.usgs.gov/nwis/iv/?sites=12426000&parameterCd=00060&format=json","https://waterdata.usgs.gov/combined-location-graph/#locationId=USGS-12426000&parameterCode=00065","USGS",6.74,2820,"",1781720721000,"Spokane River Below Nine Mile Dam At Spokane, ,WA","WA, USA",0,-1,,,,
25764,"US12433200","https://waterdata.usgs.gov/monitoring-location/USGS-12433200","https://waterservices.usgs.gov/nwis/iv/?sites=12433200&parameterCd=00065&format=json&period=P7D","https://waterservices.usgs.gov/nwis/iv/?sites=12433200&parameterCd=00060&format=json","https://waterdata.usgs.gov/combined-location-graph/#locationId=USGS-12433200&parameterCode=00065","USGS",7.28,27.4,"",1781721319000,"Chamokane Creek Below Falls Near Long Lake, ,WA","WA, USA",0,-1,,,,
25800,"US12467000","https://waterdata.usgs.gov/monitoring-location/USGS-12467000","https://waterservices.usgs.gov/nwis/iv/?sites=12467000&parameterCd=00065&format=json&period=P7D","https://waterservices.usgs.gov/nwis/iv/?sites=12467000&parameterCd=00060&format=json","https://waterdata.usgs.gov/combined-location-graph/#locationId=USGS-12467000&parameterCode=00065","USGS",3.02,55.4,"",1781722943000,"Crab Creek Near Moses Lake, ,WA","WA, USA",0,-1,,,,
25802,"US12472800","https://waterdata.usgs.gov/monitoring-location/USGS-12472800","https://waterservices.usgs.gov/nwis/iv/?sites=12472800&parameterCd=00065&format=json&period=P7D","https://waterservices.usgs.gov/nwis/iv/?sites=12472800&parameterCd=00060&format=json","https://waterdata.usgs.gov/combined-location-graph/#locationId=USGS-12472800&parameterCode=00065","USGS",18.91,165000,"",1781720958000,"Columbia River Below Priest Rapids Dam, ,WA","WA, USA",0,-1,,,,
25813,"US13010065","https://waterdata.usgs.gov/monitoring-location/USGS-13010065","https://waterservices.usgs.gov/nwis/iv/?sites=13010065&parameterCd=00065&format=json&period=P7D","https://waterservices.usgs.gov/nwis/iv/?sites=13010065&parameterCd=00060&format=json","https://waterdata.usgs.gov/combined-location-graph/#locationId=USGS-13010065&parameterCode=00065","USGS",3.9,1220,"",1781721497000,"Snake River Ab Jackson Lake At Flagg Ranch ,WY","WY, USA",0,-1,,,,
25830,"US13022500","https://waterdata.usgs.gov/monitoring-location/USGS-13022500","https://waterservices.usgs.gov/nwis/iv/?sites=13022500&parameterCd=00065&format=json&period=P7D","https://waterservices.usgs.gov/nwis/iv/?sites=13022500&parameterCd=00060&format=json","https://waterdata.usgs.gov/combined-location-graph/#locationId=USGS-13022500&parameterCode=00065","USGS",6.89,10100,"",1781721500000,"Snake River Above Reservoir, Near Alpine, ,WY","WY, USA",0,-1,,,,
25831,"US13023000","https://waterdata.usgs.gov/monitoring-location/USGS-13023000","https://waterservices.usgs.gov/nwis/iv/?sites=13023000&parameterCd=00065&format=json&period=P7D","https://waterservices.usgs.gov/nwis/iv/?sites=13023000&parameterCd=00060&format=json","https://waterdata.usgs.gov/combined-location-graph/#locationId=USGS-13023000&parameterCode=00065","USGS",2.3,848,"",1781717901000,"Greys River Above Reservoir, Near Alpine, ,WY","WY, USA",1,-1,,,,
25833,"US13027500","https://waterdata.usgs.gov/monitoring-location/USGS-13027500","https://waterservices.usgs.gov/nwis/iv/?sites=13027500&parameterCd=00065&format=json&period=P7D","https://waterservices.usgs.gov/nwis/iv/?sites=13027500&parameterCd=00060&format=json","https://waterdata.usgs.gov/combined-location-graph/#locationId=USGS-13027500&parameterCode=00065","USGS",1.81,381,"",1781721439000,"Salt River Above Reservoir, Near Etna, ,WY","WY, USA",0,-1,,,,
25839,"US13039500","https://waterdata.usgs.gov/monitoring-location/USGS-13039500","https://waterservices.usgs.gov/nwis/iv/?sites=13039500&parameterCd=00065&format=json&period=P7D","https://waterservices.usgs.gov/nwis/iv/?sites=13039500&parameterCd=00060&format=json","https://waterdata.usgs.gov/combined-location-graph/#locationId=USGS-13039500&parameterCode=00065","USGS",4.75,41.7,"",1781722642000,"Henrys Fork Nr Lake ,ID","ID, USA",0,-1,,,,
25855,"US13057300","https://waterdata.usgs.gov/monitoring-location/USGS-13057300","https://waterservices.usgs.gov/nwis/iv/?sites=13057300&parameterCd=00065&format=json&period=P7D","https://waterservices.usgs.gov/nwis/iv/?sites=13057300&parameterCd=00060&format=json","https://waterdata.usgs.gov/combined-location-graph/#locationId=USGS-13057300&parameterCode=00065","USGS",3.23,3.06,"",1781720360000,"Grays Lake Div To Blackfoot R Basin Nr Wayan, ,ID","ID, USA",0,-1,,,,
25865,"US13063000","https://waterdata.usgs.gov/monitoring-location/USGS-13063000","https://waterservices.usgs.gov/nwis/iv/?sites=13063000&parameterCd=00065&format=json&period=P7D","https://waterservices.usgs.gov/nwis/iv/?sites=13063000&parameterCd=00060&format=json","https://waterdata.usgs.gov/combined-location-graph/#locationId=USGS-13063000&parameterCode=00065","USGS",1.88,40.2,"",1781722580000,"Blackfoot River Ab Reservoir Nr Henry ,ID","ID, USA",0,-1,,,,
25930,"US13142500","https://waterdata.usgs.gov/monitoring-location/USGS-13142500","https://waterservices.usgs.gov/nwis/iv/?sites=13142500&parameterCd=00065&format=json&period=P7D","https://waterservices.usgs.gov/nwis/iv/?sites=13142500&parameterCd=00060&format=json","https://waterdata.usgs.gov/combined-location-graph/#locationId=USGS-13142500&parameterCode=00065","USGS",4.73,923,"",1781723245000,"Big Wood River Bl Magic Dam Nr Richfield ,ID","ID, USA",0,-1,,,,
25949,"US13190500","https://waterdata.usgs.gov/monitoring-location/USGS-13190500","https://waterservices.usgs.gov/nwis/iv/?sites=13190500&parameterCd=00065&format=json&period=P7D","https://waterservices.usgs.gov/nwis/iv/?sites=13190500&parameterCd=00060&format=json","https://waterdata.usgs.gov/combined-location-graph/#locationId=USGS-13190500&parameterCode=00065","USGS",4.92,1600,"",1781721267000,"Sf Boise River At Anderson Ranch Dam ,ID","ID, USA",0,-1,,,,
25950,"US13200000","https://waterdata.usgs.gov/monitoring-location/USGS-13200000","https://waterservices.usgs.gov/nwis/iv/?sites=13200000&parameterCd=00065&format=json&period=P7D","https://waterservices.usgs.gov/nwis/iv/?sites=13200000&parameterCd=00060&format=json","https://waterdata.usgs.gov/combined-location-graph/#locationId=USGS-13200000&parameterCode=00065","USGS",2.26,82.3,"",1781721674000,"Mores Creek Ab Robie Creek Nr Arrowrock Dam ,ID","ID, USA",0,-1,,,,
25967,"US13233300","https://waterdata.usgs.gov/monitoring-location/USGS-13233300","https://waterservices.usgs.gov/nwis/iv/?sites=13233300&parameterCd=00065&format=json&period=P7D","https://waterservices.usgs.gov/nwis/iv/?sites=13233300&parameterCd=00060&format=json","https://waterdata.usgs.gov/combined-location-graph/#locationId=USGS-13233300&parameterCode=00065","USGS",10.02,3.85,"",1781721559000,"Malheur River Below Nevada Dam Near Vale ,OR","OR, USA",0,-1,,,,
25973,"US13240000","https://waterdata.usgs.gov/monitoring-location/USGS-13240000","https://waterservices.usgs.gov/nwis/iv/?sites=13240000&parameterCd=00065&format=json&period=P7D","https://waterservices.usgs.gov/nwis/iv/?sites=13240000&parameterCd=00060&format=json","https://waterdata.usgs.gov/combined-location-graph/#locationId=USGS-13240000&parameterCode=00065","USGS",5.15,208,"",1781721444000,"Lake Fork Payette River Ab Jumbo Cr Nr Mccall ,ID","ID, USA",0,-1,,,,
25983,"US13290450","https://waterdata.usgs.gov/nwis/nwisman/?site_no=13290450","https://waterservices.usgs.gov/nwis/iv/?sites=13290450&parameterCd=00065&format=json&period=P7D","https://waterservices.usgs.gov/nwis/iv/?sites=13290450&parameterCd=00060&format=json",,"USGS",,21900,"",1739550600000,"Snake River At Hells Canyon Dam Id-Or State Line","OR, USA",4320,-1,,,,
26044,"US14034470","https://waterdata.usgs.gov/monitoring-location/USGS-14034470","https://waterservices.usgs.gov/nwis/iv/?sites=14034470&parameterCd=00065&format=json&period=P7D","https://waterservices.usgs.gov/nwis/iv/?sites=14034470&parameterCd=00060&format=json","https://waterdata.usgs.gov/combined-location-graph/#locationId=USGS-14034470&parameterCode=00065","USGS",4.32,1.29,"",1781723299000,"Willow Creek Abv Willow Cr Lake, Nr Heppner, ,OR","OR, USA",0,-1,,,,
26110,"US14153500","https://waterdata.usgs.gov/monitoring-location/USGS-14153500","https://waterservices.usgs.gov/nwis/iv/?sites=14153500&parameterCd=00065&format=json&period=P7D","https://waterservices.usgs.gov/nwis/iv/?sites=14153500&parameterCd=00060&format=json","https://waterdata.usgs.gov/combined-location-graph/#locationId=USGS-14153500&parameterCode=00065","USGS",3.18,84.9,"",1781723117000,"Coast Fork Willamette R Blw Cottage Grove Dam, ,OR","OR, USA",0,-1,,,,
26119,"US14158850","https://waterdata.usgs.gov/monitoring-location/USGS-14158850","https://waterservices.usgs.gov/nwis/iv/?sites=14158850&parameterCd=00065&format=json&period=P7D","https://waterservices.usgs.gov/nwis/iv/?sites=14158850&parameterCd=00060&format=json","https://waterdata.usgs.gov/combined-location-graph/#locationId=USGS-14158850&parameterCode=00065","USGS",6.31,676,"",1781721319000,"Mckenzie R Blw Trail Br Dam Nr Belknap Springs, ,OR","OR, USA",0,-1,,,,
26121,"US14159200","https://waterdata.usgs.gov/monitoring-location/USGS-14159200","https://waterservices.usgs.gov/nwis/iv/?sites=14159200&parameterCd=00065&format=json&period=P7D","https://waterservices.usgs.gov/nwis/iv/?sites=14159200&parameterCd=00060&format=json","https://waterdata.usgs.gov/combined-location-graph/#locationId=USGS-14159200&parameterCode=00065","USGS",3.63,256,"",1781723237000,"So Fk Mckenzie River Abv Cougar Lake Nr Rainbow ,OR","OR, USA",0,-1,,,,
26129,"US14163150","https://waterdata.usgs.gov/monitoring-location/USGS-14163150","https://waterservices.usgs.gov/nwis/iv/?sites=14163150&parameterCd=00065&format=json&period=P7D","https://waterservices.usgs.gov/nwis/iv/?sites=14163150&parameterCd=00060&format=json","https://waterdata.usgs.gov/combined-location-graph/#locationId=USGS-14163150&parameterCode=00065","USGS",4.63,2110,"",1781722034000,"Mckenzie River Blw Leaburg Dam, Nr Leaburg, ,OR","OR, USA",0,-1,,,,
26191,"US14211315","https://waterdata.usgs.gov/monitoring-location/USGS-14211315","https://waterservices.usgs.gov/nwis/iv/?sites=14211315&parameterCd=00065&format=json&period=P7D","https://waterservices.usgs.gov/nwis/iv/?sites=14211315&parameterCd=00060&format=json","https://waterdata.usgs.gov/combined-location-graph/#locationId=USGS-14211315&parameterCode=00065","USGS",1.62,2.7,"",1781723306000,"Tryon Creek Near Lake Oswego, ,OR","OR, USA",0,-1,,,,
26210,"US14238000","https://waterdata.usgs.gov/monitoring-location/USGS-14238000","https://waterservices.usgs.gov/nwis/iv/?sites=14238000&parameterCd=00065&format=json&period=P7D","https://waterservices.usgs.gov/nwis/iv/?sites=14238000&parameterCd=00060&format=json","https://waterdata.usgs.gov/combined-location-graph/#locationId=USGS-14238000&parameterCode=00065","USGS",10.65,3510,"",1781722872000,"Cowlitz River Below Mayfield Dam, ,WA","WA, USA",0,-1,,,,
26214,"US14242580","https://waterdata.usgs.gov/monitoring-location/USGS-14242580","https://waterservices.usgs.gov/nwis/iv/?sites=14242580&parameterCd=00065&format=json&period=P7D","https://waterservices.usgs.gov/nwis/iv/?sites=14242580&parameterCd=00060&format=json","https://waterdata.usgs.gov/combined-location-graph/#locationId=USGS-14242580&parameterCode=00065","USGS",120.94,774,"",1781722467000,"Toutle River At Tower Road Near Silver Lake, ,WA","WA, USA",0,-1,,,,
26241,"US14315700","https://waterdata.usgs.gov/monitoring-location/USGS-14315700","https://waterservices.usgs.gov/nwis/iv/?sites=14315700&parameterCd=00065&format=json&period=P7D","https://waterservices.usgs.gov/nwis/iv/?sites=14315700&parameterCd=00060&format=json","https://waterdata.usgs.gov/combined-location-graph/#locationId=USGS-14315700&parameterCode=00065","USGS",2.35,260,"",1781721135000,"N.Umpqua R Blw Slide Ck Dam Nr Toketee Falls, ,OR","OR, USA",0,-1,,,,
26322,"US15239001","https://waterdata.usgs.gov/monitoring-location/USGS-15239001","https://waterservices.usgs.gov/nwis/iv/?sites=15239001&parameterCd=00065&format=json&period=P7D","https://waterservices.usgs.gov/nwis/iv/?sites=15239001&parameterCd=00060&format=json","https://waterdata.usgs.gov/combined-location-graph/#locationId=USGS-15239001&parameterCode=00065","USGS",2.58,29.3,"",1781720786000,"Bradley R Bl Dam Nr Homer ,AK","AK, USA",0,-1,,,,
26373,"US15493700","https://waterdata.usgs.gov/monitoring-location/USGS-15493700","https://waterservices.usgs.gov/nwis/iv/?sites=15493700&parameterCd=00065&format=json&period=P7D","https://waterservices.usgs.gov/nwis/iv/?sites=15493700&parameterCd=00060&format=json","https://waterdata.usgs.gov/combined-location-graph/#locationId=USGS-15493700&parameterCode=00065","USGS",17.13,1450,"",1781723250000,"Chena R Bl Moose C Dam ,AK","AK, USA",0,-1,,,,
26414,"US16210200","https://waterdata.usgs.gov/monitoring-location/USGS-16210200","https://waterservices.usgs.gov/nwis/iv/?sites=16210200&parameterCd=00065&format=json&period=P7D","https://waterservices.usgs.gov/nwis/iv/?sites=16210200&parameterCd=00060&format=json","https://waterdata.usgs.gov/combined-location-graph/#locationId=USGS-16210200&parameterCode=00065","USGS",6.84,131,"",1781722694000,"Kaukonahua Stream blw Wahiawa Reservoir, Oahu, HI","HI, USA",0,-1,,,,
26455,"US16501200","https://waterdata.usgs.gov/monitoring-location/USGS-16501200","https://waterservices.usgs.gov/nwis/iv/?sites=16501200&parameterCd=00065&format=json&period=P7D","https://waterservices.usgs.gov/nwis/iv/?sites=16501200&parameterCd=00060&format=json","https://waterdata.usgs.gov/combined-location-graph/#locationId=USGS-16501200&parameterCode=00065","USGS",0.67,2.54,"",1781721431000,"Oheo Gulch at dam near Kipahulu, Maui, HI","HI, USA",0,-1,,,,
26484,"US16849000","https://waterdata.usgs.gov/nwis/nwisman/?site_no=16849000","https://waterservices.usgs.gov/nwis/iv/?sites=16849000&parameterCd=00065&format=json&period=P7D","https://waterservices.usgs.gov/nwis/iv/?sites=16849000&parameterCd=00060&format=json","https://waterdata.usgs.gov/nwisweb/graph?agency_cd=USGS&site_no=16849000&parm_cd=00065&period=7","USGS",0.09,12,"",1.760328e+12,"Fena Dam Spillway near Agat, Guam","GU, USA",4320,-1,,,,
26487,"US182743067004200","https://waterdata.usgs.gov/nwis/nwisman/?site_no=182743067004200","https://waterservices.usgs.gov/nwis/iv/?sites=182743067004200&parameterCd=00065&format=json&period=P7D","https://waterservices.usgs.gov/nwis/iv/?sites=182743067004200&parameterCd=00060&format=json","https://waterdata.usgs.gov/nwisweb/graph?agency_cd=USGS&site_no=182743067004200&parm_cd=00065&period=7","USGS",5.23,29.3,"",1760326200000,"Canal Principal Diversion Blw Forebay, Isabela, PR","PR, USA",4320,-1,,,,
26493,"US250802081035500","https://waterdata.usgs.gov/nwis/nwisman/?site_no=250802081035500","https://waterservices.usgs.gov/nwis/iv/?sites=250802081035500&parameterCd=00065&format=json&period=P7D","https://waterservices.usgs.gov/nwis/iv/?sites=250802081035500&parameterCd=00060&format=json","https://waterdata.usgs.gov/nwisweb/graph?agency_cd=USGS&site_no=250802081035500&parm_cd=00065&period=7","USGS",0.24,1380,"",1760325300000,"East Side Creek Near Lake Ingraham, FL","FL, USA",4320,-1,,,,
26501,"US251154080471900","https://waterdata.usgs.gov/monitoring-location/USGS-251154080471900","https://waterservices.usgs.gov/nwis/iv/?sites=251154080471900&parameterCd=00065&format=json&period=P7D","https://waterservices.usgs.gov/nwis/iv/?sites=251154080471900&parameterCd=00060&format=json","https://waterdata.usgs.gov/combined-location-graph/#locationId=USGS-251154080471900&parameterCode=00065","USGS",-0.36,-7.67,"",1781721793000,"Cuthbert Lake Outlet Near Flamingo, ,FL","FL, USA",0,-1,,,,
26502,"US251203080480600","https://waterdata.usgs.gov/monitoring-location/USGS-251203080480600","https://waterservices.usgs.gov/nwis/iv/?sites=251203080480600&parameterCd=00065&format=json&period=P7D","https://waterservices.usgs.gov/nwis/iv/?sites=251203080480600&parameterCd=00060&format=json","https://waterdata.usgs.gov/combined-location-graph/#locationId=USGS-251203080480600&parameterCode=00065","USGS",-0.5,15.4,"",1781721795000,"West Lake Outlet To Long Lake Near Flamingo, ,FL","FL, USA",0,-1,,,,
26629,"US340229116510601","https://waterdata.usgs.gov/monitoring-location/USGS-340229116510601","https://waterservices.usgs.gov/nwis/iv/?sites=340229116510601&parameterCd=00065&format=json&period=P7D","https://waterservices.usgs.gov/nwis/iv/?sites=340229116510601&parameterCd=00060&format=json","https://waterdata.usgs.gov/combined-location-graph/#locationId=USGS-340229116510601&parameterCode=00065","USGS",1.16,1.33,"",1781723246000,"Burnt Canyon C Abv Div Dam Nr Banning ,CA","CA, USA",0,-1,,,,
26724,"US410121081330300","https://waterdata.usgs.gov/nwis/nwisman/?site_no=410121081330300","https://waterservices.usgs.gov/nwis/iv/?sites=410121081330300&parameterCd=00065&format=json&period=P7D","https://waterservices.usgs.gov/nwis/iv/?sites=410121081330300&parameterCd=00060&format=json","https://waterdata.usgs.gov/nwisweb/graph?agency_cd=USGS&site_no=410121081330300&parm_cd=00065&period=7","USGS",3.5,18,"",1760324400000,"Long Lake Feeder O&E Canal OH","OH, USA",4320,-1,,,,
26789,"US424848088083100","https://waterdata.usgs.gov/nwis/nwisman/?site_no=424848088083100","https://waterservices.usgs.gov/nwis/iv/?sites=424848088083100&parameterCd=00065&format=json&period=P7D","https://waterservices.usgs.gov/nwis/iv/?sites=424848088083100&parameterCd=00060&format=json","https://waterdata.usgs.gov/nwisweb/graph?agency_cd=USGS&site_no=424848088083100&parm_cd=00065&period=7","USGS",8,0,"",1.760328e+12,"Wind Lake At Outlet At Wind Lake, WI","WI, USA",4320,-1,,,,
26860,"US480608115242901","https://waterdata.usgs.gov/monitoring-location/USGS-480608115242901","https://waterservices.usgs.gov/nwis/iv/?sites=480608115242901&parameterCd=00065&format=json&period=P7D","https://waterservices.usgs.gov/nwis/iv/?sites=480608115242901&parameterCd=00060&format=json","https://waterdata.usgs.gov/combined-location-graph/#locationId=USGS-480608115242901&parameterCode=00065","USGS",1.13,1.04,"",1781722032000,"Libby Wetland Site bl Schrieber Lake nr Libby, MT","MT, USA",0,-1,,,,
26891,"US50047560","https://waterdata.usgs.gov/monitoring-location/USGS-50047560","https://waterservices.usgs.gov/nwis/iv/?sites=50047560&parameterCd=00065&format=json&period=P7D","https://waterservices.usgs.gov/nwis/iv/?sites=50047560&parameterCd=00060&format=json","https://waterdata.usgs.gov/combined-location-graph/#locationId=USGS-50047560&parameterCode=00065","USGS",5.65,3.29,"",1781720899000,"Rio De Bayamon Blw Lago De Cidra Dam, ,PR","PR, USA",0,-1,,,,
26926,"US50093053","https://waterdata.usgs.gov/nwis/nwisman/?site_no=50093053","https://waterservices.usgs.gov/nwis/iv/?sites=50093053&parameterCd=00065&format=json&period=P7D","https://waterservices.usgs.gov/nwis/iv/?sites=50093053&parameterCd=00060&format=json","https://waterdata.usgs.gov/nwisweb/graph?agency_cd=USGS&site_no=50093053&parm_cd=00065&period=7","USGS",1.56,19,"",1760325300000,"Canal De Patillas At Forebay, PR","PR, USA",4320,-1,,,,
26952,"US50128905","https://waterdata.usgs.gov/nwis/nwisman/?site_no=50128905","https://waterservices.usgs.gov/nwis/iv/?sites=50128905&parameterCd=00065&format=json&period=P7D","https://waterservices.usgs.gov/nwis/iv/?sites=50128905&parameterCd=00060&format=json","https://waterdata.usgs.gov/nwisweb/graph?agency_cd=USGS&site_no=50128905&parm_cd=00065&period=7","USGS",0.81,25.4,"",1760325300000,"Canal De Riego De Lajas Blw Lago Loco Dam Yauco PR","PR, USA",4320,-1,,,,
26971,"WA03G100","https://apps.ecology.wa.gov/ContinuousFlowAndWQ/StationDetails?sta=03G100","https://apps.ecology.wa.gov/ContinuousFlowAndWQ/StationData/Prod/03G100/03G100_STG_FM.txt","https://apps.ecology.wa.gov/ContinuousFlowAndWQ/StationData/Prod/03G100/03G100_DSG_FM.txt","https://apps.ecology.wa.gov/ContinuousFlowAndWQ/StationData/Prod/03G100/03G100_DSG_SD.png","Washington State",59.92,8.8,"",1781708400000,"E.F. Nookachamps Cr. @ Beaver Lake Rd.","WA, USA",4,-1,,,,
27083,"AUS110006C","https://www.bom.gov.au/waterdata/","https://www.bom.gov.au/waterdata/services?service=SOS&version=2.0&request=Getobservation&featureofinterest=110006C&observedProperty=Water%20Course%20Level&procedure=Pat3_C_B_1&temporalFilter=om:phenomenonTime,2025/2026","https://www.bom.gov.au/waterdata/services?service=SOS&version=2.0&request=Getobservation&featureofinterest=110006C&observedProperty=Water%20Course%20Discharge&procedure=Pat4_C_B_1&temporalFilter=om:phenomenonTime,2025/2026",,"Bureau of Meteorology",4.10433084,141.046776004,"",1781571600000,"Barron R at Tinaroo Falls Dam TW","Australia",42,-1,,,,
27143,"AUS120215A","https://www.bom.gov.au/waterdata/","https://www.bom.gov.au/waterdata/services?service=SOS&version=2.0&request=Getobservation&featureofinterest=120215A&observedProperty=Water%20Course%20Level&procedure=Pat3_C_B_1&temporalFilter=om:phenomenonTime,2025/2026","https://www.bom.gov.au/waterdata/services?service=SOS&version=2.0&request=Getobservation&featureofinterest=120215A&observedProperty=Water%20Course%20Discharge&procedure=Pat4_C_B_1&temporalFilter=om:phenomenonTime,2025/2026",,"Bureau of Meteorology",6.66666688,0.953495982,"",1781567100000,"Broken R at Eungella Dam TW","Australia",43,-1,,,,
27156,"AUS122003A","https://www.bom.gov.au/waterdata/","https://www.bom.gov.au/waterdata/services?service=SOS&version=2.0&request=Getobservation&featureofinterest=122003A&observedProperty=Water%20Course%20Level&procedure=Pat3_C_B_1&temporalFilter=om:phenomenonTime,2025/2026","https://www.bom.gov.au/waterdata/services?service=SOS&version=2.0&request=Getobservation&featureofinterest=122003A&observedProperty=Water%20Course%20Discharge&procedure=Pat4_C_B_1&temporalFilter=om:phenomenonTime,2025/2026",,"Bureau of Meteorology",6.47637816,13.59614641,"",1781485200000,"Proserpine R at Peter Faust Dam TW","Australia",66,-1,,,,
27171,"AUS125014A","https://www.bom.gov.au/waterdata/","https://www.bom.gov.au/waterdata/services?service=SOS&version=2.0&request=Getobservation&featureofinterest=125014A&observedProperty=Water%20Course%20Level&procedure=Pat3_C_B_1&temporalFilter=om:phenomenonTime,2025/2026","https://www.bom.gov.au/waterdata/services?service=SOS&version=2.0&request=Getobservation&featureofinterest=125014A&observedProperty=Water%20Course%20Discharge&procedure=Pat4_C_B_1&temporalFilter=om:phenomenonTime,2025/2026",,"Bureau of Meteorology",3.76312348,1.094754646,"",1781571600000,"Teemburra Ck at Teemburra Dam TW","Australia",42,-1,,,,
27214,"AUS130347A","https://www.bom.gov.au/waterdata/","https://www.bom.gov.au/waterdata/services?service=SOS&version=2.0&request=Getobservation&featureofinterest=130347A&observedProperty=Water%20Course%20Level&procedure=Pat3_C_B_1&temporalFilter=om:phenomenonTime,2025/2026","https://www.bom.gov.au/waterdata/services?service=SOS&version=2.0&request=Getobservation&featureofinterest=130347A&observedProperty=Water%20Course%20Discharge&procedure=Pat4_C_B_1&temporalFilter=om:phenomenonTime,2025/2026",,"Bureau of Meteorology",5.8070868,0,"",1781571600000,"Callide Creek at Callide Dam Inflow","Australia",42,-1,,,,
27221,"AUS130359A","https://www.bom.gov.au/waterdata/","https://www.bom.gov.au/waterdata/services?service=SOS&version=2.0&request=Getobservation&featureofinterest=130359A&observedProperty=Water%20Course%20Level&procedure=Pat3_C_B_1&temporalFilter=om:phenomenonTime,2025/2026","https://www.bom.gov.au/waterdata/services?service=SOS&version=2.0&request=Getobservation&featureofinterest=130359A&observedProperty=Water%20Course%20Discharge&procedure=Pat4_C_B_1&temporalFilter=om:phenomenonTime,2025/2026",,"Bureau of Meteorology",3.12007884,34.643687346,"",1781481600000,"Kroombit Ck at Kroombit Dam TW","Australia",67,-1,,,,
27230,"AUS130369A","https://www.bom.gov.au/waterdata/","https://www.bom.gov.au/waterdata/services?service=SOS&version=2.0&request=Getobservation&featureofinterest=130369A&observedProperty=Water%20Course%20Level&procedure=Pat3_C_B_1&temporalFilter=om:phenomenonTime,2025/2026","https://www.bom.gov.au/waterdata/services?service=SOS&version=2.0&request=Getobservation&featureofinterest=130369A&observedProperty=Water%20Course%20Discharge&procedure=Pat4_C_B_1&temporalFilter=om:phenomenonTime,2025/2026",,"Bureau of Meteorology",53.47441116,0,"",1781683200000,"Dee River at Number 7 Dam Headwater","Australia",11,-1,,,,
27236,"AUS130377A","https://www.bom.gov.au/waterdata/","https://www.bom.gov.au/waterdata/services?service=SOS&version=2.0&request=Getobservation&featureofinterest=130377A&observedProperty=Water%20Course%20Level&procedure=Pat3_C_B_1&temporalFilter=om:phenomenonTime,2025/2026","https://www.bom.gov.au/waterdata/services?service=SOS&version=2.0&request=Getobservation&featureofinterest=130377A&observedProperty=Water%20Course%20Discharge&procedure=Pat4_C_B_1&temporalFilter=om:phenomenonTime,2025/2026",,"Bureau of Meteorology",3.77624684,23.625511554,"",1781571600000,"Callide Ck at Callide Dam Release Channel","Australia",42,-1,,,,
27247,"AUS130502B","https://www.bom.gov.au/waterdata/","https://www.bom.gov.au/waterdata/services?service=SOS&version=2.0&request=Getobservation&featureofinterest=130502B&observedProperty=Water%20Course%20Level&procedure=Pat3_C_B_1&temporalFilter=om:phenomenonTime,2025/2026","https://www.bom.gov.au/waterdata/services?service=SOS&version=2.0&request=Getobservation&featureofinterest=130502B&observedProperty=Water%20Course%20Discharge&procedure=Pat4_C_B_1&temporalFilter=om:phenomenonTime,2025/2026",,"Bureau of Meteorology",0.56758532,0,"",1781510400000,"Brown River at Lake Brown","Australia",59,-1,,,,
27249,"AUS130506A","https://www.bom.gov.au/waterdata/","https://www.bom.gov.au/waterdata/services?service=SOS&version=2.0&request=Getobservation&featureofinterest=130506A&observedProperty=Water%20Course%20Level&procedure=Pat3_C_B_1&temporalFilter=om:phenomenonTime,2025/2026","https://www.bom.gov.au/waterdata/services?service=SOS&version=2.0&request=Getobservation&featureofinterest=130506A&observedProperty=Water%20Course%20Discharge&procedure=Pat4_C_B_1&temporalFilter=om:phenomenonTime,2025/2026",,"Bureau of Meteorology",3.12007884,1.58915997,"",1781510400000,"Comet River at The Lake","Australia",59,-1,,,,
27259,"AUS135012A","https://www.bom.gov.au/waterdata/","https://www.bom.gov.au/waterdata/services?service=SOS&version=2.0&request=Getobservation&featureofinterest=135012A&observedProperty=Water%20Course%20Level&procedure=Pat3_C_B_1&temporalFilter=om:phenomenonTime,2025/2026","https://www.bom.gov.au/waterdata/services?service=SOS&version=2.0&request=Getobservation&featureofinterest=135012A&observedProperty=Water%20Course%20Discharge&procedure=Pat4_C_B_1&temporalFilter=om:phenomenonTime,2025/2026",,"Bureau of Meteorology",-0.98753284,0,"",1781481600000,"Kolan R at Fred Haigh Dam TW","Australia",67,-1,,,,
27276,"AUS136109B","https://www.bom.gov.au/waterdata/","https://www.bom.gov.au/waterdata/services?service=SOS&version=2.0&request=Getobservation&featureofinterest=136109B&observedProperty=Water%20Course%20Level&procedure=Pat3_C_B_1&temporalFilter=om:phenomenonTime,2025/2026","https://www.bom.gov.au/waterdata/services?service=SOS&version=2.0&request=Getobservation&featureofinterest=136109B&observedProperty=Water%20Course%20Discharge&procedure=Pat4_C_B_1&temporalFilter=om:phenomenonTime,2025/2026",,"Bureau of Meteorology",0.96456696,0.918181316,"",1781564400000,"Nogo River at Wuruma Dam Tailwater","Australia",44,-1,,,,
27280,"AUS136116A","https://www.bom.gov.au/waterdata/","https://www.bom.gov.au/waterdata/services?service=SOS&version=2.0&request=Getobservation&featureofinterest=136116A&observedProperty=Water%20Course%20Level&procedure=Pat3_C_B_1&temporalFilter=om:phenomenonTime,2025/2026","https://www.bom.gov.au/waterdata/services?service=SOS&version=2.0&request=Getobservation&featureofinterest=136116A&observedProperty=Water%20Course%20Discharge&procedure=Pat4_C_B_1&temporalFilter=om:phenomenonTime,2025/2026",,"Bureau of Meteorology",0,0,"",1781571600000,"Three Moon Ck at Cania Dam TW","Australia",42,-1,,,,
27289,"AUS136211A","https://www.bom.gov.au/waterdata/","https://www.bom.gov.au/waterdata/services?service=SOS&version=2.0&request=Getobservation&featureofinterest=136211A&observedProperty=Water%20Course%20Level&procedure=Pat3_C_B_1&temporalFilter=om:phenomenonTime,2025/2026","https://www.bom.gov.au/waterdata/services?service=SOS&version=2.0&request=Getobservation&featureofinterest=136211A&observedProperty=Water%20Course%20Discharge&procedure=Pat4_C_B_1&temporalFilter=om:phenomenonTime,2025/2026",,"Bureau of Meteorology",3.43503948,0.282517328,"",1781571600000,"Barker Ck at Bjelke-Petersen Dam TW","Australia",42,-1,,,,
27300,"AUS136317A","https://www.bom.gov.au/waterdata/","https://www.bom.gov.au/waterdata/services?service=SOS&version=2.0&request=Getobservation&featureofinterest=136317A&observedProperty=Water%20Course%20Level&procedure=Pat3_C_B_1&temporalFilter=om:phenomenonTime,2025/2026","https://www.bom.gov.au/waterdata/services?service=SOS&version=2.0&request=Getobservation&featureofinterest=136317A&observedProperty=Water%20Course%20Discharge&procedure=Pat4_C_B_1&temporalFilter=om:phenomenonTime,2025/2026",,"Bureau of Meteorology",0.8038058,0.211887996,"",1781571600000,"Boyne R at Boondooma Dam TW","Australia",42,-1,,,,
27310,"AUS137303A","https://www.bom.gov.au/waterdata/","https://www.bom.gov.au/waterdata/services?service=SOS&version=2.0&request=Getobservation&featureofinterest=137303A&observedProperty=Water%20Course%20Level&procedure=Pat3_C_B_1&temporalFilter=om:phenomenonTime,2025/2026","https://www.bom.gov.au/waterdata/services?service=SOS&version=2.0&request=Getobservation&featureofinterest=137303A&observedProperty=Water%20Course%20Discharge&procedure=Pat4_C_B_1&temporalFilter=om:phenomenonTime,2025/2026",,"Bureau of Meteorology",84.01246988,0,"",1781510400000,"Burrum River at Lenthalls Dam Headwater","Australia",59,-1,,,,
27371,"AUS143222A","https://www.bom.gov.au/waterdata/","https://www.bom.gov.au/waterdata/services?service=SOS&version=2.0&request=Getobservation&featureofinterest=143222A&observedProperty=Water%20Course%20Level&procedure=Pat3_C_B_1&temporalFilter=om:phenomenonTime,2025/2026","https://www.bom.gov.au/waterdata/services?service=SOS&version=2.0&request=Getobservation&featureofinterest=143222A&observedProperty=Water%20Course%20Discharge&procedure=Pat4_C_B_1&temporalFilter=om:phenomenonTime,2025/2026",,"Bureau of Meteorology",0.61351708,0,"",1781564400000,"Atkinson Dam at Atkinson Creek Outlet","Australia",44,-1,,,,
27383,"AUS144003A","https://www.bom.gov.au/waterdata/","https://www.bom.gov.au/waterdata/services?service=SOS&version=2.0&request=Getobservation&featureofinterest=144003A&observedProperty=Water%20Course%20Level&procedure=Pat3_C_B_1&temporalFilter=om:phenomenonTime,2025/2026","https://www.bom.gov.au/waterdata/services?service=SOS&version=2.0&request=Getobservation&featureofinterest=144003A&observedProperty=Water%20Course%20Discharge&procedure=Pat4_C_B_1&temporalFilter=om:phenomenonTime,2025/2026",,"Bureau of Meteorology",1.80774284,9.464330488,"",1781510400000,"Blue Lake at Outflow","Australia",59,-1,,,,
27391,"AUS145018A","https://www.bom.gov.au/waterdata/","https://www.bom.gov.au/waterdata/services?service=SOS&version=2.0&request=Getobservation&featureofinterest=145018A&observedProperty=Water%20Course%20Level&procedure=Pat3_C_B_1&temporalFilter=om:phenomenonTime,2025/2026","https://www.bom.gov.au/waterdata/services?service=SOS&version=2.0&request=Getobservation&featureofinterest=145018A&observedProperty=Water%20Course%20Discharge&procedure=Pat4_C_B_1&temporalFilter=om:phenomenonTime,2025/2026",,"Bureau of Meteorology",3.89107624,17.904535662,"",1781510400000,"Burnett Ck at Upstream Maroon Dam","Australia",59,-1,,,,
27416,"AUS175.1","https://www.bom.gov.au/waterdata/","https://www.bom.gov.au/waterdata/services?service=SOS&version=2.0&request=Getobservation&featureofinterest=175.1&observedProperty=Water%20Course%20Level&procedure=Pat3_C_B_1&temporalFilter=om:phenomenonTime,2025/2026","https://www.bom.gov.au/waterdata/services?service=SOS&version=2.0&request=Getobservation&featureofinterest=175.1&observedProperty=Water%20Course%20Discharge&procedure=Pat4_C_B_1&temporalFilter=om:phenomenonTime,2025/2026",,"Bureau of Meteorology",2.05380584,99.728616784,"",1781509500000,"LAKE RIVER - AT PARKNOOK","Australia",59,-1,,,,
27418,"AUS18206.1","https://www.bom.gov.au/waterdata/","https://www.bom.gov.au/waterdata/services?service=SOS&version=2.0&request=Getobservation&featureofinterest=18206.1&observedProperty=Water%20Course%20Level&procedure=Pat3_C_B_1&temporalFilter=om:phenomenonTime,2025/2026","https://www.bom.gov.au/waterdata/services?service=SOS&version=2.0&request=Getobservation&featureofinterest=18206.1&observedProperty=Water%20Course%20Discharge&procedure=Pat4_C_B_1&temporalFilter=om:phenomenonTime,2025/2026",,"Bureau of Meteorology",0.10498688,1.05943998,"",1781553600000,"TOOMS RIVER DS TOOMS LAKE","Australia",47,-1,,,,
27420,"AUS18211.1","https://www.bom.gov.au/waterdata/","https://www.bom.gov.au/waterdata/services?service=SOS&version=2.0&request=Getobservation&featureofinterest=18211.1&observedProperty=Water%20Course%20Level&procedure=Pat3_C_B_1&temporalFilter=om:phenomenonTime,2025/2026","https://www.bom.gov.au/waterdata/services?service=SOS&version=2.0&request=Getobservation&featureofinterest=18211.1&observedProperty=Water%20Course%20Discharge&procedure=Pat4_C_B_1&temporalFilter=om:phenomenonTime,2025/2026",,"Bureau of Meteorology",0.23622048,5.014682572,"",1781474400000,"ELIZABETH RIVER DS LAKE LEAKE","Australia",69,-1,,,,
27516,"AUS206037","https://www.bom.gov.au/waterdata/","https://www.bom.gov.au/waterdata/services?service=SOS&version=2.0&request=Getobservation&featureofinterest=206037&observedProperty=Water%20Course%20Level&procedure=Pat3_C_B_1&temporalFilter=om:phenomenonTime,2025/2026","https://www.bom.gov.au/waterdata/services?service=SOS&version=2.0&request=Getobservation&featureofinterest=206037&observedProperty=Water%20Course%20Discharge&procedure=Pat4_C_B_1&temporalFilter=om:phenomenonTime,2025/2026",,"Bureau of Meteorology",1.25984256,0,"",1781532001000,"DUMARESQ CREEK D/S DUMARESQ DAM","Australia",53,-1,,,,
27517,"AUS206039","https://www.bom.gov.au/waterdata/","https://www.bom.gov.au/waterdata/services?service=SOS&version=2.0&request=Getobservation&featureofinterest=206039&observedProperty=Water%20Course%20Level&procedure=Pat3_C_B_1&temporalFilter=om:phenomenonTime,2025/2026","https://www.bom.gov.au/waterdata/services?service=SOS&version=2.0&request=Getobservation&featureofinterest=206039&observedProperty=Water%20Course%20Discharge&procedure=Pat4_C_B_1&temporalFilter=om:phenomenonTime,2025/2026",,"Bureau of Meteorology",1.58136488,1.024125314,"",1781440201000,"GARA RIVER D/S MALPAS DAM","Australia",78,-1,,,,
27552,"AUS209018","https://www.bom.gov.au/waterdata/","https://www.bom.gov.au/waterdata/services?service=SOS&version=2.0&request=Getobservation&featureofinterest=209018&observedProperty=Water%20Course%20Level&procedure=Pat3_C_B_1&temporalFilter=om:phenomenonTime,2025/2026","https://www.bom.gov.au/waterdata/services?service=SOS&version=2.0&request=Getobservation&featureofinterest=209018&observedProperty=Water%20Course%20Discharge&procedure=Pat4_C_B_1&temporalFilter=om:phenomenonTime,2025/2026",,"Bureau of Meteorology",2.07349088,16.527263688,"",1781438400000,"KARUAH RIVER AT DAM SITE","Australia",79,-1,,,,
27557,"AUS210010","https://www.bom.gov.au/waterdata/","https://www.bom.gov.au/waterdata/services?service=SOS&version=2.0&request=Getobservation&featureofinterest=210010&observedProperty=Water%20Course%20Level&procedure=Pat3_C_B_1&temporalFilter=om:phenomenonTime,2025/2026","https://www.bom.gov.au/waterdata/services?service=SOS&version=2.0&request=Getobservation&featureofinterest=210010&observedProperty=Water%20Course%20Discharge&procedure=Pat4_C_B_1&temporalFilter=om:phenomenonTime,2025/2026",,"Bureau of Meteorology",2.3950132,51.38283903,"",1.781532e+12,"WILLIAMS RIVER AT GLEN MARTIN (MILL DAM FALLS)","Australia",53,-1,,,,
27560,"AUS210015","https://www.bom.gov.au/waterdata/","https://www.bom.gov.au/waterdata/services?service=SOS&version=2.0&request=Getobservation&featureofinterest=210015&observedProperty=Water%20Course%20Level&procedure=Pat3_C_B_1&temporalFilter=om:phenomenonTime,2025/2026","https://www.bom.gov.au/waterdata/services?service=SOS&version=2.0&request=Getobservation&featureofinterest=210015&observedProperty=Water%20Course%20Discharge&procedure=Pat4_C_B_1&temporalFilter=om:phenomenonTime,2025/2026",,"Bureau of Meteorology",0.94488192,1.624474636,"",1781440200000,"HUNTER RIVER AT D/S GLENBAWN DAM","Australia",78,-1,,,,
27563,"AUS210018","https://www.bom.gov.au/waterdata/","https://www.bom.gov.au/waterdata/services?service=SOS&version=2.0&request=Getobservation&featureofinterest=210018&observedProperty=Water%20Course%20Level&procedure=Pat3_C_B_1&temporalFilter=om:phenomenonTime,2025/2026","https://www.bom.gov.au/waterdata/services?service=SOS&version=2.0&request=Getobservation&featureofinterest=210018&observedProperty=Water%20Course%20Discharge&procedure=Pat4_C_B_1&temporalFilter=om:phenomenonTime,2025/2026",,"Bureau of Meteorology",3.12007884,57.527590914,"",1781527500000,"HUNTER RIVER AT MOONAM DAM SITE","Australia",54,-1,,,,
27564,"AUS210021","https://www.bom.gov.au/waterdata/","https://www.bom.gov.au/waterdata/services?service=SOS&version=2.0&request=Getobservation&featureofinterest=210021&observedProperty=Water%20Course%20Level&procedure=Pat3_C_B_1&temporalFilter=om:phenomenonTime,2025/2026","https://www.bom.gov.au/waterdata/services?service=SOS&version=2.0&request=Getobservation&featureofinterest=210021&observedProperty=Water%20Course%20Discharge&procedure=Pat4_C_B_1&temporalFilter=om:phenomenonTime,2025/2026",,"Bureau of Meteorology",0.65944884,35.349980666,"",1781439300000,"PATERSON RIVER AT D/S LOSTOCK DAM","Australia",79,-1,,,,
27570,"AUS210044","https://www.bom.gov.au/waterdata/","https://www.bom.gov.au/waterdata/services?service=SOS&version=2.0&request=Getobservation&featureofinterest=210044&observedProperty=Water%20Course%20Level&procedure=Pat3_C_B_1&temporalFilter=om:phenomenonTime,2025/2026","https://www.bom.gov.au/waterdata/services?service=SOS&version=2.0&request=Getobservation&featureofinterest=210044&observedProperty=Water%20Course%20Discharge&procedure=Pat4_C_B_1&temporalFilter=om:phenomenonTime,2025/2026",,"Bureau of Meteorology",4.4455382,16.138802362,"",1781438400000,"GLENNIES CREEK AT MIDDLE FALBROOK(FAL DAM SITE)","Australia",79,-1,,,,
27623,"AUS212011","https://www.bom.gov.au/waterdata/","https://www.bom.gov.au/waterdata/services?service=SOS&version=2.0&request=Getobservation&featureofinterest=212011&observedProperty=Water%20Course%20Level&procedure=Pat3_C_B_1&temporalFilter=om:phenomenonTime,2025/2026","https://www.bom.gov.au/waterdata/services?service=SOS&version=2.0&request=Getobservation&featureofinterest=212011&observedProperty=Water%20Course%20Discharge&procedure=Pat4_C_B_1&temporalFilter=om:phenomenonTime,2025/2026",,"Bureau of Meteorology",2.41797908,30.088095432,"",1.781532e+12,"COXS RIVER DOWNSTREAM LAKE LYELL","Australia",53,-1,,,,
27637,"AUS212058","https://www.bom.gov.au/waterdata/","https://www.bom.gov.au/waterdata/services?service=SOS&version=2.0&request=Getobservation&featureofinterest=212058&observedProperty=Water%20Course%20Level&procedure=Pat3_C_B_1&temporalFilter=om:phenomenonTime,2025/2026","https://www.bom.gov.au/waterdata/services?service=SOS&version=2.0&request=Getobservation&featureofinterest=212058&observedProperty=Water%20Course%20Discharge&procedure=Pat4_C_B_1&temporalFilter=om:phenomenonTime,2025/2026",,"Bureau of Meteorology",2.0341208,12.218874436,"",1.781532e+12,"COXS RIVER UPSTREAM LAKE LYELL","Australia",53,-1,,,,
27649,"AUS212204","https://www.bom.gov.au/waterdata/","https://www.bom.gov.au/waterdata/services?service=SOS&version=2.0&request=Getobservation&featureofinterest=212204&observedProperty=Water%20Course%20Level&procedure=Pat3_C_B_1&temporalFilter=om:phenomenonTime,2025/2026","https://www.bom.gov.au/waterdata/services?service=SOS&version=2.0&request=Getobservation&featureofinterest=212204&observedProperty=Water%20Course%20Discharge&procedure=Pat4_C_B_1&temporalFilter=om:phenomenonTime,2025/2026",,"Bureau of Meteorology",33.52362312,59.010806886,"",1781440200000,"NEPEAN RIVER AT AVON DAM ROAD","Australia",78,-1,,,,
27702,"AUS215215","https://www.bom.gov.au/waterdata/","https://www.bom.gov.au/waterdata/services?service=SOS&version=2.0&request=Getobservation&featureofinterest=215215&observedProperty=Water%20Course%20Level&procedure=Pat3_C_B_1&temporalFilter=om:phenomenonTime,2025/2026","https://www.bom.gov.au/waterdata/services?service=SOS&version=2.0&request=Getobservation&featureofinterest=215215&observedProperty=Water%20Course%20Discharge&procedure=Pat4_C_B_1&temporalFilter=om:phenomenonTime,2025/2026",,"Bureau of Meteorology",2.25393708,367.943505054,"",1.781532e+12,"SHOALHAVEN RIVER DOWNSTREAM TALLOWA DAM","Australia",53,-1,,,,
27725,"AUS219006","https://www.bom.gov.au/waterdata/","https://www.bom.gov.au/waterdata/services?service=SOS&version=2.0&request=Getobservation&featureofinterest=219006&observedProperty=Water%20Course%20Level&procedure=Pat3_C_B_1&temporalFilter=om:phenomenonTime,2025/2026","https://www.bom.gov.au/waterdata/services?service=SOS&version=2.0&request=Getobservation&featureofinterest=219006&observedProperty=Water%20Course%20Discharge&procedure=Pat4_C_B_1&temporalFilter=om:phenomenonTime,2025/2026",,"Bureau of Meteorology",1.50262472,9.00523983,"",1781532001000,"TANTAWANGALO CREEK AT TANTAWANGALO MOUNTAIN (DAM)","Australia",53,-1,,,,
27730,"AUS219022","https://www.bom.gov.au/waterdata/","https://www.bom.gov.au/waterdata/services?service=SOS&version=2.0&request=Getobservation&featureofinterest=219022&observedProperty=Water%20Course%20Level&procedure=Pat3_C_B_1&temporalFilter=om:phenomenonTime,2025/2026","https://www.bom.gov.au/waterdata/services?service=SOS&version=2.0&request=Getobservation&featureofinterest=219022&observedProperty=Water%20Course%20Discharge&procedure=Pat4_C_B_1&temporalFilter=om:phenomenonTime,2025/2026",,"Bureau of Meteorology",1.48950136,12.642650428,"",1781532001000,"TANTAWANGALO CREEK AT CANDELO DAM SITE","Australia",53,-1,,,,
27738,"AUS2202.1","https://www.bom.gov.au/waterdata/","https://www.bom.gov.au/waterdata/services?service=SOS&version=2.0&request=Getobservation&featureofinterest=2202.1&observedProperty=Water%20Course%20Level&procedure=Pat3_C_B_1&temporalFilter=om:phenomenonTime,2025/2026","https://www.bom.gov.au/waterdata/services?service=SOS&version=2.0&request=Getobservation&featureofinterest=2202.1&observedProperty=Water%20Course%20Discharge&procedure=Pat4_C_B_1&temporalFilter=om:phenomenonTime,2025/2026",,"Bureau of Meteorology",0.52165356,4.520277248,"",1781474400000,"PROSSER RIVER US LOWER DAM","Australia",69,-1,,,,
27794,"AUS225112A","https://www.bom.gov.au/waterdata/","https://www.bom.gov.au/waterdata/services?service=SOS&version=2.0&request=Getobservation&featureofinterest=225112A&observedProperty=Water%20Course%20Level&procedure=Pat3_C_B_1&temporalFilter=om:phenomenonTime,2025/2026","https://www.bom.gov.au/waterdata/services?service=SOS&version=2.0&request=Getobservation&featureofinterest=225112A&observedProperty=Water%20Course%20Discharge&procedure=Pat4_C_B_1&temporalFilter=om:phenomenonTime,2025/2026",,"Bureau of Meteorology",2.2309712,59.081436218,"",1.781532e+12,"THOMSON RIVER DOWNSTREAM OF THOMSON DAM","Australia",53,-1,,,,
27855,"AUS227245","https://www.bom.gov.au/waterdata/","https://www.bom.gov.au/waterdata/services?service=SOS&version=2.0&request=Getobservation&featureofinterest=227245&observedProperty=Water%20Course%20Level&procedure=Pat3_C_B_1&temporalFilter=om:phenomenonTime,2025/2026","https://www.bom.gov.au/waterdata/services?service=SOS&version=2.0&request=Getobservation&featureofinterest=227245&observedProperty=Water%20Course%20Discharge&procedure=Pat4_C_B_1&temporalFilter=om:phenomenonTime,2025/2026",,"Bureau of Meteorology",0.85958008,0.847551984,"",1781481600000,"LITTLE BASS RIVER @ POOWONG U/S LITTLE BASS RESERVOIR","Australia",67,-1,,,,
27857,"AUS227248","https://www.bom.gov.au/waterdata/","https://www.bom.gov.au/waterdata/services?service=SOS&version=2.0&request=Getobservation&featureofinterest=227248&observedProperty=Water%20Course%20Level&procedure=Pat3_C_B_1&temporalFilter=om:phenomenonTime,2025/2026","https://www.bom.gov.au/waterdata/services?service=SOS&version=2.0&request=Getobservation&featureofinterest=227248&observedProperty=Water%20Course%20Discharge&procedure=Pat4_C_B_1&temporalFilter=om:phenomenonTime,2025/2026",,"Bureau of Meteorology",0.51509188,0.070629332,"",1781571600000,"BELLVIEW CREEK @ U/S BELLVIEW RESERVOIR","Australia",42,-1,,,,
27928,"AUS229264A","https://www.bom.gov.au/waterdata/","https://www.bom.gov.au/waterdata/services?service=SOS&version=2.0&request=Getobservation&featureofinterest=229264A&observedProperty=Water%20Course%20Level&procedure=Pat3_C_B_1&temporalFilter=om:phenomenonTime,2025/2026","https://www.bom.gov.au/waterdata/services?service=SOS&version=2.0&request=Getobservation&featureofinterest=229264A&observedProperty=Water%20Course%20Discharge&procedure=Pat4_C_B_1&temporalFilter=om:phenomenonTime,2025/2026",,"Bureau of Meteorology",,60.317449528,"",1.781532e+12,"WATTS RIVER UPSTREAM MAROONDAH RESERVOIR","Australia",53,-1,,,,
27932,"AUS229400A","https://www.bom.gov.au/waterdata/","https://www.bom.gov.au/waterdata/services?service=SOS&version=2.0&request=Getobservation&featureofinterest=229400A&observedProperty=Water%20Course%20Level&procedure=Pat3_C_B_1&temporalFilter=om:phenomenonTime,2025/2026","https://www.bom.gov.au/waterdata/services?service=SOS&version=2.0&request=Getobservation&featureofinterest=229400A&observedProperty=Water%20Course%20Discharge&procedure=Pat4_C_B_1&temporalFilter=om:phenomenonTime,2025/2026",,"Bureau of Meteorology",5.70538076,0,"",1781445600000,"PLENTY RIVER AT TOOROURRONG RESERVOIR HEAD GAUGE","Australia",77,-1,,,,
27940,"AUS229610A","https://www.bom.gov.au/waterdata/","https://www.bom.gov.au/waterdata/services?service=SOS&version=2.0&request=Getobservation&featureofinterest=229610A&observedProperty=Water%20Course%20Level&procedure=Pat3_C_B_1&temporalFilter=om:phenomenonTime,2025/2026","https://www.bom.gov.au/waterdata/services?service=SOS&version=2.0&request=Getobservation&featureofinterest=229610A&observedProperty=Water%20Course%20Discharge&procedure=Pat4_C_B_1&temporalFilter=om:phenomenonTime,2025/2026",,"Bureau of Meteorology",0.54461944,13.384258414,"",1781445600000,"EDGARS CREEK AT EDWARDES LAKE RESERVOIR","Australia",77,-1,,,,
27956,"AUS229635A","https://www.bom.gov.au/waterdata/","https://www.bom.gov.au/waterdata/services?service=SOS&version=2.0&request=Getobservation&featureofinterest=229635A&observedProperty=Water%20Course%20Level&procedure=Pat3_C_B_1&temporalFilter=om:phenomenonTime,2025/2026","https://www.bom.gov.au/waterdata/services?service=SOS&version=2.0&request=Getobservation&featureofinterest=229635A&observedProperty=Water%20Course%20Discharge&procedure=Pat4_C_B_1&temporalFilter=om:phenomenonTime,2025/2026",,"Bureau of Meteorology",0.99081368,0.035314666,"",1781445600000,"GARDINERS CREEK AT LAKE ROAD RETARDING BASIN","Australia",77,-1,,,,
27970,"AUS229672A","https://www.bom.gov.au/waterdata/","https://www.bom.gov.au/waterdata/services?service=SOS&version=2.0&request=Getobservation&featureofinterest=229672A&observedProperty=Water%20Course%20Level&procedure=Pat3_C_B_1&temporalFilter=om:phenomenonTime,2025/2026","https://www.bom.gov.au/waterdata/services?service=SOS&version=2.0&request=Getobservation&featureofinterest=229672A&observedProperty=Water%20Course%20Discharge&procedure=Pat4_C_B_1&temporalFilter=om:phenomenonTime,2025/2026",,"Bureau of Meteorology",14.44881936,11.583210448,"",1781445600000,"OLINDA CREEK AT LILYDALE LAKE RETARDING BASIN","Australia",77,-1,,,,
27981,"AUS230103A","https://www.bom.gov.au/waterdata/","https://www.bom.gov.au/waterdata/services?service=SOS&version=2.0&request=Getobservation&featureofinterest=230103A&observedProperty=Water%20Course%20Level&procedure=Pat3_C_B_1&temporalFilter=om:phenomenonTime,2025/2026","https://www.bom.gov.au/waterdata/services?service=SOS&version=2.0&request=Getobservation&featureofinterest=230103A&observedProperty=Water%20Course%20Discharge&procedure=Pat4_C_B_1&temporalFilter=om:phenomenonTime,2025/2026",,"Bureau of Meteorology",140.36089688,0,"",1781445600000,"JACKSONS CREEK AT ROSSLYNNE RESERVOIR HEAD GAUGE","Australia",77,-1,,,,
28004,"AUS230217","https://www.bom.gov.au/waterdata/","https://www.bom.gov.au/waterdata/services?service=SOS&version=2.0&request=Getobservation&featureofinterest=230217&observedProperty=Water%20Course%20Level&procedure=Pat3_C_B_1&temporalFilter=om:phenomenonTime,2025/2026","https://www.bom.gov.au/waterdata/services?service=SOS&version=2.0&request=Getobservation&featureofinterest=230217&observedProperty=Water%20Course%20Discharge&procedure=Pat4_C_B_1&temporalFilter=om:phenomenonTime,2025/2026",,"Bureau of Meteorology",0.77427824,0.600349322,"",1781481600000,"GARDEN HUT CREEK @ U/S OF LANCEFIELD RESERVOIR","Australia",67,-1,,,,
28011,"AUS230239","https://www.bom.gov.au/waterdata/","https://www.bom.gov.au/waterdata/services?service=SOS&version=2.0&request=Getobservation&featureofinterest=230239&observedProperty=Water%20Course%20Level&procedure=Pat3_C_B_1&temporalFilter=om:phenomenonTime,2025/2026","https://www.bom.gov.au/waterdata/services?service=SOS&version=2.0&request=Getobservation&featureofinterest=230239&observedProperty=Water%20Course%20Discharge&procedure=Pat4_C_B_1&temporalFilter=om:phenomenonTime,2025/2026",,"Bureau of Meteorology",0.69881892,0.918181316,"",1781481600000,"STONEY CREEK @ U/S ORDE HILL RESERVOIR","Australia",67,-1,,,,
28017,"AUS230706","https://www.bom.gov.au/waterdata/","https://www.bom.gov.au/waterdata/services?service=SOS&version=2.0&request=Getobservation&featureofinterest=230706&observedProperty=Water%20Course%20Level&procedure=Pat3_C_B_1&temporalFilter=om:phenomenonTime,2025/2026","https://www.bom.gov.au/waterdata/services?service=SOS&version=2.0&request=Getobservation&featureofinterest=230706&observedProperty=Water%20Course%20Discharge&procedure=Pat4_C_B_1&temporalFilter=om:phenomenonTime,2025/2026",,"Bureau of Meteorology",0.32480316,0,"",1781481600000,"MAIN CREEK OFFTAKE @ FORSTER RESERVOIR","Australia",67,-1,,,,
28025,"AUS231203","https://www.bom.gov.au/waterdata/","https://www.bom.gov.au/waterdata/services?service=SOS&version=2.0&request=Getobservation&featureofinterest=231203&observedProperty=Water%20Course%20Level&procedure=Pat3_C_B_1&temporalFilter=om:phenomenonTime,2025/2026","https://www.bom.gov.au/waterdata/services?service=SOS&version=2.0&request=Getobservation&featureofinterest=231203&observedProperty=Water%20Course%20Discharge&procedure=Pat4_C_B_1&temporalFilter=om:phenomenonTime,2025/2026",,"Bureau of Meteorology",0.58727036,12.466077098,"",1781481600000,"PYKES CREEK @ PYKES CREEK RESERVOIR","Australia",67,-1,,,,
28029,"AUS231205","https://www.bom.gov.au/waterdata/","https://www.bom.gov.au/waterdata/services?service=SOS&version=2.0&request=Getobservation&featureofinterest=231205&observedProperty=Water%20Course%20Level&procedure=Pat3_C_B_1&temporalFilter=om:phenomenonTime,2025/2026","https://www.bom.gov.au/waterdata/services?service=SOS&version=2.0&request=Getobservation&featureofinterest=231205&observedProperty=Water%20Course%20Discharge&procedure=Pat4_C_B_1&temporalFilter=om:phenomenonTime,2025/2026",,"Bureau of Meteorology",0.62007876,0.918181316,"",1781481600000,"WERRIBEE RIVER @ MELTON RESERVOIR (TAIL GAUGE)","Australia",67,-1,,,,
28030,"AUS231205D","https://www.bom.gov.au/waterdata/","https://www.bom.gov.au/waterdata/services?service=SOS&version=2.0&request=Getobservation&featureofinterest=231205D&observedProperty=Water%20Course%20Level&procedure=Pat3_C_B_1&temporalFilter=om:phenomenonTime,2025/2026","https://www.bom.gov.au/waterdata/services?service=SOS&version=2.0&request=Getobservation&featureofinterest=231205D&observedProperty=Water%20Course%20Discharge&procedure=Pat4_C_B_1&temporalFilter=om:phenomenonTime,2025/2026",,"Bureau of Meteorology",0.3937008,0.035314666,"",1.781532e+12,"WERRIBEE RIVER AT MELTON RESERVOIR TAIL GAUGE","Australia",53,-1,,,,
28057,"AUS232213","https://www.bom.gov.au/waterdata/","https://www.bom.gov.au/waterdata/services?service=SOS&version=2.0&request=Getobservation&featureofinterest=232213&observedProperty=Water%20Course%20Level&procedure=Pat3_C_B_1&temporalFilter=om:phenomenonTime,2025/2026","https://www.bom.gov.au/waterdata/services?service=SOS&version=2.0&request=Getobservation&featureofinterest=232213&observedProperty=Water%20Course%20Discharge&procedure=Pat4_C_B_1&temporalFilter=om:phenomenonTime,2025/2026",,"Bureau of Meteorology",-0.41994752,0,"",1781478345000,"LAL LAL CREEK @ U/S OF BUNGAL DAM","Australia",68,-1,,,,
28059,"AUS232214","https://www.bom.gov.au/waterdata/","https://www.bom.gov.au/waterdata/services?service=SOS&version=2.0&request=Getobservation&featureofinterest=232214&observedProperty=Water%20Course%20Level&procedure=Pat3_C_B_1&temporalFilter=om:phenomenonTime,2025/2026","https://www.bom.gov.au/waterdata/services?service=SOS&version=2.0&request=Getobservation&featureofinterest=232214&observedProperty=Water%20Course%20Discharge&procedure=Pat4_C_B_1&temporalFilter=om:phenomenonTime,2025/2026",,"Bureau of Meteorology",,0,"",1781564401000,"BLACK CREEK @ U/S OF BUNGAL DAM","Australia",44,-1,,,,
28061,"AUS232215","https://www.bom.gov.au/waterdata/","https://www.bom.gov.au/waterdata/services?service=SOS&version=2.0&request=Getobservation&featureofinterest=232215&observedProperty=Water%20Course%20Level&procedure=Pat3_C_B_1&temporalFilter=om:phenomenonTime,2025/2026","https://www.bom.gov.au/waterdata/services?service=SOS&version=2.0&request=Getobservation&featureofinterest=232215&observedProperty=Water%20Course%20Discharge&procedure=Pat4_C_B_1&temporalFilter=om:phenomenonTime,2025/2026",,"Bureau of Meteorology",,0.035314666,"",1781564401000,"WOOLLEN CREEK @ U/S OF BUNGAL DAM","Australia",44,-1,,,,
28065,"AUS232223","http://www.bom.gov.au/waterdata/","http://www.bom.gov.au/waterdata/services?service=SOS&version=2.0&request=Getobservation&featureofinterest=232223&observedProperty=Water%20Course%20Level&procedure=Pat3_C_B_1&temporalFilter=om:phenomenonTime,2023/2024","http://www.bom.gov.au/waterdata/services?service=SOS&version=2.0&request=Getobservation&featureofinterest=232223&observedProperty=Water%20Course%20Discharge&procedure=Pat4_C_B_1&temporalFilter=om:phenomenonTime,2023/2024",,"Bureau of Meteorology",0.42322836,0,"",1.730592e+12,"FRAWLEY CREEK @ U/S WILSON RESERVOIR","Australia",4320,-1,,,,
28067,"AUS232235","https://www.bom.gov.au/waterdata/","https://www.bom.gov.au/waterdata/services?service=SOS&version=2.0&request=Getobservation&featureofinterest=232235&observedProperty=Water%20Course%20Level&procedure=Pat3_C_B_1&temporalFilter=om:phenomenonTime,2025/2026","https://www.bom.gov.au/waterdata/services?service=SOS&version=2.0&request=Getobservation&featureofinterest=232235&observedProperty=Water%20Course%20Discharge&procedure=Pat4_C_B_1&temporalFilter=om:phenomenonTime,2025/2026",,"Bureau of Meteorology",,0.423775992,"",1781564401000,"DEVIL CREEK @ U/S MOORABOOL RESERVOIR","Australia",44,-1,,,,
28069,"AUS232236","https://www.bom.gov.au/waterdata/","https://www.bom.gov.au/waterdata/services?service=SOS&version=2.0&request=Getobservation&featureofinterest=232236&observedProperty=Water%20Course%20Level&procedure=Pat3_C_B_1&temporalFilter=om:phenomenonTime,2025/2026","https://www.bom.gov.au/waterdata/services?service=SOS&version=2.0&request=Getobservation&featureofinterest=232236&observedProperty=Water%20Course%20Discharge&procedure=Pat4_C_B_1&temporalFilter=om:phenomenonTime,2025/2026",,"Bureau of Meteorology",,1.306642642,"",1781564401000,"WEST MOORABOOL RIVER @ U/S MOORABOOL RESERVOIR","Australia",44,-1,,,,
28085,"AUS233229","https://www.bom.gov.au/waterdata/","https://www.bom.gov.au/waterdata/services?service=SOS&version=2.0&request=Getobservation&featureofinterest=233229&observedProperty=Water%20Course%20Level&procedure=Pat3_C_B_1&temporalFilter=om:phenomenonTime,2025/2026","https://www.bom.gov.au/waterdata/services?service=SOS&version=2.0&request=Getobservation&featureofinterest=233229&observedProperty=Water%20Course%20Discharge&procedure=Pat4_C_B_1&temporalFilter=om:phenomenonTime,2025/2026",,"Bureau of Meteorology",0.3608924,3.88461326,"",1781571600000,"BOUNDARY CREEK @ D/S OF MCDONALDS DAM","Australia",42,-1,,,,
28086,"AUS233231","https://www.bom.gov.au/waterdata/","https://www.bom.gov.au/waterdata/services?service=SOS&version=2.0&request=Getobservation&featureofinterest=233231&observedProperty=Water%20Course%20Level&procedure=Pat3_C_B_1&temporalFilter=om:phenomenonTime,2025/2026","https://www.bom.gov.au/waterdata/services?service=SOS&version=2.0&request=Getobservation&featureofinterest=233231&observedProperty=Water%20Course%20Discharge&procedure=Pat4_C_B_1&temporalFilter=om:phenomenonTime,2025/2026",,"Bureau of Meteorology",0.90551184,2.895802612,"",1781481600000,"BOUNDARY CREEK @ U/S OF MCDONALDS DAM","Australia",67,-1,,,,
28091,"AUS233274","https://www.bom.gov.au/waterdata/","https://www.bom.gov.au/waterdata/services?service=SOS&version=2.0&request=Getobservation&featureofinterest=233274&observedProperty=Water%20Course%20Level&procedure=Pat3_C_B_1&temporalFilter=om:phenomenonTime,2025/2026","https://www.bom.gov.au/waterdata/services?service=SOS&version=2.0&request=Getobservation&featureofinterest=233274&observedProperty=Water%20Course%20Discharge&procedure=Pat4_C_B_1&temporalFilter=om:phenomenonTime,2025/2026",,"Bureau of Meteorology",0.00984252,0.035314666,"",1781478001000,"FELLMONGERS CREEK @ U/S GONG GONG RESERVOIR","Australia",68,-1,,,,
28104,"AUS235232","https://www.bom.gov.au/waterdata/","https://www.bom.gov.au/waterdata/services?service=SOS&version=2.0&request=Getobservation&featureofinterest=235232&observedProperty=Water%20Course%20Level&procedure=Pat3_C_B_1&temporalFilter=om:phenomenonTime,2025/2026","https://www.bom.gov.au/waterdata/services?service=SOS&version=2.0&request=Getobservation&featureofinterest=235232&observedProperty=Water%20Course%20Discharge&procedure=Pat4_C_B_1&temporalFilter=om:phenomenonTime,2025/2026",,"Bureau of Meteorology",0.65944884,0.918181316,"",1781481600000,"PAINKALAC CREEK @ PAINKALAC CREEK DAM","Australia",67,-1,,,,
28140,"AUS238700","https://www.bom.gov.au/waterdata/","https://www.bom.gov.au/waterdata/services?service=SOS&version=2.0&request=Getobservation&featureofinterest=238700&observedProperty=Water%20Course%20Level&procedure=Pat3_C_B_1&temporalFilter=om:phenomenonTime,2025/2026","https://www.bom.gov.au/waterdata/services?service=SOS&version=2.0&request=Getobservation&featureofinterest=238700&observedProperty=Water%20Course%20Discharge&procedure=Pat4_C_B_1&temporalFilter=om:phenomenonTime,2025/2026",,"Bureau of Meteorology",0.164042,0,"",1781481600000,"ROCKLANDS CHANNEL @ ROCKLANDS RESERVOIR","Australia",67,-1,,,,
28144,"AUS301.1","https://www.bom.gov.au/waterdata/","https://www.bom.gov.au/waterdata/services?service=SOS&version=2.0&request=Getobservation&featureofinterest=301.1&observedProperty=Water%20Course%20Level&procedure=Pat3_C_B_1&temporalFilter=om:phenomenonTime,2025/2026","https://www.bom.gov.au/waterdata/services?service=SOS&version=2.0&request=Getobservation&featureofinterest=301.1&observedProperty=Water%20Course%20Discharge&procedure=Pat4_C_B_1&temporalFilter=om:phenomenonTime,2025/2026",,"Bureau of Meteorology",2.91010508,132.006221508,"",1781423100000,"LAKE RV @ LK HOUSE - UPSTREAM SITE","Australia",83,-1,,,,
28148,"AUS3206.1","https://www.bom.gov.au/waterdata/","https://www.bom.gov.au/waterdata/services?service=SOS&version=2.0&request=Getobservation&featureofinterest=3206.1&observedProperty=Water%20Course%20Level&procedure=Pat3_C_B_1&temporalFilter=om:phenomenonTime,2025/2026","https://www.bom.gov.au/waterdata/services?service=SOS&version=2.0&request=Getobservation&featureofinterest=3206.1&observedProperty=Water%20Course%20Discharge&procedure=Pat4_C_B_1&temporalFilter=om:phenomenonTime,2025/2026",,"Bureau of Meteorology",0.07874016,0.070629332,"",1781560800000,"COAL RIVER DS CRAIGBOURNE DAM","Australia",45,-1,,,,
28201,"AUS403220","https://www.bom.gov.au/waterdata/","https://www.bom.gov.au/waterdata/services?service=SOS&version=2.0&request=Getobservation&featureofinterest=403220&observedProperty=Water%20Course%20Level&procedure=Pat3_C_B_1&temporalFilter=om:phenomenonTime,2025/2026","https://www.bom.gov.au/waterdata/services?service=SOS&version=2.0&request=Getobservation&featureofinterest=403220&observedProperty=Water%20Course%20Discharge&procedure=Pat4_C_B_1&temporalFilter=om:phenomenonTime,2025/2026",,"Bureau of Meteorology",4.33727048,662.361875496,"",1.781568e+12,"BUFFALO RIVER @ LAKE BUFFALO","Australia",43,-1,,,,
28225,"AUS404234","https://www.bom.gov.au/waterdata/","https://www.bom.gov.au/waterdata/services?service=SOS&version=2.0&request=Getobservation&featureofinterest=404234&observedProperty=Water%20Course%20Level&procedure=Pat3_C_B_1&temporalFilter=om:phenomenonTime,2025/2026","https://www.bom.gov.au/waterdata/services?service=SOS&version=2.0&request=Getobservation&featureofinterest=404234&observedProperty=Water%20Course%20Discharge&procedure=Pat4_C_B_1&temporalFilter=om:phenomenonTime,2025/2026",,"Bureau of Meteorology",0.72834648,0.600349322,"",1781481600000,"WHISKEY CREEK @ U/S MCCALLSAY RESERVOIR","Australia",67,-1,,,,
28226,"AUS404235","https://www.bom.gov.au/waterdata/","https://www.bom.gov.au/waterdata/services?service=SOS&version=2.0&request=Getobservation&featureofinterest=404235&observedProperty=Water%20Course%20Level&procedure=Pat3_C_B_1&temporalFilter=om:phenomenonTime,2025/2026","https://www.bom.gov.au/waterdata/services?service=SOS&version=2.0&request=Getobservation&featureofinterest=404235&observedProperty=Water%20Course%20Discharge&procedure=Pat4_C_B_1&temporalFilter=om:phenomenonTime,2025/2026",,"Bureau of Meteorology",4.20603688,7.451394526,"",1781481600000,"RYANS CREEK @ U/S MCCALLSAY RESERVOIR","Australia",67,-1,,,,
28292,"AUS406210","https://www.bom.gov.au/waterdata/","https://www.bom.gov.au/waterdata/services?service=SOS&version=2.0&request=Getobservation&featureofinterest=406210&observedProperty=Water%20Course%20Level&procedure=Pat3_C_B_1&temporalFilter=om:phenomenonTime,2025/2026","https://www.bom.gov.au/waterdata/services?service=SOS&version=2.0&request=Getobservation&featureofinterest=406210&observedProperty=Water%20Course%20Discharge&procedure=Pat4_C_B_1&temporalFilter=om:phenomenonTime,2025/2026",,"Bureau of Meteorology",1.53543312,1.024125314,"",1781481600000,"COLIBAN RIVER @ D/S LAURISTON RESERVOIR","Australia",67,-1,,,,
28304,"AUS406281","https://www.bom.gov.au/waterdata/","https://www.bom.gov.au/waterdata/services?service=SOS&version=2.0&request=Getobservation&featureofinterest=406281&observedProperty=Water%20Course%20Level&procedure=Pat3_C_B_1&temporalFilter=om:phenomenonTime,2025/2026","https://www.bom.gov.au/waterdata/services?service=SOS&version=2.0&request=Getobservation&featureofinterest=406281&observedProperty=Water%20Course%20Discharge&procedure=Pat4_C_B_1&temporalFilter=om:phenomenonTime,2025/2026",,"Bureau of Meteorology",0.4757218,1.58915997,"",1781481600000,"KANGAROO CREEK @ U/S MALMSBURY RESERVOIR","Australia",67,-1,,,,
28312,"AUS407210","https://www.bom.gov.au/waterdata/","https://www.bom.gov.au/waterdata/services?service=SOS&version=2.0&request=Getobservation&featureofinterest=407210&observedProperty=Water%20Course%20Level&procedure=Pat3_C_B_1&temporalFilter=om:phenomenonTime,2025/2026","https://www.bom.gov.au/waterdata/services?service=SOS&version=2.0&request=Getobservation&featureofinterest=407210&observedProperty=Water%20Course%20Discharge&procedure=Pat4_C_B_1&temporalFilter=om:phenomenonTime,2025/2026",,"Bureau of Meteorology",-0.38713912,5.932863888,"",1781481600000,"LODDON RIVER @ CAIRN CURRAN RESERVOIR T.G.","Australia",67,-1,,,,
28326,"AUS407237","https://www.bom.gov.au/waterdata/","https://www.bom.gov.au/waterdata/services?service=SOS&version=2.0&request=Getobservation&featureofinterest=407237&observedProperty=Water%20Course%20Level&procedure=Pat3_C_B_1&temporalFilter=om:phenomenonTime,2025/2026","https://www.bom.gov.au/waterdata/services?service=SOS&version=2.0&request=Getobservation&featureofinterest=407237&observedProperty=Water%20Course%20Discharge&procedure=Pat4_C_B_1&temporalFilter=om:phenomenonTime,2025/2026",,"Bureau of Meteorology",,0.035314666,"",1781564401000,"CRESWICK CREEK @ CRESWICK U/S COSGRAVE RESERVOIR","Australia",44,-1,,,,
28332,"AUS407248","https://www.bom.gov.au/waterdata/","https://www.bom.gov.au/waterdata/services?service=SOS&version=2.0&request=Getobservation&featureofinterest=407248&observedProperty=Water%20Course%20Level&procedure=Pat3_C_B_1&temporalFilter=om:phenomenonTime,2025/2026","https://www.bom.gov.au/waterdata/services?service=SOS&version=2.0&request=Getobservation&featureofinterest=407248&observedProperty=Water%20Course%20Discharge&procedure=Pat4_C_B_1&temporalFilter=om:phenomenonTime,2025/2026",,"Bureau of Meteorology",0.246063,8.616778504,"",1.781568e+12,"TULLAROOP CREEK @ TULLAROOP RESERVOIR (O'LET MEAS WEIR)","Australia",43,-1,,,,
28333,"AUS407249","https://www.bom.gov.au/waterdata/","https://www.bom.gov.au/waterdata/services?service=SOS&version=2.0&request=Getobservation&featureofinterest=407249&observedProperty=Water%20Course%20Level&procedure=Pat3_C_B_1&temporalFilter=om:phenomenonTime,2025/2026","https://www.bom.gov.au/waterdata/services?service=SOS&version=2.0&request=Getobservation&featureofinterest=407249&observedProperty=Water%20Course%20Discharge&procedure=Pat4_C_B_1&temporalFilter=om:phenomenonTime,2025/2026",,"Bureau of Meteorology",0.27559056,0.141258664,"",1.781568e+12,"BIRCH CREEK @ NEWLYN RESERVOIR (TAIL GAUGE)","Australia",43,-1,,,,
28342,"AUS407311","https://www.bom.gov.au/waterdata/","https://www.bom.gov.au/waterdata/services?service=SOS&version=2.0&request=Getobservation&featureofinterest=407311&observedProperty=Water%20Course%20Level&procedure=Pat3_C_B_1&temporalFilter=om:phenomenonTime,2025/2026","https://www.bom.gov.au/waterdata/services?service=SOS&version=2.0&request=Getobservation&featureofinterest=407311&observedProperty=Water%20Course%20Discharge&procedure=Pat4_C_B_1&temporalFilter=om:phenomenonTime,2025/2026",,"Bureau of Meteorology",,0.035314666,"",1781564401000,"WOMBAT CREEK @ D/S WOMBAT CREEK RESERVOIR","Australia",44,-1,,,,
28344,"AUS407312","https://www.bom.gov.au/waterdata/","https://www.bom.gov.au/waterdata/services?service=SOS&version=2.0&request=Getobservation&featureofinterest=407312&observedProperty=Water%20Course%20Level&procedure=Pat3_C_B_1&temporalFilter=om:phenomenonTime,2025/2026","https://www.bom.gov.au/waterdata/services?service=SOS&version=2.0&request=Getobservation&featureofinterest=407312&observedProperty=Water%20Course%20Discharge&procedure=Pat4_C_B_1&temporalFilter=om:phenomenonTime,2025/2026",,"Bureau of Meteorology",,1.05943998,"",1781479041000,"KANGAROO CREEK @ U/S BULLARTO RESERVOIR","Australia",67,-1,,,,
28346,"AUS407314","https://www.bom.gov.au/waterdata/","https://www.bom.gov.au/waterdata/services?service=SOS&version=2.0&request=Getobservation&featureofinterest=407314&observedProperty=Water%20Course%20Level&procedure=Pat3_C_B_1&temporalFilter=om:phenomenonTime,2025/2026","https://www.bom.gov.au/waterdata/services?service=SOS&version=2.0&request=Getobservation&featureofinterest=407314&observedProperty=Water%20Course%20Discharge&procedure=Pat4_C_B_1&temporalFilter=om:phenomenonTime,2025/2026",,"Bureau of Meteorology",,0,"",1781478364000,"MC CALLUMS CREEK @ U/S EVANSFORD RESERVOIR","Australia",68,-1,,,,
28348,"AUS407315","https://www.bom.gov.au/waterdata/","https://www.bom.gov.au/waterdata/services?service=SOS&version=2.0&request=Getobservation&featureofinterest=407315&observedProperty=Water%20Course%20Level&procedure=Pat3_C_B_1&temporalFilter=om:phenomenonTime,2025/2026","https://www.bom.gov.au/waterdata/services?service=SOS&version=2.0&request=Getobservation&featureofinterest=407315&observedProperty=Water%20Course%20Discharge&procedure=Pat4_C_B_1&temporalFilter=om:phenomenonTime,2025/2026",,"Bureau of Meteorology",-0.23950132,0,"",1781478360000,"STONY CREEK @ U/S TALBOT RESERVOIR","Australia",68,-1,,,,
28356,"AUS407381","https://www.bom.gov.au/waterdata/","https://www.bom.gov.au/waterdata/services?service=SOS&version=2.0&request=Getobservation&featureofinterest=407381&observedProperty=Water%20Course%20Level&procedure=Pat3_C_B_1&temporalFilter=om:phenomenonTime,2025/2026","https://www.bom.gov.au/waterdata/services?service=SOS&version=2.0&request=Getobservation&featureofinterest=407381&observedProperty=Water%20Course%20Discharge&procedure=Pat4_C_B_1&temporalFilter=om:phenomenonTime,2025/2026",,"Bureau of Meteorology",0.46916012,0.70629332,"",1781564401000,"SPRING CREEK @ U/S HEPBURN RESERVOIR","Australia",44,-1,,,,
28363,"AUS408209","https://www.bom.gov.au/waterdata/","https://www.bom.gov.au/waterdata/services?service=SOS&version=2.0&request=Getobservation&featureofinterest=408209&observedProperty=Water%20Course%20Level&procedure=Pat3_C_B_1&temporalFilter=om:phenomenonTime,2025/2026","https://www.bom.gov.au/waterdata/services?service=SOS&version=2.0&request=Getobservation&featureofinterest=408209&observedProperty=Water%20Course%20Discharge&procedure=Pat4_C_B_1&temporalFilter=om:phenomenonTime,2025/2026",,"Bureau of Meteorology",250.81037548,0,"",1781481600000,"AVOCA RIVER @ SANDHILL LAKE ROAD","Australia",67,-1,,,,
28375,"AUS409016","https://www.bom.gov.au/waterdata/","https://www.bom.gov.au/waterdata/services?service=SOS&version=2.0&request=Getobservation&featureofinterest=409016&observedProperty=Water%20Course%20Level&procedure=Pat3_C_B_1&temporalFilter=om:phenomenonTime,2025/2026","https://www.bom.gov.au/waterdata/services?service=SOS&version=2.0&request=Getobservation&featureofinterest=409016&observedProperty=Water%20Course%20Discharge&procedure=Pat4_C_B_1&temporalFilter=om:phenomenonTime,2025/2026",,"Bureau of Meteorology",5.07217864,253.064896556,"",1781440200000,"MURRAY RIVER AT DOWNSTREAM HUME DAM (HEYWOODS)","Australia",78,-1,,,,
28411,"AUS409398","https://www.bom.gov.au/waterdata/","https://www.bom.gov.au/waterdata/services?service=SOS&version=2.0&request=Getobservation&featureofinterest=409398&observedProperty=Water%20Course%20Level&procedure=Pat3_C_B_1&temporalFilter=om:phenomenonTime,2025/2026","https://www.bom.gov.au/waterdata/services?service=SOS&version=2.0&request=Getobservation&featureofinterest=409398&observedProperty=Water%20Course%20Discharge&procedure=Pat4_C_B_1&temporalFilter=om:phenomenonTime,2025/2026",,"Bureau of Meteorology",1.7388452,0,"",1781481600000,"BUDGEE CREEK @ U/S BARMAH LAKE (WAR PLAIN)","Australia",67,-1,,,,
28440,"AUS410008","https://www.bom.gov.au/waterdata/","https://www.bom.gov.au/waterdata/services?service=SOS&version=2.0&request=Getobservation&featureofinterest=410008&observedProperty=Water%20Course%20Level&procedure=Pat3_C_B_1&temporalFilter=om:phenomenonTime,2025/2026","https://www.bom.gov.au/waterdata/services?service=SOS&version=2.0&request=Getobservation&featureofinterest=410008&observedProperty=Water%20Course%20Discharge&procedure=Pat4_C_B_1&temporalFilter=om:phenomenonTime,2025/2026",,"Bureau of Meteorology",5.1345146,198.962828244,"",1781440200000,"MURRUMBIDGEE RIVER AT D/S BURRINJUCK DAM","Australia",78,-1,,,,
28506,"AUS410176","https://www.bom.gov.au/waterdata/","https://www.bom.gov.au/waterdata/services?service=SOS&version=2.0&request=Getobservation&featureofinterest=410176&observedProperty=Water%20Course%20Level&procedure=Pat3_C_B_1&temporalFilter=om:phenomenonTime,2025/2026","https://www.bom.gov.au/waterdata/services?service=SOS&version=2.0&request=Getobservation&featureofinterest=410176&observedProperty=Water%20Course%20Discharge&procedure=Pat4_C_B_1&temporalFilter=om:phenomenonTime,2025/2026",,"Bureau of Meteorology",2.56233604,21.436002262,"",1781532001000,"YASS RIVER AT U/S BURRINJUCK DAM (RIVERVIEW)","Australia",53,-1,,,,
28516,"AUS410535","https://www.bom.gov.au/waterdata/","https://www.bom.gov.au/waterdata/services?service=SOS&version=2.0&request=Getobservation&featureofinterest=410535&observedProperty=Water%20Course%20Level&procedure=Pat3_C_B_1&temporalFilter=om:phenomenonTime,2025/2026","https://www.bom.gov.au/waterdata/services?service=SOS&version=2.0&request=Getobservation&featureofinterest=410535&observedProperty=Water%20Course%20Discharge&procedure=Pat4_C_B_1&temporalFilter=om:phenomenonTime,2025/2026",,"Bureau of Meteorology",4.27493452,397.46656583,"",1781107800000,"Murrumbidgee River above Tantangara Reservoir","Australia",171,-1,,,,
28533,"AUS410747","https://www.bom.gov.au/waterdata/","https://www.bom.gov.au/waterdata/services?service=SOS&version=2.0&request=Getobservation&featureofinterest=410747&observedProperty=Water%20Course%20Level&procedure=Pat3_C_B_1&temporalFilter=om:phenomenonTime,2025/2026","https://www.bom.gov.au/waterdata/services?service=SOS&version=2.0&request=Getobservation&featureofinterest=410747&observedProperty=Water%20Course%20Discharge&procedure=Pat4_C_B_1&temporalFilter=om:phenomenonTime,2025/2026",,"Bureau of Meteorology",3.11351716,15.220621046,"",1781600400000,"Cotter River below Bendora Dam","Australia",34,-1,,,,
28536,"AUS410752","https://www.bom.gov.au/waterdata/","https://www.bom.gov.au/waterdata/services?service=SOS&version=2.0&request=Getobservation&featureofinterest=410752&observedProperty=Water%20Course%20Level&procedure=Pat3_C_B_1&temporalFilter=om:phenomenonTime,2025/2026","https://www.bom.gov.au/waterdata/services?service=SOS&version=2.0&request=Getobservation&featureofinterest=410752&observedProperty=Water%20Course%20Discharge&procedure=Pat4_C_B_1&temporalFilter=om:phenomenonTime,2025/2026",,"Bureau of Meteorology",1.56167984,40.541236568,"",1781596800000,"Cotter River below Corin Dam","Australia",35,-1,,,,
28547,"AUS410781","https://www.bom.gov.au/waterdata/","https://www.bom.gov.au/waterdata/services?service=SOS&version=2.0&request=Getobservation&featureofinterest=410781&observedProperty=Water%20Course%20Level&procedure=Pat3_C_B_1&temporalFilter=om:phenomenonTime,2025/2026","https://www.bom.gov.au/waterdata/services?service=SOS&version=2.0&request=Getobservation&featureofinterest=410781&observedProperty=Water%20Course%20Discharge&procedure=Pat4_C_B_1&temporalFilter=om:phenomenonTime,2025/2026",,"Bureau of Meteorology",1.91272972,10.099994476,"",1.781514e+12,"Queanbeyan River upstream Googong Dam","Australia",58,-1,,,,
28560,"AUS412011","https://www.bom.gov.au/waterdata/","https://www.bom.gov.au/waterdata/services?service=SOS&version=2.0&request=Getobservation&featureofinterest=412011&observedProperty=Water%20Course%20Level&procedure=Pat3_C_B_1&temporalFilter=om:phenomenonTime,2025/2026","https://www.bom.gov.au/waterdata/services?service=SOS&version=2.0&request=Getobservation&featureofinterest=412011&observedProperty=Water%20Course%20Discharge&procedure=Pat4_C_B_1&temporalFilter=om:phenomenonTime,2025/2026",,"Bureau of Meteorology",1.85695544,606.600017882,"",1781437501000,"LACHLAN RIVER AT LAKE CARGELLIGO WEIR","Australia",79,-1,,,,
28575,"AUS412047","https://www.bom.gov.au/waterdata/","https://www.bom.gov.au/waterdata/services?service=SOS&version=2.0&request=Getobservation&featureofinterest=412047&observedProperty=Water%20Course%20Level&procedure=Pat3_C_B_1&temporalFilter=om:phenomenonTime,2025/2026","https://www.bom.gov.au/waterdata/services?service=SOS&version=2.0&request=Getobservation&featureofinterest=412047&observedProperty=Water%20Course%20Discharge&procedure=Pat4_C_B_1&temporalFilter=om:phenomenonTime,2025/2026",,"Bureau of Meteorology",3.772966,68.969542698,"",1781531101000,"BENSONS DROP WEIR DOWNSTREAM LAKE BREWSTER OUTLET","Australia",53,-1,,,,
28581,"AUS412067","https://www.bom.gov.au/waterdata/","https://www.bom.gov.au/waterdata/services?service=SOS&version=2.0&request=Getobservation&featureofinterest=412067&observedProperty=Water%20Course%20Level&procedure=Pat3_C_B_1&temporalFilter=om:phenomenonTime,2025/2026","https://www.bom.gov.au/waterdata/services?service=SOS&version=2.0&request=Getobservation&featureofinterest=412067&observedProperty=Water%20Course%20Discharge&procedure=Pat4_C_B_1&temporalFilter=om:phenomenonTime,2025/2026",,"Bureau of Meteorology",4.8064306,25.497188852,"",1.781073e+12,"LACHLAN RIVER DOWNSTREAM WYANGALA DAM","Australia",180,-1,,,,
28585,"AUS412101","https://www.bom.gov.au/waterdata/","https://www.bom.gov.au/waterdata/services?service=SOS&version=2.0&request=Getobservation&featureofinterest=412101&observedProperty=Water%20Course%20Level&procedure=Pat3_C_B_1&temporalFilter=om:phenomenonTime,2025/2026","https://www.bom.gov.au/waterdata/services?service=SOS&version=2.0&request=Getobservation&featureofinterest=412101&observedProperty=Water%20Course%20Discharge&procedure=Pat4_C_B_1&temporalFilter=om:phenomenonTime,2025/2026",,"Bureau of Meteorology",4.8720474,0,"",1781441101000,"LAKE CARGELLIGO INTAKE UPSTREAM LAKE CARGELLIGO WEIR","Australia",78,-1,,,,
28622,"AUS414218","https://www.bom.gov.au/waterdata/","https://www.bom.gov.au/waterdata/services?service=SOS&version=2.0&request=Getobservation&featureofinterest=414218&observedProperty=Water%20Course%20Level&procedure=Pat3_C_B_1&temporalFilter=om:phenomenonTime,2025/2026","https://www.bom.gov.au/waterdata/services?service=SOS&version=2.0&request=Getobservation&featureofinterest=414218&observedProperty=Water%20Course%20Discharge&procedure=Pat4_C_B_1&temporalFilter=om:phenomenonTime,2025/2026",,"Bureau of Meteorology",4.28805788,0.847551984,"",1781395200000,"LINDSAY RIVER @ U/S OF LAKE WALLAWALLA","Australia",91,-1,,,,
28642,"AUS415214","https://www.bom.gov.au/waterdata/","https://www.bom.gov.au/waterdata/services?service=SOS&version=2.0&request=Getobservation&featureofinterest=415214&observedProperty=Water%20Course%20Level&procedure=Pat3_C_B_1&temporalFilter=om:phenomenonTime,2025/2026","https://www.bom.gov.au/waterdata/services?service=SOS&version=2.0&request=Getobservation&featureofinterest=415214&observedProperty=Water%20Course%20Discharge&procedure=Pat4_C_B_1&temporalFilter=om:phenomenonTime,2025/2026",,"Bureau of Meteorology",1.15813652,0.105943998,"",1781481600000,"FYANS CREEK @ LAKE BELLFIELD","Australia",67,-1,,,,
28713,"AUS416309B","https://www.bom.gov.au/waterdata/","https://www.bom.gov.au/waterdata/services?service=SOS&version=2.0&request=Getobservation&featureofinterest=416309B&observedProperty=Water%20Course%20Level&procedure=Pat3_C_B_1&temporalFilter=om:phenomenonTime,2025/2026","https://www.bom.gov.au/waterdata/services?service=SOS&version=2.0&request=Getobservation&featureofinterest=416309B&observedProperty=Water%20Course%20Discharge&procedure=Pat4_C_B_1&temporalFilter=om:phenomenonTime,2025/2026",,"Bureau of Meteorology",2.25721792,116.149936474,"",1781510400000,"Pike Creek at Glenlyon Dam T/W","Australia",59,-1,,,,
28716,"AUS416315A","https://www.bom.gov.au/waterdata/","https://www.bom.gov.au/waterdata/services?service=SOS&version=2.0&request=Getobservation&featureofinterest=416315A&observedProperty=Water%20Course%20Level&procedure=Pat3_C_B_1&temporalFilter=om:phenomenonTime,2025/2026","https://www.bom.gov.au/waterdata/services?service=SOS&version=2.0&request=Getobservation&featureofinterest=416315A&observedProperty=Water%20Course%20Discharge&procedure=Pat4_C_B_1&temporalFilter=om:phenomenonTime,2025/2026",,"Bureau of Meteorology",1321.49610528,0,"",1781510400000,"Pike Creek at Glenlyon Dam Headwater","Australia",59,-1,,,,
28725,"AUS416416A","https://www.bom.gov.au/waterdata/","https://www.bom.gov.au/waterdata/services?service=SOS&version=2.0&request=Getobservation&featureofinterest=416416A&observedProperty=Water%20Course%20Level&procedure=Pat3_C_B_1&temporalFilter=om:phenomenonTime,2025/2026","https://www.bom.gov.au/waterdata/services?service=SOS&version=2.0&request=Getobservation&featureofinterest=416416A&observedProperty=Water%20Course%20Discharge&procedure=Pat4_C_B_1&temporalFilter=om:phenomenonTime,2025/2026",,"Bureau of Meteorology",0.28215224,3.70803993,"",1781571600000,"MacIntyre Bk at Coolmunda Dam TW","Australia",42,-1,,,,
28743,"AUS418026","https://www.bom.gov.au/waterdata/","https://www.bom.gov.au/waterdata/services?service=SOS&version=2.0&request=Getobservation&featureofinterest=418026&observedProperty=Water%20Course%20Level&procedure=Pat3_C_B_1&temporalFilter=om:phenomenonTime,2025/2026","https://www.bom.gov.au/waterdata/services?service=SOS&version=2.0&request=Getobservation&featureofinterest=418026&observedProperty=Water%20Course%20Discharge&procedure=Pat4_C_B_1&temporalFilter=om:phenomenonTime,2025/2026",,"Bureau of Meteorology",4.47506576,53.784236318,"",1781443800000,"GWYDIR RIVER DOWNSTREAM COPETON DAM","Australia",77,-1,,,,
28744,"AUS418027","https://www.bom.gov.au/waterdata/","https://www.bom.gov.au/waterdata/services?service=SOS&version=2.0&request=Getobservation&featureofinterest=418027&observedProperty=Water%20Course%20Level&procedure=Pat3_C_B_1&temporalFilter=om:phenomenonTime,2025/2026","https://www.bom.gov.au/waterdata/services?service=SOS&version=2.0&request=Getobservation&featureofinterest=418027&observedProperty=Water%20Course%20Discharge&procedure=Pat4_C_B_1&temporalFilter=om:phenomenonTime,2025/2026",,"Bureau of Meteorology",2.0997376,6.851045204,"",1781440200000,"HORTON RIVER AT HORTON DAM SITE","Australia",78,-1,,,,
28759,"AUS418065","https://www.bom.gov.au/waterdata/","https://www.bom.gov.au/waterdata/services?service=SOS&version=2.0&request=Getobservation&featureofinterest=418065&observedProperty=Water%20Course%20Level&procedure=Pat3_C_B_1&temporalFilter=om:phenomenonTime,2025/2026","https://www.bom.gov.au/waterdata/services?service=SOS&version=2.0&request=Getobservation&featureofinterest=418065&observedProperty=Water%20Course%20Discharge&procedure=Pat4_C_B_1&temporalFilter=om:phenomenonTime,2025/2026",,"Bureau of Meteorology",659.44227832,49.052071074,"",1781528400000,"GWYDIR RIVER AT TYREEL STORAGE GAUGE","Australia",54,-1,,,,
28779,"AUS419007","https://www.bom.gov.au/waterdata/","https://www.bom.gov.au/waterdata/services?service=SOS&version=2.0&request=Getobservation&featureofinterest=419007&observedProperty=Water%20Course%20Level&procedure=Pat3_C_B_1&temporalFilter=om:phenomenonTime,2025/2026","https://www.bom.gov.au/waterdata/services?service=SOS&version=2.0&request=Getobservation&featureofinterest=419007&observedProperty=Water%20Course%20Discharge&procedure=Pat4_C_B_1&temporalFilter=om:phenomenonTime,2025/2026",,"Bureau of Meteorology",1.76181108,4.41433325,"",1.781442e+12,"NAMOI RIVER AT DOWNSTREAM KEEPIT DAM","Australia",78,-1,,,,
28799,"AUS419043","https://www.bom.gov.au/waterdata/","https://www.bom.gov.au/waterdata/services?service=SOS&version=2.0&request=Getobservation&featureofinterest=419043&observedProperty=Water%20Course%20Level&procedure=Pat3_C_B_1&temporalFilter=om:phenomenonTime,2025/2026","https://www.bom.gov.au/waterdata/services?service=SOS&version=2.0&request=Getobservation&featureofinterest=419043&observedProperty=Water%20Course%20Discharge&procedure=Pat4_C_B_1&temporalFilter=om:phenomenonTime,2025/2026",,"Bureau of Meteorology",5.7086616,27.439495482,"",1781443800000,"MANILLA RIVER AT DOWNSTREAM SPLIT ROCK DAM","Australia",77,-1,,,,
28800,"AUS419045","https://www.bom.gov.au/waterdata/","https://www.bom.gov.au/waterdata/services?service=SOS&version=2.0&request=Getobservation&featureofinterest=419045&observedProperty=Water%20Course%20Level&procedure=Pat3_C_B_1&temporalFilter=om:phenomenonTime,2025/2026","https://www.bom.gov.au/waterdata/services?service=SOS&version=2.0&request=Getobservation&featureofinterest=419045&observedProperty=Water%20Course%20Discharge&procedure=Pat4_C_B_1&temporalFilter=om:phenomenonTime,2025/2026",,"Bureau of Meteorology",3.28740168,4.661535912,"",1781443800000,"PEEL RIVER D/S CHAFFEY DAM","Australia",77,-1,,,,
28828,"AUS419096","https://www.bom.gov.au/waterdata/","https://www.bom.gov.au/waterdata/services?service=SOS&version=2.0&request=Getobservation&featureofinterest=419096&observedProperty=Water%20Course%20Level&procedure=Pat3_C_B_1&temporalFilter=om:phenomenonTime,2025/2026","https://www.bom.gov.au/waterdata/services?service=SOS&version=2.0&request=Getobservation&featureofinterest=419096&observedProperty=Water%20Course%20Discharge&procedure=Pat4_C_B_1&temporalFilter=om:phenomenonTime,2025/2026",,"Bureau of Meteorology",1601.9029384,0,"",1781443800000,"PEEL RIVER AT CHAFFEY DAM OUTLET WORKS","Australia",77,-1,,,,
28852,"AUS4202.1","https://www.bom.gov.au/waterdata/","https://www.bom.gov.au/waterdata/services?service=SOS&version=2.0&request=Getobservation&featureofinterest=4202.1&observedProperty=Water%20Course%20Level&procedure=Pat3_C_B_1&temporalFilter=om:phenomenonTime,2025/2026","https://www.bom.gov.au/waterdata/services?service=SOS&version=2.0&request=Getobservation&featureofinterest=4202.1&observedProperty=Water%20Course%20Discharge&procedure=Pat4_C_B_1&temporalFilter=om:phenomenonTime,2025/2026",,"Bureau of Meteorology",0.01312336,0.035314666,"",1781553600000,"CLYDE RIVER DS LAKE CRESCENT","Australia",47,-1,,,,
28869,"AUS421040","https://www.bom.gov.au/waterdata/","https://www.bom.gov.au/waterdata/services?service=SOS&version=2.0&request=Getobservation&featureofinterest=421040&observedProperty=Water%20Course%20Level&procedure=Pat3_C_B_1&temporalFilter=om:phenomenonTime,2025/2026","https://www.bom.gov.au/waterdata/services?service=SOS&version=2.0&request=Getobservation&featureofinterest=421040&observedProperty=Water%20Course%20Discharge&procedure=Pat4_C_B_1&temporalFilter=om:phenomenonTime,2025/2026",,"Bureau of Meteorology",1.81102368,57.421646916,"",1781440200000,"MACQUARIE RIVER AT DOWNSTREAM BURRENDONG DAM","Australia",78,-1,,,,
28876,"AUS421079","https://www.bom.gov.au/waterdata/","https://www.bom.gov.au/waterdata/services?service=SOS&version=2.0&request=Getobservation&featureofinterest=421079&observedProperty=Water%20Course%20Level&procedure=Pat3_C_B_1&temporalFilter=om:phenomenonTime,2025/2026","https://www.bom.gov.au/waterdata/services?service=SOS&version=2.0&request=Getobservation&featureofinterest=421079&observedProperty=Water%20Course%20Discharge&procedure=Pat4_C_B_1&temporalFilter=om:phenomenonTime,2025/2026",,"Bureau of Meteorology",1.3287402,5.791605224,"",1781528400000,"CUDGEGONG RIVER AT D/S WINDAMERE DAM","Australia",54,-1,,,,
28902,"AUS421166","https://www.bom.gov.au/waterdata/","https://www.bom.gov.au/waterdata/services?service=SOS&version=2.0&request=Getobservation&featureofinterest=421166&observedProperty=Water%20Course%20Level&procedure=Pat3_C_B_1&temporalFilter=om:phenomenonTime,2025/2026","https://www.bom.gov.au/waterdata/services?service=SOS&version=2.0&request=Getobservation&featureofinterest=421166&observedProperty=Water%20Course%20Discharge&procedure=Pat4_C_B_1&temporalFilter=om:phenomenonTime,2025/2026",,"Bureau of Meteorology",1.04330712,14.514327726,"",1781437501000,"GUNNINGBAR CREEK AT FAIRVIEW DAM","Australia",79,-1,,,,
28952,"AUS422216A","https://www.bom.gov.au/waterdata/","https://www.bom.gov.au/waterdata/services?service=SOS&version=2.0&request=Getobservation&featureofinterest=422216A&observedProperty=Water%20Course%20Level&procedure=Pat3_C_B_1&temporalFilter=om:phenomenonTime,2025/2026","https://www.bom.gov.au/waterdata/services?service=SOS&version=2.0&request=Getobservation&featureofinterest=422216A&observedProperty=Water%20Course%20Discharge&procedure=Pat4_C_B_1&temporalFilter=om:phenomenonTime,2025/2026",,"Bureau of Meteorology",641.49936436,68.192620046,"",1781571800000,"Balonne R at Beardmore Dam TW","Australia",42,-1,,,,
28980,"AUS422395A","https://www.bom.gov.au/waterdata/","https://www.bom.gov.au/waterdata/services?service=SOS&version=2.0&request=Getobservation&featureofinterest=422395A&observedProperty=Water%20Course%20Level&procedure=Pat3_C_B_1&temporalFilter=om:phenomenonTime,2025/2026","https://www.bom.gov.au/waterdata/services?service=SOS&version=2.0&request=Getobservation&featureofinterest=422395A&observedProperty=Water%20Course%20Discharge&procedure=Pat4_C_B_1&temporalFilter=om:phenomenonTime,2025/2026",,"Bureau of Meteorology",2.01443576,3.849298594,"",1781485200000,"Sandy Ck at Leslie Dam TW","Australia",66,-1,,,,
28989,"AUS423007","https://www.bom.gov.au/waterdata/","https://www.bom.gov.au/waterdata/services?service=SOS&version=2.0&request=Getobservation&featureofinterest=423007&observedProperty=Water%20Course%20Level&procedure=Pat3_C_B_1&temporalFilter=om:phenomenonTime,2025/2026","https://www.bom.gov.au/waterdata/services?service=SOS&version=2.0&request=Getobservation&featureofinterest=423007&observedProperty=Water%20Course%20Discharge&procedure=Pat4_C_B_1&temporalFilter=om:phenomenonTime,2025/2026",,"Bureau of Meteorology",2.7559056,1.094754646,"",1781527501000,"WARREGO RIVER AT  DICKS DAM","Australia",54,-1,,,,
29008,"AUS425014","https://www.bom.gov.au/waterdata/","https://www.bom.gov.au/waterdata/services?service=SOS&version=2.0&request=Getobservation&featureofinterest=425014&observedProperty=Water%20Course%20Level&procedure=Pat3_C_B_1&temporalFilter=om:phenomenonTime,2025/2026","https://www.bom.gov.au/waterdata/services?service=SOS&version=2.0&request=Getobservation&featureofinterest=425014&observedProperty=Water%20Course%20Discharge&procedure=Pat4_C_B_1&temporalFilter=om:phenomenonTime,2025/2026",,"Bureau of Meteorology",174.56037304,0.105943998,"",1781440201000,"OUTLET CHANNEL AT LAKE CAWNDILLA","Australia",78,-1,,,,
29021,"AUS425053","https://www.bom.gov.au/waterdata/","https://www.bom.gov.au/waterdata/services?service=SOS&version=2.0&request=Getobservation&featureofinterest=425053&observedProperty=Water%20Course%20Level&procedure=Pat3_C_B_1&temporalFilter=om:phenomenonTime,2025/2026","https://www.bom.gov.au/waterdata/services?service=SOS&version=2.0&request=Getobservation&featureofinterest=425053&observedProperty=Water%20Course%20Discharge&procedure=Pat4_C_B_1&temporalFilter=om:phenomenonTime,2025/2026",,"Bureau of Meteorology",4.38648308,40.576551234,"",1781528401000,"GREAT DARLING ANABRANCH DOWNSTREAM DAM 183","Australia",54,-1,,,,
29028,"AUS454.1","https://www.bom.gov.au/waterdata/","https://www.bom.gov.au/waterdata/services?service=SOS&version=2.0&request=Getobservation&featureofinterest=454.1&observedProperty=Water%20Course%20Level&procedure=Pat3_C_B_1&temporalFilter=om:phenomenonTime,2025/2026","https://www.bom.gov.au/waterdata/services?service=SOS&version=2.0&request=Getobservation&featureofinterest=454.1&observedProperty=Water%20Course%20Discharge&procedure=Pat4_C_B_1&temporalFilter=om:phenomenonTime,2025/2026",,"Bureau of Meteorology",0.71850396,0,"",1781423100000,"LAKE RIVER - 20M D/S WOODS DAM","Australia",83,-1,,,,
29035,"AUS520.4","https://www.bom.gov.au/waterdata/","https://www.bom.gov.au/waterdata/services?service=SOS&version=2.0&request=Getobservation&featureofinterest=520.4&observedProperty=Water%20Course%20Level&procedure=Pat3_C_B_1&temporalFilter=om:phenomenonTime,2025/2026","https://www.bom.gov.au/waterdata/services?service=SOS&version=2.0&request=Getobservation&featureofinterest=520.4&observedProperty=Water%20Course%20Discharge&procedure=Pat4_C_B_1&temporalFilter=om:phenomenonTime,2025/2026",,"Bureau of Meteorology",0.0164042,0.035314666,"",1781509500000,"SHANNON LAGOON - AT DAM","Australia",59,-1,,,,
29041,"AUS597.1","https://www.bom.gov.au/waterdata/","https://www.bom.gov.au/waterdata/services?service=SOS&version=2.0&request=Getobservation&featureofinterest=597.1&observedProperty=Water%20Course%20Level&procedure=Pat3_C_B_1&temporalFilter=om:phenomenonTime,2025/2026","https://www.bom.gov.au/waterdata/services?service=SOS&version=2.0&request=Getobservation&featureofinterest=597.1&observedProperty=Water%20Course%20Discharge&procedure=Pat4_C_B_1&temporalFilter=om:phenomenonTime,2025/2026",,"Bureau of Meteorology",2.72637804,85.744009048,"",1781423100000,"PINE TREE RIVULET - AT LAKE HIGHWAY","Australia",83,-1,,,,
29097,"AUS609010","https://www.bom.gov.au/waterdata/","https://www.bom.gov.au/waterdata/services?service=SOS&version=2.0&request=Getobservation&featureofinterest=609010&observedProperty=Water%20Course%20Level&procedure=Pat3_C_B_1&temporalFilter=om:phenomenonTime,2025/2026","https://www.bom.gov.au/waterdata/services?service=SOS&version=2.0&request=Getobservation&featureofinterest=609010&observedProperty=Water%20Course%20Discharge&procedure=Pat4_C_B_1&temporalFilter=om:phenomenonTime,2025/2026",,"Bureau of Meteorology",-0.26902888,0,"",1781452800000,"Northern Arthur River - Lake Toolibin Inflow","Australia",75,-1,,,,
29287,"AUS87.1","https://www.bom.gov.au/waterdata/","https://www.bom.gov.au/waterdata/services?service=SOS&version=2.0&request=Getobservation&featureofinterest=87.1&observedProperty=Water%20Course%20Level&procedure=Pat3_C_B_1&temporalFilter=om:phenomenonTime,2025/2026","https://www.bom.gov.au/waterdata/services?service=SOS&version=2.0&request=Getobservation&featureofinterest=87.1&observedProperty=Water%20Course%20Discharge&procedure=Pat4_C_B_1&temporalFilter=om:phenomenonTime,2025/2026",,"Bureau of Meteorology",2.90682424,453.934716764,"",1781509500000,"DERWENT RIVER - BELOW LAKE ST.CLAIR CREEK","Australia",59,-1,,,,
29461,"AUSA5030529","https://www.bom.gov.au/waterdata/","https://www.bom.gov.au/waterdata/services?service=SOS&version=2.0&request=Getobservation&featureofinterest=A5030529&observedProperty=Water%20Course%20Level&procedure=Pat3_C_B_1&temporalFilter=om:phenomenonTime,2025/2026","https://www.bom.gov.au/waterdata/services?service=SOS&version=2.0&request=Getobservation&featureofinterest=A5030529&observedProperty=Water%20Course%20Discharge&procedure=Pat4_C_B_1&temporalFilter=om:phenomenonTime,2025/2026",,"Bureau of Meteorology",2.91338592,0,"",1781570100000,"Burnt Out Creek upstream Mount Bold Reservoir","Australia",42,-1,,,,
29516,"AUSsp-o10109","https://www.bom.gov.au/waterdata/","https://www.bom.gov.au/waterdata/services?service=SOS&version=2.0&request=Getobservation&featureofinterest=sp-o10109&observedProperty=Water%20Course%20Level&procedure=Pat3_C_B_1&temporalFilter=om:phenomenonTime,2025/2026","https://www.bom.gov.au/waterdata/services?service=SOS&version=2.0&request=Getobservation&featureofinterest=sp-o10109&observedProperty=Water%20Course%20Discharge&procedure=Pat4_C_B_1&temporalFilter=om:phenomenonTime,2025/2026",,"Bureau of Meteorology",,613.097916426,"",1781218800000,"Lake Buffalo","Australia",140,-1,,,,
29518,"AUSsp-o11454","https://www.bom.gov.au/waterdata/","https://www.bom.gov.au/waterdata/services?service=SOS&version=2.0&request=Getobservation&featureofinterest=sp-o11454&observedProperty=Water%20Course%20Level&procedure=Pat3_C_B_1&temporalFilter=om:phenomenonTime,2025/2026","https://www.bom.gov.au/waterdata/services?service=SOS&version=2.0&request=Getobservation&featureofinterest=sp-o11454&observedProperty=Water%20Course%20Discharge&procedure=Pat4_C_B_1&temporalFilter=om:phenomenonTime,2025/2026",,"Bureau of Meteorology",,0.812237318,"",1781564400000,"Tullaroop Reservoir","Australia",44,-1,,,,
29519,"AUSsp-o11590","https://www.bom.gov.au/waterdata/","https://www.bom.gov.au/waterdata/services?service=SOS&version=2.0&request=Getobservation&featureofinterest=sp-o11590&observedProperty=Water%20Course%20Level&procedure=Pat3_C_B_1&temporalFilter=om:phenomenonTime,2025/2026","https://www.bom.gov.au/waterdata/services?service=SOS&version=2.0&request=Getobservation&featureofinterest=sp-o11590&observedProperty=Water%20Course%20Discharge&procedure=Pat4_C_B_1&temporalFilter=om:phenomenonTime,2025/2026",,"Bureau of Meteorology",,403.010968392,"",1.781478e+12,"Lake William Hovell","Australia",68,-1,,,,
29606,"CAN07QC005",,"https://dd.weather.gc.ca/today/hydrometric/csv/SK/hourly/SK_07QC005_hourly_hydrometric.csv","https://dd.weather.gc.ca/today/hydrometric/csv/SK/hourly/SK_07QC005_hourly_hydrometric.csv",,"Meteorological Service of Canada",17.73622104,1741.013231,"",1781719800000,"ABITAU RIVER ABOVE CUMING LAKE","SK, Canada",1,-1,,,,
29609,"CAN07DC004",,"https://dd.weather.gc.ca/today/hydrometric/csv/AB/hourly/AB_07DC004_hourly_hydrometric.csv","https://dd.weather.gc.ca/today/hydrometric/csv/AB/hourly/AB_07DC004_hourly_hydrometric.csv",,"Meteorological Service of Canada",319.44226744,177.2796434,"",1781719200000,"MCCLELLAND LAKE OUTLET ABOVE FIREBAG RIVER","AB, Canada",1,-1,,,,
29681,"CAN05AH043",,"https://dd.weather.gc.ca/today/hydrometric/csv/AB/hourly/AB_05AH043_hourly_hydrometric.csv","https://dd.weather.gc.ca/today/hydrometric/csv/AB/hourly/AB_05AH043_hourly_hydrometric.csv",,"Meteorological Service of Canada",3.66469828,0.38846137,"",1781719800000,"EAST MCALPINE CREEK NEAR ELKWATER LAKE","AB, Canada",1,-1,,,,
29686,"CAN05AH047",,"https://dd.weather.gc.ca/today/hydrometric/csv/AB/hourly/AB_05AH047_hourly_hydrometric.csv","https://dd.weather.gc.ca/today/hydrometric/csv/AB/hourly/AB_05AH047_hourly_hydrometric.csv",,"Meteorological Service of Canada",2.51312344,0,"",1781721600000,"SAM LAKE TRIBUTARY NEAR SCHULER","AB, Canada",0,-1,,,,
29714,"AUS404247","http://www.bom.gov.au/waterdata/","http://www.bom.gov.au/waterdata/services?service=SOS&version=2.0&request=Getobservation&featureofinterest=404247&observedProperty=Water%20Course%20Level&procedure=Pat3_C_B_1&temporalFilter=om:phenomenonTime,2020/2021","http://www.bom.gov.au/waterdata/services?service=SOS&version=2.0&request=Getobservation&featureofinterest=404247&observedProperty=Water%20Course%20Discharge&procedure=Pat4_C_B_1&temporalFilter=om:phenomenonTime,2020/2021",,"Bureau of Meteorology",0.60367456,3.037061276,"",1613003690000,"RYANS CREEK U///S LOOMBAH RESERVOIR","Australia",,-1,,,,
29717,"AUSDSLAURISTON","https://www.bom.gov.au/waterdata/","https://www.bom.gov.au/waterdata/services?service=SOS&version=2.0&request=Getobservation&featureofinterest=DSLAURISTON&observedProperty=Water%20Course%20Level&procedure=Pat3_C_B_1&temporalFilter=om:phenomenonTime,2025/2026","https://www.bom.gov.au/waterdata/services?service=SOS&version=2.0&request=Getobservation&featureofinterest=DSLAURISTON&observedProperty=Water%20Course%20Discharge&procedure=Pat4_C_B_1&temporalFilter=om:phenomenonTime,2025/2026",,"Bureau of Meteorology",,2.542655952,"",1780063200000,"Coliban River downstream of Lauriston Reservoir","Australia",461,-1,,,,
29718,"AUSDSMALMSBURY","https://www.bom.gov.au/waterdata/","https://www.bom.gov.au/waterdata/services?service=SOS&version=2.0&request=Getobservation&featureofinterest=DSMALMSBURY&observedProperty=Water%20Course%20Level&procedure=Pat3_C_B_1&temporalFilter=om:phenomenonTime,2025/2026","https://www.bom.gov.au/waterdata/services?service=SOS&version=2.0&request=Getobservation&featureofinterest=DSMALMSBURY&observedProperty=Water%20Course%20Discharge&procedure=Pat4_C_B_1&temporalFilter=om:phenomenonTime,2025/2026",,"Bureau of Meteorology",,1.58915997,"",1780063200000,"Coliban River downstream of Malmsbury Reservoir","Australia",461,-1,,,,
29721,"AUSMAINCHANNEL","https://www.bom.gov.au/waterdata/","https://www.bom.gov.au/waterdata/services?service=SOS&version=2.0&request=Getobservation&featureofinterest=MAINCHANNEL&observedProperty=Water%20Course%20Level&procedure=Pat3_C_B_1&temporalFilter=om:phenomenonTime,2025/2026","https://www.bom.gov.au/waterdata/services?service=SOS&version=2.0&request=Getobservation&featureofinterest=MAINCHANNEL&observedProperty=Water%20Course%20Discharge&procedure=Pat4_C_B_1&temporalFilter=om:phenomenonTime,2025/2026",,"Bureau of Meteorology",,0,"",1780063200000,"Coliban Main Channel at Malmsbury Reservoir","Australia",461,-1,,,,
29728,"NWSRLFM5","https://water.noaa.gov/gauges/rlfm5","https://api.water.noaa.gov/nwps/v1/gauges/RLFM5/stageflow","https://api.water.noaa.gov/nwps/v1/gauges/RLFM5/stageflow","https://water.noaa.gov/resources/hydrographs/rlfm5_hg.png","NOAA",10.82,434,"",1781717400000,"Red Lake River at Red Lake Falls (CR13)","MN, USA",1,-1,"","","",""
29738,"CAN05QE008",,"https://dd.weather.gc.ca/today/hydrometric/csv/ON/hourly/ON_05QE008_hourly_hydrometric.csv","https://dd.weather.gc.ca/today/hydrometric/csv/ON/hourly/ON_05QE008_hourly_hydrometric.csv",,"Meteorological Service of Canada",94.65879568,586.223522,"",1781720700000,"CEDAR RIVER BELOW WABASKANG LAKE","ON, Canada",0,-1,,,,
29748,"AUS238205","http://www.bom.gov.au/waterdata/","http://www.bom.gov.au/waterdata/services?service=SOS&version=2.0&request=Getobservation&featureofinterest=238205&observedProperty=Water%20Course%20Level&procedure=Pat3_C_B_1&temporalFilter=om:phenomenonTime,2020/2021","http://www.bom.gov.au/waterdata/services?service=SOS&version=2.0&request=Getobservation&featureofinterest=238205&observedProperty=Water%20Course%20Discharge&procedure=Pat4_C_B_1&temporalFilter=om:phenomenonTime,2020/2021",,"Bureau of Meteorology",586.80119988,6.780415872,"",1612130400000,"GLENELG RIVER @ ROCKLANDS RESERVOIR","Australia",,-1,,,,
29774,"AUS238702","https://www.bom.gov.au/waterdata/","https://www.bom.gov.au/waterdata/services?service=SOS&version=2.0&request=Getobservation&featureofinterest=238702&observedProperty=Water%20Course%20Level&procedure=Pat3_C_B_1&temporalFilter=om:phenomenonTime,2025/2026","https://www.bom.gov.au/waterdata/services?service=SOS&version=2.0&request=Getobservation&featureofinterest=238702&observedProperty=Water%20Course%20Discharge&procedure=Pat4_C_B_1&temporalFilter=om:phenomenonTime,2025/2026",,"Bureau of Meteorology",0.44619424,0,"",1781481600000,"MOORA OUTLET CHANNEL @ MOORA RESERVOIR","Australia",67,-1,,,,
29784,"CAN10JA002",,"https://dd.weather.gc.ca/today/hydrometric/csv/NT/hourly/NT_10JA002_hourly_hydrometric.csv","https://dd.weather.gc.ca/today/hydrometric/csv/NT/hourly/NT_10JA002_hourly_hydrometric.csv",,"Meteorological Service of Canada",9.71784808,3351.362183,"",1.781721e+12,"CAMSELL RIVER AT OUTLET OF CLUT LAKE","NT, Canada",0,-1,,,,
29798,"NWSDRBI1","https://water.noaa.gov/gauges/drbi1","https://api.water.noaa.gov/nwps/v1/gauges/DRBI1/stageflow","https://api.water.noaa.gov/nwps/v1/gauges/DRBI1/stageflow","https://water.noaa.gov/resources/hydrographs/drbi1_hg.png","NOAA",3.27,204,"",1781719200000,"Deadwood River at Deadwood Reservoir","ID, USA",1,-1,"","","",""
29931,"CAN05CH011",,"https://dd.weather.gc.ca/today/hydrometric/csv/AB/hourly/AB_05CH011_hourly_hydrometric.csv","https://dd.weather.gc.ca/today/hydrometric/csv/AB/hourly/AB_05CH011_hourly_hydrometric.csv",,"Meteorological Service of Canada",3.22178488,8.05174476,"",1781721600000,"BERRY CREEK RESERVOIR OUTLET","AB, Canada",0,-1,,,,
29965,"CAN07FD011",,"https://dd.weather.gc.ca/today/hydrometric/csv/AB/hourly/AB_07FD011_hourly_hydrometric.csv","https://dd.weather.gc.ca/today/hydrometric/csv/AB/hourly/AB_07FD011_hourly_hydrometric.csv",,"Meteorological Service of Canada",5.61679808,45.2027776,"",1781721900000,"HINES CREEK ABOVE GERRY LAKE","AB, Canada",0,-1,,,,
29987,"CAN11AB078",,"https://dd.weather.gc.ca/today/hydrometric/csv/SK/hourly/SK_11AB078_hourly_hydrometric.csv","https://dd.weather.gc.ca/today/hydrometric/csv/SK/hourly/SK_11AB078_hourly_hydrometric.csv",,"Meteorological Service of Canada",2.5754594,18.78740444,"",1.781721e+12,"CYPRESS LAKE WEST INFLOW CANAL","SK, Canada",0,-1,,,,
30025,"CAN05LN006",,"https://dd.weather.gc.ca/today/hydrometric/csv/MB/hourly/MB_05LN006_hourly_hydrometric.csv","https://dd.weather.gc.ca/today/hydrometric/csv/MB/hourly/MB_05LN006_hourly_hydrometric.csv",,"Meteorological Service of Canada",23.37270416,11.05349171,"",1781721120000,"BURNT LAKE DRAIN NORTHWEST OF LUNDAR","MB, Canada",0,-1,,,,
30038,"CAN05MG015",,"https://dd.weather.gc.ca/today/hydrometric/csv/MB/hourly/MB_05MG015_hourly_hydrometric.csv","https://dd.weather.gc.ca/today/hydrometric/csv/MB/hourly/MB_05MG015_hourly_hydrometric.csv",,"Meteorological Service of Canada",337.39174308,0,"",1781719800000,"BAILEYS CREEK NEAR OAK LAKE","MB, Canada",1,-1,,,,
30055,"CAN05OA010",,"https://dd.weather.gc.ca/today/hydrometric/csv/MB/hourly/MB_05OA010_hourly_hydrometric.csv","https://dd.weather.gc.ca/today/hydrometric/csv/MB/hourly/MB_05OA010_hourly_hydrometric.csv",,"Meteorological Service of Canada",1350.25922956,0.60034939,"",1781720700000,"PEMBINA RIVER ABOVE LORNE LAKE","MB, Canada",0,-1,,,,
30098,"CAN07BK009",,"https://dd.weather.gc.ca/today/hydrometric/csv/AB/hourly/AB_07BK009_hourly_hydrometric.csv","https://dd.weather.gc.ca/today/hydrometric/csv/AB/hourly/AB_07BK009_hourly_hydrometric.csv",,"Meteorological Service of Canada",5.36089256,29.24054676,"",1781719500000,"SAWRIDGE CREEK NEAR SLAVE LAKE","AB, Canada",1,-1,,,,
30125,"CAN05AB045",,"https://dd.weather.gc.ca/today/hydrometric/csv/AB/hourly/AB_05AB045_hourly_hydrometric.csv","https://dd.weather.gc.ca/today/hydrometric/csv/AB/hourly/AB_05AB045_hourly_hydrometric.csv",,"Meteorological Service of Canada",23.868111,0,"",1781721900000,"PINE COULEE OUTFLOW BELOW RESERVOIR","AB, Canada",0,-1,,,,
30136,"CAN05CG006",,"https://dd.weather.gc.ca/today/hydrometric/csv/AB/hourly/AB_05CG006_hourly_hydrometric.csv","https://dd.weather.gc.ca/today/hydrometric/csv/AB/hourly/AB_05CG006_hourly_hydrometric.csv",,"Meteorological Service of Canada",4.28477704,0.91818142,"",1781721600000,"FISH CREEK ABOVE LITTLE FISH LAKE","AB, Canada",0,-1,,,,
30159,"CAN06AB002",,"https://dd.weather.gc.ca/today/hydrometric/csv/AB/hourly/AB_06AB002_hourly_hydrometric.csv","https://dd.weather.gc.ca/today/hydrometric/csv/AB/hourly/AB_06AB002_hourly_hydrometric.csv",,"Meteorological Service of Canada",1961.36161132,504.999781,"",1781712900000,"WOLF RIVER AT OUTLET OF WOLF LAKE","AB, Canada",3,-1,,,,
30172,"CAN07BG004",,"https://dd.weather.gc.ca/today/hydrometric/csv/AB/hourly/AB_07BG004_hourly_hydrometric.csv","https://dd.weather.gc.ca/today/hydrometric/csv/AB/hourly/AB_07BG004_hourly_hydrometric.csv",,"Meteorological Service of Canada",304.22573152,23.41362621,"",1781721600000,"LILY CREEK NEAR SLAVE LAKE","AB, Canada",0,-1,,,,
30213,"CAN05OB019",,"https://dd.weather.gc.ca/today/hydrometric/csv/MB/hourly/MB_05OB019_hourly_hydrometric.csv","https://dd.weather.gc.ca/today/hydrometric/csv/MB/hourly/MB_05OB019_hourly_hydrometric.csv",,"Meteorological Service of Canada",1307.78547492,230.6047951,"",1781720700000,"PEMBINA RIVER NEAR OUTLET OF SWAN LAKE","MB, Canada",0,-1,,,,
30218,"AUS232224","http://www.bom.gov.au/waterdata/","http://www.bom.gov.au/waterdata/services?service=SOS&version=2.0&request=Getobservation&featureofinterest=232224&observedProperty=Water%20Course%20Level&procedure=Pat3_C_B_1&temporalFilter=om:phenomenonTime,2020/2021","http://www.bom.gov.au/waterdata/services?service=SOS&version=2.0&request=Getobservation&featureofinterest=232224&observedProperty=Water%20Course%20Discharge&procedure=Pat4_C_B_1&temporalFilter=om:phenomenonTime,2020/2021",,"Bureau of Meteorology",0.38057744,0,"",1620780170000,"SLATER CREEK @ U///S WILSON RESERVOIR","Australia",,-1,,,,
30219,"AUS232225","http://www.bom.gov.au/waterdata/","http://www.bom.gov.au/waterdata/services?service=SOS&version=2.0&request=Getobservation&featureofinterest=232225&observedProperty=Water%20Course%20Level&procedure=Pat3_C_B_1&temporalFilter=om:phenomenonTime,2020/2021","http://www.bom.gov.au/waterdata/services?service=SOS&version=2.0&request=Getobservation&featureofinterest=232225&observedProperty=Water%20Course%20Discharge&procedure=Pat4_C_B_1&temporalFilter=om:phenomenonTime,2020/2021",,"Bureau of Meteorology",0.45275592,0.035314666,"",1620781940000,"MAHARS CREEK @ U///S WILSON RESERVOIR","Australia",,-1,,,,
30222,"AUS233706","http://www.bom.gov.au/waterdata/","http://www.bom.gov.au/waterdata/services?service=SOS&version=2.0&request=Getobservation&featureofinterest=233706&observedProperty=Water%20Course%20Level&procedure=Pat3_C_B_1&temporalFilter=om:phenomenonTime,2020/2021","http://www.bom.gov.au/waterdata/services?service=SOS&version=2.0&request=Getobservation&featureofinterest=233706&observedProperty=Water%20Course%20Discharge&procedure=Pat4_C_B_1&temporalFilter=om:phenomenonTime,2020/2021",,"Bureau of Meteorology",1.00721788,4.343703918,"",1614127500000,"PINCOTT CHANNEL D///S PINCOTT RESERVOIR","Australia",,-1,,,,
30224,"AUS234209","https://www.bom.gov.au/waterdata/","https://www.bom.gov.au/waterdata/services?service=SOS&version=2.0&request=Getobservation&featureofinterest=234209&observedProperty=Water%20Course%20Level&procedure=Pat3_C_B_1&temporalFilter=om:phenomenonTime,2025/2026","https://www.bom.gov.au/waterdata/services?service=SOS&version=2.0&request=Getobservation&featureofinterest=234209&observedProperty=Water%20Course%20Discharge&procedure=Pat4_C_B_1&temporalFilter=om:phenomenonTime,2025/2026",,"Bureau of Meteorology",1.30905516,7.94579985,"",1781481600000,"DEAN CREEK @ LAKE COLAC","Australia",67,-1,,,,
30305,"CAN10JC003",,"https://dd.weather.gc.ca/today/hydrometric/csv/NT/hourly/NT_10JC003_hourly_hydrometric.csv","https://dd.weather.gc.ca/today/hydrometric/csv/NT/hourly/NT_10JC003_hourly_hydrometric.csv",,"Meteorological Service of Canada",5.55118128,17162.92962,"",1781720400000,"GREAT BEAR RIVER AT OUTLET OF GREAT BEAR LAKE","NT, Canada",0,-1,,,,
30306,"CAN10PA001",,"https://dd.weather.gc.ca/today/hydrometric/csv/NT/hourly/NT_10PA001_hourly_hydrometric.csv","https://dd.weather.gc.ca/today/hydrometric/csv/NT/hourly/NT_10PA001_hourly_hydrometric.csv",,"Meteorological Service of Canada",21.5059062,1846.957241,"",1781720100000,"COPPERMINE RIVER BELOW DESTEFFANY LAKE","NT, Canada",1,-1,,,,
30309,"CAN03OA017",,"https://dd.weather.gc.ca/today/hydrometric/csv/NL/hourly/NL_03OA017_hourly_hydrometric.csv","https://dd.weather.gc.ca/today/hydrometric/csv/NL/hourly/NL_03OA017_hourly_hydrometric.csv",,"Meteorological Service of Canada",2463.36622056,0.52972005,"",1781719200000,"PUMPHOUSE STREAM ABOVE DRUM LAKE","NL, Canada",1,-1,,,,
30313,"NWSWHRM5","https://water.noaa.gov/gauges/whrm5","https://api.water.noaa.gov/nwps/v1/gauges/WHRM5/stageflow","https://api.water.noaa.gov/nwps/v1/gauges/WHRM5/stageflow","https://water.noaa.gov/resources/hydrographs/whrm5_hg.png","NOAA",5.01,211,"No Flooding",1781717400000,"Bois de Sioux River at White Rock Dam","MN, USA",1,1,"","","",""
30321,"US05431022","https://waterdata.usgs.gov/monitoring-location/USGS-05431022","https://waterservices.usgs.gov/nwis/iv/?sites=05431022&parameterCd=00065&format=json&period=P7D","https://waterservices.usgs.gov/nwis/iv/?sites=05431022&parameterCd=00060&format=json","https://waterdata.usgs.gov/combined-location-graph/#locationId=USGS-05431022&parameterCode=00065","USGS",6.53,106,"",1781723370000,"Delavan Lake Outlet At Borg Road Near Delavan, ,WI","WI, USA",0,-1,,,,
30322,"AUS2122051","https://www.bom.gov.au/waterdata/","https://www.bom.gov.au/waterdata/services?service=SOS&version=2.0&request=Getobservation&featureofinterest=2122051&observedProperty=Water%20Course%20Level&procedure=Pat3_C_B_1&temporalFilter=om:phenomenonTime,2025/2026","https://www.bom.gov.au/waterdata/services?service=SOS&version=2.0&request=Getobservation&featureofinterest=2122051&observedProperty=Water%20Course%20Discharge&procedure=Pat4_C_B_1&temporalFilter=om:phenomenonTime,2025/2026",,"Bureau of Meteorology",1.58464572,18.081108992,"",1781437500000,"NEPEAN RIVER AT NEPEAN DAM INFLOW","Australia",79,-1,,,,
30333,"AUS2122052","https://www.bom.gov.au/waterdata/","https://www.bom.gov.au/waterdata/services?service=SOS&version=2.0&request=Getobservation&featureofinterest=2122052&observedProperty=Water%20Course%20Level&procedure=Pat3_C_B_1&temporalFilter=om:phenomenonTime,2025/2026","https://www.bom.gov.au/waterdata/services?service=SOS&version=2.0&request=Getobservation&featureofinterest=2122052&observedProperty=Water%20Course%20Discharge&procedure=Pat4_C_B_1&temporalFilter=om:phenomenonTime,2025/2026",,"Bureau of Meteorology",2.43438328,7.204191864,"",1781520300000,"BURKE RIVER AT NEPEAN DAM INFLOW","Australia",56,-1,,,,
30334,"AUS2122204","https://www.bom.gov.au/waterdata/","https://www.bom.gov.au/waterdata/services?service=SOS&version=2.0&request=Getobservation&featureofinterest=2122204&observedProperty=Water%20Course%20Level&procedure=Pat3_C_B_1&temporalFilter=om:phenomenonTime,2025/2026","https://www.bom.gov.au/waterdata/services?service=SOS&version=2.0&request=Getobservation&featureofinterest=2122204&observedProperty=Water%20Course%20Discharge&procedure=Pat4_C_B_1&temporalFilter=om:phenomenonTime,2025/2026",,"Bureau of Meteorology",0.49540684,2.189509292,"",1781531100000,"CORDEAUX RIVER AT CORDEAUX DAM 1","Australia",53,-1,,,,
30341,"CAN05PJ001",,"https://dd.weather.gc.ca/today/hydrometric/csv/MB/hourly/MB_05PJ001_hourly_hydrometric.csv","https://dd.weather.gc.ca/today/hydrometric/csv/MB/hourly/MB_05PJ001_hourly_hydrometric.csv",,"Meteorological Service of Canada",4.7080054,381.398436,"",1781720100000,"BIRD RIVER AT OUTLET OF BIRD LAKE","MB, Canada",1,-1,,,,
30350,"US0164578734","https://waterdata.usgs.gov/monitoring-location/USGS-0164578734","https://waterservices.usgs.gov/nwis/iv/?sites=0164578734&parameterCd=00065&format=json&period=P7D","https://waterservices.usgs.gov/nwis/iv/?sites=0164578734&parameterCd=00060&format=json","https://waterdata.usgs.gov/combined-location-graph/#locationId=USGS-0164578734&parameterCode=00065","USGS",1.26,0.35,"",1781721564000,"Snakeden Branch Above Lake Audubon At Reston, ,VA","VA, USA",0,-1,,,,
30356,"NWSSNRC1","https://water.noaa.gov/gauges/snrc1","https://api.water.noaa.gov/nwps/v1/gauges/SNRC1/stageflow","https://api.water.noaa.gov/nwps/v1/gauges/SNRC1/stageflow","https://water.noaa.gov/resources/hydrographs/snrc1_hg.png","NOAA",750.7,199000,"No Flooding",1781718300000,"San Antonio Reservoir at Bradley","CA, USA",1,1,"","","",""
30361,"CAN07KF015",,"https://dd.weather.gc.ca/today/hydrometric/csv/AB/hourly/AB_07KF015_hourly_hydrometric.csv","https://dd.weather.gc.ca/today/hydrometric/csv/AB/hourly/AB_07KF015_hourly_hydrometric.csv",,"Meteorological Service of Canada",29.74409544,15785.65749,"",1781721300000,"EMBARRAS RIVER BREAKTHROUGH TO MAMAWI LAKE","AB, Canada",0,-1,,,,
30391,"AUS415222","http://www.bom.gov.au/waterdata/","http://www.bom.gov.au/waterdata/services?service=SOS&version=2.0&request=Getobservation&featureofinterest=415222&observedProperty=Water%20Course%20Level&procedure=Pat3_C_B_1&temporalFilter=om:phenomenonTime,2020/2021","http://www.bom.gov.au/waterdata/services?service=SOS&version=2.0&request=Getobservation&featureofinterest=415222&observedProperty=Water%20Course%20Discharge&procedure=Pat4_C_B_1&temporalFilter=om:phenomenonTime,2020/2021",,"Bureau of Meteorology",,0,"",1.615419e+12,"OUTLET CREEK @ LAKE HINDMARSH","Australia",,-1,,,,
30400,"CAN07RB001",,"https://dd.weather.gc.ca/today/hydrometric/csv/NT/hourly/NT_07RB001_hourly_hydrometric.csv","https://dd.weather.gc.ca/today/hydrometric/csv/NT/hourly/NT_07RB001_hourly_hydrometric.csv",,"Meteorological Service of Canada",25.86614256,1956.432718,"",1781719800000,"LOCKHART RIVER ABOVE OUTRAM LAKE","NT, Canada",1,-1,,,,
30427,"NWSBDDW4","https://water.noaa.gov/gauges/bddw4","https://api.water.noaa.gov/nwps/v1/gauges/BDDW4/stageflow","https://api.water.noaa.gov/nwps/v1/gauges/BDDW4/stageflow","https://water.noaa.gov/resources/hydrographs/bddw4_hg.png","NOAA",2.62,805,"No Flooding",1781718300000,"Wind River at Below Diversion Dam at Highway 26 Bridge","WY, USA",1,1,"","","",""
30434,"NWSERLN1","https://water.noaa.gov/gauges/erln1","https://api.water.noaa.gov/nwps/v1/gauges/ERLN1/stageflow","https://api.water.noaa.gov/nwps/v1/gauges/ERLN1/stageflow","https://water.noaa.gov/resources/hydrographs/erln1_hg.png","NOAA",1244.09,0,"No Flooding",1781720100000,"Pawnee Lake at Pawnee Lake","NE, USA",1,1,"","","",""
30436,"NWSHKMN1","https://water.noaa.gov/gauges/hkmn1","https://api.water.noaa.gov/nwps/v1/gauges/HKMN1/stageflow","https://api.water.noaa.gov/nwps/v1/gauges/HKMN1/stageflow","https://water.noaa.gov/resources/hydrographs/hkmn1_hg.png","NOAA",1271.31,0,"No Flooding",1781720100000,"Stagecoach Lake at Stagecoach Lake","NE, USA",1,1,"","","",""
30449,"NWSPIXW4","https://water.noaa.gov/gauges/pixw4","https://api.water.noaa.gov/nwps/v1/gauges/PIXW4/stageflow","https://api.water.noaa.gov/nwps/v1/gauges/PIXW4/stageflow","https://water.noaa.gov/resources/hydrographs/pixw4_hg.png","NOAA",1.02,3.5,"No Flooding",1781720100000,"Bear River at Pixley Dam","WY, USA",1,1,"No Flooding","No Flooding","No Flooding","No Flooding"
30452,"CAN04GB004",,"https://dd.weather.gc.ca/today/hydrometric/csv/ON/hourly/ON_04GB004_hourly_hydrometric.csv","https://dd.weather.gc.ca/today/hydrometric/csv/ON/hourly/ON_04GB004_hourly_hydrometric.csv",,"Meteorological Service of Canada",10.04921292,11159.43572,"",1781720700000,"OGOKI RIVER ABOVE WHITECLAY LAKE","ON, Canada",0,-1,,,,
30507,"CAN11AC065",,"https://dd.weather.gc.ca/today/hydrometric/csv/SK/hourly/SK_11AC065_hourly_hydrometric.csv","https://dd.weather.gc.ca/today/hydrometric/csv/SK/hourly/SK_11AC065_hourly_hydrometric.csv",,"Meteorological Service of Canada",,0,"",1.781721e+12,"HUFF LAKE GRAVITY CANAL","SK, Canada",0,-1,,,,
30508,"CAN11AC066",,"https://dd.weather.gc.ca/today/hydrometric/csv/SK/hourly/SK_11AC066_hourly_hydrometric.csv","https://dd.weather.gc.ca/today/hydrometric/csv/SK/hourly/SK_11AC066_hourly_hydrometric.csv",,"Meteorological Service of Canada",2705.55454852,-1.23601345,"",1.781721e+12,"HUFF LAKE PUMPING CANAL","SK, Canada",0,-1,,,,
30512,"CAN05BM004",,"https://dd.weather.gc.ca/today/hydrometric/csv/AB/hourly/AB_05BM004_hourly_hydrometric.csv","https://dd.weather.gc.ca/today/hydrometric/csv/AB/hourly/AB_05BM004_hourly_hydrometric.csv",,"Meteorological Service of Canada",6.86351728,9323.07288,"",1781720100000,"BOW RIVER BELOW BASSANO DAM","AB, Canada",1,-1,,,,
30520,"NWSBYDM8","https://water.noaa.gov/gauges/bydm8","https://api.water.noaa.gov/nwps/v1/gauges/BYDM8/stageflow","https://api.water.noaa.gov/nwps/v1/gauges/BYDM8/stageflow","https://water.noaa.gov/resources/hydrographs/bydm8_hg.png","NOAA",2.01,35.1,"",1781720100000,"Red Lodge Creek at Cooney Reservoir near Boyd","MT, USA",1,-1,"","","",""
30542,"US04152049","https://waterdata.usgs.gov/monitoring-location/USGS-04152049","https://waterservices.usgs.gov/nwis/iv/?sites=04152049&parameterCd=00065&format=json&period=P7D","https://waterservices.usgs.gov/nwis/iv/?sites=04152049&parameterCd=00060&format=json","https://waterdata.usgs.gov/combined-location-graph/#locationId=USGS-04152049&parameterCode=00065","USGS",3.23,133,"",1781723312000,"Tittabawassee River At Secord Dam Nr Gladwin, ,MI","MI, USA",0,-1,,,,
30567,"CAN05BM002",,"https://dd.weather.gc.ca/today/hydrometric/csv/AB/hourly/AB_05BM002_hourly_hydrometric.csv","https://dd.weather.gc.ca/today/hydrometric/csv/AB/hourly/AB_05BM002_hourly_hydrometric.csv",,"Meteorological Service of Canada",10.46916044,11159.43572,"",1781719500000,"BOW RIVER BELOW CARSELAND DAM","AB, Canada",1,-1,,,,
30590,"CAN11AC054",,"https://dd.weather.gc.ca/today/hydrometric/csv/SK/hourly/SK_11AC054_hourly_hydrometric.csv","https://dd.weather.gc.ca/today/hydrometric/csv/SK/hourly/SK_11AC054_hourly_hydrometric.csv",,"Meteorological Service of Canada",2623.23827292,0.07062934,"",1.781721e+12,"NEWTON LAKE MAIN CANAL","SK, Canada",0,-1,,,,
30593,"CAN08EC014",,"https://dd.weather.gc.ca/today/hydrometric/csv/BC/hourly/BC_08EC014_hourly_hydrometric.csv","https://dd.weather.gc.ca/today/hydrometric/csv/BC/hourly/BC_08EC014_hourly_hydrometric.csv",,"Meteorological Service of Canada",6.28608944,0.10594401,"",1.781721e+12,"TWAIN CREEK TRIBUTARY NEAR BABINE LAKE","BC, Canada",0,-1,,,,
30594,"CAN08ED004",,"https://dd.weather.gc.ca/today/hydrometric/csv/BC/hourly/BC_08ED004_hourly_hydrometric.csv","https://dd.weather.gc.ca/today/hydrometric/csv/BC/hourly/BC_08ED004_hourly_hydrometric.csv",,"Meteorological Service of Canada",4.42257232,15.71502815,"",1781721900000,"THAUTIL CORNER CREEK NEAR MORICE LAKE","BC, Canada",0,-1,,,,
30613,"US08393300","https://waterdata.usgs.gov/monitoring-location/USGS-08393300","https://waterservices.usgs.gov/nwis/iv/?sites=08393300&parameterCd=00065&format=json&period=P7D","https://waterservices.usgs.gov/nwis/iv/?sites=08393300&parameterCd=00060&format=json","https://waterdata.usgs.gov/combined-location-graph/#locationId=USGS-08393300&parameterCode=00065","USGS",0.35,0,"",1781722411000,"Rocky Arroyo Blw Rocky Dam, ,NM","NM, USA",0,-1,,,,
30624,"NWSBSRW4","https://water.noaa.gov/gauges/bsrw4","https://api.water.noaa.gov/nwps/v1/gauges/BSRW4/stageflow","https://api.water.noaa.gov/nwps/v1/gauges/BSRW4/stageflow","https://water.noaa.gov/resources/hydrographs/bsrw4_hg.png","NOAA",4.24,178,"No Flooding",1781719200000,"Big Sandy River (WY) at Big Sandy Reservoir","WY, USA",1,1,"No Flooding","No Flooding","No Flooding","No Flooding"
30748,"US04026005","https://waterdata.usgs.gov/nwis/nwisman/?site_no=04026005","https://waterservices.usgs.gov/nwis/iv/?sites=04026005&parameterCd=00065&format=json&period=P7D","https://waterservices.usgs.gov/nwis/iv/?sites=04026005&parameterCd=00060&format=json",,"USGS",-999999,-999999,"",1750962600000,"Bois Brule River Near Lake Superior, WI","WI, USA",4320,-1,,,,
30759,"CAN05BA001",,"https://dd.weather.gc.ca/today/hydrometric/csv/AB/hourly/AB_05BA001_hourly_hydrometric.csv","https://dd.weather.gc.ca/today/hydrometric/csv/AB/hourly/AB_05BA001_hourly_hydrometric.csv",,"Meteorological Service of Canada",6.36154876,1345.488927,"",1781719500000,"BOW RIVER AT LAKE LOUISE","AB, Canada",1,-1,,,,
30807,"AUS235257","https://www.bom.gov.au/waterdata/","https://www.bom.gov.au/waterdata/services?service=SOS&version=2.0&request=Getobservation&featureofinterest=235257&observedProperty=Water%20Course%20Level&procedure=Pat3_C_B_1&temporalFilter=om:phenomenonTime,2025/2026","https://www.bom.gov.au/waterdata/services?service=SOS&version=2.0&request=Getobservation&featureofinterest=235257&observedProperty=Water%20Course%20Discharge&procedure=Pat4_C_B_1&temporalFilter=om:phenomenonTime,2025/2026",,"Bureau of Meteorology",0.57086616,0.211887996,"",1781481600000,"PAINKALAC CREEK @ U/S PAINKALAC DAM","Australia",67,-1,,,,
30858,"AUS405287","http://www.bom.gov.au/waterdata/","http://www.bom.gov.au/waterdata/services?service=SOS&version=2.0&request=Getobservation&featureofinterest=405287&observedProperty=Water%20Course%20Level&procedure=Pat3_C_B_1&temporalFilter=om:phenomenonTime,2020/2021","http://www.bom.gov.au/waterdata/services?service=SOS&version=2.0&request=Getobservation&featureofinterest=405287&observedProperty=Water%20Course%20Discharge&procedure=Pat4_C_B_1&temporalFilter=om:phenomenonTime,2020/2021",,"Bureau of Meteorology",,0.423775992,"",1620782280000,"WESTCOTT CREEK @ MT DISAPPOINTMENT US SUNDAY CK STORAGE","Australia",,-1,,,,
30859,"AUS405288","http://www.bom.gov.au/waterdata/","http://www.bom.gov.au/waterdata/services?service=SOS&version=2.0&request=Getobservation&featureofinterest=405288&observedProperty=Water%20Course%20Level&procedure=Pat3_C_B_1&temporalFilter=om:phenomenonTime,2020/2021","http://www.bom.gov.au/waterdata/services?service=SOS&version=2.0&request=Getobservation&featureofinterest=405288&observedProperty=Water%20Course%20Discharge&procedure=Pat4_C_B_1&temporalFilter=om:phenomenonTime,2020/2021",,"Bureau of Meteorology",,2.931117278,"",1620777870000,"SUNDAY CREEK @ MT DISAPPOINTMENT (US SUNDAY CK. STORAGE","Australia",,-1,,,,
30879,"AUS229652A","http://www.bom.gov.au/waterdata/","http://www.bom.gov.au/waterdata/services?service=SOS&version=2.0&request=Getobservation&featureofinterest=229652A&observedProperty=Water%20Course%20Level&procedure=Pat3_C_B_1&temporalFilter=om:phenomenonTime,2024/2025","http://www.bom.gov.au/waterdata/services?service=SOS&version=2.0&request=Getobservation&featureofinterest=229652A&observedProperty=Water%20Course%20Discharge&procedure=Pat4_C_B_1&temporalFilter=om:phenomenonTime,2024/2025",,"Bureau of Meteorology",,213.759673298,"",1.762956e+12,"O'SHANNASSY RIVER UPSTREAM OF RESERVOIR","Australia",4320,-1,,,,
30918,"NWSOAHN1","https://water.noaa.gov/gauges/oahn1","https://api.water.noaa.gov/nwps/v1/gauges/OAHN1/stageflow","https://api.water.noaa.gov/nwps/v1/gauges/OAHN1/stageflow","https://water.noaa.gov/resources/hydrographs/oahn1_hg.png","NOAA",1121.69,17.6,"No Flooding",1781716500000,"Glenn Cunningham Dam at Glenn Cunningham Dam","NE, USA",2,1,"","","",""
30921,"US09108250","https://waterdata.usgs.gov/monitoring-location/USGS-09108250","https://waterservices.usgs.gov/nwis/iv/?sites=09108250&parameterCd=00065&format=json&period=P7D","https://waterservices.usgs.gov/nwis/iv/?sites=09108250&parameterCd=00060&format=json","https://waterdata.usgs.gov/combined-location-graph/#locationId=USGS-09108250&parameterCode=00065","USGS",5.15,13.6,"",1781721211000,"Willow Creek Above Taylor Park Reservoir, Co.","CO, USA",0,-1,,,,
30934,"NWSARGA2","https://water.noaa.gov/gauges/arga2","https://api.water.noaa.gov/nwps/v1/gauges/ARGA2/stageflow","https://api.water.noaa.gov/nwps/v1/gauges/ARGA2/stageflow","https://water.noaa.gov/resources/hydrographs/arga2_hg.png","NOAA",33.32,2760,"",1781720100000,"Atigun River at Galbraith Lake","AK, USA",1,-1,"","","",""
30951,"MIN72034001","https://www.dnr.state.mn.us/waters/csg/site.html?id=72034001",,,"https://maps.dnr.state.mn.us/cgi-bin/csg/hydrograph_cgi.py?site=72034001&var1=262&nd=7&format=png","Minnesota DNR",8.97,2.72,"",1781717400000,"Keeley Creek nr Ely, 0.25mi US of Birch Lake","MN, USA",1,-1,,,,
30965,"CAN03OB007",,"https://dd.weather.gc.ca/hydrometric/csv/NL/hourly/NL_03OB007_hourly_hydrometric.csv","https://dd.weather.gc.ca/hydrometric/csv/NL/hourly/NL_03OB007_hourly_hydrometric.csv",,"Meteorological Service of Canada",4.29461956,11.26537973,"",1748432100000,"ELROSS CREEK BELOW PINETTE LAKE INFLOW","NL, Canada",4320,-1,,,,
31046,"AUSG8170075","https://www.bom.gov.au/waterdata/","https://www.bom.gov.au/waterdata/services?service=SOS&version=2.0&request=Getobservation&featureofinterest=G8170075&observedProperty=Water%20Course%20Level&procedure=Pat3_C_B_1&temporalFilter=om:phenomenonTime,2025/2026","https://www.bom.gov.au/waterdata/services?service=SOS&version=2.0&request=Getobservation&featureofinterest=G8170075&observedProperty=Water%20Course%20Discharge&procedure=Pat4_C_B_1&temporalFilter=om:phenomenonTime,2025/2026",,"Bureau of Meteorology",0.99409452,2.507341286,"",1781469900000,"Manton River - U/S Manton Dam","Australia",70,-1,,,,
31090,"NWSTINB3","https://water.noaa.gov/gauges/tinb3","https://api.water.noaa.gov/nwps/v1/gauges/TINB3/stageflow","https://api.water.noaa.gov/nwps/v1/gauges/TINB3/stageflow","https://water.noaa.gov/resources/hydrographs/tinb3_hg.png","NOAA",12.03,2180,"",1781715600000,"Aroostook River at Tinker Dam","ME, USA",2,-1,"","","",""
31093,"AUSG8150010","https://www.bom.gov.au/waterdata/","https://www.bom.gov.au/waterdata/services?service=SOS&version=2.0&request=Getobservation&featureofinterest=G8150010&observedProperty=Water%20Course%20Level&procedure=Pat3_C_B_1&temporalFilter=om:phenomenonTime,2025/2026","https://www.bom.gov.au/waterdata/services?service=SOS&version=2.0&request=Getobservation&featureofinterest=G8150010&observedProperty=Water%20Course%20Discharge&procedure=Pat4_C_B_1&temporalFilter=om:phenomenonTime,2025/2026",,"Bureau of Meteorology",2.97572188,27.933900806,"",1781469900000,"Finniss River - Batchelor Dam Site","Australia",70,-1,,,,
31109,"CAN03OA016",,"https://dd.weather.gc.ca/today/hydrometric/csv/NL/hourly/NL_03OA016_hourly_hydrometric.csv","https://dd.weather.gc.ca/today/hydrometric/csv/NL/hourly/NL_03OA016_hourly_hydrometric.csv",,"Meteorological Service of Canada",2.9199476,1.30664279,"",1781719200000,"DUMBELL STREAM ABOVE DUMBELL LAKE","NL, Canada",1,-1,,,,
31135,"NWSSDTM4","https://water.noaa.gov/gauges/sdtm4","https://api.water.noaa.gov/nwps/v1/gauges/SDTM4/stageflow","https://api.water.noaa.gov/nwps/v1/gauges/SDTM4/stageflow","https://water.noaa.gov/resources/hydrographs/sdtm4_hg.png","NOAA",3.23,137,"",1781715600000,"Tittabawassee River at Secord Dam near Gladwin","MI, USA",2,-1,"","","",""
31174,"CAN06KB003",,"https://dd.weather.gc.ca/today/hydrometric/csv/NT/hourly/NT_06KB003_hourly_hydrometric.csv","https://dd.weather.gc.ca/today/hydrometric/csv/NT/hourly/NT_06KB003_hourly_hydrometric.csv",,"Meteorological Service of Canada",32.97572284,15715.02815,"",1781720400000,"DUBAWNT RIVER ABOVE DUBAWNT LAKE","NT, Canada",0,-1,,,,
31224,"CAN08FA002",,"https://dd.weather.gc.ca/today/hydrometric/csv/BC/hourly/BC_08FA002_hourly_hydrometric.csv","https://dd.weather.gc.ca/today/hydrometric/csv/BC/hourly/BC_08FA002_hourly_hydrometric.csv",,"Meteorological Service of Canada",,17480.76165,"",1781720100000,"WANNOCK RIVER AT OUTLET OF OWIKENO LAKE","BC, Canada",1,-1,,,,
31437,"CAN01ED005",,"https://dd.weather.gc.ca/today/hydrometric/csv/NS/hourly/NS_01ED005_hourly_hydrometric.csv","https://dd.weather.gc.ca/today/hydrometric/csv/NS/hourly/NS_01ED005_hourly_hydrometric.csv",,"Meteorological Service of Canada",3.79265104,178.6922302,"",1781720760000,"MERSEY RIVER BELOW GEORGE LAKE","NS, Canada",0,-1,,,,
31440,"CAN01EE005",,"https://dd.weather.gc.ca/today/hydrometric/csv/NS/hourly/NS_01EE005_hourly_hydrometric.csv","https://dd.weather.gc.ca/today/hydrometric/csv/NS/hourly/NS_01EE005_hourly_hydrometric.csv",,"Meteorological Service of Canada",2.75918644,1.23601345,"",1781718660000,"MOOSE PIT BROOK AT TUPPER LAKE","NS, Canada",1,-1,,,,
31552,"NWSVQIC1","https://water.noaa.gov/gauges/vqic1","https://api.water.noaa.gov/nwps/v1/gauges/VQIC1/stageflow","https://api.water.noaa.gov/nwps/v1/gauges/VQIC1/stageflow","https://water.noaa.gov/resources/hydrographs/vqic1_hg.png","NOAA",2.55,21,"No Flooding",1.781721e+12,"Los Gatos Creek at Vasona Reservoir","CA, USA",0,1,"","","",""
31605,"CAN07BE003",,"https://dd.weather.gc.ca/today/hydrometric/csv/AB/hourly/AB_07BE003_hourly_hydrometric.csv","https://dd.weather.gc.ca/today/hydrometric/csv/AB/hourly/AB_07BE003_hourly_hydrometric.csv",,"Meteorological Service of Canada",21.52887208,5.15594182,"",1781720700000,"PORTER CREEK ABOVE BAPTISTE LAKE","AB, Canada",0,-1,,,,
31628,"AUS236215","https://www.bom.gov.au/waterdata/","https://www.bom.gov.au/waterdata/services?service=SOS&version=2.0&request=Getobservation&featureofinterest=236215&observedProperty=Water%20Course%20Level&procedure=Pat3_C_B_1&temporalFilter=om:phenomenonTime,2025/2026","https://www.bom.gov.au/waterdata/services?service=SOS&version=2.0&request=Getobservation&featureofinterest=236215&observedProperty=Water%20Course%20Discharge&procedure=Pat4_C_B_1&temporalFilter=om:phenomenonTime,2025/2026",,"Bureau of Meteorology",4.20275604,12.960482422,"",1781481600000,"BURRUMBEET CREEK @ LAKE BURRUMBEET","Australia",67,-1,,,,
31687,"US10348801","https://waterdata.usgs.gov/monitoring-location/USGS-10348801","https://waterservices.usgs.gov/nwis/iv/?sites=10348801&parameterCd=00065&format=json&period=P7D","https://waterservices.usgs.gov/nwis/iv/?sites=10348801&parameterCd=00060&format=json","https://waterdata.usgs.gov/combined-location-graph/#locationId=USGS-10348801&parameterCode=00065","USGS",3.76,0.29,"",1781721993000,"Steamboat Ck At Washoe Lk Dam At New Washoe City","NV, USA",0,-1,,,,
31823,"NWSVCRC2","https://water.noaa.gov/gauges/vcrc2","https://api.water.noaa.gov/nwps/v1/gauges/VCRC2/stageflow","https://api.water.noaa.gov/nwps/v1/gauges/VCRC2/stageflow","https://water.noaa.gov/resources/hydrographs/vcrc2_hg.png","NOAA",7656.55,104000,"",1781719200000,"Los Pinos River at Vallecito Reservoir","CO, USA",1,-1,"","","",""
31835,"NWSUNRC2","https://water.noaa.gov/gauges/unrc2","https://api.water.noaa.gov/nwps/v1/gauges/UNRC2/stageflow","https://api.water.noaa.gov/nwps/v1/gauges/UNRC2/stageflow","https://water.noaa.gov/resources/hydrographs/unrc2_hg.png","NOAA",2.11,113,"No Flooding",1781720100000,"Uncompahgre River at Ridgway Reservoir","CO, USA",1,1,"No Flooding","No Flooding","No Flooding","No Flooding"
31915,"NWSNKTT1","https://water.noaa.gov/gauges/nktt1","https://api.water.noaa.gov/nwps/v1/gauges/NKTT1/stageflow","https://api.water.noaa.gov/nwps/v1/gauges/NKTT1/stageflow","https://water.noaa.gov/resources/hydrographs/nktt1_hg.png","NOAA",595.3,21700,"No Flooding",1781719200000,"Tennessee River at Nickajack Dam (Jasper 5S)","TN, USA",1,1,"No Flooding","No Flooding","No Flooding","No Flooding"
31943,"NWSGLSM1","https://water.noaa.gov/gauges/glsm1","https://api.water.noaa.gov/nwps/v1/gauges/GLSM1/stageflow","https://api.water.noaa.gov/nwps/v1/gauges/GLSM1/stageflow","https://water.noaa.gov/resources/hydrographs/glsm1_hg.png","NOAA",2.42,313,"No Flooding",1781719200000,"Grand Lake Stream at Grand Lake Stream","ME, USA",1,1,"","","",""
31945,"NWSBIGW4","https://water.noaa.gov/gauges/bigw4","https://api.water.noaa.gov/nwps/v1/gauges/BIGW4/stageflow","https://api.water.noaa.gov/nwps/v1/gauges/BIGW4/stageflow","https://water.noaa.gov/resources/hydrographs/bigw4_hg.png","NOAA",6753.89,29900,"No Flooding",1781720100000,"Reservoirs at Big Sandy Reservoir","WY, USA",1,1,"","","",""
31971,"US11162619","https://waterdata.usgs.gov/monitoring-location/USGS-11162619","https://waterservices.usgs.gov/nwis/iv/?sites=11162619&parameterCd=00065&format=json&period=P7D","https://waterservices.usgs.gov/nwis/iv/?sites=11162619&parameterCd=00060&format=json","https://waterdata.usgs.gov/combined-location-graph/#locationId=USGS-11162619&parameterCode=00065","USGS",1.05,2.61,"",1781723610000,"Pilarcitos C Ab Stone Dam Nr Hillsborough ,CA","CA, USA",0,-1,,,,
31980,"AUSA5131015","https://www.bom.gov.au/waterdata/","https://www.bom.gov.au/waterdata/services?service=SOS&version=2.0&request=Getobservation&featureofinterest=A5131015&observedProperty=Water%20Course%20Level&procedure=Pat3_C_B_1&temporalFilter=om:phenomenonTime,2025/2026","https://www.bom.gov.au/waterdata/services?service=SOS&version=2.0&request=Getobservation&featureofinterest=A5131015&observedProperty=Water%20Course%20Discharge&procedure=Pat4_C_B_1&temporalFilter=om:phenomenonTime,2025/2026",,"Bureau of Meteorology",4.18963268,21.330058264,"",1781483400000,"Middle River Upstream Reservoir","Australia",66,-1,,,,
32016,"NWSSDXC1","https://water.noaa.gov/gauges/sdxc1","https://api.water.noaa.gov/nwps/v1/gauges/SDXC1/stageflow","https://api.water.noaa.gov/nwps/v1/gauges/SDXC1/stageflow","https://water.noaa.gov/resources/hydrographs/sdxc1_hg.png","NOAA",1.05,3,"",1781719200000,"Pilarcitos Creek at Stone Dam","CA, USA",1,-1,"","","",""
32017,"NWSXPSC1","https://water.noaa.gov/gauges/xpsc1","https://api.water.noaa.gov/nwps/v1/gauges/XPSC1/stageflow","https://api.water.noaa.gov/nwps/v1/gauges/XPSC1/stageflow","https://water.noaa.gov/resources/hydrographs/xpsc1_hg.png","NOAA",2.3,2,"",1781720100000,"Pilarcitos Creek at Pilarcitos Lake Spillway","CA, USA",1,-1,"","","",""
32095,"US02157475","https://waterdata.usgs.gov/monitoring-location/USGS-02157475","https://waterservices.usgs.gov/nwis/iv/?sites=02157475&parameterCd=00065&format=json&period=P7D","https://waterservices.usgs.gov/nwis/iv/?sites=02157475&parameterCd=00060&format=json","https://waterdata.usgs.gov/combined-location-graph/#locationId=USGS-02157475&parameterCode=00065","USGS",3.55,22.5,"",1781721567000,"Middle Tyger River Below Lyman Lake, Nr Greer, ,SC","SC, USA",0,-1,,,,
32167,"AUSA5120503","https://www.bom.gov.au/waterdata/","https://www.bom.gov.au/waterdata/services?service=SOS&version=2.0&request=Getobservation&featureofinterest=A5120503&observedProperty=Water%20Course%20Level&procedure=Pat3_C_B_1&temporalFilter=om:phenomenonTime,2025/2026","https://www.bom.gov.au/waterdata/services?service=SOS&version=2.0&request=Getobservation&featureofinterest=A5120503&observedProperty=Water%20Course%20Discharge&procedure=Pat4_C_B_1&temporalFilter=om:phenomenonTime,2025/2026",,"Bureau of Meteorology",5.30839912,124.342938986,"",1781570100000,"Toolillie Gully Upstream Tod Reservoir","Australia",42,-1,,,,
32175,"NWSLESC1","https://water.noaa.gov/gauges/lesc1","https://api.water.noaa.gov/nwps/v1/gauges/LESC1/stageflow","https://api.water.noaa.gov/nwps/v1/gauges/LESC1/stageflow","https://water.noaa.gov/resources/hydrographs/lesc1_hg.png","NOAA",1109.8,6140,"",1781720100000,"Los Gatos Creek at Lake Elsman","CA, USA",1,-1,"","","",""
32203,"NWSLFPI1","https://water.noaa.gov/gauges/lfpi1","https://api.water.noaa.gov/nwps/v1/gauges/LFPI1/stageflow","https://api.water.noaa.gov/nwps/v1/gauges/LFPI1/stageflow","https://water.noaa.gov/resources/hydrographs/lfpi1_hg.png","NOAA",5.15,208,"",1.781721e+12,"Lake Fork Payette River at Jumbo Creek","ID, USA",0,-1,"","","",""
32251,"NWSWNNI2","https://water.noaa.gov/gauges/wnni2","https://api.water.noaa.gov/nwps/v1/gauges/WNNI2/stageflow","https://api.water.noaa.gov/nwps/v1/gauges/WNNI2/stageflow","https://water.noaa.gov/resources/hydrographs/wnni2_hg.png","NOAA",5.33,87.8,"No Flooding",1781718300000,"Nippersink Creek at Wonder Lake","IL, USA",1,1,"","","",""
32280,"NWSALRW1","https://water.noaa.gov/gauges/alrw1","https://api.water.noaa.gov/nwps/v1/gauges/ALRW1/stageflow","https://api.water.noaa.gov/nwps/v1/gauges/ALRW1/stageflow","https://water.noaa.gov/resources/hydrographs/alrw1_hg.png","NOAA",,982,"",1781715600000,"Nisqually River at Alder Dam","WA, USA",2,-1,"","","",""
32281,"NWSRODW1","https://water.noaa.gov/gauges/rodw1","https://api.water.noaa.gov/nwps/v1/gauges/RODW1/stageflow","https://api.water.noaa.gov/nwps/v1/gauges/RODW1/stageflow","https://water.noaa.gov/resources/hydrographs/rodw1_hg.png","NOAA",,2587.4,"",1781719200000,"Skagit River  Ross Reservoir at Ross Reservoir","WA, USA",1,-1,"","","",""
32297,"NWSSNCO1","https://water.noaa.gov/gauges/snco1","https://api.water.noaa.gov/nwps/v1/gauges/SNCO1/stageflow","https://api.water.noaa.gov/nwps/v1/gauges/SNCO1/stageflow","https://water.noaa.gov/resources/hydrographs/snco1_hg.png","NOAA",804,71,"",1781720100000,"Seneca Fork at Senecaville Dam Tailwater","OH, USA",1,-1,"","","",""
32341,"NWSDLBM1","https://water.noaa.gov/gauges/dlbm1","https://api.water.noaa.gov/nwps/v1/gauges/DLBM1/stageflow","https://api.water.noaa.gov/nwps/v1/gauges/DLBM1/stageflow","https://water.noaa.gov/resources/hydrographs/dlbm1_hg.png","NOAA",,3759,"",1781720940000,"Dolby Dam Discharge at ","ME, USA",0,-1,"","","",""
32342,"NWSWLDM1","https://water.noaa.gov/gauges/wldm1","https://api.water.noaa.gov/nwps/v1/gauges/WLDM1/stageflow","https://api.water.noaa.gov/nwps/v1/gauges/WLDM1/stageflow","https://water.noaa.gov/resources/hydrographs/wldm1_hg.png","NOAA",,4726,"",1781720940000,"Weldon Dam Discharge at ","ME, USA",0,-1,"","","",""
32529,"NWSBBDI1","https://water.noaa.gov/gauges/bbdi1","https://api.water.noaa.gov/nwps/v1/gauges/BBDI1/stageflow","https://api.water.noaa.gov/nwps/v1/gauges/BBDI1/stageflow","https://water.noaa.gov/resources/hydrographs/bbdi1_hg.png","NOAA",,5190,"",1781711100000,"Snake River at Bliss Dam near Bliss","ID, USA",3,-1,"","","",""
32592,"US04073458","https://waterdata.usgs.gov/monitoring-location/USGS-04073458","https://waterservices.usgs.gov/nwis/iv/?sites=04073458&parameterCd=00065&format=json&period=P7D","https://waterservices.usgs.gov/nwis/iv/?sites=04073458&parameterCd=00060&format=json","https://waterdata.usgs.gov/combined-location-graph/#locationId=USGS-04073458&parameterCode=00065","USGS",4.63,1.38,"",1781723544000,"Roy Creek At Roy Creek Road Near Green Lake, ,WI","WI, USA",0,-1,,,,
32595,"CAN05RD008",,"https://dd.weather.gc.ca/today/hydrometric/csv/MB/hourly/MB_05RD008_hourly_hydrometric.csv","https://dd.weather.gc.ca/today/hydrometric/csv/MB/hourly/MB_05RD008_hourly_hydrometric.csv",,"Meteorological Service of Canada",,7204.19268,"",1.781721e+12,"PIGEON RIVER AT OUTLET OF ROUND LAKE","MB, Canada",0,-1,,,,
32598,"CAN05RE001",,"https://dd.weather.gc.ca/today/hydrometric/csv/MB/hourly/MB_05RE001_hourly_hydrometric.csv","https://dd.weather.gc.ca/today/hydrometric/csv/MB/hourly/MB_05RE001_hourly_hydrometric.csv",,"Meteorological Service of Canada",,5226.57116,"",1781720100000,"POPLAR RIVER AT OUTLET OF WEAVER LAKE","MB, Canada",1,-1,,,,
32602,"US09071295","https://waterdata.usgs.gov/monitoring-location/USGS-09071295","https://waterservices.usgs.gov/nwis/iv/?sites=09071295&parameterCd=00065&format=json&period=P7D","https://waterservices.usgs.gov/nwis/iv/?sites=09071295&parameterCd=00060&format=json","https://waterdata.usgs.gov/combined-location-graph/#locationId=USGS-09071295&parameterCode=00065","USGS",2.27,5.21,"",1781723502000,"Grizzly Creek Nr Grizzly Lake Nr Glenwood Spgs, ,CO","CO, USA",0,-1,,,,
32639,"US04073457","https://waterdata.usgs.gov/monitoring-location/USGS-04073457","https://waterservices.usgs.gov/nwis/iv/?sites=04073457&parameterCd=00065&format=json&period=P7D","https://waterservices.usgs.gov/nwis/iv/?sites=04073457&parameterCd=00060&format=json","https://waterdata.usgs.gov/combined-location-graph/#locationId=USGS-04073457&parameterCode=00065","USGS",4.78,1.09,"",1781723550000,"Wuerches Creek At Ct Hwy B Near Green Lake, ,WI","WI, USA",0,-1,,,,
32693,"NWSMMDW1","https://water.noaa.gov/gauges/mmdw1","https://api.water.noaa.gov/nwps/v1/gauges/MMDW1/stageflow","https://api.water.noaa.gov/nwps/v1/gauges/MMDW1/stageflow","https://water.noaa.gov/resources/hydrographs/mmdw1_hg.png","NOAA",801.96,1380,"",1781719200000,"White River at Mud Mountain Dam","WA, USA",1,-1,"","","",""
32865,"US08067585","https://waterdata.usgs.gov/monitoring-location/USGS-08067585","https://waterservices.usgs.gov/nwis/iv/?sites=08067585&parameterCd=00065&format=json&period=P7D","https://waterservices.usgs.gov/nwis/iv/?sites=08067585&parameterCd=00060&format=json","https://waterdata.usgs.gov/combined-location-graph/#locationId=USGS-08067585&parameterCode=00065","USGS",208.05,2.22,"",1781720432000,"Little Lake Ck at FM 149 nr Montgomery, TX","TX, USA",0,-1,,,,
32968,"CAN08HE001",,"https://dd.weather.gc.ca/today/hydrometric/csv/BC/hourly/BC_08HE001_hourly_hydrometric.csv","https://dd.weather.gc.ca/today/hydrometric/csv/BC/hourly/BC_08HE001_hourly_hydrometric.csv",,"Meteorological Service of Canada",9.8753284,324.5418173,"",1781719800000,"MARBLE RIVER AT OUTLET OF ALICE LAKE","BC, Canada",1,-1,,,,
32972,"CAN08LF100",,"https://dd.weather.gc.ca/today/hydrometric/csv/BC/hourly/BC_08LF100_hourly_hydrometric.csv","https://dd.weather.gc.ca/today/hydrometric/csv/BC/hourly/BC_08LF100_hourly_hydrometric.csv",,"Meteorological Service of Canada",0.82349084,0.42377604,"",1781720100000,"DAIRY CREEK ABOVE TSOTIN LAKE","BC, Canada",1,-1,,,,
33100,"NWSLFGC2","https://water.noaa.gov/gauges/lfgc2","https://api.water.noaa.gov/nwps/v1/gauges/LFGC2/stageflow","https://api.water.noaa.gov/nwps/v1/gauges/LFGC2/stageflow","https://water.noaa.gov/resources/hydrographs/lfgc2_hg.png","NOAA",1.91,194,"",1781720100000,"Lake Fork at Gateview","CO, USA",1,-1,"","","",""
33120,"NEB00403300","https://nednr.aquaticinformatics.net/Data/Location/Summary/Location/00403300","https://nednr.aquaticinformatics.net/Data/DataSet/Summary/Location/00403300/DataSet/Stage/Primary/Interval/Latest","https://nednr.aquaticinformatics.net/Data/DataSet/Summary/Location/00403300/DataSet/Discharge/Daily%20Mean/Interval/Latest","https://nednr.aquaticinformatics.net/Data/Chart/ChartId/3/Location/00403300/Interval","Nebraska DNR",,0,"Low Flow",1727330400000,"Elwood Reservoir from Platte River","NE, USA",4320,0,,,,
33122,"NEB06829000","https://nednr.aquaticinformatics.net/Data/Location/Summary/Location/06829000","https://nednr.aquaticinformatics.net/Data/DataSet/Summary/Location/06829000/DataSet/Stage/Primary/Interval/Latest","https://nednr.aquaticinformatics.net/Data/DataSet/Summary/Location/06829000/DataSet/Discharge/Daily%20Mean/Interval/Latest","https://nednr.aquaticinformatics.net/Data/Chart/ChartId/3/Location/06829000/Interval","Nebraska DNR",,1,"",1727330400000,"Swanson Lake near Trenton","NE, USA",4320,-1,,,,
33123,"NEB06837390","https://nednr.aquaticinformatics.net/Data/Location/Summary/Location/06837390","https://nednr.aquaticinformatics.net/Data/DataSet/Summary/Location/06837390/DataSet/Stage/Primary/Interval/Latest","https://nednr.aquaticinformatics.net/Data/DataSet/Summary/Location/06837390/DataSet/Discharge/Daily%20Mean/Interval/Latest","https://nednr.aquaticinformatics.net/Data/Chart/ChartId/3/Location/06837390/Interval","Nebraska DNR",,2,"",1727330400000,"Hugh Butler Lake near McCook","NE, USA",4320,-1,,,,
33145,"CAN05AH044",,"https://dd.weather.gc.ca/today/hydrometric/csv/AB/hourly/AB_05AH044_hourly_hydrometric.csv","https://dd.weather.gc.ca/today/hydrometric/csv/AB/hourly/AB_05AH044_hourly_hydrometric.csv",,"Meteorological Service of Canada",3.84514448,47.6748045,"",1781722200000,"CAVAN LAKE DIVERSION NEAR DUNMORE","AB, Canada",0,-1,,,,
33215,"NWSCCSU1","https://water.noaa.gov/gauges/ccsu1","https://api.water.noaa.gov/nwps/v1/gauges/CCSU1/stageflow","https://api.water.noaa.gov/nwps/v1/gauges/CCSU1/stageflow","https://water.noaa.gov/resources/hydrographs/ccsu1_hg.png","NOAA",2.3,6,"No Flooding",1781697600000,"City Creek at Salt Lake City","UT, USA",7,1,"No Flooding","No Flooding","No Flooding","No Flooding"
33216,"NWSEMIU1","https://water.noaa.gov/gauges/emiu1","https://api.water.noaa.gov/nwps/v1/gauges/EMIU1/stageflow","https://api.water.noaa.gov/nwps/v1/gauges/EMIU1/stageflow","https://water.noaa.gov/resources/hydrographs/emiu1_hg.png","NOAA",0.9,1,"No Flooding",1781722740000,"Emigration Creek at Salt Lake City","UT, USA",0,1,"No Flooding","No Flooding","No Flooding","No Flooding"
33231,"NWSBCTU1","https://water.noaa.gov/gauges/bctu1","https://api.water.noaa.gov/nwps/v1/gauges/BCTU1/stageflow","https://api.water.noaa.gov/nwps/v1/gauges/BCTU1/stageflow","https://water.noaa.gov/resources/hydrographs/bctu1_hg.png","NOAA",1,76,"No Flooding",1781697600000,"Big Cottonwood Creek at Salt Lake City","UT, USA",7,1,"No Flooding","No Flooding","No Flooding","No Flooding"
33234,"NWSLCTU1","https://water.noaa.gov/gauges/lctu1","https://api.water.noaa.gov/nwps/v1/gauges/LCTU1/stageflow","https://api.water.noaa.gov/nwps/v1/gauges/LCTU1/stageflow","https://water.noaa.gov/resources/hydrographs/lctu1_hg.png","NOAA",1.2,95,"No Flooding",1781697600000,"Little Cottonwood Creek at Salt Lake City","UT, USA",7,1,"No Flooding","No Flooding","No Flooding","No Flooding"
33253,"ORG10389500","https://apps.wrd.state.or.us/apps/sw/hydro_report/complete_gage_information.aspx?station_nbr=10389500","https://apps.wrd.state.or.us/apps/sw/hydro_data_rws/api/10389500/instantaneous_stage/most_current_value/?include_unpublished=true","https://apps.wrd.state.or.us/apps/sw/hydro_data_rws/api/10389500/instantaneous_flow/most_current_value/?include_unpublished=true","https://apps.wrd.state.or.us/apps/sw/hydro_near_real_time/display_hydro_graph.aspx?station_nbr=10389500","Oregon WRD",0.96,12.1,"",1781716500000,"SILVER LAKE I D CN NR SILVER LAKE, OR","OR, USA",2,-1,,,,
33275,"NWSLFBC2","https://water.noaa.gov/gauges/lfbc2","https://api.water.noaa.gov/nwps/v1/gauges/LFBC2/stageflow","https://api.water.noaa.gov/nwps/v1/gauges/LFBC2/stageflow","https://water.noaa.gov/resources/hydrographs/lfbc2_hg.png","NOAA",4.57,93.4,"",1.781721e+12,"Lake Fork Below Lake San Cristobal at Lake Fork Blw Lake San Cristobal","CO, USA",0,-1,"","","",""
33283,"NWSLVOM5","https://water.noaa.gov/gauges/lvom5","https://api.water.noaa.gov/nwps/v1/gauges/LVOM5/stageflow","https://api.water.noaa.gov/nwps/v1/gauges/LVOM5/stageflow","https://water.noaa.gov/resources/hydrographs/lvom5_hg.png","NOAA",57.48,282,"",1781717400000,"Lake Vermilion Water Level at Lake Vermilion Outlet nr Buyck","MN, USA",1,-1,"","","",""
33359,"NWSGQIC1","https://water.noaa.gov/gauges/gqic1","https://api.water.noaa.gov/nwps/v1/gauges/GQIC1/stageflow","https://api.water.noaa.gov/nwps/v1/gauges/GQIC1/stageflow","https://water.noaa.gov/resources/hydrographs/gqic1_hg.png","NOAA",2.49,1,"",1.781721e+12,"Guadalupe Creek at Guadalupe Reservoir","CA, USA",0,-1,"","","",""
33396,"NWSDREO3","https://water.noaa.gov/gauges/dreo3","https://api.water.noaa.gov/nwps/v1/gauges/DREO3/stageflow","https://api.water.noaa.gov/nwps/v1/gauges/DREO3/stageflow","https://water.noaa.gov/resources/hydrographs/dreo3_hg.png","NOAA",4907.24,35100,"",1781719200000,"Drews Creek at Drews Reservoir","OR, USA",1,-1,"","","",""
33399,"NWSWBWN2","https://water.noaa.gov/gauges/wbwn2","https://api.water.noaa.gov/nwps/v1/gauges/WBWN2/stageflow","https://api.water.noaa.gov/nwps/v1/gauges/WBWN2/stageflow","https://water.noaa.gov/resources/hydrographs/wbwn2_hg.png","NOAA",11.58,144,"No Flooding",1781720700000,"Walker River at PT Site below Weber Reservoir near Schurz","NV, USA",0,1,"","","",""
33413,"CAN08ME030",,"https://dd.weather.gc.ca/today/hydrometric/csv/BC/hourly/BC_08ME030_hourly_hydrometric.csv","https://dd.weather.gc.ca/today/hydrometric/csv/BC/hourly/BC_08ME030_hourly_hydrometric.csv",,"Meteorological Service of Canada",16.31233648,1349.020394,"",1781721600000,"GUN CREEK ABOVE CARPENTER LAKE","BC, Canada",0,-1,,,,
33511,"MIN08003001","https://www.dnr.state.mn.us/waters/csg/site.html?id=08003001",,,"https://maps.dnr.state.mn.us/cgi-bin/csg/hydrograph_cgi.py?site=08003001&var1=262&nd=7&format=png","Minnesota DNR",9.32,12.4,"",1781637300000,"Necktie River nr Cass Lake, CSAH45","MN, USA",24,-1,,,,
33523,"NWSSTDC1","https://water.noaa.gov/gauges/stdc1","https://api.water.noaa.gov/nwps/v1/gauges/STDC1/stageflow","https://api.water.noaa.gov/nwps/v1/gauges/STDC1/stageflow","https://water.noaa.gov/resources/hydrographs/stdc1_hg.png","NOAA",532.89,2870,"",1781719200000,"Stevens Creek  Stevens Creek Reservoir at Stevens Creek Reservoir","CA, USA",1,-1,"","","",""
33531,"NWSCADC1","https://water.noaa.gov/gauges/cadc1","https://api.water.noaa.gov/nwps/v1/gauges/CADC1/stageflow","https://api.water.noaa.gov/nwps/v1/gauges/CADC1/stageflow","https://water.noaa.gov/resources/hydrographs/cadc1_hg.png","NOAA",462.83,4090,"",1781720100000,"Calero Creek at Calero Reservoir","CA, USA",1,-1,"","","",""
33543,"CAN08MH016",,"https://dd.weather.gc.ca/today/hydrometric/csv/BC/hourly/BC_08MH016_hourly_hydrometric.csv","https://dd.weather.gc.ca/today/hydrometric/csv/BC/hourly/BC_08MH016_hourly_hydrometric.csv",,"Meteorological Service of Canada",4.74409464,967.621958,"",1781720400000,"CHILLIWACK RIVER AT OUTLET OF CHILLIWACK LAKE","BC, Canada",0,-1,,,,
33575,"CAN02JE020",,"https://dd.weather.gc.ca/today/hydrometric/csv/ON/hourly/ON_02JE020_hourly_hydrometric.csv","https://dd.weather.gc.ca/today/hydrometric/csv/ON/hourly/ON_02JE020_hourly_hydrometric.csv",,"Meteorological Service of Canada",27.87729748,152.5593744,"",1781721900000,"MATTAWA RIVER BELOW BOUILLON LAKE","ON, Canada",0,-1,,,,
33669,"CAN01DG004",,"https://dd.weather.gc.ca/today/hydrometric/csv/NS/hourly/NS_01DG004_hourly_hydrometric.csv","https://dd.weather.gc.ca/today/hydrometric/csv/NS/hourly/NS_01DG004_hourly_hydrometric.csv",,"Meteorological Service of Canada",322.38190008,0.28251736,"",1781720100000,"BENNERY LAKE OUTLET NEAR ENFIELD","NS, Canada",1,-1,,,,
33676,"US09201500","https://waterdata.usgs.gov/monitoring-location/USGS-09201500","https://waterservices.usgs.gov/nwis/iv/?sites=09201500&parameterCd=00065&format=json&period=P7D","https://waterservices.usgs.gov/nwis/iv/?sites=09201500&parameterCd=00060&format=json","https://waterdata.usgs.gov/combined-location-graph/#locationId=USGS-09201500&parameterCode=00065","USGS",4.39,673,"",1781723134000,"Boulder Creek above Boulder Lake, near Boulder, WY","WY, USA",0,-1,,,,
33677,"US09202000","https://waterdata.usgs.gov/monitoring-location/USGS-09202000","https://waterservices.usgs.gov/nwis/iv/?sites=09202000&parameterCd=00065&format=json&period=P7D","https://waterservices.usgs.gov/nwis/iv/?sites=09202000&parameterCd=00060&format=json","https://waterdata.usgs.gov/combined-location-graph/#locationId=USGS-09202000&parameterCode=00065","USGS",3.22,413,"",1781723498000,"Boulder Creek bl Boulder Lake, nr Boulder, WY","WY, USA",0,-1,,,,
33693,"US14159130","https://waterdata.usgs.gov/monitoring-location/USGS-14159130","https://waterservices.usgs.gov/nwis/iv/?sites=14159130&parameterCd=00065&format=json&period=P7D","https://waterservices.usgs.gov/nwis/iv/?sites=14159130&parameterCd=00060&format=json","https://waterdata.usgs.gov/combined-location-graph/#locationId=USGS-14159130&parameterCode=00065","USGS",10.16,85.8,"",1781720674000,"Sf Mckenzie River Abv Roaring R Nr Cougar Dam, ,OR","OR, USA",0,-1,,,,
33735,"US09195000","https://waterdata.usgs.gov/monitoring-location/USGS-09195000","https://waterservices.usgs.gov/nwis/iv/?sites=09195000&parameterCd=00065&format=json&period=P7D","https://waterservices.usgs.gov/nwis/iv/?sites=09195000&parameterCd=00060&format=json","https://waterdata.usgs.gov/combined-location-graph/#locationId=USGS-09195000&parameterCode=00065","USGS",4.21,248,"",1781722410000,"Lake Creek below Willow Lake, nr Cora, WY","WY, USA",0,-1,,,,
33742,"CAN01EJ010",,"https://dd.weather.gc.ca/today/hydrometric/csv/NS/hourly/NS_01EJ010_hourly_hydrometric.csv","https://dd.weather.gc.ca/today/hydrometric/csv/NS/hourly/NS_01EJ010_hourly_hydrometric.csv",,"Meteorological Service of Canada",323.30709696,3.531467,"",1781719500000,"TOMAHAWK LAKE OUTLET NEAR HAMMONDS PLAINS","NS, Canada",1,-1,,,,
33887,"NWSOTRM5","https://water.noaa.gov/gauges/otrm5","https://api.water.noaa.gov/nwps/v1/gauges/OTRM5/stageflow","https://api.water.noaa.gov/nwps/v1/gauges/OTRM5/stageflow","https://water.noaa.gov/resources/hydrographs/otrm5_hg.png","NOAA",2.7,190,"",1781720100000,"Otter Tail River at Orwell Dam downstream of Fergus Falls","MN, USA",1,-1,"","","",""
34148,"US01029100","https://waterdata.usgs.gov/monitoring-location/USGS-01029100","https://waterservices.usgs.gov/nwis/iv/?sites=01029100&parameterCd=00065&format=json&period=P7D","https://waterservices.usgs.gov/nwis/iv/?sites=01029100&parameterCd=00060&format=json","https://waterdata.usgs.gov/combined-location-graph/#locationId=USGS-01029100&parameterCode=00065","USGS",2.72,301,"",1781723007000,"E. Br. Penobscot River below Grand Lake Matagamon","ME, USA",0,-1,,,,
34203,"US0215329875","https://waterdata.usgs.gov/monitoring-location/USGS-0215329875","https://waterservices.usgs.gov/nwis/iv/?sites=0215329875&parameterCd=00065&format=json&period=P7D","https://waterservices.usgs.gov/nwis/iv/?sites=0215329875&parameterCd=00060&format=json","https://waterdata.usgs.gov/combined-location-graph/#locationId=USGS-0215329875&parameterCode=00065","USGS",3.59,3.88,"",1781721091000,"Buffalo Creek Bl Moss Lake Dam Nr Oak Grove, ,NC","NC, USA",0,-1,,,,
34223,"US09294500","https://waterdata.usgs.gov/monitoring-location/USGS-09294500","https://waterservices.usgs.gov/nwis/iv/?sites=09294500&parameterCd=00065&format=json&period=P7D","https://waterservices.usgs.gov/nwis/iv/?sites=09294500&parameterCd=00060&format=json","https://waterdata.usgs.gov/combined-location-graph/#locationId=USGS-09294500&parameterCode=00065","USGS",2.22,19.7,"",1781723320000,"Lake Fork River Near Myton, ,UT","UT, USA",0,-1,,,,
34226,"NWSACEC1","https://water.noaa.gov/gauges/acec1","https://api.water.noaa.gov/nwps/v1/gauges/ACEC1/stageflow","https://api.water.noaa.gov/nwps/v1/gauges/ACEC1/stageflow","https://water.noaa.gov/resources/hydrographs/acec1_hg.png","NOAA",0.61,0,"",1781720640000,"Almaden-Calero Canal at Almaden Reservoir","CA, USA",0,-1,"","","",""
34234,"NWSBARA4","https://water.noaa.gov/gauges/bara4","https://api.water.noaa.gov/nwps/v1/gauges/BARA4/stageflow","https://api.water.noaa.gov/nwps/v1/gauges/BARA4/stageflow","https://water.noaa.gov/resources/hydrographs/bara4_hg.png","NOAA",390.94,170000,"No Flooding",1781719200000,"Northwest Arkansas Lakes at Barling Lock and Dam","AR, USA",1,1,"","","",""
34243,"NWSBGQW3","https://water.noaa.gov/gauges/bgqw3","https://api.water.noaa.gov/nwps/v1/gauges/BGQW3/stageflow","https://api.water.noaa.gov/nwps/v1/gauges/BGQW3/stageflow","https://water.noaa.gov/resources/hydrographs/bgqw3_hg.png","NOAA",,2040,"No Flooding",1781719800000,"Menominee River at Big Quinnesec Falls Dam","WI, USA",1,1,"","","",""
34300,"NWSELSW2","https://water.noaa.gov/gauges/elsw2","https://api.water.noaa.gov/nwps/v1/gauges/ELSW2/stageflow","https://api.water.noaa.gov/nwps/v1/gauges/ELSW2/stageflow","https://water.noaa.gov/resources/hydrographs/elsw2_hg.png","NOAA",1.65,19.4,"",1.781721e+12,"Twelvepole Creek at East Lynn Lake Tailwater","WV, USA",0,-1,"","","",""
34316,"NWSFRNO3","https://water.noaa.gov/gauges/frno3","https://api.water.noaa.gov/nwps/v1/gauges/FRNO3/stageflow","https://api.water.noaa.gov/nwps/v1/gauges/FRNO3/stageflow","https://water.noaa.gov/resources/hydrographs/frno3_hg.png","NOAA",1.7,52,"",1781721600000,"Long Tom River at Fern Ridge Reservoir","OR, USA",0,-1,"","","",""
34323,"NWSGLMM1","https://water.noaa.gov/gauges/glmm1","https://api.water.noaa.gov/nwps/v1/gauges/GLMM1/stageflow","https://api.water.noaa.gov/nwps/v1/gauges/GLMM1/stageflow","https://water.noaa.gov/resources/hydrographs/glmm1_hg.png","NOAA",2.72,303,"No Flooding",1781718300000,"E. Branch of Penobscot Below Grand Lake Matagamon at ","ME, USA",1,1,"","","",""
34340,"NWSHULO2","https://water.noaa.gov/gauges/hulo2","https://api.water.noaa.gov/nwps/v1/gauges/HULO2/stageflow","https://api.water.noaa.gov/nwps/v1/gauges/HULO2/stageflow","https://water.noaa.gov/resources/hydrographs/hulo2_hg.png","NOAA",733.58,32700,"No Flooding",1781719200000,"Eastern Oklahoma Lakes at Hulah Lake","OK, USA",1,1,"","","",""
34355,"NWSLAMC1","https://water.noaa.gov/gauges/lamc1","https://api.water.noaa.gov/nwps/v1/gauges/LAMC1/stageflow","https://api.water.noaa.gov/nwps/v1/gauges/LAMC1/stageflow","https://water.noaa.gov/resources/hydrographs/lamc1_hg.png","NOAA",744.9,81000,"",1781715600000,"Coyote Reservior at (Lake Mendocino)","CA, USA",2,-1,"","","",""
34359,"NWSLGWC1","https://water.noaa.gov/gauges/lgwc1","https://api.water.noaa.gov/nwps/v1/gauges/LGWC1/stageflow","https://api.water.noaa.gov/nwps/v1/gauges/LGWC1/stageflow","https://water.noaa.gov/resources/hydrographs/lgwc1_hg.png","NOAA",1.18,6,"",1781720400000,"Los Gatos Creek at Kirk Dam Weir","CA, USA",0,-1,"","","",""
34369,"NWSMAYO2","https://water.noaa.gov/gauges/mayo2","https://api.water.noaa.gov/nwps/v1/gauges/MAYO2/stageflow","https://api.water.noaa.gov/nwps/v1/gauges/MAYO2/stageflow","https://water.noaa.gov/resources/hydrographs/mayo2_hg.png","NOAA",412.31,164000,"No Flooding",1.781721e+12,"Eastern Oklahoma Lakes at W.D. Mayo Lock and Dam","OK, USA",0,1,"","","",""
34378,"NWSMKLO3","https://water.noaa.gov/gauges/mklo3","https://api.water.noaa.gov/nwps/v1/gauges/MKLO3/stageflow","https://api.water.noaa.gov/nwps/v1/gauges/MKLO3/stageflow","https://water.noaa.gov/resources/hydrographs/mklo3_hg.png","NOAA",4.64,2120,"",1781717400000,"McKenzie River at Leaburg Dam","OR, USA",1,-1,"","","",""
34381,"NWSMOCO3","https://water.noaa.gov/gauges/moco3","https://api.water.noaa.gov/nwps/v1/gauges/MOCO3/stageflow","https://api.water.noaa.gov/nwps/v1/gauges/MOCO3/stageflow","https://water.noaa.gov/resources/hydrographs/moco3_hg.png","NOAA",1.45,218,"",1781717400000,"McKenzie River at Outlet of Clear Lake","OR, USA",1,-1,"","","",""
34446,"NWSSCLO3","https://water.noaa.gov/gauges/sclo3","https://api.water.noaa.gov/nwps/v1/gauges/SCLO3/stageflow","https://api.water.noaa.gov/nwps/v1/gauges/SCLO3/stageflow","https://water.noaa.gov/resources/hydrographs/sclo3_hg.png","NOAA",2.82,9,"",1781717400000,"Scoggins Creek at Henry Hagg Lake","OR, USA",1,-1,"","","",""
34447,"NWSSCOO3","https://water.noaa.gov/gauges/scoo3","https://api.water.noaa.gov/nwps/v1/gauges/SCOO3/stageflow","https://api.water.noaa.gov/nwps/v1/gauges/SCOO3/stageflow","https://water.noaa.gov/resources/hydrographs/scoo3_hg.png","NOAA",6.1,148,"",1781715600000,"Scoggins Creek at Scoggins Dam","OR, USA",2,-1,"","","",""
34454,"NWSSFCO3","https://water.noaa.gov/gauges/sfco3","https://api.water.noaa.gov/nwps/v1/gauges/SFCO3/stageflow","https://api.water.noaa.gov/nwps/v1/gauges/SFCO3/stageflow","https://water.noaa.gov/resources/hydrographs/sfco3_hg.png","NOAA",3.63,256,"",1781719800000,"South Fork McKenzie River at Cougar Dam","OR, USA",1,-1,"","","",""
34463,"NWSSPAO2","https://water.noaa.gov/gauges/spao2","https://api.water.noaa.gov/nwps/v1/gauges/SPAO2/stageflow","https://api.water.noaa.gov/nwps/v1/gauges/SPAO2/stageflow","https://water.noaa.gov/resources/hydrographs/spao2_hg.png","NOAA",680.73,1920,"",1.781721e+12,"Eastern Oklahoma Lakes at Spavinaw Dam","OK, USA",0,-1,"","","",""
34487,"NWSTRBO3","https://water.noaa.gov/gauges/trbo3","https://api.water.noaa.gov/nwps/v1/gauges/TRBO3/stageflow","https://api.water.noaa.gov/nwps/v1/gauges/TRBO3/stageflow","https://water.noaa.gov/resources/hydrographs/trbo3_hg.png","NOAA",6.31,676,"",1.781721e+12,"McKenzie River at Trail Bridge Dam","OR, USA",0,-1,"","","",""
34491,"NWSTYCO3","https://water.noaa.gov/gauges/tyco3","https://api.water.noaa.gov/nwps/v1/gauges/TYCO3/stageflow","https://api.water.noaa.gov/nwps/v1/gauges/TYCO3/stageflow","https://water.noaa.gov/resources/hydrographs/tyco3_hg.png","NOAA",1.65,3,"",1781715600000,"Tryon Creek at Lake Oswego","OR, USA",2,-1,"","","",""
34509,"NWSWKRC2","https://water.noaa.gov/gauges/wkrc2","https://api.water.noaa.gov/nwps/v1/gauges/WKRC2/stageflow","https://api.water.noaa.gov/nwps/v1/gauges/WKRC2/stageflow","https://water.noaa.gov/resources/hydrographs/wkrc2_hg.png","NOAA",5.15,14,"",1781720100000,"Willow Creek at Taylor Park Reservoir Colorado","CO, USA",1,-1,"","","",""
34531,"NWSILOM5","https://water.noaa.gov/gauges/ilom5","https://api.water.noaa.gov/nwps/v1/gauges/ILOM5/stageflow","https://api.water.noaa.gov/nwps/v1/gauges/ILOM5/stageflow","https://water.noaa.gov/resources/hydrographs/ilom5_hg.png","NOAA",,341,"No Flooding",1781720100000,"Island Lake Outflow at ","MN, USA",1,1,"","","",""
35106,"US09505400","https://waterdata.usgs.gov/monitoring-location/USGS-09505400","https://waterservices.usgs.gov/nwis/iv/?sites=09505400&parameterCd=00065&format=json&period=P7D","https://waterservices.usgs.gov/nwis/iv/?sites=09505400&parameterCd=00060&format=json","https://waterdata.usgs.gov/combined-location-graph/#locationId=USGS-09505400&parameterCode=00065","USGS",3.91,2.42,"",1781723543000,"Beaver Creek Nr Lake Montezuma, ,AZ","AZ, USA",0,-1,,,,
35239,"US05595952","https://waterdata.usgs.gov/monitoring-location/USGS-05595952","https://waterservices.usgs.gov/nwis/iv/?sites=05595952&parameterCd=00065&format=json&period=P7D","https://waterservices.usgs.gov/nwis/iv/?sites=05595952&parameterCd=00060&format=json","https://waterdata.usgs.gov/combined-location-graph/#locationId=USGS-05595952&parameterCode=00065","USGS",8.51,127,"",1781721929000,"Big Muddy River Below Rend Lake Nr Benton, ,IL","IL, USA",0,-1,,,,
35246,"US14307605","https://waterdata.usgs.gov/monitoring-location/USGS-14307605","https://waterservices.usgs.gov/nwis/iv/?sites=14307605&parameterCd=00065&format=json&period=P7D","https://waterservices.usgs.gov/nwis/iv/?sites=14307605&parameterCd=00060&format=json","https://waterdata.usgs.gov/combined-location-graph/#locationId=USGS-14307605&parameterCode=00065","USGS",9.88,124,"",1781722652000,"Lake Creek At Swisshome, ,OR","OR, USA",0,-1,,,,
35319,"US01155910","https://waterdata.usgs.gov/monitoring-location/USGS-01155910","https://waterservices.usgs.gov/nwis/iv/?sites=01155910&parameterCd=00065&format=json&period=P7D","https://waterservices.usgs.gov/nwis/iv/?sites=01155910&parameterCd=00060&format=json","https://waterdata.usgs.gov/combined-location-graph/#locationId=USGS-01155910&parameterCode=00065","USGS",4.77,429,"",1781721635000,"West River Below Townshend Dam Near Townshend, ,VT","VT, USA",0,-1,,,,
35402,"AUSsp-o10350","https://www.bom.gov.au/waterdata/","https://www.bom.gov.au/waterdata/services?service=SOS&version=2.0&request=Getobservation&featureofinterest=sp-o10350&observedProperty=Water%20Course%20Level&procedure=Pat3_C_B_1&temporalFilter=om:phenomenonTime,2025/2026","https://www.bom.gov.au/waterdata/services?service=SOS&version=2.0&request=Getobservation&featureofinterest=sp-o10350&observedProperty=Water%20Course%20Discharge&procedure=Pat4_C_B_1&temporalFilter=om:phenomenonTime,2025/2026",,"Bureau of Meteorology",,24.119916878,"",1.781478e+12,"Lake Eppalock","Australia",68,-1,,,,
35403,"NWSRIPM1","https://water.noaa.gov/gauges/ripm1","https://api.water.noaa.gov/nwps/v1/gauges/RIPM1/stageflow","https://api.water.noaa.gov/nwps/v1/gauges/RIPM1/stageflow","https://water.noaa.gov/resources/hydrographs/ripm1_hg.png","NOAA",,2000,"No Flooding",1781720940000,"Ripogenus Dam Discharge at ","ME, USA",0,1,"","","",""
35522,"US04073468","https://waterdata.usgs.gov/monitoring-location/USGS-04073468","https://waterservices.usgs.gov/nwis/iv/?sites=04073468&parameterCd=00065&format=json&period=P7D","https://waterservices.usgs.gov/nwis/iv/?sites=04073468&parameterCd=00060&format=json","https://waterdata.usgs.gov/combined-location-graph/#locationId=USGS-04073468&parameterCode=00065","USGS",6.64,-76.8,"",1781723615000,"Green Lake Inlet At Ct Highway A Nr Green Lake, ,WI","WI, USA",0,-1,,,,
35681,"US10172600","https://waterdata.usgs.gov/monitoring-location/USGS-10172600","https://waterservices.usgs.gov/nwis/iv/?sites=10172600&parameterCd=00065&format=json&period=P7D","https://waterservices.usgs.gov/nwis/iv/?sites=10172600&parameterCd=00060&format=json","https://waterdata.usgs.gov/combined-location-graph/#locationId=USGS-10172600&parameterCode=00065","USGS",2.2,176,"",1781723611000,"Jordan River @ Cudahy Lane Nr Salt Lake City, ,UT","UT, USA",0,-1,,,,
35695,"NWSBLCW4","https://water.noaa.gov/gauges/blcw4","https://api.water.noaa.gov/nwps/v1/gauges/BLCW4/stageflow","https://api.water.noaa.gov/nwps/v1/gauges/BLCW4/stageflow","https://water.noaa.gov/resources/hydrographs/blcw4_hg.png","NOAA",4.28,846,"No Flooding",1781720100000,"Bull Lake Creek at ","WY, USA",1,1,"","","",""
35698,"NWSBULW4","https://water.noaa.gov/gauges/bulw4","https://api.water.noaa.gov/nwps/v1/gauges/BULW4/stageflow","https://api.water.noaa.gov/nwps/v1/gauges/BULW4/stageflow","https://water.noaa.gov/resources/hydrographs/bulw4_hg.png","NOAA",2.32,343,"No Flooding",1781720100000,"Bull Lake Creek at ","WY, USA",1,1,"","","",""
35734,"US04274000","https://waterdata.usgs.gov/nwis/nwisman/?site_no=04274000","https://waterservices.usgs.gov/nwis/iv/?sites=04274000&parameterCd=00065&format=json&period=P7D","https://waterservices.usgs.gov/nwis/iv/?sites=04274000&parameterCd=00060&format=json","https://waterdata.usgs.gov/nwisweb/graph?agency_cd=USGS&site_no=04274000&parm_cd=00065&period=7","USGS",7.49,3230,"",1735594200000,"W Br Ausable R Nr Lake Placid NY","NY, USA",4320,-1,,,,
35741,"NWSLWLW4","https://water.noaa.gov/gauges/lwlw4","https://api.water.noaa.gov/nwps/v1/gauges/LWLW4/stageflow","https://api.water.noaa.gov/nwps/v1/gauges/LWLW4/stageflow","https://water.noaa.gov/resources/hydrographs/lwlw4_hg.png","NOAA",4.21,248,"",1781718300000,"Lake Creek at ","WY, USA",1,-1,"","","",""
36206,"NWSMACI1","https://water.noaa.gov/gauges/maci1","https://api.water.noaa.gov/nwps/v1/gauges/MACI1/stageflow","https://api.water.noaa.gov/nwps/v1/gauges/MACI1/stageflow","https://water.noaa.gov/resources/hydrographs/maci1_hg.png","NOAA",60.59,528000,"No Flooding",1781718300000,"Eastern Idaho Reservoirs at Mackay Dam","ID, USA",1,1,"","","",""
36306,"US10172625","https://waterdata.usgs.gov/nwis/nwisman/?site_no=10172625","https://waterservices.usgs.gov/nwis/iv/?sites=10172625&parameterCd=00065&format=json&period=P7D","https://waterservices.usgs.gov/nwis/iv/?sites=10172625&parameterCd=00060&format=json","https://waterdata.usgs.gov/nwisweb/graph?agency_cd=USGS&site_no=10172625&parm_cd=00065&period=7","USGS",8.47,70.2,"",1.760328e+12,"Salt Lake City Sewage Canal Nr Farmington, Utah","UT, USA",4320,-1,,,,
36528,"NWSCAAN5","https://water.noaa.gov/gauges/caan5","https://api.water.noaa.gov/nwps/v1/gauges/CAAN5/stageflow","https://api.water.noaa.gov/nwps/v1/gauges/CAAN5/stageflow","https://water.noaa.gov/resources/hydrographs/caan5_hg.png","NOAA",7.68,2550,"",1781718300000,"Rio Grande at Caballo Dam","NM, USA",1,-1,"","","",""
36531,"NWSMSKM4","https://water.noaa.gov/gauges/mskm4","https://api.water.noaa.gov/nwps/v1/gauges/MSKM4/stageflow","https://api.water.noaa.gov/nwps/v1/gauges/MSKM4/stageflow","https://water.noaa.gov/resources/hydrographs/mskm4_hg.png","NOAA",4.05,1340,"",1781720100000,"Manistee River at Mesick (Hodenpyl Dam)","MI, USA",1,-1,"","","",""
36610,"NWSTIKV2","https://water.noaa.gov/gauges/tikv2","https://api.water.noaa.gov/nwps/v1/gauges/TIKV2/stageflow","https://api.water.noaa.gov/nwps/v1/gauges/TIKV2/stageflow","https://water.noaa.gov/resources/hydrographs/tikv2_hg.png","NOAA",1.31,6.5,"No Flooding",1.781721e+12,"Orchard Lake Outflow at ","VA, USA",0,1,"","","",""
36636,"AUS401233","https://www.bom.gov.au/waterdata/","https://www.bom.gov.au/waterdata/services?service=SOS&version=2.0&request=Getobservation&featureofinterest=401233&observedProperty=Water%20Course%20Level&procedure=Pat3_C_B_1&temporalFilter=om:phenomenonTime,2025/2026","https://www.bom.gov.au/waterdata/services?service=SOS&version=2.0&request=Getobservation&featureofinterest=401233&observedProperty=Water%20Course%20Discharge&procedure=Pat4_C_B_1&temporalFilter=om:phenomenonTime,2025/2026",,"Bureau of Meteorology",0.49868768,2.11887996,"",1781481600000,"MITTA MITTA RIVER @ SURGE DAM NO 1 DARTMOUTH","Australia",67,-1,,,,
36645,"WA17I009","https://apps.ecology.wa.gov/ContinuousFlowAndWQ/StationDetails?sta=17I009","https://apps.ecology.wa.gov/ContinuousFlowAndWQ/StationData/Prod/17I009/17I009_STG_FM.txt","https://apps.ecology.wa.gov/ContinuousFlowAndWQ/StationData/Prod/17I009/17I009_DSG_FM.txt","https://apps.ecology.wa.gov/ContinuousFlowAndWQ/StationData/Prod/17I009/17I009_DSG_SD.png","Washington State",29.01,2.7,"",1781706600000,"Leland Creek at Rice Lake Rd","WA, USA",4,-1,,,,
36665,"US09202700","https://waterdata.usgs.gov/monitoring-location/USGS-09202700","https://waterservices.usgs.gov/nwis/iv/?sites=09202700&parameterCd=00065&format=json&period=P7D","https://waterservices.usgs.gov/nwis/iv/?sites=09202700&parameterCd=00060&format=json","https://waterdata.usgs.gov/combined-location-graph/#locationId=USGS-09202700&parameterCode=00065","USGS",2.13,65.4,"",1781722712000,"Ward Ball Reservoir outflow, nr Boulder, WY","WY, USA",0,-1,,,,
36678,"NWSKESC1","https://water.noaa.gov/gauges/kesc1","https://api.water.noaa.gov/nwps/v1/gauges/KESC1/stageflow","https://api.water.noaa.gov/nwps/v1/gauges/KESC1/stageflow","https://water.noaa.gov/resources/hydrographs/kesc1_hg.png","NOAA",14.12,11600,"",1781721900000,"Sacramento River Below Keswick Dam at ","CA, USA",0,-1,"","","",""
36696,"US16758000","https://waterdata.usgs.gov/monitoring-location/USGS-16758000","https://waterservices.usgs.gov/nwis/iv/?sites=16758000&parameterCd=00065&format=json&period=P7D","https://waterservices.usgs.gov/nwis/iv/?sites=16758000&parameterCd=00060&format=json","https://waterdata.usgs.gov/combined-location-graph/#locationId=USGS-16758000&parameterCode=00065","USGS",1.71,3.45,"",1781720956000,"Waikoloa Str at Marine Dam nr Kamuela, HI","HI, USA",0,-1,,,,
36826,"AUS238707","http://www.bom.gov.au/waterdata/","http://www.bom.gov.au/waterdata/services?service=SOS&version=2.0&request=Getobservation&featureofinterest=238707&observedProperty=Water%20Course%20Level&procedure=Pat3_C_B_1&temporalFilter=om:phenomenonTime,2025/2026","http://www.bom.gov.au/waterdata/services?service=SOS&version=2.0&request=Getobservation&featureofinterest=238707&observedProperty=Water%20Course%20Discharge&procedure=Pat4_C_B_1&temporalFilter=om:phenomenonTime,2025/2026",,"Bureau of Meteorology",-0.41338584,0,"",1768262400000,"ROCKLANDS CHANNEL @ TOOLONDO LAKE INLET","Australia",3739,-1,,,,
36917,"NWSLOCC1","https://water.noaa.gov/gauges/locc1","https://api.water.noaa.gov/nwps/v1/gauges/LOCC1/stageflow","https://api.water.noaa.gov/nwps/v1/gauges/LOCC1/stageflow","https://water.noaa.gov/resources/hydrographs/locc1_hg.png","NOAA",7.07,11.4,"",1781719200000,"Oregon Creek Below Log Cabin Dam at ","CA, USA",1,-1,"","","",""
36984,"NWSSMRC2","https://water.noaa.gov/gauges/smrc2","https://api.water.noaa.gov/nwps/v1/gauges/SMRC2/stageflow","https://api.water.noaa.gov/nwps/v1/gauges/SMRC2/stageflow","https://water.noaa.gov/resources/hydrographs/smrc2_hg.png","NOAA",8366.63,17700,"",1781720100000,"Shadow Mountain Reservoir at ","CO, USA",1,-1,"","","",""
36994,"US01090800","https://waterdata.usgs.gov/monitoring-location/USGS-01090800","https://waterservices.usgs.gov/nwis/iv/?sites=01090800&parameterCd=00065&format=json&period=P7D","https://waterservices.usgs.gov/nwis/iv/?sites=01090800&parameterCd=00060&format=json","https://waterdata.usgs.gov/combined-location-graph/#locationId=USGS-01090800&parameterCode=00065","USGS",4.93,21.9,"",1781721930000,"Piscataquog River Bl Everett Dam, Nr E Weare, ,NH","NH, USA",0,-1,,,,
37000,"US01111200","https://waterdata.usgs.gov/monitoring-location/USGS-01111200","https://waterservices.usgs.gov/nwis/iv/?sites=01111200&parameterCd=00065&format=json&period=P7D","https://waterservices.usgs.gov/nwis/iv/?sites=01111200&parameterCd=00060&format=json","https://waterdata.usgs.gov/combined-location-graph/#locationId=USGS-01111200&parameterCode=00065","USGS",1.01,1.88,"",1781722051000,"West River Below West Hill Dam, Nr Uxbridge, ,MA","MA, USA",0,-1,,,,
37142,"AUS407315A","http://www.bom.gov.au/waterdata/","http://www.bom.gov.au/waterdata/services?service=SOS&version=2.0&request=Getobservation&featureofinterest=407315A&observedProperty=Water%20Course%20Level&procedure=Pat3_C_B_1&temporalFilter=om:phenomenonTime,2024/2025","http://www.bom.gov.au/waterdata/services?service=SOS&version=2.0&request=Getobservation&featureofinterest=407315A&observedProperty=Water%20Course%20Discharge&procedure=Pat4_C_B_1&temporalFilter=om:phenomenonTime,2024/2025",,"Bureau of Meteorology",0.36417324,0,"",1760054475000,"STONY CREEK U/S TALBOT RESERVOIR","Australia",4320,-1,,,,
37143,"AUS232236A","http://www.bom.gov.au/waterdata/","http://www.bom.gov.au/waterdata/services?service=SOS&version=2.0&request=Getobservation&featureofinterest=232236A&observedProperty=Water%20Course%20Level&procedure=Pat3_C_B_1&temporalFilter=om:phenomenonTime,2024/2025","http://www.bom.gov.au/waterdata/services?service=SOS&version=2.0&request=Getobservation&featureofinterest=232236A&observedProperty=Water%20Course%20Discharge&procedure=Pat4_C_B_1&temporalFilter=om:phenomenonTime,2024/2025",,"Bureau of Meteorology",,1.094754646,"",1760054401000,"WEST MOORABOOL RIVER U/S MOORABOOL RESERVOIR","Australia",4320,-1,,,,
37145,"AUS232215A","http://www.bom.gov.au/waterdata/","http://www.bom.gov.au/waterdata/services?service=SOS&version=2.0&request=Getobservation&featureofinterest=232215A&observedProperty=Water%20Course%20Level&procedure=Pat3_C_B_1&temporalFilter=om:phenomenonTime,2024/2025","http://www.bom.gov.au/waterdata/services?service=SOS&version=2.0&request=Getobservation&featureofinterest=232215A&observedProperty=Water%20Course%20Discharge&procedure=Pat4_C_B_1&temporalFilter=om:phenomenonTime,2024/2025",,"Bureau of Meteorology",,0.035314666,"",1760054408000,"WOOLLEN CREEK U/S OF BUNGAL DAM","Australia",4320,-1,,,,
37146,"AUS407311A","http://www.bom.gov.au/waterdata/","http://www.bom.gov.au/waterdata/services?service=SOS&version=2.0&request=Getobservation&featureofinterest=407311A&observedProperty=Water%20Course%20Level&procedure=Pat3_C_B_1&temporalFilter=om:phenomenonTime,2024/2025","http://www.bom.gov.au/waterdata/services?service=SOS&version=2.0&request=Getobservation&featureofinterest=407311A&observedProperty=Water%20Course%20Discharge&procedure=Pat4_C_B_1&temporalFilter=om:phenomenonTime,2024/2025",,"Bureau of Meteorology",0.5085302,0.565034656,"",1760054401000,"WOMBAT CREEK D/S WOMBAT CREEK RESERVOIR","Australia",4320,-1,,,,
37159,"AUS232214A","http://www.bom.gov.au/waterdata/","http://www.bom.gov.au/waterdata/services?service=SOS&version=2.0&request=Getobservation&featureofinterest=232214A&observedProperty=Water%20Course%20Level&procedure=Pat3_C_B_1&temporalFilter=om:phenomenonTime,2025/2026","http://www.bom.gov.au/waterdata/services?service=SOS&version=2.0&request=Getobservation&featureofinterest=232214A&observedProperty=Water%20Course%20Discharge&procedure=Pat4_C_B_1&temporalFilter=om:phenomenonTime,2025/2026",,"Bureau of Meteorology",0.38385828,0,"",1771462801000,"BLACK CREEK U/S OF BUNGAL DAM","Australia",2850,-1,,,,
37161,"AUS232235A","http://www.bom.gov.au/waterdata/","http://www.bom.gov.au/waterdata/services?service=SOS&version=2.0&request=Getobservation&featureofinterest=232235A&observedProperty=Water%20Course%20Level&procedure=Pat3_C_B_1&temporalFilter=om:phenomenonTime,2024/2025","http://www.bom.gov.au/waterdata/services?service=SOS&version=2.0&request=Getobservation&featureofinterest=232235A&observedProperty=Water%20Course%20Discharge&procedure=Pat4_C_B_1&temporalFilter=om:phenomenonTime,2024/2025",,"Bureau of Meteorology",,0.52971999,"",1760054401000,"DEVIL CREEK U/S MOORABOOL RESERVOIR","Australia",4320,-1,,,,
37170,"US04073473","https://waterdata.usgs.gov/monitoring-location/USGS-04073473","https://waterservices.usgs.gov/nwis/iv/?sites=04073473&parameterCd=00065&format=json&period=P7D","https://waterservices.usgs.gov/nwis/iv/?sites=04073473&parameterCd=00060&format=json","https://waterdata.usgs.gov/combined-location-graph/#locationId=USGS-04073473&parameterCode=00065","USGS",7.41,79.3,"",1781723542000,"Puchyan River Ds N. Lawson Drive Nr Green Lake, ,WI","WI, USA",0,-1,,,,
37479,"US362734114124201","https://waterdata.usgs.gov/nwis/nwisman/?site_no=362734114124201","https://waterservices.usgs.gov/nwis/iv/?sites=362734114124201&parameterCd=00065&format=json&period=P7D","https://waterservices.usgs.gov/nwis/iv/?sites=362734114124201&parameterCd=00060&format=json","https://waterdata.usgs.gov/nwisweb/graph?agency_cd=USGS&site_no=362734114124201&parm_cd=00065&period=7","USGS",20.95,0,"",1764748727000,"Red Rock Springs Outflow Nr Lake Mead, ,NV","NV, USA",4320,-1,,,,
37521,"US02473850","https://waterdata.usgs.gov/nwis/nwisman/?site_no=02473850","https://waterservices.usgs.gov/nwis/iv/?sites=02473850&parameterCd=00065&format=json&period=P7D","https://waterservices.usgs.gov/nwis/iv/?sites=02473850&parameterCd=00060&format=json","https://waterdata.usgs.gov/nwisweb/graph?agency_cd=USGS&site_no=02473850&parm_cd=00065&period=7","USGS",,0.48,"",1765806443000,"Tallahoma Creek Tributary At Lake Como, ,MS","MS, USA",4320,-1,,,,
37603,"DFO172","https://floodobservatory.colorado.edu/wiki/Discharge:Station_000172",,"https://csdms.colorado.edu/pub/flood_observatory/DFODischarge/1045_discharge.csv","https://floodobservatory.colorado.edu/dfo-wiki/images/f/f6/1045_halfyeardischarge.png","Dartmouth Flood Observatory",,212,"No Flooding",1781611200000,"Sabinas Reservoir","Mexico",31,1,,,,
37666,"DFO246","https://floodobservatory.colorado.edu/wiki/Discharge:Station_000246",,"https://csdms.colorado.edu/pub/flood_observatory/DFODischarge/2012_discharge.csv","https://floodobservatory.colorado.edu/dfo-wiki/images/d/d4/2012_halfyeardischarge.png","Dartmouth Flood Observatory",,50253,"No Flooding",1781611200000,"Krishna Reservoir","India",31,1,,,,
37831,"NWSLKPC1","https://water.noaa.gov/gauges/lkpc1","https://api.water.noaa.gov/nwps/v1/gauges/LKPC1/stageflow","https://api.water.noaa.gov/nwps/v1/gauges/LKPC1/stageflow","https://water.noaa.gov/resources/hydrographs/lkpc1_hg.png","NOAA",1051.96,79600,"No Flooding",1781720100000,"Lake Piru at ","CA, USA",1,1,"","","",""
37849,"US06652800","https://waterdata.usgs.gov/nwis/nwisman/?site_no=06652800","https://waterservices.usgs.gov/nwis/iv/?sites=06652800&parameterCd=00065&format=json&period=P7D","https://waterservices.usgs.gov/nwis/iv/?sites=06652800&parameterCd=00060&format=json","https://waterdata.usgs.gov/nwisweb/graph?agency_cd=USGS&site_no=06652800&parm_cd=00065&period=7","USGS",,7040,"",1769053562000,"North Platte River Below Glendo Reservoir, ,WY","WY, USA",3519,-1,,,,
37852,"US06282000","https://waterdata.usgs.gov/nwis/nwisman/?site_no=06282000","https://waterservices.usgs.gov/nwis/iv/?sites=06282000&parameterCd=00065&format=json&period=P7D","https://waterservices.usgs.gov/nwis/iv/?sites=06282000&parameterCd=00060&format=json","https://waterdata.usgs.gov/nwisweb/graph?agency_cd=USGS&site_no=06282000&parm_cd=00065&period=7","USGS",,295,"",1769061386000,"Shoshone River Below Buffalo Bill Reservoir, ,WY","WY, USA",3517,-1,,,,
37918,"AUSA5020502.1","https://www.bom.gov.au/waterdata/","https://www.bom.gov.au/waterdata/services?service=SOS&version=2.0&request=Getobservation&featureofinterest=A5020502.1&observedProperty=Water%20Course%20Level&procedure=Pat3_C_B_1&temporalFilter=om:phenomenonTime,2025/2026","https://www.bom.gov.au/waterdata/services?service=SOS&version=2.0&request=Getobservation&featureofinterest=A5020502.1&observedProperty=Water%20Course%20Discharge&procedure=Pat4_C_B_1&temporalFilter=om:phenomenonTime,2025/2026",,"Bureau of Meteorology",5.1509188,14.267125064,"",1781447400000,"MYPONGA RIVER @ U/S Dam And Road Bridge","Australia",76,-1,,,,
38170,"ENG2853","https://environment.data.gov.uk/flood-monitoring/id/stations/2853.html",,"http://environment.data.gov.uk/flood-monitoring/id/measures/2853-flow-abstraction-i-15_min-Ml_d.html",,"Environment Agency",,46.4322469856381,"",1781721900000,"Trimpley Reservoir LVL","United Kingdom",0,-1,,,,
38182,"ENG2820","https://environment.data.gov.uk/flood-monitoring/id/stations/2820.html",,"http://environment.data.gov.uk/flood-monitoring/id/measures/2820-flow-abstraction-i-15_min-Ml_d.html",,"Environment Agency",,94.4176853317114,"",1781721900000,"Chelmarsh Reservoir LVL","United Kingdom",0,-1,,,,
38444,"US0134277112","https://waterdata.usgs.gov/monitoring-location/USGS-0134277112","https://waterservices.usgs.gov/nwis/iv/?sites=0134277112&parameterCd=00065&format=json&period=P7D","https://waterservices.usgs.gov/nwis/iv/?sites=0134277112&parameterCd=00060&format=json","https://waterdata.usgs.gov/nwisweb/graph?agency_cd=USGS&site_no=0134277112&parm_cd=00065&period=7","USGS",1.24,0.59,"",1778618349000,"Honnedaga Lake Tributary No. 2 Nr Forest Lodge ,NY","NY, USA",862,-1,,,,
38445,"US0134277114","https://waterdata.usgs.gov/monitoring-location/USGS-0134277114","https://waterservices.usgs.gov/nwis/iv/?sites=0134277114&parameterCd=00065&format=json&period=P7D","https://waterservices.usgs.gov/nwis/iv/?sites=0134277114&parameterCd=00060&format=json","https://waterdata.usgs.gov/nwisweb/graph?agency_cd=USGS&site_no=0134277114&parm_cd=00065&period=7","USGS",1.53,0.97,"",1778618381000,"Honnedaga Lake Tributary No. 3 Nr Forest Lodge ,NY","NY, USA",862,-1,,,,
