site_no,monitoring_location_id,latest_time_utc,latest_date,latest_age_days,latest_value_ft_bgs,measurement_rows
330320117024701,USGS-330320117024701,2026-05-27T18:16:00Z,2026-05-27,4,14.32,43
330320117024702,USGS-330320117024702,2026-05-27T18:18:00Z,2026-05-27,4,10.3,43
330320117024703,USGS-330320117024703,2026-05-27T18:20:00Z,2026-05-27,4,10.36,43
330514116582901,USGS-330514116582901,2026-05-27T20:09:00Z,2026-05-27,4,39.61,43
330514116582902,USGS-330514116582902,2026-05-27T20:11:00Z,2026-05-27,4,39.6,43
330514116582903,USGS-330514116582903,2026-05-27T20:13:00Z,2026-05-27,4,39.2,45
330555117010101,USGS-330555117010101,2026-05-27T19:08:00Z,2026-05-27,4,8.71,47
330555117010102,USGS-330555117010102,2026-05-27T19:09:00Z,2026-05-27,4,8.65,48
330555117010103,USGS-330555117010103,2026-05-27T19:10:00Z,2026-05-27,4,8.25,47
363308114553001,USGS-363308114553001,2026-05-27T21:10:00Z,2026-05-27,4,834.84,19
364650114432001,USGS-364650114432001,2026-05-27T19:31:00Z,2026-05-27,4,396.08,27
393422116042501,USGS-393422116042501,2026-05-27T14:53:00Z,2026-05-27,4,46.18,23
393422116042502,USGS-393422116042502,2026-05-27T14:58:00Z,2026-05-27,4,46,23
393804116165801,USGS-393804116165801,2026-05-27T19:45:00Z,2026-05-27,4,2.22,18
393804116165802,USGS-393804116165802,2026-05-27T19:45:00Z,2026-05-27,4,5.01,33
394036116183401,USGS-394036116183401,2026-05-27T16:30:00Z,2026-05-27,4,38.63,39
340828117240102,USGS-340828117240102,2026-05-26T18:16:00Z,2026-05-26,5,404.44,57
340828117240103,USGS-340828117240103,2026-05-26T18:24:00Z,2026-05-26,5,NA,57
382444121123301,USGS-382444121123301,2026-05-22T16:05:00Z,2026-05-22,9,163.16,252
342452119405504,USGS-342452119405504,2026-05-20T18:48:00Z,2026-05-20,11,-2.24,53
342455119405602,USGS-342455119405602,2026-05-20T19:10:00Z,2026-05-20,11,-11.63,64
342455119405604,USGS-342455119405604,2026-05-20T19:20:00Z,2026-05-20,11,-7.44,60
342501119410501,USGS-342501119410501,2026-05-20T19:45:00Z,2026-05-20,11,-14.27,65
342506119412201,USGS-342506119412201,2026-05-20T17:44:00Z,2026-05-20,11,-17.36,65
342506119412203,USGS-342506119412203,2026-05-20T18:01:00Z,2026-05-20,11,-30.77,65
342508119413704,USGS-342508119413704,2026-05-20T18:27:00Z,2026-05-20,11,-17.56,57
342519119391301,USGS-342519119391301,2026-05-20T20:05:00Z,2026-05-20,11,24.18,58
342521119422401,USGS-342521119422401,2026-05-20T21:10:00Z,2026-05-20,11,38.59,59
342524119405201,USGS-342524119405201,2026-05-20T20:32:00Z,2026-05-20,11,-10.85,55
342534119404301,USGS-342534119404301,2026-05-20T20:23:00Z,2026-05-20,11,15.28,58
342538119413401,USGS-342538119413401,2026-05-20T20:54:00Z,2026-05-20,11,-22.52,58
393928113522601,USGS-393928113522601,2026-05-20T18:02:00Z,2026-05-20,11,32.49,32
340811116145101,USGS-340811116145101,2026-05-19T16:30:00Z,2026-05-19,12,218.74,10
341556116233401,USGS-341556116233401,2026-05-19T15:35:00Z,2026-05-19,12,249.52,5
342439116530801,USGS-342439116530801,2026-05-19T17:36:00Z,2026-05-19,12,161,7
342610116564101,USGS-342610116564101,2026-05-19T18:00:00Z,2026-05-19,12,NA,10
342610116564102,USGS-342610116564102,2026-05-19T18:05:00Z,2026-05-19,12,NA,11
343152116502501,USGS-343152116502501,2026-05-19T18:40:00Z,2026-05-19,12,NA,8
345045116582701,USGS-345045116582701,2026-05-19T19:52:00Z,2026-05-19,12,417.74,11
345339117065001,USGS-345339117065001,2026-05-19T19:55:00Z,2026-05-19,12,70.18,10
345422117071001,USGS-345422117071001,2026-05-19T19:44:00Z,2026-05-19,12,70.11,8
345518117080301,USGS-345518117080301,2026-05-19T19:31:00Z,2026-05-19,12,79.32,10
345546117104601,USGS-345546117104601,2026-05-19T19:10:00Z,2026-05-19,12,90.33,10
350040117175601,USGS-350040117175601,2026-05-19T18:35:00Z,2026-05-19,12,115.2,4
350358117142201,USGS-350358117142201,2026-05-19T17:07:00Z,2026-05-19,12,109.23,8
323528117031401,USGS-323528117031401,2026-05-18T18:53:00Z,2026-05-18,13,-22.68,41
323528117031402,USGS-323528117031402,2026-05-18T19:01:00Z,2026-05-18,13,-24.72,43
324641117071501,USGS-324641117071501,2026-05-18T19:44:00Z,2026-05-18,13,-21.16,55
324641117071502,USGS-324641117071502,2026-05-18T19:47:00Z,2026-05-18,13,-21.82,52
324641117071503,USGS-324641117071503,2026-05-18T19:52:00Z,2026-05-18,13,-22.48,52
324641117071504,USGS-324641117071504,2026-05-18T20:05:00Z,2026-05-18,13,-16.35,58
324641117071505,USGS-324641117071505,2026-05-18T19:54:00Z,2026-05-18,13,18.44,52
360005116114901,USGS-360005116114901,2026-05-18T22:48:00Z,2026-05-18,13,166.97,20
360005116114902,USGS-360005116114902,2026-05-18T22:55:00Z,2026-05-18,13,167.71,20
362402116280901,USGS-362402116280901,2026-05-18T21:27:00Z,2026-05-18,13,98.52,17
362529116171100,USGS-362529116171100,2026-05-18T20:13:00Z,2026-05-18,13,47.99,56
335523116542301,USGS-335523116542301,2026-05-15T18:42:00Z,2026-05-15,16,NA,6
335656116524201,USGS-335656116524201,2026-05-15T16:50:00Z,2026-05-15,16,260.79,8
335656116524202,USGS-335656116524202,2026-05-15T17:02:00Z,2026-05-15,16,99.65,5
360349115100001,USGS-360349115100001,2026-05-15T22:30:00Z,2026-05-15,16,105.36,31
361232115061001,USGS-361232115061001,2026-05-15T21:00:00Z,2026-05-15,16,-2.68,41
361400115040901,USGS-361400115040901,2026-05-15T19:45:00Z,2026-05-15,16,45.55,32
361456115111001,USGS-361456115111001,2026-05-15T18:45:00Z,2026-05-15,16,106.2,34
361626115090701,USGS-361626115090701,2026-05-15T17:45:00Z,2026-05-15,16,31.92,37
361704115121901,USGS-361704115121901,2026-05-15T16:45:00Z,2026-05-15,16,108.4,34
335408116544601,USGS-335408116544601,2026-05-14T16:27:00Z,2026-05-14,17,274.54,10
335412116550401,USGS-335412116550401,2026-05-14T16:18:00Z,2026-05-14,17,286.51,9
335434116552601,USGS-335434116552601,2026-05-14T16:04:00Z,2026-05-14,17,372.97,9
335504116554101,USGS-335504116554101,2026-05-14T16:48:00Z,2026-05-14,17,274.06,8
335543116564801,USGS-335543116564801,2026-05-14T17:02:00Z,2026-05-14,17,383.44,10
335558116554001,USGS-335558116554001,2026-05-14T15:45:00Z,2026-05-14,17,413.51,9
335651116590601,USGS-335651116590601,2026-05-14T22:19:00Z,2026-05-14,17,410.73,10
335707116524101,USGS-335707116524101,2026-05-14T17:33:00Z,2026-05-14,17,44.02,10
335712116524501,USGS-335712116524501,2026-05-14T17:40:00Z,2026-05-14,17,37.68,9
335712116530501,USGS-335712116530501,2026-05-14T17:53:00Z,2026-05-14,17,22.79,9
335715116524701,USGS-335715116524701,2026-05-14T17:44:00Z,2026-05-14,17,40.75,10
335735117023401,USGS-335735117023401,2026-05-14T23:14:00Z,2026-05-14,17,137.68,10
335845116535801,USGS-335845116535801,2026-05-14T18:08:00Z,2026-05-14,17,65.91,9
335851116542701,USGS-335851116542701,2026-05-14T18:18:00Z,2026-05-14,17,66.09,7
335928116542001,USGS-335928116542001,2026-05-14T18:45:00Z,2026-05-14,17,28.24,10
335942116542701,USGS-335942116542701,2026-05-14T18:36:00Z,2026-05-14,17,16.08,10
340035116542701,USGS-340035116542701,2026-05-14T19:55:00Z,2026-05-14,17,57.17,8
340123116532201,USGS-340123116532201,2026-05-14T19:14:00Z,2026-05-14,17,9.8,10
340124116531901,USGS-340124116531901,2026-05-14T19:18:00Z,2026-05-14,17,41.21,11
340124116532301,USGS-340124116532301,2026-05-14T19:08:00Z,2026-05-14,17,20.93,9
340126116531301,USGS-340126116531301,2026-05-14T19:29:00Z,2026-05-14,17,38.56,10
340126116532501,USGS-340126116532501,2026-05-14T19:03:00Z,2026-05-14,17,29.63,8
340826117224201,USGS-340826117224201,2026-05-14T17:08:00Z,2026-05-14,17,NA,57
340854117235102,USGS-340854117235102,2026-05-14T16:30:00Z,2026-05-14,17,415.25,59
340854117235104,USGS-340854117235104,2026-05-14T16:42:00Z,2026-05-14,17,NA,59
342502119431402,USGS-342502119431402,2026-05-14T20:09:00Z,2026-05-14,17,-3.04,52
342512119443702,USGS-342512119443702,2026-05-14T21:02:00Z,2026-05-14,17,4.96,57
342533119435502,USGS-342533119435502,2026-05-14T20:42:00Z,2026-05-14,17,41.46,57
342603119430401,USGS-342603119430401,2026-05-14T19:19:00Z,2026-05-14,17,106.8,57
342603119430402,USGS-342603119430402,2026-05-14T19:30:00Z,2026-05-14,17,110.38,57
342608119444001,USGS-342608119444001,2026-05-14T18:32:00Z,2026-05-14,17,55.32,55
342618119432501,USGS-342618119432501,2026-05-14T19:08:00Z,2026-05-14,17,105.9,56
342623119453301,USGS-342623119453301,2026-05-14T18:06:00Z,2026-05-14,17,33.72,58
342637119440901,USGS-342637119440901,2026-05-14T18:49:00Z,2026-05-14,17,122.64,57
342639119452801,USGS-342639119452801,2026-05-14T18:17:00Z,2026-05-14,17,57.29,58
384112114091101,USGS-384112114091101,2026-05-14T23:00:00Z,2026-05-14,17,358.02,18
384227114082701,USGS-384227114082701,2026-05-14T23:38:00Z,2026-05-14,17,228.43,19
385524114045601,USGS-385524114045601,2026-05-14T21:55:00Z,2026-05-14,17,219.13,21
335522116415201,USGS-335522116415201,2026-05-13T17:57:00Z,2026-05-13,18,221.48,9
335522116430701,USGS-335522116430701,2026-05-13T17:03:00Z,2026-05-13,18,321.01,10
335556116431001,USGS-335556116431001,2026-05-13T17:15:00Z,2026-05-13,18,479.24,7
335757116541001,USGS-335757116541001,2026-05-13T19:06:00Z,2026-05-13,18,195,9
335823116542301,USGS-335823116542301,2026-05-13T19:20:00Z,2026-05-13,18,157.27,9
335831117020401,USGS-335831117020401,2026-05-13T22:06:00Z,2026-05-13,18,241.18,7
335840117025701,USGS-335840117025701,2026-05-13T21:40:00Z,2026-05-13,18,195.9,8
335846117023201,USGS-335846117023201,2026-05-13T21:26:00Z,2026-05-13,18,197.85,9
340317117190401,USGS-340317117190401,2026-05-13T20:20:00Z,2026-05-13,18,87,57
340317117190402,USGS-340317117190402,2026-05-13T20:25:00Z,2026-05-13,18,115.39,58
340317117190403,USGS-340317117190403,2026-05-13T20:27:00Z,2026-05-13,18,105.43,58
340317117190404,USGS-340317117190404,2026-05-13T20:29:00Z,2026-05-13,18,84.09,58
340317117190405,USGS-340317117190405,2026-05-13T20:32:00Z,2026-05-13,18,NA,57
340326117185301,USGS-340326117185301,2026-05-13T20:42:00Z,2026-05-13,18,90.27,58
340326117185302,USGS-340326117185302,2026-05-13T20:45:00Z,2026-05-13,18,90.09,58
340326117185303,USGS-340326117185303,2026-05-13T20:48:00Z,2026-05-13,18,104.69,58
340326117185304,USGS-340326117185304,2026-05-13T20:50:00Z,2026-05-13,18,104.49,58
340326117185305,USGS-340326117185305,2026-05-13T20:52:00Z,2026-05-13,18,NA,58
340632117170501,USGS-340632117170501,2026-05-13T19:42:00Z,2026-05-13,18,171.89,59
350039117112101,USGS-350039117112101,2026-05-13T18:54:00Z,2026-05-13,18,79.14,10
350053117115301,USGS-350053117115301,2026-05-13T16:41:00Z,2026-05-13,18,69.64,4
383023114115302,USGS-383023114115302,2026-05-13T17:23:00Z,2026-05-13,18,177.18,37
383925114190801,USGS-383925114190801,2026-05-13T18:02:00Z,2026-05-13,18,484.89,15
384745114224401,USGS-384745114224401,2026-05-13T17:25:00Z,2026-05-13,18,101.25,14
385051114222301,USGS-385051114222301,2026-05-13T16:52:00Z,2026-05-13,18,163.11,15
335440116565101,USGS-335440116565101,2026-05-12T19:49:00Z,2026-05-12,19,14.38,10
335447116585201,USGS-335447116585201,2026-05-12T19:30:00Z,2026-05-12,19,142.34,10
335509116575101,USGS-335509116575101,2026-05-12T19:08:00Z,2026-05-12,19,64.33,10
335519116561701,USGS-335519116561701,2026-05-12T20:10:00Z,2026-05-12,19,108.34,10
335616116574901,USGS-335616116574901,2026-05-12T15:43:00Z,2026-05-12,19,427.97,9
335618116513401,USGS-335618116513401,2026-05-12T21:21:00Z,2026-05-12,19,768.1,9
335618116513402,USGS-335618116513402,2026-05-12T21:34:00Z,2026-05-12,19,597.3,9
335623116581701,USGS-335623116581701,2026-05-12T15:15:00Z,2026-05-12,19,422.41,10
335636116520901,USGS-335636116520901,2026-05-12T22:14:00Z,2026-05-12,19,145.09,10
335649116523401,USGS-335649116523401,2026-05-12T22:56:00Z,2026-05-12,19,79.54,9
335650116572101,USGS-335650116572101,2026-05-12T15:58:00Z,2026-05-12,19,480.61,9
335740116575001,USGS-335740116575001,2026-05-12T16:21:00Z,2026-05-12,19,557.97,10
335746116582301,USGS-335746116582301,2026-05-12T16:41:00Z,2026-05-12,19,454.39,7
335750116582701,USGS-335750116582701,2026-05-12T16:56:00Z,2026-05-12,19,438.62,5
335859116584901,USGS-335859116584901,2026-05-12T17:35:00Z,2026-05-12,19,80.17,10
335902116580901,USGS-335902116580901,2026-05-12T17:21:00Z,2026-05-12,19,87.66,10
335903116580902,USGS-335903116580902,2026-05-12T17:23:00Z,2026-05-12,19,88.36,10
340829117284301,USGS-340829117284301,2026-05-12T17:47:00Z,2026-05-12,19,385.57,59
340829117284302,USGS-340829117284302,2026-05-12T17:55:00Z,2026-05-12,19,372.3,59
340851117281901,USGS-340851117281901,2026-05-12T16:40:00Z,2026-05-12,19,466.55,59
340851117281902,USGS-340851117281902,2026-05-12T16:47:00Z,2026-05-12,19,457.54,59
340851117281903,USGS-340851117281903,2026-05-12T16:57:00Z,2026-05-12,19,456,59
380652116200901,USGS-380652116200901,2026-05-12T00:40:00Z,2026-05-12,19,315.23,27
380758115204601,USGS-380758115204601,2026-05-12T17:58:00Z,2026-05-12,19,795.85,37
384338115283601,USGS-384338115283601,2026-05-12T02:03:00Z,2026-05-12,19,296.06,23
385521114503601,USGS-385521114503601,2026-05-12T22:23:00Z,2026-05-12,19,432.84,31
393510115274801,USGS-393510115274801,2026-05-12T18:06:00Z,2026-05-12,19,164.04,19
393624115244601,USGS-393624115244601,2026-05-12T18:35:00Z,2026-05-12,19,115.47,7
394340115252501,USGS-394340115252501,2026-05-12T19:44:00Z,2026-05-12,19,49.05,19
394418115250301,USGS-394418115250301,2026-05-12T19:23:00Z,2026-05-12,19,51.16,17
335552116592801,USGS-335552116592801,2026-05-11T23:12:00Z,2026-05-11,20,112.23,9
335603117000401,USGS-335603117000401,2026-05-11T22:57:00Z,2026-05-11,20,175.71,10
335631117020601,USGS-335631117020601,2026-05-11T22:43:00Z,2026-05-11,20,31.13,10
335645117024201,USGS-335645117024201,2026-05-11T21:29:00Z,2026-05-11,20,24.24,10
335803117015901,USGS-335803117015901,2026-05-11T17:29:00Z,2026-05-11,20,NA,7
335804116595801,USGS-335804116595801,2026-05-11T18:40:00Z,2026-05-11,20,482.06,10
335807117005601,USGS-335807117005601,2026-05-11T17:45:00Z,2026-05-11,20,413.72,10
335820116595901,USGS-335820116595901,2026-05-11T19:03:00Z,2026-05-11,20,71.85,10
335830117022201,USGS-335830117022201,2026-05-11T17:18:00Z,2026-05-11,20,158.98,10
335840117015801,USGS-335840117015801,2026-05-11T18:12:00Z,2026-05-11,20,NA,7
335849116592101,USGS-335849116592101,2026-05-11T20:40:00Z,2026-05-11,20,56.35,10
335902116583701,USGS-335902116583701,2026-05-11T21:04:00Z,2026-05-11,20,101.56,10
335916117015601,USGS-335916117015601,2026-05-11T17:05:00Z,2026-05-11,20,74.17,10
335930117032101,USGS-335930117032101,2026-05-11T16:52:00Z,2026-05-11,20,100.85,10
335943117032001,USGS-335943117032001,2026-05-11T16:01:00Z,2026-05-11,20,161.46,10
340006117051801,USGS-340006117051801,2026-05-11T16:28:00Z,2026-05-11,20,247.71,10
380906116050502,USGS-380906116050502,2026-05-11T23:50:00Z,2026-05-11,20,238.79,34
324423114530301,USGS-324423114530301,2026-05-08T16:56:00Z,2026-05-08,23,102.92,21
324423114530302,USGS-324423114530302,2026-05-08T18:06:00Z,2026-05-08,23,103.31,17
324423114530303,USGS-324423114530303,2026-05-08T18:19:00Z,2026-05-08,23,103.89,17
332747117061101,USGS-332747117061101,2026-05-08T18:42:00Z,2026-05-08,23,70.9,59
332747117061102,USGS-332747117061102,2026-05-08T18:43:00Z,2026-05-08,23,57.73,59
332819117070601,USGS-332819117070601,2026-05-08T17:46:00Z,2026-05-08,23,20.98,63
332819117070602,USGS-332819117070602,2026-05-08T17:48:00Z,2026-05-08,23,20.75,62
332819117070603,USGS-332819117070603,2026-05-08T17:50:00Z,2026-05-08,23,20.7,60
332819117070604,USGS-332819117070604,2026-05-08T17:52:00Z,2026-05-08,23,16.42,60
332819117070605,USGS-332819117070605,2026-05-08T17:53:00Z,2026-05-08,23,7.42,60
332819117070606,USGS-332819117070606,2026-05-08T17:54:00Z,2026-05-08,23,7.68,61
343007117443401,USGS-343007117443401,2026-05-08T22:05:00Z,2026-05-08,23,417.22,5
362425116181001,USGS-362425116181001,2026-05-08T19:25:00Z,2026-05-08,23,18.61,5
362936116153002,USGS-362936116153002,2026-05-08T18:10:00Z,2026-05-08,23,4.47,29
363213116133800,USGS-363213116133800,2026-05-08T17:00:00Z,2026-05-08,23,41.37,69
323659117033301,USGS-323659117033301,2026-05-07T20:27:00Z,2026-05-07,24,58.33,48
323659117033302,USGS-323659117033302,2026-05-07T20:40:00Z,2026-05-07,24,58.18,50
323659117033303,USGS-323659117033303,2026-05-07T20:46:00Z,2026-05-07,24,90.62,49
323659117033304,USGS-323659117033304,2026-05-07T20:53:00Z,2026-05-07,24,124.46,49
323659117033305,USGS-323659117033305,2026-05-07T20:59:00Z,2026-05-07,24,118.23,50
323659117033306,USGS-323659117033306,2026-05-07T21:03:00Z,2026-05-07,24,120.95,48
324116117050801,USGS-324116117050801,2026-05-07T21:45:00Z,2026-05-07,24,112.71,49
324116117050802,USGS-324116117050802,2026-05-07T21:52:00Z,2026-05-07,24,138.84,47
324116117050803,USGS-324116117050803,2026-05-07T22:12:00Z,2026-05-07,24,139.27,49
324116117050804,USGS-324116117050804,2026-05-07T21:59:00Z,2026-05-07,24,128.34,47
324116117050805,USGS-324116117050805,2026-05-07T22:02:00Z,2026-05-07,24,99.5,47
343708117132401,USGS-343708117132401,2026-05-07T17:14:00Z,2026-05-07,24,70.71,5
344658117293501,USGS-344658117293501,2026-05-07T01:50:00Z,2026-05-07,24,158.31,2
344728117145601,USGS-344728117145601,2026-05-07T00:03:00Z,2026-05-07,24,7.84,6
345004117112001,USGS-345004117112001,2026-05-07T00:34:00Z,2026-05-07,24,17.89,11
342300117160301,USGS-342300117160301,2026-05-06T20:45:00Z,2026-05-06,25,360.76,10
342450117151201,USGS-342450117151201,2026-05-06T20:25:00Z,2026-05-06,25,197.76,10
342744117091101,USGS-342744117091101,2026-05-06T23:37:00Z,2026-05-06,25,246.92,3
342758117114801,USGS-342758117114801,2026-05-06T15:43:00Z,2026-05-06,25,204.72,4
342903117154401,USGS-342903117154401,2026-05-06T18:00:00Z,2026-05-06,25,51.92,13
343104117150501,USGS-343104117150501,2026-05-06T16:08:00Z,2026-05-06,25,91.81,8
343341117101601,USGS-343341117101601,2026-05-06T16:45:00Z,2026-05-06,25,231.36,5
344230117200501,USGS-344230117200501,2026-05-06T23:22:00Z,2026-05-06,25,40.24,8
344401117194701,USGS-344401117194701,2026-05-06T22:42:00Z,2026-05-06,25,23.15,8
344818117151501,USGS-344818117151501,2026-05-06T17:01:00Z,2026-05-06,25,31.89,4
345135116473701,USGS-345135116473701,2026-05-06T18:08:00Z,2026-05-06,25,149.52,5
345156116441901,USGS-345156116441901,2026-05-06T00:27:00Z,2026-05-06,25,109.2,5
345600116523901,USGS-345600116523901,2026-05-06T20:36:00Z,2026-05-06,25,201.35,10
363815116175901,USGS-363815116175901,2026-05-06T20:40:00Z,2026-05-06,25,676.43,6
364635115572901,USGS-364635115572901,2026-05-06T15:10:00Z,2026-05-06,25,701.7,61
365705116424201,USGS-365705116424201,2026-05-06T18:40:00Z,2026-05-06,25,23.81,49
370246116461901,USGS-370246116461901,2026-05-06T18:00:00Z,2026-05-06,25,31.8,51
370337116033002,USGS-370337116033002,2026-05-06T15:37:00Z,2026-05-06,25,1654.66,22
370353116020201,USGS-370353116020201,2026-05-06T17:05:00Z,2026-05-06,25,1645.55,17
370504116404903,USGS-370504116404903,2026-05-06T16:50:00Z,2026-05-06,25,18.17,52
392148119391001,USGS-392148119391001,2026-05-06T17:00:00Z,2026-05-06,25,178.32,18
343101117263201,USGS-343101117263201,2026-05-05T23:15:00Z,2026-05-05,26,270.73,5
343102117262601,USGS-343102117262601,2026-05-05T22:57:00Z,2026-05-05,26,263.55,5
343514117351201,USGS-343514117351201,2026-05-05T20:42:00Z,2026-05-05,26,278.23,5
343555117351202,USGS-343555117351202,2026-05-05T19:09:00Z,2026-05-05,26,253.82,9
343606117385201,USGS-343606117385201,2026-05-05T21:12:00Z,2026-05-05,26,107.51,10
343712117361701,USGS-343712117361701,2026-05-05T18:19:00Z,2026-05-05,26,48.48,9
343801117324401,USGS-343801117324401,2026-05-05T19:48:00Z,2026-05-05,26,138.86,5
344651116355301,USGS-344651116355301,2026-05-05T20:12:00Z,2026-05-05,26,172.22,10
345001116381701,USGS-345001116381701,2026-05-05T19:11:00Z,2026-05-05,26,114.6,10
345049116363501,USGS-345049116363501,2026-05-05T18:41:00Z,2026-05-05,26,89.29,7
345127116473201,USGS-345127116473201,2026-05-05T17:49:00Z,2026-05-05,26,150.14,6
345418116455001,USGS-345418116455001,2026-05-05T22:14:00Z,2026-05-05,26,105.14,11
364528116232201,USGS-364528116232201,2026-05-05T17:00:00Z,2026-05-05,26,708.79,65
364534116065902,USGS-364534116065902,2026-05-05T18:45:00Z,2026-05-05,26,1733.57,10
364935116065401,USGS-364935116065401,2026-05-05T19:00:00Z,2026-05-05,26,81.47,68
365629116222601,USGS-365629116222601,2026-05-05T17:11:00Z,2026-05-05,26,87.66,20
365629116222602,USGS-365629116222602,2026-05-05T17:19:00Z,2026-05-05,26,92.24,20
324055117064401,USGS-324055117064401,2026-05-04T19:24:00Z,2026-05-04,27,40.72,44
324055117064402,USGS-324055117064402,2026-05-04T19:28:00Z,2026-05-04,27,27.61,44
324055117064403,USGS-324055117064403,2026-05-04T19:31:00Z,2026-05-04,27,12.31,42
324055117064404,USGS-324055117064404,2026-05-04T19:34:00Z,2026-05-04,27,11.41,40
324055117064405,USGS-324055117064405,2026-05-04T19:39:00Z,2026-05-04,27,9.12,41
365412116013901,USGS-365412116013901,2026-05-04T13:23:00Z,2026-05-04,27,842.48,31
323527117050001,USGS-323527117050001,2026-05-01T21:16:00Z,2026-05-01,30,72.25,44
323527117050002,USGS-323527117050002,2026-05-01T21:18:00Z,2026-05-01,30,66.24,44
323527117050003,USGS-323527117050003,2026-05-01T21:21:00Z,2026-05-01,30,34.24,46
323527117050004,USGS-323527117050004,2026-05-01T21:23:00Z,2026-05-01,30,32.39,45
323527117050005,USGS-323527117050005,2026-05-01T21:25:00Z,2026-05-01,30,12.62,44
323808117060401,USGS-323808117060401,2026-05-01T20:18:00Z,2026-05-01,30,36.42,45
323808117060402,USGS-323808117060402,2026-05-01T20:22:00Z,2026-05-01,30,78.74,46
323808117060403,USGS-323808117060403,2026-05-01T20:26:00Z,2026-05-01,30,55.63,44
323808117060404,USGS-323808117060404,2026-05-01T20:30:00Z,2026-05-01,30,36.56,44
323808117060405,USGS-323808117060405,2026-05-01T20:33:00Z,2026-05-01,30,20.34,43
323808117060406,USGS-323808117060406,2026-05-01T20:36:00Z,2026-05-01,30,15.83,45
323915117055301,USGS-323915117055301,2026-05-01T22:02:00Z,2026-05-01,30,65.77,37
323915117055302,USGS-323915117055302,2026-05-01T22:04:00Z,2026-05-01,30,57.84,37
323915117055303,USGS-323915117055303,2026-05-01T22:07:00Z,2026-05-01,30,51.08,36
323915117055304,USGS-323915117055304,2026-05-01T22:09:00Z,2026-05-01,30,27.95,36
323915117055305,USGS-323915117055305,2026-05-01T22:11:00Z,2026-05-01,30,23.68,35
340731116082601,USGS-340731116082601,2026-05-01T18:17:00Z,2026-05-01,30,329.29,6
340731116084301,USGS-340731116084301,2026-05-01T18:24:00Z,2026-05-01,30,432.44,8
340756116004601,USGS-340756116004601,2026-05-01T15:55:00Z,2026-05-01,30,119.59,8
340831116104201,USGS-340831116104201,2026-05-01T18:40:00Z,2026-05-01,30,153.62,8
341432116041701,USGS-341432116041701,2026-05-01T17:19:00Z,2026-05-01,30,251.91,6
341451116045201,USGS-341451116045201,2026-05-01T03:02:00Z,2026-05-01,30,277.55,6
341458116051601,USGS-341458116051601,2026-05-01T02:49:00Z,2026-05-01,30,96.19,6
341502116050101,USGS-341502116050101,2026-05-01T02:33:00Z,2026-05-01,30,123.23,6
340606117223801,USGS-340606117223801,2026-04-30T16:08:00Z,2026-04-30,31,328.94,37
340606117223802,USGS-340606117223802,2026-04-30T16:16:00Z,2026-04-30,31,305.76,27
340606117223803,USGS-340606117223803,2026-04-30T16:24:00Z,2026-04-30,31,310.25,38
340606117223804,USGS-340606117223804,2026-04-30T16:45:00Z,2026-04-30,31,310.39,37
341013117253901,USGS-341013117253901,2026-04-30T14:44:00Z,2026-04-30,31,770.52,28
341013117253902,USGS-341013117253902,2026-04-30T14:47:00Z,2026-04-30,31,771.49,27
341013117253903,USGS-341013117253903,2026-04-30T14:55:00Z,2026-04-30,31,241.89,29
341013117253904,USGS-341013117253904,2026-04-30T15:03:00Z,2026-04-30,31,241.34,28
341013117253905,USGS-341013117253905,2026-04-30T15:08:00Z,2026-04-30,31,80.18,28
341013117253906,USGS-341013117253906,2026-04-30T15:10:00Z,2026-04-30,31,80.18,28
341020116021901,USGS-341020116021901,2026-04-30T16:31:00Z,2026-04-30,31,30.01,8
341226116024601,USGS-341226116024601,2026-04-30T21:29:00Z,2026-04-30,31,223.72,6
341449116034201,USGS-341449116034201,2026-04-30T21:06:00Z,2026-04-30,31,376.8,6
341600116055501,USGS-341600116055501,2026-04-30T20:41:00Z,2026-04-30,31,175.03,6
341621116110601,USGS-341621116110601,2026-04-30T17:29:00Z,2026-04-30,31,441.94,6
341643116144401,USGS-341643116144401,2026-04-30T18:10:00Z,2026-04-30,31,375.97,6
341643116144402,USGS-341643116144402,2026-04-30T18:15:00Z,2026-04-30,31,374.87,6
341643116144403,USGS-341643116144403,2026-04-30T18:21:00Z,2026-04-30,31,374.84,6
341643116144404,USGS-341643116144404,2026-04-30T18:28:00Z,2026-04-30,31,374.6,6
341720116145601,USGS-341720116145601,2026-04-30T18:53:00Z,2026-04-30,31,230.72,6
341800116121201,USGS-341800116121201,2026-04-30T01:06:00Z,2026-04-30,31,302.35,8
341800116121202,USGS-341800116121202,2026-04-30T01:18:00Z,2026-04-30,31,300.94,8
341801116104601,USGS-341801116104601,2026-04-30T01:52:00Z,2026-04-30,31,207.54,8
341801116104602,USGS-341801116104602,2026-04-30T02:05:00Z,2026-04-30,31,207.5,8
341801116104603,USGS-341801116104603,2026-04-30T02:09:00Z,2026-04-30,31,207.5,8
341809116115801,USGS-341809116115801,2026-04-30T19:20:00Z,2026-04-30,31,281.07,6
341823116082201,USGS-341823116082201,2026-04-30T20:16:00Z,2026-04-30,31,26.72,6
341833116144201,USGS-341833116144201,2026-04-30T00:27:00Z,2026-04-30,31,288.05,6
341843116090401,USGS-341843116090401,2026-04-30T20:01:00Z,2026-04-30,31,31.56,6
341843116090402,USGS-341843116090402,2026-04-30T20:03:00Z,2026-04-30,31,31.51,6
341843116090403,USGS-341843116090403,2026-04-30T20:05:00Z,2026-04-30,31,31.52,6
341845116100701,USGS-341845116100701,2026-04-30T19:43:00Z,2026-04-30,31,103.86,6
340707117162706,USGS-340707117162706,2026-04-29T17:18:00Z,2026-04-29,32,233.3,34
340707117162707,USGS-340707117162707,2026-04-29T17:33:00Z,2026-04-29,32,230.25,34
340707117162708,USGS-340707117162708,2026-04-29T17:41:00Z,2026-04-29,32,168.86,34
341106116090001,USGS-341106116090001,2026-04-29T16:31:00Z,2026-04-29,32,325.02,8
341323116045501,USGS-341323116045501,2026-04-29T17:01:00Z,2026-04-29,32,36.97,8
341601116124801,USGS-341601116124801,2026-04-29T18:09:00Z,2026-04-29,32,418.52,7
341601116124802,USGS-341601116124802,2026-04-29T18:51:00Z,2026-04-29,32,250.88,7
341601116124803,USGS-341601116124803,2026-04-29T19:01:00Z,2026-04-29,32,250.01,7
341741116132501,USGS-341741116132501,2026-04-29T19:51:00Z,2026-04-29,32,141.14,7
341742116160701,USGS-341742116160701,2026-04-29T22:17:00Z,2026-04-29,32,372,6
341826116164501,USGS-341826116164501,2026-04-29T21:05:00Z,2026-04-29,32,315.18,7
341829116164401,USGS-341829116164401,2026-04-29T20:16:00Z,2026-04-29,32,363.14,8
341829116164402,USGS-341829116164402,2026-04-29T20:32:00Z,2026-04-29,32,316.14,7
341829116164403,USGS-341829116164403,2026-04-29T20:40:00Z,2026-04-29,32,315.44,7
341829116164404,USGS-341829116164404,2026-04-29T20:46:00Z,2026-04-29,32,315.55,7
341909116134101,USGS-341909116134101,2026-04-29T23:43:00Z,2026-04-29,32,410.02,6
341912116160801,USGS-341912116160801,2026-04-29T00:01:00Z,2026-04-29,32,273.61,6
341918116153001,USGS-341918116153001,2026-04-29T23:06:00Z,2026-04-29,32,246.42,6
340521117212001,USGS-340521117212001,2026-04-28T16:13:00Z,2026-04-28,33,277.05,31
340521117212002,USGS-340521117212002,2026-04-28T16:18:00Z,2026-04-28,33,278.96,40
340521117212003,USGS-340521117212003,2026-04-28T16:22:00Z,2026-04-28,33,288.19,40
340521117212004,USGS-340521117212004,2026-04-28T16:26:00Z,2026-04-28,33,287.55,42
340521117212005,USGS-340521117212005,2026-04-28T16:34:00Z,2026-04-28,33,281.71,39
340914117234901,USGS-340914117234901,2026-04-28T14:27:00Z,2026-04-28,33,340.51,30
340914117234902,USGS-340914117234902,2026-04-28T14:31:00Z,2026-04-28,33,340.52,30
340914117234903,USGS-340914117234903,2026-04-28T14:39:00Z,2026-04-28,33,340.43,29
340914117234904,USGS-340914117234904,2026-04-28T15:03:00Z,2026-04-28,33,340.41,29
340914117234905,USGS-340914117234905,2026-04-28T15:09:00Z,2026-04-28,33,341.38,28
340914117234906,USGS-340914117234906,2026-04-28T15:28:00Z,2026-04-28,33,NA,25
340927117242201,USGS-340927117242201,2026-04-28T18:56:00Z,2026-04-28,33,403.27,30
340927117242202,USGS-340927117242202,2026-04-28T18:59:00Z,2026-04-28,33,403.32,31
340927117242203,USGS-340927117242203,2026-04-28T19:07:00Z,2026-04-28,33,NA,29
340927117242204,USGS-340927117242204,2026-04-28T19:13:00Z,2026-04-28,33,405.83,31
341232116032201,USGS-341232116032201,2026-04-28T16:27:00Z,2026-04-28,33,213.61,6
341232116032202,USGS-341232116032202,2026-04-28T16:32:00Z,2026-04-28,33,182.66,6
341232116032203,USGS-341232116032203,2026-04-28T16:38:00Z,2026-04-28,33,68.27,6
341323116033801,USGS-341323116033801,2026-04-28T17:03:00Z,2026-04-28,33,220.45,1
341340116040501,USGS-341340116040501,2026-04-28T17:25:00Z,2026-04-28,33,217.08,6
341340116040502,USGS-341340116040502,2026-04-28T17:30:00Z,2026-04-28,33,185.9,6
341340116040503,USGS-341340116040503,2026-04-28T17:34:00Z,2026-04-28,33,74.58,6
341341116024901,USGS-341341116024901,2026-04-28T02:38:00Z,2026-04-28,33,345.44,6
341402116040801,USGS-341402116040801,2026-04-28T17:47:00Z,2026-04-28,33,221.52,6
341709116090401,USGS-341709116090401,2026-04-28T21:02:00Z,2026-04-28,33,241.55,6
341709116090402,USGS-341709116090402,2026-04-28T21:07:00Z,2026-04-28,33,241.47,6
341709116090403,USGS-341709116090403,2026-04-28T21:09:00Z,2026-04-28,33,241.46,6
341725116090401,USGS-341725116090401,2026-04-28T18:51:00Z,2026-04-28,33,221.85,6
341735116092601,USGS-341735116092601,2026-04-28T18:57:00Z,2026-04-28,33,229.78,6
341736116085401,USGS-341736116085401,2026-04-28T18:39:00Z,2026-04-28,33,208.41,6
341736116085901,USGS-341736116085901,2026-04-28T18:17:00Z,2026-04-28,33,210.07,6
341737116085501,USGS-341737116085501,2026-04-28T18:24:00Z,2026-04-28,33,205.12,6
341737116092801,USGS-341737116092801,2026-04-28T19:04:00Z,2026-04-28,33,228.06,6
341738116092601,USGS-341738116092601,2026-04-28T19:13:00Z,2026-04-28,33,224.67,6
341738116093401,USGS-341738116093401,2026-04-28T20:29:00Z,2026-04-28,33,238.52,5
341739116092801,USGS-341739116092801,2026-04-28T19:54:00Z,2026-04-28,33,226.76,6
341752116092501,USGS-341752116092501,2026-04-28T20:47:00Z,2026-04-28,33,191.31,6
341823116175001,USGS-341823116175001,2026-04-28T01:48:00Z,2026-04-28,33,257.11,6
341925116202501,USGS-341925116202501,2026-04-28T22:18:00Z,2026-04-28,33,316.49,6
341939116174501,USGS-341939116174501,2026-04-28T01:35:00Z,2026-04-28,33,257.56,6
341952116164601,USGS-341952116164601,2026-04-28T23:29:00Z,2026-04-28,33,227.27,6
342107116210401,USGS-342107116210401,2026-04-28T22:54:00Z,2026-04-28,33,178.81,6
342111116174801,USGS-342111116174801,2026-04-28T23:38:00Z,2026-04-28,33,214.41,6
342406116205501,USGS-342406116205501,2026-04-28T00:08:00Z,2026-04-28,33,99.76,6
342429116205601,USGS-342429116205601,2026-04-28T00:56:00Z,2026-04-28,33,76.25,6
342221116190801,USGS-342221116190801,2026-04-27T23:31:00Z,2026-04-27,34,177.26,6
333358116374201,USGS-333358116374201,2026-04-24T00:28:00Z,2026-04-24,37,22.05,9
333359116373501,USGS-333359116373501,2026-04-24T00:14:00Z,2026-04-24,37,47.09,16
333403116372901,USGS-333403116372901,2026-04-24T00:02:00Z,2026-04-24,37,48.95,9
383930122494801,USGS-383930122494801,2026-04-24T19:30:00Z,2026-04-24,37,15.83,43
332957116361801,USGS-332957116361801,2026-04-23T22:52:00Z,2026-04-23,38,57.55,9
333052116393901,USGS-333052116393901,2026-04-23T21:07:00Z,2026-04-23,38,111.81,2
333221116404601,USGS-333221116404601,2026-04-23T21:44:00Z,2026-04-23,38,1.31,2
333356116395901,USGS-333356116395901,2026-04-23T00:41:00Z,2026-04-23,38,158.65,7
333405116410901,USGS-333405116410901,2026-04-23T00:00:00Z,2026-04-23,38,101.21,4
370806116264001,USGS-370806116264001,2026-04-23T18:20:00Z,2026-04-23,38,1363.43,43
371024116293106,USGS-371024116293106,2026-04-23T19:50:00Z,2026-04-23,38,1362.56,40
371414116242901,USGS-371414116242901,2026-04-23T21:20:00Z,2026-04-23,38,2137.03,43
333258116392101,USGS-333258116392101,2026-04-22T16:43:00Z,2026-04-22,39,18.88,5
333315116405301,USGS-333315116405301,2026-04-22T19:47:00Z,2026-04-22,39,83.22,17
333315116405701,USGS-333315116405701,2026-04-22T20:02:00Z,2026-04-22,39,79.14,19
333322116433101,USGS-333322116433101,2026-04-22T00:41:00Z,2026-04-22,39,38.33,6
333336116435501,USGS-333336116435501,2026-04-22T22:39:00Z,2026-04-22,39,82.65,2
333359116440501,USGS-333359116440501,2026-04-22T21:38:00Z,2026-04-22,39,20.78,7
333410116411902,USGS-333410116411902,2026-04-22T18:33:00Z,2026-04-22,39,77.04,10
333420116410202,USGS-333420116410202,2026-04-22T17:18:00Z,2026-04-22,39,132.66,3
340814117253501,USGS-340814117253501,2026-04-22T17:08:00Z,2026-04-22,39,581.68,31
340814117253502,USGS-340814117253502,2026-04-22T17:29:00Z,2026-04-22,39,581.42,28
340814117253503,USGS-340814117253503,2026-04-22T17:44:00Z,2026-04-22,39,395.14,21
340814117253504,USGS-340814117253504,2026-04-22T17:58:00Z,2026-04-22,39,392.6,30
340814117253505,USGS-340814117253505,2026-04-22T18:12:00Z,2026-04-22,39,NA,29
344327114313001,USGS-344327114313001,2026-04-22T14:06:00Z,2026-04-22,39,93.94,19
363503115385701,USGS-363503115385701,2026-04-22T22:07:00Z,2026-04-22,39,327.45,21
364329116402901,USGS-364329116402901,2026-04-22T19:38:00Z,2026-04-22,39,315.43,13
364329116402902,USGS-364329116402902,2026-04-22T19:18:00Z,2026-04-22,39,315.89,12
333117114322801,USGS-333117114322801,2026-04-21T20:21:00Z,2026-04-21,40,11.07,19
333149114443701,USGS-333149114443701,2026-04-21T18:36:00Z,2026-04-21,40,131.93,9
333214114535501,USGS-333214114535501,2026-04-21T14:43:00Z,2026-04-21,40,234.11,21
333323116394301,USGS-333323116394301,2026-04-21T01:23:00Z,2026-04-21,40,37.57,3
333327116382101,USGS-333327116382101,2026-04-21T20:58:00Z,2026-04-21,40,113.31,9
333352116411301,USGS-333352116411301,2026-04-21T18:34:00Z,2026-04-21,40,109.07,8
333418116385001,USGS-333418116385001,2026-04-21T19:06:00Z,2026-04-21,40,329.37,9
333423116384201,USGS-333423116384201,2026-04-21T19:19:00Z,2026-04-21,40,337.17,9
333433116403201,USGS-333433116403201,2026-04-21T21:48:00Z,2026-04-21,40,222.37,5
333434116402601,USGS-333434116402601,2026-04-21T00:30:00Z,2026-04-21,40,264.9,9
333457116391701,USGS-333457116391701,2026-04-21T19:45:00Z,2026-04-21,40,30.71,9
333527114511901,USGS-333527114511901,2026-04-21T15:32:00Z,2026-04-21,40,160.26,19
333527114511902,USGS-333527114511902,2026-04-21T15:38:00Z,2026-04-21,40,158.78,19
333527114511903,USGS-333527114511903,2026-04-21T15:43:00Z,2026-04-21,40,149.02,19
333845114392501,USGS-333845114392501,2026-04-21T17:49:00Z,2026-04-21,40,109.96,4
333859114291701,USGS-333859114291701,2026-04-21T21:30:00Z,2026-04-21,40,41.68,17
333939114411501,USGS-333939114411501,2026-04-21T17:23:00Z,2026-04-21,40,145.49,19
334032114393201,USGS-334032114393201,2026-04-21T19:17:00Z,2026-04-21,40,146.81,17
334202114434001,USGS-334202114434001,2026-04-21T16:46:00Z,2026-04-21,40,220.75,19
340443114274901,USGS-340443114274901,2026-04-21T22:36:00Z,2026-04-21,40,131.33,2
324003114235701,USGS-324003114235701,2026-04-20T22:11:00Z,2026-04-20,41,155.76,20
333238116422301,USGS-333238116422301,2026-04-20T23:35:00Z,2026-04-20,41,174.45,11
333359116450501,USGS-333359116450501,2026-04-20T21:03:00Z,2026-04-20,41,9.99,9
333430116414501,USGS-333430116414501,2026-04-20T21:33:00Z,2026-04-20,41,73.95,10
333439116411101,USGS-333439116411101,2026-04-20T22:28:00Z,2026-04-20,41,200.29,10
333441116442801,USGS-333441116442801,2026-04-20T20:19:00Z,2026-04-20,41,100.36,10
363530116021401,USGS-363530116021401,2026-04-20T20:10:00Z,2026-04-20,41,784.3,41
364554116232401,USGS-364554116232401,2026-04-20T17:38:00Z,2026-04-20,41,738.86,21
332929116384901,USGS-332929116384901,2026-04-18T17:46:00Z,2026-04-18,43,147.84,9
333119116374801,USGS-333119116374801,2026-04-18T18:58:00Z,2026-04-18,43,162.47,1
333238116371001,USGS-333238116371001,2026-04-18T21:10:00Z,2026-04-18,43,283.45,5
333251116390001,USGS-333251116390001,2026-04-18T00:51:00Z,2026-04-18,43,30.88,12
333313116384601,USGS-333313116384601,2026-04-18T01:06:00Z,2026-04-18,43,70.59,13
333321116392401,USGS-333321116392401,2026-04-18T19:34:00Z,2026-04-18,43,37.57,10
333350116405801,USGS-333350116405801,2026-04-18T01:30:00Z,2026-04-18,43,123.04,11
333351116410201,USGS-333351116410201,2026-04-18T01:35:00Z,2026-04-18,43,101.93,10
332948116380301,USGS-332948116380301,2026-04-17T21:30:00Z,2026-04-17,44,56.91,10
333036116482701,USGS-333036116482701,2026-04-17T22:22:00Z,2026-04-17,44,78.86,8
333228116432801,USGS-333228116432801,2026-04-17T20:53:00Z,2026-04-17,44,153.95,9
333238116432601,USGS-333238116432601,2026-04-17T20:41:00Z,2026-04-17,44,78.5,11
333322116404001,USGS-333322116404001,2026-04-17T19:44:00Z,2026-04-17,44,114.2,9
333329116413501,USGS-333329116413501,2026-04-17T23:12:00Z,2026-04-17,44,137.65,10
333334116414201,USGS-333334116414201,2026-04-17T23:44:00Z,2026-04-17,44,158.71,10
333357116383401,USGS-333357116383401,2026-04-17T01:38:00Z,2026-04-17,44,241.5,10
333418116382801,USGS-333418116382801,2026-04-17T01:54:00Z,2026-04-17,44,312.22,10
332850116410501,USGS-332850116410501,2026-04-16T02:14:00Z,2026-04-16,45,82.85,9
332904116390101,USGS-332904116390101,2026-04-16T01:14:00Z,2026-04-16,45,232.22,10
332927116375601,USGS-332927116375601,2026-04-16T00:51:00Z,2026-04-16,45,73.48,9
332950116471601,USGS-332950116471601,2026-04-16T22:55:00Z,2026-04-16,45,152.59,9
333002116373901,USGS-333002116373901,2026-04-16T00:26:00Z,2026-04-16,45,49.7,9
333158116472801,USGS-333158116472801,2026-04-15T20:15:00Z,2026-04-15,46,82.55,8
333232116401101,USGS-333232116401101,2026-04-15T22:59:00Z,2026-04-15,46,29.63,8
333239116401101,USGS-333239116401101,2026-04-15T23:14:00Z,2026-04-15,46,36.57,1
333240116403201,USGS-333240116403201,2026-04-15T21:44:00Z,2026-04-15,46,32.54,11
333244116402801,USGS-333244116402801,2026-04-15T21:52:00Z,2026-04-15,46,33.29,10
333254116401901,USGS-333254116401901,2026-04-15T22:26:00Z,2026-04-15,46,50.74,9
333315116413101,USGS-333315116413101,2026-04-15T01:00:00Z,2026-04-15,46,96.48,11
333321116405501,USGS-333321116405501,2026-04-15T19:30:00Z,2026-04-15,46,88.69,10
340408117165301,USGS-340408117165301,2026-04-15T19:48:00Z,2026-04-15,46,165.57,35
340408117165302,USGS-340408117165302,2026-04-15T20:06:00Z,2026-04-15,46,164.58,36
340408117165303,USGS-340408117165303,2026-04-15T20:21:00Z,2026-04-15,46,150.97,34
333008116473601,USGS-333008116473601,2026-04-14T20:40:00Z,2026-04-14,47,64.9,10
333023116473101,USGS-333023116473101,2026-04-14T21:37:00Z,2026-04-14,47,58.93,8
333035116474601,USGS-333035116474601,2026-04-14T23:09:00Z,2026-04-14,47,16.56,9
333101116472301,USGS-333101116472301,2026-04-14T22:40:00Z,2026-04-14,47,9.38,13
333001117005705,USGS-333001117005705,2026-04-10T20:26:00Z,2026-04-10,51,85.86,39
340130117054901,USGS-340130117054901,2026-04-10T16:13:00Z,2026-04-10,51,276.07,37
340130117054902,USGS-340130117054902,2026-04-10T16:18:00Z,2026-04-10,51,278.94,36
340130117054903,USGS-340130117054903,2026-04-10T16:21:00Z,2026-04-10,51,276.86,37
340130117054904,USGS-340130117054904,2026-04-10T16:25:00Z,2026-04-10,51,278.26,37
340130117054905,USGS-340130117054905,2026-04-10T16:29:00Z,2026-04-10,51,125.03,40
340559117194501,USGS-340559117194501,2026-04-10T17:51:00Z,2026-04-10,51,225.45,37
340559117194502,USGS-340559117194502,2026-04-10T18:00:00Z,2026-04-10,51,225.18,38
340559117194503,USGS-340559117194503,2026-04-10T18:11:00Z,2026-04-10,51,225.2,37
340559117194504,USGS-340559117194504,2026-04-10T18:18:00Z,2026-04-10,51,227.43,37
340800117235901,USGS-340800117235901,2026-04-10T16:03:00Z,2026-04-10,51,516.71,29
340800117235902,USGS-340800117235902,2026-04-10T16:16:00Z,2026-04-10,51,516.55,40
340800117235903,USGS-340800117235903,2026-04-10T16:38:00Z,2026-04-10,51,516.54,40
340800117235904,USGS-340800117235904,2026-04-10T16:53:00Z,2026-04-10,51,NA,30
342536119473001,USGS-342536119473001,2026-04-10T14:30:00Z,2026-04-10,51,21.88,10
342551119491601,USGS-342551119491601,2026-04-10T16:54:00Z,2026-04-10,51,47,10
342552119512101,USGS-342552119512101,2026-04-10T21:02:00Z,2026-04-10,51,13.46,10
342601119491401,USGS-342601119491401,2026-04-10T17:31:00Z,2026-04-10,51,60.23,10
342605119473901,USGS-342605119473901,2026-04-10T15:05:00Z,2026-04-10,51,88.24,10
342610119491201,USGS-342610119491201,2026-04-10T17:49:00Z,2026-04-10,51,65.2,10
342611119503801,USGS-342611119503801,2026-04-10T20:44:00Z,2026-04-10,51,6.67,10
342612119503001,USGS-342612119503001,2026-04-10T20:23:00Z,2026-04-10,51,25.18,10
342612119503002,USGS-342612119503002,2026-04-10T20:09:00Z,2026-04-10,51,24.94,10
342616119474501,USGS-342616119474501,2026-04-10T15:25:00Z,2026-04-10,51,96.95,10
342618119493801,USGS-342618119493801,2026-04-10T18:45:00Z,2026-04-10,51,57.38,10
342619119500301,USGS-342619119500301,2026-04-10T19:38:00Z,2026-04-10,51,36.81,10
342620119513801,USGS-342620119513801,2026-04-10T21:16:00Z,2026-04-10,51,14.08,10
342634119472101,USGS-342634119472101,2026-04-10T16:33:00Z,2026-04-10,51,166.31,10
342643119481401,USGS-342643119481401,2026-04-10T00:49:00Z,2026-04-10,51,117.35,10
342658119484801,USGS-342658119484801,2026-04-10T00:00:00Z,2026-04-10,51,47.46,10
342659119472901,USGS-342659119472901,2026-04-10T16:01:00Z,2026-04-10,51,181.84,10
342700119482501,USGS-342700119482501,2026-04-10T00:31:00Z,2026-04-10,51,60.54,10
342706119482801,USGS-342706119482801,2026-04-10T00:21:00Z,2026-04-10,51,47.01,10
342707119471501,USGS-342707119471501,2026-04-10T15:47:00Z,2026-04-10,51,17.09,10
374215114453101,USGS-374215114453101,2026-04-10T00:07:00Z,2026-04-10,51,393.25,22
340136117033904,USGS-340136117033904,2026-04-09T15:15:00Z,2026-04-09,52,236.44,36
340316117174101,USGS-340316117174101,2026-04-09T18:36:00Z,2026-04-09,52,110,33
340316117174102,USGS-340316117174102,2026-04-09T18:41:00Z,2026-04-09,52,96.93,31
340316117174103,USGS-340316117174103,2026-04-09T18:45:00Z,2026-04-09,52,89.63,30
340321117153801,USGS-340321117153801,2026-04-09T19:06:00Z,2026-04-09,52,177.62,32
340321117153802,USGS-340321117153802,2026-04-09T19:11:00Z,2026-04-09,52,NA,30
340321117153803,USGS-340321117153803,2026-04-09T19:21:00Z,2026-04-09,52,NA,32
340541117074401,USGS-340541117074401,2026-04-09T17:37:00Z,2026-04-09,52,155.6,32
340541117074402,USGS-340541117074402,2026-04-09T17:44:00Z,2026-04-09,52,152.32,33
340541117074403,USGS-340541117074403,2026-04-09T17:56:00Z,2026-04-09,52,115.99,33
340541117074404,USGS-340541117074404,2026-04-09T18:10:00Z,2026-04-09,52,76.56,34
340541117074405,USGS-340541117074405,2026-04-09T18:16:00Z,2026-04-09,52,75.86,35
340541117074406,USGS-340541117074406,2026-04-09T18:24:00Z,2026-04-09,52,55.38,35
340633117174001,USGS-340633117174001,2026-04-09T16:10:00Z,2026-04-09,52,221.76,29
340633117174002,USGS-340633117174002,2026-04-09T16:19:00Z,2026-04-09,52,222.72,30
340633117174003,USGS-340633117174003,2026-04-09T16:29:00Z,2026-04-09,52,215.09,29
340633117174004,USGS-340633117174004,2026-04-09T16:35:00Z,2026-04-09,52,208.99,29
340633117174005,USGS-340633117174005,2026-04-09T16:40:00Z,2026-04-09,52,NA,29
340633117174006,USGS-340633117174006,2026-04-09T16:51:00Z,2026-04-09,52,NA,33
340716117230601,USGS-340716117230601,2026-04-09T17:58:00Z,2026-04-09,52,412.98,35
340716117230602,USGS-340716117230602,2026-04-09T18:07:00Z,2026-04-09,52,412.87,34
340716117230603,USGS-340716117230603,2026-04-09T18:17:00Z,2026-04-09,52,412.6,42
340716117230604,USGS-340716117230604,2026-04-09T18:27:00Z,2026-04-09,52,412.49,48
340716117230605,USGS-340716117230605,2026-04-09T18:41:00Z,2026-04-09,52,412.44,46
340716117230606,USGS-340716117230606,2026-04-09T18:46:00Z,2026-04-09,52,NA,32
340804117221601,USGS-340804117221601,2026-04-09T17:17:00Z,2026-04-09,52,333.43,29
340804117221602,USGS-340804117221602,2026-04-09T17:24:00Z,2026-04-09,52,333.46,32
340804117221603,USGS-340804117221603,2026-04-09T17:29:00Z,2026-04-09,52,317.78,32
340804117221604,USGS-340804117221604,2026-04-09T17:34:00Z,2026-04-09,52,318.8,29
342539119483501,USGS-342539119483501,2026-04-09T20:23:00Z,2026-04-09,52,64.06,10
342539119483504,USGS-342539119483504,2026-04-09T19:59:00Z,2026-04-09,52,4.43,10
342550119481802,USGS-342550119481802,2026-04-09T19:41:00Z,2026-04-09,52,67.91,10
342552119474101,USGS-342552119474101,2026-04-09T19:21:00Z,2026-04-09,52,71.98,10
342605119465901,USGS-342605119465901,2026-04-09T16:51:00Z,2026-04-09,52,19.4,10
342605119465902,USGS-342605119465902,2026-04-09T17:04:00Z,2026-04-09,52,71.82,10
342611119483401,USGS-342611119483401,2026-04-09T20:51:00Z,2026-04-09,52,93.03,10
342623119484101,USGS-342623119484101,2026-04-09T21:10:00Z,2026-04-09,52,85.59,10
342635119490201,USGS-342635119490201,2026-04-09T21:31:00Z,2026-04-09,52,94.69,10
342639119494801,USGS-342639119494801,2026-04-09T22:32:00Z,2026-04-09,52,56.52,10
342645119485301,USGS-342645119485301,2026-04-09T23:35:00Z,2026-04-09,52,77.46,10
342645119485302,USGS-342645119485302,2026-04-09T23:44:00Z,2026-04-09,52,77.13,10
342646119494701,USGS-342646119494701,2026-04-09T22:42:00Z,2026-04-09,52,58.35,11
342703119493601,USGS-342703119493601,2026-04-09T23:20:00Z,2026-04-09,52,34.42,10
342706119503201,USGS-342706119503201,2026-04-09T22:59:00Z,2026-04-09,52,18.88,10
420120121355401,USGS-420120121355401,2026-04-09T18:29:00Z,2026-04-09,52,12.14,20
420125121360601,USGS-420125121360601,2026-04-09T18:45:00Z,2026-04-09,52,68.44,20
420614121453801,USGS-420614121453801,2026-04-09T20:06:00Z,2026-04-09,52,6.81,20
420616121454701,USGS-420616121454701,2026-04-09T20:50:00Z,2026-04-09,52,46.52,19
420724121404001,USGS-420724121404001,2026-04-09T17:49:00Z,2026-04-09,52,44.01,19
420957121410401,USGS-420957121410401,2026-04-09T17:31:00Z,2026-04-09,52,6.39,20
421102121415601,USGS-421102121415601,2026-04-09T17:18:00Z,2026-04-09,52,16,21
335348116352701,USGS-335348116352701,2026-04-08T14:49:00Z,2026-04-08,53,132.72,5
335348116352702,USGS-335348116352702,2026-04-08T14:51:00Z,2026-04-08,53,107.16,5
335348116352703,USGS-335348116352703,2026-04-08T14:56:00Z,2026-04-08,53,154.27,5
340414117190201,USGS-340414117190201,2026-04-08T16:30:00Z,2026-04-08,53,125.89,30
340414117190202,USGS-340414117190202,2026-04-08T16:45:00Z,2026-04-08,53,126.04,29
340414117190203,USGS-340414117190203,2026-04-08T16:53:00Z,2026-04-08,53,125.03,29
340414117190204,USGS-340414117190204,2026-04-08T17:09:00Z,2026-04-08,53,122.51,28
340414117190205,USGS-340414117190205,2026-04-08T17:20:00Z,2026-04-08,53,122.05,29
340538117171401,USGS-340538117171401,2026-04-08T16:44:00Z,2026-04-08,53,140.85,27
340538117171402,USGS-340538117171402,2026-04-08T16:59:00Z,2026-04-08,53,NA,27
340538117171403,USGS-340538117171403,2026-04-08T17:04:00Z,2026-04-08,53,NA,26
340546117182901,USGS-340546117182901,2026-04-08T17:29:00Z,2026-04-08,53,198.81,30
340546117182902,USGS-340546117182902,2026-04-08T17:39:00Z,2026-04-08,53,114.44,28
340546117182903,USGS-340546117182903,2026-04-08T17:45:00Z,2026-04-08,53,NA,28
340546117182904,USGS-340546117182904,2026-04-08T17:49:00Z,2026-04-08,53,NA,28
371142116125102,USGS-371142116125102,2026-04-08T21:19:00Z,2026-04-08,53,3113.13,15
371311116283801,USGS-371311116283801,2026-04-08T18:33:00Z,2026-04-08,53,2052.6,19
420352121505901,USGS-420352121505901,2026-04-08T01:33:00Z,2026-04-08,53,4.55,20
420759121545101,USGS-420759121545101,2026-04-08T19:52:00Z,2026-04-08,53,154.39,20
420956121510101,USGS-420956121510101,2026-04-08T20:23:00Z,2026-04-08,53,21.06,20
335304116353001,USGS-335304116353001,2026-04-07T14:42:00Z,2026-04-07,54,122.7,5
335339116345301,USGS-335339116345301,2026-04-07T19:18:00Z,2026-04-07,54,109.95,6
335339116345302,USGS-335339116345302,2026-04-07T19:21:00Z,2026-04-07,54,110.5,5
335339116345303,USGS-335339116345303,2026-04-07T19:23:00Z,2026-04-07,54,115.68,5
340136117033901,USGS-340136117033901,2026-04-07T15:05:00Z,2026-04-07,54,252.09,34
340136117033902,USGS-340136117033902,2026-04-07T15:20:00Z,2026-04-07,54,252.91,34
340136117033903,USGS-340136117033903,2026-04-07T15:25:00Z,2026-04-07,54,244.21,34
340136117033905,USGS-340136117033905,2026-04-07T15:40:00Z,2026-04-07,54,236.74,34
340248117020901,USGS-340248117020901,2026-04-07T16:20:00Z,2026-04-07,54,268.3,33
340248117020902,USGS-340248117020902,2026-04-07T16:24:00Z,2026-04-07,54,262.17,32
340248117020903,USGS-340248117020903,2026-04-07T16:28:00Z,2026-04-07,54,254.08,33
340248117020904,USGS-340248117020904,2026-04-07T16:32:00Z,2026-04-07,54,245.82,33
413640121124301,USGS-413640121124301,2026-04-07T16:31:00Z,2026-04-07,54,309.14,20
414043121155501,USGS-414043121155501,2026-04-07T16:57:00Z,2026-04-07,54,141.19,20
414236121584601,USGS-414236121584601,2026-04-07T21:56:00Z,2026-04-07,54,169.21,19
414300121302401,USGS-414300121302401,2026-04-07T17:43:00Z,2026-04-07,54,683.65,20
415104121232901,USGS-415104121232901,2026-04-07T18:16:00Z,2026-04-07,54,57.32,20
415312121403201,USGS-415312121403201,2026-04-07T20:11:00Z,2026-04-07,54,124.76,20
415546121205401,USGS-415546121205401,2026-04-07T19:16:00Z,2026-04-07,54,6.31,20
420013121531801,USGS-420013121531801,2026-04-07T22:40:00Z,2026-04-07,54,109.56,20
420129121355901,USGS-420129121355901,2026-04-07T23:44:00Z,2026-04-07,54,72.19,20
420246121541401,USGS-420246121541401,2026-04-07T23:05:00Z,2026-04-07,54,167.02,23
420318121312201,USGS-420318121312201,2026-04-07T21:13:00Z,2026-04-07,54,301.08,10
420348121453601,USGS-420348121453601,2026-04-07T15:52:00Z,2026-04-07,54,50.54,21
335231116345401,USGS-335231116345401,2026-04-06T18:01:00Z,2026-04-06,55,145.44,5
340408117165304,USGS-340408117165304,2026-04-03T16:57:00Z,2026-04-03,58,NA,30
340508117163301,USGS-340508117163301,2026-04-03T18:31:00Z,2026-04-03,58,189.01,29
340508117163302,USGS-340508117163302,2026-04-03T18:38:00Z,2026-04-03,58,192.1,29
340508117163303,USGS-340508117163303,2026-04-03T18:44:00Z,2026-04-03,58,179.88,29
340508117163304,USGS-340508117163304,2026-04-03T18:49:00Z,2026-04-03,58,167.44,29
340508117163305,USGS-340508117163305,2026-04-03T18:51:00Z,2026-04-03,58,NA,27
340508117163306,USGS-340508117163306,2026-04-03T18:53:00Z,2026-04-03,58,NA,28
340555117161201,USGS-340555117161201,2026-04-03T17:43:00Z,2026-04-03,58,171.89,30
340555117161202,USGS-340555117161202,2026-04-03T17:47:00Z,2026-04-03,58,NA,28
340555117161203,USGS-340555117161203,2026-04-03T17:50:00Z,2026-04-03,58,NA,27
340555117161204,USGS-340555117161204,2026-04-03T17:51:00Z,2026-04-03,58,NA,27
340555117161205,USGS-340555117161205,2026-04-03T17:55:00Z,2026-04-03,58,170.93,31
340555117161206,USGS-340555117161206,2026-04-03T18:00:00Z,2026-04-03,58,195.07,30
340555117161207,USGS-340555117161207,2026-04-03T18:15:00Z,2026-04-03,58,189.24,30
340655117184004,USGS-340655117184004,2026-04-03T17:12:00Z,2026-04-03,58,NA,30
340655117184005,USGS-340655117184005,2026-04-03T17:15:00Z,2026-04-03,58,NA,29
340655117184006,USGS-340655117184006,2026-04-03T17:20:00Z,2026-04-03,58,269.32,36
340503117104101,USGS-340503117104101,2026-04-02T20:07:00Z,2026-04-02,59,149.17,32
340503117104102,USGS-340503117104102,2026-04-02T20:13:00Z,2026-04-02,59,149.63,31
340503117104103,USGS-340503117104103,2026-04-02T20:16:00Z,2026-04-02,59,150.08,31
340503117104104,USGS-340503117104104,2026-04-02T20:20:00Z,2026-04-02,59,150.18,33
340503117104105,USGS-340503117104105,2026-04-02T20:25:00Z,2026-04-02,59,152.51,28
392242119393501,USGS-392242119393501,2026-04-02T21:13:00Z,2026-04-02,59,268.38,15
392247119392801,USGS-392247119392801,2026-04-02T20:35:00Z,2026-04-02,59,203.06,14
392248119392701,USGS-392248119392701,2026-04-02T20:18:00Z,2026-04-02,59,188.1,10
392250119391601,USGS-392250119391601,2026-04-02T21:28:00Z,2026-04-02,59,172.53,16
392254119391501,USGS-392254119391501,2026-04-02T21:45:00Z,2026-04-02,59,189.06,17
392254119392002,USGS-392254119392002,2026-04-02T20:06:00Z,2026-04-02,59,116.97,15
392300115493001,USGS-392300115493001,2026-04-02T18:07:00Z,2026-04-02,59,NA,4
392318119394101,USGS-392318119394101,2026-04-02T22:01:00Z,2026-04-02,59,99.64,17
392320119384101,USGS-392320119384101,2026-04-02T19:48:00Z,2026-04-02,59,23.74,16
392321119383401,USGS-392321119383401,2026-04-02T19:37:00Z,2026-04-02,59,53.09,15
392322119381801,USGS-392322119381801,2026-04-02T19:25:00Z,2026-04-02,59,83.23,16
392334119383301,USGS-392334119383301,2026-04-02T19:06:00Z,2026-04-02,59,150.31,16
392347119391901,USGS-392347119391901,2026-04-02T22:57:00Z,2026-04-02,59,46.47,18
392400119400801,USGS-392400119400801,2026-04-02T22:40:00Z,2026-04-02,59,67.86,17
392412119401501,USGS-392412119401501,2026-04-02T22:30:00Z,2026-04-02,59,222.25,17
340046117020801,USGS-340046117020801,2026-04-01T20:46:00Z,2026-04-01,60,328.92,37
340046117020802,USGS-340046117020802,2026-04-01T20:12:00Z,2026-04-01,60,329.84,38
340046117020803,USGS-340046117020803,2026-04-01T20:18:00Z,2026-04-01,60,328.03,38
340046117020804,USGS-340046117020804,2026-04-01T20:32:00Z,2026-04-01,60,326.16,44
340433117171201,USGS-340433117171201,2026-04-01T15:29:00Z,2026-04-01,60,145.55,30
340433117171202,USGS-340433117171202,2026-04-01T15:43:00Z,2026-04-01,60,NA,29
340433117171203,USGS-340433117171203,2026-04-01T15:51:00Z,2026-04-01,60,NA,29
340439117173902,USGS-340439117173902,2026-04-01T16:15:00Z,2026-04-01,60,139.01,32
340439117173904,USGS-340439117173904,2026-04-01T16:27:00Z,2026-04-01,60,142.13,36
340439117173905,USGS-340439117173905,2026-04-01T16:39:00Z,2026-04-01,60,138.66,34
340439117173906,USGS-340439117173906,2026-04-01T16:55:00Z,2026-04-01,60,276.52,34
340439117173907,USGS-340439117173907,2026-04-01T17:03:00Z,2026-04-01,60,NA,32
340509117172401,USGS-340509117172401,2026-04-01T17:26:00Z,2026-04-01,60,132.71,29
340509117172402,USGS-340509117172402,2026-04-01T17:37:00Z,2026-04-01,60,60.69,29
340509117172403,USGS-340509117172403,2026-04-01T17:50:00Z,2026-04-01,60,NA,29
340615117170902,USGS-340615117170902,2026-04-01T19:06:00Z,2026-04-01,60,180.78,34
340615117170903,USGS-340615117170903,2026-04-01T18:43:00Z,2026-04-01,60,163.21,33
340615117170904,USGS-340615117170904,2026-04-01T18:53:00Z,2026-04-01,60,57.32,35
364141116351401,USGS-364141116351401,2026-04-01T20:44:00Z,2026-04-01,60,271.39,18
364141116351402,USGS-364141116351402,2026-04-01T20:54:00Z,2026-04-01,60,271.52,18
364732116330701,USGS-364732116330701,2026-04-01T19:26:00Z,2026-04-01,60,602.09,23
323934115504701,USGS-323934115504701,2026-03-31T17:23:00Z,2026-03-31,61,94.57,10
324013115511101,USGS-324013115511101,2026-03-31T16:39:00Z,2026-03-31,61,88.81,9
324119115553201,USGS-324119115553201,2026-03-31T16:20:00Z,2026-03-31,61,162.86,10
324123115552901,USGS-324123115552901,2026-03-31T15:41:00Z,2026-03-31,61,163,10
324138115552901,USGS-324138115552901,2026-03-31T16:05:00Z,2026-03-31,61,150.78,10
324345116010001,USGS-324345116010001,2026-03-31T18:21:00Z,2026-03-31,61,345.16,6
324402114455701,USGS-324402114455701,2026-03-31T01:19:00Z,2026-03-31,61,144.39,10
324405115592101,USGS-324405115592101,2026-03-31T15:05:00Z,2026-03-31,61,103.4,7
324411114381801,USGS-324411114381801,2026-03-31T01:42:00Z,2026-03-31,61,12.65,10
324414115591901,USGS-324414115591901,2026-03-31T14:39:00Z,2026-03-31,61,86.45,9
324421115592101,USGS-324421115592101,2026-03-31T14:45:00Z,2026-03-31,61,91.45,9
324422116000301,USGS-324422116000301,2026-03-31T18:53:00Z,2026-03-31,61,165.59,10
324424116012301,USGS-324424116012301,2026-03-31T20:08:00Z,2026-03-31,61,328.26,1
324458115570301,USGS-324458115570301,2026-03-31T20:57:00Z,2026-03-31,61,26.56,10
324501114455101,USGS-324501114455101,2026-03-31T13:28:00Z,2026-03-31,61,166.59,10
324608115593501,USGS-324608115593501,2026-03-31T20:41:00Z,2026-03-31,61,111.8,9
324636114501501,USGS-324636114501501,2026-03-31T00:34:00Z,2026-03-31,61,148.6,15
324636114501502,USGS-324636114501502,2026-03-31T00:38:00Z,2026-03-31,61,148.69,15
324636114501503,USGS-324636114501503,2026-03-31T00:43:00Z,2026-03-31,61,148.81,15
324851115505901,USGS-324851115505901,2026-03-31T21:55:00Z,2026-03-31,61,45.9,10
344953118165601,USGS-344953118165601,2026-03-31T18:20:00Z,2026-03-31,61,201.47,4
344954118172501,USGS-344954118172501,2026-03-31T18:05:00Z,2026-03-31,61,201.65,4
345006118153601,USGS-345006118153601,2026-03-31T18:33:00Z,2026-03-31,61,182.63,4
345006118183101,USGS-345006118183101,2026-03-31T17:48:00Z,2026-03-31,61,218.75,6
324242115073501,USGS-324242115073501,2026-03-30T22:39:00Z,2026-03-30,62,43.79,11
324420114590601,USGS-324420114590601,2026-03-30T23:41:00Z,2026-03-30,62,92.43,11
324430115555501,USGS-324430115555501,2026-03-30T17:46:00Z,2026-03-30,62,97.63,10
324500115492101,USGS-324500115492101,2026-03-30T18:34:00Z,2026-03-30,62,100.83,10
324603115480501,USGS-324603115480501,2026-03-30T18:53:00Z,2026-03-30,62,50.91,10
332501116025701,USGS-332501116025701,2026-03-30T20:40:00Z,2026-03-30,62,96.26,10
332857117043301,USGS-332857117043301,2026-03-30T20:11:00Z,2026-03-30,62,300.99,36
332857117043302,USGS-332857117043302,2026-03-30T20:13:00Z,2026-03-30,62,312.85,36
332857117043303,USGS-332857117043303,2026-03-30T20:17:00Z,2026-03-30,62,289.89,36
332857117043304,USGS-332857117043304,2026-03-30T20:21:00Z,2026-03-30,62,97.42,36
332857117043305,USGS-332857117043305,2026-03-30T20:25:00Z,2026-03-30,62,51.29,37
333001117005701,USGS-333001117005701,2026-03-30T19:24:00Z,2026-03-30,62,308.31,37
333001117005702,USGS-333001117005702,2026-03-30T19:28:00Z,2026-03-30,62,318.83,37
333001117005703,USGS-333001117005703,2026-03-30T19:34:00Z,2026-03-30,62,276.59,39
333001117005704,USGS-333001117005704,2026-03-30T19:38:00Z,2026-03-30,62,232.75,37
392148119392101,USGS-392148119392101,2026-03-30T18:52:00Z,2026-03-30,62,135.41,18
392152119383001,USGS-392152119383001,2026-03-30T19:12:00Z,2026-03-30,62,191.38,13
392202119382401,USGS-392202119382401,2026-03-30T19:33:00Z,2026-03-30,62,61.31,12
392221119382401,USGS-392221119382401,2026-03-30T19:48:00Z,2026-03-30,62,24.72,18
392236119382701,USGS-392236119382701,2026-03-30T20:04:00Z,2026-03-30,62,107.99,16
392300119384501,USGS-392300119384501,2026-03-30T20:41:00Z,2026-03-30,62,99.49,10
392306119385201,USGS-392306119385201,2026-03-30T20:18:00Z,2026-03-30,62,103.18,18
392313119384001,USGS-392313119384001,2026-03-30T20:53:00Z,2026-03-30,62,82.88,16
392313119384201,USGS-392313119384201,2026-03-30T21:07:00Z,2026-03-30,62,123.46,17
392317119381501,USGS-392317119381501,2026-03-30T21:30:00Z,2026-03-30,62,71.96,17
392343119373601,USGS-392343119373601,2026-03-30T22:39:00Z,2026-03-30,62,12.8,17
324417115582401,USGS-324417115582401,2026-03-27T17:35:00Z,2026-03-27,65,50.35,9
342508119413702,USGS-342508119413702,2026-03-27T20:23:00Z,2026-03-27,65,-18.7,42
342508119413703,USGS-342508119413703,2026-03-27T20:30:00Z,2026-03-27,65,-20.49,41
342508119413705,USGS-342508119413705,2026-03-27T20:40:00Z,2026-03-27,65,-8.74,38
342546119421701,USGS-342546119421701,2026-03-27T19:08:00Z,2026-03-27,65,80.9,40
343832117564701,USGS-343832117564701,2026-03-27T19:27:00Z,2026-03-27,65,278.11,6
343939118025201,USGS-343939118025201,2026-03-27T22:02:00Z,2026-03-27,65,321.4,5
344033117582401,USGS-344033117582401,2026-03-27T21:22:00Z,2026-03-27,65,316.99,5
344124117514301,USGS-344124117514301,2026-03-27T20:38:00Z,2026-03-27,65,228.42,5
344348118151101,USGS-344348118151101,2026-03-27T00:33:00Z,2026-03-27,65,149.72,3
324439115593401,USGS-324439115593401,2026-03-26T17:29:00Z,2026-03-26,66,97.73,10
344758118154401,USGS-344758118154401,2026-03-26T21:15:00Z,2026-03-26,66,186.18,5
384327113591401,USGS-384327113591401,2026-03-26T15:20:00Z,2026-03-26,66,253.91,5
384449113595401,USGS-384449113595401,2026-03-26T15:00:00Z,2026-03-26,66,73.13,5
384510113573001,USGS-384510113573001,2026-03-26T14:04:00Z,2026-03-26,66,137.12,4
384752114002201,USGS-384752114002201,2026-03-26T14:42:00Z,2026-03-26,66,24.92,5
385607114015602,USGS-385607114015602,2026-03-26T16:35:00Z,2026-03-26,66,89.37,4
385623114021501,USGS-385623114021501,2026-03-26T17:01:00Z,2026-03-26,66,88.84,5
390141113532901,USGS-390141113532901,2026-03-26T20:47:00Z,2026-03-26,66,40.73,10
390243114012201,USGS-390243114012201,2026-03-26T17:46:00Z,2026-03-26,66,51.35,5
390312113591701,USGS-390312113591701,2026-03-26T18:17:00Z,2026-03-26,66,40.85,5
390416113573801,USGS-390416113573801,2026-03-26T18:32:00Z,2026-03-26,66,27.69,5
390549113562901,USGS-390549113562901,2026-03-26T20:28:00Z,2026-03-26,66,5.45,5
390617113571901,USGS-390617113571901,2026-03-26T18:47:00Z,2026-03-26,66,24.29,5
390629113560301,USGS-390629113560301,2026-03-26T20:14:00Z,2026-03-26,66,83.56,10
390758113565501,USGS-390758113565501,2026-03-26T19:05:00Z,2026-03-26,66,37.01,5
391205113543401,USGS-391205113543401,2026-03-26T19:54:00Z,2026-03-26,66,86.64,10
392317113504201,USGS-392317113504201,2026-03-26T01:28:00Z,2026-03-26,66,44,10
401528119470501,USGS-401528119470501,2026-03-26T18:15:00Z,2026-03-26,66,253.13,39
323932117050801,USGS-323932117050801,2026-03-25T18:28:00Z,2026-03-25,67,-74.48,49
323932117050802,USGS-323932117050802,2026-03-25T18:31:00Z,2026-03-25,67,63.76,52
323932117050803,USGS-323932117050803,2026-03-25T18:33:00Z,2026-03-25,67,85.07,52
323932117050804,USGS-323932117050804,2026-03-25T18:35:00Z,2026-03-25,67,123.84,52
323932117050805,USGS-323932117050805,2026-03-25T18:38:00Z,2026-03-25,67,33.61,52
323932117050806,USGS-323932117050806,2026-03-25T18:40:00Z,2026-03-25,67,21.11,52
324335115575001,USGS-324335115575001,2026-03-25T16:49:00Z,2026-03-25,67,55.71,8
324455116003801,USGS-324455116003801,2026-03-25T22:11:00Z,2026-03-25,67,198.78,9
324558115595201,USGS-324558115595201,2026-03-25T17:58:00Z,2026-03-25,67,111.35,10
350411118044101,USGS-350411118044101,2026-03-25T17:02:00Z,2026-03-25,67,211.57,3
352209117475201,USGS-352209117475201,2026-03-25T00:40:00Z,2026-03-25,67,171.84,5
390500114024501,USGS-390500114024501,2026-03-25T20:32:00Z,2026-03-25,67,53.94,5
390503114005901,USGS-390503114005901,2026-03-25T20:53:00Z,2026-03-25,67,16.08,5
392141113585601,USGS-392141113585601,2026-03-25T22:10:00Z,2026-03-25,67,45.04,5
393345113503201,USGS-393345113503201,2026-03-25T22:53:00Z,2026-03-25,67,169.56,5
394133113493901,USGS-394133113493901,2026-03-25T00:21:00Z,2026-03-25,67,19.51,5
323528117031403,USGS-323528117031403,2026-03-24T17:47:00Z,2026-03-24,68,4.84,41
323528117031404,USGS-323528117031404,2026-03-24T17:48:00Z,2026-03-24,68,19.11,41
323528117031405,USGS-323528117031405,2026-03-24T17:50:00Z,2026-03-24,68,23.82,41
324414115591902,USGS-324414115591902,2026-03-24T17:44:00Z,2026-03-24,68,86.5,9
344914118144101,USGS-344914118144101,2026-03-24T01:31:00Z,2026-03-24,68,171.1,10
345100118161801,USGS-345100118161801,2026-03-24T02:05:00Z,2026-03-24,68,192.45,5
345701118103601,USGS-345701118103601,2026-03-24T16:29:00Z,2026-03-24,68,126.94,6
351104117590401,USGS-351104117590401,2026-03-24T18:38:00Z,2026-03-24,68,257.33,5
351621117575501,USGS-351621117575501,2026-03-24T20:03:00Z,2026-03-24,68,129.35,5
351712117562801,USGS-351712117562801,2026-03-24T21:04:00Z,2026-03-24,68,105.82,5
351714117563001,USGS-351714117563001,2026-03-24T20:45:00Z,2026-03-24,68,103.49,5
351838117511601,USGS-351838117511601,2026-03-24T21:52:00Z,2026-03-24,68,48.87,5
362648116201401,USGS-362648116201401,2026-03-24T20:42:00Z,2026-03-24,68,4.56,9
362858116195301,USGS-362858116195301,2026-03-24T21:08:00Z,2026-03-24,68,2.34,10
362901116202801,USGS-362901116202801,2026-03-24T21:32:00Z,2026-03-24,68,6.07,11
362906116195101,USGS-362906116195101,2026-03-24T21:20:00Z,2026-03-24,68,3.32,11
362929116085701,USGS-362929116085701,2026-03-24T16:45:00Z,2026-03-24,68,35.08,17
364237116365401,USGS-364237116365401,2026-03-24T19:35:00Z,2026-03-24,68,237.94,18
395608113583301,USGS-395608113583301,2026-03-24T19:53:00Z,2026-03-24,68,130.3,5
400201113583801,USGS-400201113583801,2026-03-24T19:24:00Z,2026-03-24,68,13.74,5
400219113591901,USGS-400219113591901,2026-03-24T18:52:00Z,2026-03-24,68,5.05,5
410040113582301,USGS-410040113582301,2026-03-24T16:17:00Z,2026-03-24,68,25.65,5
344636118320801,USGS-344636118320801,2026-03-23T17:31:00Z,2026-03-23,69,101.98,7
344714118342601,USGS-344714118342601,2026-03-23T18:17:00Z,2026-03-23,69,294.85,5
344541118333901,USGS-344541118333901,2026-03-21T00:00:00Z,2026-03-21,71,32.62,5
344614118454101,USGS-344614118454101,2026-03-21T21:21:00Z,2026-03-21,71,27.1,5
344701118363401,USGS-344701118363401,2026-03-21T21:57:00Z,2026-03-21,71,211.61,5
344828118372601,USGS-344828118372601,2026-03-21T20:00:00Z,2026-03-21,71,169.95,5
344841118335001,USGS-344841118335001,2026-03-21T19:12:00Z,2026-03-21,71,211.77,5
344848118172301,USGS-344848118172301,2026-03-21T01:14:00Z,2026-03-21,71,199.03,5
344858118414101,USGS-344858118414101,2026-03-21T20:48:00Z,2026-03-21,71,129.3,5
350055118172601,USGS-350055118172601,2026-03-21T00:35:00Z,2026-03-21,71,373.04,5
350505118065001,USGS-350505118065001,2026-03-21T18:01:00Z,2026-03-21,71,325.77,3
350919117590301,USGS-350919117590301,2026-03-21T20:36:00Z,2026-03-21,71,299.23,5
351131118001201,USGS-351131118001201,2026-03-21T21:14:00Z,2026-03-21,71,277.88,5
351256117445401,USGS-351256117445401,2026-03-21T02:38:00Z,2026-03-21,71,423.67,5
344613118300801,USGS-344613118300801,2026-03-20T22:40:00Z,2026-03-20,72,NA,6
344635118244301,USGS-344635118244301,2026-03-20T19:51:00Z,2026-03-20,72,124.65,10
344647118175401,USGS-344647118175401,2026-03-20T00:27:00Z,2026-03-20,72,197.82,10
344652118185701,USGS-344652118185701,2026-03-20T00:48:00Z,2026-03-20,72,198.39,5
344658118234201,USGS-344658118234201,2026-03-20T19:35:00Z,2026-03-20,72,166.05,10
344722118303601,USGS-344722118303601,2026-03-20T21:48:00Z,2026-03-20,72,177.52,5
344751118210701,USGS-344751118210701,2026-03-20T19:02:00Z,2026-03-20,72,149.74,5
344812118284701,USGS-344812118284701,2026-03-20T20:57:00Z,2026-03-20,72,55.73,5
344911118191101,USGS-344911118191101,2026-03-20T18:21:00Z,2026-03-20,72,225.26,5
350214118180701,USGS-350214118180701,2026-03-20T23:31:00Z,2026-03-20,72,306.25,5
392810118451401,USGS-392810118451401,2026-03-20T19:27:00Z,2026-03-20,72,39.55,18
392810118451402,USGS-392810118451402,2026-03-20T19:53:00Z,2026-03-20,72,32.45,18
392810118451501,USGS-392810118451501,2026-03-20T19:18:00Z,2026-03-20,72,40.69,18
392810118451502,USGS-392810118451502,2026-03-20T19:22:00Z,2026-03-20,72,39.4,19
392810118451503,USGS-392810118451503,2026-03-20T19:23:00Z,2026-03-20,72,39.43,18
392851118451301,USGS-392851118451301,2026-03-20T19:52:00Z,2026-03-20,72,45.36,20
392851118451302,USGS-392851118451302,2026-03-20T19:50:00Z,2026-03-20,72,43.25,20
392851118451303,USGS-392851118451303,2026-03-20T19:53:00Z,2026-03-20,72,25.51,20
392927118503101,USGS-392927118503101,2026-03-20T18:23:00Z,2026-03-20,72,5.54,20
393004118511301,USGS-393004118511301,2026-03-20T17:57:00Z,2026-03-20,72,18.1,19
393023118544101,USGS-393023118544101,2026-03-20T16:39:00Z,2026-03-20,72,27.03,19
393023118544103,USGS-393023118544103,2026-03-20T16:42:00Z,2026-03-20,72,12.88,20
393049118413502,USGS-393049118413502,2026-03-20T20:09:00Z,2026-03-20,72,12.88,9
393056118521501,USGS-393056118521501,2026-03-20T17:06:00Z,2026-03-20,72,44.34,20
393106118580301,USGS-393106118580301,2026-03-20T22:02:00Z,2026-03-20,72,15.1,19
393200118382601,USGS-393200118382601,2026-03-20T20:36:00Z,2026-03-20,72,4.29,8
393309118515901,USGS-393309118515901,2026-03-20T17:27:00Z,2026-03-20,72,19.82,10
393335118512701,USGS-393335118512701,2026-03-20T17:40:00Z,2026-03-20,72,7.84,10
393335118512702,USGS-393335118512702,2026-03-20T17:42:00Z,2026-03-20,72,7.24,10
344623118164901,USGS-344623118164901,2026-03-19T20:12:00Z,2026-03-19,73,193.82,11
344657118151301,USGS-344657118151301,2026-03-19T19:51:00Z,2026-03-19,73,173.33,5
344725118132701,USGS-344725118132701,2026-03-19T19:30:00Z,2026-03-19,73,138.7,5
344747118075001,USGS-344747118075001,2026-03-19T02:18:00Z,2026-03-19,73,50.75,12
344825118071801,USGS-344825118071801,2026-03-19T01:52:00Z,2026-03-19,73,50.57,5
345112118075101,USGS-345112118075101,2026-03-19T01:17:00Z,2026-03-19,73,65.74,7
345237118095101,USGS-345237118095101,2026-03-19T00:38:00Z,2026-03-19,73,22.33,5
350055117550501,USGS-350055117550501,2026-03-19T21:39:00Z,2026-03-19,73,185.2,5
350113117444801,USGS-350113117444801,2026-03-19T22:30:00Z,2026-03-19,73,188.89,5
350230117524701,USGS-350230117524701,2026-03-19T21:00:00Z,2026-03-19,73,110.74,5
350232117463201,USGS-350232117463201,2026-03-19T23:03:00Z,2026-03-19,73,186.27,5
350323117471901,USGS-350323117471901,2026-03-19T18:59:00Z,2026-03-19,73,213.21,6
350411118023601,USGS-350411118023601,2026-03-19T16:32:00Z,2026-03-19,73,134.46,5
350616117475501,USGS-350616117475501,2026-03-19T18:32:00Z,2026-03-19,73,442.07,5
350623117590401,USGS-350623117590401,2026-03-19T19:57:00Z,2026-03-19,73,358.13,5
381805115520101,USGS-381805115520101,2026-03-19T00:03:00Z,2026-03-19,73,55.82,7
382735115474101,USGS-382735115474101,2026-03-19T17:37:00Z,2026-03-19,73,20.04,3
383011115460901,USGS-383011115460901,2026-03-19T16:38:00Z,2026-03-19,73,6.43,8
383011115462301,USGS-383011115462301,2026-03-19T16:28:00Z,2026-03-19,73,15.38,7
383011115465201,USGS-383011115465201,2026-03-19T16:03:00Z,2026-03-19,73,35.02,8
384042115400301,USGS-384042115400301,2026-03-19T23:07:00Z,2026-03-19,73,148.76,8
413535113544501,USGS-413535113544501,2026-03-19T17:46:00Z,2026-03-19,73,48.39,5
413901113560201,USGS-413901113560201,2026-03-19T18:30:00Z,2026-03-19,73,13.96,5
343951118065902,USGS-343951118065902,2026-03-18T22:15:00Z,2026-03-18,74,371.35,5
344209118183801,USGS-344209118183801,2026-03-18T21:32:00Z,2026-03-18,74,230.84,12
344227118161401,USGS-344227118161401,2026-03-18T21:07:00Z,2026-03-18,74,168.79,10
344403118175001,USGS-344403118175001,2026-03-18T23:14:00Z,2026-03-18,74,202.25,5
344418118081401,USGS-344418118081401,2026-03-18T19:30:00Z,2026-03-18,74,62.86,5
344425118141001,USGS-344425118141001,2026-03-18T15:44:00Z,2026-03-18,74,128.55,5
344443118021301,USGS-344443118021301,2026-03-18T00:34:00Z,2026-03-18,74,128.48,5
344517118112801,USGS-344517118112801,2026-03-18T16:59:00Z,2026-03-18,74,83.24,5
344534118094301,USGS-344534118094301,2026-03-18T17:47:00Z,2026-03-18,74,66.82,11
344547118090601,USGS-344547118090601,2026-03-18T18:30:00Z,2026-03-18,74,76.67,5
344620118140901,USGS-344620118140901,2026-03-18T23:58:00Z,2026-03-18,74,157.31,5
344641118015301,USGS-344641118015301,2026-03-18T02:09:00Z,2026-03-18,74,86.56,5
344643117581703,USGS-344643117581703,2026-03-18T01:14:00Z,2026-03-18,74,104.13,5
344911117524001,USGS-344911117524001,2026-03-18T00:09:00Z,2026-03-18,74,56.16,6
345051117485001,USGS-345051117485001,2026-03-18T20:12:00Z,2026-03-18,74,108.73,11
345712117463601,USGS-345712117463601,2026-03-18T21:55:00Z,2026-03-18,74,112.53,6
345951117503501,USGS-345951117503501,2026-03-18T23:25:00Z,2026-03-18,74,135.76,10
350002117463301,USGS-350002117463301,2026-03-18T22:40:00Z,2026-03-18,74,129.96,5
375051115445301,USGS-375051115445301,2026-03-18T21:02:00Z,2026-03-18,74,288.27,2
375644116033301,USGS-375644116033301,2026-03-18T20:05:00Z,2026-03-18,74,120.14,5
375751116030201,USGS-375751116030201,2026-03-18T19:38:00Z,2026-03-18,74,80.34,5
375820115442301,USGS-375820115442301,2026-03-18T21:50:00Z,2026-03-18,74,69.98,6
380059115441201,USGS-380059115441201,2026-03-18T22:05:00Z,2026-03-18,74,119.85,6
380418116045301,USGS-380418116045301,2026-03-18T19:15:00Z,2026-03-18,74,192.75,7
380854117565601,USGS-380854117565601,2026-03-18T20:00:00Z,2026-03-18,74,42.01,5
381107115341101,USGS-381107115341101,2026-03-18T23:17:00Z,2026-03-18,74,223.48,6
381217115562501,USGS-381217115562501,2026-03-18T23:35:00Z,2026-03-18,74,133.98,9
381505115375101,USGS-381505115375101,2026-03-18T23:50:00Z,2026-03-18,74,85.8,6
381656115505701,USGS-381656115505701,2026-03-18T23:57:00Z,2026-03-18,74,63.82,3
390055119421902,USGS-390055119421902,2026-03-18T19:39:00Z,2026-03-18,74,142.95,5
391129119404801,USGS-391129119404801,2026-03-18T15:59:00Z,2026-03-18,74,192.68,14
391321119382801,USGS-391321119382801,2026-03-18T16:39:00Z,2026-03-18,74,13.25,16
391324119392501,USGS-391324119392501,2026-03-18T16:26:00Z,2026-03-18,74,49.39,14
391401119360101,USGS-391401119360101,2026-03-18T17:01:00Z,2026-03-18,74,277.76,17
391429119325401,USGS-391429119325401,2026-03-18T17:27:00Z,2026-03-18,74,72.12,17
391437119370401,USGS-391437119370401,2026-03-18T22:19:00Z,2026-03-18,74,21.76,11
391608119313601,USGS-391608119313601,2026-03-18T17:38:00Z,2026-03-18,74,58.39,14
391634114484901,USGS-391634114484901,2026-03-18T14:36:00Z,2026-03-18,74,269.2,4
391709119314001,USGS-391709119314001,2026-03-18T18:22:00Z,2026-03-18,74,14.57,17
391733119321001,USGS-391733119321001,2026-03-18T18:54:00Z,2026-03-18,74,56.02,17
391824119331001,USGS-391824119331001,2026-03-18T19:17:00Z,2026-03-18,74,154.38,18
391836119332601,USGS-391836119332601,2026-03-18T19:34:00Z,2026-03-18,74,204.41,11
391906119321901,USGS-391906119321901,2026-03-18T19:51:00Z,2026-03-18,74,178.73,16
391920119320401,USGS-391920119320401,2026-03-18T20:01:00Z,2026-03-18,74,222.54,17
391928119285901,USGS-391928119285901,2026-03-18T20:13:00Z,2026-03-18,74,76.33,17
392320119140101,USGS-392320119140101,2026-03-18T21:16:00Z,2026-03-18,74,57.68,17
392357119173001,USGS-392357119173001,2026-03-18T20:53:00Z,2026-03-18,74,210.56,16
392408119144701,USGS-392408119144701,2026-03-18T21:30:00Z,2026-03-18,74,77.04,13
402100116352001,USGS-402100116352001,2026-03-18T01:06:00Z,2026-03-18,74,56.65,4
343903118074801,USGS-343903118074801,2026-03-17T16:39:00Z,2026-03-17,75,358.63,10
344000118130601,USGS-344000118130601,2026-03-17T21:46:00Z,2026-03-17,75,271,10
344003118074801,USGS-344003118074801,2026-03-17T15:28:00Z,2026-03-17,75,273.53,5
344003118074802,USGS-344003118074802,2026-03-17T15:36:00Z,2026-03-17,75,436.76,5
344003118074803,USGS-344003118074803,2026-03-17T15:45:00Z,2026-03-17,75,386.65,5
344003118074804,USGS-344003118074804,2026-03-17T15:57:00Z,2026-03-17,75,NA,5
344005118082201,USGS-344005118082201,2026-03-17T17:17:00Z,2026-03-17,75,263.8,5
344005118082203,USGS-344005118082203,2026-03-17T17:30:00Z,2026-03-17,75,378.52,5
344005118082204,USGS-344005118082204,2026-03-17T17:37:00Z,2026-03-17,75,375.81,5
344030118110001,USGS-344030118110001,2026-03-17T00:55:00Z,2026-03-17,75,245.04,5
344122118125701,USGS-344122118125701,2026-03-17T22:17:00Z,2026-03-17,75,152.61,5
344913118110001,USGS-344913118110001,2026-03-17T23:39:00Z,2026-03-17,75,112.55,5
345042117564301,USGS-345042117564301,2026-03-17T22:09:00Z,2026-03-17,75,104.39,6
345158117533201,USGS-345158117533201,2026-03-17T23:06:00Z,2026-03-17,75,113.98,11
345158117533202,USGS-345158117533202,2026-03-17T23:18:00Z,2026-03-17,75,113.56,6
345302117574001,USGS-345302117574001,2026-03-17T21:22:00Z,2026-03-17,75,73.98,6
391100114492001,USGS-391100114492001,2026-03-17T19:57:00Z,2026-03-17,75,38.05,4
393920118084001,USGS-393920118084001,2026-03-17T00:23:00Z,2026-03-17,75,29.98,4
394709115124501,USGS-394709115124501,2026-03-17T21:35:00Z,2026-03-17,75,49.5,4
395335117062401,USGS-395335117062401,2026-03-17T23:08:00Z,2026-03-17,75,5.62,4
403400115400001,USGS-403400115400001,2026-03-17T19:01:00Z,2026-03-17,75,94.97,1
403539116553201,USGS-403539116553201,2026-03-17T22:05:00Z,2026-03-17,75,NA,4
403920116520001,USGS-403920116520001,2026-03-17T21:12:00Z,2026-03-17,75,10.05,4
403958115374801,USGS-403958115374801,2026-03-17T17:09:00Z,2026-03-17,75,158.2,4
404328115403401,USGS-404328115403401,2026-03-17T18:24:00Z,2026-03-17,75,74.59,4
404350115281001,USGS-404350115281001,2026-03-17T15:09:00Z,2026-03-17,75,13.21,4
404407115284601,USGS-404407115284601,2026-03-17T15:36:00Z,2026-03-17,75,54.09,4
404412115284701,USGS-404412115284701,2026-03-17T15:57:00Z,2026-03-17,75,41.96,4
404521115395801,USGS-404521115395801,2026-03-17T17:52:00Z,2026-03-17,75,7.46,4
404822115300801,USGS-404822115300801,2026-03-17T14:23:00Z,2026-03-17,75,1.61,4
342541119433501,USGS-342541119433501,2026-03-16T19:42:00Z,2026-03-16,76,40.44,38
342630119442301,USGS-342630119442301,2026-03-16T17:45:00Z,2026-03-16,76,82.19,42
342630119442302,USGS-342630119442302,2026-03-16T18:04:00Z,2026-03-16,76,58.9,40
342705119435801,USGS-342705119435801,2026-03-16T18:54:00Z,2026-03-16,76,NA,39
343939118013701,USGS-343939118013701,2026-03-16T22:28:00Z,2026-03-16,76,320.97,5
344005118082202,USGS-344005118082202,2026-03-16T17:23:00Z,2026-03-16,76,376.64,5
344120118055301,USGS-344120118055301,2026-03-16T23:11:00Z,2026-03-16,76,217.75,10
344320117575601,USGS-344320117575601,2026-03-16T20:06:00Z,2026-03-16,76,223.38,5
344340117535201,USGS-344340117535201,2026-03-16T21:17:00Z,2026-03-16,76,267.76,5
344551117553101,USGS-344551117553101,2026-03-16T19:15:00Z,2026-03-16,76,168.08,14
344551117591401,USGS-344551117591401,2026-03-16T16:30:00Z,2026-03-16,76,116.53,5
344623117550001,USGS-344623117550001,2026-03-16T18:50:00Z,2026-03-16,76,NA,7
362532116172701,USNPS-362532116172701,2026-03-16T17:35:00Z,2026-03-16,76,1.86,73
382432115095801,USGS-382432115095801,2026-03-16T22:30:00Z,2026-03-16,76,32.65,6
384640115045001,USGS-384640115045001,2026-03-16T23:11:00Z,2026-03-16,76,2.41,3
391649117344701,USGS-391649117344701,2026-03-16T22:03:00Z,2026-03-16,76,8.44,4
392100117310001,USGS-392100117310001,2026-03-16T21:42:00Z,2026-03-16,76,11.79,4
392248117290701,USGS-392248117290701,2026-03-16T21:11:00Z,2026-03-16,76,35.17,4
393143115572701,USGS-393143115572701,2026-03-16T19:13:00Z,2026-03-16,76,2.22,1
393840118050001,USGS-393840118050001,2026-03-16T23:56:00Z,2026-03-16,76,34.41,4
394342114385402,USGS-394342114385402,2026-03-16T16:08:00Z,2026-03-16,76,117.85,1
395020116030001,USGS-395020116030001,2026-03-16T17:39:00Z,2026-03-16,76,18.31,4
395100115593001,USGS-395100115593001,2026-03-16T16:38:00Z,2026-03-16,76,17.41,4
403639115133001,USGS-403639115133001,2026-03-16T21:36:00Z,2026-03-16,76,5.01,4
403730115134002,USGS-403730115134002,2026-03-16T21:27:00Z,2026-03-16,76,7.03,4
413444114261701,USGS-413444114261701,2026-03-16T18:04:00Z,2026-03-16,76,12.94,4
390616119465801,USGS-390616119465801,2026-03-15T17:18:00Z,2026-03-15,77,35.62,2
353605120473801,USGS-353605120473801,2026-03-13T22:47:00Z,2026-03-13,79,64.85,14
382205116132500,USGS-382205116132500,2026-03-13T19:35:00Z,2026-03-13,79,40.74,2
383320116005901,USGS-383320116005901,2026-03-13T15:50:00Z,2026-03-13,79,514.94,1
383512116043801,USGS-383512116043801,2026-03-13T16:15:00Z,2026-03-13,79,489.36,1
383923116015301,USGS-383923116015301,2026-03-13T16:50:00Z,2026-03-13,79,632.02,1
385548119385001,USGS-385548119385001,2026-03-13T19:20:00Z,2026-03-13,79,34.9,5
385628119411901,USGS-385628119411901,2026-03-13T18:59:00Z,2026-03-13,79,175.15,18
385834119395901,USGS-385834119395901,2026-03-13T20:13:00Z,2026-03-13,79,80.12,17
390758119453701,USGS-390758119453701,2026-03-13T17:31:00Z,2026-03-13,79,34.78,22
390831119422001,USGS-390831119422001,2026-03-13T16:23:00Z,2026-03-13,79,10.01,17
390906119420901,USGS-390906119420901,2026-03-13T16:07:00Z,2026-03-13,79,50.56,18
391005119422201,USGS-391005119422201,2026-03-13T16:35:00Z,2026-03-13,79,6.17,17
391016119433901,USGS-391016119433901,2026-03-13T17:13:00Z,2026-03-13,79,23.35,22
391022119421801,USGS-391022119421801,2026-03-13T15:54:00Z,2026-03-13,79,26.85,18
391023119422101,USGS-391023119422101,2026-03-13T16:50:00Z,2026-03-13,79,7.26,17
391030119480701,USGS-391030119480701,2026-03-13T19:16:00Z,2026-03-13,79,142.85,19
391030119480702,USGS-391030119480702,2026-03-13T19:13:00Z,2026-03-13,79,219.29,20
391055119422901,USGS-391055119422901,2026-03-13T17:04:00Z,2026-03-13,79,5.77,18
391059119415901,USGS-391059119415901,2026-03-13T21:28:00Z,2026-03-13,79,25.41,18
391110119460601,USGS-391110119460601,2026-03-13T20:15:00Z,2026-03-13,79,9.45,16
391110119460602,USGS-391110119460602,2026-03-13T20:17:00Z,2026-03-13,79,4.58,20
391110119480701,USGS-391110119480701,2026-03-13T19:49:00Z,2026-03-13,79,80.15,20
391230119441401,USGS-391230119441401,2026-03-13T20:49:00Z,2026-03-13,79,87.8,18
391231119442901,USGS-391231119442901,2026-03-13T20:40:00Z,2026-03-13,79,103.9,20
391231119442902,USGS-391231119442902,2026-03-13T20:38:00Z,2026-03-13,79,103.15,19
391231119442903,USGS-391231119442903,2026-03-13T20:42:00Z,2026-03-13,79,103.18,21
391954119260601,USGS-391954119260601,2026-03-13T17:51:00Z,2026-03-13,79,49.76,3
400100119220001,USGS-400100119220001,2026-03-13T21:43:00Z,2026-03-13,79,4.2,4
402700119250001,USGS-402700119250001,2026-03-13T20:09:00Z,2026-03-13,79,66.92,4
333122116394001,USGS-333122116394001,2026-03-12T18:30:00Z,2026-03-12,80,60.87,33
335611116553801,USGS-335611116553801,2026-03-12T16:47:00Z,2026-03-12,80,465.61,6
335611116553802,USGS-335611116553802,2026-03-12T16:57:00Z,2026-03-12,80,428.98,6
335611116553803,USGS-335611116553803,2026-03-12T17:08:00Z,2026-03-12,80,420.96,5
335611116553804,USGS-335611116553804,2026-03-12T17:19:00Z,2026-03-12,80,414.06,5
335718116542901,USGS-335718116542901,2026-03-12T17:51:00Z,2026-03-12,80,248.53,4
335718116542902,USGS-335718116542902,2026-03-12T21:55:00Z,2026-03-12,80,225.03,4
335807116582201,USGS-335807116582201,2026-03-12T01:50:00Z,2026-03-12,80,520.13,19
341539114013501,USGS-341539114013501,2026-03-12T16:18:00Z,2026-03-12,80,7.9,9
341540114014301,USGS-341540114014301,2026-03-12T16:35:00Z,2026-03-12,80,8.09,9
341618114024701,USGS-341618114024701,2026-03-12T17:30:00Z,2026-03-12,80,11.06,9
341635114025301,USGS-341635114025301,2026-03-12T18:05:00Z,2026-03-12,80,4.02,7
341647114035301,USGS-341647114035301,2026-03-12T14:30:00Z,2026-03-12,80,6,6
341657114031701,USGS-341657114031701,2026-03-12T19:05:00Z,2026-03-12,80,5.75,7
381940115413401,USGS-381940115413401,2026-03-12T20:31:00Z,2026-03-12,80,56.52,11
382404115355601,USGS-382404115355601,2026-03-12T21:12:00Z,2026-03-12,80,9.88,6
382511115281901,USGS-382511115281901,2026-03-12T22:35:00Z,2026-03-12,80,48.1,5
382855115321801,USGS-382855115321801,2026-03-12T21:38:00Z,2026-03-12,80,122.5,11
383111115174001,USGS-383111115174001,2026-03-12T18:19:00Z,2026-03-12,80,2.28,2
383151115182201,USGS-383151115182201,2026-03-12T18:19:00Z,2026-03-12,80,0.98,2
383317115462601,USGS-383317115462601,2026-03-12T18:40:00Z,2026-03-12,80,13.12,9
383730115352501,USGS-383730115352501,2026-03-12T17:15:00Z,2026-03-12,80,0.61,3
383836115295701,USGS-383836115295701,2026-03-12T16:20:00Z,2026-03-12,80,51.29,7
384218115323101,USGS-384218115323101,2026-03-12T17:50:00Z,2026-03-12,80,70.15,1
384342115283501,USGS-384342115283501,2026-03-12T15:41:00Z,2026-03-12,80,297.29,3
384347115163901,USGS-384347115163901,2026-03-12T17:36:00Z,2026-03-12,80,173.37,1
384417115301401,USGS-384417115301401,2026-03-12T17:09:00Z,2026-03-12,80,184.48,1
391447119485801,USGS-391447119485801,2026-03-12T17:13:00Z,2026-03-12,80,-1.61,4
391458119493801,USGS-391458119493801,2026-03-12T17:45:00Z,2026-03-12,80,8.28,4
391618119502701,USGS-391618119502701,2026-03-12T18:15:00Z,2026-03-12,80,11.61,4
391721119455701,USGS-391721119455701,2026-03-12T18:35:00Z,2026-03-12,80,82.54,4
391812119224001,USGS-391812119224001,2026-03-12T22:18:00Z,2026-03-12,80,64.79,4
392112119215801,USGS-392112119215801,2026-03-12T20:38:00Z,2026-03-12,80,73.1,4
392129119205301,USGS-392129119205301,2026-03-12T19:48:00Z,2026-03-12,80,NA,1
392132119232501,USGS-392132119232501,2026-03-12T21:08:00Z,2026-03-12,80,71.75,3
392140119235801,USGS-392140119235801,2026-03-12T22:49:00Z,2026-03-12,80,92.12,4
410208119571301,USGS-410208119571301,2026-03-12T01:41:00Z,2026-03-12,80,40.07,4
335531116510401,USGS-335531116510401,2026-03-11T16:21:00Z,2026-03-11,81,571.9,18
335531116510402,USGS-335531116510402,2026-03-11T16:39:00Z,2026-03-11,81,570.22,18
335531116510403,USGS-335531116510403,2026-03-11T16:47:00Z,2026-03-11,81,569.45,18
335531116510404,USGS-335531116510404,2026-03-11T16:54:00Z,2026-03-11,81,569.31,18
335714116565001,USGS-335714116565001,2026-03-11T00:47:00Z,2026-03-11,81,563.5,18
335714116565002,USGS-335714116565002,2026-03-11T01:02:00Z,2026-03-11,81,563.7,18
335714116565003,USGS-335714116565003,2026-03-11T01:16:00Z,2026-03-11,81,564.13,19
335714116565004,USGS-335714116565004,2026-03-11T01:30:00Z,2026-03-11,81,NA,17
342455119405603,USGS-342455119405603,2026-03-11T17:32:00Z,2026-03-11,81,-7.26,22
373745118554001,USGS-373745118554001,2026-03-11T19:30:00Z,2026-03-11,81,114.79,20
373930118491602,USGS-373930118491602,2026-03-11T17:25:00Z,2026-03-11,81,74.22,19
380120116031201,USGS-380120116031201,2026-03-11T15:10:00Z,2026-03-11,81,124.74,1
380202116010701,USGS-380202116010701,2026-03-11T14:39:00Z,2026-03-11,81,140,2
380228116010801,USGS-380228116010801,2026-03-11T14:26:00Z,2026-03-11,81,143.28,1
381421115315501,USGS-381421115315501,2026-03-11T16:54:00Z,2026-03-11,81,61.1,7
381427115470801,USGS-381427115470801,2026-03-11T17:00:00Z,2026-03-11,81,61.75,2
381430115283901,USGS-381430115283901,2026-03-11T19:42:00Z,2026-03-11,81,68.15,7
381444115301201,USGS-381444115301201,2026-03-11T19:17:00Z,2026-03-11,81,57.54,7
381453115325601,USGS-381453115325601,2026-03-11T17:23:00Z,2026-03-11,81,47.32,6
381459115470801,USGS-381459115470801,2026-03-11T17:09:00Z,2026-03-11,81,42.91,2
381505115464901,USGS-381505115464901,2026-03-11T18:50:00Z,2026-03-11,81,42.17,1
381506115490801,USGS-381506115490801,2026-03-11T17:43:00Z,2026-03-11,81,62.22,7
381517115484701,USGS-381517115484701,2026-03-11T17:31:00Z,2026-03-11,81,57.32,2
381519115473901,USGS-381519115473901,2026-03-11T17:14:00Z,2026-03-11,81,43.6,6
381523115470601,USGS-381523115470601,2026-03-11T18:34:00Z,2026-03-11,81,40.27,2
381528115321901,USGS-381528115321901,2026-03-11T18:17:00Z,2026-03-11,81,43.32,2
381547115470601,USGS-381547115470601,2026-03-11T18:26:00Z,2026-03-11,81,37.63,2
381651115405901,USGS-381651115405901,2026-03-11T20:40:00Z,2026-03-11,81,198.84,10
382033118315501,USGS-382033118315501,2026-03-11T16:05:00Z,2026-03-11,81,101.84,6
382719115035101,USGS-382719115035101,2026-03-11T22:30:00Z,2026-03-11,81,61.21,2
383023116012201,USGS-383023116012201,2026-03-11T00:50:00Z,2026-03-11,81,490.36,16
383100118330001,USGS-383100118330001,2026-03-11T18:52:00Z,2026-03-11,81,256.59,6
383127116014001,USGS-383127116014001,2026-03-11T00:20:00Z,2026-03-11,81,465.83,9
383150118380001,USGS-383150118380001,2026-03-11T17:17:00Z,2026-03-11,81,219.42,5
383348115313701,USGS-383348115313701,2026-03-11T22:00:00Z,2026-03-11,81,4.93,1
383440118365001,USGS-383440118365001,2026-03-11T18:18:00Z,2026-03-11,81,64.89,6
384002115213601,USGS-384002115213601,2026-03-11T20:44:00Z,2026-03-11,81,38.83,8
384036115305001,USGS-384036115305001,2026-03-11T23:01:00Z,2026-03-11,81,126.77,1
384557119190401,USGS-384557119190401,2026-03-11T21:30:00Z,2026-03-11,81,138.61,6
384619119192301,USGS-384619119192301,2026-03-11T21:50:00Z,2026-03-11,81,115.54,6
384627115085201,USGS-384627115085201,2026-03-11T23:07:00Z,2026-03-11,81,43.15,2
384942119100801,USGS-384942119100801,2026-03-11T20:46:00Z,2026-03-11,81,104.84,6
385226115124201,USGS-385226115124201,2026-03-11T00:12:00Z,2026-03-11,81,107.63,2
385314119205901,USGS-385314119205901,2026-03-11T22:23:00Z,2026-03-11,81,11.99,6
385332119441501,USGS-385332119441501,2026-03-11T22:10:00Z,2026-03-11,81,99.1,17
385834119464101,USGS-385834119464101,2026-03-11T22:35:00Z,2026-03-11,81,4.8,19
390122119424701,USGS-390122119424701,2026-03-11T16:05:00Z,2026-03-11,81,45.75,19
390156119435801,USGS-390156119435801,2026-03-11T21:21:00Z,2026-03-11,81,25.39,20
390208119444601,USGS-390208119444601,2026-03-11T21:08:00Z,2026-03-11,81,5.94,21
390222119423001,USGS-390222119423001,2026-03-11T21:31:00Z,2026-03-11,81,165.13,20
390235115060101,USGS-390235115060101,2026-03-11T00:34:00Z,2026-03-11,81,179.38,2
390606115134401,USGS-390606115134401,2026-03-11T19:01:00Z,2026-03-11,81,NA,2
390706115341601,USGS-390706115341601,2026-03-11T19:21:00Z,2026-03-11,81,45.66,7
390730115382301,USGS-390730115382301,2026-03-11T18:52:00Z,2026-03-11,81,156.82,5
390730115382501,USGS-390730115382501,2026-03-11T18:41:00Z,2026-03-11,81,157.11,5
391812115390501,USGS-391812115390501,2026-03-11T17:24:00Z,2026-03-11,81,311.89,7
412250119475801,USGS-412250119475801,2026-03-11T22:04:00Z,2026-03-11,81,163.95,1
413630119520001,USGS-413630119520001,2026-03-11T21:52:00Z,2026-03-11,81,14.09,1
335423116455301,USGS-335423116455301,2026-03-10T19:50:00Z,2026-03-10,82,381.82,20
335423116455302,USGS-335423116455302,2026-03-10T20:05:00Z,2026-03-10,82,NA,17
335423116455303,USGS-335423116455303,2026-03-10T20:15:00Z,2026-03-10,82,NA,20
335513116490601,USGS-335513116490601,2026-03-10T22:32:00Z,2026-03-10,82,439.03,24
335513116490602,USGS-335513116490602,2026-03-10T22:39:00Z,2026-03-10,82,461.47,24
335513116490603,USGS-335513116490603,2026-03-10T22:49:00Z,2026-03-10,82,463.76,22
335513116490604,USGS-335513116490604,2026-03-10T22:56:00Z,2026-03-10,82,466.1,22
335525116410201,USGS-335525116410201,2026-03-10T16:49:00Z,2026-03-10,82,416.72,20
335525116410202,USGS-335525116410202,2026-03-10T17:01:00Z,2026-03-10,82,415.04,22
335525116410203,USGS-335525116410203,2026-03-10T17:15:00Z,2026-03-10,82,412.77,20
335525116410204,USGS-335525116410204,2026-03-10T17:52:00Z,2026-03-10,82,411.6,23
335530116413701,USGS-335530116413701,2026-03-10T18:21:00Z,2026-03-10,82,217.43,20
335530116413702,USGS-335530116413702,2026-03-10T18:26:00Z,2026-03-10,82,279.91,20
335530116413703,USGS-335530116413703,2026-03-10T18:31:00Z,2026-03-10,82,283.64,20
335530116413704,USGS-335530116413704,2026-03-10T18:38:00Z,2026-03-10,82,299.12,20
335534116441501,USGS-335534116441501,2026-03-10T19:03:00Z,2026-03-10,82,389.62,21
335534116441502,USGS-335534116441502,2026-03-10T19:08:00Z,2026-03-10,82,389.73,20
335534116441503,USGS-335534116441503,2026-03-10T19:14:00Z,2026-03-10,82,389.79,20
341509114002001,USGS-341509114002001,2026-03-10T19:30:00Z,2026-03-10,82,6.25,5
342455119412401,USGS-342455119412401,2026-03-10T18:03:00Z,2026-03-10,82,0.52,43
342455119412403,USGS-342455119412403,2026-03-10T18:14:00Z,2026-03-10,82,-16.15,45
363451115403302,USGS-363451115403302,2026-03-10T16:06:00Z,2026-03-10,82,43.75,4
382901116125201,USGS-382901116125201,2026-03-10T01:22:00Z,2026-03-10,82,235.14,21
383510116112900,USGS-383510116112900,2026-03-10T00:10:00Z,2026-03-10,82,327.9,9
384048114341001,USGS-384048114341001,2026-03-10T19:47:00Z,2026-03-10,82,136.61,4
384335115173401,USGS-384335115173401,2026-03-10T00:32:00Z,2026-03-10,82,72.06,6
384343115174001,USGS-384343115174001,2026-03-10T00:19:00Z,2026-03-10,82,76.25,5
384426115283101,USGS-384426115283101,2026-03-10T23:35:00Z,2026-03-10,82,293.35,2
384432115281901,USGS-384432115281901,2026-03-10T14:54:00Z,2026-03-10,82,303.44,7
384555115291501,USGS-384555115291501,2026-03-10T15:56:00Z,2026-03-10,82,243,1
384557115292701,USGS-384557115292701,2026-03-10T17:23:00Z,2026-03-10,82,262.65,6
384604115291701,USGS-384604115291701,2026-03-10T15:29:00Z,2026-03-10,82,289.87,5
384854116042401,USGS-384854116042401,2026-03-10T22:41:00Z,2026-03-10,82,500.88,1
384917119463101,USGS-384917119463101,2026-03-10T18:58:00Z,2026-03-10,82,25.26,19
384920115343001,USGS-384920115343001,2026-03-10T22:48:00Z,2026-03-10,82,161.17,12
385020115232701,USGS-385020115232701,2026-03-10T17:31:00Z,2026-03-10,82,61.69,1
385045115391201,USGS-385045115391201,2026-03-10T19:40:00Z,2026-03-10,82,23.8,2
385045115391202,USGS-385045115391202,2026-03-10T19:35:00Z,2026-03-10,82,26.77,1
385048115382101,USGS-385048115382101,2026-03-10T18:46:00Z,2026-03-10,82,65.11,6
385106115386001,USGS-385106115386001,2026-03-10T19:08:00Z,2026-03-10,82,93.28,6
385209115394801,USGS-385209115394801,2026-03-10T20:00:00Z,2026-03-10,82,7.83,2
385251115400601,USGS-385251115400601,2026-03-10T20:20:00Z,2026-03-10,82,25.18,6
385304119460601,USGS-385304119460601,2026-03-10T19:25:00Z,2026-03-10,82,1.62,19
385326115404601,USGS-385326115404601,2026-03-10T22:30:00Z,2026-03-10,82,11.43,2
385357119404701,USGS-385357119404701,2026-03-10T22:26:00Z,2026-03-10,82,151.67,19
385419115402101,USGS-385419115402101,2026-03-10T22:06:00Z,2026-03-10,82,166.45,8
385452119464101,USGS-385452119464101,2026-03-10T18:38:00Z,2026-03-10,82,2.84,20
385507119370301,USGS-385507119370301,2026-03-10T19:07:00Z,2026-03-10,82,42.42,5
385521115432201,USGS-385521115432201,2026-03-10T21:38:00Z,2026-03-10,82,12.14,2
385601119402901,USGS-385601119402901,2026-03-10T18:24:00Z,2026-03-10,82,22.19,5
385606115432801,USGS-385606115432801,2026-03-10T21:24:00Z,2026-03-10,82,9.36,2
385609119392201,USGS-385609119392201,2026-03-10T18:33:00Z,2026-03-10,82,24.08,5
385612119382701,USGS-385612119382701,2026-03-10T18:55:00Z,2026-03-10,82,16.85,5
385612119464101,USGS-385612119464101,2026-03-10T18:15:00Z,2026-03-10,82,5.23,18
385612119464401,USGS-385612119464401,2026-03-10T18:05:00Z,2026-03-10,82,7.52,17
385637119504101,USGS-385637119504101,2026-03-10T19:50:00Z,2026-03-10,82,33.3,18
385657119385801,USGS-385657119385801,2026-03-10T21:43:00Z,2026-03-10,82,50.37,14
385658119432001,USGS-385658119432001,2026-03-10T20:45:00Z,2026-03-10,82,29.09,18
385724119382301,USGS-385724119382301,2026-03-10T22:00:00Z,2026-03-10,82,77.48,20
385729119414501,USGS-385729119414501,2026-03-10T21:06:00Z,2026-03-10,82,134.07,20
385742119453101,USGS-385742119453101,2026-03-10T20:26:00Z,2026-03-10,82,11.35,20
390753116051701,USGS-390753116051701,2026-03-10T20:56:00Z,2026-03-10,82,382.83,2
391037116040001,USGS-391037116040001,2026-03-10T20:14:00Z,2026-03-10,82,345.7,4
391304116012801,USGS-391304116012801,2026-03-10T19:33:00Z,2026-03-10,82,74.74,2
391304116012802,USGS-391304116012802,2026-03-10T19:37:00Z,2026-03-10,82,75.16,3
391327116004701,USGS-391327116004701,2026-03-10T19:00:00Z,2026-03-10,82,66.19,2
391608115593001,USGS-391608115593001,2026-03-10T17:34:00Z,2026-03-10,82,7.48,3
392200115511601,USGS-392200115511601,2026-03-10T16:13:00Z,2026-03-10,82,54.43,1
392218115472801,USGS-392218115472801,2026-03-10T15:42:00Z,2026-03-10,82,71.13,2
395357119333401,USGS-395357119333401,2026-03-10T23:30:00Z,2026-03-10,82,17.26,4
400507119560001,USGS-400507119560001,2026-03-10T19:55:00Z,2026-03-10,82,195.78,4
400849119485301,USGS-400849119485301,2026-03-10T19:05:00Z,2026-03-10,82,214.56,4
401138119472301,USGS-401138119472301,2026-03-10T18:15:00Z,2026-03-10,82,64.22,4
401245119374401,USGS-401245119374401,2026-03-10T21:20:00Z,2026-03-10,82,21.66,4
401352119380201,USGS-401352119380201,2026-03-10T21:40:00Z,2026-03-10,82,19.69,4
401443119381201,USGS-401443119381201,2026-03-10T22:05:00Z,2026-03-10,82,29.22,4
403200119490001,USGS-403200119490001,2026-03-10T22:53:00Z,2026-03-10,82,54.02,4
405208119161501,USGS-405208119161501,2026-03-10T20:23:00Z,2026-03-10,82,NA,4
405208119161502,USGS-405208119161502,2026-03-10T20:30:00Z,2026-03-10,82,21.84,4
405239119152901,USGS-405239119152901,2026-03-10T20:07:00Z,2026-03-10,82,NA,4
410806117353501,USGS-410806117353501,2026-03-10T15:24:00Z,2026-03-10,82,47.89,4
412421117303301,USGS-412421117303301,2026-03-10T01:53:00Z,2026-03-10,82,9.28,3
413300117494001,USGS-413300117494001,2026-03-10T00:57:00Z,2026-03-10,82,139.28,3
342455119412402,USGS-342455119412402,2026-03-09T21:31:00Z,2026-03-09,83,0.15,44
342506119412202,USGS-342506119412202,2026-03-09T17:28:00Z,2026-03-09,83,-24.07,5
375829116230401,USGS-375829116230401,2026-03-09T21:36:00Z,2026-03-09,83,1.72,1
382022116183301,USGS-382022116183301,2026-03-09T22:50:00Z,2026-03-09,83,174.66,7
382516115425201,USGS-382516115425201,2026-03-09T20:41:00Z,2026-03-09,83,72.56,7
385657115431001,USGS-385657115431001,2026-03-09T22:14:00Z,2026-03-09,83,22.84,2
385721115430301,USGS-385721115430301,2026-03-09T22:28:00Z,2026-03-09,83,32.4,6
385727115430301,USGS-385727115430301,2026-03-09T22:36:00Z,2026-03-09,83,41.28,1
385735115421401,USGS-385735115421401,2026-03-09T21:29:00Z,2026-03-09,83,29.84,1
385745115425801,USGS-385745115425801,2026-03-09T22:50:00Z,2026-03-09,83,60.37,2
385746115421401,USGS-385746115421401,2026-03-09T21:15:00Z,2026-03-09,83,48.93,2
391110115511301,USGS-391110115511301,2026-03-09T19:46:00Z,2026-03-09,83,7.08,9
391135115512401,USGS-391135115512401,2026-03-09T19:53:00Z,2026-03-09,83,16.17,9
391705118465403,USGS-391705118465403,2026-03-09T18:10:00Z,2026-03-09,83,32.7,9
391817115560701,USGS-391817115560701,2026-03-09T19:15:00Z,2026-03-09,83,124.09,2
392008118465501,USGS-392008118465501,2026-03-09T17:56:00Z,2026-03-09,83,8.1,9
392316118390001,USGS-392316118390001,2026-03-09T20:08:00Z,2026-03-09,83,10.34,9
392407118392301,USGS-392407118392301,2026-03-09T19:59:00Z,2026-03-09,83,13.1,9
392632118445201,USGS-392632118445201,2026-03-09T18:49:00Z,2026-03-09,83,3.72,10
392722118464701,USGS-392722118464701,2026-03-09T17:33:00Z,2026-03-09,83,42.9,20
392722118464702,USGS-392722118464702,2026-03-09T17:36:00Z,2026-03-09,83,40.87,20
392824118464201,USGS-392824118464201,2026-03-09T19:22:00Z,2026-03-09,83,44.75,19
392824118464202,USGS-392824118464202,2026-03-09T19:24:00Z,2026-03-09,83,33.84,19
392828118361201,USGS-392828118361201,2026-03-09T20:34:00Z,2026-03-09,83,9.34,10
392828118361202,USGS-392828118361202,2026-03-09T20:36:00Z,2026-03-09,83,9.34,10
392828118534901,USGS-392828118534901,2026-03-09T17:05:00Z,2026-03-09,83,17.24,18
392948118561101,USGS-392948118561101,2026-03-09T16:44:00Z,2026-03-09,83,11.27,20
393021118571001,USGS-393021118571001,2026-03-09T16:29:00Z,2026-03-09,83,51.98,20
393052118333501,USGS-393052118333501,2026-03-09T21:01:00Z,2026-03-09,83,5.69,7
393106118305301,USGS-393106118305301,2026-03-09T21:12:00Z,2026-03-09,83,6.22,10
393311118304703,USGS-393311118304703,2026-03-09T21:21:00Z,2026-03-09,83,4,10
393737119411501,USGS-393737119411501,2026-03-09T20:05:00Z,2026-03-09,83,3.75,4
393743119413601,USGS-393743119413601,2026-03-09T20:30:00Z,2026-03-09,83,11.33,4
393744119435101,USGS-393744119435101,2026-03-09T17:40:00Z,2026-03-09,83,61.18,4
393927119401301,USGS-393927119401301,2026-03-09T19:15:00Z,2026-03-09,83,235.96,4
394032119414601,USGS-394032119414601,2026-03-09T18:30:00Z,2026-03-09,83,88.17,4
404126117434101,USGS-404126117434101,2026-03-09T22:58:00Z,2026-03-09,83,NA,4
404138117441501,USGS-404138117441501,2026-03-09T22:26:00Z,2026-03-09,83,NA,3
343419118044401,USGS-343419118044401,2026-03-07T18:20:00Z,2026-03-07,85,225.82,5
344124118002101,USGS-344124118002101,2026-03-07T00:01:00Z,2026-03-07,85,259.47,5
343205117525801,USGS-343205117525801,2026-03-06T17:30:00Z,2026-03-06,86,73.8,5
343939117573501,USGS-343939117573501,2026-03-06T18:40:00Z,2026-03-06,86,334.32,5
344005118034401,USGS-344005118034401,2026-03-06T00:39:00Z,2026-03-06,86,302.5,5
344029117573601,USGS-344029117573601,2026-03-06T20:06:00Z,2026-03-06,86,324.36,5
344147118001301,USGS-344147118001301,2026-03-06T21:50:00Z,2026-03-06,86,186.52,5
344152118022701,USGS-344152118022701,2026-03-06T23:40:00Z,2026-03-06,86,239.19,5
344310117593001,USGS-344310117593001,2026-03-06T21:22:00Z,2026-03-06,86,196.29,5
344338118022501,USGS-344338118022501,2026-03-06T23:05:00Z,2026-03-06,86,153.64,7
344342117580301,USGS-344342117580301,2026-03-06T20:58:00Z,2026-03-06,86,192.51,5
343557117554801,USGS-343557117554801,2026-03-05T19:47:00Z,2026-03-05,87,166.65,5
343726117514501,USGS-343726117514501,2026-03-05T00:54:00Z,2026-03-05,87,165.43,9
343820117570501,USGS-343820117570501,2026-03-05T18:15:00Z,2026-03-05,87,268.41,3
343824117493801,USGS-343824117493801,2026-03-05T20:38:00Z,2026-03-05,87,182.04,5
343909118053601,USGS-343909118053601,2026-03-05T23:49:00Z,2026-03-05,87,361.76,5
344044117552901,USGS-344044117552901,2026-03-05T21:45:00Z,2026-03-05,87,313.13,5
343448117501601,USGS-343448117501601,2026-03-04T23:10:00Z,2026-03-04,88,63.18,5
343450117522501,USGS-343450117522501,2026-03-04T22:52:00Z,2026-03-04,88,22.79,5
343503117431501,USGS-343503117431501,2026-03-04T23:53:00Z,2026-03-04,88,86.38,4
343515117495201,USGS-343515117495201,2026-03-04T23:25:00Z,2026-03-04,88,47.45,5
343522118095701,USGS-343522118095701,2026-03-04T17:01:00Z,2026-03-04,88,259.35,4
343546118091601,USGS-343546118091601,2026-03-04T01:00:00Z,2026-03-04,88,477.37,4
343546118091602,USGS-343546118091602,2026-03-04T01:18:00Z,2026-03-04,88,NA,3
343546118091603,USGS-343546118091603,2026-03-04T01:27:00Z,2026-03-04,88,NA,3
343546118091604,USGS-343546118091604,2026-03-04T01:34:00Z,2026-03-04,88,NA,3
343813117570201,USGS-343813117570201,2026-03-04T18:36:00Z,2026-03-04,88,222.5,5
364656116261601,USGS-364656116261601,2026-03-04T21:17:00Z,2026-03-04,88,1130.99,5
364945116235001,USGS-364945116235001,2026-03-04T20:39:00Z,2026-03-04,88,993.78,14
365032116243501,USGS-365032116243501,2026-03-04T20:23:00Z,2026-03-04,88,1134.52,15
365116116233801,USGS-365116116233801,2026-03-04T19:30:00Z,2026-03-04,88,1159.61,14
365239116253401,USGS-365239116253401,2026-03-04T19:56:00Z,2026-03-04,88,1538.26,6
365624116222901,USGS-365624116222901,2026-03-04T18:06:00Z,2026-03-04,88,54.31,18
400412116160701,USGS-400412116160701,2026-03-04T16:51:00Z,2026-03-04,88,6.15,6
400426116120601,USGS-400426116120601,2026-03-04T15:17:00Z,2026-03-04,88,72.57,3
400645116163101,USGS-400645116163101,2026-03-04T16:22:00Z,2026-03-04,88,13.56,6
401111116115101,USGS-401111116115101,2026-03-04T15:48:00Z,2026-03-04,88,4.15,5
401243116045201,USGS-401243116045201,2026-03-04T17:54:00Z,2026-03-04,88,39.19,5
401725116041401,USGS-401725116041401,2026-03-04T18:24:00Z,2026-03-04,88,23.65,4
401804116140501,USGS-401804116140501,2026-03-04T01:20:00Z,2026-03-04,88,72.05,6
401850116152801,USGS-401850116152801,2026-03-04T00:51:00Z,2026-03-04,88,159.8,6
342631117445101,USGS-342631117445101,2026-03-03T18:52:00Z,2026-03-03,89,128.92,5
342706118114501,USGS-342706118114501,2026-03-03T23:51:00Z,2026-03-03,89,25.47,5
342713117453001,USGS-342713117453001,2026-03-03T17:45:00Z,2026-03-03,89,258.24,5
343051117563001,USGS-343051117563001,2026-03-03T16:45:00Z,2026-03-03,89,270.1,5
343155117501001,USGS-343155117501001,2026-03-03T19:35:00Z,2026-03-03,89,162.2,5
343328117495001,USGS-343328117495001,2026-03-03T20:01:00Z,2026-03-03,89,119.18,5
343356117500701,USGS-343356117500701,2026-03-03T20:24:00Z,2026-03-03,89,89.34,6
400540116100001,USGS-400540116100001,2026-03-03T01:56:00Z,2026-03-03,89,343.6,5
400547116192701,USGS-400547116192701,2026-03-03T01:24:00Z,2026-03-03,89,5.02,7
401021116285601,USGS-401021116285601,2026-03-03T00:33:00Z,2026-03-03,89,5.76,6
402215116075001,USGS-402215116075001,2026-03-03T23:07:00Z,2026-03-03,89,54.45,6
402220116080501,USGS-402220116080501,2026-03-03T22:57:00Z,2026-03-03,89,48.89,6
402320116040901,USGS-402320116040901,2026-03-03T22:20:00Z,2026-03-03,89,155.77,6
402402116073501,USGS-402402116073501,2026-03-03T21:30:00Z,2026-03-03,89,-47.08,6
402521116070001,USGS-402521116070001,2026-03-03T21:06:00Z,2026-03-03,89,19.14,6
402554116061601,USGS-402554116061601,2026-03-03T20:28:00Z,2026-03-03,89,39.1,6
402606116072702,USGS-402606116072702,2026-03-03T20:48:00Z,2026-03-03,89,15.01,6
402751116050401,USGS-402751116050401,2026-03-03T19:15:00Z,2026-03-03,89,85.73,6
402848116074701,USGS-402848116074701,2026-03-03T17:30:00Z,2026-03-03,89,22.04,6
402908116070801,USGS-402908116070801,2026-03-03T18:17:00Z,2026-03-03,89,37.56,6
403713116102501,USGS-403713116102501,2026-03-03T16:18:00Z,2026-03-03,89,215.15,6
343404117593101,USGS-343404117593101,2026-03-02T19:42:00Z,2026-03-02,90,106.24,11
343513117581001,USGS-343513117581001,2026-03-02T21:05:00Z,2026-03-02,90,165.11,5
343515117575601,USGS-343515117575601,2026-03-02T20:39:00Z,2026-03-02,90,168.13,5
343515118101401,USGS-343515118101401,2026-03-02T23:22:00Z,2026-03-02,90,94.59,5
343526118095501,USGS-343526118095501,2026-03-02T18:09:00Z,2026-03-02,90,319.63,5
343822118051901,USGS-343822118051901,2026-03-02T15:41:00Z,2026-03-02,90,384.56,7
364805115580801,USGS-364805115580801,2026-03-02T16:54:00Z,2026-03-02,90,688.86,18
364915115574101,USGS-364915115574101,2026-03-02T17:35:00Z,2026-03-02,90,706.82,13
365223115561801,USGS-365223115561801,2026-03-02T18:10:00Z,2026-03-02,90,961.2,20
365418116012601,USGS-365418116012601,2026-03-02T16:16:00Z,2026-03-02,90,841.35,23
394654116073801,USGS-394654116073801,2026-03-02T19:58:00Z,2026-03-02,90,22.85,3
395125116101701,USGS-395125116101701,2026-03-02T20:25:00Z,2026-03-02,90,8.3,8
395330116122001,USGS-395330116122001,2026-03-02T21:14:00Z,2026-03-02,90,14.72,6
395619116244201,USGS-395619116244201,2026-03-02T22:35:00Z,2026-03-02,90,23.71,7
400015116142501,USGS-400015116142501,2026-03-02T22:00:00Z,2026-03-02,90,131.09,6
400406116285301,USGS-400406116285301,2026-03-02T23:34:00Z,2026-03-02,90,158.33,6
340655117184003,USGS-340655117184003,2026-02-26T16:28:00Z,2026-02-26,94,21.67,1
365023116271801,USGS-365023116271801,2026-02-24T21:22:00Z,2026-02-24,96,1870.05,4
365032116265402,USGS-365032116265402,2026-02-24T20:46:00Z,2026-02-24,96,1698.8,5
365032116265403,USGS-365032116265403,2026-02-24T20:58:00Z,2026-02-24,96,1698.5,5
365140116260301,USGS-365140116260301,2026-02-24T19:09:00Z,2026-02-24,96,1436.7,5
365157116271203,USGS-365157116271203,2026-02-24T18:03:00Z,2026-02-24,96,1785.65,4
365157116271204,USGS-365157116271204,2026-02-24T18:16:00Z,2026-02-24,96,1875.68,4
365157116271205,USGS-365157116271205,2026-02-24T18:35:00Z,2026-02-24,96,1874.94,4
365322116273501,USGS-365322116273501,2026-02-24T19:38:00Z,2026-02-24,96,1751.36,5
365340116264601,USGS-365340116264601,2026-02-24T22:00:00Z,2026-02-24,96,928.8,6
393544116084801,USGS-393544116084801,2026-02-20T15:04:00Z,2026-02-20,100,18.56,17
362409116195401,USGS-362409116195401,2026-02-19T21:08:00Z,2026-02-19,101,2.36,6
362416116194701,USGS-362416116194701,2026-02-19T19:40:00Z,2026-02-19,101,4.3,6
393727116160601,USGS-393727116160601,2026-02-19T17:48:00Z,2026-02-19,101,10.37,11
371335113595401,USGS-371335113595401,2026-02-17T17:02:00Z,2026-02-17,103,17.75,5
371806113595201,USGS-371806113595201,2026-02-17T17:50:00Z,2026-02-17,103,11.32,5
351303119251401,USGS-351303119251401,2026-02-14T01:42:00Z,2026-02-14,106,188.3,22
351303119251402,USGS-351303119251402,2026-02-14T01:49:00Z,2026-02-14,106,246.1,20
351303119251403,USGS-351303119251403,2026-02-14T01:57:00Z,2026-02-14,106,247.76,20
351303119251404,USGS-351303119251404,2026-02-14T02:05:00Z,2026-02-14,106,253.19,20
351303119251405,USGS-351303119251405,2026-02-14T02:13:00Z,2026-02-14,106,257.51,20
350751119241101,USGS-350751119241101,2026-02-13T17:12:00Z,2026-02-13,107,378.41,16
350751119241102,USGS-350751119241102,2026-02-13T17:48:00Z,2026-02-13,107,378.37,15
350751119241103,USGS-350751119241103,2026-02-13T17:57:00Z,2026-02-13,107,109.34,15
353229119050604,USGS-353229119050604,2026-02-13T01:52:00Z,2026-02-13,107,416.12,23
361515116100901,USGS-361515116100901,2026-02-13T17:52:00Z,2026-02-13,107,39.76,12
362417116163600,USGS-362417116163600,2026-02-13T22:47:00Z,2026-02-13,107,6.93,11
362432116165701,USGS-362432116165701,2026-02-13T23:22:00Z,2026-02-13,107,20.22,9
362529116160501,USGS-362529116160501,2026-02-13T22:00:00Z,2026-02-13,107,74.13,11
362555116205301,USGS-362555116205301,2026-02-13T21:07:00Z,2026-02-13,107,15.87,11
353049119434101,USGS-353049119434101,2026-02-12T16:39:00Z,2026-02-12,108,698.69,24
353049119434102,USGS-353049119434102,2026-02-12T16:52:00Z,2026-02-12,108,530.73,21
353049119434103,USGS-353049119434103,2026-02-12T17:10:00Z,2026-02-12,108,531.17,21
353049119434104,USGS-353049119434104,2026-02-12T17:18:00Z,2026-02-12,108,213.61,20
353049119434105,USGS-353049119434105,2026-02-12T17:28:00Z,2026-02-12,108,154.54,26
353229119050601,USGS-353229119050601,2026-02-12T18:54:00Z,2026-02-12,108,846.2,27
353229119050602,USGS-353229119050602,2026-02-12T19:19:00Z,2026-02-12,108,723.49,21
353229119050603,USGS-353229119050603,2026-02-12T19:40:00Z,2026-02-12,108,627.25,24
354048119445001,USGS-354048119445001,2026-02-12T00:05:00Z,2026-02-12,108,226.66,26
354048119445002,USGS-354048119445002,2026-02-12T00:11:00Z,2026-02-12,108,281.39,20
354048119445003,USGS-354048119445003,2026-02-12T00:21:00Z,2026-02-12,108,300.59,21
354048119445004,USGS-354048119445004,2026-02-12T00:50:00Z,2026-02-12,108,284.65,22
354048119445005,USGS-354048119445005,2026-02-12T01:01:00Z,2026-02-12,108,51.21,25
364757116245801,USGS-364757116245801,2026-02-10T19:59:00Z,2026-02-10,110,984.02,15
364822116262601,USGS-364822116262601,2026-02-10T19:34:00Z,2026-02-10,110,1291.92,5
364916116265601,USGS-364916116265601,2026-02-10T19:05:00Z,2026-02-10,110,1542.41,5
364942116280006,USGS-364942116280006,2026-02-10T17:23:00Z,2026-02-10,110,2462.25,5
364942116280007,USGS-364942116280007,2026-02-10T17:43:00Z,2026-02-10,110,2462.05,5
365122116275502,USGS-365122116275502,2026-02-10T18:15:00Z,2026-02-10,110,2305.26,5
365122116275503,USGS-365122116275503,2026-02-10T18:31:00Z,2026-02-10,110,2304.12,5
364825116290501,USGS-364825116290501,2026-02-09T20:24:00Z,2026-02-09,111,1137.76,6
364933116285701,USGS-364933116285701,2026-02-09T18:43:00Z,2026-02-09,111,1378.72,8
365049116285504,USGS-365049116285504,2026-02-09T19:16:00Z,2026-02-09,111,1722.78,4
365049116285505,USGS-365049116285505,2026-02-09T19:27:00Z,2026-02-09,111,1723.03,4
365325120391504,USGS-365325120391504,2026-02-06T20:53:00Z,2026-02-06,114,131.28,22
365325120391505,USGS-365325120391505,2026-02-06T20:29:00Z,2026-02-06,114,159.75,22
353328119144403,USGS-353328119144403,2026-02-04T22:11:00Z,2026-02-04,116,417.18,2
353328119144404,USGS-353328119144404,2026-02-04T22:22:00Z,2026-02-04,116,416.5,2
353328119144405,USGS-353328119144405,2026-02-04T22:34:00Z,2026-02-04,116,417.11,2
353328119144406,USGS-353328119144406,2026-02-04T22:45:00Z,2026-02-04,116,416.97,2
355933119062001,USGS-355933119062001,2026-02-04T19:45:00Z,2026-02-04,116,295.5,23
361334120035101,USGS-361334120035101,2026-02-04T17:16:00Z,2026-02-04,116,293.82,22
371106116110401,USGS-371106116110401,2026-02-04T20:22:00Z,2026-02-04,116,1526.32,19
364358120314906,USGS-364358120314906,2026-02-03T23:38:00Z,2026-02-03,117,321.34,21
364518120222001,USGS-364518120222001,2026-02-03T22:19:00Z,2026-02-03,117,150.71,22
364536120184301,USGS-364536120184301,2026-02-03T21:05:00Z,2026-02-03,117,50.62,20
324216115051101,USGS-324216115051101,2026-01-29T00:24:00Z,2026-01-29,122,62.37,9
324325114461001,USGS-324325114461001,2026-01-28T17:14:00Z,2026-01-28,123,96.33,10
324459114521701,USGS-324459114521701,2026-01-28T18:21:00Z,2026-01-28,123,87.62,13
324525114500701,USGS-324525114500701,2026-01-28T00:36:00Z,2026-01-28,123,117.53,8
324540114444001,USGS-324540114444001,2026-01-28T16:41:00Z,2026-01-28,123,187.42,6
324656114451501,USGS-324656114451501,2026-01-28T01:49:00Z,2026-01-28,123,245.08,6
325107114534701,USGS-325107114534701,2026-01-28T01:05:00Z,2026-01-28,123,260.71,3
364938116252102,USGS-364938116252102,2026-01-28T17:13:00Z,2026-01-28,123,1183.97,16
324226114554901,USGS-324226114554901,2026-01-27T23:55:00Z,2026-01-27,124,103.93,7
324239114563601,USGS-324239114563601,2026-01-27T18:39:00Z,2026-01-27,124,36.24,9
324243114562101,USGS-324243114562101,2026-01-27T18:31:00Z,2026-01-27,124,114.94,8
324248114500601,USGS-324248114500601,2026-01-27T17:19:00Z,2026-01-27,124,94.27,6
324252114555801,USGS-324252114555801,2026-01-27T18:58:00Z,2026-01-27,124,115.72,7
324303114480501,USGS-324303114480501,2026-01-27T16:58:00Z,2026-01-27,124,102.43,7
324304114480402,USGS-324304114480402,2026-01-27T17:05:00Z,2026-01-27,124,101.94,7
324410114533801,USGS-324410114533801,2026-01-27T18:07:00Z,2026-01-27,124,106.2,8
324450114515101,USGS-324450114515101,2026-01-27T16:37:00Z,2026-01-27,124,99.84,15
392226119395301,USGS-392226119395301,2026-01-27T16:57:00Z,2026-01-27,124,170.43,3
365740116043501,USGS-365740116043501,2026-01-26T17:30:00Z,2026-01-26,125,1779.25,8
344408114260401,USGS-344408114260401,2026-01-22T15:49:00Z,2026-01-22,129,219.09,3
364706116170601,USGS-364706116170601,2026-01-22T21:44:00Z,2026-01-22,129,1039.61,18
364828116234001,USGS-364828116234001,2026-01-22T22:24:00Z,2026-01-22,129,926.35,19
374004122092102,USGS-374004122092102,2026-01-21T18:43:00Z,2026-01-21,130,16.29,26
374004122092103,USGS-374004122092103,2026-01-21T18:47:00Z,2026-01-21,130,11.86,26
374004122092104,USGS-374004122092104,2026-01-21T18:50:00Z,2026-01-21,130,5.83,26
374004122092105,USGS-374004122092105,2026-01-21T18:53:00Z,2026-01-21,130,5.49,26
374004122092106,USGS-374004122092106,2026-01-21T18:56:00Z,2026-01-21,130,2.61,26
392121119392701,USGS-392121119392701,2026-01-16T19:55:00Z,2026-01-16,135,117.32,13
392126119383401,USGS-392126119383401,2026-01-16T17:44:00Z,2026-01-16,135,379.63,16
392130119394101,USGS-392130119394101,2026-01-16T18:11:00Z,2026-01-16,135,160.84,11
392209119374301,USGS-392209119374301,2026-01-16T17:14:00Z,2026-01-16,135,258.23,17
392210119381401,USGS-392210119381401,2026-01-16T18:36:00Z,2026-01-16,135,72.37,8
392227119381601,USGS-392227119381601,2026-01-16T18:50:00Z,2026-01-16,135,29.49,16
392320119383901,USGS-392320119383901,2026-01-16T16:50:00Z,2026-01-16,135,267.05,13
364830115512601,USGS-364830115512601,2026-01-15T16:44:00Z,2026-01-15,136,1102.74,9
392212119394101,USGS-392212119394101,2026-01-15T17:03:00Z,2026-01-15,136,67.64,16
392215119382101,USGS-392215119382101,2026-01-15T22:14:00Z,2026-01-15,136,40.96,17
392219119383601,USGS-392219119383601,2026-01-15T22:30:00Z,2026-01-15,136,34.46,16
392224119383201,USGS-392224119383201,2026-01-15T22:43:00Z,2026-01-15,136,217.71,16
392226119384001,USGS-392226119384001,2026-01-15T22:56:00Z,2026-01-15,136,171.11,14
392226119385601,USGS-392226119385601,2026-01-15T21:31:00Z,2026-01-15,136,39.81,15
392226119385701,USGS-392226119385701,2026-01-15T21:46:00Z,2026-01-15,136,95.25,14
392231119385601,USGS-392231119385601,2026-01-15T22:00:00Z,2026-01-15,136,60.43,17
392255119390001,USGS-392255119390001,2026-01-15T18:11:00Z,2026-01-15,136,104.35,14
392256119381501,USGS-392256119381501,2026-01-15T20:34:00Z,2026-01-15,136,38.46,14
392256119390001,USGS-392256119390001,2026-01-15T18:05:00Z,2026-01-15,136,112.24,13
392302119393801,USGS-392302119393801,2026-01-15T17:46:00Z,2026-01-15,136,89.68,15
392305119390601,USGS-392305119390601,2026-01-15T18:26:00Z,2026-01-15,136,143.22,16
392310119384801,USGS-392310119384801,2026-01-15T19:19:00Z,2026-01-15,136,126.06,13
392312119392201,USGS-392312119392201,2026-01-15T18:57:00Z,2026-01-15,136,26.05,14
392320119375302,USGS-392320119375302,2026-01-15T20:22:00Z,2026-01-15,136,19.12,15
392320119392301,USGS-392320119392301,2026-01-15T19:06:00Z,2026-01-15,136,25.68,16
363205115335601,USGS-363205115335601,2026-01-14T19:14:00Z,2026-01-14,137,120.87,4
363422115433701,USGS-363422115433701,2026-01-14T20:22:00Z,2026-01-14,137,33.98,4
363447115404601,USGS-363447115404601,2026-01-14T18:48:00Z,2026-01-14,137,64.94,4
362901115220001,USGS-362901115220001,2026-01-12T23:57:00Z,2026-01-12,139,242.76,4
363212115240301,USGS-363212115240301,2026-01-12T23:38:00Z,2026-01-12,139,574.03,4
363332115244001,USGS-363332115244001,2026-01-12T22:35:00Z,2026-01-12,139,812.35,4
363407115215301,USGS-363407115215301,2026-01-12T23:15:00Z,2026-01-12,139,1329.03,4
391843119330501,USGS-391843119330501,2026-01-12T22:07:00Z,2026-01-12,139,156.6,8
370935116375302,USGS-370935116375302,2026-01-08T19:53:00Z,2026-01-08,143,748.3,15
392138119224201,USGS-392138119224201,2026-01-08T22:08:00Z,2026-01-08,143,68.25,15
333226116395601,USGS-333226116395601,2026-01-07T00:25:00Z,2026-01-07,144,28.63,30
333226116395602,USGS-333226116395602,2026-01-07T00:43:00Z,2026-01-07,144,32.04,28
333226116395603,USGS-333226116395603,2026-01-07T00:56:00Z,2026-01-07,144,32.59,32
333226116395604,USGS-333226116395604,2026-01-07T01:04:00Z,2026-01-07,144,32.89,30
333314116384601,USGS-333314116384601,2026-01-07T21:16:00Z,2026-01-07,144,76.09,21
333317116411501,USGS-333317116411501,2026-01-07T21:51:00Z,2026-01-07,144,79.27,19
333319116430701,USGS-333319116430701,2026-01-07T22:16:00Z,2026-01-07,144,75.21,14
370451116024101,USGS-370451116024101,2026-01-07T18:32:00Z,2026-01-07,144,1445.87,4
370615116222401,USGS-370615116222401,2026-01-07T19:34:00Z,2026-01-07,144,1209.69,12
333147116422001,USGS-333147116422001,2026-01-06T22:50:00Z,2026-01-06,145,-9.08,18
333147116422002,USGS-333147116422002,2026-01-06T23:03:00Z,2026-01-06,145,2.33,19
333156116415201,USGS-333156116415201,2026-01-06T23:50:00Z,2026-01-06,145,9.01,18
333156116415202,USGS-333156116415202,2026-01-06T23:58:00Z,2026-01-06,145,8.64,19
365550116091101,USGS-365550116091101,2026-01-06T20:12:00Z,2026-01-06,145,1666.08,10
370142116021101,USGS-370142116021101,2026-01-06T17:49:00Z,2026-01-06,145,1597.8,4
370425116095801,USGS-370425116095801,2026-01-06T19:04:00Z,2026-01-06,145,588.12,8
371246116240101,USGS-371246116240101,2026-01-06T20:25:00Z,2026-01-06,145,2274.5,15
390742119453901,USGS-390742119453901,2025-12-29T18:57:00Z,2025-12-29,153,51.09,1
370929116132311,USGS-370929116132311,2025-12-18T19:54:00Z,2025-12-18,164,1458.22,7
371311116105901,USGS-371311116105901,2025-12-18T17:01:00Z,2025-12-18,164,953.98,6
371311116105902,USGS-371311116105902,2025-12-18T16:37:00Z,2025-12-18,164,2568.36,16
371342116125102,USGS-371342116125102,2025-12-18T18:54:00Z,2025-12-18,164,918.28,10
365849116002101,USGS-365849116002101,2025-12-17T22:44:00Z,2025-12-17,165,1503.8,5
365905116012002,USGS-365905116012002,2025-12-17T23:04:00Z,2025-12-17,165,1508.08,4
365905116033201,USGS-365905116033201,2025-12-17T17:32:00Z,2025-12-17,165,1513.46,6
365942116032901,USGS-365942116032901,2025-12-17T17:10:00Z,2025-12-17,165,1531.84,4
370005116040301,USGS-370005116040301,2025-12-17T17:53:00Z,2025-12-17,165,1550.5,10
370020115593001,USGS-370020115593001,2025-12-17T22:25:00Z,2025-12-17,165,1557.3,4
370116115561302,USGS-370116115561302,2025-12-17T17:53:00Z,2025-12-17,165,2013.74,18
370208116092402,USGS-370208116092402,2025-12-17T18:27:00Z,2025-12-17,165,365.2,9
370254116064201,USGS-370254116064201,2025-12-17T18:58:00Z,2025-12-17,165,644.2,4
370254116070601,USGS-370254116070601,2025-12-17T18:45:00Z,2025-12-17,165,545.07,4
370254116082002,USGS-370254116082002,2025-12-17T19:17:00Z,2025-12-17,165,516.03,5
370424115594301,USGS-370424115594301,2025-12-17T22:10:00Z,2025-12-17,165,1851.69,6
370556116000901,USGS-370556116000901,2025-12-17T23:01:00Z,2025-12-17,165,1967.94,19
370556116025405,USGS-370556116025405,2025-12-17T21:33:00Z,2025-12-17,165,939.71,4
370556116025406,USGS-370556116025406,2025-12-17T21:46:00Z,2025-12-17,165,939.82,4
370625116030001,USGS-370625116030001,2025-12-17T21:00:00Z,2025-12-17,165,1768.22,19
370625116030002,USGS-370625116030002,2025-12-17T21:26:00Z,2025-12-17,165,1008.66,19
370831116080701,USGS-370831116080701,2025-12-17T20:07:00Z,2025-12-17,165,1457.81,5
370958116051512,USGS-370958116051512,2025-12-17T20:42:00Z,2025-12-17,165,2051.23,14
371248116032102,USGS-371248116032102,2025-12-17T19:22:00Z,2025-12-17,165,2292.59,5
371346116032601,USGS-371346116032601,2025-12-17T19:59:00Z,2025-12-17,165,678.82,4
385311119405201,USGS-385311119405201,2025-12-17T21:20:00Z,2025-12-17,165,103.74,1
363238115464601,USGS-363238115464601,2025-12-16T19:45:00Z,2025-12-16,166,284.81,4
363255115515801,USGS-363255115515801,2025-12-16T18:55:00Z,2025-12-16,166,496.63,4
363437116010801,USGS-363437116010801,2025-12-16T17:12:00Z,2025-12-16,166,1032.75,5
363905116005801,USGS-363905116005801,2025-12-16T16:09:00Z,2025-12-16,166,1163.23,10
365910116284401,USGS-365910116284401,2025-12-16T22:28:00Z,2025-12-16,166,746.61,12
370504116335201,USGS-370504116335201,2025-12-16T21:25:00Z,2025-12-16,166,1016.17,12
370610116375301,USGS-370610116375301,2025-12-16T20:05:00Z,2025-12-16,166,322.31,12
370825116302402,USGS-370825116302402,2025-12-16T19:30:00Z,2025-12-16,166,1023.43,18
370852116340502,USGS-370852116340502,2025-12-16T19:05:00Z,2025-12-16,166,754.88,18
371010116325402,USGS-371010116325402,2025-12-16T18:33:00Z,2025-12-16,166,1010.9,18
371010116325404,USGS-371010116325404,2025-12-16T18:42:00Z,2025-12-16,166,1011.07,18
371110116310502,USGS-371110116310502,2025-12-16T17:58:00Z,2025-12-16,166,1187.68,17
371110116310503,USGS-371110116310503,2025-12-16T18:11:00Z,2025-12-16,166,1189.12,16
364539116024301,USGS-364539116024301,2025-12-15T17:29:00Z,2025-12-15,167,540.69,5
364927115574801,USGS-364927115574801,2025-12-15T18:13:00Z,2025-12-15,167,649.69,11
364927115574802,USGS-364927115574802,2025-12-15T18:02:00Z,2025-12-15,167,649.75,4
364928115574801,USGS-364928115574801,2025-12-15T18:24:00Z,2025-12-15,167,726.29,12
364928115574802,USGS-364928115574802,2025-12-15T18:33:00Z,2025-12-15,167,725.81,11
370720116041601,USGS-370720116041601,2025-12-15T19:57:00Z,2025-12-15,167,1769.43,4
370725116033901,USGS-370725116033901,2025-12-15T19:18:00Z,2025-12-15,167,1726.27,6
370725116033902,USGS-370725116033902,2025-12-15T19:31:00Z,2025-12-15,167,855.28,5
335504116544201,USGS-335504116544201,2025-12-11T22:12:00Z,2025-12-11,171,344.1,6
335504116552601,USGS-335504116552601,2025-12-11T21:37:00Z,2025-12-11,171,359.07,7
335557116411901,USGS-335557116411901,2025-12-10T16:48:00Z,2025-12-10,172,334.57,9
370504116404901,USGS-370504116404901,2025-12-10T20:01:00Z,2025-12-10,172,17.53,37
370504116404902,USGS-370504116404902,2025-12-10T19:57:00Z,2025-12-10,172,14.71,20
390208119433201,USGS-390208119433201,2025-12-10T17:34:00Z,2025-12-10,172,41.57,4
393310114475001,USGS-393310114475001,2025-12-10T00:15:00Z,2025-12-10,172,13.24,33
335729117035401,USGS-335729117035401,2025-12-09T21:40:00Z,2025-12-09,173,NA,4
335731117035601,USGS-335731117035601,2025-12-09T21:30:00Z,2025-12-09,173,NA,3
371120116294803,USGS-371120116294803,2025-12-09T19:41:00Z,2025-12-09,173,1427.08,18
371120116294804,USGS-371120116294804,2025-12-09T20:00:00Z,2025-12-09,173,1426.06,18
371120116294805,USGS-371120116294805,2025-12-09T20:18:00Z,2025-12-09,173,1426.1,18
371421116333704,USGS-371421116333704,2025-12-09T22:24:00Z,2025-12-09,173,1454.5,18
390043119421401,USGS-390043119421401,2025-12-09T21:00:00Z,2025-12-09,173,170.51,1
365956116421601,USGS-365956116421601,2025-12-08T19:50:00Z,2025-12-08,174,61.57,41
365956116421603,USGS-365956116421603,2025-12-08T20:09:00Z,2025-12-08,174,61.33,38
385509119414801,USGS-385509119414801,2025-12-08T21:08:00Z,2025-12-08,174,75.46,4
341419116040401,USGS-341419116040401,2025-12-05T00:16:00Z,2025-12-05,177,225.79,5
341419116040402,USGS-341419116040402,2025-12-05T00:22:00Z,2025-12-05,177,225.83,5
341419116040403,USGS-341419116040403,2025-12-05T00:28:00Z,2025-12-05,177,NA,1
363428116240301,USGS-363428116240301,2025-12-05T22:16:00Z,2025-12-05,177,145.08,6
390839119462701,USGS-390839119462701,2025-12-05T19:02:00Z,2025-12-05,177,80.78,19
391105119481101,USGS-391105119481101,2025-12-05T20:44:00Z,2025-12-05,177,137.98,17
391111119481901,USGS-391111119481901,2025-12-05T20:27:00Z,2025-12-05,177,95.6,19
340953116005001,USGS-340953116005001,2025-12-04T22:58:00Z,2025-12-04,178,264.23,6
341416116042501,USGS-341416116042501,2025-12-04T20:54:00Z,2025-12-04,178,223.35,5
341416116042502,USGS-341416116042502,2025-12-04T20:58:00Z,2025-12-04,178,225.74,5
370831116035002,USGS-370831116035002,2025-12-04T20:16:00Z,2025-12-04,178,1810.26,12
371309117074901,USGS-371309117074901,2025-12-03T19:26:00Z,2025-12-03,179,48.76,5
371309117074902,USGS-371309117074902,2025-12-03T18:44:00Z,2025-12-03,179,47.6,5
371615117053601,USGS-371615117053601,2025-12-03T20:37:00Z,2025-12-03,179,54.74,5
371615117053602,USGS-371615117053602,2025-12-03T20:31:00Z,2025-12-03,179,54.59,5
373320117090601,USGS-373320117090601,2025-12-03T17:50:00Z,2025-12-03,179,308.33,4
342603119500501,USGS-342603119500501,2025-12-02T21:10:00Z,2025-12-02,180,41.44,9
375533116580601,USGS-375533116580601,2025-12-02T19:03:00Z,2025-12-02,180,232.11,4
342621119474101,USGS-342621119474101,2025-12-01T20:30:00Z,2025-12-01,181,108.64,8
363008116161201,USGS-363008116161201,2025-11-25T19:08:00Z,2025-11-25,187,-2.7,11
363008116161202,USGS-363008116161202,2025-11-25T19:17:00Z,2025-11-25,187,-2.73,9
362521116160801,USGS-362521116160801,2025-11-24T23:55:00Z,2025-11-24,188,93.33,5
363317116270801,USGS-363317116270801,2025-11-24T20:21:00Z,2025-11-24,188,136.18,12
363317116270802,USGS-363317116270802,2025-11-24T20:10:00Z,2025-11-24,188,170.33,12
363429116233401,USGS-363429116233401,2025-11-24T21:05:00Z,2025-11-24,188,130.99,16
390542119472002,USGS-390542119472002,2025-11-24T18:15:00Z,2025-11-24,188,41.31,2
323313117033901,USGS-323313117033901,2025-11-21T21:46:00Z,2025-11-21,191,37.94,41
323313117033902,USGS-323313117033902,2025-11-21T21:49:00Z,2025-11-21,191,38.15,41
323313117033903,USGS-323313117033903,2025-11-21T21:51:00Z,2025-11-21,191,37.96,40
323313117033904,USGS-323313117033904,2025-11-21T21:53:00Z,2025-11-21,191,14.44,39
323313117033905,USGS-323313117033905,2025-11-21T21:55:00Z,2025-11-21,191,12.28,39
364909116064101,USGS-364909116064101,2025-11-20T18:14:00Z,2025-11-20,192,64.17,20
364913116064101,USGS-364913116064101,2025-11-20T18:52:00Z,2025-11-20,192,100.87,20
364916116063801,USGS-364916116063801,2025-11-20T18:38:00Z,2025-11-20,192,105.21,20
370142116033301,USGS-370142116033301,2025-11-20T23:06:00Z,2025-11-20,192,1614.05,14
370253116055201,USGS-370253116055201,2025-11-20T22:31:00Z,2025-11-20,192,1296.99,5
370320116012001,USGS-370320116012001,2025-11-20T20:18:00Z,2025-11-20,192,1618.55,5
370349116021904,USGS-370349116021904,2025-11-20T18:37:00Z,2025-11-20,192,1652.62,18
370349116021906,USGS-370349116021906,2025-11-20T19:06:00Z,2025-11-20,192,1518.49,14
370411116025911,USGS-370411116025911,2025-11-20T17:37:00Z,2025-11-20,192,1484.67,4
370411116025912,USGS-370411116025912,2025-11-20T17:57:00Z,2025-11-20,192,1547.31,4
370418116044501,USGS-370418116044501,2025-11-20T21:48:00Z,2025-11-20,192,1721.82,6
370741116194501,USGS-370741116194501,2025-11-20T22:08:00Z,2025-11-20,192,911.19,12
371135116282602,USGS-371135116282602,2025-11-20T20:11:00Z,2025-11-20,192,1666.86,20
371135116282603,USGS-371135116282603,2025-11-20T19:49:00Z,2025-11-20,192,1666.54,20
371135116282604,USGS-371135116282604,2025-11-20T20:40:00Z,2025-11-20,192,1667.5,18
371135116282702,USGS-371135116282702,2025-11-20T21:17:00Z,2025-11-20,192,1667.78,20
371143116262503,USGS-371143116262503,2025-11-20T18:43:00Z,2025-11-20,192,1521.66,14
371143116262504,USGS-371143116262504,2025-11-20T19:01:00Z,2025-11-20,192,1521.63,15
372639114520901,USGS-372639114520901,2025-11-20T23:15:00Z,2025-11-20,192,862.9,33
380531114534201,USGS-380531114534201,2025-11-20T20:30:00Z,2025-11-20,192,843.98,31
365948116360401,USGS-365948116360401,2025-11-18T19:42:00Z,2025-11-18,194,214.02,21
365948116360402,USGS-365948116360402,2025-11-18T19:49:00Z,2025-11-18,194,214.36,24
365956116421602,USGS-365956116421602,2025-11-18T18:47:00Z,2025-11-18,194,160.66,26
370139116390501,USGS-370139116390501,2025-11-18T20:30:00Z,2025-11-18,194,345.28,19
370210116421501,USGS-370210116421501,2025-11-18T20:44:00Z,2025-11-18,194,28.46,38
365901115593501,USGS-365901115593501,2025-11-17T19:20:00Z,2025-11-17,195,1543.67,18
365901115593502,USGS-365901115593502,2025-11-17T19:50:00Z,2025-11-17,195,1472.88,5
365904115593402,USGS-365904115593402,2025-11-17T20:31:00Z,2025-11-17,195,1545.23,10
371019116072102,USGS-371019116072102,2025-11-17T18:48:00Z,2025-11-17,195,174.42,4
371019116072103,USGS-371019116072103,2025-11-17T18:41:00Z,2025-11-17,195,174.54,5
371019116072104,USGS-371019116072104,2025-11-17T18:55:00Z,2025-11-17,195,445.16,5
371533116251801,USGS-371533116251801,2025-11-17T22:03:00Z,2025-11-17,195,2012.96,15
371536116251602,USGS-371536116251602,2025-11-17T21:27:00Z,2025-11-17,195,2022.07,14
371537116251501,USGS-371537116251501,2025-11-17T20:58:00Z,2025-11-17,195,2021.24,15
371652116321801,USGS-371652116321801,2025-11-17T20:58:00Z,2025-11-17,195,1846.84,18
371652116321803,USGS-371652116321803,2025-11-17T21:27:00Z,2025-11-17,195,1873.83,18
371652116321805,USGS-371652116321805,2025-11-17T21:59:00Z,2025-11-17,195,1614.1,19
372034116222504,USGS-372034116222504,2025-11-17T19:13:00Z,2025-11-17,195,2110.23,14
372042116340501,USGS-372042116340501,2025-11-17T22:41:00Z,2025-11-17,195,859.16,19
324416117042001,USGS-324416117042001,2025-11-14T20:06:00Z,2025-11-14,198,227.32,39
324416117042002,USGS-324416117042002,2025-11-14T20:09:00Z,2025-11-14,198,227.32,39
324416117042003,USGS-324416117042003,2025-11-14T20:13:00Z,2025-11-14,198,215.69,39
324416117042004,USGS-324416117042004,2025-11-14T20:16:00Z,2025-11-14,198,208.64,39
324416117042005,USGS-324416117042005,2025-11-14T20:19:00Z,2025-11-14,198,156.35,39
382515121262501,USGS-382515121262501,2025-09-26T18:01:00Z,2025-09-26,247,29.62,3
382537121260001,USGS-382537121260001,2025-09-26T18:28:00Z,2025-09-26,247,28.11,3
382800121270701,USGS-382800121270701,2025-09-26T18:56:00Z,2025-09-26,247,14.72,3
382445113501401,USGS-382445113501401,2025-09-24T17:44:00Z,2025-09-24,249,1.03,2
392044119091801,USGS-392044119091801,2025-09-24T19:51:00Z,2025-09-24,249,45.51,5
392054119124501,USGS-392054119124501,2025-09-24T18:47:00Z,2025-09-24,249,45.46,4
392539119161301,USGS-392539119161301,2025-09-24T20:51:00Z,2025-09-24,249,212.6,4
391822119121601,USGS-391822119121601,2025-09-23T23:15:00Z,2025-09-23,250,40.09,5
391829119135301,USGS-391829119135301,2025-09-23T22:57:00Z,2025-09-23,250,39.25,5
391838119144401,USGS-391838119144401,2025-09-23T21:58:00Z,2025-09-23,250,43.22,5
391957119133801,USGS-391957119133801,2025-09-23T22:36:00Z,2025-09-23,250,42.25,5
392029119145301,USGS-392029119145301,2025-09-23T21:36:00Z,2025-09-23,250,225.3,5
392257119142501,USGS-392257119142501,2025-09-23T21:09:00Z,2025-09-23,250,63.36,6
392514119135401,USGS-392514119135401,2025-09-23T20:28:00Z,2025-09-23,250,184.94,5
341714114040301,USGS-341714114040301,2025-09-22T23:00:00Z,2025-09-22,251,2.37,4
383301121211301,USGS-383301121211301,2025-09-19T20:30:00Z,2025-09-19,254,70.82,3
383655121301601,USGS-383655121301601,2025-09-17T17:36:00Z,2025-09-17,256,13.7,3
383659121292201,USGS-383659121292201,2025-09-17T17:58:00Z,2025-09-17,256,16.06,3
383727121301801,USGS-383727121301801,2025-09-17T18:16:00Z,2025-09-17,256,12.24,3
383746121291101,USGS-383746121291101,2025-09-17T18:36:00Z,2025-09-17,256,13.46,3
384145121184101,USGS-384145121184101,2025-09-17T21:06:00Z,2025-09-17,256,133.82,3
384211121232001,USGS-384211121232001,2025-09-17T19:08:00Z,2025-09-17,256,106.29,3
384303121211701,USGS-384303121211701,2025-09-17T20:29:00Z,2025-09-17,256,152.59,3
384318121230001,USGS-384318121230001,2025-09-17T19:36:00Z,2025-09-17,256,110.15,3
382450121253601,USGS-382450121253601,2025-09-16T18:35:00Z,2025-09-16,257,35.18,3
382517121252601,USGS-382517121252601,2025-09-16T19:15:00Z,2025-09-16,257,32.77,3
382629121254801,USGS-382629121254801,2025-09-16T20:52:00Z,2025-09-16,257,26.69,3
382757121261101,USGS-382757121261101,2025-09-16T21:18:00Z,2025-09-16,257,23.19,3
382906121322201,USGS-382906121322201,2025-09-16T17:45:00Z,2025-09-16,257,4.26,3
382941121320601,USGS-382941121320601,2025-09-16T18:42:00Z,2025-09-16,257,6.13,3
383410121183401,USGS-383410121183401,2025-09-16T19:53:00Z,2025-09-16,257,82.43,3
410315119013601,USGS-410315119013601,2025-09-16T16:06:00Z,2025-09-16,257,3.65,4
410452119383801,USGS-410452119383801,2025-09-16T18:04:00Z,2025-09-16,257,14.52,5
410622118525101,USGS-410622118525101,2025-09-16T18:50:00Z,2025-09-16,257,52.42,4
410627119362801,USGS-410627119362801,2025-09-16T18:21:00Z,2025-09-16,257,2.43,6
411238119285401,USGS-411238119285401,2025-09-16T18:46:00Z,2025-09-16,257,42.97,6
411248119354001,USGS-411248119354001,2025-09-16T17:00:00Z,2025-09-16,257,67.52,6
412424119393601,USGS-412424119393601,2025-09-16T14:59:00Z,2025-09-16,257,92.35,4
412510119333001,USGS-412510119333001,2025-09-16T15:42:00Z,2025-09-16,257,200.21,6
374148120581601,USGS-374148120581601,2025-09-15T17:41:00Z,2025-09-15,258,44.79,1
382515121214401,USGS-382515121214401,2025-09-15T17:35:00Z,2025-09-15,258,60.56,3
390810119450101,USGS-390810119450101,2025-09-15T17:26:00Z,2025-09-15,258,32.47,9
391018119461101,USGS-391018119461101,2025-09-15T16:29:00Z,2025-09-15,258,4.34,3
404503118443801,USGS-404503118443801,2025-09-15T16:20:00Z,2025-09-15,258,37.93,5
404558118345501,USGS-404558118345501,2025-09-15T17:45:00Z,2025-09-15,258,21.54,5
405038118510101,USGS-405038118510101,2025-09-15T17:06:00Z,2025-09-15,258,172.54,5
405611118423201,USGS-405611118423201,2025-09-15T18:26:00Z,2025-09-15,258,78.36,5
410543118372201,USGS-410543118372201,2025-09-15T19:04:00Z,2025-09-15,258,59.58,3
412006118505901,USGS-412006118505901,2025-09-15T21:27:00Z,2025-09-15,258,71.76,5
412755118381401,USGS-412755118381401,2025-09-15T20:15:00Z,2025-09-15,258,59.3,5
412837119174201,USGS-412837119174201,2025-09-15T23:09:00Z,2025-09-15,258,35.79,6
413400119070001,USGS-413400119070001,2025-09-15T21:05:00Z,2025-09-15,258,78.21,5
391134119422501,USGS-391134119422501,2025-09-12T18:27:00Z,2025-09-12,261,10.56,2
391201119421501,USGS-391201119421501,2025-09-12T18:46:00Z,2025-09-12,261,33.95,4
392517119025101,USGS-392517119025101,2025-09-10T19:13:00Z,2025-09-10,263,325.21,4
392540119023901,USGS-392540119023901,2025-09-10T18:50:00Z,2025-09-10,263,178.89,5
392624119102901,USGS-392624119102901,2025-09-10T20:42:00Z,2025-09-10,263,NA,4
392645119012001,USGS-392645119012001,2025-09-10T20:00:00Z,2025-09-10,263,127.31,5
392704119104401,USGS-392704119104401,2025-09-10T22:09:00Z,2025-09-10,263,295.73,5
393107119041601,USGS-393107119041601,2025-09-10T18:13:00Z,2025-09-10,263,223.16,4
393006118515101,USGS-393006118515101,2025-09-09T22:43:00Z,2025-09-09,264,13.42,16
393155118483001,USGS-393155118483001,2025-09-09T21:51:00Z,2025-09-09,264,30.72,5
393155118483002,USGS-393155118483002,2025-09-09T21:48:00Z,2025-09-09,264,NA,4
393309118344701,USGS-393309118344701,2025-09-09T18:50:00Z,2025-09-09,264,6.44,5
393309118344702,USGS-393309118344702,2025-09-09T18:44:00Z,2025-09-09,264,9.54,5
393309118344703,USGS-393309118344703,2025-09-09T18:48:00Z,2025-09-09,264,1.11,5
393309118344704,USGS-393309118344704,2025-09-09T18:45:00Z,2025-09-09,264,-1.33,5
393648118325101,USGS-393648118325101,2025-09-09T19:35:00Z,2025-09-09,264,11.99,5
393651118325701,USGS-393651118325701,2025-09-09T19:40:00Z,2025-09-09,264,14.87,4
394046118472601,USGS-394046118472601,2025-09-09T21:06:00Z,2025-09-09,264,9.39,4
394046118472603,USGS-394046118472603,2025-09-09T21:11:00Z,2025-09-09,264,10.28,5
364922115580101,USGS-364922115580101,2025-09-08T18:51:00Z,2025-09-08,265,724.33,10
364928115580101,USGS-364928115580101,2025-09-08T19:05:00Z,2025-09-08,265,730.41,10
365105115565801,USGS-365105115565801,2025-09-08T14:54:00Z,2025-09-08,265,772.4,10
365152115565701,USGS-365152115565701,2025-09-08T18:25:00Z,2025-09-08,265,839.57,10
365201115581601,USGS-365201115581601,2025-09-08T16:30:00Z,2025-09-08,265,888.79,10
365212115554901,USGS-365212115554901,2025-09-08T17:43:00Z,2025-09-08,265,930.65,10
365223115561701,USGS-365223115561701,2025-09-08T16:48:00Z,2025-09-08,265,928,10
365223115561702,USGS-365223115561702,2025-09-08T16:38:00Z,2025-09-08,265,928.34,10
365223115561703,USGS-365223115561703,2025-09-08T16:59:00Z,2025-09-08,265,928.03,4
365223115561704,USGS-365223115561704,2025-09-08T17:23:00Z,2025-09-08,265,928.04,11
365314115561901,USGS-365314115561901,2025-09-08T16:15:00Z,2025-09-08,265,1154.25,10
391531118372001,USGS-391531118372001,2025-09-08T22:09:00Z,2025-09-08,265,27.87,5
391343119343801,USGS-391343119343801,2025-09-04T18:06:00Z,2025-09-04,269,109.05,4
391557119303301,USGS-391557119303301,2025-09-04T19:06:00Z,2025-09-04,269,124.82,3
391836119301701,USGS-391836119301701,2025-09-04T21:09:00Z,2025-09-04,269,66.08,5
391859119293801,USGS-391859119293801,2025-09-04T21:17:00Z,2025-09-04,269,87.59,4
391937119281701,USGS-391937119281701,2025-09-04T21:42:00Z,2025-09-04,269,80.61,5
391937119281801,USGS-391937119281801,2025-09-04T21:38:00Z,2025-09-04,269,53.66,5
392014119273901,USGS-392014119273901,2025-09-04T22:01:00Z,2025-09-04,269,61.55,5
392031119273901,USGS-392031119273901,2025-09-04T22:17:00Z,2025-09-04,269,124.39,5
392153119265701,USGS-392153119265701,2025-09-04T22:31:00Z,2025-09-04,269,79.92,5
365106115572901,USGS-365106115572901,2025-09-03T15:30:00Z,2025-09-03,270,765.77,11
333308116375401,USGS-333308116375401,2025-08-26T17:20:00Z,2025-08-26,278,135.92,9
333310116430501,USGS-333310116430501,2025-08-26T21:46:00Z,2025-08-26,278,74.37,1
360310119201901,USGS-360310119201901,2025-08-26T19:50:00Z,2025-08-26,278,139.81,3
360719119205501,USGS-360719119205501,2025-08-26T21:10:00Z,2025-08-26,278,49.02,3
361726119241101,USGS-361726119241101,2025-08-26T21:35:00Z,2025-08-26,278,137.65,4
372933120565901,USGS-372933120565901,2025-08-25T21:45:00Z,2025-08-25,279,6.76,2
373114120595001,USGS-373114120595001,2025-08-25T21:20:00Z,2025-08-25,279,12.18,3
373700121071001,USGS-373700121071001,2025-08-25T20:20:00Z,2025-08-25,279,14.38,3
333038116384401,USGS-333038116384401,2025-08-20T21:07:00Z,2025-08-20,284,67.55,2
385622114250001,USGS-385622114250001,2025-08-20T01:30:00Z,2025-08-20,284,18.76,9
345420117524801,USGS-345420117524801,2025-08-19T20:05:00Z,2025-08-19,285,61.79,9
361003119212501,USGS-361003119212501,2025-08-19T21:39:00Z,2025-08-19,285,142.09,2
361422119431201,USGS-361422119431201,2025-08-19T20:10:00Z,2025-08-19,285,19.31,2
364024119464201,USGS-364024119464201,2025-08-19T15:13:00Z,2025-08-19,285,95.02,2
365329119321701,USGS-365329119321701,2025-08-18T22:35:00Z,2025-08-18,286,14.89,2
371321116292301,USGS-371321116292301,2025-08-18T17:10:10Z,2025-08-18,286,1989.9,25
373753120474602,USGS-373753120474602,2025-08-18T18:40:00Z,2025-08-18,286,95,3
381731121183001,USGS-381731121183001,2025-08-18T15:14:00Z,2025-08-18,286,90.99,2
344004120274702,USGS-344004120274702,2025-08-13T18:14:00Z,2025-08-13,291,20.5,2
344008120320901,USGS-344008120320901,2025-08-13T21:25:00Z,2025-08-13,291,34.99,2
373645120392401,USGS-373645120392401,2025-08-13T18:20:00Z,2025-08-13,291,242.01,1
343929120321002,USGS-343929120321002,2025-08-12T22:16:00Z,2025-08-12,292,10.99,1
344043120322407,USGS-344043120322407,2025-08-12T19:31:00Z,2025-08-12,292,31.06,4
374460121101001,USGS-374460121101001,2025-08-12T15:35:00Z,2025-08-12,292,28.67,1
374210121064001,USGS-374210121064001,2025-08-11T18:00:00Z,2025-08-11,293,15.55,1
374730121035401,USGS-374730121035401,2025-08-11T21:30:00Z,2025-08-11,293,71.9,1
373651120303801,USGS-373651120303801,2025-08-07T15:16:00Z,2025-08-07,297,131.87,1
343926120293001,USGS-343926120293001,2025-08-06T17:10:00Z,2025-08-06,298,33.94,6
344112120351001,USGS-344112120351001,2025-08-06T19:34:00Z,2025-08-06,298,15.81,5
371024116293103,USGS-371024116293103,2025-08-06T16:46:00Z,2025-08-06,298,1361,17
343938120264101,USGS-343938120264101,2025-08-05T20:19:00Z,2025-08-05,299,42.58,2
343938120264102,USGS-343938120264102,2025-08-05T20:05:00Z,2025-08-05,299,45.6,1
371835120331801,USGS-371835120331801,2025-08-04T16:33:00Z,2025-08-04,300,65.69,4
372646120410401,USGS-372646120410401,2025-08-04T19:50:00Z,2025-08-04,300,NA,1
392306119381701,USGS-392306119381701,2025-07-25T17:31:00Z,2025-07-25,310,245.5,11
372746120443601,USGS-372746120443601,2025-07-24T15:42:00Z,2025-07-24,311,74.72,3
372617120530201,USGS-372617120530201,2025-07-23T18:40:00Z,2025-07-23,312,12.75,2
392250119383101,USGS-392250119383101,2025-07-23T19:16:00Z,2025-07-23,312,37.88,20
392308119391401,USGS-392308119391401,2025-07-23T17:34:00Z,2025-07-23,312,46.5,14
373239120473001,USGS-373239120473001,2025-07-22T18:08:00Z,2025-07-22,313,99.17,1
373450120475001,USGS-373450120475001,2025-07-22T16:10:00Z,2025-07-22,313,100.44,2
374733121062401,USGS-374733121062401,2025-07-21T16:03:00Z,2025-07-21,314,62.27,3
372231120461202,USGS-372231120461202,2025-07-16T16:43:00Z,2025-07-16,319,102.15,1
373755120501501,USGS-373755120501501,2025-07-14T17:15:00Z,2025-07-14,321,81.44,1
393425115215301,USGS-393425115215301,2025-07-07T20:25:00Z,2025-07-07,328,243.52,12
392323119382201,USGS-392323119382201,2025-07-01T13:45:00Z,2025-07-01,334,115.77,46
370031116121103,USGS-370031116121103,2025-06-26T18:18:00Z,2025-06-26,339,4083.95,5
353606120474701,USGS-353606120474701,2025-06-25T15:31:00Z,2025-06-25,340,63.87,10
353608120474501,USGS-353608120474501,2025-06-25T16:02:00Z,2025-06-25,340,74.51,10
353618120473501,USGS-353618120473501,2025-06-25T16:13:00Z,2025-06-25,340,50.74,10
353618120474801,USGS-353618120474801,2025-06-25T16:21:00Z,2025-06-25,340,127.37,13
391319119384101,USGS-391319119384101,2025-06-25T17:22:00Z,2025-06-25,340,18.21,10
393006118515102,USGS-393006118515102,2025-06-24T19:28:00Z,2025-06-24,341,31.55,11
340450114153401,USGS-340450114153401,2025-06-18T16:58:00Z,2025-06-18,347,178.21,4
345342114323701,USGS-345342114323701,2025-06-18T13:55:00Z,2025-06-18,347,56.22,6
334057114375901,USGS-334057114375901,2025-06-17T18:19:00Z,2025-06-17,348,144.61,3
345704114403701,USGS-345704114403701,2025-06-17T23:36:00Z,2025-06-17,348,50.21,7
372543116363502,USGS-372543116363502,2025-06-16T17:07:00Z,2025-06-16,349,233.54,9
373420116260202,USGS-373420116260202,2025-06-16T17:40:00Z,2025-06-16,349,464.31,9
373446116433301,USGS-373446116433301,2025-06-16T19:55:00Z,2025-06-16,349,52.1,9
373622116434601,USGS-373622116434601,2025-06-16T19:07:00Z,2025-06-16,349,21.13,9
373622116434701,USGS-373622116434701,2025-06-16T18:51:00Z,2025-06-16,349,25.82,9
373623116434701,USGS-373623116434701,2025-06-16T18:39:00Z,2025-06-16,349,32.98,9
390708119450301,USGS-390708119450301,2025-06-12T19:20:00Z,2025-06-12,353,51.06,5
390834119450701,USGS-390834119450701,2025-06-12T20:12:00Z,2025-06-12,353,19.9,4
390943119474801,USGS-390943119474801,2025-06-12T18:20:00Z,2025-06-12,353,36.13,4
390943119474802,USGS-390943119474802,2025-06-12T17:50:00Z,2025-06-12,353,39.76,2
391126119423201,USGS-391126119423201,2025-06-12T16:04:00Z,2025-06-12,353,4.66,5
391127119442501,USGS-391127119442501,2025-06-12T16:27:00Z,2025-06-12,353,8.79,6
392507119462002,USGS-392507119462002,2025-06-12T16:05:00Z,2025-06-12,353,126.71,4
392541119463102,USGS-392541119463102,2025-06-12T16:27:00Z,2025-06-12,353,100.49,2
392837119485901,USGS-392837119485901,2025-06-12T16:56:00Z,2025-06-12,353,100.99,4
364111116470101,USGS-364111116470101,2025-06-11T19:00:00Z,2025-06-11,354,819.9,2
364235116441701,USGS-364235116441701,2025-06-11T16:56:00Z,2025-06-11,354,341.8,2
364243116432401,USGS-364243116432401,2025-06-11T15:57:00Z,2025-06-11,354,353.8,2
364246116445701,USGS-364246116445701,2025-06-11T17:48:00Z,2025-06-11,354,282.16,2
392726119460101,USGS-392726119460101,2025-06-11T18:06:00Z,2025-06-11,354,11.9,3
392744119464601,USGS-392744119464601,2025-06-11T18:32:00Z,2025-06-11,354,15.17,4
392918119464901,USGS-392918119464901,2025-06-11T22:24:00Z,2025-06-11,354,5.97,3
392937119452601,USGS-392937119452601,2025-06-11T22:07:00Z,2025-06-11,354,6.49,4
393023119513701,USGS-393023119513701,2025-06-11T19:30:00Z,2025-06-11,354,36.16,5
393033119465401,USGS-393033119465401,2025-06-11T21:40:00Z,2025-06-11,354,21.04,4
393054119445501,USGS-393054119445501,2025-06-11T21:21:00Z,2025-06-11,354,9.41,2
393208119491401,USGS-393208119491401,2025-06-11T19:54:00Z,2025-06-11,354,116.66,4
393249119422901,USGS-393249119422901,2025-06-11T20:15:00Z,2025-06-11,354,8,4
364514116482901,USGS-364514116482901,2025-06-09T20:00:00Z,2025-06-09,356,354.24,2
364853116520801,USGS-364853116520801,2025-06-09T18:11:00Z,2025-06-09,356,660.02,2
364905116490601,USGS-364905116490601,2025-06-09T21:37:00Z,2025-06-09,356,615.38,2
365246116452101,USGS-365246116452101,2025-06-04T20:28:00Z,2025-06-04,361,41.36,15
365640116431501,USGS-365640116431501,2025-06-04T20:25:00Z,2025-06-04,361,19.65,15
370131116440801,USGS-370131116440801,2025-06-04T19:54:00Z,2025-06-04,361,24,13
370825116302405,USGS-370825116302405,2025-05-28T20:49:00Z,2025-05-28,368,1023.33,13
371010116325406,USGS-371010116325406,2025-05-28T19:19:00Z,2025-05-28,368,1010.85,13
371110116310507,USGS-371110116310507,2025-05-28T18:07:00Z,2025-05-28,368,1191.08,12
371608116191002,USGS-371608116191002,2025-05-28T17:09:00Z,2025-05-28,368,2339.07,13
371736116184701,USGS-371736116184701,2025-05-28T16:14:00Z,2025-05-28,368,2138.52,13
340756116190601,USGS-340756116190601,2025-05-21T02:03:00Z,2025-05-21,375,515.81,1
341420116245601,USGS-341420116245601,2025-05-20T16:11:00Z,2025-05-20,376,233.86,3
341445116242301,USGS-341445116242301,2025-05-20T20:29:00Z,2025-05-20,376,295.16,5
370301116185801,USGS-370301116185801,2025-05-19T21:45:00Z,2025-05-19,377,445.35,14
370301116185802,USGS-370301116185802,2025-05-19T21:54:00Z,2025-05-19,377,445.33,14
392627119481901,USGS-392627119481901,2025-05-16T18:56:00Z,2025-05-16,380,146.22,2
393108119415101,USGS-393108119415101,2025-05-16T17:41:00Z,2025-05-16,380,1.69,2
393108119415102,USGS-393108119415102,2025-05-16T17:43:00Z,2025-05-16,380,14.78,2
371043116142101,USGS-371043116142101,2025-05-13T19:24:00Z,2025-05-13,383,1784.26,11
371043116142102,USGS-371043116142102,2025-05-13T19:50:00Z,2025-05-13,383,1119.41,10
371043116142103,USGS-371043116142103,2025-05-13T20:28:00Z,2025-05-13,383,999.11,10
371043116142104,USGS-371043116142104,2025-05-13T20:09:00Z,2025-05-13,383,1135.19,10
345410116544101,USGS-345410116544101,2025-05-12T18:00:00Z,2025-05-12,384,158.32,4
371135116282606,USGS-371135116282606,2025-05-06T17:29:00Z,2025-05-06,390,1666.67,15
371135116282701,USGS-371135116282701,2025-05-06T20:09:00Z,2025-05-06,390,1667.83,20
371146116290301,USGS-371146116290301,2025-05-06T21:23:00Z,2025-05-06,390,1655.35,16
371151116294107,USGS-371151116294107,2025-05-06T19:08:00Z,2025-05-06,390,1477.49,15
341840117200501,USGS-341840117200501,2025-05-05T15:15:00Z,2025-05-05,391,16.74,4
345341117082101,USGS-345341117082101,2025-05-01T15:45:00Z,2025-05-01,395,70.39,5
345341117082102,USGS-345341117082102,2025-05-01T15:50:00Z,2025-05-01,395,69.26,5
345341117082103,USGS-345341117082103,2025-05-01T15:51:00Z,2025-05-01,395,66.85,5
324421114482101,USGS-324421114482101,2025-04-30T15:53:00Z,2025-04-30,396,126.63,10
333307116395101,USGS-333307116395101,2025-04-30T18:49:00Z,2025-04-30,396,42.29,6
333312116394301,USGS-333312116394301,2025-04-30T18:59:00Z,2025-04-30,396,16.16,7
345406117044002,USGS-345406117044002,2025-04-30T20:56:00Z,2025-04-30,396,64.93,5
345406117044003,USGS-345406117044003,2025-04-30T22:38:00Z,2025-04-30,396,64.2,5
371442116243301,USGS-371442116243301,2025-04-30T17:35:00Z,2025-04-30,396,2211.52,14
371649116242102,USGS-371649116242102,2025-04-30T16:44:00Z,2025-04-30,396,2097.48,13
342959117283101,USGS-342959117283101,2025-04-29T15:31:00Z,2025-04-29,397,374.99,4
342812117281401,USGS-342812117281401,2025-04-28T16:19:00Z,2025-04-28,398,568.66,4
333321116402801,USGS-333321116402801,2025-04-24T22:21:00Z,2025-04-24,402,102.97,6
371143116262505,USGS-371143116262505,2025-04-23T22:13:00Z,2025-04-23,403,1521.62,22
371349116222001,USGS-371349116222001,2025-04-23T19:50:00Z,2025-04-23,403,2079.94,14
371714116230301,USGS-371714116230301,2025-04-23T18:44:00Z,2025-04-23,403,1983.35,13
344522117005301,USGS-344522117005301,2025-04-12T00:02:00Z,2025-04-12,414,122.53,1
343050117395601,USGS-343050117395601,2025-04-11T00:57:00Z,2025-04-11,415,383.44,2
344450116593901,USGS-344450116593901,2025-04-11T22:53:00Z,2025-04-11,415,160.8,1
344557117143701,USGS-344557117143701,2025-04-11T02:12:00Z,2025-04-11,415,165.86,2
344807117163001,USGS-344807117163001,2025-04-11T19:44:00Z,2025-04-11,415,23,1
344817117180201,USGS-344817117180201,2025-04-11T20:21:00Z,2025-04-11,415,201.2,1
344841117115101,USGS-344841117115101,2025-04-11T18:47:00Z,2025-04-11,415,27.97,2
344923117111601,USGS-344923117111601,2025-04-11T17:59:00Z,2025-04-11,415,6.36,2
345446117071101,USGS-345446117071101,2025-04-11T00:23:00Z,2025-04-11,415,71.83,2
342705119493501,USGS-342705119493501,2025-04-10T17:30:00Z,2025-04-10,416,0.9,7
342930117395301,USGS-342930117395301,2025-04-10T22:12:00Z,2025-04-10,416,530.37,2
342950117405601,USGS-342950117405601,2025-04-10T21:16:00Z,2025-04-10,416,492.87,2
342953117410201,USGS-342953117410201,2025-04-10T21:45:00Z,2025-04-10,416,481.76,3
343045117394301,USGS-343045117394301,2025-04-10T20:32:00Z,2025-04-10,416,376.3,2
343056117342401,USGS-343056117342401,2025-04-10T22:46:00Z,2025-04-10,416,401.16,2
343424117354101,USGS-343424117354101,2025-04-10T18:45:00Z,2025-04-10,416,127.89,2
343552117374801,USGS-343552117374801,2025-04-10T02:15:00Z,2025-04-10,416,108.88,2
343603117364901,USGS-343603117364901,2025-04-10T16:53:00Z,2025-04-10,416,82.59,2
343605117365301,USGS-343605117365301,2025-04-10T23:00:00Z,2025-04-10,416,NA,1
343608117365401,USGS-343608117365401,2025-04-10T16:09:00Z,2025-04-10,416,80.74,2
343619117355901,USGS-343619117355901,2025-04-10T00:52:00Z,2025-04-10,416,NA,2
343621117345501,USGS-343621117345501,2025-04-10T02:01:00Z,2025-04-10,416,225.89,2
344715117164301,USGS-344715117164301,2025-04-10T23:02:00Z,2025-04-10,416,11.54,2
344718117164301,USGS-344718117164301,2025-04-10T23:14:00Z,2025-04-10,416,12.26,2
344753117133301,USGS-344753117133301,2025-04-10T22:20:00Z,2025-04-10,416,19.22,2
344810117124901,USGS-344810117124901,2025-04-10T21:51:00Z,2025-04-10,416,10.17,2
344819117122601,USGS-344819117122601,2025-04-10T21:14:00Z,2025-04-10,416,10.49,2
345017117084401,USGS-345017117084401,2025-04-10T18:49:00Z,2025-04-10,416,275.63,1
345438116355401,USGS-345438116355401,2025-04-10T00:29:00Z,2025-04-10,416,92.22,2
342556119484401,USGS-342556119484401,2025-04-09T18:46:00Z,2025-04-09,417,72.76,7
343332117401301,USGS-343332117401301,2025-04-09T19:26:00Z,2025-04-09,417,201.28,2
343353117405101,USGS-343353117405101,2025-04-09T19:02:00Z,2025-04-09,417,192.13,2
343541117364801,USGS-343541117364801,2025-04-09T00:23:00Z,2025-04-09,417,97.21,1
343623117381201,USGS-343623117381201,2025-04-09T20:02:00Z,2025-04-09,417,185.08,2
343653117362001,USGS-343653117362001,2025-04-09T16:19:00Z,2025-04-09,417,54.38,2
343713117361601,USGS-343713117361601,2025-04-09T17:50:00Z,2025-04-09,417,48.99,2
343726117372201,USGS-343726117372201,2025-04-09T23:06:00Z,2025-04-09,417,159.78,2
343734117371701,USGS-343734117371701,2025-04-09T23:57:00Z,2025-04-09,417,115.83,2
343738117360801,USGS-343738117360801,2025-04-09T18:06:00Z,2025-04-09,417,211.89,2
343845117423201,USGS-343845117423201,2025-04-09T02:02:00Z,2025-04-09,417,66.7,1
343905117380701,USGS-343905117380701,2025-04-09T01:03:00Z,2025-04-09,417,74.03,2
345105116404801,USGS-345105116404801,2025-04-09T22:02:00Z,2025-04-09,417,NA,2
345314116433701,USGS-345314116433701,2025-04-09T20:51:00Z,2025-04-09,417,169.51,1
345404116394701,USGS-345404116394701,2025-04-09T23:23:00Z,2025-04-09,417,133.12,2
345405116401501,USGS-345405116401501,2025-04-09T22:54:00Z,2025-04-09,417,134.89,1
345501116391801,USGS-345501116391801,2025-04-09T01:19:00Z,2025-04-09,417,110.89,2
345516116440601,USGS-345516116440601,2025-04-09T02:26:00Z,2025-04-09,417,NA,1
345530116380201,USGS-345530116380201,2025-04-09T00:12:00Z,2025-04-09,417,79.03,2
345610116364601,USGS-345610116364601,2025-04-09T00:41:00Z,2025-04-09,417,28.07,2
342623119464701,USGS-342623119464701,2025-04-08T17:00:00Z,2025-04-08,418,140.15,9
343600117360001,USGS-343600117360001,2025-04-08T23:01:00Z,2025-04-08,418,79.42,2
343605117361901,USGS-343605117361901,2025-04-08T22:44:00Z,2025-04-08,418,78.39,2
343613117335301,USGS-343613117335301,2025-04-08T17:43:00Z,2025-04-08,418,50.22,1
343632117342101,USGS-343632117342101,2025-04-08T18:19:00Z,2025-04-08,418,37.77,2
343642117362701,USGS-343642117362701,2025-04-08T22:26:00Z,2025-04-08,418,61.16,1
343646117354501,USGS-343646117354501,2025-04-08T22:02:00Z,2025-04-08,418,48.24,2
343724117323201,USGS-343724117323201,2025-04-08T20:58:00Z,2025-04-08,418,89.26,2
343756117324401,USGS-343756117324401,2025-04-08T16:42:00Z,2025-04-08,418,117.03,2
345828116321101,USGS-345828116321101,2025-04-08T23:03:00Z,2025-04-08,418,24.88,3
345828116321102,USGS-345828116321102,2025-04-08T23:09:00Z,2025-04-08,418,NA,1
345841116313801,USGS-345841116313801,2025-04-08T23:32:00Z,2025-04-08,418,30.95,2
345841116313802,USGS-345841116313802,2025-04-08T23:34:00Z,2025-04-08,418,NA,1
345851116404301,USGS-345851116404301,2025-04-08T19:55:00Z,2025-04-08,418,106.15,2
345851116414901,USGS-345851116414901,2025-04-08T20:04:00Z,2025-04-08,418,96.71,3
345928116403301,USGS-345928116403301,2025-04-08T19:33:00Z,2025-04-08,418,93.47,2
345939116393301,USGS-345939116393301,2025-04-08T19:10:00Z,2025-04-08,418,91.11,2
345957116385501,USGS-345957116385501,2025-04-08T18:05:00Z,2025-04-08,418,85.17,2
350002116390301,USGS-350002116390301,2025-04-08T18:38:00Z,2025-04-08,418,72.16,2
350332116472001,USGS-350332116472001,2025-04-08T00:03:00Z,2025-04-08,418,NA,1
350417116452101,USGS-350417116452101,2025-04-08T00:42:00Z,2025-04-08,418,NA,1
345413116552201,USGS-345413116552201,2025-04-07T17:23:00Z,2025-04-07,419,267.59,2
350359116481001,USGS-350359116481001,2025-04-07T23:33:00Z,2025-04-07,419,57.79,3
350502116465901,USGS-350502116465901,2025-04-07T23:17:00Z,2025-04-07,419,NA,2
350515116472401,USGS-350515116472401,2025-04-07T23:02:00Z,2025-04-07,419,1.93,1
350531116472501,USGS-350531116472501,2025-04-07T22:49:00Z,2025-04-07,419,6.24,1
350541116501101,USGS-350541116501101,2025-04-07T19:30:00Z,2025-04-07,419,212.95,3
350657116483201,USGS-350657116483201,2025-04-07T19:48:00Z,2025-04-07,419,94.47,2
344956116352901,USGS-344956116352901,2025-04-04T01:10:00Z,2025-04-04,422,71.75,2
345516116363801,USGS-345516116363801,2025-04-04T02:17:00Z,2025-04-04,422,96.89,2
345551116520801,USGS-345551116520801,2025-04-04T16:46:00Z,2025-04-04,422,221.24,3
350737117570201,USGS-350737117570201,2025-04-04T19:47:00Z,2025-04-04,422,69.14,2
324510115565601,USGS-324510115565601,2025-04-03T23:18:00Z,2025-04-03,423,NA,8
344845116383701,USGS-344845116383701,2025-04-03T22:15:00Z,2025-04-03,423,105.83,2
345052116413901,USGS-345052116413901,2025-04-03T21:24:00Z,2025-04-03,423,91.25,2
345053116344701,USGS-345053116344701,2025-04-03T02:32:00Z,2025-04-03,423,58.36,3
345159116333901,USGS-345159116333901,2025-04-03T00:06:00Z,2025-04-03,423,51.48,3
345200116390002,USGS-345200116390002,2025-04-03T23:10:00Z,2025-04-03,423,141.58,2
345241116391401,USGS-345241116391401,2025-04-03T22:50:00Z,2025-04-03,423,140.38,2
345408116415101,USGS-345408116415101,2025-04-03T23:53:00Z,2025-04-03,423,156.23,2
343611117331801,USGS-343611117331801,2025-04-02T00:28:00Z,2025-04-02,424,NA,2
345053116484301,USGS-345053116484301,2025-04-02T19:18:00Z,2025-04-02,424,198.84,2
345109116332401,USGS-345109116332401,2025-04-02T22:21:00Z,2025-04-02,424,63.15,2
345115116435001,USGS-345115116435001,2025-04-02T00:49:00Z,2025-04-02,424,107.98,2
345118116332501,USGS-345118116332501,2025-04-02T22:43:00Z,2025-04-02,424,62.5,2
345124116460401,USGS-345124116460401,2025-04-02T00:23:00Z,2025-04-02,424,137.27,2
345142116332601,USGS-345142116332601,2025-04-02T23:44:00Z,2025-04-02,424,77.25,3
345356116523001,USGS-345356116523001,2025-04-02T20:30:00Z,2025-04-02,424,189.92,1
345356116523002,USGS-345356116523002,2025-04-02T20:33:00Z,2025-04-02,424,189.09,1
345356116523003,USGS-345356116523003,2025-04-02T20:37:00Z,2025-04-02,424,186.1,1
345050116481301,USGS-345050116481301,2025-04-01T19:54:00Z,2025-04-01,425,201.63,2
345147116535601,USGS-345147116535601,2025-04-01T19:02:00Z,2025-04-01,425,132.36,2
345210117070701,USGS-345210117070701,2025-04-01T16:52:00Z,2025-04-01,425,114.38,2
345225116555001,USGS-345225116555001,2025-04-01T18:31:00Z,2025-04-01,425,24.07,2
345225116555002,USGS-345225116555002,2025-04-01T18:35:00Z,2025-04-01,425,23.72,2
345542116522401,USGS-345542116522401,2025-04-01T22:28:00Z,2025-04-01,425,191.81,2
345542116522901,USGS-345542116522901,2025-04-01T22:58:00Z,2025-04-01,425,189.4,2
342400116540001,USGS-342400116540001,2025-03-28T17:39:00Z,2025-03-28,429,235.83,2
342441116522902,USGS-342441116522902,2025-03-28T16:38:00Z,2025-03-28,429,185.87,2
342529116563901,USGS-342529116563901,2025-03-28T20:04:00Z,2025-03-28,429,83.83,1
342555117014401,USGS-342555117014401,2025-03-28T18:56:00Z,2025-03-28,429,69.81,2
345329117065401,USGS-345329117065401,2025-03-28T16:32:00Z,2025-03-28,429,74.23,2
345400117000001,USGS-345400117000001,2025-03-28T19:41:00Z,2025-03-28,429,37.01,2
345400117010001,USGS-345400117010001,2025-03-28T19:08:00Z,2025-03-28,429,46.56,2
345418117100901,USGS-345418117100901,2025-03-28T20:38:00Z,2025-03-28,429,100.23,2
345455117052601,USGS-345455117052601,2025-03-28T22:29:00Z,2025-03-28,429,70.54,2
342501116535201,USGS-342501116535201,2025-03-27T20:26:00Z,2025-03-27,430,122.74,2
342511116541201,USGS-342511116541201,2025-03-27T19:06:00Z,2025-03-27,430,305.69,2
342530116542101,USGS-342530116542101,2025-03-27T18:17:00Z,2025-03-27,430,126.68,2
342546116513901,USGS-342546116513901,2025-03-27T17:33:00Z,2025-03-27,430,167.12,1
342743116562601,USGS-342743116562601,2025-03-27T16:06:00Z,2025-03-27,430,132.79,1
343338116553801,USGS-343338116553801,2025-03-27T15:20:00Z,2025-03-27,430,188.92,2
345441117080801,USGS-345441117080801,2025-03-27T22:19:00Z,2025-03-27,430,74.32,2
345623117111901,USGS-345623117111901,2025-03-27T14:35:00Z,2025-03-27,430,77.03,2
345816117101301,USGS-345816117101301,2025-03-27T15:08:00Z,2025-03-27,430,67.49,3
345924117111901,USGS-345924117111901,2025-03-27T16:06:00Z,2025-03-27,430,81.3,2
345931117322401,USGS-345931117322401,2025-03-27T13:47:00Z,2025-03-27,430,241.16,1
350028117192801,USGS-350028117192801,2025-03-27T00:18:00Z,2025-03-27,430,153.8,2
350036117110301,USGS-350036117110301,2025-03-27T20:02:00Z,2025-03-27,430,96.63,2
350103117134501,USGS-350103117134501,2025-03-27T16:49:00Z,2025-03-27,430,18.99,2
350306117120801,USGS-350306117120801,2025-03-27T19:14:00Z,2025-03-27,430,108.25,2
335737117001301,USGS-335737117001301,2025-03-26T17:26:00Z,2025-03-26,431,433.8,8
342441116522201,USGS-342441116522201,2025-03-26T15:19:00Z,2025-03-26,431,229.18,2
342553117012401,USGS-342553117012401,2025-03-26T20:26:00Z,2025-03-26,431,57.95,2
342629116564401,USGS-342629116564401,2025-03-26T19:26:00Z,2025-03-26,431,121.39,2
342633117022301,USGS-342633117022301,2025-03-26T16:00:00Z,2025-03-26,431,82.41,2
342758116571401,USGS-342758116571401,2025-03-26T18:22:00Z,2025-03-26,431,93.13,1
342817116583901,USGS-342817116583901,2025-03-26T18:46:00Z,2025-03-26,431,33.75,2
342906116543701,USGS-342906116543701,2025-03-26T16:55:00Z,2025-03-26,431,131.24,2
342916117012601,USGS-342916117012601,2025-03-26T17:33:00Z,2025-03-26,431,223.22,2
342955116533401,USGS-342955116533401,2025-03-26T16:31:00Z,2025-03-26,431,137.96,2
343308117392801,USGS-343308117392801,2025-03-26T00:14:00Z,2025-03-26,431,NA,1
345518117280601,USGS-345518117280601,2025-03-26T22:42:00Z,2025-03-26,431,240.97,2
350035117341001,USGS-350035117341001,2025-03-26T21:33:00Z,2025-03-26,431,168.21,2
350036117324701,USGS-350036117324701,2025-03-26T21:08:00Z,2025-03-26,431,173.82,2
350128117202801,USGS-350128117202801,2025-03-26T23:49:00Z,2025-03-26,431,151.15,3
393453118431001,USGS-393453118431001,2025-03-26T19:56:00Z,2025-03-26,431,4.81,8
393458118431101,USGS-393458118431101,2025-03-26T20:15:00Z,2025-03-26,431,NA,7
342542116513401,USGS-342542116513401,2025-03-25T19:37:00Z,2025-03-25,432,150.26,2
342714117015601,USGS-342714117015601,2025-03-25T21:59:00Z,2025-03-25,432,49.06,2
342728116541801,USGS-342728116541801,2025-03-25T20:15:00Z,2025-03-25,432,173.57,2
342728117053001,USGS-342728117053001,2025-03-25T21:27:00Z,2025-03-25,432,252.06,2
342732116504701,USGS-342732116504701,2025-03-25T18:05:00Z,2025-03-25,432,113.15,1
342754116534701,USGS-342754116534701,2025-03-25T18:37:00Z,2025-03-25,432,164.77,2
342820117061801,USGS-342820117061801,2025-03-25T20:57:00Z,2025-03-25,432,191.39,2
343500116581401,USGS-343500116581401,2025-03-25T20:14:00Z,2025-03-25,432,148.7,2
393002118521101,USGS-393002118521101,2025-03-25T20:49:00Z,2025-03-25,432,16.08,16
340729116272901,USGS-340729116272901,2025-03-24T21:06:00Z,2025-03-24,433,245.11,1
340737116250801,USGS-340737116250801,2025-03-24T14:34:00Z,2025-03-24,433,170.23,2
340737116250802,USGS-340737116250802,2025-03-24T14:40:00Z,2025-03-24,433,159.25,2
340737116250803,USGS-340737116250803,2025-03-24T14:48:00Z,2025-03-24,433,157.84,2
340801116163401,USGS-340801116163401,2025-03-24T16:48:00Z,2025-03-24,433,347.09,2
340817116185801,USGS-340817116185801,2025-03-24T16:05:00Z,2025-03-24,433,460.71,2
340819116145201,USGS-340819116145201,2025-03-24T19:03:00Z,2025-03-24,433,204.79,2
341224116143601,USGS-341224116143601,2025-03-24T18:16:00Z,2025-03-24,433,336.13,2
341414116160801,USGS-341414116160801,2025-03-24T19:49:00Z,2025-03-24,433,475.86,2
341316116240101,USGS-341316116240101,2025-03-23T20:58:00Z,2025-03-23,434,332.3,3
341412116262201,USGS-341412116262201,2025-03-23T20:00:00Z,2025-03-23,434,249.72,3
341600116250801,USGS-341600116250801,2025-03-23T19:26:00Z,2025-03-23,434,304.59,2
342306116350301,USGS-342306116350301,2025-03-23T17:44:00Z,2025-03-23,434,80.17,2
342446116354101,USGS-342446116354101,2025-03-23T16:46:00Z,2025-03-23,434,29.85,2
342533116360801,USGS-342533116360801,2025-03-23T16:11:00Z,2025-03-23,434,37.58,2
342558116354801,USGS-342558116354801,2025-03-23T15:48:00Z,2025-03-23,434,27.24,2
342216116374801,USGS-342216116374801,2025-03-22T19:36:00Z,2025-03-22,435,203.37,2
342448116424601,USGS-342448116424601,2025-03-22T17:01:00Z,2025-03-22,435,198.15,2
342600116385101,USGS-342600116385101,2025-03-22T19:04:00Z,2025-03-22,435,81.53,2
342612116471601,USGS-342612116471601,2025-03-22T16:19:00Z,2025-03-22,435,142.03,2
342620116351701,USGS-342620116351701,2025-03-22T20:43:00Z,2025-03-22,435,37.58,2
342631116405301,USGS-342631116405301,2025-03-22T18:39:00Z,2025-03-22,435,100.62,2
342708116422401,USGS-342708116422401,2025-03-22T18:10:00Z,2025-03-22,435,60.08,2
340609116271201,USGS-340609116271201,2025-03-21T22:47:00Z,2025-03-21,436,59.97,2
340722116081701,USGS-340722116081701,2025-03-21T18:07:00Z,2025-03-21,436,276.88,2
340754116144501,USGS-340754116144501,2025-03-21T20:37:00Z,2025-03-21,436,281.03,2
340803116140601,USGS-340803116140601,2025-03-21T20:07:00Z,2025-03-21,436,235.31,2
341044116144301,USGS-341044116144301,2025-03-21T21:16:00Z,2025-03-21,436,225.36,2
343220117274501,USGS-343220117274501,2025-03-21T00:58:00Z,2025-03-21,436,172.59,2
340718116263701,USGS-340718116263701,2025-03-20T19:33:00Z,2025-03-20,437,213.46,2
340734116264301,USGS-340734116264301,2025-03-20T19:10:00Z,2025-03-20,437,262.51,2
340741116224201,USGS-340741116224201,2025-03-20T17:05:00Z,2025-03-20,437,405.46,2
340741116224202,USGS-340741116224202,2025-03-20T17:15:00Z,2025-03-20,437,400.35,2
340741116224203,USGS-340741116224203,2025-03-20T17:23:00Z,2025-03-20,437,395.8,2
340741116224204,USGS-340741116224204,2025-03-20T17:32:00Z,2025-03-20,437,354.2,2
340746116244201,USGS-340746116244201,2025-03-20T20:48:00Z,2025-03-20,437,150.13,2
340746116244202,USGS-340746116244202,2025-03-20T20:57:00Z,2025-03-20,437,148.79,2
340746116244203,USGS-340746116244203,2025-03-20T21:03:00Z,2025-03-20,437,148.66,2
340746116244204,USGS-340746116244204,2025-03-20T21:10:00Z,2025-03-20,437,145.79,1
340800116222701,USGS-340800116222701,2025-03-20T16:41:00Z,2025-03-20,437,288.44,2
340815116281301,USGS-340815116281301,2025-03-20T18:48:00Z,2025-03-20,437,112.14,2
340824116180701,USGS-340824116180701,2025-03-20T22:16:00Z,2025-03-20,437,418.06,2
341125116255201,USGS-341125116255201,2025-03-20T20:10:00Z,2025-03-20,437,221.76,2
342000117160001,USGS-342000117160001,2025-03-20T22:29:00Z,2025-03-20,437,82.4,1
342740117165501,USGS-342740117165501,2025-03-20T20:26:00Z,2025-03-20,437,262.9,2
342954117190501,USGS-342954117190501,2025-03-20T19:41:00Z,2025-03-20,437,229.8,1
342959117165701,USGS-342959117165701,2025-03-20T18:52:00Z,2025-03-20,437,58.72,1
342959117170001,USGS-342959117170001,2025-03-20T18:41:00Z,2025-03-20,437,59.14,1
343833117203801,USGS-343833117203801,2025-03-20T00:42:00Z,2025-03-20,437,43.47,2
343925117561301,USGS-343925117561301,2025-03-20T00:27:00Z,2025-03-20,437,332.76,4
345117118242101,USGS-345117118242101,2025-03-20T20:11:00Z,2025-03-20,437,338.34,4
345122118220801,USGS-345122118220801,2025-03-20T18:50:00Z,2025-03-20,437,314.75,4
345143118231401,USGS-345143118231401,2025-03-20T19:48:00Z,2025-03-20,437,337.13,4
340819116145001,USGS-340819116145001,2025-03-19T21:22:00Z,2025-03-19,438,226.92,2
342154117144901,USGS-342154117144901,2025-03-19T20:16:00Z,2025-03-19,438,64.89,2
342436117133801,USGS-342436117133801,2025-03-19T19:41:00Z,2025-03-19,438,100.45,2
342613117132601,USGS-342613117132601,2025-03-19T19:19:00Z,2025-03-19,438,63.93,2
342840117261001,USGS-342840117261001,2025-03-19T23:47:00Z,2025-03-19,438,456.92,2
343328117122401,USGS-343328117122401,2025-03-19T17:03:00Z,2025-03-19,438,156.64,2
344303117242001,USGS-344303117242001,2025-03-19T00:38:00Z,2025-03-19,438,162.21,1
344400118184501,USGS-344400118184501,2025-03-19T19:29:00Z,2025-03-19,438,193.86,4
345202118133501,USGS-345202118133501,2025-03-19T18:32:00Z,2025-03-19,438,NA,4
343239117172401,USGS-343239117172401,2025-03-18T01:41:00Z,2025-03-18,439,7.93,2
343530117200401,USGS-343530117200401,2025-03-18T18:44:00Z,2025-03-18,439,5.38,2
343601117251401,USGS-343601117251401,2025-03-18T21:59:00Z,2025-03-18,439,44.41,2
343704117212801,USGS-343704117212801,2025-03-18T19:20:00Z,2025-03-18,439,17,2
343749117253601,USGS-343749117253601,2025-03-18T23:03:00Z,2025-03-18,439,53.74,1
343749117254801,USGS-343749117254801,2025-03-18T21:12:00Z,2025-03-18,439,51.62,2
343756117242201,USGS-343756117242201,2025-03-18T20:49:00Z,2025-03-18,439,62.71,2
343756117260701,USGS-343756117260701,2025-03-18T21:22:00Z,2025-03-18,439,54.6,2
343813117241501,USGS-343813117241501,2025-03-18T22:33:00Z,2025-03-18,439,75.38,1
343918117203301,USGS-343918117203301,2025-03-18T16:31:00Z,2025-03-18,439,46.52,2
343946117205001,USGS-343946117205001,2025-03-18T17:18:00Z,2025-03-18,439,18.03,2
343955117211201,USGS-343955117211201,2025-03-18T17:39:00Z,2025-03-18,439,1.96,2
344004117204301,USGS-344004117204301,2025-03-18T16:57:00Z,2025-03-18,439,25.89,2
343727118085202,USGS-343727118085202,2025-03-17T20:58:00Z,2025-03-17,440,451.04,4
403057116073301,USGS-403057116073301,2025-03-12T21:39:00Z,2025-03-12,445,51.43,4
383712115420301,USGS-383712115420301,2025-03-10T22:11:00Z,2025-03-10,447,109.61,5
362135114285401,USGS-362135114285401,2025-03-06T18:19:00Z,2025-03-06,451,275.99,2
335133117140501,USGS-335133117140501,2025-03-05T19:28:00Z,2025-03-05,452,30.37,46
335408117154401,USGS-335408117154401,2025-03-05T20:16:00Z,2025-03-05,452,8.48,43
391251114000001,USGS-391251114000001,2025-03-05T14:17:00Z,2025-03-05,452,23.4,4
371010116325403,USGS-371010116325403,2025-03-04T19:51:00Z,2025-03-04,453,1010.98,15
365500116003901,USGS-365500116003901,2025-02-27T23:11:00Z,2025-02-27,458,1538.58,12
392258119391601,USGS-392258119391601,2025-01-29T17:29:00Z,2025-01-29,487,115.37,9
393109118591301,USGS-393109118591301,2025-01-14T21:12:00Z,2025-01-14,502,76.7,10
420825123040401,USGS-420825123040401,2025-01-10T18:01:00Z,2025-01-10,506,35.58,7
381716116173201,USGS-381716116173201,2025-01-08T20:01:00Z,2025-01-08,508,95.35,1
344747116310801,USGS-344747116310801,2024-12-15T03:20:00Z,2024-12-15,532,56.42,2
345542116383901,USGS-345542116383901,2024-12-15T01:24:00Z,2024-12-15,532,66.18,2
345542116383902,USGS-345542116383902,2024-12-15T01:27:00Z,2024-12-15,532,66.63,2
345542116383903,USGS-345542116383903,2024-12-15T03:29:00Z,2024-12-15,532,64.65,2
345542116383904,USGS-345542116383904,2024-12-15T01:31:00Z,2024-12-15,532,63.82,2
345806116355101,USGS-345806116355101,2024-12-15T00:10:00Z,2024-12-15,532,59.7,1
345534116404801,USGS-345534116404801,2024-12-14T23:00:00Z,2024-12-14,533,132.72,2
345629116362901,USGS-345629116362901,2024-12-14T23:36:00Z,2024-12-14,533,16.18,2
345629116362902,USGS-345629116362902,2024-12-14T23:40:00Z,2024-12-14,533,14.49,2
345629116362903,USGS-345629116362903,2024-12-14T23:43:00Z,2024-12-14,533,16.3,2
350036116435601,USGS-350036116435601,2024-12-14T21:13:00Z,2024-12-14,533,61.01,1
344910117533101,USGS-344910117533101,2024-12-13T01:15:00Z,2024-12-13,534,133.03,1
344910117533102,USGS-344910117533102,2024-12-13T01:18:00Z,2024-12-13,534,132.38,1
344910117533103,USGS-344910117533103,2024-12-13T01:20:00Z,2024-12-13,534,131.71,1
344910117533104,USGS-344910117533104,2024-12-13T01:25:00Z,2024-12-13,534,130.61,1
344910117533105,USGS-344910117533105,2024-12-13T01:30:00Z,2024-12-13,534,130.52,2
344910117533106,USGS-344910117533106,2024-12-13T01:35:00Z,2024-12-13,534,119.49,1
351901117302801,USGS-351901117302801,2024-12-13T20:29:00Z,2024-12-13,534,97.82,1
352112117294301,USGS-352112117294301,2024-12-13T20:54:00Z,2024-12-13,534,122.37,1
345719117425101,USGS-345719117425101,2024-12-12T21:53:00Z,2024-12-12,535,136.37,1
345736117392201,USGS-345736117392201,2024-12-12T00:22:00Z,2024-12-12,535,60.48,1
345736117392202,USGS-345736117392202,2024-12-12T00:37:00Z,2024-12-12,535,56.02,1
350038117184501,USGS-350038117184501,2024-12-12T18:52:00Z,2024-12-12,535,130.88,1
344833117561302,USGS-344833117561302,2024-12-11T02:04:00Z,2024-12-11,536,142.3,1
345056117501401,USGS-345056117501401,2024-12-11T21:10:00Z,2024-12-11,536,102.9,1
345056117501402,USGS-345056117501402,2024-12-11T21:13:00Z,2024-12-11,536,102.23,1
345056117501403,USGS-345056117501403,2024-12-11T21:15:00Z,2024-12-11,536,101.04,1
345056117501404,USGS-345056117501404,2024-12-11T21:18:00Z,2024-12-11,536,100.82,1
345056117501405,USGS-345056117501405,2024-12-11T21:21:00Z,2024-12-11,536,58.7,1
345244117373301,USGS-345244117373301,2024-12-11T23:39:00Z,2024-12-11,536,75.31,1
345334117421401,USGS-345334117421401,2024-12-11T22:53:00Z,2024-12-11,536,24.49,1
345344117493801,USGS-345344117493801,2024-12-11T20:15:00Z,2024-12-11,536,99.85,1
345344117493802,USGS-345344117493802,2024-12-11T20:20:00Z,2024-12-11,536,99.63,1
342610119461101,USGS-342610119461101,2024-12-10T17:38:00Z,2024-12-10,537,179.62,7
344833117561301,USGS-344833117561301,2024-12-10T23:00:00Z,2024-12-10,537,144.33,1
344833117561303,USGS-344833117561303,2024-12-10T23:05:00Z,2024-12-10,537,140.79,1
344833117561304,USGS-344833117561304,2024-12-10T23:08:00Z,2024-12-10,537,136.54,1
344833117561305,USGS-344833117561305,2024-12-10T23:10:00Z,2024-12-10,537,100.57,1
344833117561306,USGS-344833117561306,2024-12-10T23:13:00Z,2024-12-10,537,67.43,1
345052117560201,USGS-345052117560201,2024-12-10T21:38:00Z,2024-12-10,537,124.53,1
345052117560202,USGS-345052117560202,2024-12-10T21:41:00Z,2024-12-10,537,131.73,1
362830115270501,USGS-362830115270501,2024-11-26T18:27:00Z,2024-11-26,551,214.16,3
343334117550401,USGS-343334117550401,2024-11-21T21:13:00Z,2024-11-21,556,85.55,1
345225118224701,USGS-345225118224701,2024-11-21T17:35:00Z,2024-11-21,556,NA,1
370648116473001,USGS-370648116473001,2024-11-19T18:26:00Z,2024-11-19,558,93.49,11
370753116502701,USGS-370753116502701,2024-11-19T17:45:00Z,2024-11-19,558,57.55,6
370840116510101,USGS-370840116510101,2024-11-19T17:33:00Z,2024-11-19,558,42.98,6
343758118111101,USGS-343758118111101,2024-11-18T20:37:00Z,2024-11-18,559,NA,1
365502115134101,USGS-365502115134101,2024-11-18T22:19:00Z,2024-11-18,559,209.69,3
344110117581301,USGS-344110117581301,2024-11-07T22:30:00Z,2024-11-07,570,NA,1
344615118213301,USGS-344615118213301,2024-11-07T17:20:00Z,2024-11-07,570,NA,1
344240118141001,USGS-344240118141001,2024-11-05T21:00:00Z,2024-11-05,572,97.66,1
343300117500401,USGS-343300117500401,2024-10-24T20:25:00Z,2024-10-24,584,120.87,1
344507118121001,USGS-344507118121001,2024-10-23T16:47:00Z,2024-10-23,585,90.91,1
342654118063901,USGS-342654118063901,2024-10-22T17:04:00Z,2024-10-22,586,9.74,1
400649116120101,USGS-400649116120101,2024-10-21T22:16:00Z,2024-10-21,587,52.81,3
361954116181201,USGS-361954116181201,2024-10-18T18:21:00Z,2024-10-18,590,205.3,1
361954116181202,USGS-361954116181202,2024-10-18T18:15:00Z,2024-10-18,590,79.33,1
392234119393201,USGS-392234119393201,2024-10-15T17:00:00Z,2024-10-15,593,249.15,10
345021118173001,USGS-345021118173001,2024-10-09T15:30:00Z,2024-10-09,599,NA,1
371835120332801,USGS-371835120332801,2024-10-08T18:00:00Z,2024-10-08,600,70.81,1
351515116395201,USGS-351515116395201,2024-09-30T16:14:00Z,2024-09-30,608,56.38,5
351558116412101,USGS-351558116412101,2024-09-29T18:16:00Z,2024-09-29,609,207.49,5
351558116412102,USGS-351558116412102,2024-09-29T18:06:00Z,2024-09-29,609,207.51,5
351716116363701,USGS-351716116363701,2024-09-28T14:54:00Z,2024-09-28,610,198.27,6
351716116363702,USGS-351716116363702,2024-09-28T15:04:00Z,2024-09-28,610,198.4,6
351716116363703,USGS-351716116363703,2024-09-28T15:15:00Z,2024-09-28,610,198.78,6
351716116363705,USGS-351716116363705,2024-09-28T16:04:00Z,2024-09-28,610,199.08,8
351738116374101,USGS-351738116374101,2024-09-28T23:06:00Z,2024-09-28,610,200.8,6
351759116374401,USGS-351759116374401,2024-09-28T20:56:00Z,2024-09-28,610,223.49,8
351759116374402,USGS-351759116374402,2024-09-28T21:14:00Z,2024-09-28,610,229.95,6
351759116374403,USGS-351759116374403,2024-09-28T21:49:00Z,2024-09-28,610,230.3,5
351809116375901,USGS-351809116375901,2024-09-28T22:12:00Z,2024-09-28,610,232.5,7
351811116361701,USGS-351811116361701,2024-09-28T17:51:00Z,2024-09-28,610,226.77,5
351828116371201,USGS-351828116371201,2024-09-28T18:52:00Z,2024-09-28,610,283.88,5
351828116371202,USGS-351828116371202,2024-09-28T19:07:00Z,2024-09-28,610,283.94,5
351828116371203,USGS-351828116371203,2024-09-28T19:50:00Z,2024-09-28,610,283.98,6
351128116374701,USGS-351128116374701,2024-09-27T15:44:00Z,2024-09-27,611,100.1,7
351128116374702,USGS-351128116374702,2024-09-27T15:52:00Z,2024-09-27,611,100.47,7
351128116374703,USGS-351128116374703,2024-09-27T16:06:00Z,2024-09-27,611,101.51,5
351226116380401,USGS-351226116380401,2024-09-27T18:51:00Z,2024-09-27,611,73.17,5
351304116374501,USGS-351304116374501,2024-09-27T23:48:00Z,2024-09-27,611,98.4,5
351539116405603,USGS-351539116405603,2024-09-27T14:40:00Z,2024-09-27,611,161.84,5
351539116405604,USGS-351539116405604,2024-09-27T14:46:00Z,2024-09-27,611,161.72,5
351539116405605,USGS-351539116405605,2024-09-27T14:34:00Z,2024-09-27,611,161.11,5
351539116405606,USGS-351539116405606,2024-09-27T14:45:00Z,2024-09-27,611,161.11,5
344626118325101,USGS-344626118325101,2024-09-26T17:10:00Z,2024-09-26,612,140.61,1
344630117571101,USGS-344630117571101,2024-09-26T21:00:00Z,2024-09-26,612,112.75,1
351019116373501,USGS-351019116373501,2024-09-26T21:08:00Z,2024-09-26,612,154.28,6
351019116373502,USGS-351019116373502,2024-09-26T21:16:00Z,2024-09-26,612,155.01,5
351019116373503,USGS-351019116373503,2024-09-26T21:51:00Z,2024-09-26,612,159.48,7
351107116382701,USGS-351107116382701,2024-09-26T23:50:00Z,2024-09-26,612,189.07,5
351514116401401,USGS-351514116401401,2024-09-26T16:29:00Z,2024-09-26,612,84.8,5
351514116401402,USGS-351514116401402,2024-09-26T16:33:00Z,2024-09-26,612,84.65,5
351514116401403,USGS-351514116401403,2024-09-26T16:56:00Z,2024-09-26,612,84.39,6
351521116400201,USGS-351521116400201,2024-09-26T17:17:00Z,2024-09-26,612,71.8,5
351521116400202,USGS-351521116400202,2024-09-26T17:20:00Z,2024-09-26,612,71.76,5
351521116400203,USGS-351521116400203,2024-09-26T17:52:00Z,2024-09-26,612,71.66,6
351523116402801,USGS-351523116402801,2024-09-26T15:17:00Z,2024-09-26,612,107.36,5
351523116402802,USGS-351523116402802,2024-09-26T15:22:00Z,2024-09-26,612,107.12,5
351523116402803,USGS-351523116402803,2024-09-26T15:53:00Z,2024-09-26,612,106.7,5
351527116412501,USGS-351527116412501,2024-09-26T18:54:00Z,2024-09-26,612,201.48,6
351527116412502,USGS-351527116412502,2024-09-26T18:58:00Z,2024-09-26,612,200.96,6
351527116412503,USGS-351527116412503,2024-09-26T19:01:00Z,2024-09-26,612,200.02,6
351527116412504,USGS-351527116412504,2024-09-26T19:11:00Z,2024-09-26,612,199.66,6
351527116412505,USGS-351527116412505,2024-09-26T19:14:00Z,2024-09-26,612,199.41,6
344418118281801,USGS-344418118281801,2024-09-25T17:13:00Z,2024-09-25,613,57.94,1
342847118105701,USGS-342847118105701,2024-09-24T20:25:00Z,2024-09-24,614,NA,1
372205120381701,USGS-372205120381701,2024-09-22T18:30:00Z,2024-09-22,616,101,1
390106119424301,USGS-390106119424301,2024-09-17T17:23:00Z,2024-09-17,621,134.04,4
343751118193501,USGS-343751118193501,2024-09-12T17:50:00Z,2024-09-12,626,32,1
344512114284801,USGS-344512114284801,2024-09-12T14:47:00Z,2024-09-12,626,51.72,4
350759114324801,USGS-350759114324801,2024-09-12T00:17:00Z,2024-09-12,626,394.06,2
342758117572701,USGS-342758117572701,2024-09-10T16:20:00Z,2024-09-10,628,NA,1
392132118411002,USGS-392132118411002,2024-08-27T17:54:00Z,2024-08-27,642,3.42,3
392132118411003,USGS-392132118411003,2024-08-27T18:18:00Z,2024-08-27,642,2.86,2
392132118411004,USGS-392132118411004,2024-08-27T18:00:00Z,2024-08-27,642,2,2
392735118484501,USGS-392735118484501,2024-08-26T18:27:00Z,2024-08-26,643,6.21,12
373934121045001,USGS-373934121045001,2024-08-24T23:50:00Z,2024-08-24,645,16.71,1
391901119120201,USGS-391901119120201,2024-08-22T17:40:00Z,2024-08-22,647,38.44,2
391910119112001,USGS-391910119112001,2024-08-22T17:53:00Z,2024-08-22,647,46.87,4
391956119121601,USGS-391956119121601,2024-08-22T16:45:00Z,2024-08-22,647,36.8,4
392022119123101,USGS-392022119123101,2024-08-22T16:58:00Z,2024-08-22,647,33.63,2
392046119095901,USGS-392046119095901,2024-08-22T18:26:00Z,2024-08-22,647,43.17,3
392114119101401,USGS-392114119101401,2024-08-22T19:12:00Z,2024-08-22,647,39.5,4
392148119120901,USGS-392148119120901,2024-08-22T19:31:00Z,2024-08-22,647,34.56,3
392219119124401,USGS-392219119124401,2024-08-22T19:46:00Z,2024-08-22,647,38.09,1
392245119124401,USGS-392245119124401,2024-08-22T19:54:00Z,2024-08-22,647,34.74,3
392258119130001,USGS-392258119130001,2024-08-22T20:03:00Z,2024-08-22,647,24.72,3
392635119023101,USGS-392635119023101,2024-08-22T22:16:00Z,2024-08-22,647,58.67,4
343836120260001,USGS-343836120260001,2024-08-21T21:22:00Z,2024-08-21,648,59.22,3
343938120264001,USGS-343938120264001,2024-08-21T00:42:00Z,2024-08-21,648,45.39,5
343938120264002,USGS-343938120264002,2024-08-21T20:15:00Z,2024-08-21,648,84.46,4
371835120332802,USGS-371835120332802,2024-08-20T17:50:00Z,2024-08-20,649,44.8,2
372207120381201,USGS-372207120381201,2024-08-20T19:20:00Z,2024-08-20,649,107.72,2
372207120381202,USGS-372207120381202,2024-08-20T19:00:00Z,2024-08-20,649,83.26,2
372742120443601,USGS-372742120443601,2024-08-20T20:40:00Z,2024-08-20,649,71.7,1
373240120473201,USGS-373240120473201,2024-08-20T22:20:00Z,2024-08-20,649,98.34,2
373240120473202,USGS-373240120473202,2024-08-20T21:50:00Z,2024-08-20,649,96.5,2
391600119080601,USGS-391600119080601,2024-08-20T20:30:00Z,2024-08-20,649,46.02,4
391636119024101,USGS-391636119024101,2024-08-20T20:56:00Z,2024-08-20,649,35.11,4
391731119031701,USGS-391731119031701,2024-08-20T21:11:00Z,2024-08-20,649,29.13,3
392058119254101,USGS-392058119254101,2024-08-20T18:26:00Z,2024-08-20,649,74.04,3
374438121130901,USGS-374438121130901,2024-08-19T22:30:00Z,2024-08-19,650,10.51,2
374438121130902,USGS-374438121130902,2024-08-19T22:20:00Z,2024-08-19,650,10.43,2
374524121084801,USGS-374524121084801,2024-08-19T19:40:00Z,2024-08-19,650,31.14,2
374635121040901,USGS-374635121040901,2024-08-19T20:30:00Z,2024-08-19,650,51.44,2
374909121110101,USGS-374909121110101,2024-08-19T19:10:00Z,2024-08-19,650,45.24,2
391838119325401,USGS-391838119325401,2024-08-16T19:00:00Z,2024-08-16,653,124.53,2
392233119183701,USGS-392233119183701,2024-08-16T21:45:00Z,2024-08-16,653,359.21,4
344043120322405,USGS-344043120322405,2024-08-14T20:58:00Z,2024-08-14,655,31.75,1
344043120322408,USGS-344043120322408,2024-08-13T20:08:00Z,2024-08-13,656,28.86,2
344048120320201,USGS-344048120320201,2024-08-12T17:10:00Z,2024-08-12,657,29.61,3
391024119425801,USGS-391024119425801,2024-08-12T16:33:00Z,2024-08-12,657,16.58,4
343330117501701,USGS-343330117501701,2024-08-06T00:21:00Z,2024-08-06,663,NA,6
371024116293102,USGS-371024116293102,2024-07-30T17:18:00Z,2024-07-30,670,1359.96,13
383933114190501,USGS-383933114190501,2024-07-10T02:49:00Z,2024-07-10,690,484.16,3
391004119433301,USGS-391004119433301,2024-07-02T21:40:00Z,2024-07-02,698,8.47,1
353822120495201,USGS-353822120495201,2024-06-06T20:59:00Z,2024-06-06,724,17.89,9
333315116404301,USGS-333315116404301,2024-06-05T20:51:00Z,2024-06-05,725,99.5,10
350212114354801,USGS-350212114354801,2024-06-05T23:57:00Z,2024-06-05,725,106.94,2
353130120435701,USGS-353130120435701,2024-06-03T16:33:00Z,2024-06-03,727,41.04,8
353156120440501,USGS-353156120440501,2024-06-02T00:33:00Z,2024-06-02,728,75.78,7
353200120440701,USGS-353200120440701,2024-06-02T00:45:00Z,2024-06-02,728,57.94,8
353204120433201,USGS-353204120433201,2024-06-02T20:34:00Z,2024-06-02,728,16.03,9
353419120470301,USGS-353419120470301,2024-06-02T22:26:00Z,2024-06-02,728,57.7,8
353422120470901,USGS-353422120470901,2024-06-02T22:01:00Z,2024-06-02,728,46.93,9
353733120470101,USGS-353733120470101,2024-06-02T14:38:00Z,2024-06-02,728,43.1,7
353744120505701,USGS-353744120505701,2024-06-02T17:09:00Z,2024-06-02,728,126.78,5
353755120514001,USGS-353755120514001,2024-06-02T16:14:00Z,2024-06-02,728,30.45,8
353803120514801,USGS-353803120514801,2024-06-02T15:53:00Z,2024-06-02,728,33.43,7
354108120565701,USGS-354108120565701,2024-06-02T17:59:00Z,2024-06-02,728,55.86,9
353050120465901,USGS-353050120465901,2024-06-01T23:10:00Z,2024-06-01,729,144.81,8
353612120484601,USGS-353612120484601,2024-06-01T18:14:00Z,2024-06-01,729,40.95,8
353620120485001,USGS-353620120485001,2024-06-01T18:40:00Z,2024-06-01,729,61.55,7
353651120475801,USGS-353651120475801,2024-06-01T17:18:00Z,2024-06-01,729,53.45,7
353732120465801,USGS-353732120465801,2024-06-01T20:54:00Z,2024-06-01,729,31.99,6
353732120465802,USGS-353732120465802,2024-06-01T21:00:00Z,2024-06-01,729,32.71,6
354040120572101,USGS-354040120572101,2024-06-01T00:24:00Z,2024-06-01,729,120.49,2
354040120572102,USGS-354040120572102,2024-06-01T00:39:00Z,2024-06-01,729,123.1,2
353204120485501,USGS-353204120485501,2024-05-31T16:23:00Z,2024-05-31,730,39.65,4
353204120485502,USGS-353204120485502,2024-05-31T16:31:00Z,2024-05-31,730,62.38,8
353205120490801,USGS-353205120490801,2024-05-31T15:54:00Z,2024-05-31,730,84.22,8
353429120511401,USGS-353429120511401,2024-05-31T20:50:00Z,2024-05-31,730,-8.44,9
353914120455801,USGS-353914120455801,2024-05-31T22:25:00Z,2024-05-31,730,242.52,5
353914120534201,USGS-353914120534201,2024-05-31T17:32:00Z,2024-05-31,730,23.66,9
353918120530501,USGS-353918120530501,2024-05-31T19:16:00Z,2024-05-31,730,38.11,8
353921120523801,USGS-353921120523801,2024-05-31T19:38:00Z,2024-05-31,730,87.71,8
353926120552501,USGS-353926120552501,2024-05-31T18:06:00Z,2024-05-31,730,8.71,8
353156120461601,USGS-353156120461601,2024-05-30T18:43:00Z,2024-05-30,731,28.25,8
353307120480501,USGS-353307120480501,2024-05-30T16:01:00Z,2024-05-30,731,40.11,8
353316120483701,USGS-353316120483701,2024-05-30T22:44:00Z,2024-05-30,731,88.23,6
353327120463001,USGS-353327120463001,2024-05-30T18:04:00Z,2024-05-30,731,31.28,9
353331120482301,USGS-353331120482301,2024-05-30T23:43:00Z,2024-05-30,731,19.33,6
353337120484501,USGS-353337120484501,2024-05-30T23:17:00Z,2024-05-30,731,79.33,6
353413120443501,USGS-353413120443501,2024-05-30T21:27:00Z,2024-05-30,731,26.22,8
353415120442001,USGS-353415120442001,2024-05-30T21:13:00Z,2024-05-30,731,20.86,8
353429120450101,USGS-353429120450101,2024-05-30T21:59:00Z,2024-05-30,731,143.29,8
353434120464401,USGS-353434120464401,2024-05-30T15:11:00Z,2024-05-30,731,29.73,10
353454120462601,USGS-353454120462601,2024-05-30T16:55:00Z,2024-05-30,731,172.79,9
353521120460101,USGS-353521120460101,2024-05-30T17:30:00Z,2024-05-30,731,75.35,9
353703120504501,USGS-353703120504501,2024-05-30T20:02:00Z,2024-05-30,731,51.06,10
353819120444301,USGS-353819120444301,2024-05-30T00:31:00Z,2024-05-30,731,391.58,5
382109116194901,USGS-382109116194901,2024-05-30T21:50:00Z,2024-05-30,731,NA,1
353107120473101,USGS-353107120473101,2024-05-29T17:37:00Z,2024-05-29,732,87.42,9
353117120435301,USGS-353117120435301,2024-05-29T16:11:00Z,2024-05-29,732,90.3,9
353158120462601,USGS-353158120462601,2024-05-29T19:33:00Z,2024-05-29,732,53.74,8
353205120462101,USGS-353205120462101,2024-05-29T19:05:00Z,2024-05-29,732,115.95,9
353555120483701,USGS-353555120483701,2024-05-29T20:38:00Z,2024-05-29,732,61.24,9
353555120483702,USGS-353555120483702,2024-05-29T20:54:00Z,2024-05-29,732,58.67,8
353814120443101,USGS-353814120443101,2024-05-29T23:56:00Z,2024-05-29,732,383.56,4
353823120494201,USGS-353823120494201,2024-05-29T22:18:00Z,2024-05-29,732,9.74,9
353834120432801,USGS-353834120432801,2024-05-29T23:01:00Z,2024-05-29,732,74.16,10
392418123481701,USGS-392418123481701,2024-05-24T17:41:00Z,2024-05-24,737,3.21,2
392830123474501,USGS-392830123474501,2024-05-24T15:41:00Z,2024-05-24,737,0.84,2
404421124104101,USGS-404421124104101,2024-05-24T21:41:00Z,2024-05-24,737,46.25,2
410203124062501,USGS-410203124062501,2024-05-24T15:40:00Z,2024-05-24,737,39.64,2
383026116132801,USGS-383026116132801,2024-05-23T00:20:00Z,2024-05-23,738,NA,1
403233124040801,USGS-403233124040801,2024-05-23T20:01:00Z,2024-05-23,738,14.13,2
403416124084901,USGS-403416124084901,2024-05-23T18:45:00Z,2024-05-23,738,23.76,2
403515124150301,USGS-403515124150301,2024-05-23T17:20:00Z,2024-05-23,738,21.51,2
382341116192801,USGS-382341116192801,2024-05-22T22:10:00Z,2024-05-22,739,NA,1
404120124122601,USGS-404120124122601,2024-05-22T22:30:00Z,2024-05-22,739,-0.82,1
405150123582701,USGS-405150123582701,2024-05-22T19:31:00Z,2024-05-22,739,15.42,1
410420124083301,USGS-410420124083301,2024-05-22T16:35:00Z,2024-05-22,739,3.93,2
413430124040001,USGS-413430124040001,2024-05-21T22:00:00Z,2024-05-21,740,9.5,2
414911124060301,USGS-414911124060301,2024-05-21T16:40:00Z,2024-05-21,740,21.79,2
414911124124701,USGS-414911124124701,2024-05-21T19:40:00Z,2024-05-21,740,2.87,2
415522124084301,USGS-415522124084301,2024-05-21T15:30:00Z,2024-05-21,740,17.52,2
392338119385601,USGS-392338119385601,2024-05-09T23:30:00Z,2024-05-09,752,146.78,10
343145117163501,USGS-343145117163501,2024-05-06T19:55:00Z,2024-05-06,755,13.4,1
342916117390001,USGS-342916117390001,2024-05-03T18:58:00Z,2024-05-03,758,537.57,1
370500120190001,USGS-370500120190001,2024-05-02T16:30:00Z,2024-05-02,759,82.5,1
364000120080001,USGS-364000120080001,2024-05-01T18:35:00Z,2024-05-01,760,NA,1
385458115194401,USGS-385458115194401,2024-05-01T01:21:00Z,2024-05-01,760,NA,1
364500120050001,USGS-364500120050001,2024-04-30T15:35:00Z,2024-04-30,761,107.08,1
364900120030001,USGS-364900120030001,2024-04-30T19:25:00Z,2024-04-30,761,75.72,1
335649118035001,USGS-335649118035001,2024-04-29T16:40:00Z,2024-04-29,762,84.26,4
335613118034401,USGS-335613118034401,2024-04-28T20:30:00Z,2024-04-28,763,104.68,3
335630118040301,USGS-335630118040301,2024-04-28T17:05:00Z,2024-04-28,763,89.78,4
370523117143701,USGS-370523117143701,2024-04-24T18:40:00Z,2024-04-24,767,270.98,1
371024116293104,USGS-371024116293104,2024-04-24T19:14:00Z,2024-04-24,767,1362.5,12
350929116372201,USGS-350929116372201,2024-04-17T16:24:00Z,2024-04-17,774,298.9,4
350929116372202,USGS-350929116372202,2024-04-17T16:28:00Z,2024-04-17,774,298.98,4
350929116372301,USGS-350929116372301,2024-04-17T16:18:00Z,2024-04-17,774,298.13,4
351020116385101,USGS-351020116385101,2024-04-17T16:52:00Z,2024-04-17,774,263.38,4
351054116373601,USGS-351054116373601,2024-04-17T17:13:00Z,2024-04-17,774,144.07,5
351153116371601,USGS-351153116371601,2024-04-17T15:44:00Z,2024-04-17,774,72.85,5
351530116394401,USGS-351530116394401,2024-04-17T21:35:00Z,2024-04-17,774,43.9,4
351608116395701,USGS-351608116395701,2024-04-17T21:20:00Z,2024-04-17,774,91.57,4
351610116380501,USGS-351610116380501,2024-04-17T22:30:00Z,2024-04-17,774,189.37,4
351638116374301,USGS-351638116374301,2024-04-17T22:08:00Z,2024-04-17,774,191.69,4
351638116374303,USGS-351638116374303,2024-04-17T22:13:00Z,2024-04-17,774,191.49,4
351638116374304,USGS-351638116374304,2024-04-17T22:17:00Z,2024-04-17,774,191.57,4
351656116392901,USGS-351656116392901,2024-04-17T22:38:00Z,2024-04-17,774,80.81,4
351659116393801,USGS-351659116393801,2024-04-17T22:42:00Z,2024-04-17,774,86.67,4
351416116392201,USGS-351416116392201,2024-04-16T19:33:00Z,2024-04-16,775,26.63,4
351416116392202,USGS-351416116392202,2024-04-16T19:39:00Z,2024-04-16,775,25.96,4
351416116392203,USGS-351416116392203,2024-04-16T19:56:00Z,2024-04-16,775,25.97,4
351418116410201,USGS-351418116410201,2024-04-16T20:20:00Z,2024-04-16,775,204.29,4
351422116392501,USGS-351422116392501,2024-04-16T18:19:00Z,2024-04-16,775,23.13,4
351429116395401,USGS-351429116395401,2024-04-16T17:59:00Z,2024-04-16,775,58.56,4
351441116400401,USGS-351441116400401,2024-04-16T17:45:00Z,2024-04-16,775,62.59,4
351449116400501,USGS-351449116400501,2024-04-16T17:45:00Z,2024-04-16,775,68.39,5
351449116400502,USGS-351449116400502,2024-04-16T17:47:00Z,2024-04-16,775,68.33,5
351449116400503,USGS-351449116400503,2024-04-16T17:50:00Z,2024-04-16,775,68.43,5
351456116395001,USGS-351456116395001,2024-04-16T17:19:00Z,2024-04-16,775,53.09,4
351504116400301,USGS-351504116400301,2024-04-16T17:08:00Z,2024-04-16,775,68.57,4
351525116402901,USGS-351525116402901,2024-04-16T16:55:00Z,2024-04-16,775,111.88,4
351534116392701,USGS-351534116392701,2024-04-16T00:36:00Z,2024-04-16,775,111.34,4
351551116395601,USGS-351551116395601,2024-04-16T00:20:00Z,2024-04-16,775,79.87,4
351556116402401,USGS-351556116402401,2024-04-16T16:38:00Z,2024-04-16,775,111.03,4
351556116402402,USGS-351556116402402,2024-04-16T16:43:00Z,2024-04-16,775,111.05,4
351614116394401,USGS-351614116394401,2024-04-16T01:10:00Z,2024-04-16,775,114.77,3
351716116363704,USGS-351716116363704,2024-04-16T18:48:00Z,2024-04-16,775,199.43,5
351528116393201,USGS-351528116393201,2024-04-15T22:55:00Z,2024-04-15,776,86.08,4
351533116394401,USGS-351533116394401,2024-04-15T22:40:00Z,2024-04-15,776,62.7,4
351539116393001,USGS-351539116393001,2024-04-15T23:09:00Z,2024-04-15,776,78.08,4
351542116393702,USGS-351542116393702,2024-04-15T22:29:00Z,2024-04-15,776,63.38,4
351549116393801,USGS-351549116393801,2024-04-15T22:16:00Z,2024-04-15,776,65.07,4
351550116393101,USGS-351550116393101,2024-04-15T23:36:00Z,2024-04-15,776,77.65,4
351551116392601,USGS-351551116392601,2024-04-15T23:24:00Z,2024-04-15,776,121.28,4
351557116393901,USGS-351557116393901,2024-04-15T21:32:00Z,2024-04-15,776,79.21,4
351559116393701,USGS-351559116393701,2024-04-15T22:03:00Z,2024-04-15,776,85.48,4
351559116395701,USGS-351559116395701,2024-04-15T20:53:00Z,2024-04-15,776,84.01,4
351559116395702,USGS-351559116395702,2024-04-15T20:59:00Z,2024-04-15,776,84.01,4
351602116355101,USGS-351602116355101,2024-04-15T21:15:00Z,2024-04-15,776,83.16,4
351602116401101,USGS-351602116401101,2024-04-15T20:38:00Z,2024-04-15,776,101.86,4
351603116393801,USGS-351603116393801,2024-04-15T21:50:00Z,2024-04-15,776,93.11,4
351604116393101,USGS-351604116393101,2024-04-15T23:50:00Z,2024-04-15,776,121.69,4
351616116410701,USGS-351616116410701,2024-04-15T19:55:00Z,2024-04-15,776,218.92,5
351616116410702,USGS-351616116410702,2024-04-15T19:47:00Z,2024-04-15,776,218.69,5
351616116410703,USGS-351616116410703,2024-04-15T20:02:00Z,2024-04-15,776,218.17,5
334035114274101,USGS-334035114274101,2024-04-04T21:56:00Z,2024-04-04,787,94.32,3
364744119180601,USGS-364744119180601,2024-04-04T16:30:00Z,2024-04-04,787,42.45,1
324251115522201,USGS-324251115522201,2024-03-22T16:59:00Z,2024-03-22,800,33.22,6
331144115231501,USGS-331144115231501,2024-03-21T21:11:00Z,2024-03-21,801,NA,6
331603114550601,USGS-331603114550601,2024-03-21T17:30:00Z,2024-03-21,801,193.06,6
344627117544201,USGS-344627117544201,2024-03-21T18:10:00Z,2024-03-21,801,NA,3
345000118302201,USGS-345000118302201,2024-03-21T17:08:00Z,2024-03-21,801,386.61,3
400041122111001,USGS-400041122111001,2024-03-21T16:15:00Z,2024-03-21,801,25.86,1
400112122240001,USGS-400112122240001,2024-03-20T18:50:00Z,2024-03-20,802,66.45,1
401457122132301,USGS-401457122132301,2024-03-20T16:00:00Z,2024-03-20,802,32.01,1
401616116074801,USGS-401616116074801,2024-03-20T19:00:00Z,2024-03-20,802,NA,1
401622122231901,USGS-401622122231901,2024-03-19T18:30:00Z,2024-03-19,803,220.64,1
402051122265201,USGS-402051122265201,2024-03-18T19:54:00Z,2024-03-18,804,168.19,1
353412120470501,USGS-353412120470501,2024-03-15T20:35:00Z,2024-03-15,807,9.91,7
385048113592901,USGS-385048113592901,2024-03-12T15:36:00Z,2024-03-12,810,-18.17,2
392246119222901,USGS-392246119222901,2024-03-08T20:22:00Z,2024-03-08,814,189.35,3
401300122210001,USGS-401300122210001,2024-03-07T16:00:00Z,2024-03-07,815,83.04,1
353513120461701,USGS-353513120461701,2024-03-06T17:40:00Z,2024-03-06,816,38.8,8
353919120452601,USGS-353919120452601,2024-03-06T23:39:00Z,2024-03-06,816,56.27,4
403046122114801,USGS-403046122114801,2024-03-06T20:30:00Z,2024-03-06,816,164.2,1
353408120471901,USGS-353408120471901,2024-03-05T20:08:00Z,2024-03-05,817,25.13,3
371151116294102,USGS-371151116294102,2024-03-05T18:53:00Z,2024-03-05,817,1477.37,12
371151116294103,USGS-371151116294103,2024-03-05T19:14:00Z,2024-03-05,817,1477.31,12
371223116314701,USGS-371223116314701,2024-03-05T22:31:00Z,2024-03-05,817,1855.91,11
402427122305301,USGS-402427122305301,2024-03-05T20:30:00Z,2024-03-05,817,60.82,1
403036122121801,USGS-403036122121801,2024-03-05T17:30:00Z,2024-03-05,817,105.06,1
400900122160001,USGS-400900122160001,2024-03-04T21:00:00Z,2024-03-04,818,67.71,1
383525118375101,USGS-383525118375101,2024-02-29T19:10:00Z,2024-02-29,822,44.18,5
383550118382201,USGS-383550118382201,2024-02-29T19:16:00Z,2024-02-29,822,30.07,5
383624118385801,USGS-383624118385801,2024-02-29T19:26:00Z,2024-02-29,822,16.88,5
380934120253301,USGS-380934120253301,2024-02-28T19:21:00Z,2024-02-28,823,101.25,1
381133120343601,USGS-381133120343601,2024-02-27T20:00:00Z,2024-02-27,824,NA,1
375214120221801,USGS-375214120221801,2024-02-26T19:30:00Z,2024-02-26,825,NA,1
380442120401901,USGS-380442120401901,2024-02-26T15:33:00Z,2024-02-26,825,17.12,1
371110116310504,USGS-371110116310504,2024-02-21T19:11:00Z,2024-02-21,830,1191.16,10
374318120275601,USGS-374318120275601,2024-01-25T17:38:00Z,2024-01-25,857,61.91,1
371348119463401,USGS-371348119463401,2024-01-24T17:28:00Z,2024-01-24,858,98.54,1
372020119491501,USGS-372020119491501,2024-01-24T18:35:00Z,2024-01-24,858,21.25,1
364759119185001,USGS-364759119185001,2024-01-23T17:10:00Z,2024-01-23,859,9.79,1
371451119544401,USGS-371451119544401,2024-01-22T21:30:00Z,2024-01-22,860,NA,1
371652116321802,USGS-371652116321802,2024-01-17T20:18:00Z,2024-01-17,865,1856.17,12
371505116254501,USGS-371505116254501,2024-01-09T19:28:00Z,2024-01-09,873,2050.56,12
332915116375101,USGS-332915116375101,2023-12-22T00:16:00Z,2023-12-22,891,78.44,2
333459116392801,USGS-333459116392801,2023-12-21T22:18:00Z,2023-12-21,892,16.08,5
372924120010201,USGS-372924120010201,2023-12-20T17:15:00Z,2023-12-20,893,59.1,1
364222119152701,USGS-364222119152701,2023-12-19T17:40:00Z,2023-12-19,894,20.87,1
364306119081501,USGS-364306119081501,2023-12-19T20:45:00Z,2023-12-19,894,7.48,1
370533119493401,USGS-370533119493401,2023-12-18T21:15:00Z,2023-12-18,895,NA,1
332941116401401,USGS-332941116401401,2023-12-16T18:39:00Z,2023-12-16,897,NA,2
390829115373801,USGS-390829115373801,2023-12-08T18:30:00Z,2023-12-08,905,NA,1
335502116503601,USGS-335502116503601,2023-12-07T21:56:00Z,2023-12-07,906,468.93,4
371548120224101,USGS-371548120224101,2023-11-30T00:01:00Z,2023-11-30,913,134.33,2
365248119280301,USGS-365248119280301,2023-11-29T20:46:00Z,2023-11-29,914,21.97,1
372831119515401,USGS-372831119515401,2023-11-28T17:00:00Z,2023-11-28,915,NA,1
374251120103901,USGS-374251120103901,2023-11-27T21:30:00Z,2023-11-27,916,NA,1
374315116441401,USGS-374315116441401,2023-11-27T18:36:00Z,2023-11-27,916,480.92,4
374619116435401,USGS-374619116435401,2023-11-27T19:15:00Z,2023-11-27,916,315.71,4
374658116464102,USGS-374658116464102,2023-11-27T19:37:00Z,2023-11-27,916,424.46,4
374959116431301,USGS-374959116431301,2023-11-27T19:00:00Z,2023-11-27,916,157.65,4
375139116460001,USGS-375139116460001,2023-11-27T19:57:00Z,2023-11-27,916,100.34,4
375311116472601,USGS-375311116472601,2023-11-27T20:25:00Z,2023-11-27,916,104.12,4
385333118461601,USGS-385333118461601,2023-11-20T20:21:00Z,2023-11-20,923,30.23,5
385423118440801,USGS-385423118440801,2023-11-20T20:50:00Z,2023-11-20,923,29.85,4
385908118453201,USGS-385908118453201,2023-11-20T21:20:00Z,2023-11-20,923,74.83,5
385908118453202,USGS-385908118453202,2023-11-20T21:25:00Z,2023-11-20,923,74.94,5
385915118491301,USGS-385915118491301,2023-11-20T21:43:00Z,2023-11-20,923,79.71,5
390047118513801,USGS-390047118513801,2023-11-20T21:55:00Z,2023-11-20,923,9.23,4
390047118513802,USGS-390047118513802,2023-11-20T21:57:00Z,2023-11-20,923,8.78,5
383257115211201,USGS-383257115211201,2023-11-17T20:00:00Z,2023-11-17,926,4.87,1
391529115151301,USGS-391529115151301,2023-11-17T14:45:00Z,2023-11-17,926,338.62,1
382829115465201,USGS-382829115465201,2023-11-16T19:20:00Z,2023-11-16,927,NA,2
383011115463801,USGS-383011115463801,2023-11-16T20:00:00Z,2023-11-16,927,NA,1
380313116012601,USGS-380313116012601,2023-11-13T15:45:00Z,2023-11-13,930,NA,1
373957115440501,USGS-373957115440501,2023-11-12T22:40:00Z,2023-11-12,931,NA,1
374256115485501,USGS-374256115485501,2023-11-12T19:11:00Z,2023-11-12,931,NA,1
380132115333501,USGS-380132115333501,2023-11-12T21:25:00Z,2023-11-12,931,NA,1
380616116192201,USGS-380616116192201,2023-11-12T16:10:00Z,2023-11-12,931,NA,1
383127116014002,USGS-383127116014002,2023-11-11T22:16:00Z,2023-11-11,932,NA,1
375731120203201,USGS-375731120203201,2023-11-09T17:15:00Z,2023-11-09,934,121.3,1
374908120011701,USGS-374908120011701,2023-11-08T22:00:00Z,2023-11-08,935,NA,1
372414119421401,USGS-372414119421401,2023-11-07T18:30:00Z,2023-11-07,936,NA,1
372504120083601,USGS-372504120083601,2023-11-06T19:32:00Z,2023-11-06,937,15.99,1
391222119410201,USGS-391222119410201,2023-11-02T21:15:00Z,2023-11-02,941,65.4,8
342658119460301,USGS-342658119460301,2023-11-01T18:23:00Z,2023-11-01,942,107.53,29
392401119373801,USGS-392401119373801,2023-11-01T21:28:00Z,2023-11-01,942,112.05,3
392204119354501,USGS-392204119354501,2023-10-26T21:52:00Z,2023-10-26,948,462.34,3
392307119374201,USGS-392307119374201,2023-10-26T20:24:00Z,2023-10-26,948,61.94,3
392335119390901,USGS-392335119390901,2023-10-26T21:12:00Z,2023-10-26,948,118.42,2
332057116240101,USGS-332057116240101,2023-10-25T19:55:00Z,2023-10-25,949,296.05,1
411219119045801,USGS-411219119045801,2023-10-24T16:03:00Z,2023-10-24,950,NA,3
371108116045303,USGS-371108116045303,2023-10-18T20:35:00Z,2023-10-18,956,2156.43,3
375023120152601,USGS-375023120152601,2023-10-18T18:52:00Z,2023-10-18,956,14.15,1
385321119405002,USGS-385321119405002,2023-10-18T18:16:00Z,2023-10-18,956,99.58,1
385352119455401,USGS-385352119455401,2023-10-18T20:25:00Z,2023-10-18,956,26.32,2
371146116290302,USGS-371146116290302,2023-10-17T17:47:00Z,2023-10-17,957,1655.78,12
371151116294104,USGS-371151116294104,2023-10-17T18:36:00Z,2023-10-17,957,1477.77,3
374203119453201,USGS-374203119453201,2023-10-16T19:25:00Z,2023-10-16,958,11.52,1
351505116405701,USGS-351505116405701,2023-10-12T20:27:00Z,2023-10-12,962,167.12,3
390232119443201,USGS-390232119443201,2023-10-10T17:20:00Z,2023-10-10,964,12.32,2
340742116053201,USGS-340742116053201,2023-10-03T14:00:00Z,2023-10-03,971,327.58,1
334802118141803,USGS-334802118141803,2023-10-02T14:00:00Z,2023-10-02,972,74.94,1
362851121092201,USGS-362851121092201,2023-09-26T17:58:00Z,2023-09-26,978,25.36,8
362853121094601,USGS-362853121094601,2023-09-26T17:09:00Z,2023-09-26,978,15.79,5
362854121094501,USGS-362854121094501,2023-09-26T16:32:00Z,2023-09-26,978,16.43,5
362935121102301,USGS-362935121102301,2023-09-26T17:32:00Z,2023-09-26,978,14.66,5
362951121082901,USGS-362951121082901,2023-09-26T19:22:00Z,2023-09-26,978,10.2,5
363032121080401,USGS-363032121080401,2023-09-26T19:48:00Z,2023-09-26,978,10.38,7
363058121080901,USGS-363058121080901,2023-09-26T15:12:00Z,2023-09-26,978,17.23,5
385300121150001,USGS-385300121150001,2023-09-21T17:35:00Z,2023-09-21,983,15.75,1
382718121224901,USGS-382718121224901,2023-09-20T14:20:00Z,2023-09-20,984,50.98,2
382911121312301,USGS-382911121312301,2023-09-20T18:15:00Z,2023-09-20,984,6.38,2
383000121313601,USGS-383000121313601,2023-09-20T18:55:00Z,2023-09-20,984,7.46,2
393507118432601,USGS-393507118432601,2023-09-19T16:18:00Z,2023-09-19,985,12.14,5
323600116110001,USGS-323600116110001,2023-09-15T19:00:00Z,2023-09-15,989,13.44,1
375100119560001,USGS-375100119560001,2023-09-13T15:11:00Z,2023-09-13,991,16.36,1
381900119450001,USGS-381900119450001,2023-09-13T21:08:00Z,2023-09-13,991,23.19,1
391532118371601,USGS-391532118371601,2023-09-12T22:06:00Z,2023-09-12,992,NA,2
392005119101401,USGS-392005119101401,2023-09-01T19:06:00Z,2023-09-01,1003,NA,2
392058119090801,USGS-392058119090801,2023-09-01T20:07:00Z,2023-09-01,1003,33.18,2
392315119181501,USGS-392315119181501,2023-09-01T21:21:00Z,2023-09-01,1003,230.19,1
344347114180601,USGS-344347114180601,2023-08-31T16:10:00Z,2023-08-31,1004,26.58,2
345818114333701,USGS-345818114333701,2023-08-31T00:17:00Z,2023-08-31,1004,219.03,2
383900120360001,USGS-383900120360001,2023-08-31T16:10:00Z,2023-08-31,1004,40.42,1
350534114354101,USGS-350534114354101,2023-08-30T23:31:00Z,2023-08-30,1005,122.98,1
365904115593401,USGS-365904115593401,2023-08-29T16:41:00Z,2023-08-29,1006,1546.01,3
394800121350001,USGS-394800121350001,2023-08-29T13:00:00Z,2023-08-29,1006,394.5,1
392237119192401,USGS-392237119192401,2023-08-24T20:44:00Z,2023-08-24,1011,362.12,2
392127119244901,USGS-392127119244901,2023-08-23T16:35:00Z,2023-08-23,1012,77.56,2
393123119452301,USGS-393123119452301,2023-08-17T20:30:00Z,2023-08-17,1018,8.46,2
344008120263902,USGS-344008120263902,2023-08-16T18:35:00Z,2023-08-16,1019,18.67,2
345001118264501,USGS-345001118264501,2023-08-16T16:06:00Z,2023-08-16,1019,246.98,5
362417119533701,USGS-362417119533701,2023-08-16T00:01:00Z,2023-08-16,1019,179.92,2
373349121032301,USGS-373349121032301,2023-08-16T22:31:00Z,2023-08-16,1019,16.3,2
373349121032302,USGS-373349121032302,2023-08-16T22:26:00Z,2023-08-16,1019,16.32,2
392310119382001,USGS-392310119382001,2023-08-16T20:37:00Z,2023-08-16,1019,70.84,4
361338119275501,USGS-361338119275501,2023-08-15T20:40:00Z,2023-08-15,1020,121.43,2
361717119234201,USGS-361717119234201,2023-08-15T22:11:00Z,2023-08-15,1020,157.88,1
362352114414501,USGS-362352114414501,2023-08-15T21:49:00Z,2023-08-15,1020,886.44,10
362525119450601,USGS-362525119450601,2023-08-15T23:22:00Z,2023-08-15,1020,133.78,2
364204114454501,USGS-364204114454501,2023-08-15T19:19:00Z,2023-08-15,1020,420.38,10
343929120321001,USGS-343929120321001,2023-08-14T16:46:00Z,2023-08-14,1021,5.82,1
343929120321004,USGS-343929120321004,2023-08-08T17:28:00Z,2023-08-08,1027,16.22,1
384330121293901,USGS-384330121293901,2023-08-03T21:25:00Z,2023-08-03,1032,28.74,2
385431121451401,USGS-385431121451401,2023-08-03T20:00:00Z,2023-08-03,1032,3.42,2
392542121452501,USGS-392542121452501,2023-08-03T17:30:00Z,2023-08-03,1032,3.56,2
393118121521401,USGS-393118121521401,2023-08-03T00:00:00Z,2023-08-03,1032,5.74,2
391653122101401,USGS-391653122101401,2023-08-02T16:30:00Z,2023-08-02,1033,1.37,2
391947122094501,USGS-391947122094501,2023-08-02T16:55:00Z,2023-08-02,1033,2.09,2
392328121571501,USGS-392328121571501,2023-08-02T22:32:00Z,2023-08-02,1033,2.62,2
392545122015201,USGS-392545122015201,2023-08-02T22:00:00Z,2023-08-02,1033,3.57,2
392604121531801,USGS-392604121531801,2023-08-02T22:57:00Z,2023-08-02,1033,2.16,2
392810122080901,USGS-392810122080901,2023-08-02T18:40:00Z,2023-08-02,1033,3.21,2
392824122091401,USGS-392824122091401,2023-08-02T18:15:00Z,2023-08-02,1033,2.06,2
392924121504801,USGS-392924121504801,2023-08-02T23:30:00Z,2023-08-02,1033,2.19,2
392931122031701,USGS-392931122031701,2023-08-02T21:40:00Z,2023-08-02,1033,1.69,2
393235122055301,USGS-393235122055301,2023-08-02T19:55:00Z,2023-08-02,1033,1.89,2
393541122053801,USGS-393541122053801,2023-08-02T20:32:00Z,2023-08-02,1033,3.51,2
370300121350001,USGS-370300121350001,2023-08-01T18:06:00Z,2023-08-01,1034,32.77,1
392302119400901,USGS-392302119400901,2023-07-28T17:26:00Z,2023-07-28,1038,522.28,6
364219120133101,USGS-364219120133101,2023-07-26T16:42:00Z,2023-07-26,1040,98.77,1
370158120383901,USGS-370158120383901,2023-07-25T16:13:00Z,2023-07-25,1041,8.3,1
392944119440401,USGS-392944119440401,2023-07-18T16:46:00Z,2023-07-18,1048,8.5,2
382132121495701,USGS-382132121495701,2023-07-13T18:26:00Z,2023-07-13,1053,8.41,1
382857122000501,USGS-382857122000501,2023-07-13T15:14:00Z,2023-07-13,1053,144.86,1
375350121382401,USGS-375350121382401,2023-07-12T20:19:00Z,2023-07-12,1054,24.82,1
375911121405101,USGS-375911121405101,2023-07-12T16:34:00Z,2023-07-12,1054,23.55,1
381943121465801,USGS-381943121465801,2023-07-11T16:24:00Z,2023-07-11,1055,7.72,1
382452121574401,USGS-382452121574401,2023-07-10T18:29:00Z,2023-07-10,1056,57.47,1
370623120562301,USGS-370623120562301,2023-06-29T16:35:00Z,2023-06-29,1067,22.48,1
370239120520601,USGS-370239120520601,2023-06-27T19:20:00Z,2023-06-27,1069,29.59,1
371352121012201,USGS-371352121012201,2023-06-27T16:24:00Z,2023-06-27,1069,24.65,1
373845118574201,USGS-373845118574201,2023-06-27T22:55:00Z,2023-06-27,1069,352.81,19
373845118574202,USGS-373845118574202,2023-06-27T23:00:00Z,2023-06-27,1069,352.81,15
373859118575801,USGS-373859118575801,2023-06-27T22:00:00Z,2023-06-27,1069,393.47,16
373859118575802,USGS-373859118575802,2023-06-27T22:05:00Z,2023-06-27,1069,338.85,18
373904118570701,USGS-373904118570701,2023-06-27T20:50:00Z,2023-06-27,1069,333,21
373904118570702,USGS-373904118570702,2023-06-27T20:55:00Z,2023-06-27,1069,332.99,9
373905118570701,USGS-373905118570701,2023-06-27T16:35:00Z,2023-06-27,1069,526.3,14
373927118571701,USGS-373927118571701,2023-06-27T19:40:00Z,2023-06-27,1069,357.1,19
373927118571702,USGS-373927118571702,2023-06-27T19:45:00Z,2023-06-27,1069,356.64,15
391359119371901,USGS-391359119371901,2023-06-27T19:06:00Z,2023-06-27,1069,NA,2
372542121051001,USGS-372542121051001,2023-06-26T19:25:00Z,2023-06-26,1070,59.28,1
373859118575601,USGS-373859118575601,2023-06-26T21:45:00Z,2023-06-26,1070,412.98,12
333318116415201,USGS-333318116415201,2023-06-24T01:30:00Z,2023-06-24,1072,NA,1
373745118554002,USGS-373745118554002,2023-06-15T22:15:00Z,2023-06-15,1081,153.87,7
383656121435301,USGS-383656121435301,2023-06-07T21:00:00Z,2023-06-07,1089,NA,1
385744121581201,USGS-385744121581201,2023-06-07T15:20:00Z,2023-06-07,1089,73.29,1
383424121461401,USGS-383424121461401,2023-06-06T19:16:00Z,2023-06-06,1090,51.68,1
383152121330101,USGS-383152121330101,2023-06-05T20:15:00Z,2023-06-05,1091,4.66,1
391240122000001,USGS-391240122000001,2023-06-05T16:37:00Z,2023-06-05,1091,13.45,1
343949120265201,USGS-343949120265201,2023-05-30T19:00:00Z,2023-05-30,1097,37.44,1
014344424114144301,AZ014-344424114144301,2023-05-24T15:11:00Z,2023-05-24,1103,62.56,1
343900120040001,USGS-343900120040001,2023-05-24T16:56:00Z,2023-05-24,1103,403.73,1
382933115202901,USGS-382933115202901,2023-05-18T23:20:00Z,2023-05-18,1109,NA,1
353500120481901,USGS-353500120481901,2023-05-17T20:58:00Z,2023-05-17,1110,45.3,4
353508120481101,USGS-353508120481101,2023-05-17T21:14:00Z,2023-05-17,1110,33.34,3
381023116152901,USGS-381023116152901,2023-05-17T19:00:00Z,2023-05-17,1110,NA,1
381136116201101,USGS-381136116201101,2023-05-17T19:00:00Z,2023-05-17,1110,NA,1
381216116142401,USGS-381216116142401,2023-05-17T19:00:00Z,2023-05-17,1110,NA,1
384035115320001,USGS-384035115320001,2023-05-17T22:30:00Z,2023-05-17,1110,NA,1
393128122123401,USGS-393128122123401,2023-05-17T19:20:00Z,2023-05-17,1110,52.45,1
335838116582504,USGS-335838116582504,2023-05-16T18:18:00Z,2023-05-16,1111,NA,5
344428120161202,USGS-344428120161202,2023-05-16T15:20:00Z,2023-05-16,1111,159,1
380906115410401,USGS-380906115410401,2023-05-16T19:30:00Z,2023-05-16,1111,NA,1
382819115482701,USGS-382819115482701,2023-05-16T13:50:00Z,2023-05-16,1111,NA,1
393357122033501,USGS-393357122033501,2023-05-16T16:20:00Z,2023-05-16,1111,5.97,1
351100120330001,USGS-351100120330001,2023-05-15T19:00:00Z,2023-05-15,1112,139.59,1
393102122181701,USGS-393102122181701,2023-05-14T21:20:00Z,2023-05-14,1113,37.05,1
324416117042006,USGS-324416117042006,2023-05-11T23:37:00Z,2023-05-11,1116,36.98,5
345248116483301,USGS-345248116483301,2023-05-10T20:07:00Z,2023-05-10,1117,NA,4
345249116483401,USGS-345249116483401,2023-05-10T20:20:00Z,2023-05-10,1117,158.2,4
344036117215201,USGS-344036117215201,2023-05-05T17:15:00Z,2023-05-05,1122,283.45,2
344036117215202,USGS-344036117215202,2023-05-05T22:09:00Z,2023-05-05,1122,284.1,2
343600120110001,USGS-343600120110001,2023-05-04T19:00:00Z,2023-05-04,1123,51,1
344200117205001,USGS-344200117205001,2023-05-03T22:40:00Z,2023-05-03,1124,2.02,1
385859122021401,USGS-385859122021401,2023-05-03T17:00:00Z,2023-05-03,1124,NA,1
383146121500601,USGS-383146121500601,2023-05-01T15:21:00Z,2023-05-01,1126,55.17,1
390832122094001,USGS-390832122094001,2023-05-01T19:15:00Z,2023-05-01,1126,12.01,1
342814117150501,USGS-342814117150501,2023-04-24T23:05:00Z,2023-04-24,1133,45.99,4
342814117150503,USGS-342814117150503,2023-04-24T20:38:00Z,2023-04-24,1133,56.08,2
342814117150504,USGS-342814117150504,2023-04-24T20:43:00Z,2023-04-24,1133,17.62,2
375009121225201,USGS-375009121225201,2023-04-20T15:29:00Z,2023-04-20,1137,4.54,1
335411116443801,USGS-335411116443801,2023-04-19T21:06:00Z,2023-04-19,1138,309.02,4
374325121285301,USGS-374325121285301,2023-04-19T18:45:00Z,2023-04-19,1138,NA,1
373223121150201,USGS-373223121150201,2023-04-18T16:34:00Z,2023-04-18,1139,181.5,1
374600121212401,USGS-374600121212401,2023-04-18T19:51:00Z,2023-04-18,1139,7.14,1
382034118313301,USGS-382034118313301,2023-04-18T20:05:00Z,2023-04-18,1139,103.35,4
382256118333201,USGS-382256118333201,2023-04-18T20:40:00Z,2023-04-18,1139,230.05,3
382850118392401,USGS-382850118392401,2023-04-18T19:11:00Z,2023-04-18,1139,49.72,3
390219118515301,USGS-390219118515301,2023-04-18T22:12:00Z,2023-04-18,1139,79.45,4
390219118515302,USGS-390219118515302,2023-04-18T22:09:00Z,2023-04-18,1139,76.5,4
390219118515303,USGS-390219118515303,2023-04-18T22:14:00Z,2023-04-18,1139,85.63,4
390350118544401,USGS-390350118544401,2023-04-18T22:31:00Z,2023-04-18,1139,123.41,4
390527118581901,USGS-390527118581901,2023-04-18T22:44:00Z,2023-04-18,1139,50.54,4
390729119020401,USGS-390729119020401,2023-04-18T22:56:00Z,2023-04-18,1139,39.59,4
390933119030301,USGS-390933119030301,2023-04-18T23:13:00Z,2023-04-18,1139,5.6,4
390933119030302,USGS-390933119030302,2023-04-18T23:10:00Z,2023-04-18,1139,4.43,4
375307121371901,USGS-375307121371901,2023-04-17T19:30:00Z,2023-04-17,1140,46.4,1
342123117211901,USGS-342123117211901,2023-04-11T20:52:00Z,2023-04-11,1146,322.91,1
340609116271101,USGS-340609116271101,2023-04-07T19:44:00Z,2023-04-07,1150,51.35,1
342704116515901,USGS-342704116515901,2023-04-06T16:07:00Z,2023-04-06,1151,198.29,1
394554122140701,USGS-394554122140701,2023-04-06T16:20:00Z,2023-04-06,1151,NA,1
342224116350101,USGS-342224116350101,2023-04-05T19:42:00Z,2023-04-05,1152,NA,1
394338122101201,USGS-394338122101201,2023-04-05T15:25:00Z,2023-04-05,1152,45.05,1
395113122095201,USGS-395113122095201,2023-04-05T19:05:00Z,2023-04-05,1152,88.07,1
395505122193001,USGS-395505122193001,2023-04-04T15:15:00Z,2023-04-04,1153,NA,1
394750122092701,USGS-394750122092701,2023-04-03T18:20:00Z,2023-04-03,1154,91.9,1
421100114421201,USGS-421100114421201,2023-04-03T17:24:00Z,2023-04-03,1154,123.08,1
345100117070001,USGS-345100117070001,2023-03-30T20:55:00Z,2023-03-30,1158,159.37,1
345152116443201,USGS-345152116443201,2023-03-30T17:00:00Z,2023-03-30,1158,115.21,1
404550113590201,USGS-404550113590201,2023-03-29T16:04:00Z,2023-03-29,1159,55.95,2
343532117305902,USGS-343532117305902,2023-03-28T15:50:00Z,2023-03-28,1160,93.94,2
384232119174001,USGS-384232119174001,2023-03-27T18:40:00Z,2023-03-27,1161,154.55,4
384522119220101,USGS-384522119220101,2023-03-27T17:47:00Z,2023-03-27,1161,70.27,3
384553119173101,USGS-384553119173101,2023-03-27T18:24:00Z,2023-03-27,1161,173.89,4
384811119193101,USGS-384811119193101,2023-03-27T19:50:00Z,2023-03-27,1161,9.69,4
384828119165901,USGS-384828119165901,2023-03-27T19:28:00Z,2023-03-27,1161,126.65,4
384933119175601,USGS-384933119175601,2023-03-27T20:04:00Z,2023-03-27,1161,34.96,4
385015119194501,USGS-385015119194501,2023-03-27T20:27:00Z,2023-03-27,1161,106.4,4
385357119215001,USGS-385357119215001,2023-03-27T20:51:00Z,2023-03-27,1161,3.49,2
385557119240801,USGS-385557119240801,2023-03-27T22:09:00Z,2023-03-27,1161,11.11,4
385825119232401,USGS-385825119232401,2023-03-27T22:24:00Z,2023-03-27,1161,209.1,4
385857119194601,USGS-385857119194601,2023-03-27T22:46:00Z,2023-03-27,1161,149.88,4
345032118171001,USGS-345032118171001,2023-03-20T18:44:00Z,2023-03-20,1168,217.19,2
342341117352401,USGS-342341117352401,2023-03-17T16:23:00Z,2023-03-17,1171,287.9,1
344512117153101,USGS-344512117153101,2023-03-17T20:28:00Z,2023-03-17,1171,187.28,1
344727118273101,USGS-344727118273101,2023-03-17T17:19:00Z,2023-03-17,1171,154.35,2
345148117072401,USGS-345148117072401,2023-03-17T00:02:00Z,2023-03-17,1171,119.03,1
390303118513401,USGS-390303118513401,2023-03-17T17:07:00Z,2023-03-17,1171,57.88,4
342918117393901,USGS-342918117393901,2023-03-16T16:29:00Z,2023-03-16,1172,551.28,1
350255117111101,USGS-350255117111101,2023-03-16T17:50:00Z,2023-03-16,1172,161.03,1
383919118454102,USGS-383919118454102,2023-03-16T17:40:00Z,2023-03-16,1172,179.31,3
384234118390801,USGS-384234118390801,2023-03-16T18:57:00Z,2023-03-16,1172,95.18,4
384234118390802,USGS-384234118390802,2023-03-16T19:02:00Z,2023-03-16,1172,91.95,4
385103118462801,USGS-385103118462801,2023-03-16T17:16:00Z,2023-03-16,1172,0,4
385343118473101,USGS-385343118473101,2023-03-16T16:07:00Z,2023-03-16,1172,29.38,3
385619118483201,USGS-385619118483201,2023-03-16T20:00:00Z,2023-03-16,1172,81.17,3
385840118500101,USGS-385840118500101,2023-03-16T20:14:00Z,2023-03-16,1172,13.51,4
344819118175201,USGS-344819118175201,2023-03-15T18:56:00Z,2023-03-15,1173,221.39,4
345523117074901,USGS-345523117074901,2023-03-15T23:21:00Z,2023-03-15,1173,95.12,1
385142119111301,USGS-385142119111301,2023-03-14T18:50:00Z,2023-03-14,1174,28.24,3
385528119120101,USGS-385528119120101,2023-03-14T19:09:00Z,2023-03-14,1174,86.14,3
385651119031301,USGS-385651119031301,2023-03-14T17:58:00Z,2023-03-14,1174,167.05,3
390829119112901,USGS-390829119112901,2023-03-14T17:16:00Z,2023-03-14,1174,6.58,4
390914119060601,USGS-390914119060601,2023-03-14T20:44:00Z,2023-03-14,1174,56.09,4
391004119093201,USGS-391004119093201,2023-03-14T20:01:00Z,2023-03-14,1174,189.11,4
391017119090301,USGS-391017119090301,2023-03-14T20:08:00Z,2023-03-14,1174,97.11,4
391021119094001,USGS-391021119094001,2023-03-14T19:48:00Z,2023-03-14,1174,81.54,4
391058119075801,USGS-391058119075801,2023-03-14T20:25:00Z,2023-03-14,1174,177,4
343418117431001,USGS-343418117431001,2023-03-13T18:32:00Z,2023-03-13,1175,131.96,2
345753116404101,USGS-345753116404101,2023-03-12T20:57:00Z,2023-03-12,1176,145.84,1
345337116393801,USGS-345337116393801,2023-03-09T23:37:00Z,2023-03-09,1179,135.78,1
342551116434301,USGS-342551116434301,2023-03-08T16:15:00Z,2023-03-08,1180,NA,1
342643116471101,USGS-342643116471101,2023-03-08T15:30:00Z,2023-03-08,1180,141.98,1
342814117090301,USGS-342814117090301,2023-03-08T17:50:00Z,2023-03-08,1180,218.18,1
384917118421601,USGS-384917118421601,2023-03-08T15:21:00Z,2023-03-08,1180,128.94,4
384917118421602,USGS-384917118421602,2023-03-08T15:36:00Z,2023-03-08,1180,128.33,4
385203118452001,USGS-385203118452001,2023-03-08T17:30:00Z,2023-03-08,1180,3.32,4
385325118455001,USGS-385325118455001,2023-03-08T17:12:00Z,2023-03-08,1180,26,4
385342118443201,USGS-385342118443201,2023-03-08T17:57:00Z,2023-03-08,1180,30.55,4
385450118425301,USGS-385450118425301,2023-03-08T18:37:00Z,2023-03-08,1180,NA,2
385605118440601,USGS-385605118440601,2023-03-08T18:36:00Z,2023-03-08,1180,56.69,4
385637118463501,USGS-385637118463501,2023-03-08T19:05:00Z,2023-03-08,1180,NA,3
385756118485001,USGS-385756118485001,2023-03-08T21:40:00Z,2023-03-08,1180,56.48,4
385930118373101,USGS-385930118373101,2023-03-08T20:16:00Z,2023-03-08,1180,34.32,4
390049118464801,USGS-390049118464801,2023-03-08T22:37:00Z,2023-03-08,1180,140.65,4
390343118465001,USGS-390343118465001,2023-03-08T23:17:00Z,2023-03-08,1180,NA,3
340741116222701,USGS-340741116222701,2023-03-07T20:41:00Z,2023-03-07,1181,414.52,1
340741116222703,USGS-340741116222703,2023-03-07T20:45:00Z,2023-03-07,1181,NA,1
340741116222705,USGS-340741116222705,2023-03-07T20:53:00Z,2023-03-07,1181,NA,1
340751116222801,USGS-340751116222801,2023-03-07T21:41:00Z,2023-03-07,1181,336.64,1
340800116222703,USGS-340800116222703,2023-03-07T21:19:00Z,2023-03-07,1181,NA,1
340800116222705,USGS-340800116222705,2023-03-07T21:15:00Z,2023-03-07,1181,NA,1
340821116220901,USGS-340821116220901,2023-03-07T19:57:00Z,2023-03-07,1181,159.42,1
342433117133201,USGS-342433117133201,2023-03-05T19:18:00Z,2023-03-05,1183,109.94,1
343307117103201,USGS-343307117103201,2023-03-05T23:09:00Z,2023-03-05,1183,164.37,1
343727117254301,USGS-343727117254301,2023-03-04T22:10:00Z,2023-03-04,1184,51.48,1
343936117205201,USGS-343936117205201,2023-03-04T18:28:00Z,2023-03-04,1184,20.85,1
334044114393201,USGS-334044114393201,2023-02-28T17:11:00Z,2023-02-28,1188,148.85,1
330541115553601,USGS-330541115553601,2023-02-17T22:50:00Z,2023-02-17,1199,5.09,1
330541115553602,USGS-330541115553602,2023-02-17T22:40:00Z,2023-02-17,1199,5.01,1
330541115553603,USGS-330541115553603,2023-02-17T22:30:00Z,2023-02-17,1199,5.25,1
370014116332501,USGS-370014116332501,2023-02-13T22:08:00Z,2023-02-13,1203,337.76,7
362718116494101,USGS-362718116494101,2023-02-09T03:48:00Z,2023-02-09,1207,88.39,16
362718116494102,USGS-362718116494102,2023-02-09T03:24:00Z,2023-02-09,1207,84.29,15
362718116494103,USGS-362718116494103,2023-02-09T03:22:00Z,2023-02-09,1207,88.84,16
343002117393301,USGS-343002117393301,2023-01-31T18:46:00Z,2023-01-31,1216,488,1
343038117341701,USGS-343038117341701,2023-01-31T17:56:00Z,2023-01-31,1216,436.5,1
343425117195601,USGS-343425117195601,2023-01-31T17:03:00Z,2023-01-31,1216,18.47,1
343425117195602,USGS-343425117195602,2023-01-31T17:05:00Z,2023-01-31,1216,18.06,1
343425117195603,USGS-343425117195603,2023-01-31T17:07:00Z,2023-01-31,1216,15.27,1
343435117195501,USGS-343435117195501,2023-01-31T18:25:00Z,2023-01-31,1216,11.45,1
343443117200401,USGS-343443117200401,2023-01-31T18:55:00Z,2023-01-31,1216,9.79,1
343444117200401,USGS-343444117200401,2023-01-31T18:51:00Z,2023-01-31,1216,11.97,1
343444117200402,USGS-343444117200402,2023-01-31T18:53:00Z,2023-01-31,1216,11.21,1
343548117203501,USGS-343548117203501,2023-01-31T19:24:00Z,2023-01-31,1216,12.31,1
343548117203502,USGS-343548117203502,2023-01-31T19:26:00Z,2023-01-31,1216,9.69,1
343548117203503,USGS-343548117203503,2023-01-31T19:32:00Z,2023-01-31,1216,4.15,1
343548117203504,USGS-343548117203504,2023-01-31T19:34:00Z,2023-01-31,1216,4.14,1
343631117211001,USGS-343631117211001,2023-01-31T17:30:00Z,2023-01-31,1216,-8.99,1
343710117211701,USGS-343710117211701,2023-01-31T17:47:00Z,2023-01-31,1216,0.81,1
343723117205501,USGS-343723117205501,2023-01-31T19:50:00Z,2023-01-31,1216,14.33,1
343732117211801,USGS-343732117211801,2023-01-31T17:56:00Z,2023-01-31,1216,2.94,1
343839117210601,USGS-343839117210601,2023-01-31T20:44:00Z,2023-01-31,1216,22.66,1
343839117210602,USGS-343839117210602,2023-01-31T20:45:00Z,2023-01-31,1216,21.64,1
343839117210603,USGS-343839117210603,2023-01-31T20:47:00Z,2023-01-31,1216,21.04,1
343839117210604,USGS-343839117210604,2023-01-31T20:54:00Z,2023-01-31,1216,5.96,1
343839117210605,USGS-343839117210605,2023-01-31T20:55:00Z,2023-01-31,1216,2.6,1
343840117212701,USGS-343840117212701,2023-01-31T22:32:00Z,2023-01-31,1216,4.38,1
343840117212702,USGS-343840117212702,2023-01-31T22:30:00Z,2023-01-31,1216,4.44,1
343953118041901,USGS-343953118041901,2023-01-31T20:30:00Z,2023-01-31,1216,328.37,1
344028117211701,USGS-344028117211701,2023-01-31T21:46:00Z,2023-01-31,1216,26.15,1
344028117212201,USGS-344028117212201,2023-01-31T21:52:00Z,2023-01-31,1216,3.06,1
344030117205701,USGS-344030117205701,2023-01-31T21:11:00Z,2023-01-31,1216,2.11,1
344036117215203,USGS-344036117215203,2023-01-31T21:50:00Z,2023-01-31,1216,236.84,1
344333117225901,USGS-344333117225901,2023-01-31T19:15:00Z,2023-01-31,1216,96.36,2
344333117225902,USGS-344333117225902,2023-01-31T19:17:00Z,2023-01-31,1216,95.76,2
344333117225903,USGS-344333117225903,2023-01-31T19:19:00Z,2023-01-31,1216,94.07,2
344524117193401,USGS-344524117193401,2023-01-31T21:09:00Z,2023-01-31,1216,15.22,1
344524117193402,USGS-344524117193402,2023-01-31T21:10:00Z,2023-01-31,1216,15.23,1
344524117193403,USGS-344524117193403,2023-01-31T21:11:00Z,2023-01-31,1216,15.37,1
344524117193404,USGS-344524117193404,2023-01-31T21:12:00Z,2023-01-31,1216,12.61,1
344546117185901,USGS-344546117185901,2023-01-31T20:59:00Z,2023-01-31,1216,5.92,1
344546117190101,USGS-344546117190101,2023-01-31T21:00:00Z,2023-01-31,1216,6.53,1
344546117190102,USGS-344546117190102,2023-01-31T21:02:00Z,2023-01-31,1216,6.29,1
344546117190105,USGS-344546117190105,2023-01-31T21:05:00Z,2023-01-31,1216,6.82,1
344609117182901,USGS-344609117182901,2023-01-31T20:09:00Z,2023-01-31,1216,11.71,1
344609117182902,USGS-344609117182902,2023-01-31T20:11:00Z,2023-01-31,1216,10.55,1
344609117182903,USGS-344609117182903,2023-01-31T20:13:00Z,2023-01-31,1216,6.41,1
344609117182904,USGS-344609117182904,2023-01-31T20:15:00Z,2023-01-31,1216,7.38,1
344611117200801,USGS-344611117200801,2023-01-31T20:30:00Z,2023-01-31,1216,67.98,1
344611117200802,USGS-344611117200802,2023-01-31T20:32:00Z,2023-01-31,1216,68.02,1
344611117200803,USGS-344611117200803,2023-01-31T20:34:00Z,2023-01-31,1216,67.27,1
344611117200804,USGS-344611117200804,2023-01-31T20:36:00Z,2023-01-31,1216,67.51,1
345036116394501,USGS-345036116394501,2023-01-30T21:52:00Z,2023-01-30,1217,132.18,1
345104116384001,USGS-345104116384001,2023-01-30T21:20:00Z,2023-01-30,1217,125.64,1
345104116384002,USGS-345104116384002,2023-01-30T21:22:00Z,2023-01-30,1217,125.53,1
345104116384003,USGS-345104116384003,2023-01-30T21:24:00Z,2023-01-30,1217,131.47,1
345123116405402,USGS-345123116405402,2023-01-30T22:13:00Z,2023-01-30,1217,162.01,1
345224116525701,USGS-345224116525701,2023-01-30T21:53:00Z,2023-01-30,1217,165.76,1
345224116525702,USGS-345224116525702,2023-01-30T21:55:00Z,2023-01-30,1217,165.6,1
345224116525703,USGS-345224116525703,2023-01-30T21:58:00Z,2023-01-30,1217,165.63,1
345242116562101,USGS-345242116562101,2023-01-30T17:53:00Z,2023-01-30,1217,39.75,1
345242116562102,USGS-345242116562102,2023-01-30T17:56:00Z,2023-01-30,1217,33.79,1
345242116562103,USGS-345242116562103,2023-01-30T18:00:00Z,2023-01-30,1217,34.22,1
345242116562104,USGS-345242116562104,2023-01-30T17:58:00Z,2023-01-30,1217,33.72,1
345251116560601,USGS-345251116560601,2023-01-30T17:30:00Z,2023-01-30,1217,30.88,1
345251116560602,USGS-345251116560602,2023-01-30T17:32:00Z,2023-01-30,1217,32.38,1
345251116560603,USGS-345251116560603,2023-01-30T17:34:00Z,2023-01-30,1217,32.67,1
345251116560604,USGS-345251116560604,2023-01-30T17:36:00Z,2023-01-30,1217,32.27,1
345259116514201,USGS-345259116514201,2023-01-30T21:28:00Z,2023-01-30,1217,181.4,1
345259116514202,USGS-345259116514202,2023-01-30T21:30:00Z,2023-01-30,1217,181.24,1
345259116514203,USGS-345259116514203,2023-01-30T21:33:00Z,2023-01-30,1217,181.36,1
345605116371301,USGS-345605116371301,2023-01-30T19:23:00Z,2023-01-30,1217,33.64,1
345605116371302,USGS-345605116371302,2023-01-30T19:25:00Z,2023-01-30,1217,31.63,1
345606116364801,USGS-345606116364801,2023-01-30T18:56:00Z,2023-01-30,1217,34.25,1
345606116364802,USGS-345606116364802,2023-01-30T19:02:00Z,2023-01-30,1217,33.4,1
345606116364803,USGS-345606116364803,2023-01-30T19:08:00Z,2023-01-30,1217,32.94,1
345610116355901,USGS-345610116355901,2023-01-30T19:42:00Z,2023-01-30,1217,27.07,1
345610116360001,USGS-345610116360001,2023-01-30T19:44:00Z,2023-01-30,1217,22.63,1
345618116360901,USGS-345618116360901,2023-01-30T19:15:00Z,2023-01-30,1217,11,1
345620116352301,USGS-345620116352301,2023-01-30T20:04:00Z,2023-01-30,1217,31.28,1
340936116301201,USGS-340936116301201,2023-01-27T18:19:00Z,2023-01-27,1220,48.96,1
341017116325201,USGS-341017116325201,2023-01-27T17:13:00Z,2023-01-27,1220,72.35,1
342519117240701,USGS-342519117240701,2023-01-26T20:37:00Z,2023-01-26,1221,659.01,1
342733117220501,USGS-342733117220501,2023-01-26T19:55:00Z,2023-01-26,1221,420.64,1
342744117215001,USGS-342744117215001,2023-01-26T19:00:00Z,2023-01-26,1221,409,1
345630116362201,USGS-345630116362201,2023-01-26T19:13:00Z,2023-01-26,1221,16.56,1
345632116362701,USGS-345632116362701,2023-01-26T19:30:00Z,2023-01-26,1221,24.85,1
363012116214801,USGS-363012116214801,2023-01-26T05:02:00Z,2023-01-26,1221,46.14,13
363045116491801,USGS-363045116491801,2023-01-26T01:20:00Z,2023-01-26,1221,-14.25,15
342438117181401,USGS-342438117181401,2023-01-25T20:00:00Z,2023-01-25,1222,480.11,1
343004117153801,USGS-343004117153801,2023-01-25T18:13:00Z,2023-01-25,1222,39.02,1
343004117153802,USGS-343004117153802,2023-01-25T18:04:00Z,2023-01-25,1222,12.6,1
343004117153803,USGS-343004117153803,2023-01-25T18:05:00Z,2023-01-25,1222,10.25,1
343004117153805,USGS-343004117153805,2023-01-25T18:19:00Z,2023-01-25,1222,9.98,1
362649116225801,USGS-362649116225801,2023-01-25T05:30:00Z,2023-01-25,1222,55.91,11
362953116210101,USGS-362953116210101,2023-01-25T06:08:00Z,2023-01-25,1222,-32.32,11
362953116210102,USGS-362953116210102,2023-01-25T05:59:00Z,2023-01-25,1222,-30.05,13
342923117370601,USGS-342923117370601,2023-01-24T19:25:00Z,2023-01-24,1223,557.07,1
343030117300901,USGS-343030117300901,2023-01-24T16:51:00Z,2023-01-24,1223,354.18,1
343030117300902,USGS-343030117300902,2023-01-24T16:56:00Z,2023-01-24,1223,363.49,1
343030117300903,USGS-343030117300903,2023-01-24T17:02:00Z,2023-01-24,1223,356.55,1
345116117111601,USGS-345116117111601,2023-01-13T20:40:00Z,2023-01-13,1234,72.9,1
345136117101201,USGS-345136117101201,2023-01-13T20:21:00Z,2023-01-13,1234,86.84,1
345251116574201,USGS-345251116574201,2023-01-13T18:55:00Z,2023-01-13,1234,20.1,1
345251116574202,USGS-345251116574202,2023-01-13T18:57:00Z,2023-01-13,1234,21.14,1
345251116574203,USGS-345251116574203,2023-01-13T18:59:00Z,2023-01-13,1234,20.01,1
345251116574204,USGS-345251116574204,2023-01-13T19:01:00Z,2023-01-13,1234,19.83,1
345254116570401,USGS-345254116570401,2023-01-13T19:18:00Z,2023-01-13,1234,10.02,1
345254116570402,USGS-345254116570402,2023-01-13T19:20:00Z,2023-01-13,1234,14.66,1
345254116570403,USGS-345254116570403,2023-01-13T19:22:00Z,2023-01-13,1234,13.01,1
345254116570404,USGS-345254116570404,2023-01-13T19:24:00Z,2023-01-13,1234,13.05,1
345339116584501,USGS-345339116584501,2023-01-13T18:39:00Z,2023-01-13,1234,16.79,1
345339116584502,USGS-345339116584502,2023-01-13T18:41:00Z,2023-01-13,1234,17.95,1
345339116584503,USGS-345339116584503,2023-01-13T19:43:00Z,2023-01-13,1234,18.06,1
345350117074001,USGS-345350117074001,2023-01-13T22:22:00Z,2023-01-13,1234,100.57,1
345350117074002,USGS-345350117074002,2023-01-13T22:25:00Z,2023-01-13,1234,98.43,1
345351116593302,USGS-345351116593302,2023-01-13T18:08:00Z,2023-01-13,1234,40.83,1
345351116593303,USGS-345351116593303,2023-01-13T18:10:00Z,2023-01-13,1234,41.03,1
345351116593304,USGS-345351116593304,2023-01-13T18:15:00Z,2023-01-13,1234,40.91,1
345406117044001,USGS-345406117044001,2023-01-13T17:30:00Z,2023-01-13,1234,91.83,1
345407117034701,USGS-345407117034701,2023-01-13T17:45:00Z,2023-01-13,1234,88.79,1
345421117035301,USGS-345421117035301,2023-01-13T17:00:00Z,2023-01-13,1234,86.36,1
340804116205901,USGS-340804116205901,2023-01-11T18:23:00Z,2023-01-11,1236,543.61,1
340804116205902,USGS-340804116205902,2023-01-11T18:29:00Z,2023-01-11,1236,542.81,1
340804116205903,USGS-340804116205903,2023-01-11T18:35:00Z,2023-01-11,1236,543.05,1
341036116221301,USGS-341036116221301,2023-01-11T19:10:00Z,2023-01-11,1236,215.81,1
341319116244901,USGS-341319116244901,2023-01-11T20:15:00Z,2023-01-11,1236,284.37,1
341332116241301,USGS-341332116241301,2023-01-11T19:53:00Z,2023-01-11,1236,362.63,1
341534116234401,USGS-341534116234401,2023-01-11T21:50:00Z,2023-01-11,1236,170.82,1
341601116233401,USGS-341601116233401,2023-01-11T21:31:00Z,2023-01-11,1236,231.32,1
342318117141101,USGS-342318117141101,2023-01-11T05:32:00Z,2023-01-11,1236,80.73,1
342516117141801,USGS-342516117141801,2023-01-11T06:58:00Z,2023-01-11,1236,126.36,1
342715117015901,USGS-342715117015901,2023-01-11T18:46:00Z,2023-01-11,1236,49.1,1
342318117141102,USGS-342318117141102,2023-01-10T17:35:00Z,2023-01-10,1237,94.61,1
342318117141103,USGS-342318117141103,2023-01-10T17:38:00Z,2023-01-10,1237,97.72,1
342318117141104,USGS-342318117141104,2023-01-10T17:41:00Z,2023-01-10,1237,97.91,1
342805117164501,USGS-342805117164501,2023-01-10T18:19:00Z,2023-01-10,1237,214.31,1
342805117164502,USGS-342805117164502,2023-01-10T18:23:00Z,2023-01-10,1237,234.01,1
342805117164503,USGS-342805117164503,2023-01-10T18:26:00Z,2023-01-10,1237,234.43,1
342805117164504,USGS-342805117164504,2023-01-10T18:30:00Z,2023-01-10,1237,234.69,1
342814117150502,USGS-342814117150502,2023-01-10T17:30:00Z,2023-01-10,1237,66.25,1
342959117133001,USGS-342959117133001,2023-01-10T16:43:00Z,2023-01-10,1237,191.41,1
342959117133002,USGS-342959117133002,2023-01-10T16:45:00Z,2023-01-10,1237,190.23,1
342959117133003,USGS-342959117133003,2023-01-10T16:48:00Z,2023-01-10,1237,187.16,1
342514117134801,USGS-342514117134801,2023-01-09T20:00:00Z,2023-01-09,1238,102.15,1
342514117134802,USGS-342514117134802,2023-01-09T20:05:00Z,2023-01-09,1238,102.5,1
342514117134803,USGS-342514117134803,2023-01-09T20:09:00Z,2023-01-09,1238,102.82,1
342518116505401,USGS-342518116505401,2023-01-09T17:43:00Z,2023-01-09,1238,355.1,1
342518116505402,USGS-342518116505402,2023-01-09T17:46:00Z,2023-01-09,1238,306.08,1
342544116555001,USGS-342544116555001,2023-01-09T18:13:00Z,2023-01-09,1238,293.03,1
342544116555002,USGS-342544116555002,2023-01-09T18:18:00Z,2023-01-09,1238,284.12,1
342726117082401,USGS-342726117082401,2023-01-09T19:11:00Z,2023-01-09,1238,321.28,1
342726117082402,USGS-342726117082402,2023-01-09T19:16:00Z,2023-01-09,1238,313.6,1
342738116553901,USGS-342738116553901,2023-01-09T16:06:00Z,2023-01-09,1238,144.63,1
342738116553904,USGS-342738116553904,2023-01-09T16:14:00Z,2023-01-09,1238,134.87,1
342738116553905,USGS-342738116553905,2023-01-09T16:20:00Z,2023-01-09,1238,142.15,1
342738116553906,USGS-342738116553906,2023-01-09T16:24:00Z,2023-01-09,1238,134.67,1
342826116554101,USGS-342826116554101,2023-01-09T16:37:00Z,2023-01-09,1238,129.07,1
342850116562301,USGS-342850116562301,2023-01-09T16:52:00Z,2023-01-09,1238,119.27,1
342850116562302,USGS-342850116562302,2023-01-09T16:56:00Z,2023-01-09,1238,119.25,1
342850116562303,USGS-342850116562303,2023-01-09T16:58:00Z,2023-01-09,1238,119.24,1
342850116562304,USGS-342850116562304,2023-01-09T17:01:00Z,2023-01-09,1238,119.12,1
342850116562305,USGS-342850116562305,2023-01-09T17:04:00Z,2023-01-09,1238,105.12,1
342938117111901,USGS-342938117111901,2023-01-09T19:51:00Z,2023-01-09,1238,164.11,1
342938117111902,USGS-342938117111902,2023-01-09T19:54:00Z,2023-01-09,1238,163.4,1
342938117111903,USGS-342938117111903,2023-01-09T19:57:00Z,2023-01-09,1238,161.57,1
342938117111904,USGS-342938117111904,2023-01-09T20:01:00Z,2023-01-09,1238,147.23,1
343554118050501,USGS-343554118050501,2023-01-09T16:04:00Z,2023-01-09,1238,570,1
361935120134501,USGS-361935120134501,2022-12-21T22:06:00Z,2022-12-21,1257,446.1,9
382218118331201,USGS-382218118331201,2022-12-15T21:52:00Z,2022-12-15,1263,209.97,3
384208119190601,USGS-384208119190601,2022-12-05T18:56:00Z,2022-12-05,1273,104.37,3
385222119154601,USGS-385222119154601,2022-12-05T22:22:00Z,2022-12-05,1273,283.35,3
400400122090001,USGS-400400122090001,2022-12-05T20:30:00Z,2022-12-05,1273,42.2,1
385432121213001,USGS-385432121213001,2022-12-01T17:35:00Z,2022-12-01,1277,46.3,1
384024121281301,USGS-384024121281301,2022-11-30T16:47:00Z,2022-11-30,1278,53.75,1
384234121134101,USGS-384234121134101,2022-11-30T20:32:00Z,2022-11-30,1278,118.94,1
383004121123601,USGS-383004121123601,2022-11-29T20:32:00Z,2022-11-29,1279,183.7,1
384949121233501,USGS-384949121233501,2022-11-29T17:35:00Z,2022-11-29,1279,96.4,1
391011119020301,USGS-391011119020301,2022-11-29T18:20:00Z,2022-11-29,1279,168.8,3
335847117030201,USGS-335847117030201,2022-11-28T19:33:00Z,2022-11-28,1280,156.07,3
390538118534701,USGS-390538118534701,2022-11-23T20:01:00Z,2022-11-23,1285,96.58,3
390906118575701,USGS-390906118575701,2022-11-23T19:26:00Z,2022-11-23,1285,153.18,3
391052119034101,USGS-391052119034101,2022-11-21T18:53:00Z,2022-11-21,1287,66.18,3
385546121312801,USGS-385546121312801,2022-11-17T17:28:00Z,2022-11-17,1291,47.37,1
382600121305501,USGS-382600121305501,2022-11-16T20:00:00Z,2022-11-16,1292,17.79,1
382911121214301,USGS-382911121214301,2022-11-16T16:40:00Z,2022-11-16,1292,72.34,1
381618120582101,USGS-381618120582101,2022-11-15T21:22:00Z,2022-11-15,1293,64.49,1
324407115590902,USGS-324407115590902,2022-11-08T17:01:00Z,2022-11-08,1300,NA,3
324446115595901,USGS-324446115595901,2022-11-07T23:47:00Z,2022-11-07,1301,NA,3
373754118501701,USGS-373754118501701,2022-11-03T21:30:00Z,2022-11-03,1305,39.21,6
362230116392901,USGS-362230116392901,2022-10-27T00:19:00Z,2022-10-27,1312,607.07,4
371652116321804,USGS-371652116321804,2022-10-26T19:25:00Z,2022-10-26,1313,1874.34,4
371425116251902,USGS-371425116251902,2022-10-25T19:07:00Z,2022-10-25,1314,2039.11,1
324400114380001,USGS-324400114380001,2022-10-24T22:53:00Z,2022-10-24,1315,15.41,1
324457114452601,USGS-324457114452601,2022-10-24T19:10:00Z,2022-10-24,1315,163.55,1
371312116283801,USGS-371312116283801,2022-10-24T20:39:00Z,2022-10-24,1315,2053.28,1
364824121302301,USGS-364824121302301,2022-10-20T15:23:00Z,2022-10-20,1319,49.9,1
370316121143101,USGS-370316121143101,2022-10-19T15:40:00Z,2022-10-19,1320,216.56,1
412036118593001,USGS-412036118593001,2022-10-18T18:14:00Z,2022-10-18,1321,96.09,1
350230116264001,USGS-350230116264001,2022-10-17T21:27:00Z,2022-10-17,1322,199.29,3
370419121284501,USGS-370419121284501,2022-10-05T16:00:00Z,2022-10-05,1334,NA,1
370520121340401,USGS-370520121340401,2022-10-05T19:46:00Z,2022-10-05,1334,159.74,1
365216121240001,USGS-365216121240001,2022-10-04T15:43:00Z,2022-10-04,1335,68.25,1
370702121393901,USGS-370702121393901,2022-10-04T20:40:00Z,2022-10-04,1335,36.36,1
365028121312901,USGS-365028121312901,2022-10-03T19:22:00Z,2022-10-03,1336,NA,1
391641118403501,USGS-391641118403501,2022-09-23T18:55:00Z,2022-09-23,1346,NA,2
392132118411001,USGS-392132118411001,2022-09-23T18:07:00Z,2022-09-23,1346,2.85,2
392759118411601,USGS-392759118411601,2022-09-19T20:17:00Z,2022-09-19,1350,6.65,2
370120121245701,USGS-370120121245701,2022-09-15T16:00:00Z,2022-09-15,1354,NA,1
364704121194601,USGS-364704121194601,2022-09-14T15:30:00Z,2022-09-14,1355,54.24,1
370126121301001,USGS-370126121301001,2022-09-13T15:30:00Z,2022-09-13,1356,177.74,1
370313121323801,USGS-370313121323801,2022-09-13T19:12:00Z,2022-09-13,1356,147.37,1
371832120231201,USGS-371832120231201,2022-09-07T16:00:00Z,2022-09-07,1362,109.04,1
374448121130701,USGS-374448121130701,2022-09-06T21:45:00Z,2022-09-06,1363,11.35,1
364422120210601,USGS-364422120210601,2022-09-01T18:45:00Z,2022-09-01,1368,49.42,4
365630121214701,USGS-365630121214701,2022-09-01T16:29:00Z,2022-09-01,1368,119.92,1
365230121342401,USGS-365230121342401,2022-08-30T18:37:00Z,2022-08-30,1370,212.73,1
370203121403501,USGS-370203121403501,2022-08-30T15:12:00Z,2022-08-30,1370,67.82,1
370625121370401,USGS-370625121370401,2022-08-29T19:02:00Z,2022-08-29,1371,73.31,1
353430120464201,USGS-353430120464201,2022-08-22T16:29:00Z,2022-08-22,1378,77.94,1
392256119150101,USGS-392256119150101,2022-08-22T16:48:00Z,2022-08-22,1378,NA,1
392610119034701,USGS-392610119034701,2022-08-18T19:34:00Z,2022-08-18,1382,NA,1
364742121192801,USGS-364742121192801,2022-08-17T18:36:00Z,2022-08-17,1383,-77.79,1
365005121121501,USGS-365005121121501,2022-08-16T18:12:00Z,2022-08-16,1384,65.86,1
364822121232601,USGS-364822121232601,2022-08-15T19:20:00Z,2022-08-15,1385,52.99,1
391645119345301,USGS-391645119345301,2022-08-10T19:12:00Z,2022-08-10,1390,132.85,1
390559119444301,USGS-390559119444301,2022-08-08T19:14:00Z,2022-08-08,1392,13.55,1
365710121245501,USGS-365710121245501,2022-08-04T15:06:00Z,2022-08-04,1396,20.86,1
363845121001001,USGS-363845121001001,2022-08-02T15:50:00Z,2022-08-02,1398,46.51,1
364931121231901,USGS-364931121231901,2022-08-02T19:51:00Z,2022-08-02,1398,82.33,1
371421116333703,USGS-371421116333703,2022-08-02T15:37:00Z,2022-08-02,1398,1456.71,2
391552120045101,USGS-391552120045101,2022-07-11T20:30:00Z,2022-07-11,1420,69.9,1
370412116095101,USGS-370412116095101,2022-07-05T18:00:00Z,2022-07-05,1426,787.03,1
391900120100001,USGS-391900120100001,2022-06-28T15:44:00Z,2022-06-28,1433,72.85,1
392927119475201,USGS-392927119475201,2022-06-27T20:22:00Z,2022-06-27,1434,33.71,2
393019119595701,USGS-393019119595701,2022-06-27T17:29:00Z,2022-06-27,1434,43.95,2
345446116485101,USGS-345446116485101,2022-06-22T18:02:00Z,2022-06-22,1439,NA,1
381344122202901,USGS-381344122202901,2022-06-07T15:27:00Z,2022-06-07,1454,21.86,1
374703116445701,USGS-374703116445701,2022-06-06T19:56:00Z,2022-06-06,1455,347.25,3
374725116452701,USGS-374725116452701,2022-06-06T21:14:00Z,2022-06-06,1455,347.8,3
374739116453401,USGS-374739116453401,2022-06-06T21:24:00Z,2022-06-06,1455,338.32,3
375045116460201,USGS-375045116460201,2022-06-06T21:38:00Z,2022-06-06,1455,196.33,3
375054116422401,USGS-375054116422401,2022-06-06T20:10:00Z,2022-06-06,1455,129.49,3
375054116460201,USGS-375054116460201,2022-06-06T21:44:00Z,2022-06-06,1455,116.8,3
375055116460201,USGS-375055116460201,2022-06-06T21:50:00Z,2022-06-06,1455,110.85,3
391757123473101,USGS-391757123473101,2022-05-26T19:00:00Z,2022-05-26,1466,14.58,1
345153117080701,USGS-345153117080701,2022-05-25T15:53:00Z,2022-05-25,1467,110.31,2
381448122542001,USGS-381448122542001,2022-05-25T17:16:00Z,2022-05-25,1467,11.55,1
382306122480601,USGS-382306122480601,2022-05-18T15:30:00Z,2022-05-18,1474,41.02,1
383323122432101,USGS-383323122432101,2022-05-18T19:51:00Z,2022-05-18,1474,56.53,1
383959122564901,USGS-383959122564901,2022-05-17T22:15:00Z,2022-05-17,1475,94.25,1
384814123044001,USGS-384814123044001,2022-05-17T16:24:00Z,2022-05-17,1475,81.75,1
351619117041301,USGS-351619117041301,2022-05-12T18:40:00Z,2022-05-12,1480,119.32,2
351619117045701,USGS-351619117045701,2022-05-12T19:02:00Z,2022-05-12,1480,119.29,2
351620117041101,USGS-351620117041101,2022-05-12T18:47:00Z,2022-05-12,1480,120.01,2
351620117041102,USGS-351620117041102,2022-05-12T18:53:00Z,2022-05-12,1480,119.78,2
351801116474101,USGS-351801116474101,2022-05-12T16:29:00Z,2022-05-12,1480,209.46,2
351801116474102,USGS-351801116474102,2022-05-12T16:32:00Z,2022-05-12,1480,209.26,2
351904116543101,USGS-351904116543101,2022-05-12T17:43:00Z,2022-05-12,1480,245.62,2
351904116543102,USGS-351904116543102,2022-05-12T17:45:00Z,2022-05-12,1480,245.62,2
351904116543103,USGS-351904116543103,2022-05-12T17:49:00Z,2022-05-12,1480,216.51,2
352144116522601,USGS-352144116522601,2022-05-12T16:57:00Z,2022-05-12,1480,171.11,2
352144116522602,USGS-352144116522602,2022-05-12T17:01:00Z,2022-05-12,1480,171.03,2
352144116522603,USGS-352144116522603,2022-05-12T17:03:00Z,2022-05-12,1480,171.05,2
352145116522401,USGS-352145116522401,2022-05-12T17:11:00Z,2022-05-12,1480,171.7,2
352306116540901,USGS-352306116540901,2022-05-12T20:03:00Z,2022-05-12,1480,133.44,2
351100116271001,USGS-351100116271001,2022-05-10T01:52:00Z,2022-05-10,1482,192.56,2
351100116271002,USGS-351100116271002,2022-05-10T01:55:00Z,2022-05-10,1482,180.8,2
351100116271003,USGS-351100116271003,2022-05-10T02:01:00Z,2022-05-10,1482,160.19,2
351416116281501,USGS-351416116281501,2022-05-10T01:19:00Z,2022-05-10,1482,56.07,2
351416116281502,USGS-351416116281502,2022-05-10T01:22:00Z,2022-05-10,1482,57.6,2
351643116205901,USGS-351643116205901,2022-05-10T00:51:00Z,2022-05-10,1482,236.48,2
352058116205901,USGS-352058116205901,2022-05-10T00:24:00Z,2022-05-10,1482,421.85,2
352109116282001,USGS-352109116282001,2022-05-09T23:57:00Z,2022-05-09,1483,111.4,2
352806116462101,USGS-352806116462101,2022-05-09T22:35:00Z,2022-05-09,1483,292.77,2
352806116462102,USGS-352806116462102,2022-05-09T22:39:00Z,2022-05-09,1483,292.74,2
352806116462103,USGS-352806116462103,2022-05-09T22:42:00Z,2022-05-09,1483,279.55,3
352207116434901,USGS-352207116434901,2022-05-08T22:35:00Z,2022-05-08,1484,421.06,2
352207116434902,USGS-352207116434902,2022-05-08T22:44:00Z,2022-05-08,1484,421.06,2
352354116411201,USGS-352354116411201,2022-05-08T17:31:00Z,2022-05-08,1484,158.17,2
352436116474001,USGS-352436116474001,2022-05-08T19:18:00Z,2022-05-08,1484,300.34,2
352450116421101,USGS-352450116421101,2022-05-08T17:55:00Z,2022-05-08,1484,216.3,2
352450116421102,USGS-352450116421102,2022-05-08T17:58:00Z,2022-05-08,1484,216.05,2
352450116421103,USGS-352450116421103,2022-05-08T18:03:00Z,2022-05-08,1484,215.84,2
352530116503601,USGS-352530116503601,2022-05-08T21:32:00Z,2022-05-08,1484,378.22,2
352535116451001,USGS-352535116451001,2022-05-08T18:32:00Z,2022-05-08,1484,206.25,2
352535116451002,USGS-352535116451002,2022-05-08T18:36:00Z,2022-05-08,1484,202.29,2
333001117005706,USGS-333001117005706,2022-04-27T20:15:00Z,2022-04-27,1495,NA,3
371332116112802,USGS-371332116112802,2022-04-27T18:05:00Z,2022-04-27,1495,822.92,2
372750122112201,USGS-372750122112201,2022-04-20T19:36:00Z,2022-04-20,1502,39.61,1
353952119222901,USGS-353952119222901,2022-04-13T21:15:00Z,2022-04-13,1509,280.85,1
354146119303401,USGS-354146119303401,2022-04-13T17:02:00Z,2022-04-13,1509,37.23,1
402450116324001,USGS-402450116324001,2022-04-12T22:29:00Z,2022-04-12,1510,-0.95,1
332450117090001,USGS-332450117090001,2022-04-07T18:00:00Z,2022-04-07,1515,3.84,1
342538119484401,USGS-342538119484401,2022-04-06T18:23:00Z,2022-04-06,1516,89.77,1
342549119510501,USGS-342549119510501,2022-04-05T22:51:00Z,2022-04-05,1517,12.16,2
342619119500302,USGS-342619119500302,2022-04-05T21:18:00Z,2022-04-05,1517,41.7,2
382234118333901,USGS-382234118333901,2022-04-05T21:05:00Z,2022-04-05,1517,272.32,2
373700122240001,USGS-373700122240001,2022-04-01T19:00:00Z,2022-04-01,1521,286,1
384532119224301,USGS-384532119224301,2022-03-30T17:16:00Z,2022-03-30,1523,31.52,2
390234118070701,USGS-390234118070701,2022-03-29T18:45:00Z,2022-03-29,1524,NA,2
324117115552001,USGS-324117115552001,2022-03-25T15:33:00Z,2022-03-25,1528,164.49,2
333022116472501,USGS-333022116472501,2022-03-25T20:13:00Z,2022-03-25,1528,71.22,3
333418116425801,USGS-333418116425801,2022-03-25T19:51:00Z,2022-03-25,1528,NA,2
344759118343301,USGS-344759118343301,2022-03-25T16:44:00Z,2022-03-25,1528,256.21,1
333400114444701,USGS-333400114444701,2022-03-24T00:22:00Z,2022-03-24,1529,135.7,3
345144118213201,USGS-345144118213201,2022-03-24T18:36:00Z,2022-03-24,1529,313.57,1
325045115061901,USGS-325045115061901,2022-03-23T21:00:00Z,2022-03-23,1530,44.33,1
333030116473001,USGS-333030116473001,2022-03-23T19:18:00Z,2022-03-23,1530,74.7,2
333135116373901,USGS-333135116373901,2022-03-23T01:02:00Z,2022-03-23,1530,124.01,2
341800118550001,USGS-341800118550001,2022-03-22T19:01:00Z,2022-03-22,1531,490,1
384746113554701,USGS-384746113554701,2022-03-22T23:02:00Z,2022-03-22,1531,353.74,1
344933118380401,USGS-344933118380401,2022-03-18T19:00:00Z,2022-03-18,1535,322.86,1
344946118271601,USGS-344946118271601,2022-03-18T00:34:00Z,2022-03-18,1535,238.43,1
344643118002001,USGS-344643118002001,2022-03-17T17:21:00Z,2022-03-17,1536,NA,1
344907118260901,USGS-344907118260901,2022-03-17T23:30:00Z,2022-03-17,1536,232.69,1
351412119011301,USGS-351412119011301,2022-03-17T17:22:00Z,2022-03-17,1536,145.59,1
343420117535501,USGS-343420117535501,2022-03-16T18:31:00Z,2022-03-16,1537,NA,1
343932118144001,USGS-343932118144001,2022-03-16T18:00:00Z,2022-03-16,1537,232.03,2
344633118353201,USGS-344633118353201,2022-03-16T17:30:00Z,2022-03-16,1537,96,1
344947117594801,USGS-344947117594801,2022-03-16T23:10:00Z,2022-03-16,1537,NA,1
342609118131101,USGS-342609118131101,2022-03-15T18:26:00Z,2022-03-15,1538,NA,1
344405118111901,USGS-344405118111901,2022-03-15T18:41:00Z,2022-03-15,1538,76.58,1
350637118052901,USGS-350637118052901,2022-03-15T22:11:00Z,2022-03-15,1538,276,1
351347117562601,USGS-351347117562601,2022-03-15T18:47:00Z,2022-03-15,1538,147.38,1
351659117571001,USGS-351659117571001,2022-03-15T17:21:00Z,2022-03-15,1538,116.8,1
343242117500601,USGS-343242117500601,2022-03-14T17:30:00Z,2022-03-14,1539,133.69,1
351948117573901,USGS-351948117573901,2022-03-14T19:17:00Z,2022-03-14,1539,142.52,1
392248118425501,USGS-392248118425501,2022-03-09T21:26:00Z,2022-03-09,1544,5.08,2
342123119024201,USGS-342123119024201,2022-03-05T20:00:00Z,2022-03-05,1548,54.81,1
341300119040001,USGS-341300119040001,2022-03-03T18:00:00Z,2022-03-03,1550,204,1
352303119050101,USGS-352303119050101,2022-03-03T19:00:00Z,2022-03-03,1550,NA,1
351537119020901,USGS-351537119020901,2022-03-01T18:00:00Z,2022-03-01,1552,NA,1
351540119074101,USGS-351540119074101,2022-03-01T21:18:00Z,2022-03-01,1552,202.26,1
351415119052201,USGS-351415119052201,2022-02-28T20:40:00Z,2022-02-28,1553,166.75,1
352709118541801,USGS-352709118541801,2022-02-17T16:18:00Z,2022-02-17,1564,11.52,1
354305119052101,USGS-354305119052101,2022-02-16T16:31:00Z,2022-02-16,1565,497.73,1
353331119221101,USGS-353331119221101,2022-02-15T19:05:00Z,2022-02-15,1566,377.48,1
352656119262301,USGS-352656119262301,2022-02-14T19:30:00Z,2022-02-14,1567,304.34,1
340524117182801,USGS-340524117182801,2022-02-02T00:45:00Z,2022-02-02,1579,NA,5
340524117182802,USGS-340524117182802,2022-02-02T00:47:00Z,2022-02-02,1579,NA,5
340524117182803,USGS-340524117182803,2022-02-02T00:43:00Z,2022-02-02,1579,NA,5
351913118463701,USGS-351913118463701,2022-02-01T20:30:00Z,2022-02-01,1580,NA,1
354638119195601,USGS-354638119195601,2022-01-31T20:08:00Z,2022-01-31,1581,83.93,1
334400116160001,USGS-334400116160001,2022-01-24T20:00:00Z,2022-01-24,1588,140.51,1
340142118280501,USGS-340142118280501,2022-01-24T20:46:00Z,2022-01-24,1588,140.09,2
340142118280601,USGS-340142118280601,2022-01-24T21:27:00Z,2022-01-24,1588,126.82,2
340142118280602,USGS-340142118280602,2022-01-24T21:41:00Z,2022-01-24,1588,158.83,2
340142118280603,USGS-340142118280603,2022-01-24T21:55:00Z,2022-01-24,1588,157.75,2
340142118280604,USGS-340142118280604,2022-01-24T22:01:00Z,2022-01-24,1588,144.15,2
335824117030101,USGS-335824117030101,2021-12-06T18:39:00Z,2021-12-06,1637,105.44,1
335829117030101,USGS-335829117030101,2021-12-06T18:46:00Z,2021-12-06,1637,162.13,1
382352120285401,USGS-382352120285401,2021-11-18T18:19:00Z,2021-11-18,1655,21.63,1
382137120403401,USGS-382137120403401,2021-11-17T17:13:00Z,2021-11-17,1656,3.05,1
382803120385801,USGS-382803120385801,2021-11-17T21:00:00Z,2021-11-17,1656,132.9,1
383730120341101,USGS-383730120341101,2021-11-16T21:22:00Z,2021-11-16,1657,46.21,1
383830120443801,USGS-383830120443801,2021-11-16T17:35:00Z,2021-11-16,1657,13.52,1
391011120514101,USGS-391011120514101,2021-11-15T17:18:00Z,2021-11-15,1658,84.38,1
352149116370701,USGS-352149116370701,2021-11-04T21:00:00Z,2021-11-04,1669,526.88,1
352149116370702,USGS-352149116370702,2021-11-04T21:08:00Z,2021-11-04,1669,526.82,1
352149116370703,USGS-352149116370703,2021-11-04T21:20:00Z,2021-11-04,1669,526.72,1
351556116404601,USGS-351556116404601,2021-11-02T15:20:00Z,2021-11-02,1671,148.52,1
393810121212601,USGS-393810121212601,2021-11-02T16:57:00Z,2021-11-02,1671,243.94,1
324307117063501,USGS-324307117063501,2021-11-01T19:09:00Z,2021-11-01,1672,-17.5,3
324307117063502,USGS-324307117063502,2021-11-01T19:10:00Z,2021-11-01,1672,-15.03,3
324307117063503,USGS-324307117063503,2021-11-01T19:13:00Z,2021-11-01,1672,-10.66,3
324307117063504,USGS-324307117063504,2021-11-01T19:18:00Z,2021-11-01,1672,93.5,3
324307117063505,USGS-324307117063505,2021-11-01T19:20:00Z,2021-11-01,1672,93.79,3
324307117063506,USGS-324307117063506,2021-11-01T19:22:00Z,2021-11-01,1672,93.94,3
324318117083101,USGS-324318117083101,2021-11-01T18:39:00Z,2021-11-01,1672,15.76,4
324318117083102,USGS-324318117083102,2021-11-01T18:41:00Z,2021-11-01,1672,16.43,4
324318117083103,USGS-324318117083103,2021-11-01T18:43:00Z,2021-11-01,1672,78.41,4
324318117083104,USGS-324318117083104,2021-11-01T18:45:00Z,2021-11-01,1672,87.05,4
324318117083105,USGS-324318117083105,2021-11-01T18:47:00Z,2021-11-01,1672,86.19,4
392523121314801,USGS-392523121314801,2021-11-01T16:20:00Z,2021-11-01,1672,70.87,1
383837121025801,USGS-383837121025801,2021-10-28T17:04:00Z,2021-10-28,1676,151.39,1
390500120565001,USGS-390500120565001,2021-10-27T17:04:00Z,2021-10-27,1677,61.88,1
384551120544201,USGS-384551120544201,2021-10-26T17:02:00Z,2021-10-26,1678,72.12,1
385306120592301,USGS-385306120592301,2021-10-26T20:59:00Z,2021-10-26,1678,16.59,1
384221120565801,USGS-384221120565801,2021-10-25T16:57:00Z,2021-10-25,1679,38.1,1
384527120334301,USGS-384527120334301,2021-10-25T21:05:00Z,2021-10-25,1679,141.92,1
393902121334401,USGS-393902121334401,2021-10-21T16:04:00Z,2021-10-21,1683,17.57,1
395239121350101,USGS-395239121350101,2021-10-20T19:45:00Z,2021-10-20,1684,14.51,1
393027121580101,USGS-393027121580101,2021-10-19T16:29:00Z,2021-10-19,1685,22.39,1
393130121512701,USGS-393130121512701,2021-10-19T19:19:00Z,2021-10-19,1685,7.78,1
394958122021801,USGS-394958122021801,2021-10-07T17:00:00Z,2021-10-07,1697,25.44,1
394258121515301,USGS-394258121515301,2021-10-06T16:20:00Z,2021-10-06,1698,68.68,1
394937121561701,USGS-394937121561701,2021-10-06T19:20:00Z,2021-10-06,1698,51.12,1
394214121390401,USGS-394214121390401,2021-10-05T20:35:00Z,2021-10-05,1699,NA,1
394752121535601,USGS-394752121535601,2021-10-05T16:04:00Z,2021-10-05,1699,62.67,1
395609121432401,USGS-395609121432401,2021-10-04T18:06:00Z,2021-10-04,1700,127.77,1
392231119501901,USGS-392231119501901,2021-10-01T15:00:00Z,2021-10-01,1703,122,1
362835116264102,USGS-362835116264102,2021-09-28T19:31:00Z,2021-09-28,1706,135.39,1
363009116302702,USGS-363009116302702,2021-09-28T20:04:00Z,2021-09-28,1706,95.83,1
363310116294001,USGS-363310116294001,2021-09-28T21:23:00Z,2021-09-28,1706,148.06,1
363521116352501,USGS-363521116352501,2021-09-28T22:03:00Z,2021-09-28,1706,143.7,1
342434119414401,USGS-342434119414401,2021-09-23T21:00:00Z,2021-09-23,1711,5.01,4
342444119421801,USGS-342444119421801,2021-09-23T21:14:00Z,2021-09-23,1711,14.5,5
342444119421802,USGS-342444119421802,2021-09-23T21:20:00Z,2021-09-23,1711,14.31,4
342452119424001,USGS-342452119424001,2021-09-23T21:49:00Z,2021-09-23,1711,20.03,6
342452119424002,USGS-342452119424002,2021-09-23T21:45:00Z,2021-09-23,1711,17.41,5
342456119425201,USGS-342456119425201,2021-09-23T22:02:00Z,2021-09-23,1711,14.05,4
342456119425202,USGS-342456119425202,2021-09-23T22:05:00Z,2021-09-23,1711,11.09,4
342502119431401,USGS-342502119431401,2021-09-23T20:20:00Z,2021-09-23,1711,6.57,4
342502119431403,USGS-342502119431403,2021-09-23T20:25:00Z,2021-09-23,1711,4.07,5
342506119423801,USGS-342506119423801,2021-09-23T22:14:00Z,2021-09-23,1711,39.02,5
342512119443701,USGS-342512119443701,2021-09-23T19:35:00Z,2021-09-23,1711,3.03,4
342512119443703,USGS-342512119443703,2021-09-23T19:41:00Z,2021-09-23,1711,20.09,6
342520119445501,USGS-342520119445501,2021-09-23T19:15:00Z,2021-09-23,1711,16.9,4
342525119441301,USGS-342525119441301,2021-09-23T19:52:00Z,2021-09-23,1711,22.61,4
342525119444701,USGS-342525119444701,2021-09-23T19:26:00Z,2021-09-23,1711,21.78,4
342533119435501,USGS-342533119435501,2021-09-23T20:02:00Z,2021-09-23,1711,53.55,4
342533119435503,USGS-342533119435503,2021-09-23T20:05:00Z,2021-09-23,1711,38.8,4
342600119445201,USGS-342600119445201,2021-09-23T18:52:00Z,2021-09-23,1711,56.22,6
342600119445202,USGS-342600119445202,2021-09-23T19:03:00Z,2021-09-23,1711,54.49,6
342606119445201,USGS-342606119445201,2021-09-23T16:59:00Z,2021-09-23,1711,60.9,4
393203119472801,USGS-393203119472801,2021-09-23T15:00:00Z,2021-09-23,1711,99.37,1
361817116244701,USGS-361817116244701,2021-09-21T21:35:00Z,2021-09-21,1713,3.44,1
362014116133901,USGS-362014116133901,2021-09-21T18:23:00Z,2021-09-21,1713,80.31,1
362525116274301,USGS-362525116274301,2021-09-21T22:39:00Z,2021-09-21,1713,18.03,1
362525116274302,USGS-362525116274302,2021-09-21T22:43:00Z,2021-09-21,1713,35.26,1
393004118514201,USGS-393004118514201,2021-09-20T20:00:00Z,2021-09-20,1714,15.51,2
392500119450001,USGS-392500119450001,2021-09-17T16:30:00Z,2021-09-17,1717,8.7,1
392614119454501,USGS-392614119454501,2021-09-17T15:30:00Z,2021-09-17,1717,18.2,1
340543116302501,USGS-340543116302501,2021-09-15T18:45:29Z,2021-09-15,1719,280.65,1
342452119405505,USGS-342452119405505,2021-09-15T21:08:00Z,2021-09-15,1719,1.26,4
342501119421001,USGS-342501119421001,2021-09-15T23:43:00Z,2021-09-15,1719,21.93,5
342501119421002,USGS-342501119421002,2021-09-15T23:47:00Z,2021-09-15,1719,20.27,5
342510119413801,USGS-342510119413801,2021-09-15T22:32:00Z,2021-09-15,1719,-6.86,4
342513119414901,USGS-342513119414901,2021-09-15T23:17:00Z,2021-09-15,1719,5.18,4
342541119421901,USGS-342541119421901,2021-09-15T18:23:00Z,2021-09-15,1719,78.84,4
342611119432701,USGS-342611119432701,2021-09-15T17:05:00Z,2021-09-15,1719,NA,5
342618119423701,USGS-342618119423701,2021-09-15T17:41:00Z,2021-09-15,1719,137.05,6
392323121253401,USGS-392323121253401,2021-09-14T15:30:00Z,2021-09-14,1720,61.23,1
392420121414201,USGS-392420121414201,2021-09-14T19:21:00Z,2021-09-14,1720,13.18,1
393305121204701,USGS-393305121204701,2021-09-13T18:22:00Z,2021-09-13,1721,229.78,1
392003119224901,USGS-392003119224901,2021-09-10T18:12:00Z,2021-09-10,1724,42.5,1
392008119233301,USGS-392008119233301,2021-09-10T18:22:00Z,2021-09-10,1724,79.08,1
370500118150001,USGS-370500118150001,2021-08-31T18:45:00Z,2021-08-31,1734,18.31,1
343948120320901,USGS-343948120320901,2021-08-26T16:33:00Z,2021-08-26,1739,33.02,1
344021120324101,USGS-344021120324101,2021-08-26T21:27:00Z,2021-08-26,1739,26.81,1
363922119402001,USGS-363922119402001,2021-08-26T00:45:00Z,2021-08-26,1739,81.59,1
363922119402002,USGS-363922119402002,2021-08-26T00:51:00Z,2021-08-26,1739,81.35,1
363928119401701,USGS-363928119401701,2021-08-26T00:15:00Z,2021-08-26,1739,84,1
364312119592901,USGS-364312119592901,2021-08-26T19:00:00Z,2021-08-26,1739,112.22,1
364339119355001,USGS-364339119355001,2021-08-26T17:00:00Z,2021-08-26,1739,69.36,1
380826121141501,USGS-380826121141501,2021-08-26T22:45:00Z,2021-08-26,1739,57.74,1
392957121361901,USGS-392957121361901,2021-08-26T18:02:00Z,2021-08-26,1739,63.63,1
362921119335901,USGS-362921119335901,2021-08-25T17:16:00Z,2021-08-25,1740,61.58,1
363316119473001,USGS-363316119473001,2021-08-25T19:35:00Z,2021-08-25,1740,147.66,1
363418119384202,USGS-363418119384202,2021-08-25T22:10:00Z,2021-08-25,1740,85.25,1
363645119420701,USGS-363645119420701,2021-08-25T21:10:00Z,2021-08-25,1740,92.16,1
363645119420702,USGS-363645119420702,2021-08-25T21:05:00Z,2021-08-25,1740,73.1,1
363645119420901,USGS-363645119420901,2021-08-25T21:00:00Z,2021-08-25,1740,91.53,1
363808119344901,USGS-363808119344901,2021-08-25T23:15:00Z,2021-08-25,1740,75.29,1
363808119344902,USGS-363808119344902,2021-08-25T23:20:00Z,2021-08-25,1740,62.28,1
363922119402003,USGS-363922119402003,2021-08-25T23:00:00Z,2021-08-25,1740,69.05,1
393803121363901,USGS-393803121363901,2021-08-25T20:35:00Z,2021-08-25,1740,53.54,1
344041120341101,USGS-344041120341101,2021-08-24T19:14:00Z,2021-08-24,1741,14.89,2
365220120052601,USGS-365220120052601,2021-08-24T23:00:00Z,2021-08-24,1741,139.41,1
365418120035101,USGS-365418120035101,2021-08-24T22:31:00Z,2021-08-24,1741,175.16,1
391448121293501,USGS-391448121293501,2021-08-24T16:30:00Z,2021-08-24,1741,-117.52,1
394513121475601,USGS-394513121475601,2021-08-24T19:00:00Z,2021-08-24,1741,NA,1
343920120262002,USGS-343920120262002,2021-08-23T19:27:00Z,2021-08-23,1742,51.07,2
343952120332001,USGS-343952120332001,2021-08-23T23:13:00Z,2021-08-23,1742,19.74,2
364800118110001,USGS-364800118110001,2021-08-23T19:00:00Z,2021-08-23,1742,274,1
392932121260801,USGS-392932121260801,2021-08-23T19:04:00Z,2021-08-23,1742,NA,1
343914120270301,USGS-343914120270301,2021-08-18T17:51:00Z,2021-08-18,1747,51.46,1
353539120461201,USGS-353539120461201,2021-08-18T23:55:00Z,2021-08-18,1747,81.65,1
370900118160001,USGS-370900118160001,2021-08-18T15:20:00Z,2021-08-18,1747,NA,1
392245119183501,USGS-392245119183501,2021-08-17T17:13:00Z,2021-08-17,1748,316.8,1
353543120474301,USGS-353543120474301,2021-08-16T22:15:00Z,2021-08-16,1749,64.32,1
353549120474001,USGS-353549120474001,2021-08-16T23:44:00Z,2021-08-16,1749,59.13,1
392345119162701,USGS-392345119162701,2021-08-13T21:07:00Z,2021-08-13,1752,131.2,1
390018121264701,USGS-390018121264701,2021-08-12T21:20:00Z,2021-08-12,1753,39.99,1
351659117591901,USGS-351659117591901,2021-08-11T17:18:00Z,2021-08-11,1754,177.46,1
385314121401701,USGS-385314121401701,2021-08-11T18:50:00Z,2021-08-11,1754,3.2,1
390416121433601,USGS-390416121433601,2021-08-11T17:45:00Z,2021-08-11,1754,2.5,1
390832121463601,USGS-390832121463601,2021-08-11T17:25:00Z,2021-08-11,1754,15.57,1
344200118141001,USGS-344200118141001,2021-08-10T20:17:00Z,2021-08-10,1755,146.04,1
344703118095601,USGS-344703118095601,2021-08-10T16:32:00Z,2021-08-10,1755,NA,1
390856122044301,USGS-390856122044301,2021-08-10T15:35:00Z,2021-08-10,1755,2.08,1
391059122043601,USGS-391059122043601,2021-08-10T15:10:00Z,2021-08-10,1755,10.84,1
391522121382501,USGS-391522121382501,2021-08-10T19:30:00Z,2021-08-10,1755,17.41,1
391651121444001,USGS-391651121444001,2021-08-10T16:40:00Z,2021-08-10,1755,34.04,1
393353122013501,USGS-393353122013501,2021-08-10T20:13:00Z,2021-08-10,1755,1.51,1
392220121455001,USGS-392220121455001,2021-08-09T18:40:00Z,2021-08-09,1756,2.98,1
361905119472901,USGS-361905119472901,2021-08-04T22:33:00Z,2021-08-04,1761,151.55,1
363029119202001,USGS-363029119202001,2021-08-04T20:05:00Z,2021-08-04,1761,85.25,1
372412120393401,USGS-372412120393401,2021-08-04T00:15:00Z,2021-08-04,1761,114.2,1
330239116370601,USGS-330239116370601,2021-08-03T16:38:00Z,2021-08-03,1762,10.68,1
333800116480001,USGS-333800116480001,2021-07-29T18:56:00Z,2021-07-29,1767,115.4,2
391626121530701,USGS-391626121530701,2021-07-29T16:47:00Z,2021-07-29,1767,21.23,1
332335117111501,USGS-332335117111501,2021-07-28T18:00:00Z,2021-07-28,1768,50.5,1
390446121371001,USGS-390446121371001,2021-07-28T16:41:00Z,2021-07-28,1768,36.79,1
330447117065301,USGS-330447117065301,2021-07-27T20:08:00Z,2021-07-27,1769,NA,1
342637119441301,USGS-342637119441301,2021-07-27T19:15:00Z,2021-07-27,1769,158.11,2
391018121520801,USGS-391018121520801,2021-07-27T19:05:00Z,2021-07-27,1769,31.53,1
323905116512001,USGS-323905116512001,2021-07-26T15:51:00Z,2021-07-26,1770,192.05,1
384827121423101,USGS-384827121423101,2021-07-26T16:25:00Z,2021-07-26,1770,16.31,1
390239121394201,USGS-390239121394201,2021-07-26T20:30:00Z,2021-07-26,1770,38.6,1
360710119145301,USGS-360710119145301,2021-07-23T19:00:00Z,2021-07-23,1773,200.99,1
385123121470801,USGS-385123121470801,2021-07-15T16:03:00Z,2021-07-15,1781,66.45,1
330514116582801,USGS-330514116582801,2021-07-14T17:25:00Z,2021-07-14,1782,NA,2
390000122080001,USGS-390000122080001,2021-07-14T20:00:00Z,2021-07-14,1782,NA,1
342200117430001,USGS-342200117430001,2021-07-13T15:10:00Z,2021-07-13,1783,169.03,1
342549119414901,USGS-342549119414901,2021-07-13T21:02:00Z,2021-07-13,1783,35.61,2
374902121031101,USGS-374902121031101,2021-07-13T20:00:00Z,2021-07-13,1783,79.51,1
393715119403701,USGS-393715119403701,2021-07-13T15:30:00Z,2021-07-13,1783,86.99,1
393812119425701,USGS-393812119425701,2021-07-13T15:30:00Z,2021-07-13,1783,25.85,1
394600122210001,USGS-394600122210001,2021-07-13T16:00:00Z,2021-07-13,1783,60.99,1
392636119464401,USGS-392636119464401,2021-07-12T15:30:00Z,2021-07-12,1784,57.07,1
392718119463401,USGS-392718119463401,2021-07-12T15:30:00Z,2021-07-12,1784,40.83,1
393127119471101,USGS-393127119471101,2021-07-12T16:30:00Z,2021-07-12,1784,26.41,1
394435122110801,USGS-394435122110801,2021-07-09T19:30:00Z,2021-07-09,1787,61.3,1
353601117483802,USGS-353601117483802,2021-07-08T19:00:00Z,2021-07-08,1788,432.3,1
393043119504901,USGS-393043119504901,2021-07-07T20:30:00Z,2021-07-07,1789,20.13,1
393045119500501,USGS-393045119500501,2021-07-07T18:30:00Z,2021-07-07,1789,37.55,1
393053119445601,USGS-393053119445601,2021-07-07T15:30:00Z,2021-07-07,1789,15.3,1
393105119494001,USGS-393105119494001,2021-07-07T19:30:00Z,2021-07-07,1789,24.2,1
393145119452401,USGS-393145119452401,2021-07-07T16:30:00Z,2021-07-07,1789,15.27,1
393158119454301,USGS-393158119454301,2021-07-07T21:30:00Z,2021-07-07,1789,7.95,1
393231119462901,USGS-393231119462901,2021-07-07T17:30:00Z,2021-07-07,1789,36,1
392910121451101,USGS-392910121451101,2021-06-30T18:37:00Z,2021-06-30,1796,6.81,1
390800121450001,USGS-390800121450001,2021-06-28T15:05:00Z,2021-06-28,1798,27,1
393739119432101,USGS-393739119432101,2021-06-26T15:30:00Z,2021-06-26,1800,70.1,1
392414119474701,USGS-392414119474701,2021-06-25T15:30:00Z,2021-06-25,1801,432.2,1
392506119462201,USGS-392506119462201,2021-06-24T15:15:00Z,2021-06-24,1802,138,1
353900117460001,USGS-353900117460001,2021-06-17T19:00:00Z,2021-06-17,1809,295,1
371400122060001,USGS-371400122060001,2021-06-17T16:24:00Z,2021-06-17,1809,48.38,1
370800122090001,USGS-370800122090001,2021-06-15T20:10:00Z,2021-06-15,1811,107.34,1
373300122290001,USGS-373300122290001,2021-06-14T18:00:00Z,2021-06-14,1812,314.34,1
335302118072201,USGS-335302118072201,2021-06-07T20:50:00Z,2021-06-07,1819,125,1
335958114134801,USGS-335958114134801,2021-06-04T15:46:00Z,2021-06-04,1822,160.56,1
345124117094301,USGS-345124117094301,2021-06-03T15:51:00Z,2021-06-03,1823,88.17,1
335643118105801,USGS-335643118105801,2021-06-01T16:30:00Z,2021-06-01,1825,117,1
345124117094302,USGS-345124117094302,2021-06-01T21:21:00Z,2021-06-01,1825,47.9,1
