site_no,monitoring_location_id,latest_time_utc,latest_date,latest_age_days,latest_value_ft_bgs,measurement_rows
330320117024701,USGS-330320117024701,2026-05-27T18:16:00Z,2026-05-27,4,14.32,19
330320117024702,USGS-330320117024702,2026-05-27T18:18:00Z,2026-05-27,4,10.3,19
330320117024703,USGS-330320117024703,2026-05-27T18:20:00Z,2026-05-27,4,10.36,19
330514116582901,USGS-330514116582901,2026-05-27T20:09:00Z,2026-05-27,4,39.61,19
330514116582902,USGS-330514116582902,2026-05-27T20:11:00Z,2026-05-27,4,39.6,18
330514116582903,USGS-330514116582903,2026-05-27T20:13:00Z,2026-05-27,4,39.2,20
330555117010101,USGS-330555117010101,2026-05-27T19:08:00Z,2026-05-27,4,8.71,19
330555117010102,USGS-330555117010102,2026-05-27T19:09:00Z,2026-05-27,4,8.65,19
330555117010103,USGS-330555117010103,2026-05-27T19:10:00Z,2026-05-27,4,8.25,19
363308114553001,USGS-363308114553001,2026-05-27T21:10:00Z,2026-05-27,4,834.84,6
364650114432001,USGS-364650114432001,2026-05-27T19:31:00Z,2026-05-27,4,396.08,11
393422116042501,USGS-393422116042501,2026-05-27T14:53:00Z,2026-05-27,4,46.18,10
393422116042502,USGS-393422116042502,2026-05-27T14:58:00Z,2026-05-27,4,46,10
393804116165801,USGS-393804116165801,2026-05-27T19:45:00Z,2026-05-27,4,2.22,12
393804116165802,USGS-393804116165802,2026-05-27T19:45:00Z,2026-05-27,4,5.01,12
394036116183401,USGS-394036116183401,2026-05-27T16:30:00Z,2026-05-27,4,38.63,14
340828117240102,USGS-340828117240102,2026-05-26T18:16:00Z,2026-05-26,5,404.44,24
340828117240103,USGS-340828117240103,2026-05-26T18:24:00Z,2026-05-26,5,NA,24
382444121123301,USGS-382444121123301,2026-05-22T16:05:00Z,2026-05-22,9,163.16,106
342452119405504,USGS-342452119405504,2026-05-20T18:48:00Z,2026-05-20,11,-2.24,22
342455119405602,USGS-342455119405602,2026-05-20T19:10:00Z,2026-05-20,11,-11.63,24
342455119405604,USGS-342455119405604,2026-05-20T19:20:00Z,2026-05-20,11,-7.44,24
342501119410501,USGS-342501119410501,2026-05-20T19:45:00Z,2026-05-20,11,-14.27,25
342506119412201,USGS-342506119412201,2026-05-20T17:44:00Z,2026-05-20,11,-17.36,24
342506119412203,USGS-342506119412203,2026-05-20T18:01:00Z,2026-05-20,11,-30.77,25
342508119413704,USGS-342508119413704,2026-05-20T18:27:00Z,2026-05-20,11,-17.56,25
342519119391301,USGS-342519119391301,2026-05-20T20:05:00Z,2026-05-20,11,24.18,25
342521119422401,USGS-342521119422401,2026-05-20T21:10:00Z,2026-05-20,11,38.59,25
342524119405201,USGS-342524119405201,2026-05-20T20:32:00Z,2026-05-20,11,-10.85,25
342534119404301,USGS-342534119404301,2026-05-20T20:23:00Z,2026-05-20,11,15.28,25
342538119413401,USGS-342538119413401,2026-05-20T20:54:00Z,2026-05-20,11,-22.52,26
393928113522601,USGS-393928113522601,2026-05-20T18:02:00Z,2026-05-20,11,32.49,14
340811116145101,USGS-340811116145101,2026-05-19T16:30:00Z,2026-05-19,12,218.74,5
341556116233401,USGS-341556116233401,2026-05-19T15:35:00Z,2026-05-19,12,249.52,3
342439116530801,USGS-342439116530801,2026-05-19T17:36:00Z,2026-05-19,12,161,4
342610116564101,USGS-342610116564101,2026-05-19T18:00:00Z,2026-05-19,12,NA,4
342610116564102,USGS-342610116564102,2026-05-19T18:05:00Z,2026-05-19,12,NA,5
343152116502501,USGS-343152116502501,2026-05-19T18:40:00Z,2026-05-19,12,NA,3
345045116582701,USGS-345045116582701,2026-05-19T19:52:00Z,2026-05-19,12,417.74,5
345339117065001,USGS-345339117065001,2026-05-19T19:55:00Z,2026-05-19,12,70.18,5
345422117071001,USGS-345422117071001,2026-05-19T19:44:00Z,2026-05-19,12,70.11,5
345518117080301,USGS-345518117080301,2026-05-19T19:31:00Z,2026-05-19,12,79.32,5
345546117104601,USGS-345546117104601,2026-05-19T19:10:00Z,2026-05-19,12,90.33,5
350040117175601,USGS-350040117175601,2026-05-19T18:35:00Z,2026-05-19,12,115.2,4
350358117142201,USGS-350358117142201,2026-05-19T17:07:00Z,2026-05-19,12,109.23,4
323528117031401,USGS-323528117031401,2026-05-18T18:53:00Z,2026-05-18,13,-22.68,15
323528117031402,USGS-323528117031402,2026-05-18T19:01:00Z,2026-05-18,13,-24.72,17
324641117071501,USGS-324641117071501,2026-05-18T19:44:00Z,2026-05-18,13,-21.16,21
324641117071502,USGS-324641117071502,2026-05-18T19:47:00Z,2026-05-18,13,-21.82,19
324641117071503,USGS-324641117071503,2026-05-18T19:52:00Z,2026-05-18,13,-22.48,19
324641117071504,USGS-324641117071504,2026-05-18T20:05:00Z,2026-05-18,13,-16.35,19
324641117071505,USGS-324641117071505,2026-05-18T19:54:00Z,2026-05-18,13,18.44,20
360005116114901,USGS-360005116114901,2026-05-18T22:48:00Z,2026-05-18,13,166.97,9
360005116114902,USGS-360005116114902,2026-05-18T22:55:00Z,2026-05-18,13,167.71,9
362402116280901,USGS-362402116280901,2026-05-18T21:27:00Z,2026-05-18,13,98.52,2
362529116171100,USGS-362529116171100,2026-05-18T20:13:00Z,2026-05-18,13,47.99,29
335523116542301,USGS-335523116542301,2026-05-15T18:42:00Z,2026-05-15,16,NA,3
335656116524201,USGS-335656116524201,2026-05-15T16:50:00Z,2026-05-15,16,260.79,8
335656116524202,USGS-335656116524202,2026-05-15T17:02:00Z,2026-05-15,16,99.65,5
360349115100001,USGS-360349115100001,2026-05-15T22:30:00Z,2026-05-15,16,105.36,10
361232115061001,USGS-361232115061001,2026-05-15T21:00:00Z,2026-05-15,16,-2.68,17
361400115040901,USGS-361400115040901,2026-05-15T19:45:00Z,2026-05-15,16,45.55,11
361456115111001,USGS-361456115111001,2026-05-15T18:45:00Z,2026-05-15,16,106.2,11
361626115090701,USGS-361626115090701,2026-05-15T17:45:00Z,2026-05-15,16,31.92,12
361704115121901,USGS-361704115121901,2026-05-15T16:45:00Z,2026-05-15,16,108.4,11
335408116544601,USGS-335408116544601,2026-05-14T16:27:00Z,2026-05-14,17,274.54,5
335412116550401,USGS-335412116550401,2026-05-14T16:18:00Z,2026-05-14,17,286.51,4
335434116552601,USGS-335434116552601,2026-05-14T16:04:00Z,2026-05-14,17,372.97,4
335504116554101,USGS-335504116554101,2026-05-14T16:48:00Z,2026-05-14,17,274.06,5
335543116564801,USGS-335543116564801,2026-05-14T17:02:00Z,2026-05-14,17,383.44,5
335558116554001,USGS-335558116554001,2026-05-14T15:45:00Z,2026-05-14,17,413.51,4
335651116590601,USGS-335651116590601,2026-05-14T22:19:00Z,2026-05-14,17,410.73,5
335707116524101,USGS-335707116524101,2026-05-14T17:33:00Z,2026-05-14,17,44.02,5
335712116524501,USGS-335712116524501,2026-05-14T17:40:00Z,2026-05-14,17,37.68,4
335712116530501,USGS-335712116530501,2026-05-14T17:53:00Z,2026-05-14,17,22.79,4
335715116524701,USGS-335715116524701,2026-05-14T17:44:00Z,2026-05-14,17,40.75,5
335735117023401,USGS-335735117023401,2026-05-14T23:14:00Z,2026-05-14,17,137.68,5
335845116535801,USGS-335845116535801,2026-05-14T18:08:00Z,2026-05-14,17,65.91,4
335851116542701,USGS-335851116542701,2026-05-14T18:18:00Z,2026-05-14,17,66.09,4
335928116542001,USGS-335928116542001,2026-05-14T18:45:00Z,2026-05-14,17,28.24,5
335942116542701,USGS-335942116542701,2026-05-14T18:36:00Z,2026-05-14,17,16.08,5
340035116542701,USGS-340035116542701,2026-05-14T19:55:00Z,2026-05-14,17,57.17,5
340123116532201,USGS-340123116532201,2026-05-14T19:14:00Z,2026-05-14,17,9.8,5
340124116531901,USGS-340124116531901,2026-05-14T19:18:00Z,2026-05-14,17,41.21,5
340124116532301,USGS-340124116532301,2026-05-14T19:08:00Z,2026-05-14,17,20.93,5
340126116531301,USGS-340126116531301,2026-05-14T19:29:00Z,2026-05-14,17,38.56,5
340126116532501,USGS-340126116532501,2026-05-14T19:03:00Z,2026-05-14,17,29.63,4
340826117224201,USGS-340826117224201,2026-05-14T17:08:00Z,2026-05-14,17,NA,25
340854117235102,USGS-340854117235102,2026-05-14T16:30:00Z,2026-05-14,17,415.25,25
340854117235104,USGS-340854117235104,2026-05-14T16:42:00Z,2026-05-14,17,NA,25
342502119431402,USGS-342502119431402,2026-05-14T20:09:00Z,2026-05-14,17,-3.04,21
342512119443702,USGS-342512119443702,2026-05-14T21:02:00Z,2026-05-14,17,4.96,25
342533119435502,USGS-342533119435502,2026-05-14T20:42:00Z,2026-05-14,17,41.46,24
342603119430401,USGS-342603119430401,2026-05-14T19:19:00Z,2026-05-14,17,106.8,25
342603119430402,USGS-342603119430402,2026-05-14T19:30:00Z,2026-05-14,17,110.38,25
342608119444001,USGS-342608119444001,2026-05-14T18:32:00Z,2026-05-14,17,55.32,25
342618119432501,USGS-342618119432501,2026-05-14T19:08:00Z,2026-05-14,17,105.9,25
342623119453301,USGS-342623119453301,2026-05-14T18:06:00Z,2026-05-14,17,33.72,25
342637119440901,USGS-342637119440901,2026-05-14T18:49:00Z,2026-05-14,17,122.64,25
342639119452801,USGS-342639119452801,2026-05-14T18:17:00Z,2026-05-14,17,57.29,25
384112114091101,USGS-384112114091101,2026-05-14T23:00:00Z,2026-05-14,17,358.02,12
384227114082701,USGS-384227114082701,2026-05-14T23:38:00Z,2026-05-14,17,228.43,13
385524114045601,USGS-385524114045601,2026-05-14T21:55:00Z,2026-05-14,17,219.13,17
335522116415201,USGS-335522116415201,2026-05-13T17:57:00Z,2026-05-13,18,221.48,5
335522116430701,USGS-335522116430701,2026-05-13T17:03:00Z,2026-05-13,18,321.01,5
335556116431001,USGS-335556116431001,2026-05-13T17:15:00Z,2026-05-13,18,479.24,4
335757116541001,USGS-335757116541001,2026-05-13T19:06:00Z,2026-05-13,18,195,4
335823116542301,USGS-335823116542301,2026-05-13T19:20:00Z,2026-05-13,18,157.27,4
335831117020401,USGS-335831117020401,2026-05-13T22:06:00Z,2026-05-13,18,241.18,4
335840117025701,USGS-335840117025701,2026-05-13T21:40:00Z,2026-05-13,18,195.9,4
335846117023201,USGS-335846117023201,2026-05-13T21:26:00Z,2026-05-13,18,197.85,4
340317117190401,USGS-340317117190401,2026-05-13T20:20:00Z,2026-05-13,18,87,25
340317117190402,USGS-340317117190402,2026-05-13T20:25:00Z,2026-05-13,18,115.39,26
340317117190403,USGS-340317117190403,2026-05-13T20:27:00Z,2026-05-13,18,105.43,25
340317117190404,USGS-340317117190404,2026-05-13T20:29:00Z,2026-05-13,18,84.09,25
340317117190405,USGS-340317117190405,2026-05-13T20:32:00Z,2026-05-13,18,NA,25
340326117185301,USGS-340326117185301,2026-05-13T20:42:00Z,2026-05-13,18,90.27,25
340326117185302,USGS-340326117185302,2026-05-13T20:45:00Z,2026-05-13,18,90.09,25
340326117185303,USGS-340326117185303,2026-05-13T20:48:00Z,2026-05-13,18,104.69,25
340326117185304,USGS-340326117185304,2026-05-13T20:50:00Z,2026-05-13,18,104.49,25
340326117185305,USGS-340326117185305,2026-05-13T20:52:00Z,2026-05-13,18,NA,25
340632117170501,USGS-340632117170501,2026-05-13T19:42:00Z,2026-05-13,18,171.89,25
350039117112101,USGS-350039117112101,2026-05-13T18:54:00Z,2026-05-13,18,79.14,5
350053117115301,USGS-350053117115301,2026-05-13T16:41:00Z,2026-05-13,18,69.64,3
383023114115302,USGS-383023114115302,2026-05-13T17:23:00Z,2026-05-13,18,177.18,14
383925114190801,USGS-383925114190801,2026-05-13T18:02:00Z,2026-05-13,18,484.89,13
384745114224401,USGS-384745114224401,2026-05-13T17:25:00Z,2026-05-13,18,101.25,12
385051114222301,USGS-385051114222301,2026-05-13T16:52:00Z,2026-05-13,18,163.11,13
335440116565101,USGS-335440116565101,2026-05-12T19:49:00Z,2026-05-12,19,14.38,5
335447116585201,USGS-335447116585201,2026-05-12T19:30:00Z,2026-05-12,19,142.34,5
335509116575101,USGS-335509116575101,2026-05-12T19:08:00Z,2026-05-12,19,64.33,5
335519116561701,USGS-335519116561701,2026-05-12T20:10:00Z,2026-05-12,19,108.34,5
335616116574901,USGS-335616116574901,2026-05-12T15:43:00Z,2026-05-12,19,427.97,5
335618116513401,USGS-335618116513401,2026-05-12T21:21:00Z,2026-05-12,19,768.1,4
335618116513402,USGS-335618116513402,2026-05-12T21:34:00Z,2026-05-12,19,597.3,4
335623116581701,USGS-335623116581701,2026-05-12T15:15:00Z,2026-05-12,19,422.41,5
335636116520901,USGS-335636116520901,2026-05-12T22:14:00Z,2026-05-12,19,145.09,5
335649116523401,USGS-335649116523401,2026-05-12T22:56:00Z,2026-05-12,19,79.54,4
335650116572101,USGS-335650116572101,2026-05-12T15:58:00Z,2026-05-12,19,480.61,4
335740116575001,USGS-335740116575001,2026-05-12T16:21:00Z,2026-05-12,19,557.97,5
335746116582301,USGS-335746116582301,2026-05-12T16:41:00Z,2026-05-12,19,454.39,4
335750116582701,USGS-335750116582701,2026-05-12T16:56:00Z,2026-05-12,19,438.62,2
335859116584901,USGS-335859116584901,2026-05-12T17:35:00Z,2026-05-12,19,80.17,5
335902116580901,USGS-335902116580901,2026-05-12T17:21:00Z,2026-05-12,19,87.66,5
335903116580902,USGS-335903116580902,2026-05-12T17:23:00Z,2026-05-12,19,88.36,5
340829117284301,USGS-340829117284301,2026-05-12T17:47:00Z,2026-05-12,19,385.57,25
340829117284302,USGS-340829117284302,2026-05-12T17:55:00Z,2026-05-12,19,372.3,25
340851117281901,USGS-340851117281901,2026-05-12T16:40:00Z,2026-05-12,19,466.55,25
340851117281902,USGS-340851117281902,2026-05-12T16:47:00Z,2026-05-12,19,457.54,25
340851117281903,USGS-340851117281903,2026-05-12T16:57:00Z,2026-05-12,19,456,25
380652116200901,USGS-380652116200901,2026-05-12T00:40:00Z,2026-05-12,19,315.23,13
380758115204601,USGS-380758115204601,2026-05-12T17:58:00Z,2026-05-12,19,795.85,15
384338115283601,USGS-384338115283601,2026-05-12T02:03:00Z,2026-05-12,19,296.06,11
385521114503601,USGS-385521114503601,2026-05-12T22:23:00Z,2026-05-12,19,432.84,12
393510115274801,USGS-393510115274801,2026-05-12T18:06:00Z,2026-05-12,19,164.04,8
393624115244601,USGS-393624115244601,2026-05-12T18:35:00Z,2026-05-12,19,115.47,4
394340115252501,USGS-394340115252501,2026-05-12T19:44:00Z,2026-05-12,19,49.05,8
394418115250301,USGS-394418115250301,2026-05-12T19:23:00Z,2026-05-12,19,51.16,8
335552116592801,USGS-335552116592801,2026-05-11T23:12:00Z,2026-05-11,20,112.23,5
335603117000401,USGS-335603117000401,2026-05-11T22:57:00Z,2026-05-11,20,175.71,5
335631117020601,USGS-335631117020601,2026-05-11T22:43:00Z,2026-05-11,20,31.13,5
335645117024201,USGS-335645117024201,2026-05-11T21:29:00Z,2026-05-11,20,24.24,5
335803117015901,USGS-335803117015901,2026-05-11T17:29:00Z,2026-05-11,20,NA,4
335804116595801,USGS-335804116595801,2026-05-11T18:40:00Z,2026-05-11,20,482.06,5
335807117005601,USGS-335807117005601,2026-05-11T17:45:00Z,2026-05-11,20,413.72,5
335820116595901,USGS-335820116595901,2026-05-11T19:03:00Z,2026-05-11,20,71.85,5
335830117022201,USGS-335830117022201,2026-05-11T17:18:00Z,2026-05-11,20,158.98,5
335840117015801,USGS-335840117015801,2026-05-11T18:12:00Z,2026-05-11,20,NA,4
335849116592101,USGS-335849116592101,2026-05-11T20:40:00Z,2026-05-11,20,56.35,5
335902116583701,USGS-335902116583701,2026-05-11T21:04:00Z,2026-05-11,20,101.56,5
335916117015601,USGS-335916117015601,2026-05-11T17:05:00Z,2026-05-11,20,74.17,5
335930117032101,USGS-335930117032101,2026-05-11T16:52:00Z,2026-05-11,20,100.85,5
335943117032001,USGS-335943117032001,2026-05-11T16:01:00Z,2026-05-11,20,161.46,5
340006117051801,USGS-340006117051801,2026-05-11T16:28:00Z,2026-05-11,20,247.71,5
380906116050502,USGS-380906116050502,2026-05-11T23:50:00Z,2026-05-11,20,238.79,15
324423114530301,USGS-324423114530301,2026-05-08T16:56:00Z,2026-05-08,23,102.92,17
324423114530302,USGS-324423114530302,2026-05-08T18:06:00Z,2026-05-08,23,103.31,13
324423114530303,USGS-324423114530303,2026-05-08T18:19:00Z,2026-05-08,23,103.89,13
332747117061101,USGS-332747117061101,2026-05-08T18:42:00Z,2026-05-08,23,70.9,24
332747117061102,USGS-332747117061102,2026-05-08T18:43:00Z,2026-05-08,23,57.73,24
332819117070601,USGS-332819117070601,2026-05-08T17:46:00Z,2026-05-08,23,20.98,25
332819117070602,USGS-332819117070602,2026-05-08T17:48:00Z,2026-05-08,23,20.75,24
332819117070603,USGS-332819117070603,2026-05-08T17:50:00Z,2026-05-08,23,20.7,24
332819117070604,USGS-332819117070604,2026-05-08T17:52:00Z,2026-05-08,23,16.42,24
332819117070605,USGS-332819117070605,2026-05-08T17:53:00Z,2026-05-08,23,7.42,24
332819117070606,USGS-332819117070606,2026-05-08T17:54:00Z,2026-05-08,23,7.68,24
343007117443401,USGS-343007117443401,2026-05-08T22:05:00Z,2026-05-08,23,417.22,3
362425116181001,USGS-362425116181001,2026-05-08T19:25:00Z,2026-05-08,23,18.61,3
362936116153002,USGS-362936116153002,2026-05-08T18:10:00Z,2026-05-08,23,4.47,20
363213116133800,USGS-363213116133800,2026-05-08T17:00:00Z,2026-05-08,23,41.37,32
323659117033301,USGS-323659117033301,2026-05-07T20:27:00Z,2026-05-07,24,58.33,17
323659117033302,USGS-323659117033302,2026-05-07T20:40:00Z,2026-05-07,24,58.18,18
323659117033303,USGS-323659117033303,2026-05-07T20:46:00Z,2026-05-07,24,90.62,18
323659117033304,USGS-323659117033304,2026-05-07T20:53:00Z,2026-05-07,24,124.46,17
323659117033305,USGS-323659117033305,2026-05-07T20:59:00Z,2026-05-07,24,118.23,18
323659117033306,USGS-323659117033306,2026-05-07T21:03:00Z,2026-05-07,24,120.95,18
324116117050801,USGS-324116117050801,2026-05-07T21:45:00Z,2026-05-07,24,112.71,18
324116117050802,USGS-324116117050802,2026-05-07T21:52:00Z,2026-05-07,24,138.84,18
324116117050803,USGS-324116117050803,2026-05-07T22:12:00Z,2026-05-07,24,139.27,18
324116117050804,USGS-324116117050804,2026-05-07T21:59:00Z,2026-05-07,24,128.34,18
324116117050805,USGS-324116117050805,2026-05-07T22:02:00Z,2026-05-07,24,99.5,18
343708117132401,USGS-343708117132401,2026-05-07T17:14:00Z,2026-05-07,24,70.71,3
344658117293501,USGS-344658117293501,2026-05-07T01:50:00Z,2026-05-07,24,158.31,2
344728117145601,USGS-344728117145601,2026-05-07T00:03:00Z,2026-05-07,24,7.84,3
345004117112001,USGS-345004117112001,2026-05-07T00:34:00Z,2026-05-07,24,17.89,5
342300117160301,USGS-342300117160301,2026-05-06T20:45:00Z,2026-05-06,25,360.76,5
342450117151201,USGS-342450117151201,2026-05-06T20:25:00Z,2026-05-06,25,197.76,5
342744117091101,USGS-342744117091101,2026-05-06T23:37:00Z,2026-05-06,25,246.92,2
342758117114801,USGS-342758117114801,2026-05-06T15:43:00Z,2026-05-06,25,204.72,3
342903117154401,USGS-342903117154401,2026-05-06T18:00:00Z,2026-05-06,25,51.92,5
343104117150501,USGS-343104117150501,2026-05-06T16:08:00Z,2026-05-06,25,91.81,4
343341117101601,USGS-343341117101601,2026-05-06T16:45:00Z,2026-05-06,25,231.36,3
344230117200501,USGS-344230117200501,2026-05-06T23:22:00Z,2026-05-06,25,40.24,4
344401117194701,USGS-344401117194701,2026-05-06T22:42:00Z,2026-05-06,25,23.15,5
344818117151501,USGS-344818117151501,2026-05-06T17:01:00Z,2026-05-06,25,31.89,3
345135116473701,USGS-345135116473701,2026-05-06T18:08:00Z,2026-05-06,25,149.52,3
345156116441901,USGS-345156116441901,2026-05-06T00:27:00Z,2026-05-06,25,109.2,3
345600116523901,USGS-345600116523901,2026-05-06T20:36:00Z,2026-05-06,25,201.35,5
363815116175901,USGS-363815116175901,2026-05-06T20:40:00Z,2026-05-06,25,676.43,5
364635115572901,USGS-364635115572901,2026-05-06T15:10:00Z,2026-05-06,25,701.7,29
365705116424201,USGS-365705116424201,2026-05-06T18:40:00Z,2026-05-06,25,23.81,26
370246116461901,USGS-370246116461901,2026-05-06T18:00:00Z,2026-05-06,25,31.8,26
370337116033002,USGS-370337116033002,2026-05-06T15:37:00Z,2026-05-06,25,1654.66,10
370353116020201,USGS-370353116020201,2026-05-06T17:05:00Z,2026-05-06,25,1645.55,4
370504116404903,USGS-370504116404903,2026-05-06T16:50:00Z,2026-05-06,25,18.17,25
392148119391001,USGS-392148119391001,2026-05-06T17:00:00Z,2026-05-06,25,178.32,7
343101117263201,USGS-343101117263201,2026-05-05T23:15:00Z,2026-05-05,26,270.73,3
343102117262601,USGS-343102117262601,2026-05-05T22:57:00Z,2026-05-05,26,263.55,3
343514117351201,USGS-343514117351201,2026-05-05T20:42:00Z,2026-05-05,26,278.23,4
343555117351202,USGS-343555117351202,2026-05-05T19:09:00Z,2026-05-05,26,253.82,4
343606117385201,USGS-343606117385201,2026-05-05T21:12:00Z,2026-05-05,26,107.51,5
343712117361701,USGS-343712117361701,2026-05-05T18:19:00Z,2026-05-05,26,48.48,5
343801117324401,USGS-343801117324401,2026-05-05T19:48:00Z,2026-05-05,26,138.86,3
344651116355301,USGS-344651116355301,2026-05-05T20:12:00Z,2026-05-05,26,172.22,5
345001116381701,USGS-345001116381701,2026-05-05T19:11:00Z,2026-05-05,26,114.6,5
345049116363501,USGS-345049116363501,2026-05-05T18:41:00Z,2026-05-05,26,89.29,4
345127116473201,USGS-345127116473201,2026-05-05T17:49:00Z,2026-05-05,26,150.14,3
345418116455001,USGS-345418116455001,2026-05-05T22:14:00Z,2026-05-05,26,105.14,5
364528116232201,USGS-364528116232201,2026-05-05T17:00:00Z,2026-05-05,26,708.79,28
364534116065902,USGS-364534116065902,2026-05-05T18:45:00Z,2026-05-05,26,1733.57,5
364935116065401,USGS-364935116065401,2026-05-05T19:00:00Z,2026-05-05,26,81.47,28
365629116222601,USGS-365629116222601,2026-05-05T17:11:00Z,2026-05-05,26,87.66,9
365629116222602,USGS-365629116222602,2026-05-05T17:19:00Z,2026-05-05,26,92.24,9
324055117064401,USGS-324055117064401,2026-05-04T19:24:00Z,2026-05-04,27,40.72,15
324055117064402,USGS-324055117064402,2026-05-04T19:28:00Z,2026-05-04,27,27.61,15
324055117064403,USGS-324055117064403,2026-05-04T19:31:00Z,2026-05-04,27,12.31,15
324055117064404,USGS-324055117064404,2026-05-04T19:34:00Z,2026-05-04,27,11.41,15
324055117064405,USGS-324055117064405,2026-05-04T19:39:00Z,2026-05-04,27,9.12,15
365412116013901,USGS-365412116013901,2026-05-04T13:23:00Z,2026-05-04,27,842.48,9
323527117050001,USGS-323527117050001,2026-05-01T21:16:00Z,2026-05-01,30,72.25,17
323527117050002,USGS-323527117050002,2026-05-01T21:18:00Z,2026-05-01,30,66.24,17
323527117050003,USGS-323527117050003,2026-05-01T21:21:00Z,2026-05-01,30,34.24,19
323527117050004,USGS-323527117050004,2026-05-01T21:23:00Z,2026-05-01,30,32.39,18
323527117050005,USGS-323527117050005,2026-05-01T21:25:00Z,2026-05-01,30,12.62,17
323808117060401,USGS-323808117060401,2026-05-01T20:18:00Z,2026-05-01,30,36.42,18
323808117060402,USGS-323808117060402,2026-05-01T20:22:00Z,2026-05-01,30,78.74,18
323808117060403,USGS-323808117060403,2026-05-01T20:26:00Z,2026-05-01,30,55.63,17
323808117060404,USGS-323808117060404,2026-05-01T20:30:00Z,2026-05-01,30,36.56,17
323808117060405,USGS-323808117060405,2026-05-01T20:33:00Z,2026-05-01,30,20.34,16
323808117060406,USGS-323808117060406,2026-05-01T20:36:00Z,2026-05-01,30,15.83,18
323915117055301,USGS-323915117055301,2026-05-01T22:02:00Z,2026-05-01,30,65.77,14
323915117055302,USGS-323915117055302,2026-05-01T22:04:00Z,2026-05-01,30,57.84,14
323915117055303,USGS-323915117055303,2026-05-01T22:07:00Z,2026-05-01,30,51.08,14
323915117055304,USGS-323915117055304,2026-05-01T22:09:00Z,2026-05-01,30,27.95,14
323915117055305,USGS-323915117055305,2026-05-01T22:11:00Z,2026-05-01,30,23.68,14
340731116082601,USGS-340731116082601,2026-05-01T18:17:00Z,2026-05-01,30,329.29,4
340731116084301,USGS-340731116084301,2026-05-01T18:24:00Z,2026-05-01,30,432.44,4
340756116004601,USGS-340756116004601,2026-05-01T15:55:00Z,2026-05-01,30,119.59,4
340831116104201,USGS-340831116104201,2026-05-01T18:40:00Z,2026-05-01,30,153.62,4
341432116041701,USGS-341432116041701,2026-05-01T17:19:00Z,2026-05-01,30,251.91,3
341451116045201,USGS-341451116045201,2026-05-01T03:02:00Z,2026-05-01,30,277.55,3
341458116051601,USGS-341458116051601,2026-05-01T02:49:00Z,2026-05-01,30,96.19,3
341502116050101,USGS-341502116050101,2026-05-01T02:33:00Z,2026-05-01,30,123.23,3
340606117223801,USGS-340606117223801,2026-04-30T16:08:00Z,2026-04-30,31,328.94,14
340606117223802,USGS-340606117223802,2026-04-30T16:16:00Z,2026-04-30,31,305.76,10
340606117223803,USGS-340606117223803,2026-04-30T16:24:00Z,2026-04-30,31,310.25,15
340606117223804,USGS-340606117223804,2026-04-30T16:45:00Z,2026-04-30,31,310.39,14
341013117253901,USGS-341013117253901,2026-04-30T14:44:00Z,2026-04-30,31,770.52,11
341013117253902,USGS-341013117253902,2026-04-30T14:47:00Z,2026-04-30,31,771.49,10
341013117253903,USGS-341013117253903,2026-04-30T14:55:00Z,2026-04-30,31,241.89,11
341013117253904,USGS-341013117253904,2026-04-30T15:03:00Z,2026-04-30,31,241.34,11
341013117253905,USGS-341013117253905,2026-04-30T15:08:00Z,2026-04-30,31,80.18,11
341013117253906,USGS-341013117253906,2026-04-30T15:10:00Z,2026-04-30,31,80.18,11
341020116021901,USGS-341020116021901,2026-04-30T16:31:00Z,2026-04-30,31,30.01,4
341226116024601,USGS-341226116024601,2026-04-30T21:29:00Z,2026-04-30,31,223.72,3
341449116034201,USGS-341449116034201,2026-04-30T21:06:00Z,2026-04-30,31,376.8,3
341600116055501,USGS-341600116055501,2026-04-30T20:41:00Z,2026-04-30,31,175.03,3
341621116110601,USGS-341621116110601,2026-04-30T17:29:00Z,2026-04-30,31,441.94,3
341643116144401,USGS-341643116144401,2026-04-30T18:10:00Z,2026-04-30,31,375.97,3
341643116144402,USGS-341643116144402,2026-04-30T18:15:00Z,2026-04-30,31,374.87,3
341643116144403,USGS-341643116144403,2026-04-30T18:21:00Z,2026-04-30,31,374.84,3
341643116144404,USGS-341643116144404,2026-04-30T18:28:00Z,2026-04-30,31,374.6,3
341720116145601,USGS-341720116145601,2026-04-30T18:53:00Z,2026-04-30,31,230.72,3
341800116121201,USGS-341800116121201,2026-04-30T01:06:00Z,2026-04-30,31,302.35,4
341800116121202,USGS-341800116121202,2026-04-30T01:18:00Z,2026-04-30,31,300.94,4
341801116104601,USGS-341801116104601,2026-04-30T01:52:00Z,2026-04-30,31,207.54,4
341801116104602,USGS-341801116104602,2026-04-30T02:05:00Z,2026-04-30,31,207.5,4
341801116104603,USGS-341801116104603,2026-04-30T02:09:00Z,2026-04-30,31,207.5,4
341809116115801,USGS-341809116115801,2026-04-30T19:20:00Z,2026-04-30,31,281.07,3
341823116082201,USGS-341823116082201,2026-04-30T20:16:00Z,2026-04-30,31,26.72,3
341833116144201,USGS-341833116144201,2026-04-30T00:27:00Z,2026-04-30,31,288.05,3
341843116090401,USGS-341843116090401,2026-04-30T20:01:00Z,2026-04-30,31,31.56,3
341843116090402,USGS-341843116090402,2026-04-30T20:03:00Z,2026-04-30,31,31.51,3
341843116090403,USGS-341843116090403,2026-04-30T20:05:00Z,2026-04-30,31,31.52,3
341845116100701,USGS-341845116100701,2026-04-30T19:43:00Z,2026-04-30,31,103.86,3
340707117162706,USGS-340707117162706,2026-04-29T17:18:00Z,2026-04-29,32,233.3,17
340707117162707,USGS-340707117162707,2026-04-29T17:33:00Z,2026-04-29,32,230.25,17
340707117162708,USGS-340707117162708,2026-04-29T17:41:00Z,2026-04-29,32,168.86,17
341106116090001,USGS-341106116090001,2026-04-29T16:31:00Z,2026-04-29,32,325.02,4
341323116045501,USGS-341323116045501,2026-04-29T17:01:00Z,2026-04-29,32,36.97,4
341601116124801,USGS-341601116124801,2026-04-29T18:09:00Z,2026-04-29,32,418.52,4
341601116124802,USGS-341601116124802,2026-04-29T18:51:00Z,2026-04-29,32,250.88,4
341601116124803,USGS-341601116124803,2026-04-29T19:01:00Z,2026-04-29,32,250.01,4
341741116132501,USGS-341741116132501,2026-04-29T19:51:00Z,2026-04-29,32,141.14,4
341742116160701,USGS-341742116160701,2026-04-29T22:17:00Z,2026-04-29,32,372,3
341826116164501,USGS-341826116164501,2026-04-29T21:05:00Z,2026-04-29,32,315.18,4
341829116164401,USGS-341829116164401,2026-04-29T20:16:00Z,2026-04-29,32,363.14,4
341829116164402,USGS-341829116164402,2026-04-29T20:32:00Z,2026-04-29,32,316.14,4
341829116164403,USGS-341829116164403,2026-04-29T20:40:00Z,2026-04-29,32,315.44,4
341829116164404,USGS-341829116164404,2026-04-29T20:46:00Z,2026-04-29,32,315.55,4
341909116134101,USGS-341909116134101,2026-04-29T23:43:00Z,2026-04-29,32,410.02,3
341912116160801,USGS-341912116160801,2026-04-29T00:01:00Z,2026-04-29,32,273.61,3
341918116153001,USGS-341918116153001,2026-04-29T23:06:00Z,2026-04-29,32,246.42,3
340521117212001,USGS-340521117212001,2026-04-28T16:13:00Z,2026-04-28,33,277.05,13
340521117212002,USGS-340521117212002,2026-04-28T16:18:00Z,2026-04-28,33,278.96,17
340521117212003,USGS-340521117212003,2026-04-28T16:22:00Z,2026-04-28,33,288.19,18
340521117212004,USGS-340521117212004,2026-04-28T16:26:00Z,2026-04-28,33,287.55,17
340521117212005,USGS-340521117212005,2026-04-28T16:34:00Z,2026-04-28,33,281.71,17
340914117234901,USGS-340914117234901,2026-04-28T14:27:00Z,2026-04-28,33,340.51,10
340914117234902,USGS-340914117234902,2026-04-28T14:31:00Z,2026-04-28,33,340.52,10
340914117234903,USGS-340914117234903,2026-04-28T14:39:00Z,2026-04-28,33,340.43,11
340914117234904,USGS-340914117234904,2026-04-28T15:03:00Z,2026-04-28,33,340.41,10
340914117234905,USGS-340914117234905,2026-04-28T15:09:00Z,2026-04-28,33,341.38,10
340914117234906,USGS-340914117234906,2026-04-28T15:28:00Z,2026-04-28,33,NA,9
340927117242201,USGS-340927117242201,2026-04-28T18:56:00Z,2026-04-28,33,403.27,12
340927117242202,USGS-340927117242202,2026-04-28T18:59:00Z,2026-04-28,33,403.32,12
340927117242203,USGS-340927117242203,2026-04-28T19:07:00Z,2026-04-28,33,NA,13
340927117242204,USGS-340927117242204,2026-04-28T19:13:00Z,2026-04-28,33,405.83,12
341232116032201,USGS-341232116032201,2026-04-28T16:27:00Z,2026-04-28,33,213.61,3
341232116032202,USGS-341232116032202,2026-04-28T16:32:00Z,2026-04-28,33,182.66,3
341232116032203,USGS-341232116032203,2026-04-28T16:38:00Z,2026-04-28,33,68.27,3
341323116033801,USGS-341323116033801,2026-04-28T17:03:00Z,2026-04-28,33,220.45,1
341340116040501,USGS-341340116040501,2026-04-28T17:25:00Z,2026-04-28,33,217.08,3
341340116040502,USGS-341340116040502,2026-04-28T17:30:00Z,2026-04-28,33,185.9,3
341340116040503,USGS-341340116040503,2026-04-28T17:34:00Z,2026-04-28,33,74.58,3
341341116024901,USGS-341341116024901,2026-04-28T02:38:00Z,2026-04-28,33,345.44,3
341402116040801,USGS-341402116040801,2026-04-28T17:47:00Z,2026-04-28,33,221.52,3
341709116090401,USGS-341709116090401,2026-04-28T21:02:00Z,2026-04-28,33,241.55,3
341709116090402,USGS-341709116090402,2026-04-28T21:07:00Z,2026-04-28,33,241.47,3
341709116090403,USGS-341709116090403,2026-04-28T21:09:00Z,2026-04-28,33,241.46,3
341725116090401,USGS-341725116090401,2026-04-28T18:51:00Z,2026-04-28,33,221.85,3
341735116092601,USGS-341735116092601,2026-04-28T18:57:00Z,2026-04-28,33,229.78,3
341736116085401,USGS-341736116085401,2026-04-28T18:39:00Z,2026-04-28,33,208.41,3
341736116085901,USGS-341736116085901,2026-04-28T18:17:00Z,2026-04-28,33,210.07,3
341737116085501,USGS-341737116085501,2026-04-28T18:24:00Z,2026-04-28,33,205.12,3
341737116092801,USGS-341737116092801,2026-04-28T19:04:00Z,2026-04-28,33,228.06,3
341738116092601,USGS-341738116092601,2026-04-28T19:13:00Z,2026-04-28,33,224.67,3
341738116093401,USGS-341738116093401,2026-04-28T20:29:00Z,2026-04-28,33,238.52,3
341739116092801,USGS-341739116092801,2026-04-28T19:54:00Z,2026-04-28,33,226.76,3
341752116092501,USGS-341752116092501,2026-04-28T20:47:00Z,2026-04-28,33,191.31,3
341823116175001,USGS-341823116175001,2026-04-28T01:48:00Z,2026-04-28,33,257.11,3
341925116202501,USGS-341925116202501,2026-04-28T22:18:00Z,2026-04-28,33,316.49,3
341939116174501,USGS-341939116174501,2026-04-28T01:35:00Z,2026-04-28,33,257.56,3
341952116164601,USGS-341952116164601,2026-04-28T23:29:00Z,2026-04-28,33,227.27,3
342107116210401,USGS-342107116210401,2026-04-28T22:54:00Z,2026-04-28,33,178.81,3
342111116174801,USGS-342111116174801,2026-04-28T23:38:00Z,2026-04-28,33,214.41,3
342406116205501,USGS-342406116205501,2026-04-28T00:08:00Z,2026-04-28,33,99.76,3
342429116205601,USGS-342429116205601,2026-04-28T00:56:00Z,2026-04-28,33,76.25,3
342221116190801,USGS-342221116190801,2026-04-27T23:31:00Z,2026-04-27,34,177.26,3
333358116374201,USGS-333358116374201,2026-04-24T00:28:00Z,2026-04-24,37,22.05,4
333359116373501,USGS-333359116373501,2026-04-24T00:14:00Z,2026-04-24,37,47.09,5
333403116372901,USGS-333403116372901,2026-04-24T00:02:00Z,2026-04-24,37,48.95,4
383930122494801,USGS-383930122494801,2026-04-24T19:30:00Z,2026-04-24,37,15.83,18
332957116361801,USGS-332957116361801,2026-04-23T22:52:00Z,2026-04-23,38,57.55,4
333052116393901,USGS-333052116393901,2026-04-23T21:07:00Z,2026-04-23,38,111.81,1
333221116404601,USGS-333221116404601,2026-04-23T21:44:00Z,2026-04-23,38,1.31,1
333356116395901,USGS-333356116395901,2026-04-23T00:41:00Z,2026-04-23,38,158.65,2
333405116410901,USGS-333405116410901,2026-04-23T00:00:00Z,2026-04-23,38,101.21,2
370806116264001,USGS-370806116264001,2026-04-23T18:20:00Z,2026-04-23,38,1363.43,27
371024116293106,USGS-371024116293106,2026-04-23T19:50:00Z,2026-04-23,38,1362.56,25
371414116242901,USGS-371414116242901,2026-04-23T21:20:00Z,2026-04-23,38,2137.03,26
333258116392101,USGS-333258116392101,2026-04-22T16:43:00Z,2026-04-22,39,18.88,2
333315116405301,USGS-333315116405301,2026-04-22T19:47:00Z,2026-04-22,39,83.22,3
333315116405701,USGS-333315116405701,2026-04-22T20:02:00Z,2026-04-22,39,79.14,4
333322116433101,USGS-333322116433101,2026-04-22T00:41:00Z,2026-04-22,39,38.33,3
333336116435501,USGS-333336116435501,2026-04-22T22:39:00Z,2026-04-22,39,82.65,2
333359116440501,USGS-333359116440501,2026-04-22T21:38:00Z,2026-04-22,39,20.78,4
333410116411902,USGS-333410116411902,2026-04-22T18:33:00Z,2026-04-22,39,77.04,5
333420116410202,USGS-333420116410202,2026-04-22T17:18:00Z,2026-04-22,39,132.66,1
340814117253501,USGS-340814117253501,2026-04-22T17:08:00Z,2026-04-22,39,581.68,12
340814117253502,USGS-340814117253502,2026-04-22T17:29:00Z,2026-04-22,39,581.42,12
340814117253503,USGS-340814117253503,2026-04-22T17:44:00Z,2026-04-22,39,395.14,10
340814117253504,USGS-340814117253504,2026-04-22T17:58:00Z,2026-04-22,39,392.6,12
340814117253505,USGS-340814117253505,2026-04-22T18:12:00Z,2026-04-22,39,NA,12
344327114313001,USGS-344327114313001,2026-04-22T14:06:00Z,2026-04-22,39,93.94,9
363503115385701,USGS-363503115385701,2026-04-22T22:07:00Z,2026-04-22,39,327.45,9
364329116402901,USGS-364329116402901,2026-04-22T19:38:00Z,2026-04-22,39,315.43,7
364329116402902,USGS-364329116402902,2026-04-22T19:18:00Z,2026-04-22,39,315.89,6
333117114322801,USGS-333117114322801,2026-04-21T20:21:00Z,2026-04-21,40,11.07,9
333149114443701,USGS-333149114443701,2026-04-21T18:36:00Z,2026-04-21,40,131.93,7
333214114535501,USGS-333214114535501,2026-04-21T14:43:00Z,2026-04-21,40,234.11,9
333323116394301,USGS-333323116394301,2026-04-21T01:23:00Z,2026-04-21,40,37.57,2
333327116382101,USGS-333327116382101,2026-04-21T20:58:00Z,2026-04-21,40,113.31,4
333352116411301,USGS-333352116411301,2026-04-21T18:34:00Z,2026-04-21,40,109.07,3
333418116385001,USGS-333418116385001,2026-04-21T19:06:00Z,2026-04-21,40,329.37,4
333423116384201,USGS-333423116384201,2026-04-21T19:19:00Z,2026-04-21,40,337.17,4
333433116403201,USGS-333433116403201,2026-04-21T21:48:00Z,2026-04-21,40,222.37,4
333434116402601,USGS-333434116402601,2026-04-21T00:30:00Z,2026-04-21,40,264.9,5
333457116391701,USGS-333457116391701,2026-04-21T19:45:00Z,2026-04-21,40,30.71,4
333527114511901,USGS-333527114511901,2026-04-21T15:32:00Z,2026-04-21,40,160.26,9
333527114511902,USGS-333527114511902,2026-04-21T15:38:00Z,2026-04-21,40,158.78,9
333527114511903,USGS-333527114511903,2026-04-21T15:43:00Z,2026-04-21,40,149.02,9
333845114392501,USGS-333845114392501,2026-04-21T17:49:00Z,2026-04-21,40,109.96,2
333859114291701,USGS-333859114291701,2026-04-21T21:30:00Z,2026-04-21,40,41.68,8
333939114411501,USGS-333939114411501,2026-04-21T17:23:00Z,2026-04-21,40,145.49,9
334032114393201,USGS-334032114393201,2026-04-21T19:17:00Z,2026-04-21,40,146.81,9
334202114434001,USGS-334202114434001,2026-04-21T16:46:00Z,2026-04-21,40,220.75,9
340443114274901,USGS-340443114274901,2026-04-21T22:36:00Z,2026-04-21,40,131.33,1
324003114235701,USGS-324003114235701,2026-04-20T22:11:00Z,2026-04-20,41,155.76,8
333238116422301,USGS-333238116422301,2026-04-20T23:35:00Z,2026-04-20,41,174.45,5
333359116450501,USGS-333359116450501,2026-04-20T21:03:00Z,2026-04-20,41,9.99,4
333430116414501,USGS-333430116414501,2026-04-20T21:33:00Z,2026-04-20,41,73.95,5
333439116411101,USGS-333439116411101,2026-04-20T22:28:00Z,2026-04-20,41,200.29,5
333441116442801,USGS-333441116442801,2026-04-20T20:19:00Z,2026-04-20,41,100.36,5
363530116021401,USGS-363530116021401,2026-04-20T20:10:00Z,2026-04-20,41,784.3,9
364554116232401,USGS-364554116232401,2026-04-20T17:38:00Z,2026-04-20,41,738.86,10
332929116384901,USGS-332929116384901,2026-04-18T17:46:00Z,2026-04-18,43,147.84,4
333119116374801,USGS-333119116374801,2026-04-18T18:58:00Z,2026-04-18,43,162.47,1
333238116371001,USGS-333238116371001,2026-04-18T21:10:00Z,2026-04-18,43,283.45,2
333251116390001,USGS-333251116390001,2026-04-18T00:51:00Z,2026-04-18,43,30.88,5
333313116384601,USGS-333313116384601,2026-04-18T01:06:00Z,2026-04-18,43,70.59,3
333321116392401,USGS-333321116392401,2026-04-18T19:34:00Z,2026-04-18,43,37.57,4
333350116405801,USGS-333350116405801,2026-04-18T01:30:00Z,2026-04-18,43,123.04,4
333351116410201,USGS-333351116410201,2026-04-18T01:35:00Z,2026-04-18,43,101.93,4
332948116380301,USGS-332948116380301,2026-04-17T21:30:00Z,2026-04-17,44,56.91,5
333036116482701,USGS-333036116482701,2026-04-17T22:22:00Z,2026-04-17,44,78.86,4
333228116432801,USGS-333228116432801,2026-04-17T20:53:00Z,2026-04-17,44,153.95,4
333238116432601,USGS-333238116432601,2026-04-17T20:41:00Z,2026-04-17,44,78.5,5
333322116404001,USGS-333322116404001,2026-04-17T19:44:00Z,2026-04-17,44,114.2,4
333329116413501,USGS-333329116413501,2026-04-17T23:12:00Z,2026-04-17,44,137.65,5
333334116414201,USGS-333334116414201,2026-04-17T23:44:00Z,2026-04-17,44,158.71,5
333357116383401,USGS-333357116383401,2026-04-17T01:38:00Z,2026-04-17,44,241.5,5
333418116382801,USGS-333418116382801,2026-04-17T01:54:00Z,2026-04-17,44,312.22,4
332850116410501,USGS-332850116410501,2026-04-16T02:14:00Z,2026-04-16,45,82.85,5
332904116390101,USGS-332904116390101,2026-04-16T01:14:00Z,2026-04-16,45,232.22,5
332927116375601,USGS-332927116375601,2026-04-16T00:51:00Z,2026-04-16,45,73.48,4
332950116471601,USGS-332950116471601,2026-04-16T22:55:00Z,2026-04-16,45,152.59,4
333002116373901,USGS-333002116373901,2026-04-16T00:26:00Z,2026-04-16,45,49.7,4
333158116472801,USGS-333158116472801,2026-04-15T20:15:00Z,2026-04-15,46,82.55,4
333232116401101,USGS-333232116401101,2026-04-15T22:59:00Z,2026-04-15,46,29.63,4
333239116401101,USGS-333239116401101,2026-04-15T23:14:00Z,2026-04-15,46,36.57,1
333240116403201,USGS-333240116403201,2026-04-15T21:44:00Z,2026-04-15,46,32.54,4
333244116402801,USGS-333244116402801,2026-04-15T21:52:00Z,2026-04-15,46,33.29,4
333254116401901,USGS-333254116401901,2026-04-15T22:26:00Z,2026-04-15,46,50.74,5
333315116413101,USGS-333315116413101,2026-04-15T01:00:00Z,2026-04-15,46,96.48,5
333321116405501,USGS-333321116405501,2026-04-15T19:30:00Z,2026-04-15,46,88.69,5
340408117165301,USGS-340408117165301,2026-04-15T19:48:00Z,2026-04-15,46,165.57,16
340408117165302,USGS-340408117165302,2026-04-15T20:06:00Z,2026-04-15,46,164.58,15
340408117165303,USGS-340408117165303,2026-04-15T20:21:00Z,2026-04-15,46,150.97,15
333008116473601,USGS-333008116473601,2026-04-14T20:40:00Z,2026-04-14,47,64.9,5
333023116473101,USGS-333023116473101,2026-04-14T21:37:00Z,2026-04-14,47,58.93,4
333035116474601,USGS-333035116474601,2026-04-14T23:09:00Z,2026-04-14,47,16.56,4
333101116472301,USGS-333101116472301,2026-04-14T22:40:00Z,2026-04-14,47,9.38,6
333001117005705,USGS-333001117005705,2026-04-10T20:26:00Z,2026-04-10,51,85.86,15
340130117054901,USGS-340130117054901,2026-04-10T16:13:00Z,2026-04-10,51,276.07,13
340130117054902,USGS-340130117054902,2026-04-10T16:18:00Z,2026-04-10,51,278.94,12
340130117054903,USGS-340130117054903,2026-04-10T16:21:00Z,2026-04-10,51,276.86,13
340130117054904,USGS-340130117054904,2026-04-10T16:25:00Z,2026-04-10,51,278.26,13
340130117054905,USGS-340130117054905,2026-04-10T16:29:00Z,2026-04-10,51,125.03,15
340559117194501,USGS-340559117194501,2026-04-10T17:51:00Z,2026-04-10,51,225.45,14
340559117194502,USGS-340559117194502,2026-04-10T18:00:00Z,2026-04-10,51,225.18,14
340559117194503,USGS-340559117194503,2026-04-10T18:11:00Z,2026-04-10,51,225.2,14
340559117194504,USGS-340559117194504,2026-04-10T18:18:00Z,2026-04-10,51,227.43,14
340800117235901,USGS-340800117235901,2026-04-10T16:03:00Z,2026-04-10,51,516.71,12
340800117235902,USGS-340800117235902,2026-04-10T16:16:00Z,2026-04-10,51,516.55,18
340800117235903,USGS-340800117235903,2026-04-10T16:38:00Z,2026-04-10,51,516.54,19
340800117235904,USGS-340800117235904,2026-04-10T16:53:00Z,2026-04-10,51,NA,12
342536119473001,USGS-342536119473001,2026-04-10T14:30:00Z,2026-04-10,51,21.88,5
342551119491601,USGS-342551119491601,2026-04-10T16:54:00Z,2026-04-10,51,47,5
342552119512101,USGS-342552119512101,2026-04-10T21:02:00Z,2026-04-10,51,13.46,5
342601119491401,USGS-342601119491401,2026-04-10T17:31:00Z,2026-04-10,51,60.23,5
342605119473901,USGS-342605119473901,2026-04-10T15:05:00Z,2026-04-10,51,88.24,5
342610119491201,USGS-342610119491201,2026-04-10T17:49:00Z,2026-04-10,51,65.2,5
342611119503801,USGS-342611119503801,2026-04-10T20:44:00Z,2026-04-10,51,6.67,5
342612119503001,USGS-342612119503001,2026-04-10T20:23:00Z,2026-04-10,51,25.18,5
342612119503002,USGS-342612119503002,2026-04-10T20:09:00Z,2026-04-10,51,24.94,5
342616119474501,USGS-342616119474501,2026-04-10T15:25:00Z,2026-04-10,51,96.95,5
342618119493801,USGS-342618119493801,2026-04-10T18:45:00Z,2026-04-10,51,57.38,5
342619119500301,USGS-342619119500301,2026-04-10T19:38:00Z,2026-04-10,51,36.81,5
342620119513801,USGS-342620119513801,2026-04-10T21:16:00Z,2026-04-10,51,14.08,5
342634119472101,USGS-342634119472101,2026-04-10T16:33:00Z,2026-04-10,51,166.31,5
342643119481401,USGS-342643119481401,2026-04-10T00:49:00Z,2026-04-10,51,117.35,5
342658119484801,USGS-342658119484801,2026-04-10T00:00:00Z,2026-04-10,51,47.46,5
342659119472901,USGS-342659119472901,2026-04-10T16:01:00Z,2026-04-10,51,181.84,5
342700119482501,USGS-342700119482501,2026-04-10T00:31:00Z,2026-04-10,51,60.54,5
342706119482801,USGS-342706119482801,2026-04-10T00:21:00Z,2026-04-10,51,47.01,5
342707119471501,USGS-342707119471501,2026-04-10T15:47:00Z,2026-04-10,51,17.09,5
374215114453101,USGS-374215114453101,2026-04-10T00:07:00Z,2026-04-10,51,393.25,11
340136117033904,USGS-340136117033904,2026-04-09T15:15:00Z,2026-04-09,52,236.44,13
340316117174101,USGS-340316117174101,2026-04-09T18:36:00Z,2026-04-09,52,110,15
340316117174102,USGS-340316117174102,2026-04-09T18:41:00Z,2026-04-09,52,96.93,13
340316117174103,USGS-340316117174103,2026-04-09T18:45:00Z,2026-04-09,52,89.63,13
340321117153801,USGS-340321117153801,2026-04-09T19:06:00Z,2026-04-09,52,177.62,13
340321117153802,USGS-340321117153802,2026-04-09T19:11:00Z,2026-04-09,52,NA,13
340321117153803,USGS-340321117153803,2026-04-09T19:21:00Z,2026-04-09,52,NA,13
340541117074401,USGS-340541117074401,2026-04-09T17:37:00Z,2026-04-09,52,155.6,11
340541117074402,USGS-340541117074402,2026-04-09T17:44:00Z,2026-04-09,52,152.32,11
340541117074403,USGS-340541117074403,2026-04-09T17:56:00Z,2026-04-09,52,115.99,11
340541117074404,USGS-340541117074404,2026-04-09T18:10:00Z,2026-04-09,52,76.56,11
340541117074405,USGS-340541117074405,2026-04-09T18:16:00Z,2026-04-09,52,75.86,12
340541117074406,USGS-340541117074406,2026-04-09T18:24:00Z,2026-04-09,52,55.38,12
340633117174001,USGS-340633117174001,2026-04-09T16:10:00Z,2026-04-09,52,221.76,12
340633117174002,USGS-340633117174002,2026-04-09T16:19:00Z,2026-04-09,52,222.72,12
340633117174003,USGS-340633117174003,2026-04-09T16:29:00Z,2026-04-09,52,215.09,12
340633117174004,USGS-340633117174004,2026-04-09T16:35:00Z,2026-04-09,52,208.99,12
340633117174005,USGS-340633117174005,2026-04-09T16:40:00Z,2026-04-09,52,NA,12
340633117174006,USGS-340633117174006,2026-04-09T16:51:00Z,2026-04-09,52,NA,12
340716117230601,USGS-340716117230601,2026-04-09T17:58:00Z,2026-04-09,52,412.98,17
340716117230602,USGS-340716117230602,2026-04-09T18:07:00Z,2026-04-09,52,412.87,16
340716117230603,USGS-340716117230603,2026-04-09T18:17:00Z,2026-04-09,52,412.6,18
340716117230604,USGS-340716117230604,2026-04-09T18:27:00Z,2026-04-09,52,412.49,20
340716117230605,USGS-340716117230605,2026-04-09T18:41:00Z,2026-04-09,52,412.44,20
340716117230606,USGS-340716117230606,2026-04-09T18:46:00Z,2026-04-09,52,NA,14
340804117221601,USGS-340804117221601,2026-04-09T17:17:00Z,2026-04-09,52,333.43,12
340804117221602,USGS-340804117221602,2026-04-09T17:24:00Z,2026-04-09,52,333.46,13
340804117221603,USGS-340804117221603,2026-04-09T17:29:00Z,2026-04-09,52,317.78,15
340804117221604,USGS-340804117221604,2026-04-09T17:34:00Z,2026-04-09,52,318.8,12
342539119483501,USGS-342539119483501,2026-04-09T20:23:00Z,2026-04-09,52,64.06,5
342539119483504,USGS-342539119483504,2026-04-09T19:59:00Z,2026-04-09,52,4.43,5
342550119481802,USGS-342550119481802,2026-04-09T19:41:00Z,2026-04-09,52,67.91,5
342552119474101,USGS-342552119474101,2026-04-09T19:21:00Z,2026-04-09,52,71.98,5
342605119465901,USGS-342605119465901,2026-04-09T16:51:00Z,2026-04-09,52,19.4,5
342605119465902,USGS-342605119465902,2026-04-09T17:04:00Z,2026-04-09,52,71.82,5
342611119483401,USGS-342611119483401,2026-04-09T20:51:00Z,2026-04-09,52,93.03,5
342623119484101,USGS-342623119484101,2026-04-09T21:10:00Z,2026-04-09,52,85.59,5
342635119490201,USGS-342635119490201,2026-04-09T21:31:00Z,2026-04-09,52,94.69,5
342639119494801,USGS-342639119494801,2026-04-09T22:32:00Z,2026-04-09,52,56.52,5
342645119485301,USGS-342645119485301,2026-04-09T23:35:00Z,2026-04-09,52,77.46,5
342645119485302,USGS-342645119485302,2026-04-09T23:44:00Z,2026-04-09,52,77.13,5
342646119494701,USGS-342646119494701,2026-04-09T22:42:00Z,2026-04-09,52,58.35,5
342703119493601,USGS-342703119493601,2026-04-09T23:20:00Z,2026-04-09,52,34.42,5
342706119503201,USGS-342706119503201,2026-04-09T22:59:00Z,2026-04-09,52,18.88,5
420120121355401,USGS-420120121355401,2026-04-09T18:29:00Z,2026-04-09,52,12.14,9
420125121360601,USGS-420125121360601,2026-04-09T18:45:00Z,2026-04-09,52,68.44,9
420614121453801,USGS-420614121453801,2026-04-09T20:06:00Z,2026-04-09,52,6.81,9
420616121454701,USGS-420616121454701,2026-04-09T20:50:00Z,2026-04-09,52,46.52,9
420724121404001,USGS-420724121404001,2026-04-09T17:49:00Z,2026-04-09,52,44.01,8
420957121410401,USGS-420957121410401,2026-04-09T17:31:00Z,2026-04-09,52,6.39,9
421102121415601,USGS-421102121415601,2026-04-09T17:18:00Z,2026-04-09,52,16,10
335348116352701,USGS-335348116352701,2026-04-08T14:49:00Z,2026-04-08,53,132.72,3
335348116352702,USGS-335348116352702,2026-04-08T14:51:00Z,2026-04-08,53,107.16,3
335348116352703,USGS-335348116352703,2026-04-08T14:56:00Z,2026-04-08,53,154.27,3
340414117190201,USGS-340414117190201,2026-04-08T16:30:00Z,2026-04-08,53,125.89,12
340414117190202,USGS-340414117190202,2026-04-08T16:45:00Z,2026-04-08,53,126.04,12
340414117190203,USGS-340414117190203,2026-04-08T16:53:00Z,2026-04-08,53,125.03,11
340414117190204,USGS-340414117190204,2026-04-08T17:09:00Z,2026-04-08,53,122.51,11
340414117190205,USGS-340414117190205,2026-04-08T17:20:00Z,2026-04-08,53,122.05,11
340538117171401,USGS-340538117171401,2026-04-08T16:44:00Z,2026-04-08,53,140.85,11
340538117171402,USGS-340538117171402,2026-04-08T16:59:00Z,2026-04-08,53,NA,10
340538117171403,USGS-340538117171403,2026-04-08T17:04:00Z,2026-04-08,53,NA,10
340546117182901,USGS-340546117182901,2026-04-08T17:29:00Z,2026-04-08,53,198.81,12
340546117182902,USGS-340546117182902,2026-04-08T17:39:00Z,2026-04-08,53,114.44,11
340546117182903,USGS-340546117182903,2026-04-08T17:45:00Z,2026-04-08,53,NA,11
340546117182904,USGS-340546117182904,2026-04-08T17:49:00Z,2026-04-08,53,NA,11
371142116125102,USGS-371142116125102,2026-04-08T21:19:00Z,2026-04-08,53,3113.13,5
371311116283801,USGS-371311116283801,2026-04-08T18:33:00Z,2026-04-08,53,2052.6,8
420352121505901,USGS-420352121505901,2026-04-08T01:33:00Z,2026-04-08,53,4.55,9
420759121545101,USGS-420759121545101,2026-04-08T19:52:00Z,2026-04-08,53,154.39,9
420956121510101,USGS-420956121510101,2026-04-08T20:23:00Z,2026-04-08,53,21.06,9
335304116353001,USGS-335304116353001,2026-04-07T14:42:00Z,2026-04-07,54,122.7,3
335339116345301,USGS-335339116345301,2026-04-07T19:18:00Z,2026-04-07,54,109.95,3
335339116345302,USGS-335339116345302,2026-04-07T19:21:00Z,2026-04-07,54,110.5,3
335339116345303,USGS-335339116345303,2026-04-07T19:23:00Z,2026-04-07,54,115.68,3
340136117033901,USGS-340136117033901,2026-04-07T15:05:00Z,2026-04-07,54,252.09,11
340136117033902,USGS-340136117033902,2026-04-07T15:20:00Z,2026-04-07,54,252.91,11
340136117033903,USGS-340136117033903,2026-04-07T15:25:00Z,2026-04-07,54,244.21,11
340136117033905,USGS-340136117033905,2026-04-07T15:40:00Z,2026-04-07,54,236.74,11
340248117020901,USGS-340248117020901,2026-04-07T16:20:00Z,2026-04-07,54,268.3,11
340248117020902,USGS-340248117020902,2026-04-07T16:24:00Z,2026-04-07,54,262.17,11
340248117020903,USGS-340248117020903,2026-04-07T16:28:00Z,2026-04-07,54,254.08,11
340248117020904,USGS-340248117020904,2026-04-07T16:32:00Z,2026-04-07,54,245.82,11
413640121124301,USGS-413640121124301,2026-04-07T16:31:00Z,2026-04-07,54,309.14,9
414043121155501,USGS-414043121155501,2026-04-07T16:57:00Z,2026-04-07,54,141.19,9
414236121584601,USGS-414236121584601,2026-04-07T21:56:00Z,2026-04-07,54,169.21,8
414300121302401,USGS-414300121302401,2026-04-07T17:43:00Z,2026-04-07,54,683.65,9
415104121232901,USGS-415104121232901,2026-04-07T18:16:00Z,2026-04-07,54,57.32,9
415312121403201,USGS-415312121403201,2026-04-07T20:11:00Z,2026-04-07,54,124.76,9
415546121205401,USGS-415546121205401,2026-04-07T19:16:00Z,2026-04-07,54,6.31,9
420013121531801,USGS-420013121531801,2026-04-07T22:40:00Z,2026-04-07,54,109.56,9
420129121355901,USGS-420129121355901,2026-04-07T23:44:00Z,2026-04-07,54,72.19,9
420246121541401,USGS-420246121541401,2026-04-07T23:05:00Z,2026-04-07,54,167.02,12
420318121312201,USGS-420318121312201,2026-04-07T21:13:00Z,2026-04-07,54,301.08,5
420348121453601,USGS-420348121453601,2026-04-07T15:52:00Z,2026-04-07,54,50.54,10
335231116345401,USGS-335231116345401,2026-04-06T18:01:00Z,2026-04-06,55,145.44,3
340408117165304,USGS-340408117165304,2026-04-03T16:57:00Z,2026-04-03,58,NA,12
340508117163301,USGS-340508117163301,2026-04-03T18:31:00Z,2026-04-03,58,189.01,11
340508117163302,USGS-340508117163302,2026-04-03T18:38:00Z,2026-04-03,58,192.1,11
340508117163303,USGS-340508117163303,2026-04-03T18:44:00Z,2026-04-03,58,179.88,11
340508117163304,USGS-340508117163304,2026-04-03T18:49:00Z,2026-04-03,58,167.44,11
340508117163305,USGS-340508117163305,2026-04-03T18:51:00Z,2026-04-03,58,NA,11
340508117163306,USGS-340508117163306,2026-04-03T18:53:00Z,2026-04-03,58,NA,11
340555117161201,USGS-340555117161201,2026-04-03T17:43:00Z,2026-04-03,58,171.89,12
340555117161202,USGS-340555117161202,2026-04-03T17:47:00Z,2026-04-03,58,NA,12
340555117161203,USGS-340555117161203,2026-04-03T17:50:00Z,2026-04-03,58,NA,12
340555117161204,USGS-340555117161204,2026-04-03T17:51:00Z,2026-04-03,58,NA,11
340555117161205,USGS-340555117161205,2026-04-03T17:55:00Z,2026-04-03,58,170.93,12
340555117161206,USGS-340555117161206,2026-04-03T18:00:00Z,2026-04-03,58,195.07,12
340555117161207,USGS-340555117161207,2026-04-03T18:15:00Z,2026-04-03,58,189.24,12
340655117184004,USGS-340655117184004,2026-04-03T17:12:00Z,2026-04-03,58,NA,13
340655117184005,USGS-340655117184005,2026-04-03T17:15:00Z,2026-04-03,58,NA,13
340655117184006,USGS-340655117184006,2026-04-03T17:20:00Z,2026-04-03,58,269.32,18
340503117104101,USGS-340503117104101,2026-04-02T20:07:00Z,2026-04-02,59,149.17,11
340503117104102,USGS-340503117104102,2026-04-02T20:13:00Z,2026-04-02,59,149.63,12
340503117104103,USGS-340503117104103,2026-04-02T20:16:00Z,2026-04-02,59,150.08,12
340503117104104,USGS-340503117104104,2026-04-02T20:20:00Z,2026-04-02,59,150.18,12
340503117104105,USGS-340503117104105,2026-04-02T20:25:00Z,2026-04-02,59,152.51,12
392242119393501,USGS-392242119393501,2026-04-02T21:13:00Z,2026-04-02,59,268.38,7
392247119392801,USGS-392247119392801,2026-04-02T20:35:00Z,2026-04-02,59,203.06,8
392248119392701,USGS-392248119392701,2026-04-02T20:18:00Z,2026-04-02,59,188.1,6
392250119391601,USGS-392250119391601,2026-04-02T21:28:00Z,2026-04-02,59,172.53,8
392254119391501,USGS-392254119391501,2026-04-02T21:45:00Z,2026-04-02,59,189.06,8
392254119392002,USGS-392254119392002,2026-04-02T20:06:00Z,2026-04-02,59,116.97,5
392300115493001,USGS-392300115493001,2026-04-02T18:07:00Z,2026-04-02,59,NA,1
392318119394101,USGS-392318119394101,2026-04-02T22:01:00Z,2026-04-02,59,99.64,8
392320119384101,USGS-392320119384101,2026-04-02T19:48:00Z,2026-04-02,59,23.74,8
392321119383401,USGS-392321119383401,2026-04-02T19:37:00Z,2026-04-02,59,53.09,8
392322119381801,USGS-392322119381801,2026-04-02T19:25:00Z,2026-04-02,59,83.23,8
392334119383301,USGS-392334119383301,2026-04-02T19:06:00Z,2026-04-02,59,150.31,8
392347119391901,USGS-392347119391901,2026-04-02T22:57:00Z,2026-04-02,59,46.47,8
392400119400801,USGS-392400119400801,2026-04-02T22:40:00Z,2026-04-02,59,67.86,8
392412119401501,USGS-392412119401501,2026-04-02T22:30:00Z,2026-04-02,59,222.25,8
340046117020801,USGS-340046117020801,2026-04-01T20:46:00Z,2026-04-01,60,328.92,13
340046117020802,USGS-340046117020802,2026-04-01T20:12:00Z,2026-04-01,60,329.84,13
340046117020803,USGS-340046117020803,2026-04-01T20:18:00Z,2026-04-01,60,328.03,13
340046117020804,USGS-340046117020804,2026-04-01T20:32:00Z,2026-04-01,60,326.16,13
340433117171201,USGS-340433117171201,2026-04-01T15:29:00Z,2026-04-01,60,145.55,13
340433117171202,USGS-340433117171202,2026-04-01T15:43:00Z,2026-04-01,60,NA,12
340433117171203,USGS-340433117171203,2026-04-01T15:51:00Z,2026-04-01,60,NA,12
340439117173902,USGS-340439117173902,2026-04-01T16:15:00Z,2026-04-01,60,139.01,15
340439117173904,USGS-340439117173904,2026-04-01T16:27:00Z,2026-04-01,60,142.13,17
340439117173905,USGS-340439117173905,2026-04-01T16:39:00Z,2026-04-01,60,138.66,15
340439117173906,USGS-340439117173906,2026-04-01T16:55:00Z,2026-04-01,60,276.52,15
340439117173907,USGS-340439117173907,2026-04-01T17:03:00Z,2026-04-01,60,NA,14
340509117172401,USGS-340509117172401,2026-04-01T17:26:00Z,2026-04-01,60,132.71,12
340509117172402,USGS-340509117172402,2026-04-01T17:37:00Z,2026-04-01,60,60.69,12
340509117172403,USGS-340509117172403,2026-04-01T17:50:00Z,2026-04-01,60,NA,12
340615117170902,USGS-340615117170902,2026-04-01T19:06:00Z,2026-04-01,60,180.78,17
340615117170903,USGS-340615117170903,2026-04-01T18:43:00Z,2026-04-01,60,163.21,16
340615117170904,USGS-340615117170904,2026-04-01T18:53:00Z,2026-04-01,60,57.32,18
364141116351401,USGS-364141116351401,2026-04-01T20:44:00Z,2026-04-01,60,271.39,7
364141116351402,USGS-364141116351402,2026-04-01T20:54:00Z,2026-04-01,60,271.52,7
364732116330701,USGS-364732116330701,2026-04-01T19:26:00Z,2026-04-01,60,602.09,9
323934115504701,USGS-323934115504701,2026-03-31T17:23:00Z,2026-03-31,61,94.57,5
324013115511101,USGS-324013115511101,2026-03-31T16:39:00Z,2026-03-31,61,88.81,5
324119115553201,USGS-324119115553201,2026-03-31T16:20:00Z,2026-03-31,61,162.86,5
324123115552901,USGS-324123115552901,2026-03-31T15:41:00Z,2026-03-31,61,163,5
324138115552901,USGS-324138115552901,2026-03-31T16:05:00Z,2026-03-31,61,150.78,5
324345116010001,USGS-324345116010001,2026-03-31T18:21:00Z,2026-03-31,61,345.16,1
324402114455701,USGS-324402114455701,2026-03-31T01:19:00Z,2026-03-31,61,144.39,4
324405115592101,USGS-324405115592101,2026-03-31T15:05:00Z,2026-03-31,61,103.4,5
324411114381801,USGS-324411114381801,2026-03-31T01:42:00Z,2026-03-31,61,12.65,4
324414115591901,USGS-324414115591901,2026-03-31T14:39:00Z,2026-03-31,61,86.45,4
324421115592101,USGS-324421115592101,2026-03-31T14:45:00Z,2026-03-31,61,91.45,5
324422116000301,USGS-324422116000301,2026-03-31T18:53:00Z,2026-03-31,61,165.59,5
324424116012301,USGS-324424116012301,2026-03-31T20:08:00Z,2026-03-31,61,328.26,1
324458115570301,USGS-324458115570301,2026-03-31T20:57:00Z,2026-03-31,61,26.56,5
324501114455101,USGS-324501114455101,2026-03-31T13:28:00Z,2026-03-31,61,166.59,4
324608115593501,USGS-324608115593501,2026-03-31T20:41:00Z,2026-03-31,61,111.8,4
324636114501501,USGS-324636114501501,2026-03-31T00:34:00Z,2026-03-31,61,148.6,11
324636114501502,USGS-324636114501502,2026-03-31T00:38:00Z,2026-03-31,61,148.69,11
324636114501503,USGS-324636114501503,2026-03-31T00:43:00Z,2026-03-31,61,148.81,11
324851115505901,USGS-324851115505901,2026-03-31T21:55:00Z,2026-03-31,61,45.9,5
344953118165601,USGS-344953118165601,2026-03-31T18:20:00Z,2026-03-31,61,201.47,1
344954118172501,USGS-344954118172501,2026-03-31T18:05:00Z,2026-03-31,61,201.65,1
345006118153601,USGS-345006118153601,2026-03-31T18:33:00Z,2026-03-31,61,182.63,1
345006118183101,USGS-345006118183101,2026-03-31T17:48:00Z,2026-03-31,61,218.75,2
324242115073501,USGS-324242115073501,2026-03-30T22:39:00Z,2026-03-30,62,43.79,5
324420114590601,USGS-324420114590601,2026-03-30T23:41:00Z,2026-03-30,62,92.43,5
324430115555501,USGS-324430115555501,2026-03-30T17:46:00Z,2026-03-30,62,97.63,5
324500115492101,USGS-324500115492101,2026-03-30T18:34:00Z,2026-03-30,62,100.83,5
324603115480501,USGS-324603115480501,2026-03-30T18:53:00Z,2026-03-30,62,50.91,5
332501116025701,USGS-332501116025701,2026-03-30T20:40:00Z,2026-03-30,62,96.26,4
332857117043301,USGS-332857117043301,2026-03-30T20:11:00Z,2026-03-30,62,300.99,14
332857117043302,USGS-332857117043302,2026-03-30T20:13:00Z,2026-03-30,62,312.85,14
332857117043303,USGS-332857117043303,2026-03-30T20:17:00Z,2026-03-30,62,289.89,14
332857117043304,USGS-332857117043304,2026-03-30T20:21:00Z,2026-03-30,62,97.42,14
332857117043305,USGS-332857117043305,2026-03-30T20:25:00Z,2026-03-30,62,51.29,14
333001117005701,USGS-333001117005701,2026-03-30T19:24:00Z,2026-03-30,62,308.31,14
333001117005702,USGS-333001117005702,2026-03-30T19:28:00Z,2026-03-30,62,318.83,14
333001117005703,USGS-333001117005703,2026-03-30T19:34:00Z,2026-03-30,62,276.59,14
333001117005704,USGS-333001117005704,2026-03-30T19:38:00Z,2026-03-30,62,232.75,14
392148119392101,USGS-392148119392101,2026-03-30T18:52:00Z,2026-03-30,62,135.41,8
392152119383001,USGS-392152119383001,2026-03-30T19:12:00Z,2026-03-30,62,191.38,6
392202119382401,USGS-392202119382401,2026-03-30T19:33:00Z,2026-03-30,62,61.31,8
392221119382401,USGS-392221119382401,2026-03-30T19:48:00Z,2026-03-30,62,24.72,8
392236119382701,USGS-392236119382701,2026-03-30T20:04:00Z,2026-03-30,62,107.99,8
392300119384501,USGS-392300119384501,2026-03-30T20:41:00Z,2026-03-30,62,99.49,7
392306119385201,USGS-392306119385201,2026-03-30T20:18:00Z,2026-03-30,62,103.18,8
392313119384001,USGS-392313119384001,2026-03-30T20:53:00Z,2026-03-30,62,82.88,8
392313119384201,USGS-392313119384201,2026-03-30T21:07:00Z,2026-03-30,62,123.46,8
392317119381501,USGS-392317119381501,2026-03-30T21:30:00Z,2026-03-30,62,71.96,7
392343119373601,USGS-392343119373601,2026-03-30T22:39:00Z,2026-03-30,62,12.8,8
324417115582401,USGS-324417115582401,2026-03-27T17:35:00Z,2026-03-27,65,50.35,5
342508119413702,USGS-342508119413702,2026-03-27T20:23:00Z,2026-03-27,65,-18.7,8
342508119413703,USGS-342508119413703,2026-03-27T20:30:00Z,2026-03-27,65,-20.49,8
342508119413705,USGS-342508119413705,2026-03-27T20:40:00Z,2026-03-27,65,-8.74,8
342546119421701,USGS-342546119421701,2026-03-27T19:08:00Z,2026-03-27,65,80.9,8
343832117564701,USGS-343832117564701,2026-03-27T19:27:00Z,2026-03-27,65,278.11,3
343939118025201,USGS-343939118025201,2026-03-27T22:02:00Z,2026-03-27,65,321.4,2
344033117582401,USGS-344033117582401,2026-03-27T21:22:00Z,2026-03-27,65,316.99,2
344124117514301,USGS-344124117514301,2026-03-27T20:38:00Z,2026-03-27,65,228.42,2
344348118151101,USGS-344348118151101,2026-03-27T00:33:00Z,2026-03-27,65,149.72,1
324439115593401,USGS-324439115593401,2026-03-26T17:29:00Z,2026-03-26,66,97.73,4
344758118154401,USGS-344758118154401,2026-03-26T21:15:00Z,2026-03-26,66,186.18,2
384327113591401,USGS-384327113591401,2026-03-26T15:20:00Z,2026-03-26,66,253.91,2
384449113595401,USGS-384449113595401,2026-03-26T15:00:00Z,2026-03-26,66,73.13,2
384510113573001,USGS-384510113573001,2026-03-26T14:04:00Z,2026-03-26,66,137.12,2
384752114002201,USGS-384752114002201,2026-03-26T14:42:00Z,2026-03-26,66,24.92,2
385607114015602,USGS-385607114015602,2026-03-26T16:35:00Z,2026-03-26,66,89.37,2
385623114021501,USGS-385623114021501,2026-03-26T17:01:00Z,2026-03-26,66,88.84,2
390141113532901,USGS-390141113532901,2026-03-26T20:47:00Z,2026-03-26,66,40.73,4
390243114012201,USGS-390243114012201,2026-03-26T17:46:00Z,2026-03-26,66,51.35,2
390312113591701,USGS-390312113591701,2026-03-26T18:17:00Z,2026-03-26,66,40.85,2
390416113573801,USGS-390416113573801,2026-03-26T18:32:00Z,2026-03-26,66,27.69,2
390549113562901,USGS-390549113562901,2026-03-26T20:28:00Z,2026-03-26,66,5.45,2
390617113571901,USGS-390617113571901,2026-03-26T18:47:00Z,2026-03-26,66,24.29,2
390629113560301,USGS-390629113560301,2026-03-26T20:14:00Z,2026-03-26,66,83.56,4
390758113565501,USGS-390758113565501,2026-03-26T19:05:00Z,2026-03-26,66,37.01,2
391205113543401,USGS-391205113543401,2026-03-26T19:54:00Z,2026-03-26,66,86.64,4
392317113504201,USGS-392317113504201,2026-03-26T01:28:00Z,2026-03-26,66,44,4
401528119470501,USGS-401528119470501,2026-03-26T18:15:00Z,2026-03-26,66,253.13,15
323932117050801,USGS-323932117050801,2026-03-25T18:28:00Z,2026-03-25,67,-74.48,15
323932117050802,USGS-323932117050802,2026-03-25T18:31:00Z,2026-03-25,67,63.76,18
323932117050803,USGS-323932117050803,2026-03-25T18:33:00Z,2026-03-25,67,85.07,18
323932117050804,USGS-323932117050804,2026-03-25T18:35:00Z,2026-03-25,67,123.84,19
323932117050805,USGS-323932117050805,2026-03-25T18:38:00Z,2026-03-25,67,33.61,18
323932117050806,USGS-323932117050806,2026-03-25T18:40:00Z,2026-03-25,67,21.11,18
324335115575001,USGS-324335115575001,2026-03-25T16:49:00Z,2026-03-25,67,55.71,4
324455116003801,USGS-324455116003801,2026-03-25T22:11:00Z,2026-03-25,67,198.78,4
324558115595201,USGS-324558115595201,2026-03-25T17:58:00Z,2026-03-25,67,111.35,5
350411118044101,USGS-350411118044101,2026-03-25T17:02:00Z,2026-03-25,67,211.57,1
352209117475201,USGS-352209117475201,2026-03-25T00:40:00Z,2026-03-25,67,171.84,3
390500114024501,USGS-390500114024501,2026-03-25T20:32:00Z,2026-03-25,67,53.94,2
390503114005901,USGS-390503114005901,2026-03-25T20:53:00Z,2026-03-25,67,16.08,2
392141113585601,USGS-392141113585601,2026-03-25T22:10:00Z,2026-03-25,67,45.04,2
393345113503201,USGS-393345113503201,2026-03-25T22:53:00Z,2026-03-25,67,169.56,2
394133113493901,USGS-394133113493901,2026-03-25T00:21:00Z,2026-03-25,67,19.51,2
323528117031403,USGS-323528117031403,2026-03-24T17:47:00Z,2026-03-24,68,4.84,14
323528117031404,USGS-323528117031404,2026-03-24T17:48:00Z,2026-03-24,68,19.11,14
323528117031405,USGS-323528117031405,2026-03-24T17:50:00Z,2026-03-24,68,23.82,14
324414115591902,USGS-324414115591902,2026-03-24T17:44:00Z,2026-03-24,68,86.5,4
344914118144101,USGS-344914118144101,2026-03-24T01:31:00Z,2026-03-24,68,171.1,4
345100118161801,USGS-345100118161801,2026-03-24T02:05:00Z,2026-03-24,68,192.45,2
345701118103601,USGS-345701118103601,2026-03-24T16:29:00Z,2026-03-24,68,126.94,4
351104117590401,USGS-351104117590401,2026-03-24T18:38:00Z,2026-03-24,68,257.33,3
351621117575501,USGS-351621117575501,2026-03-24T20:03:00Z,2026-03-24,68,129.35,3
351712117562801,USGS-351712117562801,2026-03-24T21:04:00Z,2026-03-24,68,105.82,3
351714117563001,USGS-351714117563001,2026-03-24T20:45:00Z,2026-03-24,68,103.49,3
351838117511601,USGS-351838117511601,2026-03-24T21:52:00Z,2026-03-24,68,48.87,3
362648116201401,USGS-362648116201401,2026-03-24T20:42:00Z,2026-03-24,68,4.56,6
362858116195301,USGS-362858116195301,2026-03-24T21:08:00Z,2026-03-24,68,2.34,6
362901116202801,USGS-362901116202801,2026-03-24T21:32:00Z,2026-03-24,68,6.07,6
362906116195101,USGS-362906116195101,2026-03-24T21:20:00Z,2026-03-24,68,3.32,6
362929116085701,USGS-362929116085701,2026-03-24T16:45:00Z,2026-03-24,68,35.08,7
364237116365401,USGS-364237116365401,2026-03-24T19:35:00Z,2026-03-24,68,237.94,7
395608113583301,USGS-395608113583301,2026-03-24T19:53:00Z,2026-03-24,68,130.3,2
400201113583801,USGS-400201113583801,2026-03-24T19:24:00Z,2026-03-24,68,13.74,2
400219113591901,USGS-400219113591901,2026-03-24T18:52:00Z,2026-03-24,68,5.05,2
410040113582301,USGS-410040113582301,2026-03-24T16:17:00Z,2026-03-24,68,25.65,2
344636118320801,USGS-344636118320801,2026-03-23T17:31:00Z,2026-03-23,69,101.98,3
344714118342601,USGS-344714118342601,2026-03-23T18:17:00Z,2026-03-23,69,294.85,2
344541118333901,USGS-344541118333901,2026-03-21T00:00:00Z,2026-03-21,71,32.62,2
344614118454101,USGS-344614118454101,2026-03-21T21:21:00Z,2026-03-21,71,27.1,2
344701118363401,USGS-344701118363401,2026-03-21T21:57:00Z,2026-03-21,71,211.61,2
344828118372601,USGS-344828118372601,2026-03-21T20:00:00Z,2026-03-21,71,169.95,2
344841118335001,USGS-344841118335001,2026-03-21T19:12:00Z,2026-03-21,71,211.77,2
344848118172301,USGS-344848118172301,2026-03-21T01:14:00Z,2026-03-21,71,199.03,3
344858118414101,USGS-344858118414101,2026-03-21T20:48:00Z,2026-03-21,71,129.3,2
350055118172601,USGS-350055118172601,2026-03-21T00:35:00Z,2026-03-21,71,373.04,3
350505118065001,USGS-350505118065001,2026-03-21T18:01:00Z,2026-03-21,71,325.77,1
350919117590301,USGS-350919117590301,2026-03-21T20:36:00Z,2026-03-21,71,299.23,3
351131118001201,USGS-351131118001201,2026-03-21T21:14:00Z,2026-03-21,71,277.88,3
351256117445401,USGS-351256117445401,2026-03-21T02:38:00Z,2026-03-21,71,423.67,3
344613118300801,USGS-344613118300801,2026-03-20T22:40:00Z,2026-03-20,72,NA,3
344635118244301,USGS-344635118244301,2026-03-20T19:51:00Z,2026-03-20,72,124.65,4
344647118175401,USGS-344647118175401,2026-03-20T00:27:00Z,2026-03-20,72,197.82,4
344652118185701,USGS-344652118185701,2026-03-20T00:48:00Z,2026-03-20,72,198.39,2
344658118234201,USGS-344658118234201,2026-03-20T19:35:00Z,2026-03-20,72,166.05,4
344722118303601,USGS-344722118303601,2026-03-20T21:48:00Z,2026-03-20,72,177.52,2
344751118210701,USGS-344751118210701,2026-03-20T19:02:00Z,2026-03-20,72,149.74,2
344812118284701,USGS-344812118284701,2026-03-20T20:57:00Z,2026-03-20,72,55.73,2
344911118191101,USGS-344911118191101,2026-03-20T18:21:00Z,2026-03-20,72,225.26,2
350214118180701,USGS-350214118180701,2026-03-20T23:31:00Z,2026-03-20,72,306.25,3
392810118451401,USGS-392810118451401,2026-03-20T19:27:00Z,2026-03-20,72,39.55,6
392810118451402,USGS-392810118451402,2026-03-20T19:53:00Z,2026-03-20,72,32.45,6
392810118451501,USGS-392810118451501,2026-03-20T19:18:00Z,2026-03-20,72,40.69,6
392810118451502,USGS-392810118451502,2026-03-20T19:22:00Z,2026-03-20,72,39.4,7
392810118451503,USGS-392810118451503,2026-03-20T19:23:00Z,2026-03-20,72,39.43,7
392851118451301,USGS-392851118451301,2026-03-20T19:52:00Z,2026-03-20,72,45.36,8
392851118451302,USGS-392851118451302,2026-03-20T19:50:00Z,2026-03-20,72,43.25,8
392851118451303,USGS-392851118451303,2026-03-20T19:53:00Z,2026-03-20,72,25.51,8
392927118503101,USGS-392927118503101,2026-03-20T18:23:00Z,2026-03-20,72,5.54,9
393004118511301,USGS-393004118511301,2026-03-20T17:57:00Z,2026-03-20,72,18.1,10
393023118544101,USGS-393023118544101,2026-03-20T16:39:00Z,2026-03-20,72,27.03,9
393023118544103,USGS-393023118544103,2026-03-20T16:42:00Z,2026-03-20,72,12.88,9
393049118413502,USGS-393049118413502,2026-03-20T20:09:00Z,2026-03-20,72,12.88,4
393056118521501,USGS-393056118521501,2026-03-20T17:06:00Z,2026-03-20,72,44.34,9
393106118580301,USGS-393106118580301,2026-03-20T22:02:00Z,2026-03-20,72,15.1,8
393200118382601,USGS-393200118382601,2026-03-20T20:36:00Z,2026-03-20,72,4.29,3
393309118515901,USGS-393309118515901,2026-03-20T17:27:00Z,2026-03-20,72,19.82,5
393335118512701,USGS-393335118512701,2026-03-20T17:40:00Z,2026-03-20,72,7.84,5
393335118512702,USGS-393335118512702,2026-03-20T17:42:00Z,2026-03-20,72,7.24,5
344623118164901,USGS-344623118164901,2026-03-19T20:12:00Z,2026-03-19,73,193.82,5
344657118151301,USGS-344657118151301,2026-03-19T19:51:00Z,2026-03-19,73,173.33,2
344725118132701,USGS-344725118132701,2026-03-19T19:30:00Z,2026-03-19,73,138.7,2
344747118075001,USGS-344747118075001,2026-03-19T02:18:00Z,2026-03-19,73,50.75,6
344825118071801,USGS-344825118071801,2026-03-19T01:52:00Z,2026-03-19,73,50.57,2
345112118075101,USGS-345112118075101,2026-03-19T01:17:00Z,2026-03-19,73,65.74,4
345237118095101,USGS-345237118095101,2026-03-19T00:38:00Z,2026-03-19,73,22.33,2
350055117550501,USGS-350055117550501,2026-03-19T21:39:00Z,2026-03-19,73,185.2,3
350113117444801,USGS-350113117444801,2026-03-19T22:30:00Z,2026-03-19,73,188.89,3
350230117524701,USGS-350230117524701,2026-03-19T21:00:00Z,2026-03-19,73,110.74,3
350232117463201,USGS-350232117463201,2026-03-19T23:03:00Z,2026-03-19,73,186.27,3
350323117471901,USGS-350323117471901,2026-03-19T18:59:00Z,2026-03-19,73,213.21,4
350411118023601,USGS-350411118023601,2026-03-19T16:32:00Z,2026-03-19,73,134.46,3
350616117475501,USGS-350616117475501,2026-03-19T18:32:00Z,2026-03-19,73,442.07,3
350623117590401,USGS-350623117590401,2026-03-19T19:57:00Z,2026-03-19,73,358.13,3
381805115520101,USGS-381805115520101,2026-03-19T00:03:00Z,2026-03-19,73,55.82,4
382735115474101,USGS-382735115474101,2026-03-19T17:37:00Z,2026-03-19,73,20.04,1
383011115460901,USGS-383011115460901,2026-03-19T16:38:00Z,2026-03-19,73,6.43,5
383011115462301,USGS-383011115462301,2026-03-19T16:28:00Z,2026-03-19,73,15.38,5
383011115465201,USGS-383011115465201,2026-03-19T16:03:00Z,2026-03-19,73,35.02,5
384042115400301,USGS-384042115400301,2026-03-19T23:07:00Z,2026-03-19,73,148.76,4
413535113544501,USGS-413535113544501,2026-03-19T17:46:00Z,2026-03-19,73,48.39,2
413901113560201,USGS-413901113560201,2026-03-19T18:30:00Z,2026-03-19,73,13.96,2
343951118065902,USGS-343951118065902,2026-03-18T22:15:00Z,2026-03-18,74,371.35,2
344209118183801,USGS-344209118183801,2026-03-18T21:32:00Z,2026-03-18,74,230.84,5
344227118161401,USGS-344227118161401,2026-03-18T21:07:00Z,2026-03-18,74,168.79,4
344403118175001,USGS-344403118175001,2026-03-18T23:14:00Z,2026-03-18,74,202.25,2
344418118081401,USGS-344418118081401,2026-03-18T19:30:00Z,2026-03-18,74,62.86,3
344425118141001,USGS-344425118141001,2026-03-18T15:44:00Z,2026-03-18,74,128.55,2
344443118021301,USGS-344443118021301,2026-03-18T00:34:00Z,2026-03-18,74,128.48,2
344517118112801,USGS-344517118112801,2026-03-18T16:59:00Z,2026-03-18,74,83.24,2
344534118094301,USGS-344534118094301,2026-03-18T17:47:00Z,2026-03-18,74,66.82,5
344547118090601,USGS-344547118090601,2026-03-18T18:30:00Z,2026-03-18,74,76.67,2
344620118140901,USGS-344620118140901,2026-03-18T23:58:00Z,2026-03-18,74,157.31,2
344641118015301,USGS-344641118015301,2026-03-18T02:09:00Z,2026-03-18,74,86.56,2
344643117581703,USGS-344643117581703,2026-03-18T01:14:00Z,2026-03-18,74,104.13,2
344911117524001,USGS-344911117524001,2026-03-18T00:09:00Z,2026-03-18,74,56.16,3
345051117485001,USGS-345051117485001,2026-03-18T20:12:00Z,2026-03-18,74,108.73,5
345712117463601,USGS-345712117463601,2026-03-18T21:55:00Z,2026-03-18,74,112.53,3
345951117503501,USGS-345951117503501,2026-03-18T23:25:00Z,2026-03-18,74,135.76,4
350002117463301,USGS-350002117463301,2026-03-18T22:40:00Z,2026-03-18,74,129.96,2
375051115445301,USGS-375051115445301,2026-03-18T21:02:00Z,2026-03-18,74,288.27,1
375644116033301,USGS-375644116033301,2026-03-18T20:05:00Z,2026-03-18,74,120.14,4
375751116030201,USGS-375751116030201,2026-03-18T19:38:00Z,2026-03-18,74,80.34,4
375820115442301,USGS-375820115442301,2026-03-18T21:50:00Z,2026-03-18,74,69.98,4
380059115441201,USGS-380059115441201,2026-03-18T22:05:00Z,2026-03-18,74,119.85,4
380418116045301,USGS-380418116045301,2026-03-18T19:15:00Z,2026-03-18,74,192.75,5
380854117565601,USGS-380854117565601,2026-03-18T20:00:00Z,2026-03-18,74,42.01,2
381107115341101,USGS-381107115341101,2026-03-18T23:17:00Z,2026-03-18,74,223.48,5
381217115562501,USGS-381217115562501,2026-03-18T23:35:00Z,2026-03-18,74,133.98,5
381505115375101,USGS-381505115375101,2026-03-18T23:50:00Z,2026-03-18,74,85.8,4
381656115505701,USGS-381656115505701,2026-03-18T23:57:00Z,2026-03-18,74,63.82,3
390055119421902,USGS-390055119421902,2026-03-18T19:39:00Z,2026-03-18,74,142.95,2
391129119404801,USGS-391129119404801,2026-03-18T15:59:00Z,2026-03-18,74,192.68,7
391321119382801,USGS-391321119382801,2026-03-18T16:39:00Z,2026-03-18,74,13.25,8
391324119392501,USGS-391324119392501,2026-03-18T16:26:00Z,2026-03-18,74,49.39,8
391401119360101,USGS-391401119360101,2026-03-18T17:01:00Z,2026-03-18,74,277.76,9
391429119325401,USGS-391429119325401,2026-03-18T17:27:00Z,2026-03-18,74,72.12,9
391437119370401,USGS-391437119370401,2026-03-18T22:19:00Z,2026-03-18,74,21.76,5
391608119313601,USGS-391608119313601,2026-03-18T17:38:00Z,2026-03-18,74,58.39,8
391634114484901,USGS-391634114484901,2026-03-18T14:36:00Z,2026-03-18,74,269.2,1
391709119314001,USGS-391709119314001,2026-03-18T18:22:00Z,2026-03-18,74,14.57,9
391733119321001,USGS-391733119321001,2026-03-18T18:54:00Z,2026-03-18,74,56.02,8
391824119331001,USGS-391824119331001,2026-03-18T19:17:00Z,2026-03-18,74,154.38,9
391836119332601,USGS-391836119332601,2026-03-18T19:34:00Z,2026-03-18,74,204.41,3
391906119321901,USGS-391906119321901,2026-03-18T19:51:00Z,2026-03-18,74,178.73,7
391920119320401,USGS-391920119320401,2026-03-18T20:01:00Z,2026-03-18,74,222.54,8
391928119285901,USGS-391928119285901,2026-03-18T20:13:00Z,2026-03-18,74,76.33,9
392320119140101,USGS-392320119140101,2026-03-18T21:16:00Z,2026-03-18,74,57.68,9
392357119173001,USGS-392357119173001,2026-03-18T20:53:00Z,2026-03-18,74,210.56,8
392408119144701,USGS-392408119144701,2026-03-18T21:30:00Z,2026-03-18,74,77.04,6
402100116352001,USGS-402100116352001,2026-03-18T01:06:00Z,2026-03-18,74,56.65,1
343903118074801,USGS-343903118074801,2026-03-17T16:39:00Z,2026-03-17,75,358.63,4
344000118130601,USGS-344000118130601,2026-03-17T21:46:00Z,2026-03-17,75,271,5
344003118074801,USGS-344003118074801,2026-03-17T15:28:00Z,2026-03-17,75,273.53,2
344003118074802,USGS-344003118074802,2026-03-17T15:36:00Z,2026-03-17,75,436.76,2
344003118074803,USGS-344003118074803,2026-03-17T15:45:00Z,2026-03-17,75,386.65,2
344003118074804,USGS-344003118074804,2026-03-17T15:57:00Z,2026-03-17,75,NA,2
344005118082201,USGS-344005118082201,2026-03-17T17:17:00Z,2026-03-17,75,263.8,2
344005118082203,USGS-344005118082203,2026-03-17T17:30:00Z,2026-03-17,75,378.52,2
344005118082204,USGS-344005118082204,2026-03-17T17:37:00Z,2026-03-17,75,375.81,2
344030118110001,USGS-344030118110001,2026-03-17T00:55:00Z,2026-03-17,75,245.04,2
344122118125701,USGS-344122118125701,2026-03-17T22:17:00Z,2026-03-17,75,152.61,2
344913118110001,USGS-344913118110001,2026-03-17T23:39:00Z,2026-03-17,75,112.55,2
345042117564301,USGS-345042117564301,2026-03-17T22:09:00Z,2026-03-17,75,104.39,3
345158117533201,USGS-345158117533201,2026-03-17T23:06:00Z,2026-03-17,75,113.98,5
345158117533202,USGS-345158117533202,2026-03-17T23:18:00Z,2026-03-17,75,113.56,3
345302117574001,USGS-345302117574001,2026-03-17T21:22:00Z,2026-03-17,75,73.98,3
391100114492001,USGS-391100114492001,2026-03-17T19:57:00Z,2026-03-17,75,38.05,1
393920118084001,USGS-393920118084001,2026-03-17T00:23:00Z,2026-03-17,75,29.98,1
394709115124501,USGS-394709115124501,2026-03-17T21:35:00Z,2026-03-17,75,49.5,2
395335117062401,USGS-395335117062401,2026-03-17T23:08:00Z,2026-03-17,75,5.62,1
403400115400001,USGS-403400115400001,2026-03-17T19:01:00Z,2026-03-17,75,94.97,1
403539116553201,USGS-403539116553201,2026-03-17T22:05:00Z,2026-03-17,75,NA,1
403920116520001,USGS-403920116520001,2026-03-17T21:12:00Z,2026-03-17,75,10.05,1
403958115374801,USGS-403958115374801,2026-03-17T17:09:00Z,2026-03-17,75,158.2,1
404328115403401,USGS-404328115403401,2026-03-17T18:24:00Z,2026-03-17,75,74.59,1
404350115281001,USGS-404350115281001,2026-03-17T15:09:00Z,2026-03-17,75,13.21,1
404407115284601,USGS-404407115284601,2026-03-17T15:36:00Z,2026-03-17,75,54.09,1
404412115284701,USGS-404412115284701,2026-03-17T15:57:00Z,2026-03-17,75,41.96,1
404521115395801,USGS-404521115395801,2026-03-17T17:52:00Z,2026-03-17,75,7.46,1
404822115300801,USGS-404822115300801,2026-03-17T14:23:00Z,2026-03-17,75,1.61,1
342541119433501,USGS-342541119433501,2026-03-16T19:42:00Z,2026-03-16,76,40.44,8
342630119442301,USGS-342630119442301,2026-03-16T17:45:00Z,2026-03-16,76,82.19,8
342630119442302,USGS-342630119442302,2026-03-16T18:04:00Z,2026-03-16,76,58.9,8
342705119435801,USGS-342705119435801,2026-03-16T18:54:00Z,2026-03-16,76,NA,8
343939118013701,USGS-343939118013701,2026-03-16T22:28:00Z,2026-03-16,76,320.97,2
344005118082202,USGS-344005118082202,2026-03-16T17:23:00Z,2026-03-16,76,376.64,2
344120118055301,USGS-344120118055301,2026-03-16T23:11:00Z,2026-03-16,76,217.75,4
344320117575601,USGS-344320117575601,2026-03-16T20:06:00Z,2026-03-16,76,223.38,2
344340117535201,USGS-344340117535201,2026-03-16T21:17:00Z,2026-03-16,76,267.76,2
344551117553101,USGS-344551117553101,2026-03-16T19:15:00Z,2026-03-16,76,168.08,7
344551117591401,USGS-344551117591401,2026-03-16T16:30:00Z,2026-03-16,76,116.53,2
344623117550001,USGS-344623117550001,2026-03-16T18:50:00Z,2026-03-16,76,NA,2
362532116172701,USNPS-362532116172701,2026-03-16T17:35:00Z,2026-03-16,76,1.86,34
382432115095801,USGS-382432115095801,2026-03-16T22:30:00Z,2026-03-16,76,32.65,2
384640115045001,USGS-384640115045001,2026-03-16T23:11:00Z,2026-03-16,76,2.41,1
391649117344701,USGS-391649117344701,2026-03-16T22:03:00Z,2026-03-16,76,8.44,1
392100117310001,USGS-392100117310001,2026-03-16T21:42:00Z,2026-03-16,76,11.79,1
392248117290701,USGS-392248117290701,2026-03-16T21:11:00Z,2026-03-16,76,35.17,1
393143115572701,USGS-393143115572701,2026-03-16T19:13:00Z,2026-03-16,76,2.22,1
393840118050001,USGS-393840118050001,2026-03-16T23:56:00Z,2026-03-16,76,34.41,1
394342114385402,USGS-394342114385402,2026-03-16T16:08:00Z,2026-03-16,76,117.85,1
395020116030001,USGS-395020116030001,2026-03-16T17:39:00Z,2026-03-16,76,18.31,1
395100115593001,USGS-395100115593001,2026-03-16T16:38:00Z,2026-03-16,76,17.41,1
403639115133001,USGS-403639115133001,2026-03-16T21:36:00Z,2026-03-16,76,5.01,1
403730115134002,USGS-403730115134002,2026-03-16T21:27:00Z,2026-03-16,76,7.03,1
413444114261701,USGS-413444114261701,2026-03-16T18:04:00Z,2026-03-16,76,12.94,1
390616119465801,USGS-390616119465801,2026-03-15T17:18:00Z,2026-03-15,77,35.62,2
353605120473801,USGS-353605120473801,2026-03-13T22:47:00Z,2026-03-13,79,64.85,7
382205116132500,USGS-382205116132500,2026-03-13T19:35:00Z,2026-03-13,79,40.74,2
383320116005901,USGS-383320116005901,2026-03-13T15:50:00Z,2026-03-13,79,514.94,1
383512116043801,USGS-383512116043801,2026-03-13T16:15:00Z,2026-03-13,79,489.36,1
383923116015301,USGS-383923116015301,2026-03-13T16:50:00Z,2026-03-13,79,632.02,1
385548119385001,USGS-385548119385001,2026-03-13T19:20:00Z,2026-03-13,79,34.9,3
385628119411901,USGS-385628119411901,2026-03-13T18:59:00Z,2026-03-13,79,175.15,9
385834119395901,USGS-385834119395901,2026-03-13T20:13:00Z,2026-03-13,79,80.12,5
390758119453701,USGS-390758119453701,2026-03-13T17:31:00Z,2026-03-13,79,34.78,10
390831119422001,USGS-390831119422001,2026-03-13T16:23:00Z,2026-03-13,79,10.01,8
390906119420901,USGS-390906119420901,2026-03-13T16:07:00Z,2026-03-13,79,50.56,8
391005119422201,USGS-391005119422201,2026-03-13T16:35:00Z,2026-03-13,79,6.17,9
391016119433901,USGS-391016119433901,2026-03-13T17:13:00Z,2026-03-13,79,23.35,11
391022119421801,USGS-391022119421801,2026-03-13T15:54:00Z,2026-03-13,79,26.85,9
391023119422101,USGS-391023119422101,2026-03-13T16:50:00Z,2026-03-13,79,7.26,9
391030119480701,USGS-391030119480701,2026-03-13T19:16:00Z,2026-03-13,79,142.85,8
391030119480702,USGS-391030119480702,2026-03-13T19:13:00Z,2026-03-13,79,219.29,9
391055119422901,USGS-391055119422901,2026-03-13T17:04:00Z,2026-03-13,79,5.77,8
391059119415901,USGS-391059119415901,2026-03-13T21:28:00Z,2026-03-13,79,25.41,10
391110119460601,USGS-391110119460601,2026-03-13T20:15:00Z,2026-03-13,79,9.45,8
391110119460602,USGS-391110119460602,2026-03-13T20:17:00Z,2026-03-13,79,4.58,10
391110119480701,USGS-391110119480701,2026-03-13T19:49:00Z,2026-03-13,79,80.15,9
391230119441401,USGS-391230119441401,2026-03-13T20:49:00Z,2026-03-13,79,87.8,9
391231119442901,USGS-391231119442901,2026-03-13T20:40:00Z,2026-03-13,79,103.9,9
391231119442902,USGS-391231119442902,2026-03-13T20:38:00Z,2026-03-13,79,103.15,9
391231119442903,USGS-391231119442903,2026-03-13T20:42:00Z,2026-03-13,79,103.18,9
391954119260601,USGS-391954119260601,2026-03-13T17:51:00Z,2026-03-13,79,49.76,1
400100119220001,USGS-400100119220001,2026-03-13T21:43:00Z,2026-03-13,79,4.2,1
402700119250001,USGS-402700119250001,2026-03-13T20:09:00Z,2026-03-13,79,66.92,1
333122116394001,USGS-333122116394001,2026-03-12T18:30:00Z,2026-03-12,80,60.87,14
335611116553801,USGS-335611116553801,2026-03-12T16:47:00Z,2026-03-12,80,465.61,6
335611116553802,USGS-335611116553802,2026-03-12T16:57:00Z,2026-03-12,80,428.98,6
335611116553803,USGS-335611116553803,2026-03-12T17:08:00Z,2026-03-12,80,420.96,5
335611116553804,USGS-335611116553804,2026-03-12T17:19:00Z,2026-03-12,80,414.06,5
335718116542901,USGS-335718116542901,2026-03-12T17:51:00Z,2026-03-12,80,248.53,4
335718116542902,USGS-335718116542902,2026-03-12T21:55:00Z,2026-03-12,80,225.03,4
335807116582201,USGS-335807116582201,2026-03-12T01:50:00Z,2026-03-12,80,520.13,9
341539114013501,USGS-341539114013501,2026-03-12T16:18:00Z,2026-03-12,80,7.9,7
341540114014301,USGS-341540114014301,2026-03-12T16:35:00Z,2026-03-12,80,8.09,6
341618114024701,USGS-341618114024701,2026-03-12T17:30:00Z,2026-03-12,80,11.06,7
341635114025301,USGS-341635114025301,2026-03-12T18:05:00Z,2026-03-12,80,4.02,5
341647114035301,USGS-341647114035301,2026-03-12T14:30:00Z,2026-03-12,80,6,5
341657114031701,USGS-341657114031701,2026-03-12T19:05:00Z,2026-03-12,80,5.75,5
381940115413401,USGS-381940115413401,2026-03-12T20:31:00Z,2026-03-12,80,56.52,10
382404115355601,USGS-382404115355601,2026-03-12T21:12:00Z,2026-03-12,80,9.88,4
382511115281901,USGS-382511115281901,2026-03-12T22:35:00Z,2026-03-12,80,48.1,4
382855115321801,USGS-382855115321801,2026-03-12T21:38:00Z,2026-03-12,80,122.5,7
383111115174001,USGS-383111115174001,2026-03-12T18:19:00Z,2026-03-12,80,2.28,2
383151115182201,USGS-383151115182201,2026-03-12T18:19:00Z,2026-03-12,80,0.98,2
383317115462601,USGS-383317115462601,2026-03-12T18:40:00Z,2026-03-12,80,13.12,7
383730115352501,USGS-383730115352501,2026-03-12T17:15:00Z,2026-03-12,80,0.61,1
383836115295701,USGS-383836115295701,2026-03-12T16:20:00Z,2026-03-12,80,51.29,4
384218115323101,USGS-384218115323101,2026-03-12T17:50:00Z,2026-03-12,80,70.15,1
384342115283501,USGS-384342115283501,2026-03-12T15:41:00Z,2026-03-12,80,297.29,1
384347115163901,USGS-384347115163901,2026-03-12T17:36:00Z,2026-03-12,80,173.37,1
384417115301401,USGS-384417115301401,2026-03-12T17:09:00Z,2026-03-12,80,184.48,1
391447119485801,USGS-391447119485801,2026-03-12T17:13:00Z,2026-03-12,80,-1.61,1
391458119493801,USGS-391458119493801,2026-03-12T17:45:00Z,2026-03-12,80,8.28,1
391618119502701,USGS-391618119502701,2026-03-12T18:15:00Z,2026-03-12,80,11.61,1
391721119455701,USGS-391721119455701,2026-03-12T18:35:00Z,2026-03-12,80,82.54,1
391812119224001,USGS-391812119224001,2026-03-12T22:18:00Z,2026-03-12,80,64.79,1
392112119215801,USGS-392112119215801,2026-03-12T20:38:00Z,2026-03-12,80,73.1,1
392129119205301,USGS-392129119205301,2026-03-12T19:48:00Z,2026-03-12,80,NA,1
392132119232501,USGS-392132119232501,2026-03-12T21:08:00Z,2026-03-12,80,71.75,1
392140119235801,USGS-392140119235801,2026-03-12T22:49:00Z,2026-03-12,80,92.12,1
410208119571301,USGS-410208119571301,2026-03-12T01:41:00Z,2026-03-12,80,40.07,1
335531116510401,USGS-335531116510401,2026-03-11T16:21:00Z,2026-03-11,81,571.9,8
335531116510402,USGS-335531116510402,2026-03-11T16:39:00Z,2026-03-11,81,570.22,8
335531116510403,USGS-335531116510403,2026-03-11T16:47:00Z,2026-03-11,81,569.45,8
335531116510404,USGS-335531116510404,2026-03-11T16:54:00Z,2026-03-11,81,569.31,8
335714116565001,USGS-335714116565001,2026-03-11T00:47:00Z,2026-03-11,81,563.5,8
335714116565002,USGS-335714116565002,2026-03-11T01:02:00Z,2026-03-11,81,563.7,8
335714116565003,USGS-335714116565003,2026-03-11T01:16:00Z,2026-03-11,81,564.13,8
335714116565004,USGS-335714116565004,2026-03-11T01:30:00Z,2026-03-11,81,NA,8
342455119405603,USGS-342455119405603,2026-03-11T17:32:00Z,2026-03-11,81,-7.26,6
373745118554001,USGS-373745118554001,2026-03-11T19:30:00Z,2026-03-11,81,114.79,7
373930118491602,USGS-373930118491602,2026-03-11T17:25:00Z,2026-03-11,81,74.22,8
380120116031201,USGS-380120116031201,2026-03-11T15:10:00Z,2026-03-11,81,124.74,1
380202116010701,USGS-380202116010701,2026-03-11T14:39:00Z,2026-03-11,81,140,2
380228116010801,USGS-380228116010801,2026-03-11T14:26:00Z,2026-03-11,81,143.28,1
381421115315501,USGS-381421115315501,2026-03-11T16:54:00Z,2026-03-11,81,61.1,5
381427115470801,USGS-381427115470801,2026-03-11T17:00:00Z,2026-03-11,81,61.75,1
381430115283901,USGS-381430115283901,2026-03-11T19:42:00Z,2026-03-11,81,68.15,5
381444115301201,USGS-381444115301201,2026-03-11T19:17:00Z,2026-03-11,81,57.54,5
381453115325601,USGS-381453115325601,2026-03-11T17:23:00Z,2026-03-11,81,47.32,4
381459115470801,USGS-381459115470801,2026-03-11T17:09:00Z,2026-03-11,81,42.91,1
381505115464901,USGS-381505115464901,2026-03-11T18:50:00Z,2026-03-11,81,42.17,1
381506115490801,USGS-381506115490801,2026-03-11T17:43:00Z,2026-03-11,81,62.22,5
381517115484701,USGS-381517115484701,2026-03-11T17:31:00Z,2026-03-11,81,57.32,1
381519115473901,USGS-381519115473901,2026-03-11T17:14:00Z,2026-03-11,81,43.6,4
381523115470601,USGS-381523115470601,2026-03-11T18:34:00Z,2026-03-11,81,40.27,1
381528115321901,USGS-381528115321901,2026-03-11T18:17:00Z,2026-03-11,81,43.32,1
381547115470601,USGS-381547115470601,2026-03-11T18:26:00Z,2026-03-11,81,37.63,1
381651115405901,USGS-381651115405901,2026-03-11T20:40:00Z,2026-03-11,81,198.84,5
382033118315501,USGS-382033118315501,2026-03-11T16:05:00Z,2026-03-11,81,101.84,1
382719115035101,USGS-382719115035101,2026-03-11T22:30:00Z,2026-03-11,81,61.21,1
383023116012201,USGS-383023116012201,2026-03-11T00:50:00Z,2026-03-11,81,490.36,9
383100118330001,USGS-383100118330001,2026-03-11T18:52:00Z,2026-03-11,81,256.59,1
383127116014001,USGS-383127116014001,2026-03-11T00:20:00Z,2026-03-11,81,465.83,8
383150118380001,USGS-383150118380001,2026-03-11T17:17:00Z,2026-03-11,81,219.42,1
383348115313701,USGS-383348115313701,2026-03-11T22:00:00Z,2026-03-11,81,4.93,1
383440118365001,USGS-383440118365001,2026-03-11T18:18:00Z,2026-03-11,81,64.89,1
384002115213601,USGS-384002115213601,2026-03-11T20:44:00Z,2026-03-11,81,38.83,6
384036115305001,USGS-384036115305001,2026-03-11T23:01:00Z,2026-03-11,81,126.77,1
384557119190401,USGS-384557119190401,2026-03-11T21:30:00Z,2026-03-11,81,138.61,1
384619119192301,USGS-384619119192301,2026-03-11T21:50:00Z,2026-03-11,81,115.54,1
384627115085201,USGS-384627115085201,2026-03-11T23:07:00Z,2026-03-11,81,43.15,1
384942119100801,USGS-384942119100801,2026-03-11T20:46:00Z,2026-03-11,81,104.84,1
385226115124201,USGS-385226115124201,2026-03-11T00:12:00Z,2026-03-11,81,107.63,1
385314119205901,USGS-385314119205901,2026-03-11T22:23:00Z,2026-03-11,81,11.99,1
385332119441501,USGS-385332119441501,2026-03-11T22:10:00Z,2026-03-11,81,99.1,7
385834119464101,USGS-385834119464101,2026-03-11T22:35:00Z,2026-03-11,81,4.8,8
390122119424701,USGS-390122119424701,2026-03-11T16:05:00Z,2026-03-11,81,45.75,9
390156119435801,USGS-390156119435801,2026-03-11T21:21:00Z,2026-03-11,81,25.39,9
390208119444601,USGS-390208119444601,2026-03-11T21:08:00Z,2026-03-11,81,5.94,9
390222119423001,USGS-390222119423001,2026-03-11T21:31:00Z,2026-03-11,81,165.13,9
390235115060101,USGS-390235115060101,2026-03-11T00:34:00Z,2026-03-11,81,179.38,1
390606115134401,USGS-390606115134401,2026-03-11T19:01:00Z,2026-03-11,81,NA,1
390706115341601,USGS-390706115341601,2026-03-11T19:21:00Z,2026-03-11,81,45.66,6
390730115382301,USGS-390730115382301,2026-03-11T18:52:00Z,2026-03-11,81,156.82,4
390730115382501,USGS-390730115382501,2026-03-11T18:41:00Z,2026-03-11,81,157.11,4
391812115390501,USGS-391812115390501,2026-03-11T17:24:00Z,2026-03-11,81,311.89,6
412250119475801,USGS-412250119475801,2026-03-11T22:04:00Z,2026-03-11,81,163.95,1
413630119520001,USGS-413630119520001,2026-03-11T21:52:00Z,2026-03-11,81,14.09,1
335423116455301,USGS-335423116455301,2026-03-10T19:50:00Z,2026-03-10,82,381.82,8
335423116455302,USGS-335423116455302,2026-03-10T20:05:00Z,2026-03-10,82,NA,8
335423116455303,USGS-335423116455303,2026-03-10T20:15:00Z,2026-03-10,82,NA,8
335513116490601,USGS-335513116490601,2026-03-10T22:32:00Z,2026-03-10,82,439.03,10
335513116490602,USGS-335513116490602,2026-03-10T22:39:00Z,2026-03-10,82,461.47,10
335513116490603,USGS-335513116490603,2026-03-10T22:49:00Z,2026-03-10,82,463.76,9
335513116490604,USGS-335513116490604,2026-03-10T22:56:00Z,2026-03-10,82,466.1,10
335525116410201,USGS-335525116410201,2026-03-10T16:49:00Z,2026-03-10,82,416.72,8
335525116410202,USGS-335525116410202,2026-03-10T17:01:00Z,2026-03-10,82,415.04,8
335525116410203,USGS-335525116410203,2026-03-10T17:15:00Z,2026-03-10,82,412.77,8
335525116410204,USGS-335525116410204,2026-03-10T17:52:00Z,2026-03-10,82,411.6,8
335530116413701,USGS-335530116413701,2026-03-10T18:21:00Z,2026-03-10,82,217.43,8
335530116413702,USGS-335530116413702,2026-03-10T18:26:00Z,2026-03-10,82,279.91,8
335530116413703,USGS-335530116413703,2026-03-10T18:31:00Z,2026-03-10,82,283.64,8
335530116413704,USGS-335530116413704,2026-03-10T18:38:00Z,2026-03-10,82,299.12,8
335534116441501,USGS-335534116441501,2026-03-10T19:03:00Z,2026-03-10,82,389.62,8
335534116441502,USGS-335534116441502,2026-03-10T19:08:00Z,2026-03-10,82,389.73,8
335534116441503,USGS-335534116441503,2026-03-10T19:14:00Z,2026-03-10,82,389.79,8
341509114002001,USGS-341509114002001,2026-03-10T19:30:00Z,2026-03-10,82,6.25,4
342455119412401,USGS-342455119412401,2026-03-10T18:03:00Z,2026-03-10,82,0.52,8
342455119412403,USGS-342455119412403,2026-03-10T18:14:00Z,2026-03-10,82,-16.15,8
363451115403302,USGS-363451115403302,2026-03-10T16:06:00Z,2026-03-10,82,43.75,3
382901116125201,USGS-382901116125201,2026-03-10T01:22:00Z,2026-03-10,82,235.14,9
383510116112900,USGS-383510116112900,2026-03-10T00:10:00Z,2026-03-10,82,327.9,5
384048114341001,USGS-384048114341001,2026-03-10T19:47:00Z,2026-03-10,82,136.61,4
384335115173401,USGS-384335115173401,2026-03-10T00:32:00Z,2026-03-10,82,72.06,5
384343115174001,USGS-384343115174001,2026-03-10T00:19:00Z,2026-03-10,82,76.25,4
384426115283101,USGS-384426115283101,2026-03-10T23:35:00Z,2026-03-10,82,293.35,1
384432115281901,USGS-384432115281901,2026-03-10T14:54:00Z,2026-03-10,82,303.44,5
384555115291501,USGS-384555115291501,2026-03-10T15:56:00Z,2026-03-10,82,243,1
384557115292701,USGS-384557115292701,2026-03-10T17:23:00Z,2026-03-10,82,262.65,4
384604115291701,USGS-384604115291701,2026-03-10T15:29:00Z,2026-03-10,82,289.87,4
384854116042401,USGS-384854116042401,2026-03-10T22:41:00Z,2026-03-10,82,500.88,1
384917119463101,USGS-384917119463101,2026-03-10T18:58:00Z,2026-03-10,82,25.26,8
384920115343001,USGS-384920115343001,2026-03-10T22:48:00Z,2026-03-10,82,161.17,10
385020115232701,USGS-385020115232701,2026-03-10T17:31:00Z,2026-03-10,82,61.69,1
385045115391201,USGS-385045115391201,2026-03-10T19:40:00Z,2026-03-10,82,23.8,1
385045115391202,USGS-385045115391202,2026-03-10T19:35:00Z,2026-03-10,82,26.77,1
385048115382101,USGS-385048115382101,2026-03-10T18:46:00Z,2026-03-10,82,65.11,4
385106115386001,USGS-385106115386001,2026-03-10T19:08:00Z,2026-03-10,82,93.28,4
385209115394801,USGS-385209115394801,2026-03-10T20:00:00Z,2026-03-10,82,7.83,1
385251115400601,USGS-385251115400601,2026-03-10T20:20:00Z,2026-03-10,82,25.18,4
385304119460601,USGS-385304119460601,2026-03-10T19:25:00Z,2026-03-10,82,1.62,9
385326115404601,USGS-385326115404601,2026-03-10T22:30:00Z,2026-03-10,82,11.43,1
385357119404701,USGS-385357119404701,2026-03-10T22:26:00Z,2026-03-10,82,151.67,8
385419115402101,USGS-385419115402101,2026-03-10T22:06:00Z,2026-03-10,82,166.45,6
385452119464101,USGS-385452119464101,2026-03-10T18:38:00Z,2026-03-10,82,2.84,9
385507119370301,USGS-385507119370301,2026-03-10T19:07:00Z,2026-03-10,82,42.42,3
385521115432201,USGS-385521115432201,2026-03-10T21:38:00Z,2026-03-10,82,12.14,1
385601119402901,USGS-385601119402901,2026-03-10T18:24:00Z,2026-03-10,82,22.19,3
385606115432801,USGS-385606115432801,2026-03-10T21:24:00Z,2026-03-10,82,9.36,1
385609119392201,USGS-385609119392201,2026-03-10T18:33:00Z,2026-03-10,82,24.08,3
385612119382701,USGS-385612119382701,2026-03-10T18:55:00Z,2026-03-10,82,16.85,3
385612119464101,USGS-385612119464101,2026-03-10T18:15:00Z,2026-03-10,82,5.23,9
385612119464401,USGS-385612119464401,2026-03-10T18:05:00Z,2026-03-10,82,7.52,8
385637119504101,USGS-385637119504101,2026-03-10T19:50:00Z,2026-03-10,82,33.3,9
385657119385801,USGS-385657119385801,2026-03-10T21:43:00Z,2026-03-10,82,50.37,9
385658119432001,USGS-385658119432001,2026-03-10T20:45:00Z,2026-03-10,82,29.09,9
385724119382301,USGS-385724119382301,2026-03-10T22:00:00Z,2026-03-10,82,77.48,9
385729119414501,USGS-385729119414501,2026-03-10T21:06:00Z,2026-03-10,82,134.07,9
385742119453101,USGS-385742119453101,2026-03-10T20:26:00Z,2026-03-10,82,11.35,9
390753116051701,USGS-390753116051701,2026-03-10T20:56:00Z,2026-03-10,82,382.83,2
391037116040001,USGS-391037116040001,2026-03-10T20:14:00Z,2026-03-10,82,345.7,4
391304116012801,USGS-391304116012801,2026-03-10T19:33:00Z,2026-03-10,82,74.74,2
391304116012802,USGS-391304116012802,2026-03-10T19:37:00Z,2026-03-10,82,75.16,3
391327116004701,USGS-391327116004701,2026-03-10T19:00:00Z,2026-03-10,82,66.19,2
391608115593001,USGS-391608115593001,2026-03-10T17:34:00Z,2026-03-10,82,7.48,3
392200115511601,USGS-392200115511601,2026-03-10T16:13:00Z,2026-03-10,82,54.43,1
392218115472801,USGS-392218115472801,2026-03-10T15:42:00Z,2026-03-10,82,71.13,1
395357119333401,USGS-395357119333401,2026-03-10T23:30:00Z,2026-03-10,82,17.26,1
400507119560001,USGS-400507119560001,2026-03-10T19:55:00Z,2026-03-10,82,195.78,1
400849119485301,USGS-400849119485301,2026-03-10T19:05:00Z,2026-03-10,82,214.56,1
401138119472301,USGS-401138119472301,2026-03-10T18:15:00Z,2026-03-10,82,64.22,1
401245119374401,USGS-401245119374401,2026-03-10T21:20:00Z,2026-03-10,82,21.66,1
401352119380201,USGS-401352119380201,2026-03-10T21:40:00Z,2026-03-10,82,19.69,1
401443119381201,USGS-401443119381201,2026-03-10T22:05:00Z,2026-03-10,82,29.22,1
403200119490001,USGS-403200119490001,2026-03-10T22:53:00Z,2026-03-10,82,54.02,1
405208119161501,USGS-405208119161501,2026-03-10T20:23:00Z,2026-03-10,82,NA,1
405208119161502,USGS-405208119161502,2026-03-10T20:30:00Z,2026-03-10,82,21.84,1
405239119152901,USGS-405239119152901,2026-03-10T20:07:00Z,2026-03-10,82,NA,1
410806117353501,USGS-410806117353501,2026-03-10T15:24:00Z,2026-03-10,82,47.89,1
412421117303301,USGS-412421117303301,2026-03-10T01:53:00Z,2026-03-10,82,9.28,1
413300117494001,USGS-413300117494001,2026-03-10T00:57:00Z,2026-03-10,82,139.28,1
342455119412402,USGS-342455119412402,2026-03-09T21:31:00Z,2026-03-09,83,0.15,8
342506119412202,USGS-342506119412202,2026-03-09T17:28:00Z,2026-03-09,83,-24.07,2
375829116230401,USGS-375829116230401,2026-03-09T21:36:00Z,2026-03-09,83,1.72,1
382022116183301,USGS-382022116183301,2026-03-09T22:50:00Z,2026-03-09,83,174.66,5
382516115425201,USGS-382516115425201,2026-03-09T20:41:00Z,2026-03-09,83,72.56,5
385657115431001,USGS-385657115431001,2026-03-09T22:14:00Z,2026-03-09,83,22.84,1
385721115430301,USGS-385721115430301,2026-03-09T22:28:00Z,2026-03-09,83,32.4,4
385727115430301,USGS-385727115430301,2026-03-09T22:36:00Z,2026-03-09,83,41.28,1
385735115421401,USGS-385735115421401,2026-03-09T21:29:00Z,2026-03-09,83,29.84,1
385745115425801,USGS-385745115425801,2026-03-09T22:50:00Z,2026-03-09,83,60.37,1
385746115421401,USGS-385746115421401,2026-03-09T21:15:00Z,2026-03-09,83,48.93,1
391110115511301,USGS-391110115511301,2026-03-09T19:46:00Z,2026-03-09,83,7.08,7
391135115512401,USGS-391135115512401,2026-03-09T19:53:00Z,2026-03-09,83,16.17,7
391705118465403,USGS-391705118465403,2026-03-09T18:10:00Z,2026-03-09,83,32.7,4
391817115560701,USGS-391817115560701,2026-03-09T19:15:00Z,2026-03-09,83,124.09,2
392008118465501,USGS-392008118465501,2026-03-09T17:56:00Z,2026-03-09,83,8.1,4
392316118390001,USGS-392316118390001,2026-03-09T20:08:00Z,2026-03-09,83,10.34,4
392407118392301,USGS-392407118392301,2026-03-09T19:59:00Z,2026-03-09,83,13.1,4
392632118445201,USGS-392632118445201,2026-03-09T18:49:00Z,2026-03-09,83,3.72,4
392722118464701,USGS-392722118464701,2026-03-09T17:33:00Z,2026-03-09,83,42.9,8
392722118464702,USGS-392722118464702,2026-03-09T17:36:00Z,2026-03-09,83,40.87,8
392824118464201,USGS-392824118464201,2026-03-09T19:22:00Z,2026-03-09,83,44.75,8
392824118464202,USGS-392824118464202,2026-03-09T19:24:00Z,2026-03-09,83,33.84,8
392828118361201,USGS-392828118361201,2026-03-09T20:34:00Z,2026-03-09,83,9.34,5
392828118361202,USGS-392828118361202,2026-03-09T20:36:00Z,2026-03-09,83,9.34,5
392828118534901,USGS-392828118534901,2026-03-09T17:05:00Z,2026-03-09,83,17.24,7
392948118561101,USGS-392948118561101,2026-03-09T16:44:00Z,2026-03-09,83,11.27,8
393021118571001,USGS-393021118571001,2026-03-09T16:29:00Z,2026-03-09,83,51.98,8
393052118333501,USGS-393052118333501,2026-03-09T21:01:00Z,2026-03-09,83,5.69,3
393106118305301,USGS-393106118305301,2026-03-09T21:12:00Z,2026-03-09,83,6.22,5
393311118304703,USGS-393311118304703,2026-03-09T21:21:00Z,2026-03-09,83,4,5
393737119411501,USGS-393737119411501,2026-03-09T20:05:00Z,2026-03-09,83,3.75,1
393743119413601,USGS-393743119413601,2026-03-09T20:30:00Z,2026-03-09,83,11.33,1
393744119435101,USGS-393744119435101,2026-03-09T17:40:00Z,2026-03-09,83,61.18,1
393927119401301,USGS-393927119401301,2026-03-09T19:15:00Z,2026-03-09,83,235.96,1
394032119414601,USGS-394032119414601,2026-03-09T18:30:00Z,2026-03-09,83,88.17,1
404126117434101,USGS-404126117434101,2026-03-09T22:58:00Z,2026-03-09,83,NA,1
404138117441501,USGS-404138117441501,2026-03-09T22:26:00Z,2026-03-09,83,NA,1
343419118044401,USGS-343419118044401,2026-03-07T18:20:00Z,2026-03-07,85,225.82,3
344124118002101,USGS-344124118002101,2026-03-07T00:01:00Z,2026-03-07,85,259.47,2
343205117525801,USGS-343205117525801,2026-03-06T17:30:00Z,2026-03-06,86,73.8,3
343939117573501,USGS-343939117573501,2026-03-06T18:40:00Z,2026-03-06,86,334.32,2
344005118034401,USGS-344005118034401,2026-03-06T00:39:00Z,2026-03-06,86,302.5,2
344029117573601,USGS-344029117573601,2026-03-06T20:06:00Z,2026-03-06,86,324.36,2
344147118001301,USGS-344147118001301,2026-03-06T21:50:00Z,2026-03-06,86,186.52,2
344152118022701,USGS-344152118022701,2026-03-06T23:40:00Z,2026-03-06,86,239.19,2
344310117593001,USGS-344310117593001,2026-03-06T21:22:00Z,2026-03-06,86,196.29,2
344338118022501,USGS-344338118022501,2026-03-06T23:05:00Z,2026-03-06,86,153.64,2
344342117580301,USGS-344342117580301,2026-03-06T20:58:00Z,2026-03-06,86,192.51,2
343557117554801,USGS-343557117554801,2026-03-05T19:47:00Z,2026-03-05,87,166.65,3
343726117514501,USGS-343726117514501,2026-03-05T00:54:00Z,2026-03-05,87,165.43,5
343820117570501,USGS-343820117570501,2026-03-05T18:15:00Z,2026-03-05,87,268.41,1
343824117493801,USGS-343824117493801,2026-03-05T20:38:00Z,2026-03-05,87,182.04,3
343909118053601,USGS-343909118053601,2026-03-05T23:49:00Z,2026-03-05,87,361.76,2
344044117552901,USGS-344044117552901,2026-03-05T21:45:00Z,2026-03-05,87,313.13,2
343448117501601,USGS-343448117501601,2026-03-04T23:10:00Z,2026-03-04,88,63.18,3
343450117522501,USGS-343450117522501,2026-03-04T22:52:00Z,2026-03-04,88,22.79,3
343503117431501,USGS-343503117431501,2026-03-04T23:53:00Z,2026-03-04,88,86.38,3
343515117495201,USGS-343515117495201,2026-03-04T23:25:00Z,2026-03-04,88,47.45,3
343522118095701,USGS-343522118095701,2026-03-04T17:01:00Z,2026-03-04,88,259.35,3
343546118091601,USGS-343546118091601,2026-03-04T01:00:00Z,2026-03-04,88,477.37,3
343546118091602,USGS-343546118091602,2026-03-04T01:18:00Z,2026-03-04,88,NA,2
343546118091603,USGS-343546118091603,2026-03-04T01:27:00Z,2026-03-04,88,NA,2
343546118091604,USGS-343546118091604,2026-03-04T01:34:00Z,2026-03-04,88,NA,2
343813117570201,USGS-343813117570201,2026-03-04T18:36:00Z,2026-03-04,88,222.5,3
364656116261601,USGS-364656116261601,2026-03-04T21:17:00Z,2026-03-04,88,1130.99,2
364945116235001,USGS-364945116235001,2026-03-04T20:39:00Z,2026-03-04,88,993.78,4
365032116243501,USGS-365032116243501,2026-03-04T20:23:00Z,2026-03-04,88,1134.52,5
365116116233801,USGS-365116116233801,2026-03-04T19:30:00Z,2026-03-04,88,1159.61,4
365239116253401,USGS-365239116253401,2026-03-04T19:56:00Z,2026-03-04,88,1538.26,3
365624116222901,USGS-365624116222901,2026-03-04T18:06:00Z,2026-03-04,88,54.31,7
400412116160701,USGS-400412116160701,2026-03-04T16:51:00Z,2026-03-04,88,6.15,4
400426116120601,USGS-400426116120601,2026-03-04T15:17:00Z,2026-03-04,88,72.57,3
400645116163101,USGS-400645116163101,2026-03-04T16:22:00Z,2026-03-04,88,13.56,4
401111116115101,USGS-401111116115101,2026-03-04T15:48:00Z,2026-03-04,88,4.15,5
401243116045201,USGS-401243116045201,2026-03-04T17:54:00Z,2026-03-04,88,39.19,4
401725116041401,USGS-401725116041401,2026-03-04T18:24:00Z,2026-03-04,88,23.65,4
401804116140501,USGS-401804116140501,2026-03-04T01:20:00Z,2026-03-04,88,72.05,4
401850116152801,USGS-401850116152801,2026-03-04T00:51:00Z,2026-03-04,88,159.8,4
342631117445101,USGS-342631117445101,2026-03-03T18:52:00Z,2026-03-03,89,128.92,3
342706118114501,USGS-342706118114501,2026-03-03T23:51:00Z,2026-03-03,89,25.47,3
342713117453001,USGS-342713117453001,2026-03-03T17:45:00Z,2026-03-03,89,258.24,3
343051117563001,USGS-343051117563001,2026-03-03T16:45:00Z,2026-03-03,89,270.1,3
343155117501001,USGS-343155117501001,2026-03-03T19:35:00Z,2026-03-03,89,162.2,3
343328117495001,USGS-343328117495001,2026-03-03T20:01:00Z,2026-03-03,89,119.18,3
343356117500701,USGS-343356117500701,2026-03-03T20:24:00Z,2026-03-03,89,89.34,3
400540116100001,USGS-400540116100001,2026-03-03T01:56:00Z,2026-03-03,89,343.6,5
400547116192701,USGS-400547116192701,2026-03-03T01:24:00Z,2026-03-03,89,5.02,4
401021116285601,USGS-401021116285601,2026-03-03T00:33:00Z,2026-03-03,89,5.76,4
402215116075001,USGS-402215116075001,2026-03-03T23:07:00Z,2026-03-03,89,54.45,4
402220116080501,USGS-402220116080501,2026-03-03T22:57:00Z,2026-03-03,89,48.89,4
402320116040901,USGS-402320116040901,2026-03-03T22:20:00Z,2026-03-03,89,155.77,4
402402116073501,USGS-402402116073501,2026-03-03T21:30:00Z,2026-03-03,89,-47.08,4
402521116070001,USGS-402521116070001,2026-03-03T21:06:00Z,2026-03-03,89,19.14,4
402554116061601,USGS-402554116061601,2026-03-03T20:28:00Z,2026-03-03,89,39.1,4
402606116072702,USGS-402606116072702,2026-03-03T20:48:00Z,2026-03-03,89,15.01,4
402751116050401,USGS-402751116050401,2026-03-03T19:15:00Z,2026-03-03,89,85.73,4
402848116074701,USGS-402848116074701,2026-03-03T17:30:00Z,2026-03-03,89,22.04,4
402908116070801,USGS-402908116070801,2026-03-03T18:17:00Z,2026-03-03,89,37.56,4
403713116102501,USGS-403713116102501,2026-03-03T16:18:00Z,2026-03-03,89,215.15,4
343404117593101,USGS-343404117593101,2026-03-02T19:42:00Z,2026-03-02,90,106.24,5
343513117581001,USGS-343513117581001,2026-03-02T21:05:00Z,2026-03-02,90,165.11,3
343515117575601,USGS-343515117575601,2026-03-02T20:39:00Z,2026-03-02,90,168.13,3
343515118101401,USGS-343515118101401,2026-03-02T23:22:00Z,2026-03-02,90,94.59,3
343526118095501,USGS-343526118095501,2026-03-02T18:09:00Z,2026-03-02,90,319.63,3
343822118051901,USGS-343822118051901,2026-03-02T15:41:00Z,2026-03-02,90,384.56,3
364805115580801,USGS-364805115580801,2026-03-02T16:54:00Z,2026-03-02,90,688.86,8
364915115574101,USGS-364915115574101,2026-03-02T17:35:00Z,2026-03-02,90,706.82,5
365223115561801,USGS-365223115561801,2026-03-02T18:10:00Z,2026-03-02,90,961.2,9
365418116012601,USGS-365418116012601,2026-03-02T16:16:00Z,2026-03-02,90,841.35,8
394654116073801,USGS-394654116073801,2026-03-02T19:58:00Z,2026-03-02,90,22.85,3
395125116101701,USGS-395125116101701,2026-03-02T20:25:00Z,2026-03-02,90,8.3,5
395330116122001,USGS-395330116122001,2026-03-02T21:14:00Z,2026-03-02,90,14.72,4
395619116244201,USGS-395619116244201,2026-03-02T22:35:00Z,2026-03-02,90,23.71,4
400015116142501,USGS-400015116142501,2026-03-02T22:00:00Z,2026-03-02,90,131.09,4
400406116285301,USGS-400406116285301,2026-03-02T23:34:00Z,2026-03-02,90,158.33,6
340655117184003,USGS-340655117184003,2026-02-26T16:28:00Z,2026-02-26,94,21.67,1
365023116271801,USGS-365023116271801,2026-02-24T21:22:00Z,2026-02-24,96,1870.05,2
365032116265402,USGS-365032116265402,2026-02-24T20:46:00Z,2026-02-24,96,1698.8,2
365032116265403,USGS-365032116265403,2026-02-24T20:58:00Z,2026-02-24,96,1698.5,2
365140116260301,USGS-365140116260301,2026-02-24T19:09:00Z,2026-02-24,96,1436.7,2
365157116271203,USGS-365157116271203,2026-02-24T18:03:00Z,2026-02-24,96,1785.65,2
365157116271204,USGS-365157116271204,2026-02-24T18:16:00Z,2026-02-24,96,1875.68,2
365157116271205,USGS-365157116271205,2026-02-24T18:35:00Z,2026-02-24,96,1874.94,2
365322116273501,USGS-365322116273501,2026-02-24T19:38:00Z,2026-02-24,96,1751.36,2
365340116264601,USGS-365340116264601,2026-02-24T22:00:00Z,2026-02-24,96,928.8,3
393544116084801,USGS-393544116084801,2026-02-20T15:04:00Z,2026-02-20,100,18.56,6
362409116195401,USGS-362409116195401,2026-02-19T21:08:00Z,2026-02-19,101,2.36,5
362416116194701,USGS-362416116194701,2026-02-19T19:40:00Z,2026-02-19,101,4.3,5
393727116160601,USGS-393727116160601,2026-02-19T17:48:00Z,2026-02-19,101,10.37,3
371335113595401,USGS-371335113595401,2026-02-17T17:02:00Z,2026-02-17,103,17.75,2
371806113595201,USGS-371806113595201,2026-02-17T17:50:00Z,2026-02-17,103,11.32,2
351303119251401,USGS-351303119251401,2026-02-14T01:42:00Z,2026-02-14,106,188.3,10
351303119251402,USGS-351303119251402,2026-02-14T01:49:00Z,2026-02-14,106,246.1,9
351303119251403,USGS-351303119251403,2026-02-14T01:57:00Z,2026-02-14,106,247.76,9
351303119251404,USGS-351303119251404,2026-02-14T02:05:00Z,2026-02-14,106,253.19,9
351303119251405,USGS-351303119251405,2026-02-14T02:13:00Z,2026-02-14,106,257.51,9
350751119241101,USGS-350751119241101,2026-02-13T17:12:00Z,2026-02-13,107,378.41,12
350751119241102,USGS-350751119241102,2026-02-13T17:48:00Z,2026-02-13,107,378.37,11
350751119241103,USGS-350751119241103,2026-02-13T17:57:00Z,2026-02-13,107,109.34,11
353229119050604,USGS-353229119050604,2026-02-13T01:52:00Z,2026-02-13,107,416.12,9
361515116100901,USGS-361515116100901,2026-02-13T17:52:00Z,2026-02-13,107,39.76,6
362417116163600,USGS-362417116163600,2026-02-13T22:47:00Z,2026-02-13,107,6.93,6
362432116165701,USGS-362432116165701,2026-02-13T23:22:00Z,2026-02-13,107,20.22,6
362529116160501,USGS-362529116160501,2026-02-13T22:00:00Z,2026-02-13,107,74.13,6
362555116205301,USGS-362555116205301,2026-02-13T21:07:00Z,2026-02-13,107,15.87,6
353049119434101,USGS-353049119434101,2026-02-12T16:39:00Z,2026-02-12,108,698.69,9
353049119434102,USGS-353049119434102,2026-02-12T16:52:00Z,2026-02-12,108,530.73,9
353049119434103,USGS-353049119434103,2026-02-12T17:10:00Z,2026-02-12,108,531.17,9
353049119434104,USGS-353049119434104,2026-02-12T17:18:00Z,2026-02-12,108,213.61,9
353049119434105,USGS-353049119434105,2026-02-12T17:28:00Z,2026-02-12,108,154.54,9
353229119050601,USGS-353229119050601,2026-02-12T18:54:00Z,2026-02-12,108,846.2,10
353229119050602,USGS-353229119050602,2026-02-12T19:19:00Z,2026-02-12,108,723.49,9
353229119050603,USGS-353229119050603,2026-02-12T19:40:00Z,2026-02-12,108,627.25,9
354048119445001,USGS-354048119445001,2026-02-12T00:05:00Z,2026-02-12,108,226.66,9
354048119445002,USGS-354048119445002,2026-02-12T00:11:00Z,2026-02-12,108,281.39,9
354048119445003,USGS-354048119445003,2026-02-12T00:21:00Z,2026-02-12,108,300.59,9
354048119445004,USGS-354048119445004,2026-02-12T00:50:00Z,2026-02-12,108,284.65,9
354048119445005,USGS-354048119445005,2026-02-12T01:01:00Z,2026-02-12,108,51.21,9
364757116245801,USGS-364757116245801,2026-02-10T19:59:00Z,2026-02-10,110,984.02,5
364822116262601,USGS-364822116262601,2026-02-10T19:34:00Z,2026-02-10,110,1291.92,2
364916116265601,USGS-364916116265601,2026-02-10T19:05:00Z,2026-02-10,110,1542.41,2
364942116280006,USGS-364942116280006,2026-02-10T17:23:00Z,2026-02-10,110,2462.25,2
364942116280007,USGS-364942116280007,2026-02-10T17:43:00Z,2026-02-10,110,2462.05,2
365122116275502,USGS-365122116275502,2026-02-10T18:15:00Z,2026-02-10,110,2305.26,2
365122116275503,USGS-365122116275503,2026-02-10T18:31:00Z,2026-02-10,110,2304.12,2
364825116290501,USGS-364825116290501,2026-02-09T20:24:00Z,2026-02-09,111,1137.76,3
364933116285701,USGS-364933116285701,2026-02-09T18:43:00Z,2026-02-09,111,1378.72,4
365049116285504,USGS-365049116285504,2026-02-09T19:16:00Z,2026-02-09,111,1722.78,2
365049116285505,USGS-365049116285505,2026-02-09T19:27:00Z,2026-02-09,111,1723.03,2
365325120391504,USGS-365325120391504,2026-02-06T20:53:00Z,2026-02-06,114,131.28,8
365325120391505,USGS-365325120391505,2026-02-06T20:29:00Z,2026-02-06,114,159.75,8
353328119144403,USGS-353328119144403,2026-02-04T22:11:00Z,2026-02-04,116,417.18,2
353328119144404,USGS-353328119144404,2026-02-04T22:22:00Z,2026-02-04,116,416.5,2
353328119144405,USGS-353328119144405,2026-02-04T22:34:00Z,2026-02-04,116,417.11,2
353328119144406,USGS-353328119144406,2026-02-04T22:45:00Z,2026-02-04,116,416.97,2
355933119062001,USGS-355933119062001,2026-02-04T19:45:00Z,2026-02-04,116,295.5,8
361334120035101,USGS-361334120035101,2026-02-04T17:16:00Z,2026-02-04,116,293.82,7
371106116110401,USGS-371106116110401,2026-02-04T20:22:00Z,2026-02-04,116,1526.32,8
364358120314906,USGS-364358120314906,2026-02-03T23:38:00Z,2026-02-03,117,321.34,7
364518120222001,USGS-364518120222001,2026-02-03T22:19:00Z,2026-02-03,117,150.71,8
364536120184301,USGS-364536120184301,2026-02-03T21:05:00Z,2026-02-03,117,50.62,7
324216115051101,USGS-324216115051101,2026-01-29T00:24:00Z,2026-01-29,122,62.37,3
324325114461001,USGS-324325114461001,2026-01-28T17:14:00Z,2026-01-28,123,96.33,3
324459114521701,USGS-324459114521701,2026-01-28T18:21:00Z,2026-01-28,123,87.62,5
324525114500701,USGS-324525114500701,2026-01-28T00:36:00Z,2026-01-28,123,117.53,2
324540114444001,USGS-324540114444001,2026-01-28T16:41:00Z,2026-01-28,123,187.42,3
324656114451501,USGS-324656114451501,2026-01-28T01:49:00Z,2026-01-28,123,245.08,3
325107114534701,USGS-325107114534701,2026-01-28T01:05:00Z,2026-01-28,123,260.71,2
364938116252102,USGS-364938116252102,2026-01-28T17:13:00Z,2026-01-28,123,1183.97,7
324226114554901,USGS-324226114554901,2026-01-27T23:55:00Z,2026-01-27,124,103.93,2
324239114563601,USGS-324239114563601,2026-01-27T18:39:00Z,2026-01-27,124,36.24,2
324243114562101,USGS-324243114562101,2026-01-27T18:31:00Z,2026-01-27,124,114.94,2
324248114500601,USGS-324248114500601,2026-01-27T17:19:00Z,2026-01-27,124,94.27,2
324252114555801,USGS-324252114555801,2026-01-27T18:58:00Z,2026-01-27,124,115.72,2
324303114480501,USGS-324303114480501,2026-01-27T16:58:00Z,2026-01-27,124,102.43,2
324304114480402,USGS-324304114480402,2026-01-27T17:05:00Z,2026-01-27,124,101.94,2
324410114533801,USGS-324410114533801,2026-01-27T18:07:00Z,2026-01-27,124,106.2,3
324450114515101,USGS-324450114515101,2026-01-27T16:37:00Z,2026-01-27,124,99.84,6
392226119395301,USGS-392226119395301,2026-01-27T16:57:00Z,2026-01-27,124,170.43,3
365740116043501,USGS-365740116043501,2026-01-26T17:30:00Z,2026-01-26,125,1779.25,4
344408114260401,USGS-344408114260401,2026-01-22T15:49:00Z,2026-01-22,129,219.09,1
364706116170601,USGS-364706116170601,2026-01-22T21:44:00Z,2026-01-22,129,1039.61,7
364828116234001,USGS-364828116234001,2026-01-22T22:24:00Z,2026-01-22,129,926.35,7
374004122092102,USGS-374004122092102,2026-01-21T18:43:00Z,2026-01-21,130,16.29,9
374004122092103,USGS-374004122092103,2026-01-21T18:47:00Z,2026-01-21,130,11.86,9
374004122092104,USGS-374004122092104,2026-01-21T18:50:00Z,2026-01-21,130,5.83,9
374004122092105,USGS-374004122092105,2026-01-21T18:53:00Z,2026-01-21,130,5.49,9
374004122092106,USGS-374004122092106,2026-01-21T18:56:00Z,2026-01-21,130,2.61,9
392121119392701,USGS-392121119392701,2026-01-16T19:55:00Z,2026-01-16,135,117.32,6
392126119383401,USGS-392126119383401,2026-01-16T17:44:00Z,2026-01-16,135,379.63,7
392130119394101,USGS-392130119394101,2026-01-16T18:11:00Z,2026-01-16,135,160.84,4
392209119374301,USGS-392209119374301,2026-01-16T17:14:00Z,2026-01-16,135,258.23,7
392210119381401,USGS-392210119381401,2026-01-16T18:36:00Z,2026-01-16,135,72.37,3
392227119381601,USGS-392227119381601,2026-01-16T18:50:00Z,2026-01-16,135,29.49,6
392320119383901,USGS-392320119383901,2026-01-16T16:50:00Z,2026-01-16,135,267.05,7
364830115512601,USGS-364830115512601,2026-01-15T16:44:00Z,2026-01-15,136,1102.74,4
392212119394101,USGS-392212119394101,2026-01-15T17:03:00Z,2026-01-15,136,67.64,7
392215119382101,USGS-392215119382101,2026-01-15T22:14:00Z,2026-01-15,136,40.96,7
392219119383601,USGS-392219119383601,2026-01-15T22:30:00Z,2026-01-15,136,34.46,6
392224119383201,USGS-392224119383201,2026-01-15T22:43:00Z,2026-01-15,136,217.71,8
392226119384001,USGS-392226119384001,2026-01-15T22:56:00Z,2026-01-15,136,171.11,7
392226119385601,USGS-392226119385601,2026-01-15T21:31:00Z,2026-01-15,136,39.81,7
392226119385701,USGS-392226119385701,2026-01-15T21:46:00Z,2026-01-15,136,95.25,7
392231119385601,USGS-392231119385601,2026-01-15T22:00:00Z,2026-01-15,136,60.43,7
392255119390001,USGS-392255119390001,2026-01-15T18:11:00Z,2026-01-15,136,104.35,6
392256119381501,USGS-392256119381501,2026-01-15T20:34:00Z,2026-01-15,136,38.46,7
392256119390001,USGS-392256119390001,2026-01-15T18:05:00Z,2026-01-15,136,112.24,4
392302119393801,USGS-392302119393801,2026-01-15T17:46:00Z,2026-01-15,136,89.68,6
392305119390601,USGS-392305119390601,2026-01-15T18:26:00Z,2026-01-15,136,143.22,6
392310119384801,USGS-392310119384801,2026-01-15T19:19:00Z,2026-01-15,136,126.06,7
392312119392201,USGS-392312119392201,2026-01-15T18:57:00Z,2026-01-15,136,26.05,6
392320119375302,USGS-392320119375302,2026-01-15T20:22:00Z,2026-01-15,136,19.12,6
392320119392301,USGS-392320119392301,2026-01-15T19:06:00Z,2026-01-15,136,25.68,7
363205115335601,USGS-363205115335601,2026-01-14T19:14:00Z,2026-01-14,137,120.87,2
363422115433701,USGS-363422115433701,2026-01-14T20:22:00Z,2026-01-14,137,33.98,2
363447115404601,USGS-363447115404601,2026-01-14T18:48:00Z,2026-01-14,137,64.94,2
362901115220001,USGS-362901115220001,2026-01-12T23:57:00Z,2026-01-12,139,242.76,2
363212115240301,USGS-363212115240301,2026-01-12T23:38:00Z,2026-01-12,139,574.03,2
363332115244001,USGS-363332115244001,2026-01-12T22:35:00Z,2026-01-12,139,812.35,2
363407115215301,USGS-363407115215301,2026-01-12T23:15:00Z,2026-01-12,139,1329.03,2
391843119330501,USGS-391843119330501,2026-01-12T22:07:00Z,2026-01-12,139,156.6,4
370935116375302,USGS-370935116375302,2026-01-08T19:53:00Z,2026-01-08,143,748.3,4
392138119224201,USGS-392138119224201,2026-01-08T22:08:00Z,2026-01-08,143,68.25,7
333226116395601,USGS-333226116395601,2026-01-07T00:25:00Z,2026-01-07,144,28.63,7
333226116395602,USGS-333226116395602,2026-01-07T00:43:00Z,2026-01-07,144,32.04,7
333226116395603,USGS-333226116395603,2026-01-07T00:56:00Z,2026-01-07,144,32.59,9
333226116395604,USGS-333226116395604,2026-01-07T01:04:00Z,2026-01-07,144,32.89,8
333314116384601,USGS-333314116384601,2026-01-07T21:16:00Z,2026-01-07,144,76.09,7
333317116411501,USGS-333317116411501,2026-01-07T21:51:00Z,2026-01-07,144,79.27,6
333319116430701,USGS-333319116430701,2026-01-07T22:16:00Z,2026-01-07,144,75.21,6
370451116024101,USGS-370451116024101,2026-01-07T18:32:00Z,2026-01-07,144,1445.87,2
370615116222401,USGS-370615116222401,2026-01-07T19:34:00Z,2026-01-07,144,1209.69,4
333147116422001,USGS-333147116422001,2026-01-06T22:50:00Z,2026-01-06,145,-9.08,5
333147116422002,USGS-333147116422002,2026-01-06T23:03:00Z,2026-01-06,145,2.33,7
333156116415201,USGS-333156116415201,2026-01-06T23:50:00Z,2026-01-06,145,9.01,6
333156116415202,USGS-333156116415202,2026-01-06T23:58:00Z,2026-01-06,145,8.64,7
365550116091101,USGS-365550116091101,2026-01-06T20:12:00Z,2026-01-06,145,1666.08,4
370142116021101,USGS-370142116021101,2026-01-06T17:49:00Z,2026-01-06,145,1597.8,2
370425116095801,USGS-370425116095801,2026-01-06T19:04:00Z,2026-01-06,145,588.12,2
371246116240101,USGS-371246116240101,2026-01-06T20:25:00Z,2026-01-06,145,2274.5,4
390742119453901,USGS-390742119453901,2025-12-29T18:57:00Z,2025-12-29,153,51.09,1
370929116132311,USGS-370929116132311,2025-12-18T19:54:00Z,2025-12-18,164,1458.22,2
371311116105901,USGS-371311116105901,2025-12-18T17:01:00Z,2025-12-18,164,953.98,2
371311116105902,USGS-371311116105902,2025-12-18T16:37:00Z,2025-12-18,164,2568.36,5
371342116125102,USGS-371342116125102,2025-12-18T18:54:00Z,2025-12-18,164,918.28,4
365849116002101,USGS-365849116002101,2025-12-17T22:44:00Z,2025-12-17,165,1503.8,2
365905116012002,USGS-365905116012002,2025-12-17T23:04:00Z,2025-12-17,165,1508.08,2
365905116033201,USGS-365905116033201,2025-12-17T17:32:00Z,2025-12-17,165,1513.46,2
365942116032901,USGS-365942116032901,2025-12-17T17:10:00Z,2025-12-17,165,1531.84,2
370005116040301,USGS-370005116040301,2025-12-17T17:53:00Z,2025-12-17,165,1550.5,4
370020115593001,USGS-370020115593001,2025-12-17T22:25:00Z,2025-12-17,165,1557.3,2
370116115561302,USGS-370116115561302,2025-12-17T17:53:00Z,2025-12-17,165,2013.74,7
370208116092402,USGS-370208116092402,2025-12-17T18:27:00Z,2025-12-17,165,365.2,4
370254116064201,USGS-370254116064201,2025-12-17T18:58:00Z,2025-12-17,165,644.2,2
370254116070601,USGS-370254116070601,2025-12-17T18:45:00Z,2025-12-17,165,545.07,2
370254116082002,USGS-370254116082002,2025-12-17T19:17:00Z,2025-12-17,165,516.03,2
370424115594301,USGS-370424115594301,2025-12-17T22:10:00Z,2025-12-17,165,1851.69,3
370556116000901,USGS-370556116000901,2025-12-17T23:01:00Z,2025-12-17,165,1967.94,7
370556116025405,USGS-370556116025405,2025-12-17T21:33:00Z,2025-12-17,165,939.71,2
370556116025406,USGS-370556116025406,2025-12-17T21:46:00Z,2025-12-17,165,939.82,2
370625116030001,USGS-370625116030001,2025-12-17T21:00:00Z,2025-12-17,165,1768.22,8
370625116030002,USGS-370625116030002,2025-12-17T21:26:00Z,2025-12-17,165,1008.66,8
370831116080701,USGS-370831116080701,2025-12-17T20:07:00Z,2025-12-17,165,1457.81,2
370958116051512,USGS-370958116051512,2025-12-17T20:42:00Z,2025-12-17,165,2051.23,4
371248116032102,USGS-371248116032102,2025-12-17T19:22:00Z,2025-12-17,165,2292.59,2
371346116032601,USGS-371346116032601,2025-12-17T19:59:00Z,2025-12-17,165,678.82,2
385311119405201,USGS-385311119405201,2025-12-17T21:20:00Z,2025-12-17,165,103.74,1
363238115464601,USGS-363238115464601,2025-12-16T19:45:00Z,2025-12-16,166,284.81,2
363255115515801,USGS-363255115515801,2025-12-16T18:55:00Z,2025-12-16,166,496.63,2
363437116010801,USGS-363437116010801,2025-12-16T17:12:00Z,2025-12-16,166,1032.75,2
363905116005801,USGS-363905116005801,2025-12-16T16:09:00Z,2025-12-16,166,1163.23,4
365910116284401,USGS-365910116284401,2025-12-16T22:28:00Z,2025-12-16,166,746.61,4
370504116335201,USGS-370504116335201,2025-12-16T21:25:00Z,2025-12-16,166,1016.17,6
370610116375301,USGS-370610116375301,2025-12-16T20:05:00Z,2025-12-16,166,322.31,6
370825116302402,USGS-370825116302402,2025-12-16T19:30:00Z,2025-12-16,166,1023.43,7
370852116340502,USGS-370852116340502,2025-12-16T19:05:00Z,2025-12-16,166,754.88,7
371010116325402,USGS-371010116325402,2025-12-16T18:33:00Z,2025-12-16,166,1010.9,7
371010116325404,USGS-371010116325404,2025-12-16T18:42:00Z,2025-12-16,166,1011.07,7
371110116310502,USGS-371110116310502,2025-12-16T17:58:00Z,2025-12-16,166,1187.68,7
371110116310503,USGS-371110116310503,2025-12-16T18:11:00Z,2025-12-16,166,1189.12,6
364539116024301,USGS-364539116024301,2025-12-15T17:29:00Z,2025-12-15,167,540.69,2
364927115574801,USGS-364927115574801,2025-12-15T18:13:00Z,2025-12-15,167,649.69,3
364927115574802,USGS-364927115574802,2025-12-15T18:02:00Z,2025-12-15,167,649.75,2
364928115574801,USGS-364928115574801,2025-12-15T18:24:00Z,2025-12-15,167,726.29,3
364928115574802,USGS-364928115574802,2025-12-15T18:33:00Z,2025-12-15,167,725.81,3
370720116041601,USGS-370720116041601,2025-12-15T19:57:00Z,2025-12-15,167,1769.43,2
370725116033901,USGS-370725116033901,2025-12-15T19:18:00Z,2025-12-15,167,1726.27,3
370725116033902,USGS-370725116033902,2025-12-15T19:31:00Z,2025-12-15,167,855.28,3
335504116544201,USGS-335504116544201,2025-12-11T22:12:00Z,2025-12-11,171,344.1,3
335504116552601,USGS-335504116552601,2025-12-11T21:37:00Z,2025-12-11,171,359.07,3
335557116411901,USGS-335557116411901,2025-12-10T16:48:00Z,2025-12-10,172,334.57,4
370504116404901,USGS-370504116404901,2025-12-10T20:01:00Z,2025-12-10,172,17.53,14
370504116404902,USGS-370504116404902,2025-12-10T19:57:00Z,2025-12-10,172,14.71,9
390208119433201,USGS-390208119433201,2025-12-10T17:34:00Z,2025-12-10,172,41.57,2
393310114475001,USGS-393310114475001,2025-12-10T00:15:00Z,2025-12-10,172,13.24,10
335729117035401,USGS-335729117035401,2025-12-09T21:40:00Z,2025-12-09,173,NA,2
335731117035601,USGS-335731117035601,2025-12-09T21:30:00Z,2025-12-09,173,NA,1
371120116294803,USGS-371120116294803,2025-12-09T19:41:00Z,2025-12-09,173,1427.08,7
371120116294804,USGS-371120116294804,2025-12-09T20:00:00Z,2025-12-09,173,1426.06,7
371120116294805,USGS-371120116294805,2025-12-09T20:18:00Z,2025-12-09,173,1426.1,7
371421116333704,USGS-371421116333704,2025-12-09T22:24:00Z,2025-12-09,173,1454.5,7
390043119421401,USGS-390043119421401,2025-12-09T21:00:00Z,2025-12-09,173,170.51,1
365956116421601,USGS-365956116421601,2025-12-08T19:50:00Z,2025-12-08,174,61.57,14
365956116421603,USGS-365956116421603,2025-12-08T20:09:00Z,2025-12-08,174,61.33,14
385509119414801,USGS-385509119414801,2025-12-08T21:08:00Z,2025-12-08,174,75.46,2
341419116040401,USGS-341419116040401,2025-12-05T00:16:00Z,2025-12-05,177,225.79,2
341419116040402,USGS-341419116040402,2025-12-05T00:22:00Z,2025-12-05,177,225.83,2
341419116040403,USGS-341419116040403,2025-12-05T00:28:00Z,2025-12-05,177,NA,1
363428116240301,USGS-363428116240301,2025-12-05T22:16:00Z,2025-12-05,177,145.08,5
390839119462701,USGS-390839119462701,2025-12-05T19:02:00Z,2025-12-05,177,80.78,9
391105119481101,USGS-391105119481101,2025-12-05T20:44:00Z,2025-12-05,177,137.98,7
391111119481901,USGS-391111119481901,2025-12-05T20:27:00Z,2025-12-05,177,95.6,9
340953116005001,USGS-340953116005001,2025-12-04T22:58:00Z,2025-12-04,178,264.23,3
341416116042501,USGS-341416116042501,2025-12-04T20:54:00Z,2025-12-04,178,223.35,2
341416116042502,USGS-341416116042502,2025-12-04T20:58:00Z,2025-12-04,178,225.74,2
370831116035002,USGS-370831116035002,2025-12-04T20:16:00Z,2025-12-04,178,1810.26,2
371309117074901,USGS-371309117074901,2025-12-03T19:26:00Z,2025-12-03,179,48.76,2
371309117074902,USGS-371309117074902,2025-12-03T18:44:00Z,2025-12-03,179,47.6,2
371615117053601,USGS-371615117053601,2025-12-03T20:37:00Z,2025-12-03,179,54.74,2
371615117053602,USGS-371615117053602,2025-12-03T20:31:00Z,2025-12-03,179,54.59,2
373320117090601,USGS-373320117090601,2025-12-03T17:50:00Z,2025-12-03,179,308.33,2
342603119500501,USGS-342603119500501,2025-12-02T21:10:00Z,2025-12-02,180,41.44,4
375533116580601,USGS-375533116580601,2025-12-02T19:03:00Z,2025-12-02,180,232.11,2
342621119474101,USGS-342621119474101,2025-12-01T20:30:00Z,2025-12-01,181,108.64,4
363008116161201,USGS-363008116161201,2025-11-25T19:08:00Z,2025-11-25,187,-2.7,3
363008116161202,USGS-363008116161202,2025-11-25T19:17:00Z,2025-11-25,187,-2.73,3
362521116160801,USGS-362521116160801,2025-11-24T23:55:00Z,2025-11-24,188,93.33,2
363317116270801,USGS-363317116270801,2025-11-24T20:21:00Z,2025-11-24,188,136.18,5
363317116270802,USGS-363317116270802,2025-11-24T20:10:00Z,2025-11-24,188,170.33,5
363429116233401,USGS-363429116233401,2025-11-24T21:05:00Z,2025-11-24,188,130.99,5
390542119472002,USGS-390542119472002,2025-11-24T18:15:00Z,2025-11-24,188,41.31,1
323313117033901,USGS-323313117033901,2025-11-21T21:46:00Z,2025-11-21,191,37.94,14
323313117033902,USGS-323313117033902,2025-11-21T21:49:00Z,2025-11-21,191,38.15,14
323313117033903,USGS-323313117033903,2025-11-21T21:51:00Z,2025-11-21,191,37.96,14
323313117033904,USGS-323313117033904,2025-11-21T21:53:00Z,2025-11-21,191,14.44,13
323313117033905,USGS-323313117033905,2025-11-21T21:55:00Z,2025-11-21,191,12.28,13
364909116064101,USGS-364909116064101,2025-11-20T18:14:00Z,2025-11-20,192,64.17,8
364913116064101,USGS-364913116064101,2025-11-20T18:52:00Z,2025-11-20,192,100.87,8
364916116063801,USGS-364916116063801,2025-11-20T18:38:00Z,2025-11-20,192,105.21,8
370142116033301,USGS-370142116033301,2025-11-20T23:06:00Z,2025-11-20,192,1614.05,4
370253116055201,USGS-370253116055201,2025-11-20T22:31:00Z,2025-11-20,192,1296.99,2
370320116012001,USGS-370320116012001,2025-11-20T20:18:00Z,2025-11-20,192,1618.55,2
370349116021904,USGS-370349116021904,2025-11-20T18:37:00Z,2025-11-20,192,1652.62,4
370349116021906,USGS-370349116021906,2025-11-20T19:06:00Z,2025-11-20,192,1518.49,2
370411116025911,USGS-370411116025911,2025-11-20T17:37:00Z,2025-11-20,192,1484.67,2
370411116025912,USGS-370411116025912,2025-11-20T17:57:00Z,2025-11-20,192,1547.31,2
370418116044501,USGS-370418116044501,2025-11-20T21:48:00Z,2025-11-20,192,1721.82,3
370741116194501,USGS-370741116194501,2025-11-20T22:08:00Z,2025-11-20,192,911.19,4
371135116282602,USGS-371135116282602,2025-11-20T20:11:00Z,2025-11-20,192,1666.86,7
371135116282603,USGS-371135116282603,2025-11-20T19:49:00Z,2025-11-20,192,1666.54,7
371135116282604,USGS-371135116282604,2025-11-20T20:40:00Z,2025-11-20,192,1667.5,7
371135116282702,USGS-371135116282702,2025-11-20T21:17:00Z,2025-11-20,192,1667.78,7
371143116262503,USGS-371143116262503,2025-11-20T18:43:00Z,2025-11-20,192,1521.66,4
371143116262504,USGS-371143116262504,2025-11-20T19:01:00Z,2025-11-20,192,1521.63,4
372639114520901,USGS-372639114520901,2025-11-20T23:15:00Z,2025-11-20,192,862.9,10
380531114534201,USGS-380531114534201,2025-11-20T20:30:00Z,2025-11-20,192,843.98,11
365948116360401,USGS-365948116360401,2025-11-18T19:42:00Z,2025-11-18,194,214.02,7
365948116360402,USGS-365948116360402,2025-11-18T19:49:00Z,2025-11-18,194,214.36,7
365956116421602,USGS-365956116421602,2025-11-18T18:47:00Z,2025-11-18,194,160.66,7
370139116390501,USGS-370139116390501,2025-11-18T20:30:00Z,2025-11-18,194,345.28,7
370210116421501,USGS-370210116421501,2025-11-18T20:44:00Z,2025-11-18,194,28.46,14
365901115593501,USGS-365901115593501,2025-11-17T19:20:00Z,2025-11-17,195,1543.67,7
365901115593502,USGS-365901115593502,2025-11-17T19:50:00Z,2025-11-17,195,1472.88,2
365904115593402,USGS-365904115593402,2025-11-17T20:31:00Z,2025-11-17,195,1545.23,5
371019116072102,USGS-371019116072102,2025-11-17T18:48:00Z,2025-11-17,195,174.42,2
371019116072103,USGS-371019116072103,2025-11-17T18:41:00Z,2025-11-17,195,174.54,2
371019116072104,USGS-371019116072104,2025-11-17T18:55:00Z,2025-11-17,195,445.16,2
371533116251801,USGS-371533116251801,2025-11-17T22:03:00Z,2025-11-17,195,2012.96,4
371536116251602,USGS-371536116251602,2025-11-17T21:27:00Z,2025-11-17,195,2022.07,4
371537116251501,USGS-371537116251501,2025-11-17T20:58:00Z,2025-11-17,195,2021.24,4
371652116321801,USGS-371652116321801,2025-11-17T20:58:00Z,2025-11-17,195,1846.84,7
371652116321803,USGS-371652116321803,2025-11-17T21:27:00Z,2025-11-17,195,1873.83,7
371652116321805,USGS-371652116321805,2025-11-17T21:59:00Z,2025-11-17,195,1614.1,7
372034116222504,USGS-372034116222504,2025-11-17T19:13:00Z,2025-11-17,195,2110.23,3
372042116340501,USGS-372042116340501,2025-11-17T22:41:00Z,2025-11-17,195,859.16,7
324416117042001,USGS-324416117042001,2025-11-14T20:06:00Z,2025-11-14,198,227.32,14
324416117042002,USGS-324416117042002,2025-11-14T20:09:00Z,2025-11-14,198,227.32,14
324416117042003,USGS-324416117042003,2025-11-14T20:13:00Z,2025-11-14,198,215.69,14
324416117042004,USGS-324416117042004,2025-11-14T20:16:00Z,2025-11-14,198,208.64,14
324416117042005,USGS-324416117042005,2025-11-14T20:19:00Z,2025-11-14,198,156.35,14
382515121262501,USGS-382515121262501,2025-09-26T18:01:00Z,2025-09-26,247,29.62,1
382537121260001,USGS-382537121260001,2025-09-26T18:28:00Z,2025-09-26,247,28.11,1
382800121270701,USGS-382800121270701,2025-09-26T18:56:00Z,2025-09-26,247,14.72,1
382445113501401,USGS-382445113501401,2025-09-24T17:44:00Z,2025-09-24,249,1.03,2
392044119091801,USGS-392044119091801,2025-09-24T19:51:00Z,2025-09-24,249,45.51,2
392054119124501,USGS-392054119124501,2025-09-24T18:47:00Z,2025-09-24,249,45.46,2
392539119161301,USGS-392539119161301,2025-09-24T20:51:00Z,2025-09-24,249,212.6,2
391822119121601,USGS-391822119121601,2025-09-23T23:15:00Z,2025-09-23,250,40.09,2
391829119135301,USGS-391829119135301,2025-09-23T22:57:00Z,2025-09-23,250,39.25,2
391838119144401,USGS-391838119144401,2025-09-23T21:58:00Z,2025-09-23,250,43.22,2
391957119133801,USGS-391957119133801,2025-09-23T22:36:00Z,2025-09-23,250,42.25,2
392029119145301,USGS-392029119145301,2025-09-23T21:36:00Z,2025-09-23,250,225.3,2
392257119142501,USGS-392257119142501,2025-09-23T21:09:00Z,2025-09-23,250,63.36,3
392514119135401,USGS-392514119135401,2025-09-23T20:28:00Z,2025-09-23,250,184.94,2
341714114040301,USGS-341714114040301,2025-09-22T23:00:00Z,2025-09-22,251,2.37,2
383301121211301,USGS-383301121211301,2025-09-19T20:30:00Z,2025-09-19,254,70.82,1
383655121301601,USGS-383655121301601,2025-09-17T17:36:00Z,2025-09-17,256,13.7,1
383659121292201,USGS-383659121292201,2025-09-17T17:58:00Z,2025-09-17,256,16.06,1
383727121301801,USGS-383727121301801,2025-09-17T18:16:00Z,2025-09-17,256,12.24,1
383746121291101,USGS-383746121291101,2025-09-17T18:36:00Z,2025-09-17,256,13.46,1
384145121184101,USGS-384145121184101,2025-09-17T21:06:00Z,2025-09-17,256,133.82,1
384211121232001,USGS-384211121232001,2025-09-17T19:08:00Z,2025-09-17,256,106.29,1
384303121211701,USGS-384303121211701,2025-09-17T20:29:00Z,2025-09-17,256,152.59,1
384318121230001,USGS-384318121230001,2025-09-17T19:36:00Z,2025-09-17,256,110.15,1
382450121253601,USGS-382450121253601,2025-09-16T18:35:00Z,2025-09-16,257,35.18,1
382517121252601,USGS-382517121252601,2025-09-16T19:15:00Z,2025-09-16,257,32.77,1
382629121254801,USGS-382629121254801,2025-09-16T20:52:00Z,2025-09-16,257,26.69,1
382757121261101,USGS-382757121261101,2025-09-16T21:18:00Z,2025-09-16,257,23.19,1
382906121322201,USGS-382906121322201,2025-09-16T17:45:00Z,2025-09-16,257,4.26,1
382941121320601,USGS-382941121320601,2025-09-16T18:42:00Z,2025-09-16,257,6.13,1
383410121183401,USGS-383410121183401,2025-09-16T19:53:00Z,2025-09-16,257,82.43,1
410315119013601,USGS-410315119013601,2025-09-16T16:06:00Z,2025-09-16,257,3.65,1
410452119383801,USGS-410452119383801,2025-09-16T18:04:00Z,2025-09-16,257,14.52,2
410622118525101,USGS-410622118525101,2025-09-16T18:50:00Z,2025-09-16,257,52.42,1
410627119362801,USGS-410627119362801,2025-09-16T18:21:00Z,2025-09-16,257,2.43,2
411238119285401,USGS-411238119285401,2025-09-16T18:46:00Z,2025-09-16,257,42.97,2
411248119354001,USGS-411248119354001,2025-09-16T17:00:00Z,2025-09-16,257,67.52,2
412424119393601,USGS-412424119393601,2025-09-16T14:59:00Z,2025-09-16,257,92.35,2
412510119333001,USGS-412510119333001,2025-09-16T15:42:00Z,2025-09-16,257,200.21,2
374148120581601,USGS-374148120581601,2025-09-15T17:41:00Z,2025-09-15,258,44.79,1
382515121214401,USGS-382515121214401,2025-09-15T17:35:00Z,2025-09-15,258,60.56,1
390810119450101,USGS-390810119450101,2025-09-15T17:26:00Z,2025-09-15,258,32.47,5
391018119461101,USGS-391018119461101,2025-09-15T16:29:00Z,2025-09-15,258,4.34,1
404503118443801,USGS-404503118443801,2025-09-15T16:20:00Z,2025-09-15,258,37.93,2
404558118345501,USGS-404558118345501,2025-09-15T17:45:00Z,2025-09-15,258,21.54,2
405038118510101,USGS-405038118510101,2025-09-15T17:06:00Z,2025-09-15,258,172.54,2
405611118423201,USGS-405611118423201,2025-09-15T18:26:00Z,2025-09-15,258,78.36,2
410543118372201,USGS-410543118372201,2025-09-15T19:04:00Z,2025-09-15,258,59.58,2
412006118505901,USGS-412006118505901,2025-09-15T21:27:00Z,2025-09-15,258,71.76,2
412755118381401,USGS-412755118381401,2025-09-15T20:15:00Z,2025-09-15,258,59.3,2
412837119174201,USGS-412837119174201,2025-09-15T23:09:00Z,2025-09-15,258,35.79,2
413400119070001,USGS-413400119070001,2025-09-15T21:05:00Z,2025-09-15,258,78.21,2
391134119422501,USGS-391134119422501,2025-09-12T18:27:00Z,2025-09-12,261,10.56,1
391201119421501,USGS-391201119421501,2025-09-12T18:46:00Z,2025-09-12,261,33.95,2
392517119025101,USGS-392517119025101,2025-09-10T19:13:00Z,2025-09-10,263,325.21,2
392540119023901,USGS-392540119023901,2025-09-10T18:50:00Z,2025-09-10,263,178.89,2
392624119102901,USGS-392624119102901,2025-09-10T20:42:00Z,2025-09-10,263,NA,1
392645119012001,USGS-392645119012001,2025-09-10T20:00:00Z,2025-09-10,263,127.31,2
392704119104401,USGS-392704119104401,2025-09-10T22:09:00Z,2025-09-10,263,295.73,2
393107119041601,USGS-393107119041601,2025-09-10T18:13:00Z,2025-09-10,263,223.16,2
393006118515101,USGS-393006118515101,2025-09-09T22:43:00Z,2025-09-09,264,13.42,6
393155118483001,USGS-393155118483001,2025-09-09T21:51:00Z,2025-09-09,264,30.72,2
393155118483002,USGS-393155118483002,2025-09-09T21:48:00Z,2025-09-09,264,NA,1
393309118344701,USGS-393309118344701,2025-09-09T18:50:00Z,2025-09-09,264,6.44,2
393309118344702,USGS-393309118344702,2025-09-09T18:44:00Z,2025-09-09,264,9.54,2
393309118344703,USGS-393309118344703,2025-09-09T18:48:00Z,2025-09-09,264,1.11,2
393309118344704,USGS-393309118344704,2025-09-09T18:45:00Z,2025-09-09,264,-1.33,2
393648118325101,USGS-393648118325101,2025-09-09T19:35:00Z,2025-09-09,264,11.99,2
393651118325701,USGS-393651118325701,2025-09-09T19:40:00Z,2025-09-09,264,14.87,1
394046118472601,USGS-394046118472601,2025-09-09T21:06:00Z,2025-09-09,264,9.39,1
394046118472603,USGS-394046118472603,2025-09-09T21:11:00Z,2025-09-09,264,10.28,2
364922115580101,USGS-364922115580101,2025-09-08T18:51:00Z,2025-09-08,265,724.33,2
364928115580101,USGS-364928115580101,2025-09-08T19:05:00Z,2025-09-08,265,730.41,2
365105115565801,USGS-365105115565801,2025-09-08T14:54:00Z,2025-09-08,265,772.4,2
365152115565701,USGS-365152115565701,2025-09-08T18:25:00Z,2025-09-08,265,839.57,2
365201115581601,USGS-365201115581601,2025-09-08T16:30:00Z,2025-09-08,265,888.79,2
365212115554901,USGS-365212115554901,2025-09-08T17:43:00Z,2025-09-08,265,930.65,2
365223115561701,USGS-365223115561701,2025-09-08T16:48:00Z,2025-09-08,265,928,2
365223115561702,USGS-365223115561702,2025-09-08T16:38:00Z,2025-09-08,265,928.34,2
365223115561703,USGS-365223115561703,2025-09-08T16:59:00Z,2025-09-08,265,928.03,1
365223115561704,USGS-365223115561704,2025-09-08T17:23:00Z,2025-09-08,265,928.04,3
365314115561901,USGS-365314115561901,2025-09-08T16:15:00Z,2025-09-08,265,1154.25,2
391531118372001,USGS-391531118372001,2025-09-08T22:09:00Z,2025-09-08,265,27.87,2
391343119343801,USGS-391343119343801,2025-09-04T18:06:00Z,2025-09-04,269,109.05,2
391557119303301,USGS-391557119303301,2025-09-04T19:06:00Z,2025-09-04,269,124.82,1
391836119301701,USGS-391836119301701,2025-09-04T21:09:00Z,2025-09-04,269,66.08,2
391859119293801,USGS-391859119293801,2025-09-04T21:17:00Z,2025-09-04,269,87.59,2
391937119281701,USGS-391937119281701,2025-09-04T21:42:00Z,2025-09-04,269,80.61,2
391937119281801,USGS-391937119281801,2025-09-04T21:38:00Z,2025-09-04,269,53.66,2
392014119273901,USGS-392014119273901,2025-09-04T22:01:00Z,2025-09-04,269,61.55,2
392031119273901,USGS-392031119273901,2025-09-04T22:17:00Z,2025-09-04,269,124.39,2
392153119265701,USGS-392153119265701,2025-09-04T22:31:00Z,2025-09-04,269,79.92,2
365106115572901,USGS-365106115572901,2025-09-03T15:30:00Z,2025-09-03,270,765.77,2
333308116375401,USGS-333308116375401,2025-08-26T17:20:00Z,2025-08-26,278,135.92,3
333310116430501,USGS-333310116430501,2025-08-26T21:46:00Z,2025-08-26,278,74.37,1
360310119201901,USGS-360310119201901,2025-08-26T19:50:00Z,2025-08-26,278,139.81,1
360719119205501,USGS-360719119205501,2025-08-26T21:10:00Z,2025-08-26,278,49.02,1
361726119241101,USGS-361726119241101,2025-08-26T21:35:00Z,2025-08-26,278,137.65,2
372933120565901,USGS-372933120565901,2025-08-25T21:45:00Z,2025-08-25,279,6.76,2
373114120595001,USGS-373114120595001,2025-08-25T21:20:00Z,2025-08-25,279,12.18,1
373700121071001,USGS-373700121071001,2025-08-25T20:20:00Z,2025-08-25,279,14.38,1
333038116384401,USGS-333038116384401,2025-08-20T21:07:00Z,2025-08-20,284,67.55,2
385622114250001,USGS-385622114250001,2025-08-20T01:30:00Z,2025-08-20,284,18.76,9
345420117524801,USGS-345420117524801,2025-08-19T20:05:00Z,2025-08-19,285,61.79,3
361003119212501,USGS-361003119212501,2025-08-19T21:39:00Z,2025-08-19,285,142.09,1
361422119431201,USGS-361422119431201,2025-08-19T20:10:00Z,2025-08-19,285,19.31,1
364024119464201,USGS-364024119464201,2025-08-19T15:13:00Z,2025-08-19,285,95.02,1
365329119321701,USGS-365329119321701,2025-08-18T22:35:00Z,2025-08-18,286,14.89,1
371321116292301,USGS-371321116292301,2025-08-18T17:10:10Z,2025-08-18,286,1989.9,13
373753120474602,USGS-373753120474602,2025-08-18T18:40:00Z,2025-08-18,286,95,2
381731121183001,USGS-381731121183001,2025-08-18T15:14:00Z,2025-08-18,286,90.99,1
344004120274702,USGS-344004120274702,2025-08-13T18:14:00Z,2025-08-13,291,20.5,1
344008120320901,USGS-344008120320901,2025-08-13T21:25:00Z,2025-08-13,291,34.99,2
373645120392401,USGS-373645120392401,2025-08-13T18:20:00Z,2025-08-13,291,242.01,1
343929120321002,USGS-343929120321002,2025-08-12T22:16:00Z,2025-08-12,292,10.99,1
344043120322407,USGS-344043120322407,2025-08-12T19:31:00Z,2025-08-12,292,31.06,2
374460121101001,USGS-374460121101001,2025-08-12T15:35:00Z,2025-08-12,292,28.67,1
374210121064001,USGS-374210121064001,2025-08-11T18:00:00Z,2025-08-11,293,15.55,1
374730121035401,USGS-374730121035401,2025-08-11T21:30:00Z,2025-08-11,293,71.9,1
373651120303801,USGS-373651120303801,2025-08-07T15:16:00Z,2025-08-07,297,131.87,1
343926120293001,USGS-343926120293001,2025-08-06T17:10:00Z,2025-08-06,298,33.94,3
344112120351001,USGS-344112120351001,2025-08-06T19:34:00Z,2025-08-06,298,15.81,2
371024116293103,USGS-371024116293103,2025-08-06T16:46:00Z,2025-08-06,298,1361,6
343938120264101,USGS-343938120264101,2025-08-05T20:19:00Z,2025-08-05,299,42.58,1
343938120264102,USGS-343938120264102,2025-08-05T20:05:00Z,2025-08-05,299,45.6,1
371835120331801,USGS-371835120331801,2025-08-04T16:33:00Z,2025-08-04,300,65.69,2
372646120410401,USGS-372646120410401,2025-08-04T19:50:00Z,2025-08-04,300,NA,1
392306119381701,USGS-392306119381701,2025-07-25T17:31:00Z,2025-07-25,310,245.5,5
372746120443601,USGS-372746120443601,2025-07-24T15:42:00Z,2025-07-24,311,74.72,2
372617120530201,USGS-372617120530201,2025-07-23T18:40:00Z,2025-07-23,312,12.75,1
392250119383101,USGS-392250119383101,2025-07-23T19:16:00Z,2025-07-23,312,37.88,6
392308119391401,USGS-392308119391401,2025-07-23T17:34:00Z,2025-07-23,312,46.5,5
373239120473001,USGS-373239120473001,2025-07-22T18:08:00Z,2025-07-22,313,99.17,1
373450120475001,USGS-373450120475001,2025-07-22T16:10:00Z,2025-07-22,313,100.44,2
374733121062401,USGS-374733121062401,2025-07-21T16:03:00Z,2025-07-21,314,62.27,2
372231120461202,USGS-372231120461202,2025-07-16T16:43:00Z,2025-07-16,319,102.15,1
373755120501501,USGS-373755120501501,2025-07-14T17:15:00Z,2025-07-14,321,81.44,1
393425115215301,USGS-393425115215301,2025-07-07T20:25:00Z,2025-07-07,328,243.52,4
392323119382201,USGS-392323119382201,2025-07-01T13:45:00Z,2025-07-01,334,115.77,15
370031116121103,USGS-370031116121103,2025-06-26T18:18:00Z,2025-06-26,339,4083.95,2
353606120474701,USGS-353606120474701,2025-06-25T15:31:00Z,2025-06-25,340,63.87,4
353608120474501,USGS-353608120474501,2025-06-25T16:02:00Z,2025-06-25,340,74.51,4
353618120473501,USGS-353618120473501,2025-06-25T16:13:00Z,2025-06-25,340,50.74,4
353618120474801,USGS-353618120474801,2025-06-25T16:21:00Z,2025-06-25,340,127.37,6
391319119384101,USGS-391319119384101,2025-06-25T17:22:00Z,2025-06-25,340,18.21,3
393006118515102,USGS-393006118515102,2025-06-24T19:28:00Z,2025-06-24,341,31.55,6
340450114153401,USGS-340450114153401,2025-06-18T16:58:00Z,2025-06-18,347,178.21,2
345342114323701,USGS-345342114323701,2025-06-18T13:55:00Z,2025-06-18,347,56.22,3
334057114375901,USGS-334057114375901,2025-06-17T18:19:00Z,2025-06-17,348,144.61,1
345704114403701,USGS-345704114403701,2025-06-17T23:36:00Z,2025-06-17,348,50.21,4
372543116363502,USGS-372543116363502,2025-06-16T17:07:00Z,2025-06-16,349,233.54,4
373420116260202,USGS-373420116260202,2025-06-16T17:40:00Z,2025-06-16,349,464.31,3
373446116433301,USGS-373446116433301,2025-06-16T19:55:00Z,2025-06-16,349,52.1,3
373622116434601,USGS-373622116434601,2025-06-16T19:07:00Z,2025-06-16,349,21.13,3
373622116434701,USGS-373622116434701,2025-06-16T18:51:00Z,2025-06-16,349,25.82,3
373623116434701,USGS-373623116434701,2025-06-16T18:39:00Z,2025-06-16,349,32.98,3
390708119450301,USGS-390708119450301,2025-06-12T19:20:00Z,2025-06-12,353,51.06,2
390834119450701,USGS-390834119450701,2025-06-12T20:12:00Z,2025-06-12,353,19.9,1
390943119474801,USGS-390943119474801,2025-06-12T18:20:00Z,2025-06-12,353,36.13,2
390943119474802,USGS-390943119474802,2025-06-12T17:50:00Z,2025-06-12,353,39.76,1
391126119423201,USGS-391126119423201,2025-06-12T16:04:00Z,2025-06-12,353,4.66,2
391127119442501,USGS-391127119442501,2025-06-12T16:27:00Z,2025-06-12,353,8.79,2
392507119462002,USGS-392507119462002,2025-06-12T16:05:00Z,2025-06-12,353,126.71,1
392541119463102,USGS-392541119463102,2025-06-12T16:27:00Z,2025-06-12,353,100.49,1
392837119485901,USGS-392837119485901,2025-06-12T16:56:00Z,2025-06-12,353,100.99,1
364111116470101,USGS-364111116470101,2025-06-11T19:00:00Z,2025-06-11,354,819.9,2
364235116441701,USGS-364235116441701,2025-06-11T16:56:00Z,2025-06-11,354,341.8,2
364243116432401,USGS-364243116432401,2025-06-11T15:57:00Z,2025-06-11,354,353.8,2
364246116445701,USGS-364246116445701,2025-06-11T17:48:00Z,2025-06-11,354,282.16,2
392726119460101,USGS-392726119460101,2025-06-11T18:06:00Z,2025-06-11,354,11.9,1
392744119464601,USGS-392744119464601,2025-06-11T18:32:00Z,2025-06-11,354,15.17,1
392918119464901,USGS-392918119464901,2025-06-11T22:24:00Z,2025-06-11,354,5.97,1
392937119452601,USGS-392937119452601,2025-06-11T22:07:00Z,2025-06-11,354,6.49,1
393023119513701,USGS-393023119513701,2025-06-11T19:30:00Z,2025-06-11,354,36.16,1
393033119465401,USGS-393033119465401,2025-06-11T21:40:00Z,2025-06-11,354,21.04,1
393054119445501,USGS-393054119445501,2025-06-11T21:21:00Z,2025-06-11,354,9.41,1
393208119491401,USGS-393208119491401,2025-06-11T19:54:00Z,2025-06-11,354,116.66,1
393249119422901,USGS-393249119422901,2025-06-11T20:15:00Z,2025-06-11,354,8,1
364514116482901,USGS-364514116482901,2025-06-09T20:00:00Z,2025-06-09,356,354.24,2
364853116520801,USGS-364853116520801,2025-06-09T18:11:00Z,2025-06-09,356,660.02,2
364905116490601,USGS-364905116490601,2025-06-09T21:37:00Z,2025-06-09,356,615.38,2
365246116452101,USGS-365246116452101,2025-06-04T20:28:00Z,2025-06-04,361,41.36,3
365640116431501,USGS-365640116431501,2025-06-04T20:25:00Z,2025-06-04,361,19.65,5
370131116440801,USGS-370131116440801,2025-06-04T19:54:00Z,2025-06-04,361,24,3
370825116302405,USGS-370825116302405,2025-05-28T20:49:00Z,2025-05-28,368,1023.33,3
371010116325406,USGS-371010116325406,2025-05-28T19:19:00Z,2025-05-28,368,1010.85,3
371110116310507,USGS-371110116310507,2025-05-28T18:07:00Z,2025-05-28,368,1191.08,3
371608116191002,USGS-371608116191002,2025-05-28T17:09:00Z,2025-05-28,368,2339.07,3
371736116184701,USGS-371736116184701,2025-05-28T16:14:00Z,2025-05-28,368,2138.52,3
340756116190601,USGS-340756116190601,2025-05-21T02:03:00Z,2025-05-21,375,515.81,1
341420116245601,USGS-341420116245601,2025-05-20T16:11:00Z,2025-05-20,376,233.86,2
341445116242301,USGS-341445116242301,2025-05-20T20:29:00Z,2025-05-20,376,295.16,2
370301116185801,USGS-370301116185801,2025-05-19T21:45:00Z,2025-05-19,377,445.35,3
370301116185802,USGS-370301116185802,2025-05-19T21:54:00Z,2025-05-19,377,445.33,3
392627119481901,USGS-392627119481901,2025-05-16T18:56:00Z,2025-05-16,380,146.22,1
393108119415101,USGS-393108119415101,2025-05-16T17:41:00Z,2025-05-16,380,1.69,1
393108119415102,USGS-393108119415102,2025-05-16T17:43:00Z,2025-05-16,380,14.78,1
371043116142101,USGS-371043116142101,2025-05-13T19:24:00Z,2025-05-13,383,1784.26,3
371043116142102,USGS-371043116142102,2025-05-13T19:50:00Z,2025-05-13,383,1119.41,3
371043116142103,USGS-371043116142103,2025-05-13T20:28:00Z,2025-05-13,383,999.11,3
371043116142104,USGS-371043116142104,2025-05-13T20:09:00Z,2025-05-13,383,1135.19,3
345410116544101,USGS-345410116544101,2025-05-12T18:00:00Z,2025-05-12,384,158.32,2
371135116282606,USGS-371135116282606,2025-05-06T17:29:00Z,2025-05-06,390,1666.67,4
371135116282701,USGS-371135116282701,2025-05-06T20:09:00Z,2025-05-06,390,1667.83,4
371146116290301,USGS-371146116290301,2025-05-06T21:23:00Z,2025-05-06,390,1655.35,4
371151116294107,USGS-371151116294107,2025-05-06T19:08:00Z,2025-05-06,390,1477.49,4
341840117200501,USGS-341840117200501,2025-05-05T15:15:00Z,2025-05-05,391,16.74,1
345341117082101,USGS-345341117082101,2025-05-01T15:45:00Z,2025-05-01,395,70.39,2
345341117082102,USGS-345341117082102,2025-05-01T15:50:00Z,2025-05-01,395,69.26,2
345341117082103,USGS-345341117082103,2025-05-01T15:51:00Z,2025-05-01,395,66.85,2
324421114482101,USGS-324421114482101,2025-04-30T15:53:00Z,2025-04-30,396,126.63,2
333307116395101,USGS-333307116395101,2025-04-30T18:49:00Z,2025-04-30,396,42.29,2
333312116394301,USGS-333312116394301,2025-04-30T18:59:00Z,2025-04-30,396,16.16,2
345406117044002,USGS-345406117044002,2025-04-30T20:56:00Z,2025-04-30,396,64.93,2
345406117044003,USGS-345406117044003,2025-04-30T22:38:00Z,2025-04-30,396,64.2,2
371442116243301,USGS-371442116243301,2025-04-30T17:35:00Z,2025-04-30,396,2211.52,3
371649116242102,USGS-371649116242102,2025-04-30T16:44:00Z,2025-04-30,396,2097.48,3
342959117283101,USGS-342959117283101,2025-04-29T15:31:00Z,2025-04-29,397,374.99,2
342812117281401,USGS-342812117281401,2025-04-28T16:19:00Z,2025-04-28,398,568.66,2
333321116402801,USGS-333321116402801,2025-04-24T22:21:00Z,2025-04-24,402,102.97,2
371143116262505,USGS-371143116262505,2025-04-23T22:13:00Z,2025-04-23,403,1521.62,3
371349116222001,USGS-371349116222001,2025-04-23T19:50:00Z,2025-04-23,403,2079.94,3
371714116230301,USGS-371714116230301,2025-04-23T18:44:00Z,2025-04-23,403,1983.35,3
344522117005301,USGS-344522117005301,2025-04-12T00:02:00Z,2025-04-12,414,122.53,1
343050117395601,USGS-343050117395601,2025-04-11T00:57:00Z,2025-04-11,415,383.44,1
344450116593901,USGS-344450116593901,2025-04-11T22:53:00Z,2025-04-11,415,160.8,1
344557117143701,USGS-344557117143701,2025-04-11T02:12:00Z,2025-04-11,415,165.86,1
344807117163001,USGS-344807117163001,2025-04-11T19:44:00Z,2025-04-11,415,23,1
344817117180201,USGS-344817117180201,2025-04-11T20:21:00Z,2025-04-11,415,201.2,1
344841117115101,USGS-344841117115101,2025-04-11T18:47:00Z,2025-04-11,415,27.97,1
344923117111601,USGS-344923117111601,2025-04-11T17:59:00Z,2025-04-11,415,6.36,1
345446117071101,USGS-345446117071101,2025-04-11T00:23:00Z,2025-04-11,415,71.83,1
342705119493501,USGS-342705119493501,2025-04-10T17:30:00Z,2025-04-10,416,0.9,2
342930117395301,USGS-342930117395301,2025-04-10T22:12:00Z,2025-04-10,416,530.37,1
342950117405601,USGS-342950117405601,2025-04-10T21:16:00Z,2025-04-10,416,492.87,1
342953117410201,USGS-342953117410201,2025-04-10T21:45:00Z,2025-04-10,416,481.76,1
343045117394301,USGS-343045117394301,2025-04-10T20:32:00Z,2025-04-10,416,376.3,1
343056117342401,USGS-343056117342401,2025-04-10T22:46:00Z,2025-04-10,416,401.16,1
343424117354101,USGS-343424117354101,2025-04-10T18:45:00Z,2025-04-10,416,127.89,1
343552117374801,USGS-343552117374801,2025-04-10T02:15:00Z,2025-04-10,416,108.88,1
343603117364901,USGS-343603117364901,2025-04-10T16:53:00Z,2025-04-10,416,82.59,1
343605117365301,USGS-343605117365301,2025-04-10T23:00:00Z,2025-04-10,416,NA,1
343608117365401,USGS-343608117365401,2025-04-10T16:09:00Z,2025-04-10,416,80.74,1
343619117355901,USGS-343619117355901,2025-04-10T00:52:00Z,2025-04-10,416,NA,1
343621117345501,USGS-343621117345501,2025-04-10T02:01:00Z,2025-04-10,416,225.89,1
344715117164301,USGS-344715117164301,2025-04-10T23:02:00Z,2025-04-10,416,11.54,1
344718117164301,USGS-344718117164301,2025-04-10T23:14:00Z,2025-04-10,416,12.26,1
344753117133301,USGS-344753117133301,2025-04-10T22:20:00Z,2025-04-10,416,19.22,1
344810117124901,USGS-344810117124901,2025-04-10T21:51:00Z,2025-04-10,416,10.17,1
344819117122601,USGS-344819117122601,2025-04-10T21:14:00Z,2025-04-10,416,10.49,1
345017117084401,USGS-345017117084401,2025-04-10T18:49:00Z,2025-04-10,416,275.63,1
345438116355401,USGS-345438116355401,2025-04-10T00:29:00Z,2025-04-10,416,92.22,1
342556119484401,USGS-342556119484401,2025-04-09T18:46:00Z,2025-04-09,417,72.76,3
343332117401301,USGS-343332117401301,2025-04-09T19:26:00Z,2025-04-09,417,201.28,1
343353117405101,USGS-343353117405101,2025-04-09T19:02:00Z,2025-04-09,417,192.13,1
343541117364801,USGS-343541117364801,2025-04-09T00:23:00Z,2025-04-09,417,97.21,1
343623117381201,USGS-343623117381201,2025-04-09T20:02:00Z,2025-04-09,417,185.08,1
343653117362001,USGS-343653117362001,2025-04-09T16:19:00Z,2025-04-09,417,54.38,1
343713117361601,USGS-343713117361601,2025-04-09T17:50:00Z,2025-04-09,417,48.99,1
343726117372201,USGS-343726117372201,2025-04-09T23:06:00Z,2025-04-09,417,159.78,1
343734117371701,USGS-343734117371701,2025-04-09T23:57:00Z,2025-04-09,417,115.83,1
343738117360801,USGS-343738117360801,2025-04-09T18:06:00Z,2025-04-09,417,211.89,1
343845117423201,USGS-343845117423201,2025-04-09T02:02:00Z,2025-04-09,417,66.7,1
343905117380701,USGS-343905117380701,2025-04-09T01:03:00Z,2025-04-09,417,74.03,1
345105116404801,USGS-345105116404801,2025-04-09T22:02:00Z,2025-04-09,417,NA,1
345314116433701,USGS-345314116433701,2025-04-09T20:51:00Z,2025-04-09,417,169.51,1
345404116394701,USGS-345404116394701,2025-04-09T23:23:00Z,2025-04-09,417,133.12,1
345405116401501,USGS-345405116401501,2025-04-09T22:54:00Z,2025-04-09,417,134.89,1
345501116391801,USGS-345501116391801,2025-04-09T01:19:00Z,2025-04-09,417,110.89,1
345516116440601,USGS-345516116440601,2025-04-09T02:26:00Z,2025-04-09,417,NA,1
345530116380201,USGS-345530116380201,2025-04-09T00:12:00Z,2025-04-09,417,79.03,1
345610116364601,USGS-345610116364601,2025-04-09T00:41:00Z,2025-04-09,417,28.07,1
342623119464701,USGS-342623119464701,2025-04-08T17:00:00Z,2025-04-08,418,140.15,3
343600117360001,USGS-343600117360001,2025-04-08T23:01:00Z,2025-04-08,418,79.42,1
343605117361901,USGS-343605117361901,2025-04-08T22:44:00Z,2025-04-08,418,78.39,1
343613117335301,USGS-343613117335301,2025-04-08T17:43:00Z,2025-04-08,418,50.22,1
343632117342101,USGS-343632117342101,2025-04-08T18:19:00Z,2025-04-08,418,37.77,1
343642117362701,USGS-343642117362701,2025-04-08T22:26:00Z,2025-04-08,418,61.16,1
343646117354501,USGS-343646117354501,2025-04-08T22:02:00Z,2025-04-08,418,48.24,1
343724117323201,USGS-343724117323201,2025-04-08T20:58:00Z,2025-04-08,418,89.26,1
343756117324401,USGS-343756117324401,2025-04-08T16:42:00Z,2025-04-08,418,117.03,1
345828116321101,USGS-345828116321101,2025-04-08T23:03:00Z,2025-04-08,418,24.88,2
345828116321102,USGS-345828116321102,2025-04-08T23:09:00Z,2025-04-08,418,NA,1
345841116313801,USGS-345841116313801,2025-04-08T23:32:00Z,2025-04-08,418,30.95,1
345841116313802,USGS-345841116313802,2025-04-08T23:34:00Z,2025-04-08,418,NA,1
345851116404301,USGS-345851116404301,2025-04-08T19:55:00Z,2025-04-08,418,106.15,1
345851116414901,USGS-345851116414901,2025-04-08T20:04:00Z,2025-04-08,418,96.71,2
345928116403301,USGS-345928116403301,2025-04-08T19:33:00Z,2025-04-08,418,93.47,1
345939116393301,USGS-345939116393301,2025-04-08T19:10:00Z,2025-04-08,418,91.11,1
345957116385501,USGS-345957116385501,2025-04-08T18:05:00Z,2025-04-08,418,85.17,1
350002116390301,USGS-350002116390301,2025-04-08T18:38:00Z,2025-04-08,418,72.16,1
350332116472001,USGS-350332116472001,2025-04-08T00:03:00Z,2025-04-08,418,NA,1
350417116452101,USGS-350417116452101,2025-04-08T00:42:00Z,2025-04-08,418,NA,1
345413116552201,USGS-345413116552201,2025-04-07T17:23:00Z,2025-04-07,419,267.59,1
350359116481001,USGS-350359116481001,2025-04-07T23:33:00Z,2025-04-07,419,57.79,2
350502116465901,USGS-350502116465901,2025-04-07T23:17:00Z,2025-04-07,419,NA,1
350515116472401,USGS-350515116472401,2025-04-07T23:02:00Z,2025-04-07,419,1.93,1
350531116472501,USGS-350531116472501,2025-04-07T22:49:00Z,2025-04-07,419,6.24,1
350541116501101,USGS-350541116501101,2025-04-07T19:30:00Z,2025-04-07,419,212.95,2
350657116483201,USGS-350657116483201,2025-04-07T19:48:00Z,2025-04-07,419,94.47,1
344956116352901,USGS-344956116352901,2025-04-04T01:10:00Z,2025-04-04,422,71.75,1
345516116363801,USGS-345516116363801,2025-04-04T02:17:00Z,2025-04-04,422,96.89,1
345551116520801,USGS-345551116520801,2025-04-04T16:46:00Z,2025-04-04,422,221.24,1
350737117570201,USGS-350737117570201,2025-04-04T19:47:00Z,2025-04-04,422,69.14,1
324510115565601,USGS-324510115565601,2025-04-03T23:18:00Z,2025-04-03,423,NA,3
344845116383701,USGS-344845116383701,2025-04-03T22:15:00Z,2025-04-03,423,105.83,1
345052116413901,USGS-345052116413901,2025-04-03T21:24:00Z,2025-04-03,423,91.25,1
345053116344701,USGS-345053116344701,2025-04-03T02:32:00Z,2025-04-03,423,58.36,2
345159116333901,USGS-345159116333901,2025-04-03T00:06:00Z,2025-04-03,423,51.48,2
345200116390002,USGS-345200116390002,2025-04-03T23:10:00Z,2025-04-03,423,141.58,1
345241116391401,USGS-345241116391401,2025-04-03T22:50:00Z,2025-04-03,423,140.38,1
345408116415101,USGS-345408116415101,2025-04-03T23:53:00Z,2025-04-03,423,156.23,1
343611117331801,USGS-343611117331801,2025-04-02T00:28:00Z,2025-04-02,424,NA,1
345053116484301,USGS-345053116484301,2025-04-02T19:18:00Z,2025-04-02,424,198.84,1
345109116332401,USGS-345109116332401,2025-04-02T22:21:00Z,2025-04-02,424,63.15,1
345115116435001,USGS-345115116435001,2025-04-02T00:49:00Z,2025-04-02,424,107.98,1
345118116332501,USGS-345118116332501,2025-04-02T22:43:00Z,2025-04-02,424,62.5,1
345124116460401,USGS-345124116460401,2025-04-02T00:23:00Z,2025-04-02,424,137.27,1
345142116332601,USGS-345142116332601,2025-04-02T23:44:00Z,2025-04-02,424,77.25,2
345356116523001,USGS-345356116523001,2025-04-02T20:30:00Z,2025-04-02,424,189.92,1
345356116523002,USGS-345356116523002,2025-04-02T20:33:00Z,2025-04-02,424,189.09,1
345356116523003,USGS-345356116523003,2025-04-02T20:37:00Z,2025-04-02,424,186.1,1
345050116481301,USGS-345050116481301,2025-04-01T19:54:00Z,2025-04-01,425,201.63,1
345147116535601,USGS-345147116535601,2025-04-01T19:02:00Z,2025-04-01,425,132.36,1
345210117070701,USGS-345210117070701,2025-04-01T16:52:00Z,2025-04-01,425,114.38,1
345225116555001,USGS-345225116555001,2025-04-01T18:31:00Z,2025-04-01,425,24.07,1
345225116555002,USGS-345225116555002,2025-04-01T18:35:00Z,2025-04-01,425,23.72,1
345542116522401,USGS-345542116522401,2025-04-01T22:28:00Z,2025-04-01,425,191.81,1
345542116522901,USGS-345542116522901,2025-04-01T22:58:00Z,2025-04-01,425,189.4,1
342400116540001,USGS-342400116540001,2025-03-28T17:39:00Z,2025-03-28,429,235.83,1
342441116522902,USGS-342441116522902,2025-03-28T16:38:00Z,2025-03-28,429,185.87,1
342529116563901,USGS-342529116563901,2025-03-28T20:04:00Z,2025-03-28,429,83.83,1
342555117014401,USGS-342555117014401,2025-03-28T18:56:00Z,2025-03-28,429,69.81,1
345329117065401,USGS-345329117065401,2025-03-28T16:32:00Z,2025-03-28,429,74.23,1
345400117000001,USGS-345400117000001,2025-03-28T19:41:00Z,2025-03-28,429,37.01,1
345400117010001,USGS-345400117010001,2025-03-28T19:08:00Z,2025-03-28,429,46.56,1
345418117100901,USGS-345418117100901,2025-03-28T20:38:00Z,2025-03-28,429,100.23,1
345455117052601,USGS-345455117052601,2025-03-28T22:29:00Z,2025-03-28,429,70.54,1
342501116535201,USGS-342501116535201,2025-03-27T20:26:00Z,2025-03-27,430,122.74,1
342511116541201,USGS-342511116541201,2025-03-27T19:06:00Z,2025-03-27,430,305.69,1
342530116542101,USGS-342530116542101,2025-03-27T18:17:00Z,2025-03-27,430,126.68,1
342546116513901,USGS-342546116513901,2025-03-27T17:33:00Z,2025-03-27,430,167.12,1
342743116562601,USGS-342743116562601,2025-03-27T16:06:00Z,2025-03-27,430,132.79,1
343338116553801,USGS-343338116553801,2025-03-27T15:20:00Z,2025-03-27,430,188.92,1
345441117080801,USGS-345441117080801,2025-03-27T22:19:00Z,2025-03-27,430,74.32,1
345623117111901,USGS-345623117111901,2025-03-27T14:35:00Z,2025-03-27,430,77.03,1
345816117101301,USGS-345816117101301,2025-03-27T15:08:00Z,2025-03-27,430,67.49,2
345924117111901,USGS-345924117111901,2025-03-27T16:06:00Z,2025-03-27,430,81.3,1
345931117322401,USGS-345931117322401,2025-03-27T13:47:00Z,2025-03-27,430,241.16,1
350028117192801,USGS-350028117192801,2025-03-27T00:18:00Z,2025-03-27,430,153.8,1
350036117110301,USGS-350036117110301,2025-03-27T20:02:00Z,2025-03-27,430,96.63,1
350103117134501,USGS-350103117134501,2025-03-27T16:49:00Z,2025-03-27,430,18.99,1
350306117120801,USGS-350306117120801,2025-03-27T19:14:00Z,2025-03-27,430,108.25,1
335737117001301,USGS-335737117001301,2025-03-26T17:26:00Z,2025-03-26,431,433.8,3
342441116522201,USGS-342441116522201,2025-03-26T15:19:00Z,2025-03-26,431,229.18,1
342553117012401,USGS-342553117012401,2025-03-26T20:26:00Z,2025-03-26,431,57.95,1
342629116564401,USGS-342629116564401,2025-03-26T19:26:00Z,2025-03-26,431,121.39,1
342633117022301,USGS-342633117022301,2025-03-26T16:00:00Z,2025-03-26,431,82.41,1
342758116571401,USGS-342758116571401,2025-03-26T18:22:00Z,2025-03-26,431,93.13,1
342817116583901,USGS-342817116583901,2025-03-26T18:46:00Z,2025-03-26,431,33.75,1
342906116543701,USGS-342906116543701,2025-03-26T16:55:00Z,2025-03-26,431,131.24,1
342916117012601,USGS-342916117012601,2025-03-26T17:33:00Z,2025-03-26,431,223.22,1
342955116533401,USGS-342955116533401,2025-03-26T16:31:00Z,2025-03-26,431,137.96,1
343308117392801,USGS-343308117392801,2025-03-26T00:14:00Z,2025-03-26,431,NA,1
345518117280601,USGS-345518117280601,2025-03-26T22:42:00Z,2025-03-26,431,240.97,1
350035117341001,USGS-350035117341001,2025-03-26T21:33:00Z,2025-03-26,431,168.21,1
350036117324701,USGS-350036117324701,2025-03-26T21:08:00Z,2025-03-26,431,173.82,1
350128117202801,USGS-350128117202801,2025-03-26T23:49:00Z,2025-03-26,431,151.15,2
393453118431001,USGS-393453118431001,2025-03-26T19:56:00Z,2025-03-26,431,4.81,3
393458118431101,USGS-393458118431101,2025-03-26T20:15:00Z,2025-03-26,431,NA,2
342542116513401,USGS-342542116513401,2025-03-25T19:37:00Z,2025-03-25,432,150.26,1
342714117015601,USGS-342714117015601,2025-03-25T21:59:00Z,2025-03-25,432,49.06,1
342728116541801,USGS-342728116541801,2025-03-25T20:15:00Z,2025-03-25,432,173.57,1
342728117053001,USGS-342728117053001,2025-03-25T21:27:00Z,2025-03-25,432,252.06,1
342732116504701,USGS-342732116504701,2025-03-25T18:05:00Z,2025-03-25,432,113.15,1
342754116534701,USGS-342754116534701,2025-03-25T18:37:00Z,2025-03-25,432,164.77,1
342820117061801,USGS-342820117061801,2025-03-25T20:57:00Z,2025-03-25,432,191.39,1
343500116581401,USGS-343500116581401,2025-03-25T20:14:00Z,2025-03-25,432,148.7,1
393002118521101,USGS-393002118521101,2025-03-25T20:49:00Z,2025-03-25,432,16.08,5
340729116272901,USGS-340729116272901,2025-03-24T21:06:00Z,2025-03-24,433,245.11,1
340737116250801,USGS-340737116250801,2025-03-24T14:34:00Z,2025-03-24,433,170.23,1
340737116250802,USGS-340737116250802,2025-03-24T14:40:00Z,2025-03-24,433,159.25,1
340737116250803,USGS-340737116250803,2025-03-24T14:48:00Z,2025-03-24,433,157.84,1
340801116163401,USGS-340801116163401,2025-03-24T16:48:00Z,2025-03-24,433,347.09,1
340817116185801,USGS-340817116185801,2025-03-24T16:05:00Z,2025-03-24,433,460.71,1
340819116145201,USGS-340819116145201,2025-03-24T19:03:00Z,2025-03-24,433,204.79,1
341224116143601,USGS-341224116143601,2025-03-24T18:16:00Z,2025-03-24,433,336.13,1
341414116160801,USGS-341414116160801,2025-03-24T19:49:00Z,2025-03-24,433,475.86,1
341316116240101,USGS-341316116240101,2025-03-23T20:58:00Z,2025-03-23,434,332.3,1
341412116262201,USGS-341412116262201,2025-03-23T20:00:00Z,2025-03-23,434,249.72,1
341600116250801,USGS-341600116250801,2025-03-23T19:26:00Z,2025-03-23,434,304.59,1
342306116350301,USGS-342306116350301,2025-03-23T17:44:00Z,2025-03-23,434,80.17,1
342446116354101,USGS-342446116354101,2025-03-23T16:46:00Z,2025-03-23,434,29.85,1
342533116360801,USGS-342533116360801,2025-03-23T16:11:00Z,2025-03-23,434,37.58,1
342558116354801,USGS-342558116354801,2025-03-23T15:48:00Z,2025-03-23,434,27.24,1
342216116374801,USGS-342216116374801,2025-03-22T19:36:00Z,2025-03-22,435,203.37,1
342448116424601,USGS-342448116424601,2025-03-22T17:01:00Z,2025-03-22,435,198.15,1
342600116385101,USGS-342600116385101,2025-03-22T19:04:00Z,2025-03-22,435,81.53,1
342612116471601,USGS-342612116471601,2025-03-22T16:19:00Z,2025-03-22,435,142.03,1
342620116351701,USGS-342620116351701,2025-03-22T20:43:00Z,2025-03-22,435,37.58,1
342631116405301,USGS-342631116405301,2025-03-22T18:39:00Z,2025-03-22,435,100.62,1
342708116422401,USGS-342708116422401,2025-03-22T18:10:00Z,2025-03-22,435,60.08,1
340609116271201,USGS-340609116271201,2025-03-21T22:47:00Z,2025-03-21,436,59.97,1
340722116081701,USGS-340722116081701,2025-03-21T18:07:00Z,2025-03-21,436,276.88,1
340754116144501,USGS-340754116144501,2025-03-21T20:37:00Z,2025-03-21,436,281.03,1
340803116140601,USGS-340803116140601,2025-03-21T20:07:00Z,2025-03-21,436,235.31,1
341044116144301,USGS-341044116144301,2025-03-21T21:16:00Z,2025-03-21,436,225.36,1
343220117274501,USGS-343220117274501,2025-03-21T00:58:00Z,2025-03-21,436,172.59,1
340718116263701,USGS-340718116263701,2025-03-20T19:33:00Z,2025-03-20,437,213.46,1
340734116264301,USGS-340734116264301,2025-03-20T19:10:00Z,2025-03-20,437,262.51,1
340741116224201,USGS-340741116224201,2025-03-20T17:05:00Z,2025-03-20,437,405.46,1
340741116224202,USGS-340741116224202,2025-03-20T17:15:00Z,2025-03-20,437,400.35,1
340741116224203,USGS-340741116224203,2025-03-20T17:23:00Z,2025-03-20,437,395.8,1
340741116224204,USGS-340741116224204,2025-03-20T17:32:00Z,2025-03-20,437,354.2,1
340746116244201,USGS-340746116244201,2025-03-20T20:48:00Z,2025-03-20,437,150.13,1
340746116244202,USGS-340746116244202,2025-03-20T20:57:00Z,2025-03-20,437,148.79,1
340746116244203,USGS-340746116244203,2025-03-20T21:03:00Z,2025-03-20,437,148.66,1
340746116244204,USGS-340746116244204,2025-03-20T21:10:00Z,2025-03-20,437,145.79,1
340800116222701,USGS-340800116222701,2025-03-20T16:41:00Z,2025-03-20,437,288.44,1
340815116281301,USGS-340815116281301,2025-03-20T18:48:00Z,2025-03-20,437,112.14,1
340824116180701,USGS-340824116180701,2025-03-20T22:16:00Z,2025-03-20,437,418.06,1
341125116255201,USGS-341125116255201,2025-03-20T20:10:00Z,2025-03-20,437,221.76,1
342000117160001,USGS-342000117160001,2025-03-20T22:29:00Z,2025-03-20,437,82.4,1
342740117165501,USGS-342740117165501,2025-03-20T20:26:00Z,2025-03-20,437,262.9,1
342954117190501,USGS-342954117190501,2025-03-20T19:41:00Z,2025-03-20,437,229.8,1
342959117165701,USGS-342959117165701,2025-03-20T18:52:00Z,2025-03-20,437,58.72,1
342959117170001,USGS-342959117170001,2025-03-20T18:41:00Z,2025-03-20,437,59.14,1
343833117203801,USGS-343833117203801,2025-03-20T00:42:00Z,2025-03-20,437,43.47,1
343925117561301,USGS-343925117561301,2025-03-20T00:27:00Z,2025-03-20,437,332.76,1
345117118242101,USGS-345117118242101,2025-03-20T20:11:00Z,2025-03-20,437,338.34,1
345122118220801,USGS-345122118220801,2025-03-20T18:50:00Z,2025-03-20,437,314.75,1
345143118231401,USGS-345143118231401,2025-03-20T19:48:00Z,2025-03-20,437,337.13,1
340819116145001,USGS-340819116145001,2025-03-19T21:22:00Z,2025-03-19,438,226.92,1
342154117144901,USGS-342154117144901,2025-03-19T20:16:00Z,2025-03-19,438,64.89,1
342436117133801,USGS-342436117133801,2025-03-19T19:41:00Z,2025-03-19,438,100.45,1
342613117132601,USGS-342613117132601,2025-03-19T19:19:00Z,2025-03-19,438,63.93,1
342840117261001,USGS-342840117261001,2025-03-19T23:47:00Z,2025-03-19,438,456.92,1
343328117122401,USGS-343328117122401,2025-03-19T17:03:00Z,2025-03-19,438,156.64,1
344303117242001,USGS-344303117242001,2025-03-19T00:38:00Z,2025-03-19,438,162.21,1
344400118184501,USGS-344400118184501,2025-03-19T19:29:00Z,2025-03-19,438,193.86,1
345202118133501,USGS-345202118133501,2025-03-19T18:32:00Z,2025-03-19,438,NA,1
343239117172401,USGS-343239117172401,2025-03-18T01:41:00Z,2025-03-18,439,7.93,1
343530117200401,USGS-343530117200401,2025-03-18T18:44:00Z,2025-03-18,439,5.38,1
343601117251401,USGS-343601117251401,2025-03-18T21:59:00Z,2025-03-18,439,44.41,1
343704117212801,USGS-343704117212801,2025-03-18T19:20:00Z,2025-03-18,439,17,1
343749117253601,USGS-343749117253601,2025-03-18T23:03:00Z,2025-03-18,439,53.74,1
343749117254801,USGS-343749117254801,2025-03-18T21:12:00Z,2025-03-18,439,51.62,1
343756117242201,USGS-343756117242201,2025-03-18T20:49:00Z,2025-03-18,439,62.71,1
343756117260701,USGS-343756117260701,2025-03-18T21:22:00Z,2025-03-18,439,54.6,1
343813117241501,USGS-343813117241501,2025-03-18T22:33:00Z,2025-03-18,439,75.38,1
343918117203301,USGS-343918117203301,2025-03-18T16:31:00Z,2025-03-18,439,46.52,1
343946117205001,USGS-343946117205001,2025-03-18T17:18:00Z,2025-03-18,439,18.03,1
343955117211201,USGS-343955117211201,2025-03-18T17:39:00Z,2025-03-18,439,1.96,1
344004117204301,USGS-344004117204301,2025-03-18T16:57:00Z,2025-03-18,439,25.89,1
343727118085202,USGS-343727118085202,2025-03-17T20:58:00Z,2025-03-17,440,451.04,2
403057116073301,USGS-403057116073301,2025-03-12T21:39:00Z,2025-03-12,445,51.43,2
383712115420301,USGS-383712115420301,2025-03-10T22:11:00Z,2025-03-10,447,109.61,4
362135114285401,USGS-362135114285401,2025-03-06T18:19:00Z,2025-03-06,451,275.99,2
335133117140501,USGS-335133117140501,2025-03-05T19:28:00Z,2025-03-05,452,30.37,12
335408117154401,USGS-335408117154401,2025-03-05T20:16:00Z,2025-03-05,452,8.48,12
391251114000001,USGS-391251114000001,2025-03-05T14:17:00Z,2025-03-05,452,23.4,1
371010116325403,USGS-371010116325403,2025-03-04T19:51:00Z,2025-03-04,453,1010.98,4
365500116003901,USGS-365500116003901,2025-02-27T23:11:00Z,2025-02-27,458,1538.58,2
392258119391601,USGS-392258119391601,2025-01-29T17:29:00Z,2025-01-29,487,115.37,1
393109118591301,USGS-393109118591301,2025-01-14T21:12:00Z,2025-01-14,502,76.7,2
420825123040401,USGS-420825123040401,2025-01-10T18:01:00Z,2025-01-10,506,35.58,1
381716116173201,USGS-381716116173201,2025-01-08T20:01:00Z,2025-01-08,508,95.35,1
344747116310801,USGS-344747116310801,2024-12-15T03:20:00Z,2024-12-15,532,56.42,1
345542116383901,USGS-345542116383901,2024-12-15T01:24:00Z,2024-12-15,532,66.18,1
345542116383902,USGS-345542116383902,2024-12-15T01:27:00Z,2024-12-15,532,66.63,1
345542116383903,USGS-345542116383903,2024-12-15T03:29:00Z,2024-12-15,532,64.65,1
345542116383904,USGS-345542116383904,2024-12-15T01:31:00Z,2024-12-15,532,63.82,1
345806116355101,USGS-345806116355101,2024-12-15T00:10:00Z,2024-12-15,532,59.7,1
345534116404801,USGS-345534116404801,2024-12-14T23:00:00Z,2024-12-14,533,132.72,1
345629116362901,USGS-345629116362901,2024-12-14T23:36:00Z,2024-12-14,533,16.18,1
345629116362902,USGS-345629116362902,2024-12-14T23:40:00Z,2024-12-14,533,14.49,1
345629116362903,USGS-345629116362903,2024-12-14T23:43:00Z,2024-12-14,533,16.3,1
350036116435601,USGS-350036116435601,2024-12-14T21:13:00Z,2024-12-14,533,61.01,1
344910117533101,USGS-344910117533101,2024-12-13T01:15:00Z,2024-12-13,534,133.03,1
344910117533102,USGS-344910117533102,2024-12-13T01:18:00Z,2024-12-13,534,132.38,1
344910117533103,USGS-344910117533103,2024-12-13T01:20:00Z,2024-12-13,534,131.71,1
344910117533104,USGS-344910117533104,2024-12-13T01:25:00Z,2024-12-13,534,130.61,1
344910117533105,USGS-344910117533105,2024-12-13T01:30:00Z,2024-12-13,534,130.52,2
344910117533106,USGS-344910117533106,2024-12-13T01:35:00Z,2024-12-13,534,119.49,1
351901117302801,USGS-351901117302801,2024-12-13T20:29:00Z,2024-12-13,534,97.82,1
352112117294301,USGS-352112117294301,2024-12-13T20:54:00Z,2024-12-13,534,122.37,1
345719117425101,USGS-345719117425101,2024-12-12T21:53:00Z,2024-12-12,535,136.37,1
345736117392201,USGS-345736117392201,2024-12-12T00:22:00Z,2024-12-12,535,60.48,1
345736117392202,USGS-345736117392202,2024-12-12T00:37:00Z,2024-12-12,535,56.02,1
350038117184501,USGS-350038117184501,2024-12-12T18:52:00Z,2024-12-12,535,130.88,1
344833117561302,USGS-344833117561302,2024-12-11T02:04:00Z,2024-12-11,536,142.3,1
345056117501401,USGS-345056117501401,2024-12-11T21:10:00Z,2024-12-11,536,102.9,1
345056117501402,USGS-345056117501402,2024-12-11T21:13:00Z,2024-12-11,536,102.23,1
345056117501403,USGS-345056117501403,2024-12-11T21:15:00Z,2024-12-11,536,101.04,1
345056117501404,USGS-345056117501404,2024-12-11T21:18:00Z,2024-12-11,536,100.82,1
345056117501405,USGS-345056117501405,2024-12-11T21:21:00Z,2024-12-11,536,58.7,1
345244117373301,USGS-345244117373301,2024-12-11T23:39:00Z,2024-12-11,536,75.31,1
345334117421401,USGS-345334117421401,2024-12-11T22:53:00Z,2024-12-11,536,24.49,1
345344117493801,USGS-345344117493801,2024-12-11T20:15:00Z,2024-12-11,536,99.85,1
345344117493802,USGS-345344117493802,2024-12-11T20:20:00Z,2024-12-11,536,99.63,1
342610119461101,USGS-342610119461101,2024-12-10T17:38:00Z,2024-12-10,537,179.62,2
344833117561301,USGS-344833117561301,2024-12-10T23:00:00Z,2024-12-10,537,144.33,1
344833117561303,USGS-344833117561303,2024-12-10T23:05:00Z,2024-12-10,537,140.79,1
344833117561304,USGS-344833117561304,2024-12-10T23:08:00Z,2024-12-10,537,136.54,1
344833117561305,USGS-344833117561305,2024-12-10T23:10:00Z,2024-12-10,537,100.57,1
344833117561306,USGS-344833117561306,2024-12-10T23:13:00Z,2024-12-10,537,67.43,1
345052117560201,USGS-345052117560201,2024-12-10T21:38:00Z,2024-12-10,537,124.53,1
345052117560202,USGS-345052117560202,2024-12-10T21:41:00Z,2024-12-10,537,131.73,1
362830115270501,USGS-362830115270501,2024-11-26T18:27:00Z,2024-11-26,551,214.16,1
343334117550401,USGS-343334117550401,2024-11-21T21:13:00Z,2024-11-21,556,85.55,1
345225118224701,USGS-345225118224701,2024-11-21T17:35:00Z,2024-11-21,556,NA,1
370648116473001,USGS-370648116473001,2024-11-19T18:26:00Z,2024-11-19,558,93.49,1
370753116502701,USGS-370753116502701,2024-11-19T17:45:00Z,2024-11-19,558,57.55,1
370840116510101,USGS-370840116510101,2024-11-19T17:33:00Z,2024-11-19,558,42.98,1
343758118111101,USGS-343758118111101,2024-11-18T20:37:00Z,2024-11-18,559,NA,1
365502115134101,USGS-365502115134101,2024-11-18T22:19:00Z,2024-11-18,559,209.69,1
344110117581301,USGS-344110117581301,2024-11-07T22:30:00Z,2024-11-07,570,NA,1
344615118213301,USGS-344615118213301,2024-11-07T17:20:00Z,2024-11-07,570,NA,1
344240118141001,USGS-344240118141001,2024-11-05T21:00:00Z,2024-11-05,572,97.66,1
343300117500401,USGS-343300117500401,2024-10-24T20:25:00Z,2024-10-24,584,120.87,1
344507118121001,USGS-344507118121001,2024-10-23T16:47:00Z,2024-10-23,585,90.91,1
342654118063901,USGS-342654118063901,2024-10-22T17:04:00Z,2024-10-22,586,9.74,1
400649116120101,USGS-400649116120101,2024-10-21T22:16:00Z,2024-10-21,587,52.81,1
361954116181201,USGS-361954116181201,2024-10-18T18:21:00Z,2024-10-18,590,205.3,1
361954116181202,USGS-361954116181202,2024-10-18T18:15:00Z,2024-10-18,590,79.33,1
392234119393201,USGS-392234119393201,2024-10-15T17:00:00Z,2024-10-15,593,249.15,1
345021118173001,USGS-345021118173001,2024-10-09T15:30:00Z,2024-10-09,599,NA,1
371835120332801,USGS-371835120332801,2024-10-08T18:00:00Z,2024-10-08,600,70.81,1
351515116395201,USGS-351515116395201,2024-09-30T16:14:00Z,2024-09-30,608,56.38,2
351558116412101,USGS-351558116412101,2024-09-29T18:16:00Z,2024-09-29,609,207.49,2
351558116412102,USGS-351558116412102,2024-09-29T18:06:00Z,2024-09-29,609,207.51,2
351716116363701,USGS-351716116363701,2024-09-28T14:54:00Z,2024-09-28,610,198.27,2
351716116363702,USGS-351716116363702,2024-09-28T15:04:00Z,2024-09-28,610,198.4,2
351716116363703,USGS-351716116363703,2024-09-28T15:15:00Z,2024-09-28,610,198.78,2
351716116363705,USGS-351716116363705,2024-09-28T16:04:00Z,2024-09-28,610,199.08,2
351738116374101,USGS-351738116374101,2024-09-28T23:06:00Z,2024-09-28,610,200.8,2
351759116374401,USGS-351759116374401,2024-09-28T20:56:00Z,2024-09-28,610,223.49,2
351759116374402,USGS-351759116374402,2024-09-28T21:14:00Z,2024-09-28,610,229.95,2
351759116374403,USGS-351759116374403,2024-09-28T21:49:00Z,2024-09-28,610,230.3,2
351809116375901,USGS-351809116375901,2024-09-28T22:12:00Z,2024-09-28,610,232.5,2
351811116361701,USGS-351811116361701,2024-09-28T17:51:00Z,2024-09-28,610,226.77,2
351828116371201,USGS-351828116371201,2024-09-28T18:52:00Z,2024-09-28,610,283.88,2
351828116371202,USGS-351828116371202,2024-09-28T19:07:00Z,2024-09-28,610,283.94,2
351828116371203,USGS-351828116371203,2024-09-28T19:50:00Z,2024-09-28,610,283.98,2
351128116374701,USGS-351128116374701,2024-09-27T15:44:00Z,2024-09-27,611,100.1,2
351128116374702,USGS-351128116374702,2024-09-27T15:52:00Z,2024-09-27,611,100.47,2
351128116374703,USGS-351128116374703,2024-09-27T16:06:00Z,2024-09-27,611,101.51,2
351226116380401,USGS-351226116380401,2024-09-27T18:51:00Z,2024-09-27,611,73.17,2
351304116374501,USGS-351304116374501,2024-09-27T23:48:00Z,2024-09-27,611,98.4,2
351539116405603,USGS-351539116405603,2024-09-27T14:40:00Z,2024-09-27,611,161.84,2
351539116405604,USGS-351539116405604,2024-09-27T14:46:00Z,2024-09-27,611,161.72,2
351539116405605,USGS-351539116405605,2024-09-27T14:34:00Z,2024-09-27,611,161.11,2
351539116405606,USGS-351539116405606,2024-09-27T14:45:00Z,2024-09-27,611,161.11,2
344626118325101,USGS-344626118325101,2024-09-26T17:10:00Z,2024-09-26,612,140.61,1
344630117571101,USGS-344630117571101,2024-09-26T21:00:00Z,2024-09-26,612,112.75,1
351019116373501,USGS-351019116373501,2024-09-26T21:08:00Z,2024-09-26,612,154.28,2
351019116373502,USGS-351019116373502,2024-09-26T21:16:00Z,2024-09-26,612,155.01,2
351019116373503,USGS-351019116373503,2024-09-26T21:51:00Z,2024-09-26,612,159.48,2
351107116382701,USGS-351107116382701,2024-09-26T23:50:00Z,2024-09-26,612,189.07,2
351514116401401,USGS-351514116401401,2024-09-26T16:29:00Z,2024-09-26,612,84.8,2
351514116401402,USGS-351514116401402,2024-09-26T16:33:00Z,2024-09-26,612,84.65,2
351514116401403,USGS-351514116401403,2024-09-26T16:56:00Z,2024-09-26,612,84.39,2
351521116400201,USGS-351521116400201,2024-09-26T17:17:00Z,2024-09-26,612,71.8,2
351521116400202,USGS-351521116400202,2024-09-26T17:20:00Z,2024-09-26,612,71.76,2
351521116400203,USGS-351521116400203,2024-09-26T17:52:00Z,2024-09-26,612,71.66,2
351523116402801,USGS-351523116402801,2024-09-26T15:17:00Z,2024-09-26,612,107.36,2
351523116402802,USGS-351523116402802,2024-09-26T15:22:00Z,2024-09-26,612,107.12,2
351523116402803,USGS-351523116402803,2024-09-26T15:53:00Z,2024-09-26,612,106.7,2
351527116412501,USGS-351527116412501,2024-09-26T18:54:00Z,2024-09-26,612,201.48,2
351527116412502,USGS-351527116412502,2024-09-26T18:58:00Z,2024-09-26,612,200.96,2
351527116412503,USGS-351527116412503,2024-09-26T19:01:00Z,2024-09-26,612,200.02,2
351527116412504,USGS-351527116412504,2024-09-26T19:11:00Z,2024-09-26,612,199.66,2
351527116412505,USGS-351527116412505,2024-09-26T19:14:00Z,2024-09-26,612,199.41,2
344418118281801,USGS-344418118281801,2024-09-25T17:13:00Z,2024-09-25,613,57.94,1
342847118105701,USGS-342847118105701,2024-09-24T20:25:00Z,2024-09-24,614,NA,1
372205120381701,USGS-372205120381701,2024-09-22T18:30:00Z,2024-09-22,616,101,1
390106119424301,USGS-390106119424301,2024-09-17T17:23:00Z,2024-09-17,621,134.04,1
343751118193501,USGS-343751118193501,2024-09-12T17:50:00Z,2024-09-12,626,32,1
344512114284801,USGS-344512114284801,2024-09-12T14:47:00Z,2024-09-12,626,51.72,1
350759114324801,USGS-350759114324801,2024-09-12T00:17:00Z,2024-09-12,626,394.06,1
342758117572701,USGS-342758117572701,2024-09-10T16:20:00Z,2024-09-10,628,NA,1
392132118411002,USGS-392132118411002,2024-08-27T17:54:00Z,2024-08-27,642,3.42,1
392132118411003,USGS-392132118411003,2024-08-27T18:18:00Z,2024-08-27,642,2.86,1
392132118411004,USGS-392132118411004,2024-08-27T18:00:00Z,2024-08-27,642,2,1
392735118484501,USGS-392735118484501,2024-08-26T18:27:00Z,2024-08-26,643,6.21,1
373934121045001,USGS-373934121045001,2024-08-24T23:50:00Z,2024-08-24,645,16.71,1
391901119120201,USGS-391901119120201,2024-08-22T17:40:00Z,2024-08-22,647,38.44,1
391910119112001,USGS-391910119112001,2024-08-22T17:53:00Z,2024-08-22,647,46.87,1
391956119121601,USGS-391956119121601,2024-08-22T16:45:00Z,2024-08-22,647,36.8,1
392022119123101,USGS-392022119123101,2024-08-22T16:58:00Z,2024-08-22,647,33.63,1
392046119095901,USGS-392046119095901,2024-08-22T18:26:00Z,2024-08-22,647,43.17,1
392114119101401,USGS-392114119101401,2024-08-22T19:12:00Z,2024-08-22,647,39.5,1
392148119120901,USGS-392148119120901,2024-08-22T19:31:00Z,2024-08-22,647,34.56,1
392219119124401,USGS-392219119124401,2024-08-22T19:46:00Z,2024-08-22,647,38.09,1
392245119124401,USGS-392245119124401,2024-08-22T19:54:00Z,2024-08-22,647,34.74,1
392258119130001,USGS-392258119130001,2024-08-22T20:03:00Z,2024-08-22,647,24.72,1
392635119023101,USGS-392635119023101,2024-08-22T22:16:00Z,2024-08-22,647,58.67,1
343836120260001,USGS-343836120260001,2024-08-21T21:22:00Z,2024-08-21,648,59.22,1
343938120264001,USGS-343938120264001,2024-08-21T00:42:00Z,2024-08-21,648,45.39,2
343938120264002,USGS-343938120264002,2024-08-21T20:15:00Z,2024-08-21,648,84.46,3
371835120332802,USGS-371835120332802,2024-08-20T17:50:00Z,2024-08-20,649,44.8,1
372207120381201,USGS-372207120381201,2024-08-20T19:20:00Z,2024-08-20,649,107.72,1
372207120381202,USGS-372207120381202,2024-08-20T19:00:00Z,2024-08-20,649,83.26,1
372742120443601,USGS-372742120443601,2024-08-20T20:40:00Z,2024-08-20,649,71.7,1
373240120473201,USGS-373240120473201,2024-08-20T22:20:00Z,2024-08-20,649,98.34,1
373240120473202,USGS-373240120473202,2024-08-20T21:50:00Z,2024-08-20,649,96.5,1
391600119080601,USGS-391600119080601,2024-08-20T20:30:00Z,2024-08-20,649,46.02,1
391636119024101,USGS-391636119024101,2024-08-20T20:56:00Z,2024-08-20,649,35.11,1
391731119031701,USGS-391731119031701,2024-08-20T21:11:00Z,2024-08-20,649,29.13,1
392058119254101,USGS-392058119254101,2024-08-20T18:26:00Z,2024-08-20,649,74.04,1
374438121130901,USGS-374438121130901,2024-08-19T22:30:00Z,2024-08-19,650,10.51,1
374438121130902,USGS-374438121130902,2024-08-19T22:20:00Z,2024-08-19,650,10.43,1
374524121084801,USGS-374524121084801,2024-08-19T19:40:00Z,2024-08-19,650,31.14,1
374635121040901,USGS-374635121040901,2024-08-19T20:30:00Z,2024-08-19,650,51.44,1
374909121110101,USGS-374909121110101,2024-08-19T19:10:00Z,2024-08-19,650,45.24,1
391838119325401,USGS-391838119325401,2024-08-16T19:00:00Z,2024-08-16,653,124.53,1
392233119183701,USGS-392233119183701,2024-08-16T21:45:00Z,2024-08-16,653,359.21,1
344043120322405,USGS-344043120322405,2024-08-14T20:58:00Z,2024-08-14,655,31.75,1
344043120322408,USGS-344043120322408,2024-08-13T20:08:00Z,2024-08-13,656,28.86,1
344048120320201,USGS-344048120320201,2024-08-12T17:10:00Z,2024-08-12,657,29.61,1
391024119425801,USGS-391024119425801,2024-08-12T16:33:00Z,2024-08-12,657,16.58,1
343330117501701,USGS-343330117501701,2024-08-06T00:21:00Z,2024-08-06,663,NA,1
371024116293102,USGS-371024116293102,2024-07-30T17:18:00Z,2024-07-30,670,1359.96,2
383933114190501,USGS-383933114190501,2024-07-10T02:49:00Z,2024-07-10,690,484.16,1
391004119433301,USGS-391004119433301,2024-07-02T21:40:00Z,2024-07-02,698,8.47,1
353822120495201,USGS-353822120495201,2024-06-06T20:59:00Z,2024-06-06,724,17.89,2
333315116404301,USGS-333315116404301,2024-06-05T20:51:00Z,2024-06-05,725,99.5,1
350212114354801,USGS-350212114354801,2024-06-05T23:57:00Z,2024-06-05,725,106.94,1
353130120435701,USGS-353130120435701,2024-06-03T16:33:00Z,2024-06-03,727,41.04,1
353156120440501,USGS-353156120440501,2024-06-02T00:33:00Z,2024-06-02,728,75.78,1
353200120440701,USGS-353200120440701,2024-06-02T00:45:00Z,2024-06-02,728,57.94,1
353204120433201,USGS-353204120433201,2024-06-02T20:34:00Z,2024-06-02,728,16.03,2
353419120470301,USGS-353419120470301,2024-06-02T22:26:00Z,2024-06-02,728,57.7,1
353422120470901,USGS-353422120470901,2024-06-02T22:01:00Z,2024-06-02,728,46.93,1
353733120470101,USGS-353733120470101,2024-06-02T14:38:00Z,2024-06-02,728,43.1,2
353744120505701,USGS-353744120505701,2024-06-02T17:09:00Z,2024-06-02,728,126.78,1
353755120514001,USGS-353755120514001,2024-06-02T16:14:00Z,2024-06-02,728,30.45,1
353803120514801,USGS-353803120514801,2024-06-02T15:53:00Z,2024-06-02,728,33.43,1
354108120565701,USGS-354108120565701,2024-06-02T17:59:00Z,2024-06-02,728,55.86,1
353050120465901,USGS-353050120465901,2024-06-01T23:10:00Z,2024-06-01,729,144.81,1
353612120484601,USGS-353612120484601,2024-06-01T18:14:00Z,2024-06-01,729,40.95,1
353620120485001,USGS-353620120485001,2024-06-01T18:40:00Z,2024-06-01,729,61.55,1
353651120475801,USGS-353651120475801,2024-06-01T17:18:00Z,2024-06-01,729,53.45,1
353732120465801,USGS-353732120465801,2024-06-01T20:54:00Z,2024-06-01,729,31.99,1
353732120465802,USGS-353732120465802,2024-06-01T21:00:00Z,2024-06-01,729,32.71,1
354040120572101,USGS-354040120572101,2024-06-01T00:24:00Z,2024-06-01,729,120.49,1
354040120572102,USGS-354040120572102,2024-06-01T00:39:00Z,2024-06-01,729,123.1,1
353204120485501,USGS-353204120485501,2024-05-31T16:23:00Z,2024-05-31,730,39.65,1
353204120485502,USGS-353204120485502,2024-05-31T16:31:00Z,2024-05-31,730,62.38,1
353205120490801,USGS-353205120490801,2024-05-31T15:54:00Z,2024-05-31,730,84.22,1
353429120511401,USGS-353429120511401,2024-05-31T20:50:00Z,2024-05-31,730,-8.44,1
353914120455801,USGS-353914120455801,2024-05-31T22:25:00Z,2024-05-31,730,242.52,1
353914120534201,USGS-353914120534201,2024-05-31T17:32:00Z,2024-05-31,730,23.66,1
353918120530501,USGS-353918120530501,2024-05-31T19:16:00Z,2024-05-31,730,38.11,1
353921120523801,USGS-353921120523801,2024-05-31T19:38:00Z,2024-05-31,730,87.71,1
353926120552501,USGS-353926120552501,2024-05-31T18:06:00Z,2024-05-31,730,8.71,1
353156120461601,USGS-353156120461601,2024-05-30T18:43:00Z,2024-05-30,731,28.25,1
353307120480501,USGS-353307120480501,2024-05-30T16:01:00Z,2024-05-30,731,40.11,1
353316120483701,USGS-353316120483701,2024-05-30T22:44:00Z,2024-05-30,731,88.23,1
353327120463001,USGS-353327120463001,2024-05-30T18:04:00Z,2024-05-30,731,31.28,1
353331120482301,USGS-353331120482301,2024-05-30T23:43:00Z,2024-05-30,731,19.33,1
353337120484501,USGS-353337120484501,2024-05-30T23:17:00Z,2024-05-30,731,79.33,1
353413120443501,USGS-353413120443501,2024-05-30T21:27:00Z,2024-05-30,731,26.22,1
353415120442001,USGS-353415120442001,2024-05-30T21:13:00Z,2024-05-30,731,20.86,1
353429120450101,USGS-353429120450101,2024-05-30T21:59:00Z,2024-05-30,731,143.29,1
353434120464401,USGS-353434120464401,2024-05-30T15:11:00Z,2024-05-30,731,29.73,1
353454120462601,USGS-353454120462601,2024-05-30T16:55:00Z,2024-05-30,731,172.79,1
353521120460101,USGS-353521120460101,2024-05-30T17:30:00Z,2024-05-30,731,75.35,1
353703120504501,USGS-353703120504501,2024-05-30T20:02:00Z,2024-05-30,731,51.06,1
353819120444301,USGS-353819120444301,2024-05-30T00:31:00Z,2024-05-30,731,391.58,1
382109116194901,USGS-382109116194901,2024-05-30T21:50:00Z,2024-05-30,731,NA,1
353107120473101,USGS-353107120473101,2024-05-29T17:37:00Z,2024-05-29,732,87.42,1
353117120435301,USGS-353117120435301,2024-05-29T16:11:00Z,2024-05-29,732,90.3,1
353158120462601,USGS-353158120462601,2024-05-29T19:33:00Z,2024-05-29,732,53.74,1
353205120462101,USGS-353205120462101,2024-05-29T19:05:00Z,2024-05-29,732,115.95,1
353555120483701,USGS-353555120483701,2024-05-29T20:38:00Z,2024-05-29,732,61.24,1
353555120483702,USGS-353555120483702,2024-05-29T20:54:00Z,2024-05-29,732,58.67,1
353814120443101,USGS-353814120443101,2024-05-29T23:56:00Z,2024-05-29,732,383.56,1
353823120494201,USGS-353823120494201,2024-05-29T22:18:00Z,2024-05-29,732,9.74,1
353834120432801,USGS-353834120432801,2024-05-29T23:01:00Z,2024-05-29,732,74.16,1
392418123481701,USGS-392418123481701,2024-05-24T17:41:00Z,2024-05-24,737,3.21,1
392830123474501,USGS-392830123474501,2024-05-24T15:41:00Z,2024-05-24,737,0.84,1
404421124104101,USGS-404421124104101,2024-05-24T21:41:00Z,2024-05-24,737,46.25,1
410203124062501,USGS-410203124062501,2024-05-24T15:40:00Z,2024-05-24,737,39.64,1
383026116132801,USGS-383026116132801,2024-05-23T00:20:00Z,2024-05-23,738,NA,1
403233124040801,USGS-403233124040801,2024-05-23T20:01:00Z,2024-05-23,738,14.13,1
403416124084901,USGS-403416124084901,2024-05-23T18:45:00Z,2024-05-23,738,23.76,1
403515124150301,USGS-403515124150301,2024-05-23T17:20:00Z,2024-05-23,738,21.51,1
382341116192801,USGS-382341116192801,2024-05-22T22:10:00Z,2024-05-22,739,NA,1
404120124122601,USGS-404120124122601,2024-05-22T22:30:00Z,2024-05-22,739,-0.82,1
405150123582701,USGS-405150123582701,2024-05-22T19:31:00Z,2024-05-22,739,15.42,1
410420124083301,USGS-410420124083301,2024-05-22T16:35:00Z,2024-05-22,739,3.93,1
413430124040001,USGS-413430124040001,2024-05-21T22:00:00Z,2024-05-21,740,9.5,1
414911124060301,USGS-414911124060301,2024-05-21T16:40:00Z,2024-05-21,740,21.79,1
414911124124701,USGS-414911124124701,2024-05-21T19:40:00Z,2024-05-21,740,2.87,1
415522124084301,USGS-415522124084301,2024-05-21T15:30:00Z,2024-05-21,740,17.52,1
392338119385601,USGS-392338119385601,2024-05-09T23:30:00Z,2024-05-09,752,146.78,1
343145117163501,USGS-343145117163501,2024-05-06T19:55:00Z,2024-05-06,755,13.4,1
342916117390001,USGS-342916117390001,2024-05-03T18:58:00Z,2024-05-03,758,537.57,1
370500120190001,USGS-370500120190001,2024-05-02T16:30:00Z,2024-05-02,759,82.5,1
364000120080001,USGS-364000120080001,2024-05-01T18:35:00Z,2024-05-01,760,NA,1
385458115194401,USGS-385458115194401,2024-05-01T01:21:00Z,2024-05-01,760,NA,1
364500120050001,USGS-364500120050001,2024-04-30T15:35:00Z,2024-04-30,761,107.08,1
364900120030001,USGS-364900120030001,2024-04-30T19:25:00Z,2024-04-30,761,75.72,1
335649118035001,USGS-335649118035001,2024-04-29T16:40:00Z,2024-04-29,762,84.26,1
335613118034401,USGS-335613118034401,2024-04-28T20:30:00Z,2024-04-28,763,104.68,1
335630118040301,USGS-335630118040301,2024-04-28T17:05:00Z,2024-04-28,763,89.78,1
370523117143701,USGS-370523117143701,2024-04-24T18:40:00Z,2024-04-24,767,270.98,1
371024116293104,USGS-371024116293104,2024-04-24T19:14:00Z,2024-04-24,767,1362.5,1
350929116372201,USGS-350929116372201,2024-04-17T16:24:00Z,2024-04-17,774,298.9,1
350929116372202,USGS-350929116372202,2024-04-17T16:28:00Z,2024-04-17,774,298.98,1
350929116372301,USGS-350929116372301,2024-04-17T16:18:00Z,2024-04-17,774,298.13,1
351020116385101,USGS-351020116385101,2024-04-17T16:52:00Z,2024-04-17,774,263.38,1
351054116373601,USGS-351054116373601,2024-04-17T17:13:00Z,2024-04-17,774,144.07,1
351153116371601,USGS-351153116371601,2024-04-17T15:44:00Z,2024-04-17,774,72.85,1
351530116394401,USGS-351530116394401,2024-04-17T21:35:00Z,2024-04-17,774,43.9,1
351608116395701,USGS-351608116395701,2024-04-17T21:20:00Z,2024-04-17,774,91.57,1
351610116380501,USGS-351610116380501,2024-04-17T22:30:00Z,2024-04-17,774,189.37,1
351638116374301,USGS-351638116374301,2024-04-17T22:08:00Z,2024-04-17,774,191.69,1
351638116374303,USGS-351638116374303,2024-04-17T22:13:00Z,2024-04-17,774,191.49,1
351638116374304,USGS-351638116374304,2024-04-17T22:17:00Z,2024-04-17,774,191.57,1
351656116392901,USGS-351656116392901,2024-04-17T22:38:00Z,2024-04-17,774,80.81,1
351659116393801,USGS-351659116393801,2024-04-17T22:42:00Z,2024-04-17,774,86.67,1
351416116392201,USGS-351416116392201,2024-04-16T19:33:00Z,2024-04-16,775,26.63,1
351416116392202,USGS-351416116392202,2024-04-16T19:39:00Z,2024-04-16,775,25.96,1
351416116392203,USGS-351416116392203,2024-04-16T19:56:00Z,2024-04-16,775,25.97,1
351418116410201,USGS-351418116410201,2024-04-16T20:20:00Z,2024-04-16,775,204.29,1
351422116392501,USGS-351422116392501,2024-04-16T18:19:00Z,2024-04-16,775,23.13,1
351429116395401,USGS-351429116395401,2024-04-16T17:59:00Z,2024-04-16,775,58.56,1
351441116400401,USGS-351441116400401,2024-04-16T17:45:00Z,2024-04-16,775,62.59,1
351449116400501,USGS-351449116400501,2024-04-16T17:45:00Z,2024-04-16,775,68.39,1
351449116400502,USGS-351449116400502,2024-04-16T17:47:00Z,2024-04-16,775,68.33,1
351449116400503,USGS-351449116400503,2024-04-16T17:50:00Z,2024-04-16,775,68.43,1
351456116395001,USGS-351456116395001,2024-04-16T17:19:00Z,2024-04-16,775,53.09,1
351504116400301,USGS-351504116400301,2024-04-16T17:08:00Z,2024-04-16,775,68.57,1
351525116402901,USGS-351525116402901,2024-04-16T16:55:00Z,2024-04-16,775,111.88,1
351534116392701,USGS-351534116392701,2024-04-16T00:36:00Z,2024-04-16,775,111.34,1
351551116395601,USGS-351551116395601,2024-04-16T00:20:00Z,2024-04-16,775,79.87,1
351556116402401,USGS-351556116402401,2024-04-16T16:38:00Z,2024-04-16,775,111.03,1
351556116402402,USGS-351556116402402,2024-04-16T16:43:00Z,2024-04-16,775,111.05,1
351614116394401,USGS-351614116394401,2024-04-16T01:10:00Z,2024-04-16,775,114.77,1
351716116363704,USGS-351716116363704,2024-04-16T18:48:00Z,2024-04-16,775,199.43,1
351528116393201,USGS-351528116393201,2024-04-15T22:55:00Z,2024-04-15,776,86.08,1
351533116394401,USGS-351533116394401,2024-04-15T22:40:00Z,2024-04-15,776,62.7,1
351539116393001,USGS-351539116393001,2024-04-15T23:09:00Z,2024-04-15,776,78.08,1
351542116393702,USGS-351542116393702,2024-04-15T22:29:00Z,2024-04-15,776,63.38,1
351549116393801,USGS-351549116393801,2024-04-15T22:16:00Z,2024-04-15,776,65.07,1
351550116393101,USGS-351550116393101,2024-04-15T23:36:00Z,2024-04-15,776,77.65,1
351551116392601,USGS-351551116392601,2024-04-15T23:24:00Z,2024-04-15,776,121.28,1
351557116393901,USGS-351557116393901,2024-04-15T21:32:00Z,2024-04-15,776,79.21,1
351559116393701,USGS-351559116393701,2024-04-15T22:03:00Z,2024-04-15,776,85.48,1
351559116395701,USGS-351559116395701,2024-04-15T20:53:00Z,2024-04-15,776,84.01,1
351559116395702,USGS-351559116395702,2024-04-15T20:59:00Z,2024-04-15,776,84.01,1
351602116355101,USGS-351602116355101,2024-04-15T21:15:00Z,2024-04-15,776,83.16,1
351602116401101,USGS-351602116401101,2024-04-15T20:38:00Z,2024-04-15,776,101.86,1
351603116393801,USGS-351603116393801,2024-04-15T21:50:00Z,2024-04-15,776,93.11,1
351604116393101,USGS-351604116393101,2024-04-15T23:50:00Z,2024-04-15,776,121.69,1
351616116410701,USGS-351616116410701,2024-04-15T19:55:00Z,2024-04-15,776,218.92,1
351616116410702,USGS-351616116410702,2024-04-15T19:47:00Z,2024-04-15,776,218.69,1
351616116410703,USGS-351616116410703,2024-04-15T20:02:00Z,2024-04-15,776,218.17,1
334035114274101,USGS-334035114274101,2024-04-04T21:56:00Z,2024-04-04,787,94.32,1
364744119180601,USGS-364744119180601,2024-04-04T16:30:00Z,2024-04-04,787,42.45,1
324251115522201,USGS-324251115522201,2024-03-22T16:59:00Z,2024-03-22,800,33.22,1
