{
"type": "FeatureCollection",
"name": "conveyance_lines_sample",
"crs": { "type": "name", "properties": { "name": "urn:ogc:def:crs:OGC:1.3:CRS84" } },
"features": [
{ "type": "Feature", "properties": { "facility_id": "CVY_00049B8E", "source_segment_count": 1, "facility_length_mi_map": 4.03, "facility_blm_crosses_map": false, "facility_blm_length_mi_map": 0.0, "facility_blm_pct_length_map": 0.0, "facility_blm_nearest_mi_map": 5.57, "facility_blm_crossing_count_map": 0 }, "geometry": { "type": "MultiLineString", "coordinates": [ [ [ -121.848167189241224, 42.072081541194521 ], [ -121.8242975714316, 42.067778936925798 ], [ -121.79629499364593, 42.046785631772792 ], [ -121.795681281711779, 42.046779193045829 ], [ -121.795159412633993, 42.045973045529436 ], [ -121.78886936679379, 42.041846297355477 ], [ -121.788798197765402, 42.039034545769681 ] ] ] } },
{ "type": "Feature", "properties": { "facility_id": "CVY_001F8FA8", "source_segment_count": 2, "facility_length_mi_map": 24.19, "facility_blm_crosses_map": false, "facility_blm_length_mi_map": 0.0, "facility_blm_pct_length_map": 0.0, "facility_blm_nearest_mi_map": 11.55, "facility_blm_crossing_count_map": 0 }, "geometry": { "type": "MultiLineString", "coordinates": [ [ [ -119.765755793794838, 36.778021380682361 ], [ -119.765796591539399, 36.778034515280794 ], [ -119.765967581438716, 36.778073384878844 ], [ -119.766048776729647, 36.77809998682514 ], [ -119.766176770041852, 36.778127989015537 ], [ -119.76621876748203, 36.778139789919429 ], [ -119.766257231485994, 36.778158123498692 ], [ -119.766347226643134, 36.778165392718783 ], [ -119.76642962252896, 36.778191994665029 ], [ -119.766557548392029, 36.778225596034574 ], [ -119.766818334698357, 36.778279134474516 ], [ -119.766859931040926, 36.778292602721464 ], [ -119.76689739589807, 36.778310736651235 ], [ -119.766977992240484, 36.778342338827891 ], [ -119.767021588675291, 36.77834713850978 ], [ -119.767109183541947, 36.778362541198341 ], [ -119.767238310899302, 36.778393343877894 ], [ -119.767322171780791, 36.778417011336103 ], [ -119.767876873618789, 36.778555355845029 ], [ -119.767958669656835, 36.778582024341091 ], [ -119.768042330888832, 36.778604425553915 ], [ -119.768341648648104, 36.77867403218081 ], [ -119.768424643482504, 36.778697966737788 ], [ -119.769576445696373, 36.778975590151475 ], [ -119.76983136482562, 36.779039194703174 ], [ -119.769914360559198, 36.779063596008264 ], [ -119.770041753124289, 36.779095398733723 ], [ -119.771062561887604, 36.779346618052145 ], [ -119.771144957773586, 36.779372286501939 ], [ -119.771230286348597, 36.779392487972963 ], [ -119.771271150643017, 36.779405689121425 ], [ -119.771482739536737, 36.779460093608535 ], [ -119.771526469071219, 36.779467827778177 ], [ -119.771705327139117, 36.779480098128225 ], [ -119.771838253232701, 36.779482433667383 ], [ -119.77192724924312, 36.779480301374875 ], [ -119.771972046272808, 36.779486102901394 ], [ -119.772060508085929, 36.779487104746288 ], [ -119.772281630692632, 36.779481041517052 ], [ -119.772369693206713, 36.779483511055219 ], [ -119.772810469827235, 36.779468652456409 ], [ -119.772899265288814, 36.779470920546693 ], [ -119.77294339682021, 36.779468522054778 ], [ -119.773297844819538, 36.779468528349973 ], [ -119.773386773380807, 36.779471863935434 ], [ -119.773741222279511, 36.779469070641149 ], [ -119.773874748221047, 36.779471473629769 ], [ -119.773962944734023, 36.779466275548309 ], [ -119.774539114288586, 36.779469886326304 ], [ -119.775114551794957, 36.779464896887596 ], [ -119.776046037194703, 36.779470315303001 ], [ -119.776134098809564, 36.779465583969646 ], [ -119.776665004586278, 36.779470727192368 ], [ -119.776753067999607, 36.779468595799095 ], [ -119.776841595463225, 36.779472197583921 ], [ -119.776930858572186, 36.779472132832765 ], [ -119.777018986736778, 36.77946353531393 ], [ -119.777063784665856, 36.77946840244477 ], [ -119.777151980279655, 36.779463336563779 ], [ -119.777194444467966, 36.779474538519231 ], [ -119.777239442046593, 36.779474605069019 ], [ -119.777284373075304, 36.779471406180548 ], [ -119.778488777535017, 36.779470162418114 ], [ -119.778713099929519, 36.779464034437765 ], [ -119.778756564164041, 36.779473968349031 ], [ -119.778800761345963, 36.779467035475392 ], [ -119.778845092526936, 36.779464369884757 ], [ -119.778933688339009, 36.77946443823329 ], [ -119.77910947881935, 36.779473175147118 ], [ -119.77915387655014, 36.779464976027995 ], [ -119.779242872560474, 36.779464778177086 ], [ -119.779332267869862, 36.779468179413094 ], [ -119.77937666560058, 36.779472646345702 ], [ -119.779454462353499, 36.779465181073427 ], [ -119.77949865953542, 36.779473249790712 ], [ -119.779587121348513, 36.779468650657819 ], [ -119.780657399119548, 36.779470005936204 ], [ -119.781058578590446, 36.779469079634488 ], [ -119.781147041302873, 36.779465815095492 ], [ -119.781280766893815, 36.77946548414495 ], [ -119.781370163102508, 36.779466085791327 ], [ -119.781415227230909, 36.779470219974726 ], [ -119.781503356294763, 36.779472288415505 ], [ -119.781682146913454, 36.779465024591211 ], [ -119.781770942375019, 36.77946562713705 ], [ -119.781812739266471, 36.779476494544653 ], [ -119.781857937393852, 36.779478894835222 ], [ -119.781947199603565, 36.779475296647711 ], [ -119.781991730433958, 36.779468431223194 ], [ -119.782302381449725, 36.779459503653236 ], [ -119.782392176957387, 36.779463305986845 ], [ -119.782524903401509, 36.77947844157687 ], [ -119.782613498314277, 36.779476109634928 ], [ -119.78292754966661, 36.779479116068458 ], [ -119.783017078075602, 36.779476051178854 ], [ -119.783105873537167, 36.779478118720192 ], [ -119.783194335350245, 36.779489921422901 ], [ -119.783237133187129, 36.779478255417281 ], [ -119.783280731420533, 36.779480456058231 ], [ -119.783323129059013, 36.779489457372641 ], [ -119.783367525890526, 36.779480724056313 ], [ -119.7837233084838, 36.779494731896548 ], [ -119.784986976467735, 36.779503156745463 ], [ -119.78620731241746, 36.779504579472871 ], [ -119.786251978146254, 36.779504180173902 ], [ -119.786341306905726, 36.779494915358114 ], [ -119.786382771047997, 36.779507116460316 ], [ -119.786471366860056, 36.779516117774669 ], [ -119.786604292953697, 36.779519520809252 ], [ -119.786737552695797, 36.779510723640982 ], [ -119.787094934283672, 36.779510730835618 ], [ -119.788254673913968, 36.779520552331761 ], [ -119.78829980459227, 36.77952395356769 ], [ -119.788612389150344, 36.779529026643253 ], [ -119.788701583910893, 36.779529561740034 ], [ -119.78878977952462, 36.779525029156886 ], [ -119.789193225287022, 36.779540037942546 ], [ -119.789280753603819, 36.779554240036248 ], [ -119.789366016528348, 36.779572041216909 ], [ -119.789486408770642, 36.779617176391625 ], [ -119.789600935634667, 36.779672979324488 ], [ -119.789634733056417, 36.779696846432515 ], [ -119.789722793771816, 36.779774781680935 ], [ -119.78977692306654, 36.779829982068073 ], [ -119.789823386539979, 36.779890783432947 ], [ -119.789867782472086, 36.779989850950962 ], [ -119.789870781711159, 36.78002538406438 ], [ -119.789873685621956, 36.781586583753949 ], [ -119.789876351212627, 36.781692850344811 ], [ -119.789870748436272, 36.781798783287293 ], [ -119.789864677113101, 36.78211764960998 ], [ -119.789854342104164, 36.782223183253436 ], [ -119.78986053213778, 36.782753449612144 ], [ -119.789896326054588, 36.782963183204444 ], [ -119.78991125839768, 36.782996784573989 ], [ -119.789971520169459, 36.783048785173378 ], [ -119.790022050377274, 36.783111852829769 ], [ -119.790063314869997, 36.783126453323227 ], [ -119.790097445040956, 36.783149654033423 ], [ -119.79020930541509, 36.783209056053224 ], [ -119.790332830895395, 36.783250058843173 ], [ -119.790419893363392, 36.783268261121442 ], [ -119.791350645815541, 36.783254412461247 ], [ -119.791438575229975, 36.78325881374348 ], [ -119.79148337225979, 36.783253481662932 ], [ -119.791660830083174, 36.783257685094284 ], [ -119.791749558095489, 36.783256285749097 ], [ -119.791970413603693, 36.78326302346985 ], [ -119.792014545135089, 36.783265691758388 ], [ -119.792057142423175, 36.78327742521315 ], [ -119.792102006002722, 36.783273026628891 ], [ -119.792190135965953, 36.783277228261468 ], [ -119.792278598678351, 36.783274095922927 ], [ -119.792367593789379, 36.783265498404042 ], [ -119.792456389250958, 36.783263233011951 ], [ -119.792589782092705, 36.783254902591857 ], [ -119.792723308933489, 36.783260239168918 ], [ -119.792899966360338, 36.783250042655446 ], [ -119.792987494677092, 36.783253910639608 ], [ -119.793031893307202, 36.783259444168024 ], [ -119.7931644857523, 36.783248246709256 ], [ -119.793253480863427, 36.783250914997744 ], [ -119.793296945097836, 36.783257848770823 ], [ -119.793366675831408, 36.783258050218926 ], [ -119.793410473714289, 36.783250851145894 ], [ -119.793455737492266, 36.78324951925012 ], [ -119.793545066251795, 36.783251453691626 ], [ -119.79358846393643, 36.783260722104707 ], [ -119.793633328415297, 36.783258322713479 ], [ -119.793721924227313, 36.783261324650468 ], [ -119.793809852742456, 36.783253659728615 ], [ -119.79403124154851, 36.78325033043857 ], [ -119.794075705829144, 36.783251330484624 ], [ -119.794119836461149, 36.783260265249183 ], [ -119.794208498823139, 36.783255866664938 ], [ -119.79528277677872, 36.783242088151837 ], [ -119.795595961184574, 36.783235693972109 ], [ -119.795865414257435, 36.783234898971514 ], [ -119.795907745346099, 36.78322549925749 ], [ -119.795953143123029, 36.783225100857834 ], [ -119.796042005134382, 36.783225169206318 ], [ -119.796220395554769, 36.783231772928133 ], [ -119.796308923917536, 36.783229107337604 ], [ -119.796352388152044, 36.783239507996903 ], [ -119.796484382548158, 36.783227377042024 ], [ -119.79666330626651, 36.78323378111407 ], [ -119.796839764043867, 36.78322718458714 ], [ -119.79701728841701, 36.783233921408524 ], [ -119.797105484030865, 36.783229923022724 ], [ -119.797326471739268, 36.78322859382461 ], [ -119.797370736370354, 36.783231794511785 ], [ -119.797503330614177, 36.783232730705954 ], [ -119.797591525328599, 36.783228199022219 ], [ -119.797768716053326, 36.783235402591899 ], [ -119.797856845117295, 36.783232004053815 ], [ -119.797990104859366, 36.783235806387431 ], [ -119.798167028485508, 36.783248343836242 ], [ -119.798430081083254, 36.783296548397075 ], [ -119.798471878874011, 36.783309415896994 ], [ -119.798510808726746, 36.78332621613206 ], [ -119.798549007430736, 36.783344017312658 ], [ -119.798584604395899, 36.783365151380764 ], [ -119.798680664580942, 36.783438152948399 ], [ -119.798755459396887, 36.783524154216416 ], [ -119.798793457551994, 36.783588355018601 ], [ -119.79881218863153, 36.783656622555121 ], [ -119.798817187063491, 36.783691555820859 ], [ -119.798840174634279, 36.784261955325 ], [ -119.798824234151027, 36.78472155475604 ], [ -119.798838136770527, 36.786352620077395 ], [ -119.798836135778899, 36.786423153905631 ], [ -119.798841534409235, 36.78645862046919 ], [ -119.798865598468538, 36.786525221561831 ], [ -119.798868998805247, 36.786560555025659 ], [ -119.798884329548045, 36.786593754398439 ], [ -119.79896492409182, 36.786677956122759 ], [ -119.799060118229818, 36.7867509576906 ], [ -119.799133713350102, 36.786792225780751 ], [ -119.799263506205776, 36.786815962486848 ], [ -119.799308304134811, 36.786820629068771 ], [ -119.79952909219385, 36.786830634026686 ], [ -119.799574290321132, 36.786830434377201 ], [ -119.799662485035597, 36.786827035839245 ], [ -119.799707349514549, 36.78682957012856 ], [ -119.799884540239304, 36.786825573541513 ], [ -119.800063131208518, 36.786826977383193 ], [ -119.800241322878648, 36.786821980749934 ], [ -119.800372515978793, 36.7868117833372 ], [ -119.800462110937588, 36.786816784467156 ], [ -119.800506443017923, 36.786815851870294 ], [ -119.800550306551372, 36.786810653788635 ], [ -119.800684232691154, 36.786804789309748 ], [ -119.800728430772324, 36.7868098569894 ], [ -119.800815893438639, 36.786803591412706 ], [ -119.800904022502536, 36.78680539365412 ], [ -119.80116820824604, 36.786800997767955 ], [ -119.801256870608029, 36.786802200161475 ], [ -119.801319467919086, 36.786807600590393 ], [ -119.801363398002323, 36.78679906872204 ], [ -119.801452660212036, 36.786800669515344 ], [ -119.801496658643785, 36.786795404884082 ], [ -119.801763244677886, 36.786791875944466 ], [ -119.801851639941205, 36.78679327798752 ], [ -119.802116626081329, 36.786790016146476 ], [ -119.802205155343572, 36.78679381848 ], [ -119.802558337097537, 36.786790491887828 ], [ -119.802646600160372, 36.786783826112789 ], [ -119.80273439557584, 36.786784895406726 ], [ -119.80277759271172, 36.786791695180625 ], [ -119.802822789939754, 36.786791696079987 ], [ -119.802866321623398, 36.786784697555895 ], [ -119.803044178745779, 36.786778234128263 ], [ -119.803708945911012, 36.786775646778693 ], [ -119.803796740427131, 36.786771048545177 ], [ -119.803929333771706, 36.786776317673016 ], [ -119.803974064251619, 36.786781518452401 ], [ -119.804106724145967, 36.786781720799773 ], [ -119.804194920659029, 36.786776922017552 ], [ -119.804549235558753, 36.786767329848495 ], [ -119.804771223313253, 36.786766666148843 ], [ -119.804815288294819, 36.786762134465008 ], [ -119.805037210398822, 36.786757472379499 ], [ -119.805663044114169, 36.786757683720111 ], [ -119.805752840521109, 36.786754751930438 ], [ -119.805796238205758, 36.786747953955057 ], [ -119.806336744245229, 36.786740496776517 ], [ -119.80665152764584, 36.786740303422384 ], [ -119.806740123457871, 36.786742971710936 ], [ -119.806783788241191, 36.786739305174869 ], [ -119.806872515354158, 36.786742706410962 ], [ -119.80735829135206, 36.786743515800673 ], [ -119.807445952768489, 36.786737984970138 ], [ -119.807490684147695, 36.786743385399063 ], [ -119.80753454858052, 36.78673598667649 ], [ -119.807578480462396, 36.786740986907155 ], [ -119.807623943889766, 36.786741587654291 ], [ -119.807667275024642, 36.786734122382015 ], [ -119.807710473059828, 36.786742722598738 ], [ -119.807755736837763, 36.786738991311445 ], [ -119.807799335970572, 36.786731525139963 ], [ -119.807843132954176, 36.786739526408063 ], [ -119.807976326146502, 36.786747794775025 ], [ -119.80802125717527, 36.786744728986136 ], [ -119.808154717466095, 36.786743531089314 ], [ -119.808288243407674, 36.786752401102582 ], [ -119.808331907291588, 36.786758401379302 ], [ -119.808420236005091, 36.786764936752597 ], [ -119.808464300986614, 36.786772937121476 ], [ -119.80850783177101, 36.786782938481934 ], [ -119.808589426360939, 36.786811206871704 ], [ -119.808632624396026, 36.786822007729548 ], [ -119.808714819733041, 36.786849809371233 ], [ -119.808794215480631, 36.786881010450323 ], [ -119.808879009858288, 36.786904144610709 ], [ -119.809155260007188, 36.787014217132572 ], [ -119.809229855173683, 36.787051618137689 ], [ -119.809308651972685, 36.787083419963949 ], [ -119.80942424453319, 36.787136421508791 ], [ -119.80949724070507, 36.787176356803506 ], [ -119.809613166014699, 36.787227359155445 ], [ -119.809650564322069, 36.787247026429199 ], [ -119.80971975905959, 36.787290560810831 ], [ -119.809901349267776, 36.787390631072761 ], [ -119.809945945748794, 36.787397031547805 ], [ -119.810014142238785, 36.787442832221103 ], [ -119.810051606196623, 36.787462033646108 ], [ -119.810099335915538, 36.787481434720554 ], [ -119.810136334923868, 36.787501434743511 ], [ -119.8101707987433, 36.787524568903748 ], [ -119.810324322909139, 36.78759603802682 ], [ -119.81035792068144, 36.787619638935254 ], [ -119.810394586041255, 36.787639040009772 ], [ -119.810505978767836, 36.787696575037003 ], [ -119.810657769040802, 36.78776897765637 ], [ -119.810729698616683, 36.787809846447381 ], [ -119.810768096070731, 36.787827046880786 ], [ -119.810877556154196, 36.787886648550035 ], [ -119.811018547367993, 36.787973051815037 ], [ -119.811128940048448, 36.78803245293544 ], [ -119.811168737746982, 36.788047587626146 ], [ -119.811345459924951, 36.788155057510011 ], [ -119.811388124662145, 36.788164457223971 ], [ -119.811506251512185, 36.788212460336823 ], [ -119.811543849469061, 36.788231461213094 ], [ -119.811577913090105, 36.788254595373424 ], [ -119.811619310682602, 36.788267995271873 ], [ -119.811658108334882, 36.788286396300258 ], [ -119.811724636582653, 36.788333597217758 ], [ -119.811798898999953, 36.788372998315268 ], [ -119.811876228105405, 36.788406867682873 ], [ -119.811955623852953, 36.788437468914267 ], [ -119.81202961917154, 36.788476469813297 ], [ -119.812063616242824, 36.788498603927593 ], [ -119.812179676450839, 36.788552006569915 ], [ -119.81221927449981, 36.788569007353928 ], [ -119.8123016029365, 36.788597008645006 ], [ -119.812340001289954, 36.788615008575817 ], [ -119.812375265506049, 36.78863680904167 ], [ -119.812451993864386, 36.788672477053275 ], [ -119.812533588454315, 36.788699212998431 ], [ -119.812651782753434, 36.788746081166842 ], [ -119.812689047061781, 36.788765082043106 ], [ -119.812972630282601, 36.788864820455302 ], [ -119.81305002503855, 36.788898488374599 ], [ -119.813372539910688, 36.789014094425028 ], [ -119.813702387854832, 36.789117900470956 ], [ -119.81404096911541, 36.789208839916178 ], [ -119.814082099609152, 36.789222107614229 ], [ -119.814252889858835, 36.789264844297243 ], [ -119.814511275874622, 36.789325715809092 ], [ -119.814725463808955, 36.78937092023191 ], [ -119.814809925437658, 36.789395853935559 ], [ -119.81588866582922, 36.789652074383795 ], [ -119.815973260557428, 36.789675743640743 ], [ -119.816176983081277, 36.7897466794658 ], [ -119.81621518088582, 36.789763947348369 ], [ -119.816300241462912, 36.789787082408104 ], [ -119.816335439129205, 36.789808882873729 ], [ -119.816379237012143, 36.78981435075174 ], [ -119.816415369073979, 36.789835551369791 ], [ -119.816498363009046, 36.789861486018935 ], [ -119.816578559153129, 36.7898908866553 ], [ -119.816614023918021, 36.78991215472228 ], [ -119.816692818918355, 36.789934156636072 ], [ -119.81680621173723, 36.789988292226006 ], [ -119.817045731775067, 36.790084362303517 ], [ -119.817158390747082, 36.79013896464172 ], [ -119.817202989026612, 36.790142964825989 ], [ -119.817244386619109, 36.790155166827574 ], [ -119.817275584100869, 36.79018116622796 ], [ -119.817312116360981, 36.790200766951983 ], [ -119.817468706315722, 36.790266170147774 ], [ -119.81754290128373, 36.790304705198054 ], [ -119.817922879237472, 36.790483378904824 ], [ -119.818115534704148, 36.790568381925361 ], [ -119.818233327006268, 36.790616917436921 ], [ -119.818269258519436, 36.790638317704257 ], [ -119.818383051536557, 36.790692987491575 ], [ -119.818426648870755, 36.790701987906544 ], [ -119.818465513072923, 36.790718789041009 ], [ -119.818615904900071, 36.790794990396627 ], [ -119.818891488651275, 36.790909729500584 ], [ -119.819000214887936, 36.790973597553688 ], [ -119.819084475967713, 36.790996800062366 ], [ -119.819272198653039, 36.791093202889016 ], [ -119.819381191089064, 36.791155804696707 ], [ -119.819464587021002, 36.79118093984863 ], [ -119.819504451269381, 36.791196339839225 ], [ -119.819540782081333, 36.791217741006108 ], [ -119.819625178059425, 36.79124014311828 ], [ -119.819665841805147, 36.791254609612601 ], [ -119.819700773272018, 36.791276544077341 ], [ -119.819853630140869, 36.791349146346107 ], [ -119.820204742554779, 36.791505620288298 ], [ -119.820247606941393, 36.791517353742996 ], [ -119.820282738057813, 36.791539221657743 ], [ -119.820393198187389, 36.791597423082614 ], [ -119.8204331955355, 36.79161415766734 ], [ -119.820475393524475, 36.79162642442013 ], [ -119.820623984908934, 36.791701560978368 ], [ -119.820706779194495, 36.791729162970583 ], [ -119.820779108968679, 36.79176763057179 ], [ -119.820810705749409, 36.79179163077913 ], [ -119.820850370348296, 36.791807564967137 ], [ -119.820895168277403, 36.791811965349929 ], [ -119.821270546198605, 36.791995372188872 ], [ -119.821312343090142, 36.792008772986669 ], [ -119.82154306236238, 36.792112977432033 ], [ -119.821615125037908, 36.792152978377381 ], [ -119.821958837830095, 36.792310785114694 ], [ -119.822033100247324, 36.792348053020419 ], [ -119.8221890903542, 36.792413654966282 ], [ -119.822231888191027, 36.792425789518695 ], [ -119.822308883647949, 36.792460057286 ], [ -119.822381612721188, 36.792499258734004 ], [ -119.822464807205051, 36.792527394024134 ], [ -119.822497206181083, 36.792551394231438 ], [ -119.822605399119766, 36.792610996800306 ], [ -119.82268999474735, 36.792631664120144 ], [ -119.822765990158288, 36.792667799779302 ], [ -119.822838985430806, 36.79270720087672 ], [ -119.822871850255581, 36.792731800931882 ], [ -119.822948045315911, 36.792767669492484 ], [ -119.823108236156131, 36.792827272061054 ], [ -119.823144433868435, 36.792848273029463 ], [ -119.823173032309583, 36.792875406475019 ], [ -119.823341154270807, 36.792990476529241 ], [ -119.82341294984775, 36.793031078221787 ], [ -119.823479012246608, 36.793077812391253 ], [ -119.823514809760653, 36.793098212612414 ], [ -119.823717397339863, 36.793233282689833 ], [ -119.823748795370591, 36.793258282943533 ], [ -119.823919117073544, 36.79336888606538 ], [ -119.823989980053526, 36.793410021055706 ], [ -119.824087907230989, 36.793480821982456 ], [ -119.824117104620655, 36.793508289975634 ], [ -119.824214499399545, 36.793581091893856 ], [ -119.824322158140944, 36.793643493152878 ], [ -119.824362356937058, 36.793659226791938 ], [ -119.824430551628552, 36.793705294563743 ], [ -119.82450148115835, 36.793747630149106 ], [ -119.824532345890972, 36.793773696998606 ], [ -119.824605274613717, 36.793813031546286 ], [ -119.824672669807853, 36.793858432920501 ], [ -119.824708334222194, 36.793878700042022 ], [ -119.824842259462699, 36.793971501983201 ], [ -119.825093110058958, 36.794115307175723 ], [ -119.825125707785105, 36.794139307383219 ], [ -119.825197903560309, 36.794180108725079 ], [ -119.825272699275615, 36.79421864377538 ], [ -119.825316096960208, 36.794228843886259 ], [ -119.825348093939283, 36.794254044688529 ], [ -119.825454488234016, 36.794316113198214 ], [ -119.825492085291401, 36.794335446823567 ], [ -119.825574481177341, 36.794361048723481 ], [ -119.825613678128718, 36.7943783166061 ], [ -119.82565007638982, 36.794398050429749 ], [ -119.825683473613381, 36.794421050591183 ], [ -119.825799067972525, 36.794474718533586 ], [ -119.825840665214528, 36.794489120276836 ], [ -119.825955058079387, 36.794543254967387 ], [ -119.8259924563867, 36.794562055294719 ], [ -119.826025653960656, 36.794585056355317 ], [ -119.826102849067126, 36.794620458167721 ], [ -119.826147047148481, 36.794624725450866 ], [ -119.826187977992745, 36.794637726050262 ], [ -119.826305236996916, 36.794686861409694 ], [ -119.826428630276965, 36.794727330002452 ], [ -119.826587553972388, 36.79478953341038 ], [ -119.826629352662351, 36.794802866759042 ], [ -119.826715547284593, 36.794824268825032 ], [ -119.826835006929983, 36.79486987074803 ], [ -119.82742097459824, 36.795042148476441 ], [ -119.827542366886632, 36.795085484107908 ], [ -119.827577164354594, 36.795107550773032 ], [ -119.827658159996076, 36.795137686155378 ], [ -119.827829684092592, 36.795179956090159 ], [ -119.827869881090137, 36.795194890232061 ], [ -119.827953142123775, 36.79521835804092 ], [ -119.827998539900577, 36.795219759184583 ], [ -119.828042338682963, 36.795226159659663 ], [ -119.828082869328895, 36.79524009375541 ], [ -119.828212328536083, 36.795269162541935 ], [ -119.828296924163681, 36.795291497204971 ], [ -119.828337121161027, 36.795305698399289 ], [ -119.828422716834879, 36.795324100327157 ], [ -119.828554843431235, 36.795345169643916 ], [ -119.828768030420235, 36.795396172895174 ], [ -119.828851492902075, 36.795419574154209 ], [ -119.829024483792807, 36.795456110910905 ], [ -119.829109612718398, 36.795476779130219 ], [ -119.829154076999032, 36.795483780352228 ], [ -119.829237871330704, 36.795506914512629 ], [ -119.829623783910463, 36.79559598876402 ], [ -119.82979064052563, 36.795643590779243 ], [ -119.829862636651342, 36.795669792526908 ], [ -119.829899967509448, 36.795689793449313 ], [ -119.830031961006114, 36.795709195423065 ], [ -119.8300762256372, 36.795711796262474 ], [ -119.830163353755594, 36.795727332050909 ], [ -119.830334210555336, 36.795766200749718 ], [ -119.830458803530917, 36.795801337261913 ], [ -119.830589329333989, 36.795825405817894 ], [ -119.830677724597251, 36.795837740919055 ], [ -119.830764186318063, 36.795854809152331 ], [ -119.830846715303508, 36.795879544105674 ], [ -119.830932377527134, 36.795896811988307 ], [ -119.830973908219221, 36.795908612892227 ], [ -119.831312289830237, 36.795987018486251 ], [ -119.831485680020094, 36.796020556003889 ], [ -119.831612739835919, 36.796049757890174 ], [ -119.831740265500812, 36.796080627119252 ], [ -119.831822328637529, 36.796106628318348 ], [ -119.831906455718297, 36.796128828982397 ], [ -119.831950520699834, 36.796134630509002 ], [ -119.831993117987906, 36.796144230771723 ], [ -119.832076313371033, 36.796171033266702 ], [ -119.83216170849596, 36.79619016814177 ], [ -119.832337232777036, 36.796217237735469 ], [ -119.832777409549763, 36.796276378951809 ], [ -119.833046594624605, 36.796291850888224 ], [ -119.833221452507985, 36.796314853747575 ], [ -119.833284048020275, 36.796307988323107 ], [ -119.833324780114438, 36.796323789411538 ], [ -119.833412374981094, 36.79633099028306 ], [ -119.833990344978361, 36.796357267573974 ], [ -119.834078540592031, 36.796364070045882 ], [ -119.834167202954006, 36.796375471650855 ], [ -119.834301795491399, 36.796376607494608 ], [ -119.834390124204788, 36.796384608762857 ], [ -119.834432722392208, 36.796394209025635 ], [ -119.834520983656446, 36.79640127769683 ], [ -119.834967894552634, 36.796410485855375 ], [ -119.835417936888234, 36.796435294553319 ], [ -119.83555033058326, 36.796449630646016 ], [ -119.835774518079461, 36.796463633989589 ], [ -119.835864047387759, 36.796473636249416 ], [ -119.835906844325379, 36.796482902863723 ], [ -119.835990239357912, 36.796507037969519 ], [ -119.836068234861116, 36.796541639385346 ], [ -119.836259823731851, 36.796635509721156 ], [ -119.836385615503673, 36.796669645288091 ], [ -119.836429280287021, 36.796677446007422 ], [ -119.836863054786093, 36.796865254128321 ], [ -119.836906385920955, 36.796873854345051 ], [ -119.836948049712646, 36.796887721890911 ], [ -119.836984381423989, 36.796908855959025 ], [ -119.837024179122523, 36.796925056346375 ], [ -119.837065243066434, 36.796937923846201 ], [ -119.837184569612134, 36.796984658914987 ], [ -119.837658608557845, 36.797177666915942 ], [ -119.837739003452214, 36.797206268954305 ], [ -119.837816799305827, 36.797240337072047 ], [ -119.837937124998234, 36.797286072094572 ], [ -119.838014919952457, 36.797320273312074 ], [ -119.838090182415911, 36.797358941462029 ], [ -119.838133113352399, 36.797368675723945 ], [ -119.838173511798075, 36.797382676369587 ], [ -119.838211375054883, 36.797400477550198 ], [ -119.838247106019068, 36.797422344565618 ], [ -119.838287170816258, 36.797437278707491 ], [ -119.838330968699111, 36.797446478772038 ], [ -119.838371565895002, 36.797461279814371 ], [ -119.838407097209725, 36.797483280828907 ], [ -119.83848835905043, 36.797511082470606 ], [ -119.838737545001678, 36.797585286431961 ], [ -119.838869537599066, 36.797605488802418 ], [ -119.839264649343988, 36.797675096328803 ], [ -119.839652227468264, 36.79777056925645 ], [ -119.839701226130614, 36.797780303518373 ], [ -119.839735289751786, 36.797803771327054 ], [ -119.83977308825736, 36.797822505104577 ], [ -119.839859216329685, 36.797842506926315 ], [ -119.839984008954772, 36.797880775777365 ], [ -119.840059604167379, 36.797917976233762 ], [ -119.840127800657328, 36.797962311011879 ], [ -119.840165664813526, 36.797981311888108 ], [ -119.840204462465877, 36.797997712824227 ], [ -119.840286457254081, 36.798024580969781 ], [ -119.840364453656605, 36.798058581638365 ], [ -119.840434848988991, 36.798100316476535 ], [ -119.840534442610419, 36.79817091775373 ], [ -119.84082695609915, 36.798389722807443 ], [ -119.840878418903841, 36.798446790187207 ], [ -119.841144601142389, 36.798686794959735 ], [ -119.841168598651805, 36.798717128192848 ], [ -119.841224129090278, 36.798772529129018 ], [ -119.841511909447036, 36.79904553362443 ], [ -119.842075070308113, 36.799596809944909 ], [ -119.842248524349898, 36.799760345363737 ], [ -119.842396514987186, 36.799894814693985 ], [ -119.842417846006697, 36.799925747775127 ], [ -119.842628833254011, 36.800109751763657 ], [ -119.842745424062073, 36.80021721984896 ], [ -119.842912412877538, 36.800381622214267 ], [ -119.842976674833537, 36.80043202291963 ], [ -119.84300120654035, 36.80046102425684 ], [ -119.843058869271374, 36.800514958398686 ], [ -119.843388780168041, 36.800845763221503 ], [ -119.843446843097254, 36.800899431163934 ], [ -119.84349903884943, 36.800955831246796 ], [ -119.843641428509102, 36.801091566822414 ], [ -119.844072733469815, 36.801495840860561 ], [ -119.84413339633916, 36.801548042008584 ], [ -119.844197791394961, 36.80159684282021 ], [ -119.844277585542045, 36.801680977095543 ], [ -119.844323781916941, 36.801739977118423 ], [ -119.844352580007538, 36.801767445111622 ], [ -119.844443507761653, 36.801845778759805 ], [ -119.84454516802505, 36.801914181194626 ], [ -119.844615897005966, 36.801956248781877 ], [ -119.844850881762753, 36.802117652807517 ], [ -119.844997539604734, 36.802196055703412 ], [ -119.845067469088349, 36.802239656634967 ], [ -119.845180460809544, 36.802295191569854 ], [ -119.845372315879615, 36.802382461781157 ], [ -119.845491442775767, 36.802430063796493 ], [ -119.845575505105444, 36.802455598247327 ], [ -119.845692431360575, 36.802505800202653 ], [ -119.845734428800782, 36.802518268403453 ], [ -119.845905819797736, 36.802559670492556 ], [ -119.84605121049492, 36.802640806428208 ], [ -119.846095874425046, 36.802643274167856 ], [ -119.846140405255369, 36.802649408443436 ], [ -119.846182669794345, 36.802661075348439 ], [ -119.846260064550265, 36.802697410657032 ], [ -119.846347460666664, 36.802710279056164 ], [ -119.846472253291793, 36.802749880702585 ], [ -119.846558581912916, 36.802769615425504 ], [ -119.846726438574194, 36.80282161872276 ], [ -119.846769970257824, 36.802832019382301 ], [ -119.846813966890977, 36.802836087015805 ], [ -119.846856965276629, 36.802846020927291 ], [ -119.847242743857535, 36.802943427397402 ], [ -119.847843710418772, 36.803101305181109 ], [ -119.847887108103535, 36.803108705702194 ], [ -119.8479253050088, 36.803127506029725 ], [ -119.848010700133614, 36.80314590795733 ], [ -119.84813436051229, 36.803188042993952 ], [ -119.848173490913837, 36.803205710175426 ], [ -119.848217956093762, 36.803208510664355 ], [ -119.848263352971301, 36.803207045668842 ], [ -119.848303283769454, 36.803223112056983 ], [ -119.848555736058358, 36.803292650335642 ], [ -119.848597934047405, 36.803303250644646 ], [ -119.84864206467951, 36.803306252581464 ], [ -119.848683462271879, 36.803320852175773 ], [ -119.848722060274824, 36.803338520256602 ], [ -119.848805655856211, 36.80336125511792 ], [ -119.848849453739206, 36.803367122294794 ], [ -119.849017911147598, 36.803411324872812 ], [ -119.849143237070678, 36.803446461385192 ], [ -119.849184034815323, 36.803460728230093 ], [ -119.849393622717457, 36.803516931361301 ], [ -119.84947848454442, 36.803536333335252 ], [ -119.849645275509033, 36.803586335641008 ], [ -119.84968827209606, 36.803594736208211 ], [ -119.849771867677546, 36.803618537665493 ], [ -119.849857863549516, 36.803635739897501 ], [ -119.84989866129412, 36.803650674039453 ], [ -119.8500255862117, 36.803682876063917 ], [ -119.850114248573675, 36.803693677821101 ], [ -119.850154846668772, 36.803708278314517 ], [ -119.850239042098011, 36.803729279282997 ], [ -119.850282373232872, 36.803738347147132 ], [ -119.850457563865348, 36.803761350006489 ], [ -119.850542425692311, 36.803780285232136 ], [ -119.850632753598617, 36.803784086666305 ], [ -119.850761546408208, 36.803809555466735 ], [ -119.85080321109929, 36.80382268916582 ], [ -119.850932937405005, 36.8038470922695 ], [ -119.851284718015222, 36.803894498232637 ], [ -119.851368913444503, 36.803916766345871 ], [ -119.851544504275296, 36.803943102991965 ], [ -119.851672897785875, 36.803969904587625 ], [ -119.852105740587376, 36.804047512482782 ], [ -119.852487852632251, 36.804138519377311 ], [ -119.852528250178537, 36.804153119870683 ], [ -119.852696040289914, 36.804197522997384 ], [ -119.852945292790892, 36.804269727765714 ], [ -119.853026088782869, 36.804298194905854 ], [ -119.853068820069964, 36.804307129670512 ], [ -119.853315471731605, 36.804382533327477 ], [ -119.853395400777131, 36.804412801809406 ], [ -119.853431597590145, 36.804433535679124 ], [ -119.85358898884067, 36.804500804968377 ], [ -119.853633052922987, 36.80450813893961 ], [ -119.853674384864846, 36.804520938990208 ], [ -119.853713381267411, 36.804539007269497 ], [ -119.853844774017105, 36.804562809626013 ], [ -119.853919370082849, 36.804602210723509 ], [ -119.853963834363356, 36.804607544602661 ], [ -119.854046629548307, 36.804632945953735 ], [ -119.854197820872571, 36.804709948605264 ], [ -119.854319813908276, 36.804753350786477 ], [ -119.854362144097649, 36.804763817995976 ], [ -119.854556333807764, 36.804850954208185 ], [ -119.85463819549625, 36.80487755615443 ], [ -119.854796185695321, 36.804942825351233 ], [ -119.854877514085842, 36.804970359894227 ], [ -119.854996573533029, 36.805017828809781 ], [ -119.855270558289575, 36.805137166147333 ], [ -119.855312554830505, 36.805150234195956 ], [ -119.855357353658817, 36.805156568121198 ], [ -119.855626470385289, 36.805280172741838 ], [ -119.855747730473283, 36.805323440924106 ], [ -119.855832059002296, 36.805346642533621 ], [ -119.855872056350279, 36.805362643271422 ], [ -119.85598464877252, 36.805421978741435 ], [ -119.856027112960874, 36.805431445904674 ], [ -119.856067111208162, 36.80544697989427 ], [ -119.856305497200893, 36.805545250612901 ], [ -119.856386892141245, 36.805574852697447 ], [ -119.856463487399935, 36.8056106529095 ], [ -119.856581813899538, 36.805660455565686 ], [ -119.856742271838314, 36.805722257875992 ], [ -119.856784602927064, 36.805733192732767 ], [ -119.856985056415112, 36.805813662270786 ], [ -119.85706478581119, 36.805840397316594 ], [ -119.857099050880436, 36.805862796730871 ], [ -119.857504426587937, 36.806019403772524 ], [ -119.857586555375178, 36.806048005810894 ], [ -119.857664550878198, 36.806081406631741 ], [ -119.857700015643104, 36.806102007401897 ], [ -119.857816808798532, 36.806155875893126 ], [ -119.857897603891288, 36.806184210832804 ], [ -119.857974998647208, 36.806220678341802 ], [ -119.858055727190006, 36.806251079923456 ], [ -119.858138722923684, 36.806276014526425 ], [ -119.858214784884296, 36.806313282432001 ], [ -119.858414506324365, 36.80639561986213 ], [ -119.858496101813614, 36.806422820756559 ], [ -119.858573763668232, 36.806459221715862 ], [ -119.858693356413212, 36.806507490128787 ], [ -119.85877448515437, 36.80653602471785 ], [ -119.859052069897089, 36.806653230662192 ], [ -119.859133464837484, 36.806682697848387 ], [ -119.859212125838837, 36.806717298364717 ], [ -119.859287655400934, 36.806755700315357 ], [ -119.859367050249091, 36.806787034494171 ], [ -119.859451846425486, 36.806809636255892 ], [ -119.859528641333725, 36.806846704511919 ], [ -119.859647300582367, 36.806894906375014 ], [ -119.859688431975499, 36.806907707325017 ], [ -119.85980789162079, 36.806954709492288 ], [ -119.860084475418148, 36.807069846096567 ], [ -119.860164604113137, 36.807100247678434 ], [ -119.860208201447236, 36.807109848840632 ], [ -119.860322461212618, 36.807164850477662 ], [ -119.860441187910396, 36.80721231939323 ], [ -119.860522582850876, 36.807239120988761 ], [ -119.860561381402533, 36.807257721666566 ], [ -119.860629176795044, 36.807302855942133 ], [ -119.860673240877318, 36.807311856357231 ], [ -119.860709971887616, 36.807331457980489 ], [ -119.860753169922816, 36.807338857602289 ], [ -119.860836964254489, 36.80736312580764 ], [ -119.860950823821383, 36.807421127583112 ], [ -119.861192410501303, 36.807511731581158 ], [ -119.861304937273019, 36.807571134500357 ], [ -119.861344134224396, 36.807588667682985 ], [ -119.861385332167245, 36.807602468679029 ], [ -119.861609918063166, 36.807721072169812 ], [ -119.86168998020834, 36.807751340651926 ], [ -119.861912767460183, 36.807870477440702 ], [ -119.862025959730147, 36.807927544820544 ], [ -119.862131486179052, 36.807992880567106 ], [ -119.862176750856293, 36.807997548048412 ], [ -119.862239279818766, 36.808046882158031 ], [ -119.862274276936319, 36.808068749173621 ], [ -119.862312342540534, 36.808083949514725 ], [ -119.862354740179057, 36.808096550815279 ], [ -119.862513331125299, 36.808161552913397 ], [ -119.86265425488989, 36.808248088378633 ], [ -119.863565598173807, 36.808758702751916 ], [ -119.86363546200694, 36.808801970934269 ], [ -119.86403983586969, 36.80902317717802 ], [ -119.86411623237818, 36.809059578136967 ], [ -119.864151762793597, 36.809080911854771 ], [ -119.864182426977322, 36.80910637885642 ], [ -119.864218358490305, 36.809127313275056 ], [ -119.86430002052947, 36.809153714672227 ], [ -119.864338417983561, 36.809171715502373 ], [ -119.864405214229251, 36.809216983776771 ], [ -119.86452040659141, 36.809287518504256 ], [ -119.864560337389619, 36.809303785441401 ], [ -119.864593002564973, 36.809327519449475 ], [ -119.864698395914232, 36.809390387456531 ], [ -119.864772924530826, 36.809427522262482 ], [ -119.864841387220224, 36.809471322843201 ], [ -119.864878584978612, 36.809489923521305 ], [ -119.865054773858631, 36.809593726869068 ], [ -119.865122103402243, 36.809638794594804 ], [ -119.865299158329449, 36.809741329898543 ], [ -119.865335756240086, 36.809760531323519 ], [ -119.865373954944005, 36.809776131863096 ], [ -119.865417351729363, 36.809784332780907 ], [ -119.865512079119142, 36.809859733739785 ], [ -119.86554714368566, 36.809881334556074 ], [ -119.865592074714414, 36.809886401336477 ], [ -119.86570026765321, 36.809947203600629 ], [ -119.865767730296355, 36.809992937723997 ], [ -119.865838459277413, 36.81003553860927 ], [ -119.865874522990737, 36.810056006279652 ], [ -119.865913121892973, 36.810073007063728 ], [ -119.866201304246758, 36.810234144890046 ], [ -119.866268232692747, 36.810281945655312 ], [ -119.866374026240308, 36.810344813662326 ], [ -119.866555681199713, 36.810443550229699 ], [ -119.866631676610552, 36.81047915169156 ], [ -119.866738803852684, 36.810541219301953 ], [ -119.867071583586664, 36.81071322543508 ], [ -119.867147178799144, 36.810749425845373 ], [ -119.867217773781178, 36.810791560881952 ], [ -119.867258172226855, 36.810806628123487 ], [ -119.867365232919155, 36.810868562634099 ], [ -119.86739096342211, 36.810897629621962 ], [ -119.867533821628456, 36.810982232444211 ], [ -119.867608150595629, 36.811018966152396 ], [ -119.867648415042325, 36.811032434399394 ], [ -119.867681612616238, 36.811057368103192 ], [ -119.867709344110779, 36.811085569043811 ], [ -119.867743208082587, 36.811108035007805 ], [ -119.867781138788374, 36.811126169836946 ], [ -119.867848401782283, 36.811171170113433 ], [ -119.868104519707813, 36.811307440785946 ], [ -119.868179782171197, 36.81134377519524 ], [ -119.868253710040634, 36.811398577182665 ], [ -119.868296308227912, 36.811408977842213 ], [ -119.868330504948744, 36.81143244475173 ], [ -119.868437565641045, 36.811494046513033 ], [ -119.868513961250187, 36.811529781074633 ], [ -119.86858455623225, 36.811573248906349 ], [ -119.868735881555594, 36.811647451069199 ], [ -119.868807476583768, 36.811688385510742 ], [ -119.868883338894932, 36.811725053568537 ], [ -119.869117659052677, 36.811826057326805 ], [ -119.869202053232129, 36.811848991837593 ], [ -119.869311513315537, 36.811908860605456 ], [ -119.869342711696689, 36.811933860859071 ], [ -119.869385709183121, 36.811945994512087 ], [ -119.869465904427898, 36.81197599589553 ], [ -119.869654426610452, 36.812067198842257 ], [ -119.869965874425489, 36.812202804016266 ], [ -119.870155395754864, 36.812293273116218 ], [ -119.870233591806709, 36.812327074135197 ], [ -119.870276255644512, 36.812336008899813 ], [ -119.870316187342098, 36.812352076187366 ], [ -119.870383249787082, 36.81239721046289 ], [ -119.870420246996787, 36.812416410988718 ], [ -119.87046164458917, 36.812429278488494 ], [ -119.870505841771163, 36.812436478460839 ], [ -119.870547173713021, 36.812447014018453 ], [ -119.870663566670274, 36.812498215120527 ], [ -119.870736961241718, 36.812538415715387 ], [ -119.870816356989224, 36.812571083588779 ], [ -119.870860355421016, 36.812578685557959 ], [ -119.870932616846687, 36.812620219847446 ], [ -119.870966148968577, 36.812644286604687 ], [ -119.8710029456294, 36.81266408697816 ], [ -119.871161003277635, 36.812727490081656 ], [ -119.8715063159637, 36.812884428074106 ], [ -119.871585311512845, 36.812915296403808 ], [ -119.871815564936355, 36.813017499857942 ], [ -119.871894559586238, 36.813049034585404 ], [ -119.871969488401092, 36.813086035392274 ], [ -119.872087948899662, 36.813133703957341 ], [ -119.872255872110728, 36.813182040718679 ], [ -119.8723331337671, 36.813215708638104 ], [ -119.872507324353492, 36.813248111211507 ], [ -119.872551456784279, 36.813249712004634 ], [ -119.872638317804046, 36.813258846418719 ], [ -119.872683248832757, 36.813259314066215 ], [ -119.872727312915075, 36.813253714887047 ], [ -119.872769110705804, 36.813242249430438 ], [ -119.872812242191117, 36.813235316556586 ], [ -119.872901038552087, 36.813228518581191 ], [ -119.872987100973887, 36.813209452954034 ], [ -119.87307403034221, 36.813198321145784 ], [ -119.873163225102644, 36.813193322713687 ], [ -119.873203423898872, 36.813180124263411 ], [ -119.87324822182795, 36.813179324766011 ], [ -119.873552073069547, 36.813128664156714 ], [ -119.873639869384434, 36.81311846584456 ], [ -119.873854192217053, 36.813075069059344 ], [ -119.873986785561627, 36.813060938011887 ], [ -119.874076647619134, 36.813057339824411 ], [ -119.87411977820517, 36.813050074201584 ], [ -119.874253039745881, 36.813040543186588 ], [ -119.874298236074708, 36.813042944376527 ], [ -119.874340368413257, 36.813031145271175 ], [ -119.874384166296124, 36.813023144902317 ], [ -119.874645819548917, 36.812991750468953 ], [ -119.874691350425394, 36.812991951017885 ], [ -119.874735015208714, 36.812997485445678 ], [ -119.874993800523441, 36.813042090020446 ], [ -119.875038598452534, 36.813039956828739 ], [ -119.87512719426455, 36.813041892169693 ], [ -119.875171524546204, 36.813048892492567 ], [ -119.875258519564952, 36.813068294466433 ], [ -119.875381178998154, 36.813110496052673 ], [ -119.875494773265117, 36.813165497689674 ], [ -119.875604700096744, 36.813225967204794 ], [ -119.875671561992931, 36.813272366826375 ], [ -119.876180329158842, 36.8136673751494 ], [ -119.876369116641385, 36.813816776822868 ], [ -119.876428112167631, 36.813869111070744 ], [ -119.876998474799677, 36.814318719933041 ], [ -119.877036872253726, 36.81433791955947 ], [ -119.877227593278732, 36.814484922740938 ], [ -119.877256658467914, 36.814511123589639 ], [ -119.877355584792383, 36.814582125065058 ], [ -119.877390383159593, 36.814603591882339 ], [ -119.87744237926222, 36.814661526208546 ], [ -119.877503441430534, 36.814712193113301 ], [ -119.877539640042244, 36.814733594279986 ], [ -119.877571170273143, 36.814758527983827 ], [ -119.877660165384171, 36.814836395783125 ], [ -119.877693362958269, 36.814860595639992 ], [ -119.877772023959722, 36.814945330662567 ], [ -119.877990542129737, 36.815210332990574 ], [ -119.878093533389801, 36.815324401200208 ], [ -119.87822699098281, 36.815463802412481 ], [ -119.878302118547822, 36.81555153667415 ], [ -119.878362581767703, 36.815602938325171 ], [ -119.878472574249827, 36.81571253960216 ], [ -119.878560368765932, 36.815791406548193 ], [ -119.878625096570929, 36.815840407908475 ], [ -119.878653294813589, 36.815867207705509 ], [ -119.87890208056649, 36.81602121210944 ], [ -119.879011339201895, 36.816083347168856 ], [ -119.879231859262859, 36.816203150355236 ], [ -119.879344918433233, 36.816260152084404 ], [ -119.879385316878768, 36.816274552928377 ], [ -119.879428047266458, 36.816285020137641 ], [ -119.879477444328543, 36.8163172212628 ], [ -119.879563040901573, 36.816338222231295 ], [ -119.879600503959921, 36.81635782205587 ], [ -119.879634302281218, 36.816380156718886 ], [ -119.879672633185464, 36.816398423748424 ], [ -119.879712297784252, 36.81641555853129 ], [ -119.879794292572456, 36.816442758526591 ], [ -119.87987488891487, 36.816473827405282 ], [ -119.879913886216869, 36.816491428037082 ], [ -119.879987481337082, 36.816531229332917 ], [ -119.880189869267056, 36.816606632090519 ], [ -119.880221200747769, 36.81663183199349 ], [ -119.880260198049669, 36.816649965923233 ], [ -119.880302663137272, 36.816660967329781 ], [ -119.880375058561981, 36.816702368519678 ], [ -119.880458453594713, 36.816728969566341 ], [ -119.881002354574889, 36.816973244319847 ], [ -119.88104441856494, 36.81698264583251 ], [ -119.881085949256985, 36.816996779577813 ], [ -119.881124947458204, 36.817014646408829 ], [ -119.881159812375373, 36.817035980126434 ], [ -119.881285405397122, 36.817074782275462 ], [ -119.881446795033526, 36.817136184387486 ], [ -119.881573321551514, 36.817171052901791 ], [ -119.881659383973329, 36.817186655240022 ], [ -119.881870905417955, 36.817240791729347 ], [ -119.881999364578988, 36.817267860423598 ], [ -119.882082693961095, 36.817294461470311 ], [ -119.882127557540642, 36.817294995667496 ], [ -119.882213886161765, 36.817309664509466 ], [ -119.882480139446798, 36.817330669075169 ], [ -119.882614665434275, 36.817335204356382 ], [ -119.882659529014006, 36.817333472262064 ], [ -119.882791257210656, 36.817318274618763 ], [ -119.882832521703506, 36.817305408917562 ], [ -119.882961048313646, 36.817280677561378 ], [ -119.883005246394916, 36.817277078474469 ], [ -119.8831355068981, 36.817256481301641 ], [ -119.883216236340161, 36.817225882768476 ], [ -119.883371428748433, 36.817157418280409 ], [ -119.883447626506666, 36.817121687316074 ], [ -119.883555822143364, 36.817061621596665 ], [ -119.883689417332675, 36.816970625494207 ], [ -119.883725882143608, 36.816950093072307 ], [ -119.883764413596737, 36.816933026638026 ], [ -119.883893474404204, 36.816835896259548 ], [ -119.883996605059224, 36.816748098146277 ], [ -119.884498787389077, 36.816289709202799 ], [ -119.884548452449067, 36.81623071007931 ], [ -119.884659248925175, 36.816119646504646 ], [ -119.885119033616434, 36.815688056458605 ], [ -119.885228629497661, 36.815577325633242 ], [ -119.885350625231126, 36.815474128428356 ], [ -119.885831209442756, 36.815003872930461 ], [ -119.885933340051437, 36.814888675172263 ], [ -119.886139399014041, 36.814699745596798 ], [ -119.886219730056382, 36.814615481819224 ], [ -119.886310325960608, 36.814537150868929 ], [ -119.886365525448582, 36.814441351487183 ], [ -119.886657390526125, 36.813697493444614 ], [ -119.886701122758552, 36.813597561678264 ], [ -119.886751188016888, 36.813538496004924 ], [ -119.886807386651526, 36.813483563615783 ], [ -119.887092175863202, 36.813261903214247 ], [ -119.887129108321616, 36.813242371738077 ], [ -119.887161772597722, 36.813217705133056 ], [ -119.887188571495301, 36.813188905243919 ], [ -119.887253503446416, 36.813142307771429 ], [ -119.887289502408521, 36.813120707854587 ], [ -119.887367965559065, 36.813035776779735 ], [ -119.88739769804522, 36.813008910432877 ], [ -119.88743816304077, 36.812992577845321 ], [ -119.887464895388575, 36.812964111604607 ], [ -119.887528693294556, 36.812915379141536 ], [ -119.887567691495732, 36.812897780308347 ], [ -119.887631356301995, 36.81284878254543 ], [ -119.887742751726591, 36.812739517614752 ], [ -119.887768751126941, 36.812710384976484 ], [ -119.887862147520025, 36.812635987660784 ], [ -119.887928878115147, 36.812589921687696 ], [ -119.888021074812684, 36.812514723975397 ], [ -119.888086939360733, 36.812467725405263 ], [ -119.888334330265039, 36.812268397868323 ], [ -119.888391727696003, 36.812215331572496 ], [ -119.888456259448731, 36.812167400405393 ], [ -119.888732915191781, 36.811942140017784 ], [ -119.888891109537042, 36.81182034303442 ], [ -119.889075435482951, 36.811670147259555 ], [ -119.889139834136017, 36.811622348292921 ], [ -119.889197031018, 36.811569216346342 ], [ -119.889384224902017, 36.811421420862004 ], [ -119.889443889523875, 36.811370155908079 ], [ -119.889509686622617, 36.811323356088046 ], [ -119.889629615714171, 36.811220025783591 ], [ -119.889662881636539, 36.811195826826044 ], [ -119.889699879745521, 36.811175628052908 ], [ -119.88981847514242, 36.811071830101021 ], [ -119.889857474243016, 36.811054430917366 ], [ -119.889891472213677, 36.811030765257804 ], [ -119.889952670179525, 36.810980432900799 ], [ -119.889978202831742, 36.810951366812269 ], [ -119.890009067564321, 36.810926367458023 ], [ -119.890042800234866, 36.810904434791979 ], [ -119.890081665336481, 36.810885769362748 ], [ -119.890144662845842, 36.810836237402611 ], [ -119.890201260779463, 36.810782238509539 ], [ -119.890237859589504, 36.810762972333407 ], [ -119.89033905580277, 36.810692442102642 ], [ -119.890410386430133, 36.810649376267882 ], [ -119.890489649077949, 36.81061857808497 ], [ -119.890631777034855, 36.810532647863518 ], [ -119.890711572980607, 36.810500982734339 ], [ -119.890864965845481, 36.810430251954685 ], [ -119.890899965660864, 36.810407586341114 ], [ -119.890977362215381, 36.810373788020016 ], [ -119.89105115878391, 36.810334256520811 ], [ -119.891201819508254, 36.81026039250321 ], [ -119.891237150274222, 36.810237993088968 ], [ -119.891312414536287, 36.810200461682001 ], [ -119.891459209075208, 36.810120198088768 ], [ -119.89153700582807, 36.810087599463245 ], [ -119.891682798522254, 36.810004802479732 ], [ -119.892521563819059, 36.809594419347128 ], [ -119.892634358588737, 36.809527088904126 ], [ -119.892677156425577, 36.809515422898606 ], [ -119.893124937865437, 36.809283699083558 ], [ -119.893316062686097, 36.809192502431991 ], [ -119.893535721196486, 36.80906764055927 ], [ -119.893614849845392, 36.809033308940066 ], [ -119.893647849568595, 36.809009842929953 ], [ -119.893689714808417, 36.808996710130216 ], [ -119.893766911713556, 36.808961845213048 ], [ -119.893840907931505, 36.808921046569104 ], [ -119.893880306330971, 36.808903714834656 ], [ -119.893922436870923, 36.80889064858475 ], [ -119.894223091022823, 36.808736722421905 ], [ -119.894295288596595, 36.808694857182118 ], [ -119.894371018707488, 36.808655924631438 ], [ -119.894485480820279, 36.808600927490808 ], [ -119.894563276673807, 36.808567061720488 ], [ -119.894825399372579, 36.808429934893702 ], [ -119.894864998320941, 36.80841466890184 ], [ -119.894907062310949, 36.808404068592928 ], [ -119.895024057813998, 36.808358138417361 ], [ -119.895062588367693, 36.808339271540248 ], [ -119.895107853044934, 36.808339472988337 ], [ -119.895148251490582, 36.808327273684775 ], [ -119.895276844650539, 36.808303876023196 ], [ -119.895365175162681, 36.808292077817143 ], [ -119.895589562308444, 36.808272681239295 ], [ -119.895679224716332, 36.80826788425555 ], [ -119.895767620878985, 36.808273485233194 ], [ -119.895856415441202, 36.808265886861356 ], [ -119.896350724206386, 36.80826736264877 ], [ -119.896756903008622, 36.808263903856229 ], [ -119.896890162750708, 36.808272705521027 ], [ -119.897024489088835, 36.808263707804066 ], [ -119.897252344919778, 36.808253711839477 ], [ -119.897350738845503, 36.80827118027095 ], [ -119.897483132540529, 36.808293316183821 ], [ -119.897528329768605, 36.808296183222438 ], [ -119.89761265829749, 36.808315318097613 ], [ -119.897737852020143, 36.80834931966541 ], [ -119.897808446102829, 36.808391987999904 ], [ -119.89785131138882, 36.808402189009904 ], [ -119.897890908538542, 36.808417322801354 ], [ -119.898115096034758, 36.808533992749723 ], [ -119.898195890228138, 36.808564194681857 ], [ -119.898348014149533, 36.808637930096388 ], [ -119.898428677041821, 36.808666997983558 ], [ -119.898695394376958, 36.808791535201294 ], [ -119.898775255973192, 36.808821202936215 ], [ -119.898850985184652, 36.808857938443282 ], [ -119.898890781984008, 36.808873138784541 ], [ -119.899006174894978, 36.808925206832896 ], [ -119.899121368156571, 36.80897994137122 ], [ -119.899155766325535, 36.809003008981797 ], [ -119.899193830131139, 36.8090215431098 ], [ -119.899234628775048, 36.80903480990866 ], [ -119.899307757147199, 36.80907614454857 ], [ -119.899426550394878, 36.809124013662355 ], [ -119.899459148121068, 36.809148413168785 ], [ -119.899498812719912, 36.809165547951778 ], [ -119.899540210312352, 36.809178015253345 ], [ -119.899578207568197, 36.809196016083355 ], [ -119.899612939385648, 36.809218815695822 ], [ -119.899690334141567, 36.809253551110544 ], [ -119.899769796438932, 36.809282951746951 ], [ -119.899840125221544, 36.809328019472701 ], [ -119.899879590170883, 36.809343153263953 ], [ -119.899924387200656, 36.809347353997232 ], [ -119.899997383372423, 36.809387621141852 ], [ -119.900031180794329, 36.809411356049218 ], [ -119.900111109839827, 36.8094417567318 ], [ -119.900147307552075, 36.809463357547976 ], [ -119.900186705052349, 36.809478958087553 ], [ -119.900231102783152, 36.809484425066223 ], [ -119.900376160731113, 36.80956562755167 ], [ -119.900415757880879, 36.809582628335733 ], [ -119.90045788932008, 36.809592228598554 ], [ -119.90049648732294, 36.809611029825277 ], [ -119.900529951995566, 36.809634229636004 ], [ -119.900566882655426, 36.809654630756668 ], [ -119.90060634760475, 36.809671031692936 ], [ -119.900649144542342, 36.809681231803559 ], [ -119.900688274943832, 36.809698365687119 ], [ -119.900722073265072, 36.809721965696212 ], [ -119.900759071373955, 36.809742033168327 ], [ -119.900800334967471, 36.809754434819467 ], [ -119.900910062149592, 36.809813236092097 ], [ -119.900986057560431, 36.80984983670065 ], [ -119.901139515176453, 36.80991757273793 ], [ -119.901175913437612, 36.809938773355874 ], [ -119.901214643640799, 36.809955973789279 ], [ -119.901295905481632, 36.809984775477105 ], [ -119.901445696561609, 36.810057044097334 ], [ -119.901518625284226, 36.810096445194844 ], [ -119.901676683831809, 36.810157647657498 ], [ -119.901710613454057, 36.810180981467191 ], [ -119.901822673477511, 36.810235983104221 ], [ -119.901902003574492, 36.810264050945207 ], [ -119.902016195890624, 36.81031685284055 ], [ -119.90205105990843, 36.810338853855121 ], [ -119.902350576417902, 36.810481257903795 ], [ -119.902429037769835, 36.810510859088993 ], [ -119.90250283343893, 36.810549660338651 ], [ -119.902695755104972, 36.810632796366498 ], [ -119.902737953093947, 36.810642397528675 ], [ -119.90277755114306, 36.810659664512038 ], [ -119.902852212859344, 36.810694998875256 ], [ -119.902998204303643, 36.810773468320932 ], [ -119.903037334705104, 36.810787868265699 ], [ -119.903110131227422, 36.810826069667463 ], [ -119.9031883920306, 36.810855870502017 ], [ -119.903300120204349, 36.810909405344923 ], [ -119.903376981662333, 36.810940672973722 ], [ -119.903411712580478, 36.810962673089122 ], [ -119.903449976934851, 36.810978608176249 ], [ -119.903490174831688, 36.810991208577491 ], [ -119.903640565759474, 36.811066277686706 ], [ -119.903679896709775, 36.811080678530551 ], [ -119.903722894196164, 36.811087078106183 ], [ -119.9037627584445, 36.811102812644826 ], [ -119.903985878445397, 36.811216682104273 ], [ -119.904109071176677, 36.811245085392521 ], [ -119.9041531361583, 36.81124181815553 ], [ -119.904191467062446, 36.811255686600866 ], [ -119.904279928875624, 36.811253087560047 ], [ -119.904636645864457, 36.811227893952214 ], [ -119.904770238355809, 36.811223630266511 ], [ -119.904946429034396, 36.811222833467077 ], [ -119.905033291852945, 36.811213035353447 ], [ -119.905121486567324, 36.81121470269656 ], [ -119.905612861744146, 36.811199045499528 ], [ -119.90579085286555, 36.811197715402287 ], [ -119.906104237820216, 36.81118205370889 ], [ -119.906239030906534, 36.811167123164218 ], [ -119.906281628194506, 36.811174124386369 ], [ -119.906462018707089, 36.81116752695997 ], [ -119.906548214228692, 36.811155662204229 ], [ -119.907309109927397, 36.811140742451336 ], [ -119.907350773719088, 36.81113107653816 ], [ -119.907484500209463, 36.811132145831849 ], [ -119.907529697437496, 36.811134480471949 ], [ -119.907574362266928, 36.811141080596499 ], [ -119.907707954758237, 36.811148949664343 ], [ -119.907744887216722, 36.811168083640162 ], [ -119.907826748005903, 36.811191151250824 ], [ -119.907867946848242, 36.811202352306871 ], [ -119.907912943527478, 36.811204953146188 ], [ -119.907954741318235, 36.811218287394233 ], [ -119.90803247062199, 36.811251288016599 ], [ -119.908183861595887, 36.811323490087013 ], [ -119.908263123344454, 36.811351958126508 ], [ -119.90841351427224, 36.811425894089787 ], [ -119.908491509775274, 36.811455561824737 ], [ -119.90859690222517, 36.811520563923018 ], [ -119.908631033295478, 36.811543163885979 ], [ -119.908657032695871, 36.811570363881316 ], [ -119.908687429781025, 36.811595897432802 ], [ -119.908723294744178, 36.811615764356183 ], [ -119.908842221091632, 36.811693900153521 ], [ -119.90888128494332, 36.811712300282501 ], [ -119.909041607084475, 36.811834102661848 ], [ -119.909135602426019, 36.81190957017072 ], [ -119.909208397149726, 36.811950104413796 ], [ -119.909863555058962, 36.812389514064961 ], [ -119.91009360793349, 36.812557183667202 ], [ -119.910394921288585, 36.812770587392812 ], [ -119.910467116164355, 36.81281252188051 ], [ -119.910601574702881, 36.812904723973944 ], [ -119.910867491641412, 36.813094994438615 ], [ -119.910906088744923, 36.813110995176395 ], [ -119.910944753297727, 36.813137595323873 ], [ -119.911043347772207, 36.813207529304165 ], [ -119.911071745664515, 36.813234196900808 ], [ -119.911136474368718, 36.813281130719751 ], [ -119.911209269991787, 36.813321798962001 ], [ -119.911303730282839, 36.813398399616567 ], [ -119.91133952779694, 36.813418932937552 ], [ -119.911407056989958, 36.813464734510035 ], [ -119.911503316824579, 36.813539735270616 ], [ -119.911577113393037, 36.813575603831239 ], [ -119.911802431337108, 36.813749606459353 ], [ -119.911836228758958, 36.813772540070872 ], [ -119.911876494104874, 36.813783940776432 ], [ -119.912101278750924, 36.813953143722657 ], [ -119.912169007593562, 36.81399694520298 ], [ -119.912234471043917, 36.814044745069104 ], [ -119.912642044694564, 36.814314618125259 ], [ -119.912876363053613, 36.814475621053269 ], [ -119.912946759285489, 36.814516954793739 ], [ -119.91297915736213, 36.814543956038953 ], [ -119.913020554954528, 36.814554422348834 ], [ -119.913086350254858, 36.814602557661949 ], [ -119.913233340845935, 36.814676625825669 ], [ -119.913311337248402, 36.814708960949723 ], [ -119.913394599181402, 36.814734229201441 ], [ -119.913432930085534, 36.814752161683082 ], [ -119.913858306715454, 36.814859569513615 ], [ -119.913940901351395, 36.814884170468154 ], [ -119.913985699280502, 36.814887971003166 ], [ -119.914029163515011, 36.814887038406191 ], [ -119.914116292532881, 36.814893839978815 ], [ -119.914202754253679, 36.814892574632736 ], [ -119.914246552136603, 36.814894975822611 ], [ -119.914335147049371, 36.814894777072439 ], [ -119.914420876722033, 36.814887779447552 ], [ -119.914464474056217, 36.814894379572053 ], [ -119.914550270278696, 36.814885847703749 ], [ -119.914766259555236, 36.81488065232049 ], [ -119.914809723789617, 36.81488438540601 ], [ -119.914940316142562, 36.814884255004408 ], [ -119.915026312014675, 36.814877390479275 ], [ -119.915112641535131, 36.814879657670168 ], [ -119.915241834542869, 36.814877859925268 ], [ -119.915328030064529, 36.814883794551598 ], [ -119.915370494252883, 36.814877261876255 ], [ -119.915542285447998, 36.814887065385854 ], [ -119.915712476749334, 36.81487906861431 ], [ -119.915885600739841, 36.814890005269618 ], [ -119.915927866178038, 36.814884405191343 ], [ -119.916055859490314, 36.814883808041422 ], [ -119.916098990975641, 36.814889475569039 ], [ -119.916141788812482, 36.814890275965546 ], [ -119.916184052451925, 36.814884410587162 ], [ -119.916227384486149, 36.814893677201454 ], [ -119.91631244596249, 36.814887279424482 ], [ -119.916355777996742, 36.814895213243567 ], [ -119.916484037508269, 36.814894815743259 ], [ -119.916614364561227, 36.814890884806587 ], [ -119.916655828703497, 36.814880485046345 ], [ -119.916698227241341, 36.814887685918066 ], [ -119.916739558283879, 36.814877486706713 ], [ -119.916826619852586, 36.814890888403845 ], [ -119.91687021808599, 36.814883489681357 ], [ -119.916955812860465, 36.81488948995807 ], [ -119.91704280877849, 36.814884692074898 ], [ -119.917129804696685, 36.814875027060836 ], [ -119.917174602625764, 36.814874227563607 ], [ -119.917391924697483, 36.81487529865624 ], [ -119.917610513014722, 36.814870835320967 ], [ -119.917653777599696, 36.814873103411159 ], [ -119.917742972360273, 36.814869638323209 ], [ -119.917829568979315, 36.814875639499377 ], [ -119.917960961728966, 36.81487364210507 ], [ -119.918005093260419, 36.814870043018168 ], [ -119.918354475378706, 36.814868315420512 ], [ -119.918440870549702, 36.814874517145356 ], [ -119.918485268280463, 36.814868451218025 ], [ -119.918528266666101, 36.814872918150705 ], [ -119.918658926468211, 36.81487365379617 ], [ -119.918746654434514, 36.814869455760828 ], [ -119.918964643803122, 36.814867126516788 ], [ -119.919050839324768, 36.814873127692735 ], [ -119.91918169967569, 36.814870730100161 ], [ -119.919268428495172, 36.814872731991123 ], [ -119.919443218929317, 36.814866134564518 ], [ -119.919486084215407, 36.814869535800391 ], [ -119.919573478533167, 36.814865936713744 ], [ -119.919660007703158, 36.814871872239237 ], [ -119.919704205784456, 36.814866139061238 ], [ -119.91987519658295, 36.814878141413217 ], [ -119.920006989530904, 36.814881544447836 ], [ -119.920094852395437, 36.814870746288001 ], [ -119.92022864633492, 36.814865348556978 ], [ -119.920316840150008, 36.814865483455293 ], [ -119.920404237165755, 36.814870884783616 ], [ -119.920581560990186, 36.814859954423497 ], [ -119.920668956207294, 36.814861556116028 ], [ -119.921065403445539, 36.814851963047765 ], [ -119.92115139841826, 36.814858298771547 ], [ -119.921239327832609, 36.814856099029818 ], [ -119.921282524069184, 36.814858501119041 ], [ -119.92150138038437, 36.814857971418334 ], [ -119.921545778115174, 36.814854905629417 ], [ -119.921589575998084, 36.814855105279008 ], [ -119.92163270658402, 36.814858773613587 ], [ -119.921809164361449, 36.814853310232152 ], [ -119.921895894080194, 36.814857778064145 ], [ -119.922422332924256, 36.814847121097877 ], [ -119.922638856398009, 36.814850991779878 ], [ -119.922858044563057, 36.814847995238971 ], [ -119.923033701044403, 36.814841331262521 ], [ -119.923076833429079, 36.814843598453443 ], [ -119.923471213125865, 36.81484153900589 ], [ -119.923780396448024, 36.814834544079041 ], [ -119.923957454972438, 36.814839747556363 ], [ -119.924181376269473, 36.814834751822445 ], [ -119.924404031320933, 36.814835822015588 ], [ -119.924716749878016, 36.814830828080424 ], [ -119.924805144241887, 36.814832829971309 ], [ -119.925205723865034, 36.81482783603596 ], [ -119.925558906518305, 36.814831642866103 ], [ -119.925604169396863, 36.814827977229477 ], [ -119.925692099710602, 36.814833178908238 ], [ -119.926003283125013, 36.814825250485143 ], [ -119.926582453717188, 36.814820060497496 ], [ -119.927028230568325, 36.814812401870881 ], [ -119.927115626684724, 36.814816471303303 ], [ -119.927293617806129, 36.814813407313018 ], [ -119.92813717379147, 36.814818021734375 ], [ -119.928227168948581, 36.814812090705495 ], [ -119.92827063408248, 36.814805091282068 ], [ -119.928314163967414, 36.814815825589932 ], [ -119.928378561721217, 36.814815626839767 ], [ -119.928421559207507, 36.814823493209744 ], [ -119.928465823838579, 36.814821027268678 ], [ -119.928509154074163, 36.814810095109877 ], [ -119.928686413147432, 36.814800298794815 ], [ -119.928729810832067, 36.814806299970897 ], [ -119.928775207709648, 36.814806833268911 ], [ -119.928997596561786, 36.814805237871518 ], [ -119.929175986982159, 36.814800240338954 ], [ -119.929263583647369, 36.814805108369242 ], [ -119.9293073140812, 36.814795509005599 ], [ -119.92948090481984, 36.814791846066825 ], [ -119.929568367486141, 36.814786513986519 ], [ -119.929698293441461, 36.81478844932758 ], [ -119.930000944987526, 36.81480212172066 ], [ -119.930045542367793, 36.814799855429051 ], [ -119.930088474203671, 36.814792456706556 ], [ -119.930175669771302, 36.814789925115136 ], [ -119.930347326967421, 36.814800727771477 ], [ -119.930390858651094, 36.814793862346917 ], [ -119.930475720478015, 36.814801930165032 ], [ -119.93056364989252, 36.814789332461856 ], [ -119.930650244712993, 36.814786333222763 ], [ -119.930823836350839, 36.814793270593178 ], [ -119.930910031872315, 36.814786538268223 ], [ -119.931039892177253, 36.814788473609184 ], [ -119.931126220798433, 36.814785075071228 ], [ -119.931299412238047, 36.814792078091976 ], [ -119.931385408109975, 36.814785147016948 ], [ -119.931428872344497, 36.814792080789992 ], [ -119.931471669281976, 36.81478534756593 ], [ -119.931600996288921, 36.814783549821001 ], [ -119.931644393973556, 36.814789684096695 ], [ -119.931731856639828, 36.814783286319653 ], [ -119.931904980630293, 36.8147926887316 ], [ -119.931947979016016, 36.814786689354278 ], [ -119.932034773485967, 36.814792691429616 ], [ -119.932121369205788, 36.814791759732039 ], [ -119.932207831825963, 36.814786894399653 ], [ -119.93238195676183, 36.814795763513708 ], [ -119.93246881778164, 36.814791965676761 ], [ -119.932557013395311, 36.814784367304661 ], [ -119.932643609115246, 36.81478330250755 ], [ -119.932774003617325, 36.814776704181646 ], [ -119.932994125278597, 36.814775775182028 ], [ -119.933125785126776, 36.814779510066415 ], [ -119.933483899662136, 36.814775184327317 ], [ -119.934115667104322, 36.814784394284409 ], [ -119.934340323147367, 36.814782198139909 ], [ -119.934475249333275, 36.814787134518717 ], [ -119.934518914116552, 36.814792134749347 ], [ -119.934606842631595, 36.81478560297333 ], [ -119.934696037392143, 36.8147868053669 ], [ -119.934757435007626, 36.814794139338233 ], [ -119.93479943244779, 36.814786406967208 ], [ -119.935603057634978, 36.814788354898759 ], [ -119.935692653493106, 36.814787222652363 ], [ -119.93578078165767, 36.814779957928771 ], [ -119.935869177820223, 36.814779225880756 ], [ -119.935913441552017, 36.814787226249663 ], [ -119.935957439084518, 36.814781960719046 ], [ -119.936002037364077, 36.814781627969872 ], [ -119.936045167950112, 36.814791161682997 ], [ -119.936132163868194, 36.81479416361973 ], [ -119.936265556710055, 36.814789632835492 ], [ -119.936444414777796, 36.814789369334079 ], [ -119.936533343339079, 36.814784037253546 ], [ -119.936801396167496, 36.814788175933671 ], [ -119.937203509134577, 36.814788249678038 ], [ -119.937291504199493, 36.814785651536639 ], [ -119.937560690173669, 36.814790388265862 ], [ -119.938223923095563, 36.814809400833227 ], [ -119.938267920628007, 36.814804401501902 ], [ -119.93857863819359, 36.814815073756662 ], [ -119.938620703082918, 36.814800874360891 ], [ -119.938663832769649, 36.814807608484386 ], [ -119.938751695634224, 36.814813476560666 ], [ -119.938838823752704, 36.814809278525566 ], [ -119.938927219915186, 36.814812480111961 ], [ -119.938970617599821, 36.814810413469942 ], [ -119.939147007927929, 36.814817017191622 ], [ -119.939496656245637, 36.814821689169797 ], [ -119.939539455881174, 36.814819023579233 ], [ -119.939626783649018, 36.814823091212908 ], [ -119.939712579871625, 36.814818092780833 ], [ -119.939798975042564, 36.814817094533467 ], [ -119.939973632377189, 36.814822298010746 ], [ -119.94005882875183, 36.81481529948649 ], [ -119.940233752285735, 36.814820636063565 ], [ -119.940494140192357, 36.814817907520471 ], [ -119.940581601959309, 36.814820308710487 ], [ -119.940667330732666, 36.81481371038447 ], [ -119.940885319201982, 36.814814114180081 ], [ -119.941060910032832, 36.814818850909319 ], [ -119.941191770383853, 36.814818320309342 ], [ -119.941277899355498, 36.814812121282543 ], [ -119.941453556736235, 36.814816457813272 ], [ -119.941672479601152, 36.814813861470583 ], [ -119.941758341474227, 36.814805729800739 ], [ -119.942107856692132, 36.814799669269412 ], [ -119.942241116434332, 36.814800738563349 ], [ -119.942550634304155, 36.814811077169601 ], [ -119.942637828972536, 36.814808145379651 ], [ -119.942682827450426, 36.814813545808583 ], [ -119.942770689415696, 36.814809080674515 ], [ -119.942858885029466, 36.81481334885698 ], [ -119.942989877580658, 36.814811151813366 ], [ -119.943165668960432, 36.814814954146968 ], [ -119.943251797932007, 36.81480855636989 ], [ -119.943339793896314, 36.814810691360336 ], [ -119.943382857033214, 36.814807558122332 ], [ -119.943514250682028, 36.814808094118256 ], [ -119.943558848961686, 36.814811695003783 ], [ -119.943689974612539, 36.81480876321379 ], [ -119.943910230272749, 36.814812168047204 ], [ -119.943953428308021, 36.814809569006385 ], [ -119.944347141607238, 36.814808508705781 ], [ -119.944523332285954, 36.81481357908347 ], [ -119.944609594357246, 36.814808180453362 ], [ -119.944697723421143, 36.814810981841404 ], [ -119.944740921456344, 36.814808381901436 ], [ -119.944917113034194, 36.814813785028207 ], [ -119.945267361199669, 36.814815524317225 ], [ -119.945353555821896, 36.81480992603727 ], [ -119.945441551786075, 36.814812328126457 ], [ -119.945484949470838, 36.814810529482372 ], [ -119.945881262710088, 36.814813136617175 ], [ -119.945967925879017, 36.814806804490516 ], [ -119.946056254592406, 36.814807806335352 ], [ -119.946145849551257, 36.814816940749253 ], [ -119.946229911880891, 36.814798809517441 ], [ -119.946406236558516, 36.814795745527391 ], [ -119.946493098477674, 36.814787346758749 ], [ -119.946526430949916, 36.81476534844213 ], [ -119.946566295198352, 36.814748215457868 ], [ -119.946608026439208, 36.814735815605509 ], [ -119.946651224474394, 36.814729616578646 ], [ -119.946769220023384, 36.814679018921701 ], [ -119.946811484562275, 36.814667620913959 ], [ -119.946923812583748, 36.814613622920362 ], [ -119.946964610328394, 36.814599156426112 ], [ -119.947041607584083, 36.814565758303189 ], [ -119.947123471071279, 36.814539760701486 ], [ -119.947197401638746, 36.814501228349052 ], [ -119.947465988664433, 36.814375433879285 ], [ -119.947578185384955, 36.814318769395854 ], [ -119.94761345050027, 36.81429677107927 ], [ -119.94764264878917, 36.814271638625293 ], [ -119.947716778106766, 36.814231173629878 ], [ -119.94779477630783, 36.814195841065278 ], [ -119.947913969753884, 36.814146044704259 ], [ -119.94799596723999, 36.814121645197858 ], [ -119.94827855401202, 36.814018584689968 ], [ -119.948364216235575, 36.814005786438059 ], [ -119.94845034610654, 36.81400105510474 ], [ -119.948493143943367, 36.813992189587864 ], [ -119.948579738763897, 36.813984857415335 ], [ -119.948622203851542, 36.813977457793634 ], [ -119.948753596601193, 36.813971860413083 ], [ -119.948883124156794, 36.813960862603814 ], [ -119.949189708438269, 36.813981001122443 ], [ -119.949233972170006, 36.81397820243226 ], [ -119.949277703503185, 36.813984202708973 ], [ -119.949320767539348, 36.813992403626628 ], [ -119.949354898609684, 36.814016003635672 ], [ -119.949396762950187, 36.814026871043417 ], [ -119.949660348845953, 36.814071409068447 ], [ -119.949699146498403, 36.814088875701174 ], [ -119.949830871997108, 36.814109611369517 ], [ -119.949914334478947, 36.814132480229866 ], [ -119.949954732025205, 36.814147280372836 ], [ -119.950063525711073, 36.814206215644504 ], [ -119.95013292189681, 36.814249482927373 ], [ -119.950311710716804, 36.814351084734916 ], [ -119.950348108078629, 36.814369818512446 ], [ -119.950388905823274, 36.814383485509595 ], [ -119.950418903609503, 36.814410286205828 ], [ -119.950493099476901, 36.814448887805931 ], [ -119.950524697157007, 36.814474687556945 ], [ -119.950593492595601, 36.814517688640414 ], [ -119.950755482079728, 36.814638290424909 ], [ -119.951055596638469, 36.814844893477257 ], [ -119.951086994669026, 36.814870627577562 ], [ -119.951253183987163, 36.814987295727256 ], [ -119.951296248023326, 36.814996630690111 ], [ -119.951328379900772, 36.815019831400221 ], [ -119.951414973821969, 36.81509929819407 ], [ -119.95148376926052, 36.815131432769405 ] ], [ [ -119.95148376926052, 36.815131432769405 ], [ -119.951594831036587, 36.815143034023755 ], [ -119.951727223832222, 36.815146103409994 ], [ -119.951813818652809, 36.815141037528903 ], [ -119.952166134359516, 36.815143445014094 ], [ -119.952203931965798, 36.815158644456083 ], [ -119.952249729041739, 36.815156312513956 ], [ -119.952748304190706, 36.81515625495728 ], [ -119.95276190283947, 36.815145255349286 ], [ -119.959030647846092, 36.815171432815355 ], [ -119.959337965974328, 36.815143971117365 ], [ -119.959358431846127, 36.815154971624693 ], [ -119.959372164493743, 36.815143972016799 ], [ -119.959392630365585, 36.815143972016799 ], [ -119.959406229014178, 36.815160372053633 ], [ -119.959426762335184, 36.815143972916118 ], [ -119.959918535911712, 36.815143848809733 ], [ -119.959938934334218, 36.815154781867761 ], [ -119.959952534781578, 36.815143782259796 ], [ -119.960621767080738, 36.815160060888211 ], [ -119.960840356297339, 36.815154597506726 ], [ -119.960860886920386, 36.815171064992789 ], [ -119.961270533508255, 36.815143471993608 ], [ -119.962759190284331, 36.815143097875819 ], [ -119.963045975990966, 36.815154103779051 ], [ -119.963203167592042, 36.815143105969632 ], [ -119.963216767140011, 36.815126640282323 ], [ -119.963442022131588, 36.815142910816739 ], [ -119.964124920528619, 36.815142855958101 ], [ -119.964876081066265, 36.815170069443283 ], [ -119.964992142173585, 36.81517007124193 ], [ -119.965340457695959, 36.815142477343613 ], [ -119.966276009829926, 36.815142293881806 ], [ -119.966514996569742, 36.815169698023162 ], [ -119.966535462441584, 36.815158698415324 ], [ -119.966549195988534, 36.815169565822998 ], [ -119.967525612417035, 36.815141916166525 ], [ -119.968768481779946, 36.815152404060214 ], [ -119.968788880202609, 36.815141538451421 ], [ -119.969007536868276, 36.815157942085456 ], [ -119.969246457058318, 36.815157813482401 ], [ -119.969267056029722, 36.815141346895686 ], [ -119.969280654678428, 36.815157813482401 ], [ -119.970618987076492, 36.815157371016006 ], [ -119.97063278627401, 36.81516843717376 ], [ -119.972510557216381, 36.815151404014244 ], [ -119.972735945307591, 36.81516767454859 ], [ -119.972886269685546, 36.815156676739356 ], [ -119.972906669906877, 36.815140211051897 ], [ -119.973022730114778, 36.815156680336706 ], [ -119.974292998223191, 36.815156236071601 ], [ -119.974443191300168, 36.815139638183751 ], [ -119.974634380871933, 36.815156040918758 ], [ -119.974647980419888, 36.815167041425923 ], [ -119.974975830070491, 36.815150448034899 ], [ -119.975863517587257, 36.815155663203498 ], [ -119.976867332761174, 36.815166280599499 ], [ -119.976887864283412, 36.815182680636397 ], [ -119.977195048412739, 36.815155153287733 ], [ -119.982541973932882, 36.81515304797491 ], [ -119.982555640030753, 36.815163981032924 ], [ -119.982985751591059, 36.815152856419353 ], [ -119.984556337504912, 36.815152083002204 ], [ -119.984576869926457, 36.815163216609122 ], [ -119.986092859797623, 36.815151444483682 ], [ -119.986113258220186, 36.815135044446727 ], [ -119.986161055388365, 36.815151445382988 ], [ -119.986980546415055, 36.815151127022915 ], [ -119.987274198445391, 36.815134465283386 ], [ -119.987397125876569, 36.815150933668676 ], [ -119.987410724525276, 36.815134467082096 ], [ -119.987465388916519, 36.815150868917605 ], [ -119.987670178036197, 36.815150871615515 ], [ -119.987704376555612, 36.815123339770473 ], [ -119.987717976103681, 36.815123339770409 ], [ -119.987752173723791, 36.815150740314465 ], [ -119.988537533680145, 36.815161354113229 ], [ -119.988557932102836, 36.815150354505228 ], [ -119.988981310439087, 36.815161161658445 ], [ -119.98900184286066, 36.815150162050458 ], [ -119.989732471875968, 36.815149775341879 ], [ -119.98978706881816, 36.815160776748606 ], [ -119.98980080236511, 36.815149776241221 ], [ -119.990470034664327, 36.815176921377862 ], [ -119.990538230255012, 36.81518792188524 ], [ -119.990551962003394, 36.815204321921961 ], [ -119.990982207562752, 36.81517673072171 ], [ -119.990995808010098, 36.815160130136086 ], [ -119.991617174792751, 36.815159941278402 ], [ -119.991630907440367, 36.815176341315279 ], [ -119.991644507887713, 36.815159809078025 ], [ -119.991699104829706, 36.815176342214549 ], [ -119.991719702901946, 36.815159809977381 ], [ -119.993064900724505, 36.815186634055998 ], [ -119.993085300046459, 36.815175634447996 ], [ -119.993665869084566, 36.815175377242078 ], [ -119.993679469531813, 36.815186244649666 ], [ -119.993699868853682, 36.815175378141255 ], [ -119.994703816228082, 36.815202262474557 ], [ -119.994724348649697, 36.815213196431984 ], [ -119.995079396496934, 36.815185602533589 ], [ -119.996929901793465, 36.815212034507873 ], [ -119.996943501341434, 36.81520103489995 ], [ -119.999115123064442, 36.815227340069875 ], [ -119.999128789162285, 36.81521087438243 ], [ -119.999538367401613, 36.815210681028212 ], [ -119.999729690972288, 36.815226950663288 ], [ -119.999743290520428, 36.815210484975978 ], [ -119.999797887462421, 36.815226952462098 ], [ -119.999997277951991, 36.815180156239293 ], [ -120.00006547624065, 36.81513895649779 ], [ -120.000768851301359, 36.815089947942866 ], [ -120.000850846988953, 36.815106547629142 ], [ -120.012138427746208, 36.815216612057036 ], [ -120.013183189952201, 36.815206134055913 ], [ -120.013333383928412, 36.815222731943571 ], [ -120.013353849800239, 36.815206132257295 ], [ -120.014767530996622, 36.81518478235202 ], [ -120.014787997767826, 36.815168381415774 ], [ -120.014787997767826, 36.815129915613284 ], [ -120.014801597315795, 36.815113515576428 ], [ -120.014787997767826, 36.815102515968455 ], [ -120.014788000465856, 36.815031116992586 ], [ -120.014801733113472, 36.815020116485208 ], [ -120.014788133565503, 36.815009183427264 ], [ -120.014788545454962, 36.814361189517335 ], [ -120.014829614794778, 36.814125191224754 ], [ -120.014795416275319, 36.81413059165353 ], [ -120.014795618622898, 36.813976926294103 ], [ -120.014809351270515, 36.813976926294124 ], [ -120.014829750592455, 36.813960526257411 ], [ -120.014795755319824, 36.813768195445888 ], [ -120.014803241276425, 36.812725004355563 ], [ -120.014817044071322, 36.812576805974935 ], [ -120.01480337797345, 36.812560338488886 ], [ -120.01482404799134, 36.812357207719053 ], [ -120.014837647539309, 36.812340607133365 ], [ -120.014803855513492, 36.811945345201657 ], [ -120.014811203873947, 36.811105219230477 ], [ -120.014838672766402, 36.81094055336397 ], [ -120.014832010588748, 36.810698955892143 ], [ -120.014838880509828, 36.810545223982992 ], [ -120.014818481187959, 36.810528757396369 ], [ -120.014818482087264, 36.810479358535694 ], [ -120.014832081635234, 36.810462825399043 ], [ -120.014818617884842, 36.81031462701857 ], [ -120.014819099921468, 36.809485434105646 ], [ -120.014853302038134, 36.809298768123803 ], [ -120.014819303168224, 36.809298835572925 ], [ -120.014826105640225, 36.80913417060556 ], [ -120.01483990663634, 36.809117570919327 ], [ -120.014826513033071, 36.808744240754187 ], [ -120.014833859594887, 36.80798098073771 ], [ -120.014867925913961, 36.807948047564537 ], [ -120.015325442515135, 36.807953774447185 ], [ -120.015550700204585, 36.807981371942802 ], [ -120.015564300651931, 36.80797037143568 ], [ -120.016110681062969, 36.80794316514509 ], [ -120.01613107948566, 36.807959631731805 ], [ -120.016178877553088, 36.807943164245714 ], [ -120.016199409974661, 36.807954230403467 ], [ -120.016281407460951, 36.807943229896196 ], [ -120.017169041917668, 36.807949151931993 ], [ -120.01718944034036, 36.807960018440177 ], [ -120.018930576384932, 36.807938929338206 ], [ -120.018944309032577, 36.807955329375119 ], [ -120.018998908672586, 36.807938928438851 ], [ -120.019067171712493, 36.807938928438851 ], [ -120.019080904360237, 36.807955328475757 ], [ -120.020671847327833, 36.807944974580906 ], [ -120.021641410922314, 36.807950896616759 ], [ -120.021832470092306, 36.807939893411458 ], [ -120.023471343327742, 36.807946073552536 ], [ -120.025499269575576, 36.807924848652995 ], [ -120.025512869123546, 36.807941247790517 ], [ -120.025908921559449, 36.807924909806935 ], [ -120.02652343191086, 36.807930635790271 ], [ -120.026543897782503, 36.80791423575338 ], [ -120.0265574973306, 36.807930634890944 ], [ -120.027636390606929, 36.80793648767888 ], [ -120.027786586381808, 36.807920019293633 ], [ -120.027807051354216, 36.807936618979944 ], [ -120.02782078400196, 36.807920085843449 ], [ -120.027875382742636, 36.807920084944058 ], [ -120.027889048840507, 36.807936618080575 ], [ -120.028216836437778, 36.807920280996314 ], [ -120.028694751461501, 36.807925874779336 ], [ -120.028708351009598, 36.807936875286742 ], [ -120.030756877128184, 36.807931982075317 ], [ -120.0307704748775, 36.807948581761764 ], [ -120.031938032314244, 36.80792683435596 ], [ -120.032737003509851, 36.807927024112892 ], [ -120.032757469381707, 36.807943557249388 ], [ -120.034191350250595, 36.807916539816503 ], [ -120.03420494889923, 36.807933005503941 ], [ -120.034293812709294, 36.80792200409725 ], [ -120.034785328180291, 36.807933131408994 ], [ -120.034976587899124, 36.807960595804872 ], [ -120.035263309753873, 36.807949792249296 ], [ -120.035502301889665, 36.807922323356756 ], [ -120.036628927582854, 36.8079281761445 ], [ -120.036649460004455, 36.807944575282043 ], [ -120.037707821758545, 36.807922895325511 ], [ -120.039974738343474, 36.807928933373645 ], [ -120.03999533731492, 36.807912466786981 ], [ -120.040043001383324, 36.807928932474198 ], [ -120.040124998869558, 36.807928931575084 ], [ -120.040213728680612, 36.807912530638809 ], [ -120.04023419455234, 36.807928929776303 ], [ -120.040247928099333, 36.807917930168479 ], [ -120.040998967228475, 36.807934653961219 ], [ -120.041524681219016, 36.807918314178956 ], [ -120.041579344710911, 36.807934713316321 ], [ -120.041633943451714, 36.807923845908924 ], [ -120.041975331496303, 36.807923842311673 ], [ -120.041989064143948, 36.807907308275794 ], [ -120.042043661985304, 36.807923840512871 ], [ -120.042740102373799, 36.807924032068428 ], [ -120.0427606347954, 36.807940498655149 ], [ -120.043409278915092, 36.807913090916465 ], [ -120.045280143064076, 36.807924600440074 ], [ -120.045300609835138, 36.807908000753677 ], [ -120.045321141357519, 36.807919000361657 ], [ -120.045369005974806, 36.807907999854393 ], [ -120.046359103789527, 36.807913653892108 ], [ -120.046372702438248, 36.807924653500066 ], [ -120.046563895607292, 36.807913784293753 ], [ -120.046925749523609, 36.807913847246404 ], [ -120.046939482171354, 36.807924780304475 ], [ -120.048837679415271, 36.807908623084522 ], [ -120.04888541093294, 36.807919622692488 ], [ -120.04909027019977, 36.807919619994514 ], [ -120.049145001140872, 36.807908618588016 ], [ -120.049329260536879, 36.807925149925751 ], [ -120.049342994083872, 36.80790874988908 ], [ -120.049363393405827, 36.807925149026595 ], [ -120.049418057797098, 36.807908748989682 ], [ -120.049704780551153, 36.807908745392375 ], [ -120.049718446648924, 36.807925211079727 ], [ -120.049773045389728, 36.807914211471726 ], [ -120.051357185885308, 36.807919991414593 ], [ -120.051377785756202, 36.807903391728196 ], [ -120.051425517273685, 36.807914390437013 ], [ -120.0517191729014, 36.807919920368143 ], [ -120.051835169257586, 36.807903518532783 ], [ -120.051855700779925, 36.807919985119362 ], [ -120.051876168450391, 36.807903585082549 ], [ -120.052436080960263, 36.807909111416407 ], [ -120.052449679608969, 36.807919977924747 ], [ -120.052729736587978, 36.807909174369087 ], [ -120.052743337035338, 36.807898107311892 ], [ -120.053200851837758, 36.807909168073856 ], [ -120.05436840927463, 36.80791475376305 ], [ -120.05438207627175, 36.807903754155042 ], [ -120.054430007438782, 36.80791475286366 ], [ -120.054948856004856, 36.807903880060039 ], [ -120.054962453754186, 36.80791487966804 ], [ -120.055590631102632, 36.807903938516063 ], [ -120.056512530628765, 36.807909460353407 ], [ -120.056532929051329, 36.807926060039726 ], [ -120.056922182612595, 36.807909522406575 ], [ -120.056976780454008, 36.807909521507355 ], [ -120.056997379425354, 36.807925921544047 ], [ -120.059421290659984, 36.807909690579962 ], [ -120.059434890207953, 36.807920690187736 ], [ -120.059516887694187, 36.807909689680606 ], [ -120.059619416702674, 36.807909687881853 ], [ -120.059639816024571, 36.807920687489819 ], [ -120.059660281896427, 36.80790422090314 ], [ -120.059687614091999, 36.807920686590442 ], [ -120.059878807261043, 36.807909684284546 ], [ -120.059967603622013, 36.807909816484994 ], [ -120.059981269719756, 36.807920683892505 ], [ -120.06002900123741, 36.807909682485999 ], [ -120.0600972660759, 36.807909681586587 ], [ -120.060117797598252, 36.807920681194602 ], [ -120.060165596565014, 36.807909681586587 ], [ -120.06045918564287, 36.807909811089026 ], [ -120.060472851740613, 36.807926210226512 ], [ -120.062234520206914, 36.807915388684243 ], [ -120.062814898588627, 36.807920781019313 ], [ -120.06282849813654, 36.807904380982549 ], [ -120.063224551471805, 36.807920842173225 ], [ -120.064433239402447, 36.807926361312667 ], [ -120.064795093318892, 36.807909956779262 ], [ -120.065252609919924, 36.807926417070497 ], [ -120.065443802189691, 36.80791534821492 ], [ -120.065457468287434, 36.807926347822892 ], [ -120.06547800160844, 36.807915414764608 ], [ -120.065662261903796, 36.807915345516868 ], [ -120.065682793426163, 36.807931945203158 ], [ -120.065901253140282, 36.807915409368746 ], [ -120.066106045857268, 36.807915406670809 ], [ -120.066126644828728, 36.807931939807276 ], [ -120.066174441996793, 36.807915406670787 ], [ -120.066399634035861, 36.807915336523642 ], [ -120.066584026531544, 36.80793193351203 ], [ -120.067014211836351, 36.807920929407381 ], [ -120.067027944483996, 36.807937395094861 ], [ -120.068448159255141, 36.807931911028945 ], [ -120.086761487552579, 36.807853281503775 ], [ -120.086816086293325, 36.80786968154063 ], [ -120.086986879241067, 36.8078697462919 ], [ -120.08700047878898, 36.807880679349914 ], [ -120.087089275149808, 36.807880678450729 ], [ -120.08750579525622, 36.80779267259387 ], [ -120.104842959834684, 36.807755455949511 ], [ -120.104863363653308, 36.807546855503077 ], [ -120.104842830332288, 36.80754685640234 ], [ -120.10482903113477, 36.807530322366446 ], [ -120.104808568860335, 36.807382056536831 ], [ -120.104829035631397, 36.807365656499925 ], [ -120.104842634280104, 36.807365656499925 ], [ -120.104828972678874, 36.807173456090204 ], [ -120.104842638776745, 36.807162455582848 ], [ -120.104828648023684, 36.806761522526401 ], [ -120.104835195987448, 36.80611912239965 ], [ -120.104848995184966, 36.806102656712277 ], [ -120.104801001065326, 36.805926923788661 ], [ -120.104848800032087, 36.805899456694611 ], [ -120.104835200484089, 36.805855657013062 ], [ -120.104835069183082, 36.805806123254115 ], [ -120.104800870663624, 36.805762257022558 ], [ -120.104814473808872, 36.805641456488239 ], [ -120.104835006230516, 36.805624923351537 ], [ -120.104807102065948, 36.804373057170871 ], [ -120.104786503094601, 36.80436205756309 ], [ -120.104806904215195, 36.804263257143674 ], [ -120.104807039113552, 36.804169857153362 ], [ -120.104786441041369, 36.80415332401671 ], [ -120.104772707494362, 36.804153457116456 ], [ -120.104772711990961, 36.803961124506372 ], [ -120.104793244412676, 36.803961123607017 ], [ -120.104806843960674, 36.803950257998153 ], [ -120.104813262422056, 36.803099123425923 ], [ -120.104792730899717, 36.80305512409479 ], [ -120.104813263321432, 36.803044124486782 ], [ -120.104792666148583, 36.80298932429784 ], [ -120.104813134718384, 36.802835524040162 ], [ -120.104778938896814, 36.802725724013001 ], [ -120.104799273467634, 36.802604924377817 ], [ -120.104778875045042, 36.80258845779116 ], [ -120.104799149361213, 36.802220524457795 ], [ -120.104798893054408, 36.801737325017633 ], [ -120.104771176848246, 36.801012525407792 ], [ -120.104784779094189, 36.800886257894582 ], [ -120.104805312415181, 36.800875258286553 ], [ -120.104784716141708, 36.800721524578918 ], [ -120.104791324360107, 36.800364525202802 ], [ -120.104770925038068, 36.800353525594865 ], [ -120.104791325259399, 36.800282124820342 ], [ -120.104756808379989, 36.799568459716831 ], [ -120.104743208831849, 36.799557459209446 ], [ -120.104756811077948, 36.799458525690461 ], [ -120.104743015477709, 36.799282859316598 ], [ -120.104756552073184, 36.799101725963958 ], [ -120.104777018844246, 36.799090658906813 ], [ -120.104749177632414, 36.797965059340022 ], [ -120.104728779209722, 36.797948526203584 ], [ -120.104749180330259, 36.797855259312819 ], [ -120.104749049029351, 36.797745326186018 ], [ -120.104714983609583, 36.79774546018502 ], [ -120.104748989673965, 36.797426859162258 ], [ -120.104755470188763, 36.796784459934955 ], [ -120.104734810962668, 36.796493460904571 ], [ -120.104755276834524, 36.79647692596933 ], [ -120.104734810962668, 36.796465927260762 ], [ -120.104755212083319, 36.796427527108762 ], [ -120.104734682359606, 36.796246326306985 ], [ -120.104755215680598, 36.796235326699176 ], [ -120.104720823806815, 36.795905926617188 ], [ -120.104741290578104, 36.795889326930954 ], [ -120.104713318964471, 36.794626527692294 ], [ -120.104727052511421, 36.7946155280843 ], [ -120.104713127408786, 36.794275060945388 ], [ -120.104692531135285, 36.794077328805685 ], [ -120.104699147447604, 36.793380061940354 ], [ -120.104733147216905, 36.793347061318023 ], [ -120.107054396343258, 36.79332982940825 ], [ -120.107272787708951, 36.793346225847827 ], [ -120.107566444235886, 36.793335087744275 ], [ -120.107750771081228, 36.793346019003721 ], [ -120.10804436105839, 36.793335013999894 ], [ -120.108057960606345, 36.793318480863356 ], [ -120.108146756067796, 36.79333488000092 ], [ -120.10818095548666, 36.793334879101536 ], [ -120.108228754453421, 36.793318479064638 ], [ -120.108249153775375, 36.793334879101536 ], [ -120.108604140468628, 36.793323807547665 ], [ -120.10901372590267, 36.79332360160312 ], [ -120.109068390293899, 36.793340067290409 ], [ -120.109423377886586, 36.793312462600177 ], [ -120.109716966964399, 36.793312391553663 ], [ -120.109730566512397, 36.793323391161664 ], [ -120.112208811187529, 36.793294956397261 ], [ -120.112222476386137, 36.793305956904383 ], [ -120.113676625276028, 36.793283402806821 ], [ -120.113690223924664, 36.793294336764369 ], [ -120.113983813002562, 36.793283332659769 ], [ -120.114939713197145, 36.793288385950291 ], [ -120.114953311845852, 36.793271785364688 ], [ -120.115499491708121, 36.793288178206957 ], [ -120.115588155868693, 36.793277109351102 ], [ -120.115943276560927, 36.793293504891516 ], [ -120.116182134697738, 36.793260368471294 ], [ -120.116202667119282, 36.793276901607776 ], [ -120.119288555822152, 36.793248058551107 ], [ -120.119308955144049, 36.793259057259746 ], [ -120.121220553185935, 36.793236097567991 ], [ -120.121234152733905, 36.793252630704394 ], [ -120.121596073200124, 36.793241426051054 ], [ -120.121609672748036, 36.793225025114765 ], [ -120.122005725183939, 36.793241286656105 ], [ -120.122633701983673, 36.793241011463593 ], [ -120.122722499243892, 36.793213476920599 ], [ -120.122722305889582, 36.792939009227922 ], [ -120.122735905437651, 36.792927876520395 ], [ -120.123145491770899, 36.792900270031559 ], [ -120.12316609074243, 36.792916670068507 ], [ -120.123234221581995, 36.79290026913219 ], [ -120.123248020779513, 36.79291666826969 ], [ -120.123439080848883, 36.792900198985016 ], [ -120.123555209405325, 36.792905597615253 ], [ -120.123575609626627, 36.792889064478771 ], [ -120.123998993358839, 36.792905391670701 ], [ -120.124998159037716, 36.792878577484387 ], [ -120.125878926271355, 36.792889964700166 ], [ -120.126309110676857, 36.792873758916997 ], [ -120.12820690862192, 36.792896732997953 ], [ -120.128220641269536, 36.792880198962088 ], [ -120.128937481879234, 36.792880589267824 ], [ -120.129128609397753, 36.79289172017689 ], [ -120.129142275495596, 36.792880719669483 ], [ -120.131558987657115, 36.792892885698222 ], [ -120.132064303224922, 36.792898679130808 ], [ -120.132084702546877, 36.792882279093917 ], [ -120.136017160863275, 36.792895023386649 ], [ -120.136030826961075, 36.792884023778861 ], [ -120.136768133442516, 36.792878879656534 ], [ -120.1367819317406, 36.792895412793207 ], [ -120.136802331961931, 36.792878878757364 ], [ -120.136918394867962, 36.792879010058392 ], [ -120.13700719122879, 36.792890008767003 ], [ -120.137020790776788, 36.792879009159009 ], [ -120.137075389517591, 36.792879008259682 ], [ -120.137123120135811, 36.792890074417571 ], [ -120.137143720006577, 36.79287900736049 ], [ -120.137362111372298, 36.792906604856121 ], [ -120.137805895325684, 36.792906798210254 ], [ -120.138201881211856, 36.79289059242705 ], [ -120.138215480759825, 36.792873992740624 ], [ -120.138236080630577, 36.79289059242705 ], [ -120.138713863454043, 36.792885185702957 ], [ -120.139997416347626, 36.792896833721976 ], [ -120.140011082445369, 36.792885767564279 ], [ -120.141212639651542, 36.792880817695611 ], [ -120.141567626344852, 36.792902945514747 ], [ -120.141588158766467, 36.792891945007327 ], [ -120.142318732923172, 36.792875802176582 ], [ -120.142339132245112, 36.792886734335433 ], [ -120.142441528153896, 36.792886733436049 ], [ -120.142489327120714, 36.792870332500001 ], [ -120.142509792093151, 36.792886932186207 ], [ -120.142577990381866, 36.792870398150413 ], [ -120.142591788680036, 36.792886798187276 ], [ -120.142646388320145, 36.79287039725115 ], [ -120.142728185257525, 36.792886929488304 ], [ -120.14283071426604, 36.792886927689722 ], [ -120.142885313006715, 36.792870526753475 ], [ -120.14289897820521, 36.792886926790395 ], [ -120.143772880014353, 36.792898314905329 ], [ -120.144237130738986, 36.792881975123208 ], [ -120.145247492977362, 36.792876894852903 ], [ -120.145322620542458, 36.793030693311898 ] ] ] } },
{ "type": "Feature", "properties": { "facility_id": "CVY_004C73AE", "source_segment_count": 1, "facility_length_mi_map": 1.33, "facility_blm_crosses_map": false, "facility_blm_length_mi_map": 0.0, "facility_blm_pct_length_map": 0.0, "facility_blm_nearest_mi_map": 3.54, "facility_blm_crossing_count_map": 0 }, "geometry": { "type": "MultiLineString", "coordinates": [ [ [ -121.102609547858847, 38.986102313459853 ], [ -121.103517173650914, 38.986081706000242 ], [ -121.10445544399397, 38.985715919642054 ], [ -121.105129684377275, 38.985601590420963 ], [ -121.10580392479828, 38.985784818787785 ], [ -121.106419491870426, 38.985830751573573 ], [ -121.106976888496376, 38.985648026025764 ], [ -121.107504613154177, 38.985258938006574 ], [ -121.108003001175291, 38.985099011241886 ], [ -121.110201742366016, 38.985122312764794 ], [ -121.111023001348343, 38.984962218337017 ], [ -121.111462716020597, 38.984664995991288 ], [ -121.11184392492396, 38.983772826112244 ], [ -121.111932270075428, 38.982811757005749 ], [ -121.112166963369447, 38.982560132232969 ], [ -121.112401489045681, 38.982468601824337 ], [ -121.112929213747023, 38.982423004226469 ], [ -121.114629231689776, 38.982995320492442 ], [ -121.116065722523189, 38.983315844386034 ], [ -121.116681624856895, 38.983247280364637 ], [ -121.117619559929523, 38.982927091563688 ], [ -121.118323304573025, 38.982469607195199 ], [ -121.118880365931432, 38.982355277983203 ], [ -121.120756739083774, 38.982446975866687 ], [ -121.120961928085535, 38.98228671384858 ], [ -121.120932926652415, 38.981943558705638 ], [ -121.120669064240815, 38.981485906773905 ], [ -121.120551549923718, 38.981359172396267 ], [ -121.120360777722681, 38.980928174913061 ], [ -121.120931417727377, 38.980506565103546 ], [ -121.121196956461262, 38.980502038854937 ] ] ] } },
{ "type": "Feature", "properties": { "facility_id": "CVY_0092AF31", "source_segment_count": 2, "facility_length_mi_map": 4.51, "facility_blm_crosses_map": false, "facility_blm_length_mi_map": 0.0, "facility_blm_pct_length_map": 0.0, "facility_blm_nearest_mi_map": 2.41, "facility_blm_crossing_count_map": 0 }, "geometry": { "type": "MultiLineString", "coordinates": [ [ [ -122.280871521972031, 39.379503533953752 ], [ -122.279264881730896, 39.379804820623988 ], [ -122.27909050604589, 39.379838789935604 ], [ -122.278915062403328, 39.3798692681533 ], [ -122.278738666838095, 39.379896235119439 ], [ -122.278561436015053, 39.379919672998739 ], [ -122.278383487151814, 39.379939566289906 ], [ -122.278204937941325, 39.37995590183597 ], [ -122.278025906473616, 39.379968668833278 ], [ -122.277846511158245, 39.379977858837968 ], [ -122.277666870645206, 39.379983465772114 ], [ -122.277487103747006, 39.379985485927776 ], [ -122.277307329359715, 39.379983917968893 ], [ -122.277127666384203, 39.379978762932829 ], [ -122.276948233647772, 39.379970024229451 ], [ -122.27676914982527, 39.37995770763844 ], [ -122.276590533360576, 39.379941821306353 ], [ -122.276412502388268, 39.37992237574025 ], [ -122.276235174655255, 39.379899383801515 ], [ -122.276058667443252, 39.379872860696935 ], [ -122.275883097490706, 39.379842823968708 ], [ -122.27570858091579, 39.379809293482943 ], [ -122.275535233139607, 39.379772291416387 ], [ -122.275363168809406, 39.379731842241753 ], [ -122.275192501723311, 39.379687972711622 ], [ -122.275023344754558, 39.379640711840594 ], [ -122.274855809777051, 39.379590090886339 ], [ -122.274690007591062, 39.379536143328679 ], [ -122.274526047850287, 39.379478904847176 ], [ -122.274364038988779, 39.379418413298325 ], [ -122.274204088149816, 39.379354708689718 ], [ -122.274046301114552, 39.379287833153811 ], [ -122.273890782232201, 39.379217830920453 ], [ -122.273737634350908, 39.379144748286748 ], [ -122.273586958749817, 39.379068633587288 ], [ -122.273438855072015, 39.37898953716163 ], [ -122.273293421258657, 39.378907511321259 ], [ -122.273150753484003, 39.378822610314657 ], [ -122.272433409116744, 39.378402048709127 ], [ -122.27236430589673, 39.378353414006334 ], [ -122.272292431044278, 39.378307262254303 ], [ -122.272217932550092, 39.378263688476245 ], [ -122.272140963806123, 39.37822278238761 ], [ -122.272061683289465, 39.378184628210754 ], [ -122.271980254236084, 39.378149304502102 ], [ -122.271896844304905, 39.378116883990224 ], [ -122.271811625232459, 39.378087433426188 ], [ -122.271724772479558, 39.378061013445851 ], [ -122.271636464869985, 39.3780376784458 ], [ -122.271546884222204, 39.378017476470227 ], [ -122.271456214975231, 39.378000449113223 ], [ -122.27136464380925, 39.377986631432229 ], [ -122.271272359260564, 39.377976051876551 ], [ -122.271179551334299, 39.377968732228261 ], [ -122.27108641111279, 39.377964687557643 ], [ -122.27034502880889, 39.377980959012824 ], [ -122.262986193629828, 39.378039171441266 ], [ -122.25671378710004, 39.3780704083103 ] ], [ [ -122.22752455585568, 39.109587429321635 ], [ -122.227158389722462, 39.109734592044063 ], [ -122.217161186841921, 39.11528919177816 ], [ -122.212514058867058, 39.115284220522902 ], [ -122.20785136369949, 39.115160476473505 ], [ -122.207830579944726, 39.117016548646156 ], [ -122.207834451079634, 39.119688994654545 ], [ -122.207846079018779, 39.123177698567012 ], [ -122.207812812930499, 39.124638744947063 ], [ -122.207859383854256, 39.125007670654206 ], [ -122.208856476855843, 39.125014442434136 ], [ -122.211070962000605, 39.126490723885851 ], [ -122.211154141666455, 39.126609768359778 ], [ -122.21158195456222, 39.127652667193559 ], [ -122.211664842924137, 39.12779803853828 ], [ -122.211731858209149, 39.127851150204727 ], [ -122.212960032890905, 39.128359704732667 ], [ -122.21571379053934, 39.129997513163254 ], [ -122.217102590085275, 39.131270651981808 ], [ -122.217085535745085, 39.132810796176798 ], [ -122.216778678823104, 39.133045697455742 ], [ -122.210438034228574, 39.138178372829167 ], [ -122.210264410453334, 39.138318903647885 ] ] ] } },
{ "type": "Feature", "properties": { "facility_id": "CVY_0167BFA9", "source_segment_count": 2, "facility_length_mi_map": 98.39, "facility_blm_crosses_map": false, "facility_blm_length_mi_map": 0.0, "facility_blm_pct_length_map": 0.0, "facility_blm_nearest_mi_map": 0.95, "facility_blm_crossing_count_map": 0 }, "geometry": { "type": "MultiLineString", "coordinates": [ [ [ -120.905226963302468, 37.260993372055303 ], [ -120.90372376472682, 37.259724295123583 ], [ -120.894654979082858, 37.251915797697265 ], [ -120.883592637787316, 37.242350703804803 ], [ -120.880012436358442, 37.239264072138099 ], [ -120.879507823018983, 37.238853097086562 ], [ -120.879298991664854, 37.238651066560067 ], [ -120.877817070585067, 37.235564430721809 ], [ -120.877198252626854, 37.234208186906429 ], [ -120.87349031705277, 37.226386937566694 ], [ -120.873300197606071, 37.225997662840008 ], [ -120.873112865631654, 37.225747777108104 ], [ -120.872962715825167, 37.225605740238066 ], [ -120.872626666857172, 37.225401413881727 ], [ -120.871350222822187, 37.224790128182519 ], [ -120.853461719328223, 37.216346855963259 ], [ -120.85057840574396, 37.214844342663802 ], [ -120.850474823703465, 37.214751856436884 ], [ -120.850427841814124, 37.214660397405211 ], [ -120.850357860358542, 37.214381637828438 ], [ -120.846711347092011, 37.208646702029732 ], [ -120.845129207264165, 37.20609886425202 ], [ -120.834236167856972, 37.180974729343845 ], [ -120.833977484496202, 37.180183898440305 ], [ -120.833122379973858, 37.176944362381825 ], [ -120.827268652155354, 37.154508299858293 ], [ -120.826979321870311, 37.153792399200896 ], [ -120.826625311088222, 37.153046695554004 ], [ -120.824803594167335, 37.150085041356675 ], [ -120.824438257426138, 37.149320048219991 ], [ -120.824042392338285, 37.148373267662869 ], [ -120.824021854155959, 37.148258433063923 ], [ -120.824068454261322, 37.148087601435748 ], [ -120.824332070271353, 37.147620303004288 ], [ -120.824310847572747, 37.147529300393586 ], [ -120.818111772324727, 37.133747089495785 ], [ -120.817441055099323, 37.132213396815601 ], [ -120.817309818422814, 37.131805607361024 ], [ -120.817228675399846, 37.131312896199113 ], [ -120.817223900854103, 37.130649903824654 ], [ -120.817894972914047, 37.117447093212661 ], [ -120.818054247807197, 37.116462820976942 ], [ -120.823106255285779, 37.093101218520346 ], [ -120.823205792212534, 37.09253552184137 ], [ -120.82318245308312, 37.092310943947666 ], [ -120.823109327524051, 37.092161759294065 ], [ -120.822885843749347, 37.0918978598744 ], [ -120.821986321129501, 37.090969584959723 ], [ -120.788269098087483, 37.056573545346239 ], [ -120.788182794243184, 37.056471783845552 ], [ -120.787645092358517, 37.055112092489686 ], [ -120.787599315109929, 37.055049239868794 ], [ -120.787447872627766, 37.054936723424511 ], [ -120.786145342415281, 37.05430196630661 ], [ -120.785864868620607, 37.054125039662665 ], [ -120.783282129533788, 37.051477616811326 ], [ -120.782851115165514, 37.05074942189713 ], [ -120.782535419326891, 37.050352451411349 ], [ -120.771990944216256, 37.03960552278766 ], [ -120.771874673472396, 37.039512726084126 ], [ -120.771465339943489, 37.039066275796706 ], [ -120.77107658861442, 37.038729901848129 ], [ -120.770555636716509, 37.038438730831203 ], [ -120.770269870946549, 37.0382425943139 ], [ -120.762004741511959, 37.029798195433386 ], [ -120.758793442237661, 37.026532712748249 ], [ -120.758342078333243, 37.02610450077875 ], [ -120.757638683092736, 37.025347223668589 ], [ -120.755570104640228, 37.023281224389038 ], [ -120.755241927609063, 37.022912563444628 ], [ -120.755112220763507, 37.022671652145064 ], [ -120.754935098142298, 37.022425075518861 ], [ -120.744148830693135, 37.011416786123633 ], [ -120.744092212575751, 37.01133275935922 ], [ -120.744101343950604, 37.011273688072151 ], [ -120.743911515558025, 37.010641288870161 ], [ -120.743824336754642, 37.010572861671299 ], [ -120.729406801347636, 37.003059789288628 ], [ -120.729130992504295, 37.002894536568853 ], [ -120.729024651737561, 37.002744374012813 ], [ -120.728897936281896, 37.002376095528142 ], [ -120.728735793068083, 37.002229917852887 ], [ -120.724140196229129, 36.999818625396216 ], [ -120.723623809569531, 36.999580470428846 ], [ -120.723380591604695, 36.999561495826129 ], [ -120.723069871534449, 36.999612761966219 ], [ -120.722927511918087, 36.999611664298115 ], [ -120.722655882037444, 36.999538048754864 ], [ -120.722459785200783, 36.999442707875374 ], [ -120.709607848044044, 36.992748851139581 ], [ -120.709412080889095, 36.992626569103322 ], [ -120.709254117536275, 36.992475392534878 ], [ -120.708029859331106, 36.990791253763426 ], [ -120.707785741254312, 36.990605313534921 ], [ -120.704392140571215, 36.988850111384806 ], [ -120.704155926770625, 36.988845540707793 ], [ -120.703447098519277, 36.989329504985761 ], [ -120.703372391925299, 36.989357682989422 ], [ -120.703283102979313, 36.989379650789488 ], [ -120.703187315620596, 36.989371869929748 ], [ -120.703040930653444, 36.989327559769606 ], [ -120.680717032275084, 36.977689219030708 ], [ -120.680566771077494, 36.977547980054588 ], [ -120.680551988401191, 36.977447539334968 ], [ -120.680648562684141, 36.975441646675769 ], [ -120.680641819031294, 36.973314506205085 ], [ -120.68062182073642, 36.973190120270758 ], [ -120.680560384055852, 36.973060154166618 ], [ -120.680371735151212, 36.9728132436504 ], [ -120.680233074797243, 36.972681767613004 ], [ -120.679547466199352, 36.972162842153686 ], [ -120.679050634965151, 36.971850117833121 ], [ -120.678594410276759, 36.971447915709184 ], [ -120.674734818421499, 36.969369339090846 ], [ -120.674260794514055, 36.968930833813758 ], [ -120.674010020819324, 36.968773309284799 ], [ -120.673839357085015, 36.968717502866369 ], [ -120.673466444851016, 36.968667270954242 ], [ -120.672234406337139, 36.968724184853627 ], [ -120.672021005253214, 36.96870569132188 ], [ -120.671838029209624, 36.96866394861884 ], [ -120.671552635342167, 36.968472356064545 ], [ -120.671472963759612, 36.9683563359144 ], [ -120.67140676780464, 36.968188118942855 ], [ -120.671284967031909, 36.967699283876073 ], [ -120.67108522303522, 36.967232763660313 ], [ -120.668008095233432, 36.96250818527016 ], [ -120.667780552870298, 36.96217464648781 ], [ -120.667572261403677, 36.961989328269325 ], [ -120.667413498550246, 36.961933749440206 ], [ -120.665375559835439, 36.961438343040179 ], [ -120.664438136395432, 36.961088335544183 ], [ -120.664170359389018, 36.961011721101336 ], [ -120.66315065206561, 36.960824537371884 ], [ -120.662985809414351, 36.960773599682263 ], [ -120.662788537581335, 36.960617104823491 ], [ -120.662705276330897, 36.960424702437876 ], [ -120.66269999423703, 36.96001445797058 ], [ -120.662766921420655, 36.953744447422693 ], [ -120.662732781846586, 36.953500553179957 ], [ -120.662659367029988, 36.953375111911001 ], [ -120.662532504250592, 36.953248616606238 ], [ -120.662291931824257, 36.953148497731497 ], [ -120.662072928846214, 36.953120337905872 ], [ -120.653095116489368, 36.953090778943334 ], [ -120.651618339162894, 36.9528601043572 ], [ -120.651020911888253, 36.952842348532968 ], [ -120.636418420550768, 36.952793442823754 ], [ -120.636294300327947, 36.952771893749066 ], [ -120.636065642257236, 36.952671960176737 ], [ -120.635853329931393, 36.952620040008185 ], [ -120.632953699348306, 36.952614704773588 ], [ -120.632639975311733, 36.952581686899649 ], [ -120.632432310869191, 36.952509342429465 ], [ -120.612462024586364, 36.94210592861333 ], [ -120.605156942662191, 36.938264665180398 ], [ -120.599220415327309, 36.935188349905651 ], [ -120.579282107271979, 36.924760372685988 ], [ -120.577846503328217, 36.924029181983023 ], [ -120.576362817058879, 36.923397251145836 ], [ -120.574377492670251, 36.922674833284532 ], [ -120.573055173470351, 36.922154469721796 ], [ -120.57071122455234, 36.921135906160764 ], [ -120.559941012692249, 36.916248569388145 ], [ -120.558183504652931, 36.915487548984714 ], [ -120.553863112989532, 36.913534122248393 ], [ -120.540902918061221, 36.907643583137066 ], [ -120.540776029230699, 36.907526498482909 ], [ -120.5407322246825, 36.907411136848815 ], [ -120.540725253755895, 36.907258384629117 ], [ -120.540787670498474, 36.903835545072063 ], [ -120.540769822770415, 36.90316021367294 ], [ -120.54073119161994, 36.903119306399482 ], [ -120.533298774402567, 36.90082327177074 ], [ -120.5262608101214, 36.898234207388526 ], [ -120.509582852049817, 36.892037653263877 ], [ -120.501528423363425, 36.887440448810331 ], [ -120.491943842151329, 36.881723445068538 ], [ -120.490152391269021, 36.880810276074762 ], [ -120.487135694034691, 36.879029665081262 ], [ -120.482669964839786, 36.875825740633211 ], [ -120.480331581883235, 36.874097631700806 ], [ -120.476727557133032, 36.871506307662301 ], [ -120.475980519939384, 36.87094344098972 ], [ -120.474216905152801, 36.869704176693517 ], [ -120.473948592750489, 36.869485925459486 ], [ -120.468884997004707, 36.864697463229639 ], [ -120.468848011567843, 36.864608431198796 ], [ -120.468911948259887, 36.863906674425806 ], [ -120.468925879333312, 36.863124864262574 ], [ -120.469013315953148, 36.862993197546025 ], [ -120.475870479012031, 36.857881460456845 ], [ -120.476313883843034, 36.857523876065095 ], [ -120.475932116915246, 36.857142763152353 ], [ -120.468983535903178, 36.851606587833409 ], [ -120.468542656236465, 36.851318159775019 ], [ -120.453350681426414, 36.839285756777009 ], [ -120.451981086588034, 36.838153404085027 ], [ -120.451364247618415, 36.837494430410125 ], [ -120.45071196921252, 36.837151542543822 ], [ -120.447961213726501, 36.835841084796627 ], [ -120.447778146953056, 36.835644626034444 ], [ -120.446526121822444, 36.833085136003817 ], [ -120.446295332049544, 36.832668841280459 ], [ -120.445301203355541, 36.831055153037013 ], [ -120.444326361490695, 36.829762765041039 ], [ -120.444266038721025, 36.829735248492206 ], [ -120.442288670710894, 36.829711299760724 ], [ -120.441760425391223, 36.82994171260578 ], [ -120.441458317469582, 36.829981704928393 ], [ -120.44112369772121, 36.829955899744412 ], [ -120.440848426968685, 36.829884876303396 ], [ -120.438291865687546, 36.828844048208119 ], [ -120.435782546807175, 36.827776286228563 ], [ -120.433625426806969, 36.826902069532636 ], [ -120.433375157067161, 36.826775772189357 ], [ -120.433204873320207, 36.826679099857003 ], [ -120.433015671951694, 36.826474598602971 ], [ -120.431543071791282, 36.824485728331318 ], [ -120.430837173844381, 36.823587850576232 ], [ -120.43044070598701, 36.823210281176578 ], [ -120.417319683876755, 36.812999578163897 ], [ -120.415721690580781, 36.812025601302807 ], [ -120.414235241093621, 36.811174921877885 ], [ -120.413859180264566, 36.811008649583144 ], [ -120.413585569598681, 36.810891102492967 ], [ -120.408054141134429, 36.808929314599553 ], [ -120.406723523297913, 36.808428425722191 ], [ -120.406438756454548, 36.808293861255358 ], [ -120.406199798300747, 36.80813222031707 ], [ -120.405982267661443, 36.807926935164694 ], [ -120.405777552387988, 36.807637693634838 ], [ -120.403162276321524, 36.803108529121708 ], [ -120.402847088929349, 36.802510664820772 ], [ -120.40247075591077, 36.802170930350378 ], [ -120.400738273138671, 36.800749315412908 ], [ -120.397985086811474, 36.797215712235378 ], [ -120.397797417968832, 36.79686667552815 ], [ -120.397498488286686, 36.795384146653355 ], [ -120.397427835789586, 36.795113884693684 ], [ -120.39736160030877, 36.795008152367046 ], [ -120.396032268859742, 36.793322568082004 ], [ -120.395749341766077, 36.793135880046172 ], [ -120.394016385581793, 36.792179401290809 ], [ -120.393919169003425, 36.792105083269753 ], [ -120.390840143061453, 36.788199184501494 ], [ -120.390392274501835, 36.78758372105883 ], [ -120.389965257636561, 36.787089032193656 ], [ -120.3898828695486, 36.787019040210311 ], [ -120.38958864614024, 36.786872192665953 ], [ -120.38849576295209, 36.786603527320651 ], [ -120.388305244653367, 36.786487030557062 ], [ -120.388193903863794, 36.786388329613239 ], [ -120.388084743285418, 36.786225502131131 ], [ -120.388027040901477, 36.786015668949901 ], [ -120.387946833024685, 36.785881552884241 ], [ -120.387807500730858, 36.785726071999719 ], [ -120.387602984883387, 36.785581209083574 ], [ -120.387112485873615, 36.785341797682861 ], [ -120.386773040375544, 36.785205981101335 ], [ -120.383610475603732, 36.783628331623795 ], [ -120.381588834124798, 36.782520932710653 ], [ -120.379551420924429, 36.781878396422428 ], [ -120.379145868404578, 36.781781226352571 ], [ -120.378104754227934, 36.781605835561237 ], [ -120.377838177370748, 36.781527765974403 ], [ -120.377745144246688, 36.781477577724132 ], [ -120.376496932464448, 36.780210698443732 ], [ -120.376117602666042, 36.779636803304811 ], [ -120.375152183230185, 36.778997815186315 ], [ -120.374545672191402, 36.778799921162879 ], [ -120.374419415774838, 36.778700859917471 ], [ -120.373610018432473, 36.777872802506032 ], [ -120.373482434305956, 36.777521037757118 ], [ -120.373228374573941, 36.77619989213882 ], [ -120.373231933699074, 36.776095692221467 ], [ -120.37329233462215, 36.775932596070085 ], [ -120.374313985899846, 36.774483227647025 ], [ -120.374399712127399, 36.774308652675423 ], [ -120.374403131115358, 36.774208453051763 ], [ -120.373846993106127, 36.773265660088015 ], [ -120.368580303546011, 36.764862892632422 ], [ -120.368482118583771, 36.764672214661708 ], [ -120.368460647950144, 36.764571464152098 ], [ -120.368530951002597, 36.761117767672197 ], [ -120.368524439115092, 36.759495247818407 ], [ -120.368653846821672, 36.750746622704341 ], [ -120.368741062455996, 36.750527955078397 ], [ -120.369336759575404, 36.750050760256656 ], [ -120.369515684217063, 36.749887329433307 ], [ -120.369625322699164, 36.749722366567568 ], [ -120.36967012168239, 36.749425777292061 ], [ -120.369670588806358, 36.748058780260976 ], [ -120.369565274813993, 36.747758871317814 ], [ -120.36919335342175, 36.747060600655523 ], [ -120.368624824949805, 36.745859590427848 ], [ -120.368417502765382, 36.745501627286529 ], [ -120.366515451305276, 36.743896909808157 ], [ -120.366136830277654, 36.743455349744053 ], [ -120.365825965578637, 36.742927046598886 ], [ -120.364819972834667, 36.740574461698785 ], [ -120.363303800789708, 36.73690733295269 ], [ -120.362959161232638, 36.736174341018469 ], [ -120.362822114252879, 36.735790027850747 ], [ -120.362849657497833, 36.735660447212204 ], [ -120.363224093274539, 36.735185182188459 ], [ -120.363204818123506, 36.735073163663934 ], [ -120.361320237099022, 36.730725754828619 ], [ -120.360520296321681, 36.728783033794798 ], [ -120.360426585867884, 36.728483374962003 ], [ -120.360782788539282, 36.710010611706799 ], [ -120.360932622138805, 36.706278358652632 ], [ -120.360966769797685, 36.70460522376117 ], [ -120.360182290823005, 36.703230106205787 ], [ -120.359766025893393, 36.702569909930737 ], [ -120.357332332583539, 36.698433437754652 ], [ -120.35491531200536, 36.694434507583516 ], [ -120.352017498714062, 36.689425039807908 ], [ -120.351158653606902, 36.68808595175318 ], [ -120.349233592699107, 36.684750548408161 ], [ -120.347585895618465, 36.682054252892236 ], [ -120.346307700766985, 36.679849643461566 ], [ -120.345529041977031, 36.678583098485262 ], [ -120.338205811389187, 36.666250576690089 ], [ -120.336760965577781, 36.663743699330553 ], [ -120.335133962986319, 36.661051948219253 ], [ -120.33154455023255, 36.654995358825616 ], [ -120.330702317669903, 36.653869475699068 ], [ -120.31844734605373, 36.633034413030479 ], [ -120.315974196939948, 36.62886755113427 ], [ -120.315845091067331, 36.628716241384339 ], [ -120.308026808807881, 36.623091369689121 ], [ -120.306537703002448, 36.622048538960676 ], [ -120.297814229753683, 36.615802489905619 ], [ -120.280348089851813, 36.603268006061455 ], [ -120.279138754460135, 36.602149435371537 ], [ -120.261367159513881, 36.588013014518587 ], [ -120.261193810715199, 36.587992989917332 ], [ -120.260163859004294, 36.588005392591299 ], [ -120.260000998036531, 36.587969568008532 ], [ -120.259795247903867, 36.587880594695889 ], [ -120.254319983907806, 36.584072562399143 ], [ -120.253584823340546, 36.583626466997245 ], [ -120.251254017673446, 36.582317299151612 ], [ -120.247773001031717, 36.580492154136586 ], [ -120.247537348678193, 36.580266121853484 ], [ -120.246105059517816, 36.578307800293864 ], [ -120.244455270260843, 36.575893931644998 ], [ -120.244322645687248, 36.575732775313568 ], [ -120.244210087680472, 36.575655777743819 ], [ -120.240428229741681, 36.573717665509619 ], [ -120.240147184618493, 36.573515868619786 ], [ -120.239967473052673, 36.573448957335835 ], [ -120.239750943136571, 36.573311403344775 ], [ -120.238573421580696, 36.572707556114821 ], [ -120.237578243654426, 36.572163721779042 ], [ -120.235308646495852, 36.570502293494094 ], [ -120.226141605821056, 36.565310529938316 ], [ -120.225978850854489, 36.565134276313891 ], [ -120.225911364918773, 36.564936172777344 ], [ -120.225965190173966, 36.559675314476635 ], [ -120.225437587149727, 36.559414343829111 ], [ -120.225279338132637, 36.55939061163749 ], [ -120.208157152373275, 36.55967206601354 ], [ -120.207775113256005, 36.559651072222074 ], [ -120.207515453426495, 36.559544702629054 ], [ -120.207342969705394, 36.559364193781533 ], [ -120.207279754360556, 36.559186228027414 ], [ -120.207273442797373, 36.559085819368654 ], [ -120.207157266376626, 36.554715400182459 ], [ -120.207166053696739, 36.553888338240363 ], [ -120.206916075011037, 36.545466655299258 ], [ -120.206864264677023, 36.535701216502986 ], [ -120.206807353708825, 36.531199035412037 ], [ -120.20674663568046, 36.530965131005345 ], [ -120.20643463461262, 36.530669539701158 ], [ -120.206262942307291, 36.530637617450324 ], [ -120.188108122467597, 36.530816198974044 ], [ -120.16968998485855, 36.531067429848164 ], [ -120.155432629846501, 36.519419979421514 ], [ -120.139056969241082, 36.506092920229499 ], [ -120.134439924226427, 36.502290259181699 ], [ -120.134271071495718, 36.502183908876852 ], [ -120.125360440545734, 36.49116378068576 ], [ -120.119119351990165, 36.485545249844229 ], [ -120.116846655643869, 36.4834817016282 ], [ -120.11674724358295, 36.483367708413624 ], [ -120.116706046844016, 36.483236524930859 ], [ -120.116699710128003, 36.483096885558773 ], [ -120.116823259920594, 36.473242802352281 ], [ -120.116913060007974, 36.468335032947778 ], [ -120.116875312799735, 36.468110941112798 ], [ -120.116752911952375, 36.467996392144819 ], [ -120.110564845558144, 36.466284358890881 ], [ -120.109995929013976, 36.466103188102778 ], [ -120.098835216804957, 36.46190796455673 ], [ -120.095314753342478, 36.460613385813254 ], [ -120.095018139517123, 36.460541066570876 ], [ -120.086833870136203, 36.45929062544257 ], [ -120.086552599535921, 36.459116372125777 ], [ -120.081755128794754, 36.454433231337426 ], [ -120.070323271795303, 36.449270956978879 ], [ -120.068466022013382, 36.448462799757287 ], [ -120.060361055905716, 36.44668247530624 ], [ -120.048556580421391, 36.445042590669772 ], [ -120.048374712898834, 36.444982295919367 ], [ -120.048206458446131, 36.44486654501334 ], [ -120.047755442189754, 36.444316040070291 ], [ -120.047598334931394, 36.444209862386742 ], [ -120.038579020408449, 36.440471248831663 ], [ -120.038342509265505, 36.440335190592982 ], [ -120.034577363584233, 36.435545662998358 ], [ -120.027857826020139, 36.43159374574256 ], [ -120.027678489950091, 36.431468391850736 ], [ -120.02017568434033, 36.422140342025408 ], [ -120.020029444900288, 36.422052998766148 ], [ -120.019825021579265, 36.421982798374607 ], [ -120.01737527268034, 36.421354340234572 ], [ -120.013316187458329, 36.420387988302998 ], [ -120.008958708848411, 36.419404720083982 ], [ -120.003007498550218, 36.417981413559296 ], [ -120.002790178116669, 36.417948058373966 ], [ -120.002597276587508, 36.417878119569266 ], [ -120.002406161807457, 36.417761730415357 ], [ -120.002138161120541, 36.417550421274107 ], [ -119.999090786419274, 36.415418749225623 ] ], [ [ -119.999090559878155, 36.415440039807379 ], [ -120.002763469064789, 36.417921144756129 ], [ -120.007452645358484, 36.419037317867051 ], [ -120.019802123792729, 36.421975866079464 ], [ -120.020014197464789, 36.422044257196688 ], [ -120.020185466393599, 36.422158948829654 ], [ -120.020279343822637, 36.422255933859766 ], [ -120.027640467623897, 36.431383078236486 ], [ -120.027911333381141, 36.431604913373768 ], [ -120.030864671574903, 36.433340408356472 ], [ -120.034605398630319, 36.435578643913196 ], [ -120.038254644841743, 36.440227825990604 ], [ -120.038422983883919, 36.440421286799861 ], [ -120.047457031684871, 36.444146960770325 ], [ -120.047666801907212, 36.44427834091308 ], [ -120.04781865634024, 36.4443925137533 ], [ -120.048190826009872, 36.444874928263715 ], [ -120.048343279806218, 36.44497334185855 ], [ -120.048458516542965, 36.445023513951654 ], [ -120.048788306933631, 36.445078995006092 ], [ -120.048995973723748, 36.44510749415322 ], [ -120.060286475137332, 36.446656374921041 ], [ -120.065442569109351, 36.44781414118502 ], [ -120.068649978926331, 36.448534215362521 ], [ -120.078171486747848, 36.45282267065673 ], [ -120.08172516795625, 36.454422927904417 ], [ -120.081795310321894, 36.454490877361536 ], [ -120.086370455335725, 36.458922653894184 ], [ -120.086662192441338, 36.459196838032291 ], [ -120.086892171554709, 36.459312871073855 ], [ -120.095202691687888, 36.460572417930052 ], [ -120.106165824031777, 36.464672382141046 ], [ -120.11036020010323, 36.466240610668251 ], [ -120.116789830276176, 36.46803445032495 ], [ -120.116909707036541, 36.468150017809755 ], [ -120.116924546319211, 36.468276566023704 ], [ -120.116787277944368, 36.477248465372 ], [ -120.116702993429485, 36.483208868807985 ], [ -120.116737933645553, 36.48332012931219 ], [ -120.116770687889414, 36.483371289344397 ], [ -120.11683025210445, 36.483464324650249 ], [ -120.125392931630245, 36.491195124764026 ], [ -120.134279258922533, 36.502185036336364 ], [ -120.152096950336428, 36.516757608417628 ], [ -120.169693807936824, 36.531094164012387 ] ] ] } },
{ "type": "Feature", "properties": { "facility_id": "CVY_01A703CC", "source_segment_count": 1, "facility_length_mi_map": 22.39, "facility_blm_crosses_map": false, "facility_blm_length_mi_map": 0.0, "facility_blm_pct_length_map": 0.0, "facility_blm_nearest_mi_map": 7.39, "facility_blm_crossing_count_map": 0 }, "geometry": { "type": "MultiLineString", "coordinates": [ [ [ -121.48680523846383, 36.98410414443314 ], [ -121.500365975257111, 36.970252537661793 ], [ -121.504932675667931, 36.964702162264999 ], [ -121.509866847799472, 36.947157894061895 ], [ -121.510951593614848, 36.941314288656166 ], [ -121.512471779257396, 36.933123004002134 ], [ -121.535385417378109, 36.921796912157205 ], [ -121.536698689144615, 36.921696121697472 ], [ -121.538135711005779, 36.920836443275391 ], [ -121.538702075579835, 36.919790509422818 ], [ -121.54192488843151, 36.916963936519792 ], [ -121.54519144694018, 36.91565865304775 ], [ -121.54730904944293, 36.915392112967318 ], [ -121.549305747404517, 36.915738227194232 ], [ -121.550383948335792, 36.91458150653785 ], [ -121.554770243202057, 36.91182729610086 ], [ -121.555774367894159, 36.910728124716705 ], [ -121.556674691239436, 36.909335223493997 ], [ -121.558390292179439, 36.905261499705482 ], [ -121.558447064728909, 36.904180077384538 ], [ -121.557070579029642, 36.901852863673383 ], [ -121.55722111459643, 36.899661193410033 ], [ -121.561108006580383, 36.899530047781425 ], [ -121.56232254123745, 36.899489059908539 ], [ -121.565364306550805, 36.897932096238122 ], [ -121.573683926821801, 36.899509012930281 ], [ -121.578500025049024, 36.899011045839124 ], [ -121.580341655991433, 36.899851998062104 ], [ -121.58045443807633, 36.900020085842236 ], [ -121.581192135143368, 36.901119779496753 ], [ -121.582142556066799, 36.900926394898924 ], [ -121.583770145127886, 36.901530732037351 ], [ -121.584408756258952, 36.902445001879101 ], [ -121.584461200887546, 36.902603881533494 ], [ -121.584521499153865, 36.902760953696777 ], [ -121.584589555027151, 36.902915968090419 ], [ -121.584665260113738, 36.903068677713442 ], [ -121.58474849382975, 36.903218839235549 ], [ -121.584839123592658, 36.903366213385404 ], [ -121.584937005032458, 36.903510565331466 ], [ -121.58504198222154, 36.903651665056792 ], [ -121.585156688409938, 36.903792583455136 ], [ -121.585278471796414, 36.903929618406877 ], [ -121.585407128826432, 36.904062540822395 ], [ -121.585542444451193, 36.904191128486062 ], [ -121.585684192486809, 36.9043151664277 ], [ -121.585832135992305, 36.904434447282199 ], [ -121.58598602766574, 36.904548771636144 ], [ -121.586145610257503, 36.904657948361702 ], [ -121.586310617000393, 36.904761794935489 ], [ -121.586480772055694, 36.904860137744883 ], [ -121.58665579097412, 36.904952812377431 ], [ -121.586835381171639, 36.905039663896439 ], [ -121.587019242418577, 36.905120547099699 ], [ -121.587207067341723, 36.905195326762566 ], [ -121.587398541938228, 36.90526387786425 ], [ -121.587593346100832, 36.905326085796638 ], [ -121.587791154153095, 36.905381846556111 ], [ -121.58799163539426, 36.905431066917536 ], [ -121.588194454651997, 36.905473664590332 ], [ -121.588399272843404, 36.905509568355733 ], [ -121.588605747541791, 36.905538718186328 ], [ -121.588813533549711, 36.905561065346191 ], [ -121.589022283476069, 36.905576572472597 ], [ -121.58923164831738, 36.90558521363846 ], [ -121.589441278041548, 36.905586974395476 ], [ -121.589650822173169, 36.90558185179885 ], [ -121.589859930379973, 36.905569854411709 ], [ -121.590068253058732, 36.905551002290892 ], [ -121.590275441919971, 36.905525326953764 ], [ -121.590481150570682, 36.905492871324917 ], [ -121.590685035093614, 36.90545368966486 ], [ -121.590886754622559, 36.905407847479182 ], [ -121.591085971912435, 36.905355421408657 ], [ -121.591282353903523, 36.905296499101603 ], [ -121.591475572278242, 36.905231179066668 ], [ -121.591665304010633, 36.905159570508864 ], [ -121.591851231906134, 36.905081793145904 ], [ -121.592033045132496, 36.904997977008925 ], [ -121.592210439739375, 36.904908262224467 ], [ -121.592383119166612, 36.904812798780164 ], [ -121.592550794740191, 36.904711746274153 ], [ -121.592713186154953, 36.904605273647711 ], [ -121.592870021943227, 36.904493558903276 ], [ -121.593021039928644, 36.904376788806317 ], [ -121.593165987664676, 36.904255158573051 ], [ -121.593304622856351, 36.904128871543982 ], [ -121.593436713765442, 36.903998138844123 ], [ -121.593562039597842, 36.903863179029521 ], [ -121.593680390872407, 36.903724217721937 ], [ -121.593791569771284, 36.903581487231818 ], [ -121.593895390470138, 36.903435226169158 ], [ -121.593895441977025, 36.903435156141278 ], [ -121.593895483570364, 36.903435081984902 ], [ -121.594495733154631, 36.902477048903805 ], [ -121.594681308764493, 36.902322722693512 ], [ -121.59505046906466, 36.902015643973236 ], [ -121.598227153155946, 36.901555978261577 ], [ -121.599603255385517, 36.901981674158009 ], [ -121.601673233580797, 36.902298520118869 ], [ -121.6033670353942, 36.902471432994908 ], [ -121.610390224097742, 36.904774018072068 ], [ -121.610670807729747, 36.904866021701871 ], [ -121.612102115232872, 36.903561469161033 ], [ -121.613431934488162, 36.902524106897097 ], [ -121.618398511224413, 36.907817184877814 ], [ -121.619004864168645, 36.908526163791663 ], [ -121.619692464716309, 36.908768139960237 ], [ -121.621003882883571, 36.90875412082849 ], [ -121.621881443234187, 36.908559572398829 ], [ -121.623429355304509, 36.909520189129992 ], [ -121.623610370763203, 36.909632510893687 ], [ -121.624880106158088, 36.909910452291705 ], [ -121.625563541349422, 36.910386306382776 ], [ -121.626750004955454, 36.911248164169393 ], [ -121.627694131657947, 36.911405330888869 ], [ -121.628715843526891, 36.911300126408911 ], [ -121.629898367420566, 36.9103486327841 ], [ -121.633028193141939, 36.905350286380489 ], [ -121.633534830631618, 36.904541128637256 ], [ -121.634379285670121, 36.898028736733494 ], [ -121.635071011324499, 36.898036686400566 ], [ -121.635986960875186, 36.895678179049661 ], [ -121.636662050629951, 36.894574553963984 ], [ -121.638397070867626, 36.893249068006597 ], [ -121.640303646822019, 36.892510470355539 ], [ -121.64391449505456, 36.892171548456282 ], [ -121.652743624696868, 36.891189850101647 ], [ -121.65398141376771, 36.891203880186325 ], [ -121.65609033847214, 36.893450533503142 ], [ -121.661370340626434, 36.893030718965491 ], [ -121.663820658927932, 36.892835794740797 ], [ -121.686690852108995, 36.896922226774436 ], [ -121.692388020606245, 36.898096452169035 ], [ -121.692544591572428, 36.897454743093263 ], [ -121.695812433617448, 36.89801711404624 ], [ -121.695982530288006, 36.898720916466402 ], [ -121.71050343418456, 36.90142395190815 ], [ -121.711194258943692, 36.90148990296305 ], [ -121.713488640179818, 36.901485569529569 ], [ -121.713515643615892, 36.899877229673223 ], [ -121.714070611347537, 36.899356785906946 ], [ -121.715139727498041, 36.898578662951216 ], [ -121.716281159760669, 36.897830587158957 ], [ -121.717277924141158, 36.897022435365201 ], [ -121.717768837342504, 36.896120069273643 ], [ -121.718179611582414, 36.895365054801076 ], [ -121.723119516001191, 36.893926621338842 ], [ -121.724176407016841, 36.893573979319719 ], [ -121.735092764628547, 36.889930824027161 ], [ -121.754363162188127, 36.884928369528026 ], [ -121.764234096735962, 36.882428388204204 ], [ -121.778256435018235, 36.879824151964357 ], [ -121.778648538001434, 36.882635932416065 ] ] ] } },
{ "type": "Feature", "properties": { "facility_id": "CVY_01E6DCF2", "source_segment_count": 3, "facility_length_mi_map": 43.65, "facility_blm_crosses_map": false, "facility_blm_length_mi_map": 0.0, "facility_blm_pct_length_map": 0.0, "facility_blm_nearest_mi_map": 0.11, "facility_blm_crossing_count_map": 0 }, "geometry": { "type": "MultiLineString", "coordinates": [ [ [ -121.684975241716657, 42.166151401970197 ], [ -121.686063435699012, 42.162777184716965 ], [ -121.689712147143041, 42.152107716079527 ], [ -121.690335585136737, 42.150339818201566 ], [ -121.690516899297052, 42.150025916850552 ], [ -121.690696680033199, 42.149786342771264 ], [ -121.698269424877694, 42.142856087652049 ], [ -121.702751374053378, 42.138622644793145 ], [ -121.703248212474108, 42.138067285695222 ], [ -121.710660793991693, 42.125378098985067 ], [ -121.713453402885108, 42.12067693993194 ], [ -121.714164983574491, 42.119439609919318 ], [ -121.714270269719023, 42.119171282063832 ], [ -121.714300864540988, 42.118892824862797 ], [ -121.714280603039754, 42.118660265405985 ], [ -121.714197941863929, 42.118427005444339 ], [ -121.713253345376387, 42.116819521013205 ], [ -121.711414918892913, 42.113470306995801 ], [ -121.711244170716981, 42.113273228841265 ], [ -121.711010655455482, 42.113094032001513 ], [ -121.710628338758795, 42.112866696443895 ], [ -121.709404119181158, 42.112258364035362 ], [ -121.709074631507974, 42.111973821527364 ], [ -121.70880143316883, 42.11166911031367 ], [ -121.708734182591712, 42.111488564128344 ], [ -121.706416956756769, 42.107596426453419 ], [ -121.706297093650079, 42.107353447570745 ], [ -121.706226764546486, 42.10712961362983 ], [ -121.70600234113401, 42.104664342975873 ], [ -121.705458461535144, 42.102567201473839 ], [ -121.705370746437538, 42.101971435865828 ], [ -121.705352222278051, 42.101655251910145 ], [ -121.705529912634503, 42.100895201050555 ], [ -121.705621971984812, 42.100663905931263 ], [ -121.705907215833648, 42.100137401939229 ], [ -121.706280011286651, 42.099648012750144 ], [ -121.707110355544799, 42.098654733077716 ], [ -121.707660475739942, 42.098009216825567 ], [ -121.707799892475407, 42.097881857815842 ], [ -121.707988913282563, 42.097791052242762 ], [ -121.708239179429128, 42.097756697504842 ], [ -121.708438412284437, 42.097777526579179 ], [ -121.708636135970025, 42.09787268608023 ], [ -121.709238205738075, 42.098334835920816 ], [ -121.709448597465808, 42.098420842925741 ], [ -121.710144790014382, 42.098549484615653 ], [ -121.710715660394285, 42.098704595093849 ], [ -121.710990316699139, 42.098698388255791 ], [ -121.711315625409611, 42.098655576253826 ], [ -121.711591974140489, 42.098565744941929 ], [ -121.711794408591444, 42.098428616171084 ], [ -121.711934273586195, 42.098300080883291 ], [ -121.712049939763887, 42.098134099354247 ], [ -121.712115138588885, 42.097995429921127 ], [ -121.71214309865212, 42.097847049872477 ], [ -121.712111124017881, 42.097577182848234 ], [ -121.711985175723484, 42.097018165788093 ], [ -121.711983607264997, 42.096479134095055 ], [ -121.711952387215604, 42.096172100734741 ], [ -121.711895087276886, 42.095920536627425 ], [ -121.711799987129339, 42.095687134988118 ], [ -121.711570858341418, 42.095294239977484 ], [ -121.711524719970086, 42.095107853913433 ], [ -121.711552867781208, 42.094950182964674 ], [ -121.711746574200873, 42.094627090177767 ], [ -121.711963538003232, 42.094387897801447 ], [ -121.712905285034722, 42.09347842166715 ], [ -121.714260354114927, 42.092489928924721 ], [ -121.714828088476182, 42.092180313801464 ], [ -121.714992694870517, 42.092061343726854 ], [ -121.715107965789457, 42.091913941048226 ], [ -121.715161240377384, 42.091747255525043 ], [ -121.71519050209946, 42.091533837047329 ], [ -121.715187397521845, 42.08983311172674 ], [ -121.715157290485095, 42.089470331870281 ], [ -121.714812989592872, 42.088602192078774 ], [ -121.714403049701176, 42.087277937941245 ], [ -121.714259184508407, 42.086988229330395 ], [ -121.713931971369547, 42.086510600732197 ], [ -121.713893907954329, 42.086409520811159 ], [ -121.713879741522305, 42.086008172888612 ], [ -121.713807904147345, 42.085858672111804 ], [ -121.713628356973203, 42.085730458021487 ], [ -121.713254161046649, 42.085591044121159 ], [ -121.712864535656792, 42.085524267449692 ], [ -121.712680915521133, 42.085446418467754 ], [ -121.712263215982006, 42.085125756669861 ], [ -121.711736648715274, 42.084636588985703 ], [ -121.710999497481339, 42.084212224902544 ], [ -121.710575098306848, 42.084008310831372 ], [ -121.710282322084367, 42.083905448175045 ], [ -121.71000027264472, 42.083855419183401 ], [ -121.709674156348839, 42.083845896069661 ], [ -121.709288131406623, 42.08388255378263 ], [ -121.708930622584774, 42.0839614747319 ], [ -121.704966646493489, 42.085034340816655 ], [ -121.704262293648881, 42.085314484788938 ], [ -121.704011319629856, 42.085385997122337 ], [ -121.703761667032623, 42.085392471269294 ], [ -121.703089633775306, 42.085310530027812 ], [ -121.70257880229741, 42.085276873880019 ], [ -121.702392652505935, 42.08522830267318 ], [ -121.702256775132682, 42.085161712291594 ], [ -121.702134885426702, 42.085020933102605 ], [ -121.702087455278033, 42.084899581528305 ], [ -121.701952336082897, 42.084795826288314 ], [ -121.701741620961656, 42.084728388758059 ], [ -121.701566241072101, 42.084763577913357 ], [ -121.701377440352204, 42.084845081847575 ], [ -121.701177494234571, 42.08486140502265 ], [ -121.700916129402671, 42.084830565392075 ], [ -121.698343640991538, 42.084288766013209 ], [ -121.697001778044296, 42.084070590902968 ], [ -121.696393082302734, 42.08394286255465 ], [ -121.696170094398056, 42.083865980344093 ], [ -121.695984905803925, 42.083770943834701 ], [ -121.695874554957797, 42.083676755225035 ], [ -121.695713169023747, 42.083637747275027 ], [ -121.695501322923533, 42.08362604601875 ], [ -121.695151133574669, 42.083668531482608 ], [ -121.694464942868464, 42.083670018890032 ], [ -121.693905194530089, 42.083589302153229 ], [ -121.693755139945011, 42.083606180346095 ], [ -121.693603371374394, 42.083706680038055 ], [ -121.693487683637159, 42.083872643988322 ], [ -121.693297540834237, 42.084019171980046 ], [ -121.693057696043283, 42.084155840552029 ], [ -121.692193975779077, 42.084453304387594 ], [ -121.690820906257201, 42.085351338991359 ], [ -121.690667438972355, 42.085383427730562 ], [ -121.690526816697798, 42.085344323494262 ], [ -121.690427753183187, 42.085250354559044 ], [ -121.690249641516871, 42.084811533456353 ], [ -121.690085915471485, 42.084279940992616 ], [ -121.689860785084875, 42.083701180433899 ], [ -121.689781696508945, 42.083300662091709 ], [ -121.689697020411941, 42.0825655176182 ], [ -121.689457473861665, 42.081475455007464 ], [ -121.689275551541897, 42.081222455823138 ], [ -121.688808686308946, 42.080873266007508 ], [ -121.688736339589227, 42.080751625139904 ], [ -121.68863097888449, 42.080415858758315 ], [ -121.6880501219336, 42.079544934089455 ], [ -121.687440890796111, 42.078840961372272 ], [ -121.687052712592163, 42.078306796546222 ], [ -121.686905734736953, 42.07817500737616 ], [ -121.686364266216302, 42.077815661350975 ], [ -121.68600623457499, 42.077634986763634 ], [ -121.685273721342824, 42.077368840977371 ], [ -121.683184629860818, 42.076543193850981 ], [ -121.682777304066576, 42.076334064275279 ], [ -121.682333723165826, 42.076068755842584 ], [ -121.681759307135479, 42.075495260673726 ], [ -121.681256842566157, 42.07506199114632 ], [ -121.679564854050426, 42.07393325514785 ], [ -121.678807495214173, 42.073472523852182 ], [ -121.67833355754496, 42.073275956844213 ], [ -121.676096119175256, 42.072493346218685 ], [ -121.675935936085352, 42.072398564071094 ], [ -121.674783596103524, 42.071569038033068 ], [ -121.673727098277638, 42.070683118168546 ], [ -121.673552373259938, 42.070358656796259 ], [ -121.673241332491116, 42.069876599200363 ], [ -121.672614259913772, 42.068986681931015 ], [ -121.671988374010922, 42.068496182814748 ], [ -121.671766632967888, 42.068363509020891 ], [ -121.671026013338633, 42.067992491329193 ], [ -121.669278320292122, 42.067126359042305 ], [ -121.668442016610399, 42.066903086009191 ], [ -121.668156193348239, 42.066853302361096 ], [ -121.667906612616207, 42.066859699040528 ], [ -121.667631121776452, 42.066912260221891 ], [ -121.667106049306355, 42.066971216027447 ], [ -121.66688160074105, 42.06696860921187 ], [ -121.66654531821105, 42.066946114835964 ], [ -121.666122527919228, 42.066885440467296 ], [ -121.66485572190895, 42.066629078732042 ], [ -121.663932606834763, 42.066636921894286 ], [ -121.663721213485474, 42.066606578234087 ], [ -121.663524238096514, 42.066483470892855 ], [ -121.663439099367139, 42.066380253057005 ], [ -121.663379872542137, 42.066230868088233 ], [ -121.663231224718828, 42.065587890843538 ], [ -121.663066405423749, 42.065121301656639 ], [ -121.662969383779796, 42.064990063305885 ], [ -121.662639547560289, 42.06466094988712 ], [ -121.661418022928544, 42.063196837691429 ], [ -121.660949140977777, 42.062605980307708 ], [ -121.660755895393848, 42.062306335259372 ], [ -121.6598475755724, 42.060427755771585 ], [ -121.659753498605966, 42.060157147987866 ], [ -121.659535524198901, 42.059847919982623 ], [ -121.659326893169109, 42.059687494931353 ], [ -121.659104817054484, 42.05957337737307 ], [ -121.658969822725155, 42.059469574055676 ], [ -121.6575045492242, 42.058578859945655 ], [ -121.657245079837509, 42.058464302199255 ], [ -121.656997096310064, 42.058396347134732 ], [ -121.656289576904101, 42.058239369970678 ], [ -121.656015486537882, 42.058226866338799 ], [ -121.655789895315507, 42.058279984247498 ], [ -121.655559989484843, 42.058537505530111 ], [ -121.655463654153777, 42.058702796974842 ], [ -121.655320362984497, 42.058737889845766 ], [ -121.6552547590193, 42.058728949889428 ], [ -121.655157560407247, 42.058658351935271 ], [ -121.655049012479893, 42.058522225385509 ], [ -121.654653469887222, 42.057764821829323 ], [ -121.654585669541163, 42.057562612269741 ], [ -121.654379448691287, 42.055977273014307 ], [ -121.654052148415829, 42.054941865440711 ], [ -121.653390710787292, 42.05319623609487 ], [ -121.653444205462478, 42.052434804204623 ], [ -121.65357671954331, 42.052064620605798 ], [ -121.653729455599475, 42.051917718673231 ], [ -121.654435029254557, 42.051476048968333 ], [ -121.654627705306567, 42.051305593836183 ], [ -121.654718693865064, 42.051130086073215 ], [ -121.654761386298944, 42.05087966345674 ], [ -121.65424306197329, 42.049331115883234 ], [ -121.654247289444996, 42.048652508200611 ], [ -121.654205470173594, 42.048270987022455 ], [ -121.654158941933446, 42.048112452563963 ], [ -121.654086697621651, 42.047990790938805 ], [ -121.653927588018533, 42.047849522382023 ], [ -121.653742958176508, 42.047735836497431 ], [ -121.653396280342065, 42.047620247234413 ], [ -121.652390659500639, 42.04717709740941 ], [ -121.652298245315762, 42.047068338073728 ], [ -121.652238863980543, 42.046928239535383 ], [ -121.652181449057466, 42.046695228704003 ], [ -121.652131693170517, 42.046099864991085 ], [ -121.652003220610169, 42.045689445111726 ], [ -121.651905856708098, 42.045576780694326 ], [ -121.651733702668722, 42.045463236837769 ], [ -121.650733032442815, 42.045056541298194 ], [ -121.650372775674555, 42.044963981015307 ], [ -121.64828102877253, 42.044827840457181 ], [ -121.646343598961607, 42.044765388456888 ], [ -121.646079142128457, 42.044731291197188 ], [ -121.645788602711093, 42.04461344830635 ], [ -121.644116140874686, 42.043682081045986 ], [ -121.642887867200173, 42.042812565705333 ], [ -121.64226009214029, 42.042433403128733 ], [ -121.641333378415084, 42.042041403906829 ], [ -121.64094619284954, 42.042073992879558 ], [ -121.63853978317151, 42.042082642974428 ], [ -121.638290695614558, 42.042070392342282 ], [ -121.638079794542023, 42.042021424481227 ], [ -121.637907874064652, 42.041898568354881 ], [ -121.637496259713274, 42.041509295114196 ], [ -121.637096372867916, 42.041286118141521 ], [ -121.635653749488526, 42.040617178954157 ], [ -121.635543561237455, 42.040522933646734 ], [ -121.635487404854118, 42.040234170465133 ], [ -121.635490187834847, 42.040104094908457 ], [ -121.635406520545914, 42.039935817559659 ], [ -121.63419376167468, 42.038350800932477 ], [ -121.632585505126599, 42.037560769726248 ], [ -121.630468791347894, 42.037369106108798 ], [ -121.629966697782763, 42.037366089759999 ], [ -121.629726245730652, 42.037396079772911 ], [ -121.629462918079852, 42.037467282478403 ], [ -121.629112545474655, 42.037528152418631 ], [ -121.626084484551981, 42.037514325685436 ], [ -121.625684118006291, 42.037533611989168 ], [ -121.624846668074227, 42.037635100670258 ], [ -121.624635191181611, 42.037613978975209 ], [ -121.623904862652267, 42.037372888387097 ], [ -121.623718716454022, 42.037333483027517 ], [ -121.623534922943534, 42.037338154667445 ] ], [ [ -121.617096373908737, 42.17446181072529 ], [ -121.616879892501672, 42.174586374152064 ], [ -121.616590167856259, 42.174808909234933 ], [ -121.616312278514698, 42.175069257497917 ], [ -121.615822757770275, 42.175454193701874 ], [ -121.6157206741197, 42.175490633337056 ], [ -121.615219146493217, 42.175555212845651 ], [ -121.614977208627622, 42.175618217164441 ], [ -121.614766091061142, 42.175719264006929 ], [ -121.61446472335129, 42.175894563581878 ], [ -121.614373856065384, 42.175997063268788 ], [ -121.614288084023741, 42.17615613098215 ], [ -121.614210593550681, 42.176225829247521 ], [ -121.613678601357961, 42.176525480651172 ], [ -121.613532621531036, 42.176542553121855 ], [ -121.612861741710546, 42.176534441285632 ], [ -121.612118771190211, 42.176638467767646 ], [ -121.611406724275184, 42.176775826719052 ], [ -121.610041270670266, 42.177263143655985 ], [ -121.609919264183333, 42.177341718007021 ], [ -121.609674356487432, 42.177643648179448 ], [ -121.60958791699754, 42.177679011429539 ], [ -121.609196410535461, 42.177674264909101 ], [ -121.608400182495188, 42.177895207402251 ], [ -121.607934023338032, 42.178132286513105 ], [ -121.606697832810951, 42.178696812293822 ], [ -121.606321249162391, 42.178941041323 ], [ -121.606146830470195, 42.179081529371558 ], [ -121.605325385821573, 42.17952060784711 ], [ -121.605121145756868, 42.179718380556693 ], [ -121.604985026736827, 42.179786512524053 ], [ -121.604233488983581, 42.180014037934257 ], [ -121.603829473481198, 42.180206343830946 ], [ -121.603625228924926, 42.180404115727015 ], [ -121.603494191674443, 42.180611880862827 ], [ -121.603179714849688, 42.180716188876538 ], [ -121.602991689375884, 42.180971663367743 ], [ -121.602781983960995, 42.180969109832773 ], [ -121.602525492489505, 42.181020250407734 ], [ -121.601844061057676, 42.181317193769125 ], [ -121.601713274437159, 42.181458047983106 ], [ -121.601599527959252, 42.18165337628637 ], [ -121.601302227821023, 42.181900732514798 ], [ -121.600892073231975, 42.182302725343462 ], [ -121.600517935695905, 42.182725508112732 ], [ -121.600421669535137, 42.182954963999258 ], [ -121.600399544029671, 42.183131058942152 ], [ -121.600676519784614, 42.183392203010456 ], [ -121.600711194754581, 42.18347402477481 ], [ -121.600654841640164, 42.183547952498358 ], [ -121.600352900805177, 42.183591752209097 ], [ -121.600205664235176, 42.183651004915461 ], [ -121.600102673286159, 42.183771845916837 ], [ -121.600035104705412, 42.183940603840519 ], [ -121.600022095303487, 42.18411680986317 ], [ -121.600029881900369, 42.184256959582157 ], [ -121.600128622919769, 42.184636577992357 ], [ -121.600010330068201, 42.185143005901907 ], [ -121.600056404659128, 42.185482148763697 ], [ -121.600400598651817, 42.18596434452315 ], [ -121.600457871641083, 42.186099480672048 ], [ -121.600514593064744, 42.186563232121685 ], [ -121.600603027712893, 42.18680330994404 ], [ -121.600762892799153, 42.187143839686485 ], [ -121.601368469590085, 42.187918012306952 ], [ -121.601501130096295, 42.1879744001982 ], [ -121.602101998816792, 42.188051431685921 ], [ -121.602187916385503, 42.188102271005256 ], [ -121.602195598777811, 42.188361279267397 ], [ -121.602130312816229, 42.188589523282729 ], [ -121.602111770690456, 42.188823316195133 ], [ -121.60214896902805, 42.188958205953824 ], [ -121.602376222133685, 42.189279638992737 ], [ -121.60248255212062, 42.189315789116762 ], [ -121.603038663180399, 42.189297667798911 ], [ -121.603151686514494, 42.18933389911448 ], [ -121.603237058805831, 42.18940962505939 ], [ -121.603384434614696, 42.189710167103961 ], [ -121.60379867923325, 42.190053791447028 ], [ -121.604014967502536, 42.190265546964866 ], [ -121.604208097203767, 42.190312709847007 ], [ -121.604469041624128, 42.190320863843809 ], [ -121.604899513409975, 42.190231497951203 ], [ -121.605059613854863, 42.190258340079367 ], [ -121.605481332456577, 42.190567194454083 ], [ -121.60562498115533, 42.190733251976702 ], [ -121.605708715817926, 42.190883644160124 ], [ -121.605801700432977, 42.191527082040373 ], [ -121.605827949205562, 42.191856022865785 ], [ -121.605791455147141, 42.192602447408561 ], [ -121.605735387696996, 42.192716286323339 ], [ -121.605345733561052, 42.193080003889548 ], [ -121.605118922426527, 42.193346119089711 ], [ -121.605043866387916, 42.193409933620202 ], [ -121.604943346704275, 42.19341369129004 ], [ -121.604476959375035, 42.193308433858107 ], [ -121.604329582667859, 42.193311621160525 ], [ -121.60414774928131, 42.193359198401566 ], [ -121.603849928120198, 42.193504948154178 ], [ -121.603551338001253, 42.193685539400512 ], [ -121.602598705185144, 42.193768541158839 ], [ -121.601913065146235, 42.194193369649454 ], [ -121.601458009166009, 42.19444595982835 ], [ -121.599298395442602, 42.195545361482409 ], [ -121.598067046834899, 42.195023973968944 ], [ -121.596913719604544, 42.194562518119724 ], [ -121.596487170761563, 42.194419652571902 ], [ -121.59594707037509, 42.194329471203162 ], [ -121.595669923041953, 42.194306413710876 ], [ -121.595178889534594, 42.19438888821562 ], [ -121.595045617275659, 42.194436415396105 ], [ -121.594830859735637, 42.194581264194895 ], [ -121.594440338725448, 42.194900930941131 ], [ -121.594120265396455, 42.195024823183267 ], [ -121.593903651038744, 42.195253218170741 ], [ -121.59320346817367, 42.195524840742777 ], [ -121.592627766654175, 42.195847147492252 ], [ -121.592097294410905, 42.196514123283393 ], [ -121.591529607660377, 42.196772614582187 ], [ -121.591377811241983, 42.196760918241466 ], [ -121.588631988405183, 42.19626506327814 ], [ -121.588428959269521, 42.196178992775138 ], [ -121.588294212875198, 42.19599544376991 ], [ -121.588164499741438, 42.195585823271529 ], [ -121.588054766936224, 42.195466490302039 ], [ -121.586462673775017, 42.19422772267594 ], [ -121.586152010298633, 42.193928935843054 ], [ -121.585599744028272, 42.193199481795709 ], [ -121.585431528203102, 42.19303518114743 ], [ -121.585113059265211, 42.192790370958249 ], [ -121.584913306285387, 42.192261899816856 ], [ -121.584830681042163, 42.192113401766242 ], [ -121.584734071724924, 42.191999143128044 ], [ -121.584357338956039, 42.191699536434513 ], [ -121.583732389996001, 42.190674217560783 ], [ -121.583615740163097, 42.190569543269845 ], [ -121.582528908026731, 42.190098932453999 ], [ -121.582110459292679, 42.189892206185483 ], [ -121.581285563316726, 42.1892380150408 ], [ -121.580362436564442, 42.188543274976062 ], [ -121.579984756072918, 42.188287884992569 ], [ -121.578599954553411, 42.187843045360559 ], [ -121.577713220349963, 42.187591169614358 ], [ -121.577285990583988, 42.187482636348413 ], [ -121.576469642976249, 42.187334861237026 ], [ -121.575832946747269, 42.186840276862249 ], [ -121.574663534283459, 42.186226004060771 ], [ -121.57312864583956, 42.185110661477395 ], [ -121.57167415032535, 42.18453705506807 ], [ -121.571288039144889, 42.184365103661015 ], [ -121.570505153781525, 42.18390799587079 ], [ -121.569732615213582, 42.183578827969349 ], [ -121.568468530200292, 42.1827715889359 ], [ -121.566395885074499, 42.180892385912173 ], [ -121.565766717625905, 42.180363428538229 ], [ -121.56432952456241, 42.179032886920375 ], [ -121.56414113347428, 42.17888796587836 ], [ -121.563547979485421, 42.178521673598254 ], [ -121.563035080984079, 42.177822097883684 ], [ -121.562312581272423, 42.177331281597304 ], [ -121.560991989532795, 42.176985350621337 ], [ -121.560244116905935, 42.176739999622036 ], [ -121.558920513115169, 42.176236696564558 ], [ -121.558286786716522, 42.176204154523212 ], [ -121.556996469998637, 42.175691415776086 ], [ -121.556664538009557, 42.175466021140579 ], [ -121.55647416344128, 42.17540955019382 ], [ -121.555590945243836, 42.175305027714117 ], [ -121.555354434100877, 42.175243058303963 ], [ -121.555165292919511, 42.175132525267379 ], [ -121.554909969257878, 42.175026073018145 ], [ -121.554655878084816, 42.174865559802285 ], [ -121.554315225250988, 42.174733452070335 ], [ -121.553933812259444, 42.174649988590964 ], [ -121.553506394745582, 42.174613788804763 ], [ -121.553285682273511, 42.174552694836386 ], [ -121.55297560629532, 42.174399767922637 ], [ -121.552457142730773, 42.174218295387981 ], [ -121.551786885442766, 42.174200116482723 ], [ -121.551276469884868, 42.174047893745005 ], [ -121.55106328349828, 42.174038721715718 ], [ -121.550330375905745, 42.174094249854605 ], [ -121.550158372783329, 42.173998132290947 ], [ -121.549785738128762, 42.173724545121146 ], [ -121.54963402435537, 42.173693471104222 ], [ -121.548536888542685, 42.173679592814182 ], [ -121.548282151480933, 42.173773554490488 ], [ -121.547990064266301, 42.173977183136458 ], [ -121.547784178488016, 42.174029648215878 ], [ -121.547062995706568, 42.174143613781261 ], [ -121.546823613547957, 42.174137341765849 ], [ -121.546599964483235, 42.174014647545604 ], [ -121.546429670854849, 42.173844037639554 ], [ -121.546207061140933, 42.173676003072707 ], [ -121.54596968402204, 42.173582288912058 ], [ -121.545761524607769, 42.173544016020607 ], [ -121.54550458128368, 42.173543996713747 ], [ -121.544914233631772, 42.173649890893145 ], [ -121.54457125595799, 42.173603426605673 ], [ -121.544410169162916, 42.17360138274087 ], [ -121.544230701938829, 42.173641218121318 ], [ -121.543488162609819, 42.173926584112529 ], [ -121.543355768903254, 42.174002648737883 ], [ -121.543045092850448, 42.174066733117044 ], [ -121.542538688270255, 42.174309739076108 ], [ -121.542348130445689, 42.174453094125639 ], [ -121.541844807086932, 42.174751206744602 ], [ -121.541476372954619, 42.17505427172059 ], [ -121.541299838729941, 42.175155690945658 ], [ -121.540758587601573, 42.175398245346656 ], [ -121.540690600405924, 42.175514000601517 ], [ -121.540696701763338, 42.175627459532393 ], [ -121.540756016623249, 42.175699483116489 ], [ -121.540731865416831, 42.175802839249499 ], [ -121.540660267892022, 42.175886154081141 ], [ -121.540537614618103, 42.175916988689615 ], [ -121.540385155243015, 42.175918287528233 ], [ -121.53938318784985, 42.175552430079705 ], [ -121.539028186225977, 42.175460443617368 ], [ -121.537230309694436, 42.175615700694436 ], [ -121.534740432153455, 42.175373354171064 ], [ -121.534321553126361, 42.175218986589549 ], [ -121.53413411604906, 42.175226310362071 ], [ -121.533918759332749, 42.175311023998923 ], [ -121.5334050388729, 42.175680234805519 ], [ -121.532245979492728, 42.176271189831979 ], [ -121.531969213045258, 42.176374551022199 ], [ -121.53182508554444, 42.176392142133118 ], [ -121.531590202148806, 42.176379417470656 ], [ -121.531274019423293, 42.17630410065081 ], [ -121.53038349882091, 42.176017338702536 ], [ -121.529556194461676, 42.17600997640946 ], [ -121.529352240959568, 42.175978205831385 ], [ -121.529106473575936, 42.175871391516942 ], [ -121.528261613441103, 42.17530660351148 ], [ -121.528092944865051, 42.175067959307682 ], [ -121.527956332669902, 42.174761694842239 ], [ -121.527903115574162, 42.174427346429539 ], [ -121.527902969148741, 42.174245935222807 ], [ -121.527854780821954, 42.174070384750969 ], [ -121.527566172782457, 42.173558083414704 ], [ -121.527441419247367, 42.173491693009971 ], [ -121.527054243563271, 42.173473763554249 ], [ -121.526946681087779, 42.173417311466991 ], [ -121.526707243233631, 42.173038456566886 ], [ -121.526398294641126, 42.172840120370076 ], [ -121.526384496518347, 42.172496558920926 ], [ -121.526305686420173, 42.172327092702936 ], [ -121.526241586234747, 42.172274438464598 ], [ -121.525783568509055, 42.172119536695504 ], [ -121.525650638508239, 42.172030362115699 ], [ -121.525215982369815, 42.171619841319284 ], [ -121.525171481627254, 42.171473493174823 ], [ -121.525140500529758, 42.171119992194754 ], [ -121.525003222682983, 42.171030760945946 ], [ -121.52354568098167, 42.17041270600852 ], [ -121.52304646651703, 42.170344729057547 ], [ -121.522846208684015, 42.170342150459376 ], [ -121.522499799445839, 42.170444591234599 ], [ -121.522050244748399, 42.170675280776322 ], [ -121.521368162936341, 42.170792829641279 ], [ -121.521264058076383, 42.170775290235653 ], [ -121.52076179293303, 42.169903875119473 ], [ -121.520408941875942, 42.16934861400361 ], [ -121.519975016966171, 42.16890892626872 ], [ -121.519599023510722, 42.168599563276338 ], [ -121.519033151357064, 42.168216480250997 ], [ -121.518905273481437, 42.168098208187267 ], [ -121.518223238381722, 42.166722342068702 ], [ -121.518036555889296, 42.165952174598345 ], [ -121.51794118534886, 42.165374316789745 ], [ -121.517888147916139, 42.16522137567457 ], [ -121.517693308720908, 42.164800966145918 ], [ -121.517499949949283, 42.16450367556358 ], [ -121.517177406253253, 42.164331053102316 ], [ -121.517126834696001, 42.164259131099364 ], [ -121.517049230136934, 42.163853192899175 ], [ -121.517106760942681, 42.163627173450678 ], [ -121.517067996841533, 42.163422585272095 ], [ -121.516983131200021, 42.163327544171807 ], [ -121.516950501693955, 42.163233176782214 ], [ -121.516944670729444, 42.163110001964121 ], [ -121.516989973667535, 42.162848188841949 ], [ -121.516906203970649, 42.162519920112047 ], [ -121.516882920536801, 42.162211868277787 ], [ -121.516430052852627, 42.16034979172418 ], [ -121.516356697324824, 42.160135038038433 ], [ -121.51624027027411, 42.15990028936627 ], [ -121.516143033932821, 42.159775932081374 ], [ -121.51599295868651, 42.159676805530502 ], [ -121.515826686815629, 42.159525638589969 ], [ -121.515751745761364, 42.159378893555264 ], [ -121.515664842740762, 42.158998748617066 ], [ -121.515544938311606, 42.158912972318312 ], [ -121.51441500231293, 42.158451294847204 ], [ -121.514060515423736, 42.158343040527889 ], [ -121.513668933503183, 42.158331487573925 ], [ -121.513031953406582, 42.158015481600756 ], [ -121.512526042899793, 42.157866386363146 ], [ -121.512334604726234, 42.157860663449434 ], [ -121.511913419723783, 42.157997736879324 ], [ -121.511763535818659, 42.158076779995994 ], [ -121.511463791364534, 42.15841951411781 ], [ -121.511110772322496, 42.158991560142695 ], [ -121.511063980875988, 42.159130250607134 ], [ -121.51095938553587, 42.159877211326666 ], [ -121.510901205248189, 42.159944485017157 ], [ -121.510786972781688, 42.15998835368179 ], [ -121.509748956894498, 42.159877689441736 ], [ -121.508943539987158, 42.159689050775341 ], [ -121.508678938525293, 42.159646738113807 ], [ -121.507630555181365, 42.15960718691683 ], [ -121.507525406479047, 42.159634973641289 ], [ -121.507339396824747, 42.159768611847063 ], [ -121.507217991310739, 42.159932243817174 ], [ -121.506986270883175, 42.160528531940258 ], [ -121.506901206714005, 42.160627847601447 ], [ -121.506412112669352, 42.160874160049971 ], [ -121.504868053324714, 42.16154405181215 ], [ -121.504624853326163, 42.161678729419194 ], [ -121.504282742526613, 42.16207129547908 ], [ -121.502338411857664, 42.164086088482769 ], [ -121.502159930983765, 42.164036585533445 ], [ -121.50174857624549, 42.164003696297172 ], [ -121.501411726878558, 42.163948193924469 ], [ -121.501254841504078, 42.163879317779177 ], [ -121.501140676411239, 42.163791346106457 ], [ -121.501011320806981, 42.163451592841696 ], [ -121.500888448344085, 42.163284887694722 ], [ -121.500738331775281, 42.163153204567543 ], [ -121.500576443682959, 42.163072469836585 ], [ -121.500467471750795, 42.162988494900006 ], [ -121.500369897642969, 42.162869290836475 ], [ -121.500326164960001, 42.16270755087011 ], [ -121.500344898426917, 42.162361872180604 ], [ -121.500321550314354, 42.162231845823854 ], [ -121.500152537683547, 42.16200557087982 ], [ -121.500112510551119, 42.161910705440128 ], [ -121.500115574704552, 42.16178102441306 ], [ -121.499800793350914, 42.161686494905865 ], [ -121.499181323215822, 42.161741286772276 ], [ -121.499023237692114, 42.161723493820546 ], [ -121.498662409595326, 42.161565465873736 ], [ -121.498316034493129, 42.161466587836784 ], [ -121.497861437552004, 42.161252296069499 ], [ -121.497731436957338, 42.161164112322091 ], [ -121.497571696736927, 42.160992989648655 ], [ -121.497376493723976, 42.160534442394038 ], [ -121.497128939591235, 42.160055554005503 ], [ -121.496873408418793, 42.159690558373988 ], [ -121.496744064492617, 42.159574866055834 ], [ -121.496411059016779, 42.159358229893229 ], [ -121.495924350897539, 42.15893909990411 ], [ -121.495787771940044, 42.158905861079624 ], [ -121.495597540203903, 42.158907297444614 ], [ -121.495464286809593, 42.158956651248147 ], [ -121.495145710073885, 42.159023230044056 ], [ -121.494966598582621, 42.159001224461932 ], [ -121.494720037986625, 42.15892723341598 ], [ -121.494442064203398, 42.158841034833777 ], [ -121.494311794114154, 42.158764637001006 ], [ -121.494048580549389, 42.158501739105816 ], [ -121.493982529223175, 42.158390804568562 ], [ -121.493915109762781, 42.158114752594372 ], [ -121.493859156398685, 42.158023606466685 ], [ -121.493734356151222, 42.157939417728571 ], [ -121.493582309102834, 42.157890249589158 ], [ -121.493451948283763, 42.157817780869486 ], [ -121.49337968241241, 42.157746073880325 ], [ -121.493266378803952, 42.157622726561378 ], [ -121.493162740169609, 42.157314750774106 ], [ -121.493085476072025, 42.157231186397759 ], [ -121.492926469775171, 42.157252682496058 ], [ -121.492750220316424, 42.157332917217822 ], [ -121.492562008891355, 42.157471958263741 ], [ -121.492195398339078, 42.157781614735377 ], [ -121.492043689057255, 42.157940790187354 ], [ -121.491754432434078, 42.158330081827856 ], [ -121.491619032066239, 42.158469816562359 ], [ -121.491340371970182, 42.158635181929228 ], [ -121.491150419610065, 42.158624820344514 ], [ -121.491040252918594, 42.158591924965592 ], [ -121.490858663873809, 42.158451952103789 ], [ -121.490456320136133, 42.158041771375053 ], [ -121.490312309416311, 42.157654642207106 ], [ -121.490181299115264, 42.157609677148415 ], [ -121.48974737061225, 42.157639343982083 ], [ -121.489499417627499, 42.157624286151226 ], [ -121.489298250699406, 42.15764129113807 ], [ -121.488776451690214, 42.15781131078888 ], [ -121.488410433127711, 42.157873313924831 ], [ -121.487625352281768, 42.15778434634133 ], [ -121.487439374068501, 42.157829066217403 ], [ -121.487204270585607, 42.1579399624503 ], [ -121.487029323684013, 42.157965172135967 ], [ -121.486844561789638, 42.157958803955957 ], [ -121.486368530147544, 42.157759906388058 ], [ -121.486167550069027, 42.157769046815815 ], [ -121.485928004417062, 42.157844503573877 ], [ -121.485715900500381, 42.157877082363548 ], [ -121.485509919500672, 42.15787436407998 ], [ -121.485073142439859, 42.157801770149078 ], [ -121.484629680116697, 42.157788050857079 ], [ -121.484330038968835, 42.157725127334565 ], [ -121.483680877716992, 42.157696892938205 ], [ -121.483523276385199, 42.157659431517054 ], [ -121.482964090392215, 42.157624519224001 ], [ -121.482395939212665, 42.157522662347262 ], [ -121.482158553110636, 42.157507727684475 ], [ -121.482004448920264, 42.157544998075473 ], [ -121.481870907166751, 42.157606127116281 ], [ -121.48175414953603, 42.157628165813783 ], [ -121.481352378025207, 42.157638571512493 ], [ -121.480863281285608, 42.157765748510627 ], [ -121.480449252262744, 42.157846745060134 ], [ -121.479878294746257, 42.158082898445059 ], [ -121.479712215114844, 42.158178970936731 ], [ -121.47943230276725, 42.158395393382584 ], [ -121.479234626692346, 42.158487115655603 ], [ -121.47909483715604, 42.158514745050553 ], [ -121.478890615057665, 42.158512036783058 ], [ -121.478710157890134, 42.158399575988838 ], [ -121.478595461892965, 42.158188404973068 ], [ -121.47849132469365, 42.157830617811072 ], [ -121.478449187418633, 42.157531306696562 ], [ -121.478414091138802, 42.157232088727973 ], [ -121.478434692203223, 42.156666305873507 ], [ -121.478348546462399, 42.156439788604906 ], [ -121.478337726254821, 42.156303372409113 ], [ -121.478245569886454, 42.153388005524924 ] ], [ [ -121.600419400390734, 42.053742057537718 ], [ -121.600437933533343, 42.052675266669944 ], [ -121.600382343088626, 42.052606943882722 ], [ -121.600182884756194, 42.052604511238123 ], [ -121.599743915806087, 42.05271997003323 ], [ -121.59873149831121, 42.052828425535473 ], [ -121.59535172449695, 42.052852156905494 ], [ -121.594135569095613, 42.052586343442954 ], [ -121.592483933800764, 42.052278001074264 ], [ -121.590767312581633, 42.05208965097173 ], [ -121.589258513908518, 42.052089697663959 ], [ -121.588611104371452, 42.052044562954343 ], [ -121.588139658628876, 42.051936537017077 ], [ -121.585693461668598, 42.051101291211317 ], [ -121.583332393556205, 42.050548334344754 ], [ -121.582762275964512, 42.050392599172753 ], [ -121.58247825292618, 42.050268277046939 ], [ -121.580630752560012, 42.049241753050538 ], [ -121.578027491460503, 42.048001382749206 ], [ -121.571126744839006, 42.044913895311744 ], [ -121.568110080842345, 42.043222068860352 ], [ -121.566916927702223, 42.042500875590527 ], [ -121.566011724136501, 42.041727508445639 ], [ -121.565648049278565, 42.041267587517922 ], [ -121.565565816599133, 42.041043517719949 ], [ -121.565262902888705, 42.038437578436678 ], [ -121.56518606010097, 42.036866031731819 ], [ -121.565215532028816, 42.035556028506669 ], [ -121.565282388245521, 42.034246494022391 ], [ -121.565361001612672, 42.033522591361049 ], [ -121.565208606017976, 42.033093188921526 ], [ -121.564521138805745, 42.031514003522027 ], [ -121.564317232914377, 42.031158303485469 ], [ -121.56217421915909, 42.028901052762969 ], [ -121.560979623324599, 42.027705816421161 ], [ -121.560746008350122, 42.027563485148065 ], [ -121.560387991081853, 42.027410300073733 ], [ -121.559504727070319, 42.027334162157381 ], [ -121.55721138743877, 42.027216719409211 ], [ -121.555981836359933, 42.027131898436757 ], [ -121.555708746716931, 42.027081994862328 ], [ -121.551097778805186, 42.027042459005465 ], [ -121.549849576006096, 42.027119628240122 ], [ -121.547813782468211, 42.027070752289298 ], [ -121.546231463875614, 42.027078151915163 ], [ -121.544189145873801, 42.027187360523428 ], [ -121.541477933328281, 42.027388187390152 ], [ -121.538387797022864, 42.02736258810225 ], [ -121.535447003836822, 42.027242795202675 ], [ -121.532394926455041, 42.027162653993173 ], [ -121.531639290587506, 42.027221571294668 ], [ -121.530661386365836, 42.027365654972684 ], [ -121.530374174308236, 42.02737371918608 ], [ -121.529988102653647, 42.027359479859705 ], [ -121.527661781376452, 42.02716237639919 ], [ -121.526879324509451, 42.027040814124319 ], [ -121.526548919656378, 42.026978008993311 ], [ -121.524490652965014, 42.026087412491364 ], [ -121.524145026159459, 42.025918367328181 ], [ -121.523784180994653, 42.025611959520639 ], [ -121.522282850016509, 42.024122475697489 ], [ -121.521798217903878, 42.023735503965327 ], [ -121.521227632289907, 42.023385494796059 ], [ -121.520907112498222, 42.023238521882007 ], [ -121.520097903802096, 42.022926747108315 ], [ -121.518966129850355, 42.022556797992635 ], [ -121.517606694957863, 42.0221724787733 ], [ -121.51690385397788, 42.021946376311568 ], [ -121.51651575482569, 42.021801759819063 ], [ -121.516296761729095, 42.021690879588931 ], [ -121.516162081810108, 42.021586910928825 ], [ -121.515567120410921, 42.02091009243837 ], [ -121.51482222569922, 42.020249914854986 ], [ -121.513998048375498, 42.019783868868672 ], [ -121.513307904183762, 42.019449660725229 ], [ -121.51191322928095, 42.018864687135192 ], [ -121.511307500674775, 42.018652375720606 ], [ -121.510619647186999, 42.018463798468176 ], [ -121.509610159098273, 42.018221434613245 ], [ -121.508901082911905, 42.018165757815069 ], [ -121.508528401544908, 42.018114447689747 ], [ -121.50708968404038, 42.017816939312496 ], [ -121.506482678029869, 42.017660345069949 ], [ -121.506047273594817, 42.017626797882073 ], [ -121.505568397886506, 42.017852897683831 ], [ -121.505390926718974, 42.017980694928539 ], [ -121.505274228377075, 42.018174337083899 ], [ -121.50523206325424, 42.018378243039677 ], [ -121.505239082689869, 42.018610668963746 ], [ -121.505358232534206, 42.018844556936649 ], [ -121.505552136583233, 42.019079417086708 ], [ -121.506084817783773, 42.019521665696551 ], [ -121.506259108016891, 42.019757745969585 ], [ -121.506614838174443, 42.020533728909918 ], [ -121.507240122206042, 42.0215083789179 ], [ -121.508275931830937, 42.022621393963121 ], [ -121.508455460140482, 42.022834550323509 ], [ -121.508550795646627, 42.023021659152839 ], [ -121.508662628712997, 42.023823795572831 ], [ -121.508653462303812, 42.023961626090717 ], [ -121.508228392986098, 42.026149343666738 ], [ -121.507992955329897, 42.027688986758008 ], [ -121.507913627802125, 42.027883116495147 ], [ -121.507784672846455, 42.028067309116906 ], [ -121.50756849147669, 42.028250364823847 ], [ -121.506204656635944, 42.029003971851886 ], [ -121.505713453347028, 42.029220618664922 ], [ -121.505035327715433, 42.029434827871597 ], [ -121.504409005231352, 42.029566068296553 ], [ -121.504096385224287, 42.029608461158595 ], [ -121.503771743063751, 42.029632107117713 ], [ -121.50267494232267, 42.029627096606617 ], [ -121.502128179131731, 42.029554906902291 ], [ -121.501102856439488, 42.029160490114975 ], [ -121.499579982962501, 42.02872238560856 ], [ -121.499021862371421, 42.028603566161095 ], [ -121.497828237615735, 42.028476428852755 ], [ -121.497081241744581, 42.02843876691788 ], [ -121.495924787478742, 42.028321388934891 ], [ -121.495463956229571, 42.028306053477671 ], [ -121.495102153460692, 42.028319897561524 ], [ -121.493128073284481, 42.028517034133536 ], [ -121.492016857278045, 42.028595370649825 ], [ -121.491344849173544, 42.028549365132243 ], [ -121.491010163848159, 42.028470618182439 ], [ -121.490738442339321, 42.028364816912109 ], [ -121.490517225014102, 42.028231799704109 ], [ -121.490029209846085, 42.027700289277526 ], [ -121.489774052372795, 42.027506430569055 ], [ -121.489208562003114, 42.027173719049948 ], [ -121.488887227439477, 42.027057967596903 ], [ -121.486769913586159, 42.026463170602653 ], [ -121.486596129104541, 42.026432997929021 ], [ -121.486383862592788, 42.02644878560077 ], [ -121.48575863425674, 42.026533472022798 ], [ -121.48544535847951, 42.026603685281728 ], [ -121.48520596284618, 42.026712045234603 ], [ -121.484939880062399, 42.026894400179373 ], [ -121.484099825016017, 42.027626777488535 ], [ -121.483796352553497, 42.027808636017504 ], [ -121.483506664738982, 42.027934915865274 ], [ -121.482242165602329, 42.028169120531558 ], [ -121.481426909447691, 42.028381377482333 ], [ -121.480400478234387, 42.028562950259186 ], [ -121.47966307457385, 42.028646115808037 ], [ -121.47892766607157, 42.028645665395494 ], [ -121.478715166896151, 42.02867072901018 ], [ -121.478526703942805, 42.028733282907361 ], [ -121.478237426658382, 42.028953226311991 ], [ -121.478118425036058, 42.029127484814353 ], [ -121.478039004981795, 42.02932159214236 ], [ -121.477978743297584, 42.029757581289395 ], [ -121.477835515908708, 42.030102775110443 ], [ -121.477773565391757, 42.030558829346141 ], [ -121.47760544299139, 42.030774902358509 ], [ -121.477362693947114, 42.031022603094108 ], [ -121.476649993058587, 42.031635801455074 ], [ -121.47641056598421, 42.031744142154615 ], [ -121.476121732467547, 42.031833240681486 ], [ -121.473098960825297, 42.032610876448842 ], [ -121.46973365168374, 42.033114358825195 ], [ -121.468858095217328, 42.033219542342316 ], [ -121.468083583949053, 42.03330609132145 ], [ -121.466146203545449, 42.03343714493657 ], [ -121.464627973460168, 42.033569133065193 ], [ -121.461829096122699, 42.033687093853743 ], [ -121.456060150402394, 42.033784143632573 ], [ -121.451848411769191, 42.033372054196334 ], [ -121.448007743823709, 42.033045624002952 ], [ -121.446620017389634, 42.032768377341206 ], [ -121.444025045045251, 42.032377873830313 ], [ -121.440087933970844, 42.031880239350137 ], [ -121.437881449749156, 42.031517331753136 ], [ -121.43705339260174, 42.031400716782144 ], [ -121.433103405076011, 42.030324581437846 ], [ -121.432186095813549, 42.030116891713462 ], [ -121.429760926617433, 42.029386731070367 ], [ -121.428080012532504, 42.028806116131733 ], [ -121.425968744341048, 42.027987241013491 ], [ -121.424004299494598, 42.027281863830538 ], [ -121.4211789604838, 42.026109236684682 ], [ -121.418252181914482, 42.024507647311118 ], [ -121.41660611258115, 42.023023224057539 ], [ -121.415283111559916, 42.021717576282612 ], [ -121.413902016489303, 42.020507219248159 ], [ -121.413697374877671, 42.020216295622902 ], [ -121.412816095244608, 42.018568478326564 ], [ -121.412427463391438, 42.017464706505606 ], [ -121.412120317717708, 42.016813218098626 ], [ -121.411618837701937, 42.016098463980192 ], [ -121.411374998102886, 42.015881341303277 ], [ -121.410897467172589, 42.015540168861556 ], [ -121.410386731814413, 42.01503125264901 ], [ -121.410153506708795, 42.014888622028792 ], [ -121.40977102023048, 42.014734628200443 ], [ -121.409375152447709, 42.014617622034855 ], [ -121.408660020718003, 42.014310319476458 ], [ -121.408415213633404, 42.014230260745521 ], [ -121.408058638161151, 42.014216291454112 ], [ -121.4054113991386, 42.014232763604362 ], [ -121.40396791876644, 42.014111170602163 ], [ -121.40288264790199, 42.013956470750564 ], [ -121.390114829886741, 42.011914185729864 ], [ -121.388985164280982, 42.011693590013195 ], [ -121.382845175720774, 42.010129875687483 ], [ -121.381222544331479, 42.009744558245131 ], [ -121.380688799525657, 42.009662680899844 ], [ -121.380330859512469, 42.009527523343763 ], [ -121.372839261284213, 42.006206040790765 ], [ -121.372052514961723, 42.005785975322276 ], [ -121.369029356145603, 42.003652042472382 ], [ -121.367255412529843, 42.002372213825403 ], [ -121.364432518733281, 42.000279773797828 ], [ -121.363032149409904, 41.999155694369264 ], [ -121.361528207927535, 41.997839065915898 ], [ -121.361066156766213, 41.997395679153371 ], [ -121.360327215189898, 41.996576599827414 ], [ -121.360233308903346, 41.996352218281828 ], [ -121.360113745833985, 41.996195106532902 ], [ -121.359683625289421, 41.995719392688635 ], [ -121.35890322197119, 41.994972160313779 ], [ -121.358437475140761, 41.994559386701134 ], [ -121.358069531488582, 41.994312994701261 ], [ -121.357711993920688, 41.994113634339861 ], [ -121.357217876496975, 41.993691640330049 ], [ -121.356420844464495, 41.992931462402744 ], [ -121.35520426326174, 41.991838018472009 ], [ -121.355010281059279, 41.991630784583855 ], [ -121.354333738259257, 41.99032930501 ], [ -121.353625004331022, 41.989198312815773 ], [ -121.353194332220866, 41.98862156615629 ], [ -121.352373458002447, 41.987606099337988 ], [ -121.351452391087136, 41.986375108309552 ], [ -121.350716893651636, 41.985291752038606 ], [ -121.349631351495972, 41.983812172868845 ], [ -121.349451782762273, 41.983530788516539 ], [ -121.348952728197759, 41.982392277392414 ], [ -121.348199478255594, 41.980418073453599 ], [ -121.34801908666509, 41.979688350582919 ], [ -121.347962793737821, 41.978974189750716 ], [ -121.347896375000659, 41.977207489252017 ], [ -121.347928240938728, 41.97693843906989 ], [ -121.348067149227731, 41.976382833580367 ], [ -121.348033440845029, 41.975759692046935 ], [ -121.348251604796602, 41.975028652909252 ], [ -121.348274617837532, 41.974620073602303 ], [ -121.348259562073395, 41.974238827388994 ], [ -121.347908144727484, 41.972795536228134 ], [ -121.347766945734534, 41.972336628074636 ], [ -121.347631526502056, 41.972036545371239 ], [ -121.347239207962971, 41.97131530403216 ], [ -121.346063072507576, 41.968640447099318 ], [ -121.345885991208874, 41.967474257679463 ], [ -121.345786400383204, 41.965857730441741 ], [ -121.345643042738601, 41.965034078687601 ], [ -121.34557697973429, 41.963364077265098 ], [ -121.345740871069665, 41.961842318129996 ], [ -121.345892258754589, 41.960803637133665 ], [ -121.346239469290026, 41.959414627531693 ], [ -121.346505696702565, 41.958749336194131 ], [ -121.347206374539326, 41.957653508929468 ], [ -121.347379353232128, 41.957606490153438 ], [ -121.347780872316363, 41.957664552675361 ], [ -121.35446851519626, 41.958008774291827 ] ] ] } },
{ "type": "Feature", "properties": { "facility_id": "CVY_01F93789", "source_segment_count": 6, "facility_length_mi_map": 34.5, "facility_blm_crosses_map": false, "facility_blm_length_mi_map": 0.0, "facility_blm_pct_length_map": 0.0, "facility_blm_nearest_mi_map": 0.37, "facility_blm_crossing_count_map": 0 }, "geometry": { "type": "MultiLineString", "coordinates": [ [ [ -118.664038068678167, 34.586046115033341 ], [ -118.663911862975596, 34.586058401436055 ], [ -118.663589524158539, 34.586100432045868 ], [ -118.658074809453367, 34.587037316380922 ], [ -118.656406937369653, 34.587242401777338 ] ], [ [ -118.739403297987337, 34.774398753137739 ], [ -118.738766528142861, 34.775476256428703 ], [ -118.738212164588887, 34.775957517198599 ], [ -118.73757403692855, 34.776255140760355 ], [ -118.736464117597095, 34.776347611955671 ], [ -118.734244074445243, 34.776327410446356 ], [ -118.731580616951334, 34.776789075360163 ], [ -118.727946099369731, 34.777683717077046 ], [ -118.727058666408027, 34.778097525681254 ], [ -118.726531824738274, 34.77851072320221 ], [ -118.725755895111547, 34.779425590248671 ], [ -118.724620170136902, 34.78116827095311 ], [ -118.724482203051863, 34.781693160403073 ], [ -118.725597468276106, 34.786065954073464 ], [ -118.725709520196887, 34.786706763941616 ], [ -118.725627663538845, 34.787990466430841 ], [ -118.725351388748138, 34.789089839982708 ], [ -118.724299790872905, 34.791516549676011 ], [ -118.724022669784176, 34.791953248042759 ], [ -118.721416449812111, 34.79429149408567 ], [ -118.720862112712766, 34.794932714011139 ], [ -118.720281145554225, 34.796626938922721 ], [ -118.720353009897451, 34.810389002467588 ], [ -118.720354561224383, 34.811761680442167 ], [ -118.719800100345836, 34.812632808081169 ], [ -118.719550684596982, 34.812861734894327 ], [ -118.710033490337565, 34.818249977876761 ], [ -118.709534180742665, 34.818755133319954 ], [ -118.709118250288299, 34.819509312496436 ], [ -118.708952386401393, 34.820014289719268 ], [ -118.708841653344848, 34.820426077451316 ], [ -118.7082327958245, 34.822328007634191 ], [ -118.707957199810082, 34.82431992609996 ], [ -118.707958573036294, 34.82557765220939 ], [ -118.707779661175707, 34.826166213826525 ] ], [ [ -118.788571216939062, 34.685502150205622 ], [ -118.789069928532172, 34.685708967452754 ], [ -118.790372012102225, 34.686695158141653 ], [ -118.790897951226711, 34.687611592571578 ], [ -118.790979088344244, 34.689510561685168 ], [ -118.79117242758484, 34.690267334631812 ], [ -118.792307590813991, 34.692146302553432 ], [ -118.793637282865802, 34.693314626875917 ], [ -118.794023883575875, 34.694916070832974 ], [ -118.794632427677143, 34.6963835112238 ], [ -118.796513886642146, 34.700710604150707 ], [ -118.796846465058451, 34.701055078191573 ], [ -118.798398110661125, 34.702474780077729 ], [ -118.798757990124344, 34.702866180573587 ], [ -118.79906281597664, 34.703346300003702 ], [ -118.800835122918627, 34.706049766816008 ], [ -118.801415243470004, 34.708935375984794 ], [ -118.801386053784782, 34.710926120137273 ], [ -118.800136047262654, 34.713329357678148 ], [ -118.799941821322278, 34.713719920195601 ], [ -118.799664118590911, 34.714132001416459 ], [ -118.799330675026283, 34.714932598841337 ], [ -118.800044535817065, 34.724068919591296 ], [ -118.800071239836996, 34.72519103225163 ], [ -118.800154154213971, 34.725489593415034 ], [ -118.800097668016264, 34.726678301596678 ], [ -118.799846502335726, 34.728694859955461 ], [ -118.799205665047566, 34.732700716765848 ], [ -118.798063914560544, 34.738149777128669 ], [ -118.79800787164956, 34.738745667193747 ], [ -118.797200271777413, 34.742844131921188 ], [ -118.797061248384267, 34.743186540488168 ], [ -118.796531290640317, 34.746505519162106 ], [ -118.796419469155538, 34.747742373401934 ], [ -118.79628048362261, 34.748039699958539 ], [ -118.79544782037884, 34.748635766963083 ], [ -118.794864359012877, 34.749595562958 ], [ -118.794763146767906, 34.749982492243625 ], [ -118.794540206972812, 34.750738615841691 ], [ -118.79392870239667, 34.751996343784498 ], [ -118.790320599701786, 34.75378050444899 ], [ -118.785853167614448, 34.754143609735081 ], [ -118.78477113932361, 34.754326264735361 ], [ -118.784604383186874, 34.754461694594021 ], [ -118.783992977695988, 34.755446637779009 ], [ -118.782882478236715, 34.756179672424771 ], [ -118.781799177064201, 34.757162494781781 ], [ -118.781493316397473, 34.757895014619052 ], [ -118.778623950942304, 34.767989841522926 ], [ -118.777622883505728, 34.769616074359327 ], [ -118.77681737315929, 34.770506892857256 ], [ -118.775956515779797, 34.771078443735426 ], [ -118.774845466965573, 34.771719001326659 ], [ -118.774151673093954, 34.771992829477192 ], [ -118.773291021246791, 34.772176668906113 ], [ -118.767629540704931, 34.772561009088143 ], [ -118.763634858049286, 34.771733094238691 ], [ -118.762857353201355, 34.771845781567002 ], [ -118.761942098113309, 34.771662926680584 ], [ -118.76149791905209, 34.771730210314573 ], [ -118.760552987675567, 34.772737895211066 ] ], [ [ -118.762756401738073, 34.646808414437523 ], [ -118.760846278039566, 34.6457540487636 ], [ -118.75378599052803, 34.641899860123232 ], [ -118.751958984604514, 34.640799074360451 ], [ -118.750934486778263, 34.640295345648944 ], [ -118.75077797602377, 34.640261526872024 ], [ -118.750361924812168, 34.639963197011802 ], [ -118.749308537835674, 34.639462123695012 ], [ -118.748753682509502, 34.639095902130585 ], [ -118.747062663188984, 34.638295139287379 ], [ -118.743319316078527, 34.636283953959953 ], [ -118.740102923697108, 34.634456731947402 ], [ -118.737857530852352, 34.633381983420364 ], [ -118.737081195797131, 34.632901649245895 ], [ -118.735778288847428, 34.632262000799578 ], [ -118.733781869198737, 34.631073181907823 ], [ -118.731176053791131, 34.629771257170084 ], [ -118.725130855194564, 34.62499029916507 ], [ -118.722302942325314, 34.622771646779142 ], [ -118.720029149883644, 34.620871959866868 ], [ -118.719225231496708, 34.620299478282838 ], [ -118.719169706921548, 34.620185301552475 ], [ -118.717173496733139, 34.618583696600751 ], [ -118.716840961370735, 34.618423826568311 ], [ -118.712987241890161, 34.615290686766201 ], [ -118.710464636209807, 34.613369510021265 ], [ -118.705309035288053, 34.609411321677662 ], [ -118.700319866691061, 34.605385217217837 ], [ -118.6981857885023, 34.603805494105814 ], [ -118.695691630723516, 34.601791182840223 ], [ -118.695276022912537, 34.601562528418043 ], [ -118.693031359113675, 34.599846745930037 ], [ -118.692061578918512, 34.599023916630166 ], [ -118.690537605195516, 34.5978571139011 ], [ -118.690177332315173, 34.597650216185308 ], [ -118.687904947210896, 34.595614633665697 ], [ -118.687101429419315, 34.595156885366734 ], [ -118.686519494618594, 34.594653241828965 ], [ -118.685078726714195, 34.59353255452617 ], [ -118.680479551138376, 34.589962309792952 ], [ -118.679177464598936, 34.588817098905089 ], [ -118.675160597733537, 34.585750319291243 ], [ -118.67438495085996, 34.585247018862098 ], [ -118.673997102294294, 34.58515541034307 ], [ -118.671228525642704, 34.585339862279454 ], [ -118.670065778364318, 34.585547376067623 ], [ -118.665552702467252, 34.585915596297134 ], [ -118.665441990061566, 34.585984730782343 ], [ -118.664472777886346, 34.586074590211751 ] ], [ [ -118.655779329761103, 34.587497959632877 ], [ -118.656056319814653, 34.58756633467403 ] ], [ [ -118.609439786057578, 34.514428923375363 ], [ -118.608416580904162, 34.512873484881865 ], [ -118.608389053825533, 34.512734087889072 ], [ -118.607918956664832, 34.511865651488442 ], [ -118.606701925510563, 34.510193275515512 ], [ -118.606259636962548, 34.509459717355355 ], [ -118.605374542027363, 34.508177445621421 ], [ -118.605125824888859, 34.508040953144601 ], [ -118.603881344236598, 34.506528954151221 ], [ -118.603825831667507, 34.506367381261278 ], [ -118.602775225836723, 34.504970043208409 ], [ -118.6018623925073, 34.503940576450034 ], [ -118.600922325871721, 34.502589110094547 ], [ -118.600424839202375, 34.50206138282676 ], [ -118.598710336208768, 34.500023491986923 ], [ -118.598642831814175, 34.499803463628261 ], [ -118.597840743847684, 34.499024982703524 ], [ -118.597039066197979, 34.497856514314719 ], [ -118.596264838743153, 34.496895068022518 ], [ -118.595490676129643, 34.495703687060811 ], [ -118.594577993784114, 34.494671901892723 ], [ -118.592697447074627, 34.49322893439296 ], [ -118.591591492699422, 34.492267269782538 ], [ -118.589905055417759, 34.490663935161905 ], [ -118.588964873706288, 34.489862391920198 ], [ -118.588881756457909, 34.489678627440355 ], [ -118.583546177601391, 34.484159678905399 ], [ -118.580201570900542, 34.480609742980725 ], [ -118.578625726879423, 34.478982270925883 ], [ -118.57832173502301, 34.478776553810469 ], [ -118.576746392278835, 34.477081422993393 ], [ -118.57569591008189, 34.476026467495487 ], [ -118.56447603090524, 34.464435064856389 ], [ -118.563840946828407, 34.463381448052182 ], [ -118.563564656268099, 34.462740272424163 ], [ -118.563150418797804, 34.462053520641327 ], [ -118.562791448448337, 34.461228553191823 ], [ -118.562266746947628, 34.460473328567787 ], [ -118.560968976473632, 34.457953893660864 ], [ -118.560803387666667, 34.457793702598259 ], [ -118.560610039968481, 34.457311510787001 ], [ -118.559257181503185, 34.454677792089115 ], [ -118.55881545836165, 34.453898950521094 ], [ -118.557159047931009, 34.450646905585508 ], [ -118.555999499949493, 34.4483555814328 ], [ -118.555861491272978, 34.447920015566886 ], [ -118.555695855021497, 34.447737275131196 ], [ -118.554702184118383, 34.445766182297938 ], [ -118.554260552942537, 34.444987320629565 ], [ -118.552218319924364, 34.440567896491842 ], [ -118.552080513142613, 34.440362255088054 ], [ -118.551528321659944, 34.439192547173377 ], [ -118.551086973198437, 34.438185990466344 ], [ -118.550424896263564, 34.436810279803908 ], [ -118.55034213865342, 34.436398802598497 ], [ -118.550204160752713, 34.436330669614463 ], [ -118.550176456754556, 34.436101088117567 ], [ -118.549845360784644, 34.435483112582752 ], [ -118.549155739994291, 34.433810182824431 ], [ -118.548383745366621, 34.431725764408853 ], [ -118.548245620309217, 34.431427698088065 ], [ -118.547914781705714, 34.430489610531346 ], [ -118.547473294785704, 34.429525870425238 ], [ -118.54719789143634, 34.428587079256083 ], [ -118.546922118315891, 34.428015733831316 ], [ -118.546756844312668, 34.42744299082689 ], [ -118.545874024996749, 34.425335156888401 ], [ -118.545518748027703, 34.424338447316067 ], [ -118.545212494576518, 34.423479250826553 ], [ -118.545046932345926, 34.423204069080342 ], [ -118.544991903090889, 34.422837321594763 ], [ -118.544137218394695, 34.420571319540464 ], [ -118.543695390038579, 34.42025002810329 ], [ -118.541374901190906, 34.41926261310082 ], [ -118.537426481173853, 34.415824955862405 ], [ -118.534018404109005, 34.397892275131817 ], [ -118.533880375488607, 34.39768661285224 ], [ -118.533853072794344, 34.397457020370162 ], [ -118.53274938182031, 34.396082220241553 ], [ -118.532225392772531, 34.395234414821502 ], [ -118.531427426587541, 34.392257501599119 ], [ -118.531041815795334, 34.391110396000762 ], [ -118.530932026107934, 34.390494100588185 ], [ -118.529911257269376, 34.389073148905815 ], [ -118.529939142634291, 34.388980375538367 ], [ -118.528946046243703, 34.387583866029324 ], [ -118.528918831011964, 34.387376813400834 ], [ -118.528256429072712, 34.386575802202493 ], [ -118.525993659865421, 34.384604491288741 ], [ -118.525359403010597, 34.383778315521639 ], [ -118.524448673719732, 34.382793271442658 ], [ -118.524034985018531, 34.382358838945905 ], [ -118.521966338653115, 34.379814701701079 ], [ -118.521331722307352, 34.379058390177946 ], [ -118.520973349094646, 34.378485748600312 ], [ -118.51973223450824, 34.376927676332784 ], [ -118.519649867248816, 34.376676219921279 ], [ -118.519125626534318, 34.375988408525338 ], [ -118.518905986853937, 34.375003760929154 ], [ -118.518906288491991, 34.37468139587137 ], [ -118.519119407030047, 34.358650837720148 ], [ -118.518733558034583, 34.35805598417727 ], [ -118.518706147765926, 34.357873727306895 ], [ -118.51564703108015, 34.352922892626623 ], [ -118.514241927665779, 34.350379403258323 ], [ -118.513911337609414, 34.349943903806654 ], [ -118.513250340435462, 34.348685162475391 ], [ -118.512753977407485, 34.348042058662095 ], [ -118.512754097322485, 34.347859459949078 ], [ -118.51234080754341, 34.347149954010199 ], [ -118.512230521164312, 34.347081432611162 ], [ -118.51049492842732, 34.344170016345473 ], [ -118.5098890745288, 34.343025543105327 ], [ -118.509585857232793, 34.34274974789944 ], [ -118.509365684020025, 34.342292585571954 ], [ -118.508704201065655, 34.341284048489904 ], [ -118.50851144366699, 34.340801749564541 ], [ -118.50721696471345, 34.338626510135313 ], [ -118.507051553002839, 34.338418895761578 ], [ -118.501268466374484, 34.328291458244578 ] ] ] } },
{ "type": "Feature", "properties": { "facility_id": "CVY_023742FB", "source_segment_count": 2, "facility_length_mi_map": 0.19, "facility_blm_crosses_map": false, "facility_blm_length_mi_map": 0.0, "facility_blm_pct_length_map": 0.0, "facility_blm_nearest_mi_map": 3.86, "facility_blm_crossing_count_map": 0 }, "geometry": { "type": "MultiLineString", "coordinates": [ [ [ -121.13759136807036, 38.817040007636365 ], [ -121.13756117869643, 38.817000957929672 ], [ -121.137574865070292, 38.816957293204531 ] ], [ [ -121.139606321647221, 38.819050933251205 ], [ -121.139478084970193, 38.819025915587034 ], [ -121.139352502536084, 38.818929745579148 ], [ -121.139236253534975, 38.818873750280723 ], [ -121.139209421240878, 38.818825287719335 ], [ -121.139175386749386, 38.818738160559128 ], [ -121.139141305567861, 38.818667327288267 ], [ -121.139089478031522, 38.818543341309763 ], [ -121.139044916540527, 38.81849000124167 ], [ -121.138977186634946, 38.818419628264337 ], [ -121.138897024003526, 38.818334829305456 ], [ -121.138815799101565, 38.818269998754012 ], [ -121.138717149406872, 38.81820581314151 ], [ -121.138641652671851, 38.818145668736811 ], [ -121.138426239789098, 38.81789949507084 ], [ -121.137609531179208, 38.817063530514453 ], [ -121.13759136807036, 38.817040007636365 ] ] ] } },
{ "type": "Feature", "properties": { "facility_id": "CVY_02BE0F98", "source_segment_count": 1, "facility_length_mi_map": 3.35, "facility_blm_crosses_map": false, "facility_blm_length_mi_map": 0.0, "facility_blm_pct_length_map": 0.0, "facility_blm_nearest_mi_map": 8.03, "facility_blm_crossing_count_map": 0 }, "geometry": { "type": "MultiLineString", "coordinates": [ [ [ -119.570223759219076, 36.175550444197732 ], [ -119.571209408087626, 36.174903686855792 ], [ -119.574295111530091, 36.172654587639251 ], [ -119.57761603984828, 36.170285472096957 ], [ -119.582072265122861, 36.167092092825897 ], [ -119.588080498116497, 36.156950391347586 ], [ -119.591655229505136, 36.150785723082706 ], [ -119.59290390579055, 36.148667736926662 ], [ -119.593428525306095, 36.147911676882366 ], [ -119.595195524953397, 36.146746810217223 ], [ -119.607397765694273, 36.138812947059982 ] ] ] } },
{ "type": "Feature", "properties": { "facility_id": "CVY_02C0B6D8", "source_segment_count": 1, "facility_length_mi_map": 2.22, "facility_blm_crosses_map": false, "facility_blm_length_mi_map": 0.0, "facility_blm_pct_length_map": 0.0, "facility_blm_nearest_mi_map": 13.91, "facility_blm_crossing_count_map": 0 }, "geometry": { "type": "MultiLineString", "coordinates": [ [ [ -122.133619781357481, 38.231289347404655 ], [ -122.133769448768632, 38.230755083484659 ], [ -122.134024198406806, 38.230242293632138 ], [ -122.134374479383865, 38.229529384194485 ], [ -122.135043134975689, 38.228243359547413 ], [ -122.134454088982679, 38.227853395656467 ], [ -122.133387323413089, 38.227290554585565 ], [ -122.133514698232176, 38.22616486008377 ], [ -122.131651839369624, 38.225364355084018 ], [ -122.132511620521328, 38.221586855506757 ], [ -122.136762760161147, 38.218884947041225 ], [ -122.151376789460159, 38.209270227949816 ], [ -122.152743447705831, 38.208383120062948 ] ] ] } },
{ "type": "Feature", "properties": { "facility_id": "CVY_031FE24C", "source_segment_count": 1, "facility_length_mi_map": 0.1, "facility_blm_crosses_map": false, "facility_blm_length_mi_map": 0.0, "facility_blm_pct_length_map": 0.0, "facility_blm_nearest_mi_map": 1.22, "facility_blm_crossing_count_map": 0 }, "geometry": { "type": "MultiLineString", "coordinates": [ [ [ -115.526528576045905, 32.671489660182274 ], [ -115.527009223231957, 32.670159147866634 ] ] ] } },
{ "type": "Feature", "properties": { "facility_id": "CVY_03678E60", "source_segment_count": 2, "facility_length_mi_map": 0.32, "facility_blm_crosses_map": false, "facility_blm_length_mi_map": 0.0, "facility_blm_pct_length_map": 0.0, "facility_blm_nearest_mi_map": 3.92, "facility_blm_crossing_count_map": 0 }, "geometry": { "type": "MultiLineString", "coordinates": [ [ [ -121.166952857421208, 38.768354603272243 ], [ -121.166963693882124, 38.768241595295194 ], [ -121.1670118095617, 38.768047993301373 ], [ -121.166898198095623, 38.767981511377819 ], [ -121.16675004966288, 38.767932701482891 ], [ -121.166548615774346, 38.767883498141046 ], [ -121.166361953905124, 38.767873261094742 ], [ -121.166243794601868, 38.767881316427989 ], [ -121.166118049142483, 38.767874489422077 ], [ -121.166053707506563, 38.767838232488437 ], [ -121.165996644486881, 38.767828866431536 ], [ -121.165931818275126, 38.767825339105357 ], [ -121.165893990609447, 38.767801216532987 ], [ -121.165886806190272, 38.767762368944027 ], [ -121.165879043503452, 38.767126711994365 ] ], [ [ -121.169609426251398, 38.769835990902386 ], [ -121.169514900997967, 38.7697788160269 ], [ -121.169254129381855, 38.769582975358439 ], [ -121.169205172797206, 38.769534910794356 ], [ -121.169174845808627, 38.769519746242764 ], [ -121.169140607147057, 38.769516515445822 ], [ -121.169071802728013, 38.7695339096366 ], [ -121.168995309171564, 38.769554246640247 ], [ -121.168896228237557, 38.769553579644125 ], [ -121.168827756648369, 38.76954412842894 ], [ -121.168732565343817, 38.769531471835471 ], [ -121.168656625259089, 38.769507121858297 ], [ -121.168599817572982, 38.769473881670756 ], [ -121.168569637267041, 38.769443771574089 ], [ -121.168508976029614, 38.769416505375091 ], [ -121.168414082029187, 38.769383018690426 ], [ -121.1683653856349, 38.769310986194796 ], [ -121.168301613048015, 38.769221056908158 ], [ -121.168203573819653, 38.769130848707967 ], [ -121.168105085779715, 38.769079386655172 ], [ -121.16797584344792, 38.769051598494976 ], [ -121.167812471608059, 38.768999746226676 ], [ -121.167535735145208, 38.768875381854286 ], [ -121.167148747328284, 38.768714409413974 ], [ -121.167126084298388, 38.768696393477128 ], [ -121.167118906713341, 38.768666459320556 ], [ -121.167088983019283, 38.768612547295135 ], [ -121.166998868761269, 38.768495538127759 ], [ -121.166952857421208, 38.768354603272243 ] ] ] } },
{ "type": "Feature", "properties": { "facility_id": "CVY_039DD70F", "source_segment_count": 1, "facility_length_mi_map": 5.54, "facility_blm_crosses_map": false, "facility_blm_length_mi_map": 0.0, "facility_blm_pct_length_map": 0.0, "facility_blm_nearest_mi_map": 3.5, "facility_blm_crossing_count_map": 0 }, "geometry": { "type": "MultiLineString", "coordinates": [ [ [ -121.270117539547073, 38.902020806059376 ], [ -121.267916142707435, 38.902588945191816 ], [ -121.267396797800231, 38.902867325466566 ], [ -121.267110717166872, 38.902963209463074 ], [ -121.26671031571972, 38.903243352400175 ], [ -121.266259011736551, 38.903358237276748 ], [ -121.265892491650547, 38.903374249233416 ], [ -121.265757678075687, 38.903272115507235 ], [ -121.265603347050529, 38.903219757011961 ], [ -121.265392550530777, 38.9032309289952 ], [ -121.265327978910804, 38.903251425987591 ], [ -121.265331935125587, 38.904217031540739 ], [ -121.265339692945801, 38.904274364413979 ], [ -121.265711539944931, 38.904415781735899 ], [ -121.265926966748083, 38.904590635138852 ], [ -121.26619538199752, 38.904844949429666 ], [ -121.266369688367817, 38.905205148343335 ], [ -121.26643784604957, 38.905413574368083 ], [ -121.266665905960167, 38.905445570099069 ], [ -121.266829566700721, 38.905490913552313 ], [ -121.266990967311003, 38.905629201787704 ], [ -121.267033067311189, 38.905780022999117 ], [ -121.266984707836286, 38.905886587952999 ], [ -121.265707526893394, 38.906461250339937 ], [ -121.265352055579484, 38.906398750481237 ], [ -121.265159724358355, 38.906403044187741 ], [ -121.265090177066099, 38.906251814377818 ], [ -121.26496381337418, 38.906178414122579 ], [ -121.264791350245304, 38.906118632804152 ], [ -121.264567816257355, 38.905900743620876 ], [ -121.2642282910071, 38.905559541839509 ], [ -121.263933300658408, 38.905269066845186 ], [ -121.263732252952835, 38.904879857828632 ], [ -121.263220368019972, 38.904850785720946 ], [ -121.263037365381749, 38.904848062571119 ], [ -121.262643909793454, 38.904842206828349 ], [ -121.262405134828498, 38.904874413500977 ], [ -121.262246618742523, 38.904993640933412 ], [ -121.261939955796706, 38.90518218418039 ], [ -121.261775950341018, 38.905151133148195 ], [ -121.261320709918394, 38.905051374297024 ], [ -121.260638811571539, 38.904862409982471 ], [ -121.26006584529479, 38.904710826529112 ], [ -121.259398237473491, 38.904686568452668 ], [ -121.259135679285464, 38.904568217722527 ], [ -121.25860934262974, 38.904381561642836 ], [ -121.258433330571663, 38.904092847889224 ], [ -121.258207900432893, 38.903953592478103 ], [ -121.258054447667632, 38.903865476176904 ], [ -121.257702143088309, 38.903674260937585 ], [ -121.257457541772212, 38.903570478884333 ], [ -121.257260264331563, 38.903403033174577 ], [ -121.257197438799494, 38.903352029794661 ], [ -121.257005990126544, 38.903320562336837 ], [ -121.256934539554393, 38.903247973445339 ], [ -121.256763139912863, 38.90314528306903 ], [ -121.256508342506876, 38.903084259916611 ], [ -121.256162221861757, 38.903014719694056 ], [ -121.254868590405124, 38.903138429601846 ], [ -121.25462981826405, 38.903170620424369 ], [ -121.254307120852303, 38.903265925323097 ], [ -121.254053025947229, 38.903176298568923 ], [ -121.253552060699477, 38.903075825591465 ], [ -121.253405487765278, 38.903080784622425 ], [ -121.253238687498211, 38.903164114849403 ], [ -121.252946417570939, 38.903138284102148 ], [ -121.25290014244537, 38.903159048037196 ], [ -121.252635322275069, 38.903133627372938 ], [ -121.251496501701354, 38.902916312238752 ], [ -121.251461831943203, 38.902837118816997 ], [ -121.251400765353054, 38.902714616816418 ], [ -121.251329672056073, 38.902627725511458 ], [ -121.25108508406197, 38.902523930380148 ], [ -121.250756043175173, 38.902504695397887 ], [ -121.250568133740614, 38.90270214045016 ], [ -121.250474003117176, 38.902808012407824 ], [ -121.250431611828176, 38.903043399184931 ], [ -121.250244577726221, 38.903205095868088 ], [ -121.250061580577238, 38.903202352477415 ], [ -121.24986873129609, 38.90322806982357 ], [ -121.249657055373717, 38.903274961090567 ], [ -121.249490601690425, 38.903343986740943 ], [ -121.249399278594694, 38.903335464934784 ], [ -121.249337863939573, 38.9032272610403 ], [ -121.249284721141066, 38.903154942111364 ], [ -121.249323428084168, 38.903069696434343 ], [ -121.249499382319897, 38.902986509123693 ], [ -121.249575741789286, 38.902858914908691 ], [ -121.249497959358834, 38.902671791581994 ], [ -121.249344169251046, 38.902597963226093 ], [ -121.249080757935076, 38.902515338155013 ], [ -121.249083217029877, 38.902415244432277 ], [ -121.249123153288068, 38.902279951944301 ], [ -121.249042562208729, 38.902207221170073 ], [ -121.248823144521722, 38.902196777325784 ], [ -121.248702441283513, 38.902266488249587 ], [ -121.248544084641026, 38.902378547174266 ], [ -121.24840437845198, 38.902476581382992 ], [ -121.248283147145202, 38.902567740495449 ], [ -121.248170010852107, 38.902701934084305 ], [ -121.24795323831971, 38.902956159142668 ], [ -121.247737518955589, 38.903167486478495 ], [ -121.247496634286435, 38.903285457168323 ], [ -121.247364140639036, 38.903462272405456 ], [ -121.247297102304969, 38.903582852905558 ], [ -121.247248891075927, 38.903682259528864 ], [ -121.247146307761767, 38.903759393071148 ], [ -121.246897325458505, 38.903834327784473 ], [ -121.246030722566601, 38.903714025954969 ], [ -121.245878693797138, 38.903568697693572 ], [ -121.245778573047289, 38.903545736475984 ], [ -121.244879948257974, 38.903610901602299 ], [ -121.244349598375749, 38.903960534747434 ], [ -121.244089348787739, 38.904121120126248 ], [ -121.243147755226616, 38.90481501720221 ], [ -121.242413813366781, 38.904882641802409 ], [ -121.242003120102396, 38.904833543803072 ], [ -121.241711906911803, 38.904764787734671 ], [ -121.241403100030922, 38.904667157155991 ], [ -121.241094823413846, 38.90454807722282 ], [ -121.240794462367077, 38.904479181025543 ], [ -121.239434296079054, 38.904329933752237 ], [ -121.238201174507012, 38.904225501395693 ], [ -121.238009202763166, 38.904215451438056 ], [ -121.233937972179405, 38.903395792199035 ], [ -121.233699900139328, 38.903399341987523 ], [ -121.233534849289285, 38.903411148582549 ], [ -121.233386502931111, 38.903487577323403 ], [ -121.233107577154072, 38.903662159695138 ], [ -121.232709170027462, 38.903856388886311 ], [ -121.232533726921787, 38.903918101902981 ], [ -121.232285971283204, 38.903942958668317 ], [ -121.23209453359263, 38.903911450562532 ], [ -121.231885505906291, 38.903851067006293 ], [ -121.231776594671203, 38.903813656301601 ], [ -121.231538698712384, 38.903810052162605 ], [ -121.231337934477821, 38.903785553682731 ], [ -121.231156712253096, 38.903711285813706 ], [ -121.230950703085384, 38.903529359438537 ], [ -121.230654972195111, 38.903274550976612 ], [ -121.230437330485984, 38.903192577756172 ], [ -121.230144893335265, 38.903173839568737 ], [ -121.229918990685604, 38.903055979275969 ], [ -121.229570767820519, 38.903072154506411 ], [ -121.228893154250073, 38.903083331090997 ], [ -121.228629055824342, 38.903029258263174 ], [ -121.228265910557482, 38.90290931192547 ], [ -121.228195023574145, 38.902815257711694 ], [ -121.228169529714137, 38.9027361968623 ], [ -121.22828110336242, 38.902666368788076 ], [ -121.228385482105878, 38.90251775753687 ], [ -121.228498654622811, 38.90238358398809 ], [ -121.228566433975303, 38.90223441708779 ], [ -121.22856190469669, 38.902048391928915 ], [ -121.228454242052123, 38.901960931906295 ], [ -121.228270183839612, 38.902001051270922 ], [ -121.22810371362614, 38.902070046015055 ], [ -121.227981746808737, 38.90218978133678 ], [ -121.227908727636418, 38.902181520611634 ], [ -121.227716763488587, 38.902171453881138 ], [ -121.227439963442848, 38.90226022891121 ], [ -121.227349000683915, 38.902237391004242 ], [ -121.227259638513345, 38.902150207815737 ], [ -121.227262661718242, 38.902028666857603 ], [ -121.227398046697502, 38.901737484000328 ], [ -121.227538490558928, 38.901610877690281 ], [ -121.227724325980006, 38.901499264757248 ], [ -121.227865479872492, 38.901344060139742 ], [ -121.227867435341452, 38.901265415953915 ], [ -121.227767324194943, 38.901242439485415 ], [ -121.227611782779675, 38.90124007777689 ], [ -121.227455174517758, 38.901280612680743 ], [ -121.227121702169441, 38.901440048061268 ], [ -121.226938356100106, 38.901451567470922 ], [ -121.22689492079455, 38.901357929466222 ], [ -121.226998766791311, 38.901230767850564 ], [ -121.227103501637586, 38.901067858787393 ], [ -121.227198553041703, 38.900926259061606 ], [ -121.227220764249239, 38.900769248654647 ], [ -121.227176439774169, 38.900711358093204 ], [ -121.226974796739924, 38.900722599678815 ], [ -121.226790563134955, 38.900769866241347 ], [ -121.226614589268706, 38.900853018850022 ], [ -121.226475390704366, 38.900929577795019 ], [ -121.226400060137522, 38.901014259220204 ], [ -121.226160216879734, 38.901089288460184 ], [ -121.225620042394027, 38.901095382577438 ], [ -121.225416617983697, 38.901178116063207 ], [ -121.225048146282006, 38.901272643860601 ], [ -121.224494546426882, 38.90145018062065 ], [ -121.224353028880628, 38.901619679895958 ], [ -121.224141520902393, 38.901659375153912 ], [ -121.223753676955965, 38.901796517082865 ], [ -121.22356028905341, 38.901843639187419 ], [ -121.222240792531352, 38.901902223782805 ], [ -121.222126895861678, 38.902064988807709 ], [ -121.221931722548078, 38.902183602645835 ], [ -121.221643625373147, 38.902358017735672 ], [ -121.221256129963891, 38.902480852256069 ], [ -121.220779992720239, 38.90248789971529 ], [ -121.219921714392385, 38.90240329205259 ], [ -121.219656375856985, 38.902399245201373 ], [ -121.218621934926801, 38.902404918990229 ], [ -121.218456348546042, 38.902438152556741 ], [ -121.21833400778246, 38.902572176257969 ], [ -121.218212024047816, 38.902691900952675 ], [ -121.218089682380437, 38.90282592437115 ], [ -121.217931993015512, 38.902909342861584 ], [ -121.217748821020791, 38.902913698275725 ], [ -121.217621262205711, 38.902890294004294 ], [ -121.217485626751227, 38.902823853291672 ], [ -121.217226010079671, 38.902591019159182 ], [ -121.217227798528015, 38.902519524873235 ], [ -121.217266721882524, 38.90242714128307 ], [ -121.217185985158167, 38.902361538697392 ], [ -121.217112430757126, 38.9023747195276 ], [ -121.21576644796427, 38.90287146600285 ], [ -121.214979858205751, 38.903297007271028 ], [ -121.214893273997433, 38.903392920410006 ], [ -121.214765727894346, 38.9035168061883 ], [ -121.214727637099614, 38.903576281919818 ], [ -121.214667307623344, 38.903646857165498 ], [ -121.214585312357698, 38.903705661289855 ], [ -121.214481651292516, 38.903752694247238 ], [ -121.21431945093606, 38.903798831550489 ], [ -121.214209116915683, 38.903820022892752 ], [ -121.214066212765232, 38.903826416182206 ], [ -121.21393442798977, 38.903827259605443 ], [ -121.213810032266949, 38.90382535603505 ], [ -121.213660598960544, 38.903800189790445 ], [ -121.213550264766099, 38.903821380505129 ], [ -121.213288060345349, 38.903914604369483 ], [ -121.213074135272862, 38.903979967577698 ], [ -121.212883452524281, 38.903994207701913 ], [ -121.212795643622258, 38.903992863223728 ], [ -121.212712353818645, 38.90395726884249 ], [ -121.212635305969798, 38.903964668780993 ], [ -121.212572175870534, 38.904000880997387 ], [ -121.212541974060585, 38.904037597446191 ], [ -121.212514355317836, 38.904117252237285 ], [ -121.212422098750551, 38.904147298478335 ], [ -121.212311118250625, 38.904194217388593 ], [ -121.212258892213342, 38.904233456356216 ], [ -121.212055295919754, 38.9043247151495 ], [ -121.211882618773743, 38.904350669115509 ], [ -121.21178318768392, 38.904374885095528 ], [ -121.211639134425269, 38.904427016499952 ], [ -121.211523992033435, 38.904493890316886 ], [ -121.21143123232207, 38.904543947488079 ], [ -121.211331226773694, 38.904591033627106 ], [ -121.211191262067416, 38.904626067611638 ], [ -121.21108479997261, 38.904638735560233 ], [ -121.210963344051876, 38.904665473186967 ], [ -121.210852720701993, 38.904698096571728 ], [ -121.210731121040595, 38.904730551588855 ], [ -121.210630684078481, 38.904794790017888 ], [ -121.210563462783156, 38.904848097919192 ], [ -121.210503199929434, 38.904915812056664 ], [ -121.210296945949523, 38.904966988131839 ], [ -121.210180296801184, 38.904948039944607 ], [ -121.209996784934106, 38.904968105117533 ], [ -121.209842973869129, 38.904971466022573 ], [ -121.209711618041027, 38.904955151725375 ], [ -121.209583777370966, 38.904944611037578 ], [ -121.209536070008809, 38.904949599060345 ], [ -121.209421140360647, 38.905007894281383 ], [ -121.209393876913822, 38.905073254149706 ], [ -121.209410087481743, 38.905156440459301 ], [ -121.209455209010741, 38.905254369869965 ], [ -121.209490647328352, 38.905300672196347 ], [ -121.209514175589248, 38.905383970745078 ], [ -121.209482678638523, 38.905472145030856 ], [ -121.209436905666763, 38.905545800712837 ], [ -121.209405767721321, 38.905619680892492 ], [ -121.209403899985659, 38.905694010102266 ], [ -121.209405260013938, 38.905785548334862 ], [ -121.209282436573289, 38.90586660164157 ], [ -121.209302449634492, 38.905944126459275 ], [ -121.209348218023877, 38.906016326567794 ], [ -121.209385878677494, 38.906119861369298 ], [ -121.209372459747499, 38.90621689270219 ], [ -121.209425546003999, 38.906289205045503 ], [ -121.209500728948811, 38.906356136501593 ], [ -121.209568163401059, 38.906440108555344 ], [ -121.209646718150225, 38.906518531310773 ], [ -121.209708343610259, 38.906542355911846 ], [ -121.209864236861108, 38.90660194533428 ], [ -121.209895658156967, 38.90666248551333 ], [ -121.209883819818387, 38.906696622958755 ], [ -121.209782661043192, 38.906789448712388 ], [ -121.209752528410718, 38.906823305544968 ], [ -121.209632931383084, 38.906921568187379 ], [ -121.209491955595325, 38.906996623407231 ], [ -121.20934667408109, 38.907097351650521 ], [ -121.208621253343381, 38.90785267788565 ], [ -121.208686250989643, 38.907887994451308 ], [ -121.208739553322815, 38.907951730659178 ], [ -121.208731013752598, 38.908000218183297 ], [ -121.208696286876219, 38.908071183134211 ], [ -121.208664931348977, 38.908153639481746 ], [ -121.208691112167259, 38.90827701769976 ], [ -121.208766080823878, 38.908352526081011 ], [ -121.208830288465037, 38.908419289524211 ], [ -121.208839396724485, 38.908493787127419 ], [ -121.208707812582659, 38.908631903631878 ], [ -121.208665623728962, 38.908708473874569 ], [ -121.208634627231959, 38.908776636132721 ], [ -121.208664826502229, 38.908885776440776 ], [ -121.208625577635516, 38.908990990947103 ], [ -121.208558063288606, 38.909055732778725 ], [ -121.208391109966598, 38.909144687453804 ], [ -121.208305731781039, 38.909191995425751 ], [ -121.208270931968158, 38.909265819024867 ], [ -121.208308808246088, 38.909360777686025 ], [ -121.20829266267063, 38.909420588067626 ], [ -121.208231746631441, 38.909514030147612 ], [ -121.20819314380104, 38.909593515166918 ], [ -121.208180297577456, 38.909667675758804 ], [ -121.208105032800376, 38.909749457821064 ], [ -121.208030558768286, 38.909799792902398 ], [ -121.207944963835544, 38.909855677015408 ], [ -121.207808502351796, 38.909896480431414 ], [ -121.207748735871718, 38.909944181249969 ], [ -121.207618585253073, 38.910025120162459 ], [ -121.207512114542766, 38.910037784634447 ], [ -121.207417052372961, 38.910033464737346 ], [ -121.207281597320289, 38.910034244175648 ], [ -121.207215015913604, 38.910061820634176 ], [ -121.207158044661142, 38.91014388306079 ], [ -121.207057309007055, 38.910219553340291 ], [ -121.206978815015745, 38.910284125557268 ], [ -121.206918400131713, 38.910357555213132 ], [ -121.206861644144155, 38.91043104104898 ], [ -121.206852527332444, 38.910502398853815 ], [ -121.206801937968535, 38.91062173803396 ], [ -121.206781124415755, 38.910721515268662 ], [ -121.206688209322195, 38.910777285966013 ], [ -121.206387436916089, 38.910947119017848 ], [ -121.206048776803044, 38.911167847389436 ], [ -121.205886817317321, 38.911494248010193 ], [ -121.205393206518679, 38.912198777759698 ], [ -121.202445894674014, 38.912222060017989 ], [ -121.202270309755733, 38.912362351246266 ], [ -121.202228544554032, 38.912421766091164 ], [ -121.202161021163121, 38.912486503970172 ], [ -121.202119400086758, 38.912540201168909 ], [ -121.202080933037749, 38.912613966324493 ], [ -121.20210517612766, 38.91266867811099 ], [ -121.202115143462237, 38.912708870423145 ], [ -121.202055029760828, 38.912808420682346 ], [ -121.20194496297529, 38.912844826592206 ], [ -121.201846457283139, 38.912883224874065 ], [ -121.201768935621772, 38.912918317664811 ], [ -121.201641748865029, 38.912988932318832 ], [ -121.201618933359939, 38.913064783813859 ], [ -121.201574048385197, 38.913094936279315 ], [ -121.200279500104088, 38.913778952227574 ], [ -121.200141589387073, 38.913722394800452 ], [ -121.200042913897633, 38.913675514101577 ], [ -121.199951477756386, 38.913617858825944 ], [ -121.199770128643209, 38.913554859392015 ], [ -121.199620683567574, 38.913607368951382 ], [ -121.199541218337401, 38.91366704841473 ], [ -121.199504304890766, 38.913739565331198 ], [ -121.199470441381692, 38.913845627204708 ], [ -121.199412584164847, 38.913975681023068 ], [ -121.19929689700065, 38.914080480462637 ], [ -121.199201383839636, 38.914158183674104 ], [ -121.199156523151487, 38.914236668377761 ], [ -121.19907100566715, 38.914381521537301 ], [ -121.199009866559933, 38.914487162375131 ], [ -121.198934988869638, 38.914519504812858 ], [ -121.19885857178069, 38.914612728739414 ], [ -121.198786127844031, 38.91470296866644 ], [ -121.198632167447911, 38.914779769354418 ], [ -121.198522760640969, 38.914790261727475 ], [ -121.198437655964739, 38.914764585956974 ], [ -121.198357294610801, 38.914705485437459 ], [ -121.198240566358223, 38.914694398080776 ] ] ] } },
{ "type": "Feature", "properties": { "facility_id": "CVY_03A29A2E", "source_segment_count": 1, "facility_length_mi_map": 6.78, "facility_blm_crosses_map": false, "facility_blm_length_mi_map": 0.0, "facility_blm_pct_length_map": 0.0, "facility_blm_nearest_mi_map": 0.08, "facility_blm_crossing_count_map": 0 }, "geometry": { "type": "MultiLineString", "coordinates": [ [ [ -122.391565098350569, 40.508436390027441 ], [ -122.392441597401785, 40.508874638653822 ], [ -122.394497998883494, 40.512043521291581 ], [ -122.394464287796595, 40.512582904977144 ], [ -122.394026038271008, 40.512751463109659 ], [ -122.391531386364363, 40.512987443415845 ], [ -122.390789732560052, 40.513897653554004 ], [ -122.388598484932118, 40.514201057832615 ], [ -122.387351159428405, 40.515718075628776 ], [ -122.387250025268429, 40.516763131913137 ], [ -122.387519716661473, 40.517572208790433 ], [ -122.390958290692481, 40.519460053039197 ], [ -122.391160559911896, 40.519696034244632 ], [ -122.390789732560052, 40.52033655209037 ], [ -122.390216636888169, 40.522190685251985 ], [ -122.390081790741988, 40.523269454421822 ], [ -122.39109313683872, 40.526101219895502 ], [ -122.38849734987275, 40.533079503016765 ], [ -122.386272391157888, 40.535641577996493 ], [ -122.386575793637917, 40.537091172719542 ], [ -122.385328468134205, 40.538237364063143 ], [ -122.384418257996117, 40.538473344369386 ], [ -122.382901240200013, 40.540125208311878 ], [ -122.380271742147087, 40.541069131335355 ], [ -122.381013395052094, 40.54484481983269 ], [ -122.380811125832736, 40.548620509229202 ], [ -122.381552778737714, 40.549193604001744 ], [ -122.381788759943234, 40.549598143339765 ], [ -122.381249376257713, 40.552092794347111 ], [ -122.381316799330747, 40.55354238907006 ], [ -122.383036086346294, 40.557891174138533 ], [ -122.385193621988051, 40.55930705687534 ], [ -122.386103833025473, 40.56028469098581 ], [ -122.385935275792292, 40.560520672191409 ], [ -122.384620527215532, 40.561599439562521 ], [ -122.384283411849935, 40.564363783761749 ], [ -122.383474334972576, 40.565273993899758 ], [ -122.382766394053775, 40.567296685194037 ], [ -122.382260720555678, 40.567532666399458 ], [ -122.381215664271409, 40.568544010697515 ], [ -122.380777414745879, 40.569825048187496 ], [ -122.379664935388405, 40.57070154723877 ], [ -122.380035760941425, 40.572117430874918 ], [ -122.379597512315229, 40.573398468364665 ], [ -122.378855859410294, 40.573937852050321 ], [ -122.377810802226634, 40.574376101575837 ], [ -122.377507397947966, 40.574915486160819 ], [ -122.377810802226634, 40.5780843678994 ], [ -122.376698321969855, 40.583680479370685 ], [ -122.378653590190936, 40.585669457779311 ], [ -122.382530412848268, 40.587388744794858 ], [ -122.384249699863688, 40.590962164971998 ] ] ] } }
]
}
