agency,program,theme,external_group,external_group_order,external_subgroup,external_subgroup_order,external_layer_id,display_name,primary_panel,service_type,service_url,supports_popups,default_clickable,default_opacity,notes,source_page,geographic_scope,pt2_usage_note,priority,default_load_mode,where_clause,large_layer_warning,min_zoom_live,min_zoom_current_view,legend_url,legend_note,popup_fields,popup_aliases,popup_link_template,popup_link_label,identify_url,hover_fields,hover_aliases,hover_bold_fields,hover_no_label_fields,hover_round_fields,hover_show_native_field_names,default_label_field,out_fields,best_use,useful_for_visualization,style_field_candidates,default_style_field,default_style_method,style_units,style_legend_title,style_direction,field_curation_notes,show_native_field_names,load_badge,load_badge_override,load_score,load_score_override,load_note,load_audit_basis,load_n_tests,load_success_rate,load_median_seconds,load_p90_seconds,load_max_seconds,load_feature_cap_rate
CARB,Air / Smoke,Air Quality / Smoke,Air / Smoke,10,CARB context,10,EXT143,CARB air districts,external,feature,https://gis.carb.arb.ca.gov/hosting/rest/services/Hosted/Air_District_for_IMPEI/FeatureServer/0,True,True,0.22,"California air pollution control / air quality management district boundaries. Use for planning/permitting context, not live air quality. Useful links in popup: AirFire portal and AirNow Fire & Smoke Map. Real-time AQI/PM observations should be handled later as Ops Live feeds with API keys kept out of the static HTML.",https://gis.carb.arb.ca.gov/hosting/rest/services/Hosted/Air_District_for_IMPEI/FeatureServer/0,California,Stable context for local air district jurisdiction and air-quality planning language. Not a current air-quality measurement layer.,1,current_view,,"Small statewide polygon context layer, but loaded by current map view for consistency with other External feature overlays.",,4.0,,BRIM applies categorical colors by air district name for readability; colors are not official CARB symbology.,air_district_name;air_district_code;air_district_suffix;air_district_dba,Air district;District code;District suffix;District DBA,https://portal.airfire.org/||https://fire.airnow.gov/,AirFire portal||AirNow Fire & Smoke Map,,air_district_name,Air district,air_district_name,,,,air_district_name,*,Air district jurisdiction and planning/permitting context.,yes,air_district_name;gis_label_air_district;air_district_code,air_district_name,categorical_distinct,air district,Categorical colors by air district,,"Styled by air_district_name to separate adjacent air districts; colors are BRIM-derived, not official CARB symbology.",,orange,yellow,3.0,2,Audited load: slow (10/10 tests loaded; median 0.69 sec; p90 1.47 sec; max features 35).,BRIM load audit 2026-07,10.0,1.0,0.688675999641418,1.46648225784302,1.75083804130554,0.0
CARB,Air / Smoke,Air Quality / Smoke,Air / Smoke,10,CARB context,10,EXT144,CARB air basins,external,feature,https://gis.carb.arb.ca.gov/hosting/rest/services/Hosted/Air_Basins_for_IMPEI_use/FeatureServer/0,True,True,0.2,"California air basin boundaries for broad regional air-quality context. Use for planning/permitting language, not live air quality. Useful links in popup: AirFire portal and AirNow Fire & Smoke Map. Real-time AQI/PM observations should be handled later as Ops Live feeds with API keys kept out of the static HTML.",https://gis.carb.arb.ca.gov/hosting/rest/services/Hosted/Air_Basins_for_IMPEI_use/FeatureServer/0,California,Stable context for regional air basin terminology and planning/permitting discussions. Not a current air-quality measurement layer.,2,current_view,,"Small statewide polygon context layer, but loaded by current map view for consistency with other External feature overlays.",,4.0,,BRIM applies categorical colors by air basin name for readability; colors are not official CARB symbology.,air_basin_name;air_basin_code,Air basin;Basin code,https://portal.airfire.org/||https://fire.airnow.gov/,AirFire portal||AirNow Fire & Smoke Map,,air_basin_name,Air basin,air_basin_name,,,,air_basin_name,*,Broad air basin context for smoke/air-quality planning and permitting language.,yes,air_basin_name;air_basin_code,air_basin_name,categorical_distinct,air basin,Categorical colors by air basin,,"Styled by air_basin_name to separate adjacent air basins; colors are BRIM-derived, not official CARB symbology.",,yellow,yellow,2.0,2,Audited load: moderate (10/10 tests loaded; median 0.39 sec; p90 0.59 sec; max features 17).,BRIM load audit 2026-07,10.0,1.0,0.391172528266907,0.58903272151947,0.655198097229004,0.0
US EPA / AirNow,AirNow,Air Quality / Smoke,Air / Smoke,10,Smoke / air quality,20,AIRNOW_CURRENT_MONITORS,Air quality | AirNow monitors | current AQI,external,feature,https://services.arcgis.com/cJ9YHowT8TU7DUyn/arcgis/rest/services/Air%20Now%20Current%20Monitor%20Data%20Public/FeatureServer/0,True,True,0.82,"Official AirNow monitor snapshot; refresh after pan/zoom. Data are preliminary and update roughly hourly. Circle fill uses AirNow/EPA AQI category colors for highest current Ozone/PM AQI when available. Popups include observation/source time fields and links to AirNow, AirNow Fire & Smoke, AirFire, and PurpleAir.",https://gispub.epa.gov/airnow/,National / current map view,Official AirNow monitor current-view layer. Zoom to a region first; use Refresh current view after panning. Popups include monitor/AQI fields and external air/smoke context links.,1,current_view,,Official AirNow monitor snapshot. Load/refresh at regional scale; observations are preliminary and update roughly hourly. Refresh current view after panning/zooming.,,4,,AQI categories follow AirNow/EPA colors. Circle color is highest Ozone/PM AQI reported for the monitor when available.,SiteName;OZONEPM_AQI;OZONEPM_AQI_LABEL;PM25_AQI;PM25;PM25_Unit;OZONE_AQI;OZONE;OZONE_Unit;PM10_AQI;PM10;PM10_Unit;ValidTime;LocalTimeString;DataSource;MonitorType;Status;ReportingArea_PipeDelimited;AQSID;StateName,SiteName=Site;OZONEPM_AQI=Current AQI;OZONEPM_AQI_LABEL=Category;PM25_AQI=PM2.5 AQI;PM25=PM2.5;PM25_Unit=PM2.5 units;OZONE_AQI=Ozone AQI;OZONE=Ozone;OZONE_Unit=Ozone units;PM10_AQI=PM10 AQI;PM10=PM10;PM10_Unit=PM10 units;ValidTime=Valid time;LocalTimeString=Monitor local time;DataSource=Data source;MonitorType=Monitor type;Status=Monitor status;ReportingArea_PipeDelimited=Reporting area;AQSID=AQS ID;StateName=State,https://www.airnow.gov/||https://fire.airnow.gov/||https://portal.airfire.org/||https://map.purpleair.com/,Open AirNow||Open AirNow Fire & Smoke Map||Open AirFire portal||Open PurpleAir map,,SiteName;OZONEPM_AQI;OZONEPM_AQI_LABEL;PM25_AQI;OZONE_AQI;PM10_AQI;ValidTime;LocalTimeString,SiteName=Site;OZONEPM_AQI=AQI;OZONEPM_AQI_LABEL=Category;PM25_AQI=PM2.5;OZONE_AQI=Ozone;PM10_AQI=PM10;ValidTime=Valid;LocalTimeString=Local,SiteName,SiteName,OZONEPM_AQI;PM25_AQI;OZONE_AQI;PM10_AQI;PM25;OZONE,False,SiteName,SiteName;OZONEPM_AQI;OZONEPM_AQI_LABEL;OZONEPM_AQI_SORT;PM25_AQI;PM25;PM25_Unit;PM10_AQI;PM10;PM10_Unit;OZONE_AQI;OZONE;OZONE_Unit;ValidTime;LocalTimeString;DataSource;MonitorType;Status;ReportingArea_PipeDelimited;AQSID;StateName;Latitude;Longitude,Official current AQI point observations from permanent AirNow monitors; useful as the anchor air-quality layer during smoke/pollution events.,Yes. Point colors use official AQI categories; point density is limited by the official monitoring network.,OZONEPM_AQI_SORT;OZONEPM_AQI;PM_AQI_SORT;PM25_AQI_SORT;OZONE_AQI_SORT,OZONEPM_AQI_SORT,airnow_aqi,AQI,AirNow current AQI,higher_is_worse,Initial BRIM Ops Live AirNow monitor row. No counties in popup. Include useful smoke links in popup.,False,,yellow,,2,,,,,,,,
US EPA / AirNow,AirNow,Air Quality / Smoke,Air / Smoke,10,Smoke / air quality,20,AIRNOW_COMBINED_CONTOURS,Air quality | AirNow Ozone + PM2.5 combined contour AQI,external,feature,https://services.arcgis.com/cJ9YHowT8TU7DUyn/ArcGIS/rest/services/AirNowLatestContoursCombined/FeatureServer/0,True,True,0.46,Approximate AirNow latest-hour combined Ozone + PM2.5 AQI contour snapshot. Shows the highest recent AirNow AQI category across the combined pollutants represented by the service; contours can lag monitor points and are best at regional scale.,https://gispub.epa.gov/airnow/?tab=current&contours=ozonepm&monitors=none,United States / current map view,Approximate AirNow combined Ozone + PM2.5 AQI contour current-view layer. Good broad context beside monitor points; use Refresh current view after panning.,2,current_view,,Approximate AirNow combined Ozone + PM2.5 AQI contour snapshot. Load/refresh at regional scale; contours can lag monitor points and broad views may hit service limits.,,5,,"Gridcode values map to AirNow AQI categories: 1 Good, 2 Moderate, 3 USG, 4 Unhealthy, 5 Very Unhealthy, 6 Hazardous.",gridcode;Timestamp,gridcode=Combined AQI category;Timestamp=Contour timestamp,https://gispub.epa.gov/airnow/?tab=current&contours=ozonepm&monitors=none||https://www.airnow.gov/national-maps||https://fire.airnow.gov/||https://portal.airfire.org/,Open AirNow combined contour map||Open AirNow national maps||Open AirNow Fire & Smoke Map||Open AirFire portal,,gridcode;Timestamp,gridcode=Combined AQI;Timestamp=Time,gridcode,,,False,gridcode,gridcode;Timestamp;Unixtime;Id,Regional combined AirNow AQI context. Use monitor points and source portals for details.,"Yes, but approximate. Polygons are interpolated contour surfaces, not sensor locations.",gridcode,gridcode,airnow_aqi,AQI category,AirNow combined Ozone + PM2.5 AQI contours,higher_is_worse,BRIM External AirNow combined contour row; service is EPA/AirNow hosted FeatureServer. Keep as optional regional context; no counties in popup.,False,,orange,,3,,,,,,,,
US EPA / AirNow,AirNow,Air Quality / Smoke,Air / Smoke,10,Smoke / air quality,20,AIRNOW_OZONE_CONTOURS,Air quality | AirNow ozone contour AQI,external,feature,https://services.arcgis.com/cJ9YHowT8TU7DUyn/ArcGIS/rest/services/AirNowLatestContoursOzone/FeatureServer/0,True,True,0.46,Approximate AirNow latest-hour Ozone (O3) AQI contour snapshot. Contours can lag monitor points and are best at regional scale.,https://gispub.epa.gov/airnow/?tab=current&contours=ozone&monitors=none,United States / current map view,Approximate AirNow ozone AQI contour current-view layer. Useful for ozone-season/regional AQI context beside monitor points; use Refresh current view after panning.,3,current_view,,Approximate AirNow ozone AQI contour snapshot. Load/refresh at regional scale; contours can lag monitor points and broad views may hit service limits.,,5,,"Gridcode values map to AirNow AQI categories: 1 Good, 2 Moderate, 3 USG, 4 Unhealthy, 5 Very Unhealthy, 6 Hazardous.",gridcode;Timestamp,gridcode=Ozone AQI category;Timestamp=Contour timestamp,https://gispub.epa.gov/airnow/?tab=current&contours=ozone&monitors=none||https://www.airnow.gov/national-maps||https://fire.airnow.gov/||https://portal.airfire.org/,Open AirNow ozone contour map||Open AirNow national maps||Open AirNow Fire & Smoke Map||Open AirFire portal,,gridcode;Timestamp,gridcode=Ozone AQI;Timestamp=Time,gridcode,,,False,gridcode,gridcode;Timestamp;Unixtime;Id,Regional ozone AQI context. Use monitor points and source portals for details.,"Yes, but approximate. Polygons are interpolated contour surfaces, not sensor locations.",gridcode,gridcode,airnow_aqi,AQI category,AirNow ozone AQI contours,higher_is_worse,BRIM External AirNow ozone contour row; service is EPA/AirNow hosted FeatureServer. Keep as optional regional context; no counties in popup.,False,,orange,,3,,,,,,,,
US EPA / AirNow,AirNow,Air Quality / Smoke,Air / Smoke,10,Smoke / air quality,20,AIRNOW_PM25_CONTOURS,Smoke / PM2.5 | AirNow latest contour AQI,external,feature,https://services.arcgis.com/cJ9YHowT8TU7DUyn/arcgis/rest/services/AirNowLatestContoursPM25/FeatureServer/0,True,True,0.46,Approximate AirNow PM2.5 AQI contour snapshot; contours can lag monitor points and are best at regional scale. Polygon fill uses AirNow/EPA AQI category colors for the latest PM2.5 contour gridcode; use with monitor points and source links during fast-changing smoke events.,https://gispub.epa.gov/airnow/?tab=current&contours=p25&monitors=none,United States / current map view,Approximate AirNow PM2.5 AQI contour current-view layer. Best at regional scale and as context beside monitor points; use Refresh current view after panning.,4,current_view,,Approximate AirNow PM2.5 AQI contour snapshot. Load/refresh at regional scale; contours can lag monitor points and broad views may hit service limits. Refresh current view after panning/zooming.,,5,,"Gridcode values map to AirNow AQI categories: 1 Good, 2 Moderate, 3 USG, 4 Unhealthy, 5 Very Unhealthy, 6 Hazardous.",gridcode;Timestamp,gridcode=PM2.5 AQI category;Timestamp=Contour timestamp,https://gispub.epa.gov/airnow/?tab=current&contours=p25&monitors=none||https://www.airnow.gov/national-maps||https://fire.airnow.gov/||https://portal.airfire.org/,Open AirNow PM2.5 contour map||Open AirNow national maps||Open AirNow Fire & Smoke Map||Open AirFire portal,,gridcode;Timestamp,gridcode=PM2.5 AQI;Timestamp=Time,gridcode,,,False,gridcode,gridcode;Timestamp;Unixtime;Id,Regional PM2.5/smoke AQI context. Use monitor points and source portals for details.,"Yes, but approximate. Polygons are interpolated contour surfaces, not sensor locations.",gridcode,gridcode,airnow_aqi,AQI category,AirNow PM2.5 AQI contours,higher_is_worse,Initial BRIM Ops Live AirNow PM2.5 contour row. Keep as optional context; no counties in popup.,False,,orange,,3,,,,,,,,
EPA,Superfund / EPA public GIS,Superfund / cleanup,Contaminated sites,20,Superfund / cleanup,10,EPA_NPL_BOUNDARIES,Superfund sites | EPA NPL boundaries,external,feature,https://services.arcgis.com/cJ9YHowT8TU7DUyn/arcgis/rest/services/FAC_Superfund_Site_Boundaries_EPA_Public/FeatureServer/0,True,True,0.7,EPA public Superfund site-boundary features. Use as screening context; verify site status and boundary details with EPA source records.,https://services.arcgis.com/cJ9YHowT8TU7DUyn/arcgis/rest/services/FAC_Superfund_Site_Boundaries_EPA_Public/FeatureServer/0,National,Screening context for Superfund/NPL site boundaries near BLM lands and water-resource review areas.,101,current_view,,National FeatureServer. Load current map view only; zoom in for better performance.,8.0,7.0,,BRIM screening overlay; red/orange boundary styling is not a substitute for EPA source records.,SITE_NAME;EPA_ID;NPL_STATUS_CODE;EPA_PROGRAM;SITE_FEATURE_TYPE;SITE_FEATURE_NAME;CITY_NAME;COUNTY;STATE_CODE;REGION_CODE;LAST_CHANGE_DATE;URL_ALIAS_TXT,SITE_NAME=Site name;EPA_ID=EPA ID;NPL_STATUS_CODE=NPL status;EPA_PROGRAM=EPA program;SITE_FEATURE_TYPE=Feature type;SITE_FEATURE_NAME=Feature name;CITY_NAME=City;COUNTY=County;STATE_CODE=State;REGION_CODE=EPA region;LAST_CHANGE_DATE=Last change date;URL_ALIAS_TXT=Site URL,{URL_ALIAS_TXT},Open EPA site page,,SITE_NAME;NPL_STATUS_CODE;EPA_ID,SITE_NAME=Site;NPL_STATUS_CODE=NPL;EPA_ID=EPA ID,SITE_NAME,SITE_NAME,,False,SITE_NAME,,Screening for Superfund/NPL boundaries and cleanup context near BLM review areas.,Contaminated-site boundary context; potential water-quality/groundwater/site-review screening.,,,,,,,Field names confirmed from EPA FeatureServer metadata for first-pass hover/popup curation.,False,yellow,,2.0,,Audited load: moderate (10/10 tests loaded; median 0.27 sec; p90 0.76 sec; max features 120).,BRIM load audit 2026-07,10.0,1.0,0.265783071517944,0.76248128414154,1.06709718704224,0.0
EPA,FRS / SEMS,Superfund / cleanup,Contaminated sites,20,Superfund / cleanup,10,EPA_SEMS_POINTS,Superfund / SEMS sites | EPA points,external,feature,https://services.arcgis.com/cJ9YHowT8TU7DUyn/arcgis/rest/services/FRS_INTERESTS_SEMS/FeatureServer/0,True,True,0.72,EPA SEMS/FRS point interests. National point layer can be dense; use current-view loading for screening.,https://services.arcgis.com/cJ9YHowT8TU7DUyn/arcgis/rest/services/FRS_INTERESTS_SEMS/FeatureServer/0,National,Screening context for SEMS/Superfund facility points near BLM lands and watersheds.,102,current_view,,National point FeatureServer. Load current map view only; broad extents may hit feature caps.,8.0,7.0,,One-symbol BRIM screening overlay unless source status fields are later confirmed for categorical styling.,FACILITY_NAME;PRIMARY_NAME;REGISTRY_ID;PGM_SYS_ID;INTEREST_TYPE;ACTIVE_STATUS;ACTIVE_STATUS_DESCRIPTION;REGION_CODE;CITY_NAME;COUNTY_NAME;STATE_CODE;LOCATION_ADDRESS;LAST_REPORTED_DATE,FACILITY_NAME=Facility name;PRIMARY_NAME=Primary name;REGISTRY_ID=Registry ID;PGM_SYS_ID=Program system ID;INTEREST_TYPE=Interest type;ACTIVE_STATUS=Active status;ACTIVE_STATUS_DESCRIPTION=Status description;REGION_CODE=EPA region;CITY_NAME=City;COUNTY_NAME=County;STATE_CODE=State;LOCATION_ADDRESS=Address;LAST_REPORTED_DATE=Last reported,,,,FACILITY_NAME;PRIMARY_NAME;ACTIVE_STATUS;INTEREST_TYPE,FACILITY_NAME=Facility;PRIMARY_NAME=Name;ACTIVE_STATUS=Status;INTEREST_TYPE=Interest,FACILITY_NAME;PRIMARY_NAME,FACILITY_NAME;PRIMARY_NAME,,False,FACILITY_NAME,,Screening for EPA SEMS/Superfund point interests near BLM projects or water-resource review areas.,Cleanup/site point context; potentially contaminated-site screening.,,,,,,,First-pass field curation uses common FRS/SEMS field names; refine after BRIM field inspection if needed.,False,yellow,,2.0,,Audited load: moderate (10/10 tests loaded; median 0.12 sec; p90 0.21 sec; max features 1250).,BRIM load audit 2026-07,10.0,1.0,0.119319081306458,0.212655448913574,0.349324941635132,0.0
BLM California,DRECP ROD,DRECP,Desert Planning,30,DRECP,10,EXT131,DRECP ACEC polygons,external,feature,https://services1.arcgis.com/KbxwQRRfWyEYLgp4/arcgis/rest/services/BLM_CA_DRECP_ROD/FeatureServer/0,True,True,0.45,BLM California DRECP Record of Decision layer. Planning/designation context; verify against official ROD/LUPA and local files for project decisions.,https://www.blm.gov/programs/planning-and-nepa/plans-in-development/california/desert-renewable-energy-conservation-plan,California desert / DRECP area,Screening context for desert renewable-energy/planning constraints and opportunities.,B,current_view,,DRECP polygon layer; load at project/local scale for best performance.,,6.0,,BRIM applies deterministic categorical colors by Name for map readability; verify official designation boundaries and names against the source service/ROD.,Name;ConservationStatus;GIS_Acres;Type;ACEC_ID,Name;Status;Acres;Type;ACEC ID,,,,Name;ConservationStatus;GIS_Acres,Name;Status;Acres,Name,,,,,*,DRECP planning/designation screening.,yes,Name;Type;Designation;Development_DSG;Technology,Name,categorical_distinct,ACEC name,Categorical colors by ACEC name,,Styled by Name to distinguish adjacent ACEC polygons in BRIM; colors are not official BLM symbology.,,yellow,,2.0,,Audited load: moderate (10/10 tests loaded; median 0.27 sec; p90 1.94 sec; max features 154).,BRIM load audit 2026-07,10.0,1.0,0.2697594165802,1.93636810779572,1.94742202758789,0.0
BLM California,DRECP ROD,DRECP,Desert Planning,30,DRECP,10,EXT133,DRECP Development Focus Areas,external,feature,https://services1.arcgis.com/KbxwQRRfWyEYLgp4/arcgis/rest/services/BLM_CA_DRECP_ROD/FeatureServer/2,True,True,0.45,BLM California DRECP Record of Decision layer. Planning/designation context; verify against official ROD/LUPA and local files for project decisions.,https://www.blm.gov/programs/planning-and-nepa/plans-in-development/california/desert-renewable-energy-conservation-plan,California desert / DRECP area,Screening context for desert renewable-energy/planning constraints and opportunities.,B,current_view,,DRECP polygon layer; load at project/local scale for best performance.,,6.0,,,Development_DSG;Technology;SurfaceOccupancy;acres,Designation;Technology;Surface occupancy;Acres,,,,Development_DSG;Technology;acres,Designation;Technology;Surface occupancy,Development_DSG,,,,,*,DRECP planning/designation screening.,yes,Name;Type;Designation;Development_DSG;Technology,,,,DRECP planning layer,,Field names vary by DRECP sublayer; QA popups and hover after first build.,,green,,1.0,,Audited load: fast (10/10 tests loaded; median 0.18 sec; p90 0.74 sec; max features 178).,BRIM load audit 2026-07,10.0,1.0,0.181233525276184,0.741525673866272,0.816986083984375,0.0
BLM California,DRECP ROD,DRECP,Desert Planning,30,DRECP,10,EXT132,DRECP National Conservation Lands,external,feature,https://services1.arcgis.com/KbxwQRRfWyEYLgp4/arcgis/rest/services/BLM_CA_DRECP_ROD/FeatureServer/1,True,True,0.45,BLM California DRECP Record of Decision layer. Planning/designation context; verify against official ROD/LUPA and local files for project decisions.,https://www.blm.gov/programs/planning-and-nepa/plans-in-development/california/desert-renewable-energy-conservation-plan,California desert / DRECP area,Screening context for desert renewable-energy/planning constraints and opportunities.,B,current_view,,DRECP polygon layer; load at project/local scale for best performance.,,6.0,,,Name;GIS_Acres;NCL_Name,Name;Acres;NCL name,,,,Name;GIS_Acres,Name;Acres,Name,,,,,*,DRECP planning/designation screening.,yes,Name;Type;Designation;Development_DSG;Technology,,,,DRECP planning layer,,Field names vary by DRECP sublayer; QA popups and hover after first build.,,yellow,,2.0,,Audited load: moderate (10/10 tests loaded; median 0.16 sec; p90 0.98 sec; max features 11).,BRIM load audit 2026-07,10.0,1.0,0.164481997489929,0.979073810577393,1.05105400085449,0.0
BLM California,DRECP ROD,DRECP,Desert Planning,30,DRECP,10,EXT134,DRECP general public lands,external,feature,https://services1.arcgis.com/KbxwQRRfWyEYLgp4/arcgis/rest/services/BLM_CA_DRECP_ROD/FeatureServer/3,True,True,0.45,BLM California DRECP Record of Decision layer. Planning/designation context; verify against official ROD/LUPA and local files for project decisions.,https://www.blm.gov/programs/planning-and-nepa/plans-in-development/california/desert-renewable-energy-conservation-plan,California desert / DRECP area,Screening context for desert renewable-energy/planning constraints and opportunities.,B,current_view,,DRECP polygon layer; load at project/local scale for best performance.,,6.0,,,Name;GIS_Acres;Designation,Name;Acres;Designation,,,,Name;GIS_Acres;Designation,Name;Acres;Designation,Name,,,,,*,DRECP planning/designation screening.,yes,Name;Type;Designation;Development_DSG;Technology,,,,DRECP planning layer,,Field names vary by DRECP sublayer; QA popups and hover after first build.,,yellow,,2.0,,Audited load: moderate (10/10 tests loaded; median 1.38 sec; p90 1.54 sec; max features 1).,BRIM load audit 2026-07,10.0,1.0,1.38110995292664,1.54497382640839,1.81919407844543,0.0
BLM California,DRECP ROD,DRECP,Desert Planning,30,DRECP,10,EXT135,DRECP recreation management areas,external,feature,https://services1.arcgis.com/KbxwQRRfWyEYLgp4/arcgis/rest/services/BLM_CA_DRECP_ROD/FeatureServer/4,True,True,0.45,BLM California DRECP Record of Decision layer. Planning/designation context; verify against official ROD/LUPA and local files for project decisions.,https://www.blm.gov/programs/planning-and-nepa/plans-in-development/california/desert-renewable-energy-conservation-plan,California desert / DRECP area,Screening context for desert renewable-energy/planning constraints and opportunities.,B,current_view,,DRECP polygon layer; load at project/local scale for best performance.,,6.0,,,Name;Type;GIS_Acres,Name;Type;Acres,,,,Name;Type;GIS_Acres,Name;Type;Acres,Name,,,,,*,DRECP planning/designation screening.,yes,Name;Type;Designation;Development_DSG;Technology,,,,DRECP planning layer,,Field names vary by DRECP sublayer; QA popups and hover after first build.,,green,,1.0,,Audited load: fast (10/10 tests loaded; median 0.21 sec; p90 1.03 sec; max features 44).,BRIM load audit 2026-07,10.0,1.0,0.210453033447266,1.02911086082458,1.21835207939148,0.0
BLM California,DRECP ROD,DRECP,Desert Planning,30,DRECP,10,EXT136,DRECP wildlife allocation polygons,external,feature,https://services1.arcgis.com/KbxwQRRfWyEYLgp4/arcgis/rest/services/BLM_CA_DRECP_ROD/FeatureServer/5,True,True,0.45,BLM California DRECP Record of Decision layer. Planning/designation context; verify against official ROD/LUPA and local files for project decisions.,https://www.blm.gov/programs/planning-and-nepa/plans-in-development/california/desert-renewable-energy-conservation-plan,California desert / DRECP area,Screening context for desert renewable-energy/planning constraints and opportunities.,B,current_view,,DRECP polygon layer; load at project/local scale for best performance.,,6.0,,,Name;Allocation;GIS_Acres,Name;Allocation;Acres,,,,Name;Allocation;GIS_Acres,Name;Allocation;Acres,Name,,,,,*,DRECP planning/designation screening.,yes,Name;Type;Designation;Development_DSG;Technology,,,,DRECP planning layer,,Field names vary by DRECP sublayer; QA popups and hover after first build.,,green,,1.0,,Audited load: fast (10/10 tests loaded; median 0.15 sec; p90 0.19 sec; max features 2).,BRIM load audit 2026-07,10.0,1.0,0.152765512466431,0.190407276153564,0.248064041137695,0.0
BLM AIM,AIM,BLM,Ecology / Habitat / Species,40,BLM,10,EXT097,BLM AIM LMF Hub,external,feature,https://services1.arcgis.com/KbxwQRRfWyEYLgp4/arcgis/rest/services/BLM_Natl_AIM_LMF_Hub/FeatureServer/0,True,True,0.75,"BLM Assessment, Inventory, and Monitoring (AIM) public FeatureServer. Current-view loading is recommended.",https://gbp-blm-egis.hub.arcgis.com/pages/aim,,,400,current_view,,Large national BLM AIM FeatureServer. Zoom in first and use current-view loading for better performance.,9.0,9.0,,,,,,,,,,,,,,,,,,,,,,,,,,red,,4.0,,Audited load: heavy (10/10 tests loaded; median 0.56 sec; p90 1.44 sec; max features 2000; cap rate 20%).,BRIM load audit 2026-07,10.0,1.0,0.55620551109314,1.43901159763336,1.51940512657166,0.2
BLM AIM,AIM,BLM,Ecology / Habitat / Species,40,BLM,10,EXT098,BLM AIM Lotic Indicators,external,feature,https://services1.arcgis.com/KbxwQRRfWyEYLgp4/arcgis/rest/services/BLM_Natl_AIM_Lotic_Indicators_Hub/FeatureServer/5,True,True,0.75,"BLM Assessment, Inventory, and Monitoring (AIM) public FeatureServer. Current-view loading is recommended.",https://gbp-blm-egis.hub.arcgis.com/pages/aim,,,401,current_view,,Large national BLM AIM FeatureServer. Zoom in first and use current-view loading for better performance.,9.0,9.0,,,,,,,,,,,,,,,,,,,,,,,,,,yellow,,2.0,,Audited load: moderate (10/10 tests loaded; median 0.18 sec; p90 0.97 sec; max features 1375).,BRIM load audit 2026-07,10.0,1.0,0.17983603477478,0.97172839641571,1.60672807693481,0.0
BLM AIM,AIM,BLM,Ecology / Habitat / Species,40,BLM,10,EXT099,BLM AIM TerrADat,external,feature,https://services1.arcgis.com/KbxwQRRfWyEYLgp4/arcgis/rest/services/BLM_Natl_AIM_TerrADat_Hub/FeatureServer/0,True,True,0.75,"BLM Assessment, Inventory, and Monitoring (AIM) public FeatureServer. Current-view loading is recommended.",https://gbp-blm-egis.hub.arcgis.com/pages/aim,,,402,current_view,,Large national BLM AIM FeatureServer. Zoom in first and use current-view loading for better performance.,9.0,9.0,,,,,,,,,,,,,,,,,,,,,,,,,,red,,4.0,,Audited load: heavy (10/10 tests loaded; median 0.73 sec; p90 1.23 sec; max features 2000; cap rate 20%).,BRIM load audit 2026-07,10.0,1.0,0.73015308380127,1.23429543972015,1.35348701477051,0.2
BLM AIM,AIM,BLM,Ecology / Habitat / Species,40,BLM,10,EXT100,BLM AIM Terrestrial Species Indicators,external,feature,https://services1.arcgis.com/KbxwQRRfWyEYLgp4/arcgis/rest/services/BLM_Natl_AIM_Terrestrial_Species_Indicators_Public/FeatureServer/6,True,True,0.75,"BLM Assessment, Inventory, and Monitoring (AIM) public FeatureServer. Current-view loading is recommended.",https://gbp-blm-egis.hub.arcgis.com/pages/aim,,,403,current_view,,Large national BLM AIM FeatureServer. Zoom in first and use current-view loading for better performance.,9.0,9.0,,,,,,,,,,,,,,,,,,,,,,,,,,red,,4.0,,Audited load: heavy (10/10 tests loaded; median 0.53 sec; p90 2.85 sec; max features 2000; cap rate 80%).,BRIM load audit 2026-07,10.0,1.0,0.528217554092407,2.85331718921661,3.1380341053009,0.8
Cal-IPC / CDFW BIOS,CalWeedMapper / BIOS,Invasive vegetation,Ecology / Habitat / Species,40,Invasive vegetation,10,CALIPC_INVASIVE_SPECIES_BY_QUAD,Invasive plants | Cal-IPC species count by quad,external,feature,https://services2.arcgis.com/Uq9r85Potqm3MfRV/ArcGIS/rest/services/biosds1121_fpu/FeatureServer/0,True,True,0.45,Cal-IPC invasive plant species distribution summarized by USGS 7.5-minute quad.,https://filelib.wildlife.ca.gov/public/BDB/GIS/BIOS/metadata/DS1121.html,California,Screening/reference overlay; verify source details before reporting.,60,current_view,,,,7.0,,"BRIM ramp: lower species counts green, higher species counts red. Source data are qualitative landscape-level Cal-IPC/BIOS quad summaries.",QUAD_NAME;QUAD_ID;COUNT_SPECIES,Quad;Quad ID;Invasive species count,,,,QUAD_NAME;COUNT_SPECIES,Quad;Species count,,,,False,,,,,,COUNT_SPECIES,calipc_species_count,,Cal-IPC invasive species count by quad,low_high,,False,red,,4.0,,Audited load: heavy (10/10 tests loaded; median 0.19 sec; p90 0.55 sec; max features 2000; cap rate 20%).,BRIM load audit 2026-07,10.0,1.0,0.192862987518311,0.551223587989807,0.851505041122437,0.2
Cal-IPC / CDFW BIOS,CalWeedMapper / BIOS,Invasive vegetation,Ecology / Habitat / Species,40,Invasive vegetation,10,CALIPC_TERRESTRIAL_INVASION_BY_QUAD,Invasive plants | Cal-IPC terrestrial invasion level,external,feature,https://services2.arcgis.com/Uq9r85Potqm3MfRV/arcgis/rest/services/biosds2810_fpu/FeatureServer/0,True,True,0.45,Cal-IPC terrestrial invasive plant threat/level summarized by USGS 7.5-minute quad.,https://filelib.wildlife.ca.gov/public/BDB/GIS/BIOS/metadata/DS2810.html,California,Screening/reference overlay; verify source details before reporting.,65,current_view,,,,7.0,,BRIM ramp: lower invasion-threat values are pale/green; higher values are red. Values are source Cal-IPC/BIOS quad-index attributes.,QUAD_NAME;QUAD_ID;Invasive_Threat,Quad;Quad ID;Invasion threat index,,,,QUAD_NAME;Invasive_Threat,Quad;Invasion threat,,,,False,,,,,,Invasive_Threat,calipc_invasive_threat,,Cal-IPC terrestrial invasion level,low_high,,False,red,,4.0,,Audited load: heavy (10/10 tests loaded; median 0.22 sec; p90 0.55 sec; max features 2000; cap rate 20%).,BRIM load audit 2026-07,10.0,1.0,0.224620461463928,0.551574969291687,0.813393115997314,0.2
CDFW / Reclamation,CVPIA Refuge Water Supply Program,refuges; wetlands; water deliveries; habitat,Ecology / Habitat / Species,40,Refuges / wetland habitat,15,CVPIA_WETLAND_HABITAT_REFUGES,CVPIA wetland habitat area refuges | CDFW / Reclamation,external,feature,https://services2.arcgis.com/Uq9r85Potqm3MfRV/ArcGIS/rest/services/biosds2636_fpu/FeatureServer/0,TRUE,TRUE,0.42,"Central Valley Project Improvement Act wetland habitat area refuge boundaries where refuge water supplies can be used. BRIM adds as current-view screening layer under Ecology / Habitat / Species, not GW/SW.",https://catalog.data.gov/dataset/wetland-habitat-area-refuges-central-valley-project-improvement-act-ds2636,California Central Valley,,210,current_view,,"CVPIA refuge boundary layer is small, but still loaded as current-view features for consistency.",,7,,BRIM one-symbol refuge/wetland habitat overlay. Source layer uses a transparent yellow/orange refuge boundary style.,"Name,Unit_Name,Manager,GIS_Acres,Level2_WaterSupply,IL4_WaterSupply","Name,Unit name,Manager,GIS acres,Level 2 water supply,Incremental Level 4 water supply",https://catalog.data.gov/dataset/wetland-habitat-area-refuges-central-valley-project-improvement-act-ds2636||https://www.usbr.gov/mp/cvpia/,Open CDFW/CNRA metadata||Open Reclamation CVPIA page,,"Name,Unit_Name,Manager,Level2_WaterSupply,IL4_WaterSupply","Name,Unit,Manager,L2 supply,IL4 supply",Name,,,,,"OBJECTID,Name,Unit_Name,Manager,GIS_Acres,Level2_WaterSupply,IL4_WaterSupply","Screening CVPIA wetland habitat area refuges and refuge-water context near projects, water deliveries, and habitat reviews.",TRUE,,,,,CVPIA wetland habitat area refuges,,"Confirmed REST fields: Name, Unit_Name, Level2_WaterSupply, IL4_WaterSupply, GIS_Acres, Manager.",,green,green,1,1,Small CVPIA refuge boundary layer; current-view should be quick.,,,,,,,
CDFW / Reclamation,CVPIA Refuge Water Supply Program,refuges; delivery points; water infrastructure; habitat,Ecology / Habitat / Species,40,Refuges / wetland habitat,15,CVPIA_REFUGE_DELIVERY_POINTS,CVPIA refuge delivery points | CDFW / Reclamation,external,feature,https://services2.arcgis.com/Uq9r85Potqm3MfRV/arcgis/rest/services/biosds2638_fmu/FeatureServer/0,TRUE,TRUE,0.85,Delivery points used to complete CVPIA refuge water deliveries to wetland habitat areas. Type field distinguishes Gravity and Lift delivery points in the source renderer.,https://catalog.data.gov/dataset/refuge-delivery-points-central-valley-project-improvement-act-ds2638,California Central Valley,,211,current_view,,"CVPIA delivery-point layer is small, but still loaded as current-view features for consistency.",,7,,BRIM categorical point style by Type. Source categories confirm Gravity and Lift.,"Refuge_Name,Delivery_Point,Type","Refuge,Delivery point,Delivery type",https://catalog.data.gov/dataset/refuge-delivery-points-central-valley-project-improvement-act-ds2638||https://www.usbr.gov/mp/cvpia/,Open CDFW/CNRA metadata||Open Reclamation CVPIA page,,"Refuge_Name,Delivery_Point,Type","Refuge,Delivery point,Type",Refuge_Name,,,,,"OBJECTID,Refuge_Name,Delivery_Point,Type",Screening where CVPIA refuge water deliveries enter wetland habitat areas; useful companion to CVPIA refuge polygons.,TRUE,Type,Type,categorical,,CVPIA delivery point type,,"Confirmed REST fields: Refuge_Name, Delivery_Point, Type. Source renderer categories: Gravity and Lift.",,green,green,1,1,Small point layer; current-view should be quick.,,,,,,,
USFWS,National Wildlife Refuge System,refuges; FWS administered lands; habitat; land status,Ecology / Habitat / Species,40,Refuges / wetland habitat,15,USFWS_NWR_BOUNDARIES,National wildlife refuges / FWS administered lands | USFWS,external,feature,https://services.arcgis.com/QVENGdaPbd4LUkLV/arcgis/rest/services/National_Wildlife_Refuge_System_Boundaries/FeatureServer/0,TRUE,TRUE,0.38,Simplified USFWS administered-land boundaries from the National Wildlife Refuge System real-estate interest data. Not all areas are open to the public; use source for legal/public-access details.,https://gis-fws.opendata.arcgis.com/datasets/fws::national-wildlife-refuge-system-boundaries/about,National,,212,current_view,,"National USFWS administered-lands polygon layer. Zoom in and use current-view loading; boundaries are resource-grade/generalized, not legal descriptions.",,8,,BRIM one-symbol FWS administered lands/refuge boundary overlay. Source notes boundaries are simplified/resource-grade.,ORGNAME,FWS unit / organization,https://gis-fws.opendata.arcgis.com/datasets/fws::national-wildlife-refuge-system-boundaries/about,Open USFWS source page,,ORGNAME,FWS unit / organization,ORGNAME,,,,,"OBJECTID,ORGNAME",Screening FWS refuge/administered-land context near projects. Use source/realty office for legal descriptions or public access.,TRUE,,,,,USFWS administered lands / refuges,,Confirmed display field: ORGNAME. Kept popup field minimal to avoid relying on unconfirmed optional fields.,,red,red,5,5,Large national polygon layer; current-view and zoom guidance required.,,,,,,,
CDFW,ACE / BIOS,CDFW,Ecology / Habitat / Species,40,CDFW,20,EXT081,CDFW ACE Statewide Terrestrial Biodiversity Summary,external,feature,https://services2.arcgis.com/Uq9r85Potqm3MfRV/arcgis/rest/services/biosds1331_fpu/FeatureServer/0,True,True,0.55,CDFW Areas of Conservation Emphasis (ACE) FeatureServer. Current-view loading is recommended for these statewide layers.,https://services2.arcgis.com/Uq9r85Potqm3MfRV/arcgis/rest/services/biosds1331_fpu/FeatureServer/0,,,300,current_view,,Large statewide CDFW ACE FeatureServer. Zoom in first and use current-view loading for better performance.,9.0,9.0,,,,,,,,,,,,,,,,,,,,,,,,,,red,,4.0,,Audited load: heavy (10/10 tests loaded; median 0.46 sec; p90 1.29 sec; max features 2000; cap rate 80%).,BRIM load audit 2026-07,10.0,1.0,0.458864450454712,1.28550596237183,1.73700714111328,0.8
CDFW,ACE / BIOS,CDFW,Ecology / Habitat / Species,40,CDFW,20,EXT082,CDFW ACE Species Biodiversity,external,feature,https://services2.arcgis.com/Uq9r85Potqm3MfRV/arcgis/rest/services/biosds2769_fpu/FeatureServer/0,True,True,0.55,CDFW Areas of Conservation Emphasis (ACE) FeatureServer. Current-view loading is recommended for these statewide layers.,https://services2.arcgis.com/Uq9r85Potqm3MfRV/arcgis/rest/services/biosds2769_fpu/FeatureServer/0,,,301,current_view,,Large statewide CDFW ACE FeatureServer. Zoom in first and use current-view loading for better performance.,9.0,9.0,,,,,,,,,,,,,,,,,,,,,,,,,,red,,4.0,,Audited load: heavy (10/10 tests loaded; median 0.96 sec; p90 2.51 sec; max features 2000; cap rate 80%).,BRIM load audit 2026-07,10.0,1.0,0.964350461959839,2.50626964569092,2.8067409992218,0.8
CDFW,ACE / BIOS,CDFW,Ecology / Habitat / Species,40,CDFW,20,EXT083,CDFW ACE Terrestrial Rare Species Richness,external,feature,https://services2.arcgis.com/Uq9r85Potqm3MfRV/arcgis/rest/services/biosds1333_fpu/FeatureServer/0,True,True,0.55,CDFW Areas of Conservation Emphasis (ACE) FeatureServer. Current-view loading is recommended for these statewide layers.,https://services2.arcgis.com/Uq9r85Potqm3MfRV/arcgis/rest/services/biosds1333_fpu/FeatureServer/0,,,302,current_view,,Large statewide CDFW ACE FeatureServer. Zoom in first and use current-view loading for better performance.,9.0,9.0,,,,,,,,,,,,,,,,,,,,,,,,,,red,,4.0,,Audited load: heavy (10/10 tests loaded; median 0.37 sec; p90 1.36 sec; max features 2000; cap rate 80%).,BRIM load audit 2026-07,10.0,1.0,0.372172117233276,1.36026012897491,1.59563899040222,0.8
CDFW,ACE / BIOS,CDFW,Ecology / Habitat / Species,40,CDFW,20,EXT084,CDFW ACE Terrestrial Irreplaceability Summary,external,feature,https://services2.arcgis.com/Uq9r85Potqm3MfRV/arcgis/rest/services/biosds1334_fpu/FeatureServer/0,True,True,0.55,CDFW Areas of Conservation Emphasis (ACE) FeatureServer. Current-view loading is recommended for these statewide layers.,https://services2.arcgis.com/Uq9r85Potqm3MfRV/arcgis/rest/services/biosds1334_fpu/FeatureServer/0,,,303,current_view,,Large statewide CDFW ACE FeatureServer. Zoom in first and use current-view loading for better performance.,9.0,9.0,,,,,,,,,,,,,,,,,,,,,,,,,,red,,4.0,,Audited load: heavy (10/10 tests loaded; median 0.36 sec; p90 0.99 sec; max features 2000; cap rate 80%).,BRIM load audit 2026-07,10.0,1.0,0.355309128761292,0.993775296211242,1.73071479797363,0.8
CDFW,ACE / BIOS,CDFW,Ecology / Habitat / Species,40,CDFW,20,EXT085,CDFW ACE Aquatic Native Species Richness Summary,external,feature,https://services2.arcgis.com/Uq9r85Potqm3MfRV/arcgis/rest/services/biosds2743_fpu/FeatureServer/0,True,True,0.55,CDFW Areas of Conservation Emphasis (ACE) FeatureServer. Current-view loading is recommended for these statewide layers.,https://services2.arcgis.com/Uq9r85Potqm3MfRV/arcgis/rest/services/biosds2743_fpu/FeatureServer/0,,,304,current_view,,Large statewide CDFW ACE FeatureServer. Zoom in first and use current-view loading for better performance.,9.0,9.0,,,,,,,,,,,,,,,,,,,,,,,,,,red,,4.0,,Audited load: heavy (7/10 tests loaded; median 8.57 sec; p90 9.15 sec; max features 1144).,BRIM load audit 2026-07,10.0,0.7,8.56794810295105,9.14526844024658,9.2435610294342,0.0
CDFW,ACE / BIOS,CDFW,Ecology / Habitat / Species,40,CDFW,20,EXT086,CDFW ACE Aquatic Native Amphibian Richness,external,feature,https://services2.arcgis.com/Uq9r85Potqm3MfRV/arcgis/rest/services/biosds2746_fpu/FeatureServer/0,True,True,0.55,CDFW Areas of Conservation Emphasis (ACE) FeatureServer. Current-view loading is recommended for these statewide layers.,https://services2.arcgis.com/Uq9r85Potqm3MfRV/arcgis/rest/services/biosds2746_fpu/FeatureServer/0,,,305,current_view,,Large statewide CDFW ACE FeatureServer. Zoom in first and use current-view loading for better performance.,9.0,9.0,,,,,,,,,,,,,,,,,,,,,,,,,,red,,4.0,,Audited load: heavy (6/10 tests loaded; median 7.19 sec; p90 10.27 sec; max features 1122).,BRIM load audit 2026-07,10.0,0.6,7.19266486167908,10.2713174819946,12.1981699466705,0.0
CDFW,ACE / BIOS,CDFW,Ecology / Habitat / Species,40,CDFW,20,EXT087,CDFW ACE Aquatic Amphibian Irreplaceability,external,feature,https://services2.arcgis.com/Uq9r85Potqm3MfRV/arcgis/rest/services/biosds2754_fpu/FeatureServer/0,True,True,0.55,CDFW Areas of Conservation Emphasis (ACE) FeatureServer. Current-view loading is recommended for these statewide layers.,https://services2.arcgis.com/Uq9r85Potqm3MfRV/arcgis/rest/services/biosds2754_fpu/FeatureServer/0,,,306,current_view,,Large statewide CDFW ACE FeatureServer. Zoom in first and use current-view loading for better performance.,9.0,9.0,,,,,,,,,,,,,,,,,,,,,,,,,,red,,4.0,,Audited load: heavy (8/10 tests loaded; median 3.34 sec; p90 7.66 sec; max features 673).,BRIM load audit 2026-07,10.0,0.8,3.33926212787628,7.66310830116272,12.8337800502777,0.0
CDFW,ACE / BIOS,CDFW,Ecology / Habitat / Species,40,CDFW,20,EXT088,CDFW ACE Freshwater Wetlands by Watershed,external,feature,https://services2.arcgis.com/Uq9r85Potqm3MfRV/arcgis/rest/services/biosds2764_fpu/FeatureServer/0,True,True,0.55,CDFW Areas of Conservation Emphasis (ACE) FeatureServer. Current-view loading is recommended for these statewide layers.,https://services2.arcgis.com/Uq9r85Potqm3MfRV/arcgis/rest/services/biosds2764_fpu/FeatureServer/0,,,307,current_view,,Large statewide CDFW ACE FeatureServer. Zoom in first and use current-view loading for better performance.,9.0,9.0,,,,,,,,,,,,,,,,,,,,,,,,,,red,,4.0,,Audited load: heavy (7/10 tests loaded; median 6.56 sec; p90 9.2 sec; max features 1082).,BRIM load audit 2026-07,10.0,0.7,6.55755805969238,9.19529762268066,9.35407495498657,0.0
CDFW,ACE / BIOS,CDFW,Ecology / Habitat / Species,40,CDFW,20,EXT089,CDFW ACE Riparian Habitat by Watershed,external,feature,https://services2.arcgis.com/Uq9r85Potqm3MfRV/arcgis/rest/services/biosds2758_fpu/FeatureServer/0,True,True,0.55,CDFW Areas of Conservation Emphasis (ACE) FeatureServer. Current-view loading is recommended for these statewide layers.,https://services2.arcgis.com/Uq9r85Potqm3MfRV/arcgis/rest/services/biosds2758_fpu/FeatureServer/0,,,308,current_view,,Large statewide CDFW ACE FeatureServer. Zoom in first and use current-view loading for better performance.,9.0,9.0,,,,,,,,,,,,,,,,,,,,,,,,,,red,,4.0,,Audited load: heavy (6/10 tests loaded; median 6.2 sec; p90 7.42 sec; max features 1077).,BRIM load audit 2026-07,10.0,0.6,6.19810247421265,7.42098557949066,7.79118013381958,0.0
CDFW,ACE / BIOS,CDFW,Ecology / Habitat / Species,40,CDFW,20,EXT090,CDFW ACE Oak Woodlands,external,feature,https://services2.arcgis.com/Uq9r85Potqm3MfRV/arcgis/rest/services/biosds2723_fpu/FeatureServer/0,True,True,0.55,CDFW Areas of Conservation Emphasis (ACE) FeatureServer. Current-view loading is recommended for these statewide layers.,https://services2.arcgis.com/Uq9r85Potqm3MfRV/arcgis/rest/services/biosds2723_fpu/FeatureServer/0,,,309,current_view,,Large statewide CDFW ACE FeatureServer. Zoom in first and use current-view loading for better performance.,9.0,9.0,,,,,,,,,,,,,,,,,,,,,,,,,,red,,4.0,,Audited load: heavy (10/10 tests loaded; median 0.35 sec; p90 1.31 sec; max features 2000; cap rate 60%).,BRIM load audit 2026-07,10.0,1.0,0.346295952796936,1.31211233139038,1.50493097305298,0.6
CDFW,ACE / BIOS,CDFW,Ecology / Habitat / Species,40,CDFW,20,EXT091,CDFW ACE Oak Shrublands,external,feature,https://services2.arcgis.com/Uq9r85Potqm3MfRV/arcgis/rest/services/biosds2863_fpu/FeatureServer/0,True,True,0.55,CDFW Areas of Conservation Emphasis (ACE) FeatureServer. Current-view loading is recommended for these statewide layers.,https://services2.arcgis.com/Uq9r85Potqm3MfRV/arcgis/rest/services/biosds2863_fpu/FeatureServer/0,,,310,current_view,,Large statewide CDFW ACE FeatureServer. Zoom in first and use current-view loading for better performance.,9.0,9.0,,,,,,,,,,,,,,,,,,,,,,,,,,red,,4.0,,Audited load: heavy (10/10 tests loaded; median 0.58 sec; p90 1.45 sec; max features 2000; cap rate 20%).,BRIM load audit 2026-07,10.0,1.0,0.577277064323425,1.45261735916138,1.79654693603516,0.2
CDFW,ACE / BIOS,CDFW,Ecology / Habitat / Species,40,CDFW,20,EXT092,CDFW ACE Estuary and Tidal Habitat,external,feature,https://services2.arcgis.com/Uq9r85Potqm3MfRV/arcgis/rest/services/biosds2860_fpu/FeatureServer/0,True,True,0.55,CDFW Areas of Conservation Emphasis (ACE) FeatureServer. Current-view loading is recommended for these statewide layers.,https://services2.arcgis.com/Uq9r85Potqm3MfRV/arcgis/rest/services/biosds2860_fpu/FeatureServer/0,,,311,current_view,,Large statewide CDFW ACE FeatureServer. Zoom in first and use current-view loading for better performance.,9.0,9.0,,,,,,,,,,,,,,,,,,,,,,,,,,yellow,,2.0,,Audited load: moderate (10/10 tests loaded; median 0.25 sec; p90 2.21 sec; max features 1368).,BRIM load audit 2026-07,10.0,1.0,0.245814561843872,2.21318552494049,2.70543503761292,0.0
CDFW,ACE / BIOS,CDFW,Ecology / Habitat / Species,40,CDFW,20,EXT093,CDFW ACE Monarch Overwintering Areas,external,feature,https://services2.arcgis.com/Uq9r85Potqm3MfRV/arcgis/rest/services/biosds2861_fpu/FeatureServer/0,True,True,0.55,CDFW Areas of Conservation Emphasis (ACE) FeatureServer. Current-view loading is recommended for these statewide layers.,https://services2.arcgis.com/Uq9r85Potqm3MfRV/arcgis/rest/services/biosds2861_fpu/FeatureServer/0,,,312,current_view,,Large statewide CDFW ACE FeatureServer. Zoom in first and use current-view loading for better performance.,9.0,9.0,,,,,,,,,,,,,,,,,,,,,,,,,,yellow,,2.0,,Audited load: moderate (10/10 tests loaded; median 0.29 sec; p90 1.38 sec; max features 325).,BRIM load audit 2026-07,10.0,1.0,0.292288541793823,1.38434216976166,2.51879191398621,0.0
CDFW,ACE / BIOS,CDFW,Ecology / Habitat / Species,40,CDFW,20,EXT094,CDFW ACE Terrestrial Climate Vulnerable Species,external,feature,https://services2.arcgis.com/Uq9r85Potqm3MfRV/arcgis/rest/services/biosds2701_fpu/FeatureServer/0,True,True,0.55,CDFW Areas of Conservation Emphasis (ACE) FeatureServer. Current-view loading is recommended for these statewide layers.,https://services2.arcgis.com/Uq9r85Potqm3MfRV/arcgis/rest/services/biosds2701_fpu/FeatureServer/0,,,313,current_view,,Large statewide CDFW ACE FeatureServer. Zoom in first and use current-view loading for better performance.,9.0,9.0,,,,,,,,,,,,,,,,,,,,,,,,,,red,,4.0,,Audited load: heavy (10/10 tests loaded; median 0.41 sec; p90 0.9 sec; max features 2000; cap rate 80%).,BRIM load audit 2026-07,10.0,1.0,0.405300974845886,0.900369954109192,1.55044794082642,0.8
CDFW,ACE / BIOS,CDFW,Ecology / Habitat / Species,40,CDFW,20,EXT095,CDFW ACE Terrestrial Native Game Species,external,feature,https://services2.arcgis.com/Uq9r85Potqm3MfRV/arcgis/rest/services/biosds2702_fpu/FeatureServer/0,True,True,0.55,CDFW Areas of Conservation Emphasis (ACE) FeatureServer. Current-view loading is recommended for these statewide layers.,https://services2.arcgis.com/Uq9r85Potqm3MfRV/arcgis/rest/services/biosds2702_fpu/FeatureServer/0,,,314,current_view,,Large statewide CDFW ACE FeatureServer. Zoom in first and use current-view loading for better performance.,9.0,9.0,,,,,,,,,,,,,,,,,,,,,,,,,,red,,4.0,,Audited load: heavy (10/10 tests loaded; median 0.31 sec; p90 1.28 sec; max features 2000; cap rate 80%).,BRIM load audit 2026-07,10.0,1.0,0.312676548957825,1.27518963813782,1.53022694587708,0.8
CDFW,ACE / BIOS,CDFW,Ecology / Habitat / Species,40,CDFW,20,EXT096,CDFW ACE Terrestrial Rare Bird Richness,external,feature,https://services2.arcgis.com/Uq9r85Potqm3MfRV/arcgis/rest/services/biosds2711_fpu/FeatureServer/0,True,True,0.55,CDFW Areas of Conservation Emphasis (ACE) FeatureServer. Current-view loading is recommended for these statewide layers.,https://services2.arcgis.com/Uq9r85Potqm3MfRV/arcgis/rest/services/biosds2711_fpu/FeatureServer/0,,,315,current_view,,Large statewide CDFW ACE FeatureServer. Zoom in first and use current-view loading for better performance.,9.0,9.0,,,,,,,,,,,,,,,,,,,,,,,,,,red,,4.0,,Audited load: heavy (10/10 tests loaded; median 0.43 sec; p90 1.22 sec; max features 2000; cap rate 80%).,BRIM load audit 2026-07,10.0,1.0,0.42776346206665,1.21602590084076,1.85830187797546,0.8
DWR / CNRA,NCCAG / SGMA,Landcover classification,Ecology / Habitat / Species,40,Landcover classification,30,EXT122,DWR NCCAG vegetation | potential GDE,disabled,feature,https://gis.water.ca.gov/arcgis/rest/services/Biota/i02_NaturalCommunitiesCommonlyAssociatedWithGroundwater/FeatureServer/0,True,True,0.55,"Hidden from External Layers for now: NCCAG/GDE concept retained, but this direct current-view FeatureServer polygon service has been unreliable/too heavy in BRIM QA. Revisit with a stable visual MapServer/image endpoint.",https://data.ca.gov/dataset/i02-natural-communities-commonly-associated-with-groundwater-nccag,California,Backlog candidate for potential GDE screening; not field-verified GDE determination.,125,current_view,1=1,Statewide polygon layer; load at project/local scale for best performance.,,7.0,,Provider renderer is simple; BRIM styling may be improved later.,VEGETATION_NAME;DOMINANT_COMMON_NAME;DOMINANT_SCIENTIFIC_NAME;SOURCE_CODE;DATE_DATA_REFERS_TO;COMMENTS;OBJECTID,VEGETATION_NAME=Vegetation;DOMINANT_COMMON_NAME=Dominant common name;DOMINANT_SCIENTIFIC_NAME=Dominant scientific name;SOURCE_CODE=Source code;DATE_DATA_REFERS_TO=Data date;COMMENTS=Comments;OBJECTID=Object ID,,,,VEGETATION_NAME;DOMINANT_COMMON_NAME;DATE_DATA_REFERS_TO,VEGETATION_NAME=Vegetation;DOMINANT_COMMON_NAME=Common name;DATE_DATA_REFERS_TO=Data date,VEGETATION_NAME,VEGETATION_NAME,,,VEGETATION_NAME,VEGETATION_NAME;DOMINANT_COMMON_NAME;DOMINANT_SCIENTIFIC_NAME;SOURCE_CODE;DATE_DATA_REFERS_TO;COMMENTS;OBJECTID,screening,yes,SOURCE_CODE,,,,,,Added from EL_003g; field/popup styling can be refined after QA.,,,,,,,,,,,,,
DWR / CNRA,NCCAG / SGMA,Landcover classification,Ecology / Habitat / Species,40,Landcover classification,30,EXT123,DWR NCCAG wetlands | potential GDE,disabled,feature,https://gis.water.ca.gov/arcgis/rest/services/Biota/i02_NaturalCommunitiesCommonlyAssociatedWithGroundwater/FeatureServer/1,True,True,0.55,"Hidden from External Layers for now: NCCAG/GDE concept retained, but this direct current-view FeatureServer polygon service has been unreliable/too heavy in BRIM QA. Revisit with a stable visual MapServer/image endpoint.",https://data.ca.gov/dataset/i02-natural-communities-commonly-associated-with-groundwater-nccag,California,Backlog candidate for potential GDE screening; not field-verified GDE determination.,126,current_view,1=1,Statewide polygon layer; load at project/local scale for best performance.,,7.0,,Provider renderer is simple; BRIM styling may be improved later.,WETLAND_NAME;WETLAND_TYPE;SOURCE_CODE;DATE_DATA_REFERS_TO;COMMENTS;OBJECTID,WETLAND_NAME=Wetland;WETLAND_TYPE=Wetland type;SOURCE_CODE=Source code;DATE_DATA_REFERS_TO=Data date;COMMENTS=Comments;OBJECTID=Object ID,,,,WETLAND_NAME;WETLAND_TYPE;DATE_DATA_REFERS_TO,WETLAND_NAME=Wetland;WETLAND_TYPE=Type;DATE_DATA_REFERS_TO=Data date,WETLAND_NAME,WETLAND_NAME,,,WETLAND_NAME,WETLAND_NAME;WETLAND_TYPE;SOURCE_CODE;DATE_DATA_REFERS_TO;COMMENTS;OBJECTID,screening,yes,SOURCE_CODE,,,,,,Added from EL_003g; field/popup styling can be refined after QA.,,,,,,,,,,,,,
USFWS,Ecological Services,USFWS,Ecology / Habitat / Species,40,USFWS,40,EXT105,USFWS Final Critical Habitat,external,feature,https://services.arcgis.com/QVENGdaPbd4LUkLV/arcgis/rest/services/USFWS_Critical_Habitat/FeatureServer/0,True,True,0.45,Final critical habitat features. Large national polygon layer; current-view loading is strongly recommended.,https://gis-fws.opendata.arcgis.com/,,,500,current_view,,Large national critical-habitat FeatureServer. Zoom in first and use current-view loading for better performance.,9.0,9.0,,,,,,,,,,,,,,,,,,,,,,,,,,red,,4.0,,Audited load: heavy (9/10 tests loaded; median 3.76 sec; p90 9.34 sec; max features 145).,BRIM load audit 2026-07,10.0,0.9,3.76319003105164,9.33766918182373,14.9410018920898,0.0
USFWS,National Wetlands Inventory,USFWS,Ecology / Habitat / Species,40,USFWS,40,EXT106,USFWS National Wetlands Inventory,external,feature,https://services3.arcgis.com/nV0HyP5uKL48nAKr/arcgis/rest/services/NWIWetlands/FeatureServer/0,True,True,0.45,National Wetlands Inventory wetlands/deepwater habitats. Very large national layer; current-view loading is required for practical use.,https://www.fws.gov/program/national-wetlands-inventory/web-mapping-services,,,501,current_view,,Very large national wetlands FeatureServer. Zoom in first and use current-view loading.,10.0,10.0,,,,,,,,,,,,,,,,,,,,,,,,,,green,red,1.0,4,Audited load: fast (10/10 tests loaded; median 0.2 sec; p90 0.38 sec; max features 0).,BRIM load audit 2026-07,10.0,1.0,0.196044564247131,0.381266474723816,0.428656816482544,0.0
USFS,Enterprise Data Warehouse,Invasive vegetation,Ecology / Habitat / Species,40,Invasive vegetation,50,USFS_INVASIVE_SPECIES_CURRENT,Invasive plants | USFS current infestations,external,map,https://apps.fs.usda.gov/arcx/rest/services/EDW/EDW_InvasiveSpecies_01/MapServer/0,True,True,0.64,USFS EDW invasive-species current infestations. Heavy national layer; use current-view loading and zoom in.,https://apps.fs.usda.gov/arcx/rest/services/EDW/EDW_InvasiveSpecies_01/MapServer/0,National Forest System / USFS EDW,"Invasive-vegetation screening context, including hydrologically relevant species where attributes support filtering later.",520,current_view,,Large national USFS layer. Zoom in first; broad views may hit feature caps.,10.0,10.0,,First-pass one-symbol/BRIM color overlay; species/status styling and filters can be added after field inspection.,COMMON_NAME;SCIENTIFIC_NAME;PLANT_CODE;SPECIES_SYMBOL;STATUS;INFESTED_AREA;AREA;DATE_;OBSERVATION_DATE;OWNER;UNIT_NAME;FORESTNAME;REGION;DIST_TO_WATER;DISTANCE_TO_WATER,COMMON_NAME=Common name;SCIENTIFIC_NAME=Scientific name;PLANT_CODE=Plant code;SPECIES_SYMBOL=Plant code;STATUS=Status;INFESTED_AREA=Infested area;AREA=Area;DATE_=Date;OBSERVATION_DATE=Observation date;OWNER=Owner;UNIT_NAME=Unit;FORESTNAME=Forest;REGION=Region;DIST_TO_WATER=Distance to water;DISTANCE_TO_WATER=Distance to water,,,,COMMON_NAME;SCIENTIFIC_NAME;PLANT_CODE;SPECIES_SYMBOL;STATUS,COMMON_NAME=Common;SCIENTIFIC_NAME=Scientific;PLANT_CODE=Plant code;SPECIES_SYMBOL=Plant code;STATUS=Status,COMMON_NAME;SCIENTIFIC_NAME,COMMON_NAME;SCIENTIFIC_NAME,,False,COMMON_NAME,,"Screening for current USFS invasive-plant infestations near waters, riparian areas, access routes, and projects.",Invasive vegetation context; future filters may target tamarisk/saltcedar/arundo if fields are clean.,,,,,,,MapServer current-view query first pass; field names are candidate EDW attributes and should be refined after testing.,False,red,,4.0,,Audited load: heavy (10/10 tests loaded; median 2.37 sec; p90 4.08 sec; max features 2000; cap rate 80%).,BRIM load audit 2026-07,10.0,1.0,2.36763334274292,4.07758724689484,4.79485392570496,0.8
California DOC / DMR,Abandoned Mine Lands,Mines / AML,Energy / Minerals,50,Mines / AML,10,EXT114,CA mapped abandoned mine features,external,feature,https://services2.arcgis.com/zr3KAIbsRSUyARHG/ArcGIS/rest/services/Mapped_Abandoned_Mine_Features/FeatureServer/0,True,True,0.92,"California DOC/District Mine Reclamation mapped AML feature layer. Locations are obfuscated/generalized and incomplete; use only as screening context, not a site-specific inventory or safety determination.",https://www.conservation.ca.gov/dmr/abandoned_mine_lands,California,Screening only. DOC notes that features are obfuscated to protect people/wildlife and that known features are not comprehensive.,730,current_view,,Mapped mine feature layer. Zoom to an area of interest and use current-view loading; do not interpret locations as exact.,,7.0,,"DOC public AML service exposes a limited/obfuscated screening layer; BRIM colors by the source Status field with distinct Potential, Inventoried, and Remediated colors.",Status,Status=AML status,,,,Status,Status=AML status,Status,,,,Status,*,Screening for possible AML/mining context near a project area.,"High-value BLM/resource-screening context, but only with strong caveats.",Status,Status,aml_status,,AML feature status,,Service exposes only a limited Status field plus OBJECTID. Keep caveat text prominent; do not imply precision or completeness.,False,red,,4.0,,Audited load: heavy (0/10 tests loaded; median n/a; p90 n/a; max features n/a).,BRIM load audit 2026-07,10.0,0.0,,,,0.0
California DOC / CalGEM,WellSTAR notices / permits,Permitting,Energy / Minerals,50,Permitting,20,EXT119,CalGEM notices | submitted NOI,external,map,https://gis.conservation.ca.gov/server/rest/services/WellSTAR/Notices/MapServer/0,True,True,0.72,Submitted Notice of Intention layer from CalGEM WellSTAR Notices.,https://maps.conservation.ca.gov/doggr/,California,CalGEM WellSTAR notice/permit screening context. Use the official CalGEM map/application for record details and current regulatory status.,700,visual,,"Server-rendered CalGEM notice/permit layer. If blank, check the official CalGEM map or zoom to a known oil/gas/geothermal area.",,,https://gis.conservation.ca.gov/server/rest/services/WellSTAR/Notices/MapServer/legend,Official CalGEM/ArcGIS service legend.,LeaseName;NoticeType;NoticeStatus;WellTypeLabel;OperatorName;FieldName;SubmittedDate;OBJECTID,LeaseName=Lease;NoticeType=Notice type;NoticeStatus=Notice status;WellTypeLabel=Well type;OperatorName=Operator;FieldName=Field;SubmittedDate=Submitted;OBJECTID=Object ID,,,,NoticeType;NoticeStatus;OperatorName;FieldName,NoticeType=Notice;NoticeStatus=Status;OperatorName=Operator;FieldName=Field,NoticeType,,,,,*,,,,,official_mapserver_renderer,,,,,False,green,,1.0,,Audited load: fast (10/10 tests loaded; median 0.09 sec; p90 0.26 sec; max features n/a).,BRIM load audit 2026-07,10.0,1.0,0.0872790813446045,0.257381558418273,1.43701601028442,0.0
California DOC / CalGEM,WellSTAR notices / permits,Permitting,Energy / Minerals,50,Permitting,20,EXT120,CalGEM notices | approved NOI / permit,external,map,https://gis.conservation.ca.gov/server/rest/services/WellSTAR/Notices/MapServer/1,True,True,0.72,Approved Notice of Intention/Permit layer from CalGEM WellSTAR Notices.,https://maps.conservation.ca.gov/doggr/,California,CalGEM WellSTAR notice/permit screening context. Use the official CalGEM map/application for record details and current regulatory status.,701,visual,,"Server-rendered CalGEM notice/permit layer. If blank, check the official CalGEM map or zoom to a known oil/gas/geothermal area.",,,https://gis.conservation.ca.gov/server/rest/services/WellSTAR/Notices/MapServer/legend,Official CalGEM/ArcGIS service legend.,LeaseName;NoticeType;NoticeStatus;WellTypeLabel;OperatorName;FieldName;SubmittedDate;OBJECTID,LeaseName=Lease;NoticeType=Notice type;NoticeStatus=Notice status;WellTypeLabel=Well type;OperatorName=Operator;FieldName=Field;SubmittedDate=Submitted;OBJECTID=Object ID,,,,NoticeType;NoticeStatus;OperatorName;FieldName,NoticeType=Notice;NoticeStatus=Status;OperatorName=Operator;FieldName=Field,NoticeType,,,,,*,,,,,official_mapserver_renderer,,,,,False,green,,1.0,,Audited load: fast (10/10 tests loaded; median 0.11 sec; p90 0.37 sec; max features n/a).,BRIM load audit 2026-07,10.0,1.0,0.111603021621704,0.371134734153748,0.383255958557129,0.0
California DOC / CalGEM,WellSTAR notices / permits,Permitting,Energy / Minerals,50,Permitting,20,EXT121,CalGEM well stimulation permits,external,map,https://gis.conservation.ca.gov/server/rest/services/WellSTAR/Notices/MapServer/3,True,True,0.72,Well stimulation permit layer from CalGEM WellSTAR Notices.,https://maps.conservation.ca.gov/doggr/,California,CalGEM WellSTAR notice/permit screening context. Use the official CalGEM map/application for record details and current regulatory status.,702,visual,,"Server-rendered CalGEM notice/permit layer. If blank, check the official CalGEM map or zoom to a known oil/gas/geothermal area.",,,https://gis.conservation.ca.gov/server/rest/services/WellSTAR/Notices/MapServer/legend,Official CalGEM/ArcGIS service legend.,LeaseName;NoticeType;NoticeStatus;WellTypeLabel;OperatorName;FieldName;SubmittedDate;OBJECTID,LeaseName=Lease;NoticeType=Notice type;NoticeStatus=Notice status;WellTypeLabel=Well type;OperatorName=Operator;FieldName=Field;SubmittedDate=Submitted;OBJECTID=Object ID,,,,NoticeType;NoticeStatus;OperatorName;FieldName,NoticeType=Notice;NoticeStatus=Status;OperatorName=Operator;FieldName=Field,NoticeType,,,,,*,,,,,official_mapserver_renderer,,,,,False,green,,1.0,,Audited load: fast (10/10 tests loaded; median 0.08 sec; p90 0.1 sec; max features n/a).,BRIM load audit 2026-07,10.0,1.0,0.0847309827804565,0.102087783813477,0.120689868927002,0.0
BLM California,Renewable energy ROW,Rnwble ROW,Energy / Minerals,50,Rnwble ROW,30,EXT138,BLM renewable energy ROW | preliminary,external,feature,https://gis.blm.gov/caarcgis/rest/services/RenewableEnergy/BLM_CA_Renewable_Energy_Projects/FeatureServer/1,True,True,0.5,"Preliminary renewable-energy ROW/project polygons from BLM California. BLM notes that these data are dynamic and may contain errors or omissions; use for screening, not legal determination.",https://gbp-blm-egis.hub.arcgis.com/datasets/BLM-EGIS::blm-ca-renewable-energy-projects/about?layer=0,California,"Screen renewable-energy context near BLM lands, DRECP areas, and infrastructure.",B,current_view,,Renewable-energy polygon layer; load at project/local scale for best performance.,,6.0,,,ProjectName;SerialNumber;Disposition;CaseType;Commodity;ProjectType;ApplicationDate;EffectiveDate;ExpirationDate;ProjectAcres;BLMAcres;DataSource,Project;Serial number;Disposition;Case type;Commodity;Project type;Application date;Effective date;Expiration date;Project acres;BLM acres;Data source,,,,ProjectName;Disposition;Commodity;ProjectAcres;BLMAcres,Project;Disposition;Commodity;Project acres;BLM acres,ProjectName,,,,,*,BLM renewable-energy ROW/project screening context.,yes,,Commodity,category,,Renewable energy commodity,,Provider renderer uses Commodity; future BRIM style could separate solar/wind.,,green,,1.0,,Audited load: fast (10/10 tests loaded; median 0.14 sec; p90 0.22 sec; max features 11).,BRIM load audit 2026-07,10.0,1.0,0.144423007965088,0.215956711769104,0.387862920761108,0.0
BLM California,Renewable energy ROW,Rnwble ROW,Energy / Minerals,50,Rnwble ROW,30,EXT137,BLM renewable energy ROW | verified,external,feature,https://gis.blm.gov/caarcgis/rest/services/RenewableEnergy/BLM_CA_Renewable_Energy_Projects/FeatureServer/0,True,True,0.5,"Verified renewable-energy ROW/project polygons from BLM California. BLM notes that these data are dynamic and may contain errors or omissions; use for screening, not legal determination.",https://gbp-blm-egis.hub.arcgis.com/datasets/BLM-EGIS::blm-ca-renewable-energy-projects/about?layer=0,California,"Screen renewable-energy context near BLM lands, DRECP areas, and infrastructure.",B,current_view,,Renewable-energy polygon layer; load at project/local scale for best performance.,,6.0,,,ProjectName;SerialNumber;Disposition;CaseType;Commodity;ProjectType;ApplicationDate;EffectiveDate;ExpirationDate;ProjectAcres;BLMAcres;DataSource,Project;Serial number;Disposition;Case type;Commodity;Project type;Application date;Effective date;Expiration date;Project acres;BLM acres;Data source,,,,ProjectName;Disposition;Commodity;ProjectAcres;BLMAcres,Project;Disposition;Commodity;Project acres;BLM acres,ProjectName,,,,,*,BLM renewable-energy ROW/project screening context.,yes,,Commodity,category,,Renewable energy commodity,,Provider renderer uses Commodity; future BRIM style could separate solar/wind.,,green,,1.0,,Audited load: fast (10/10 tests loaded; median 0.18 sec; p90 0.23 sec; max features 46).,BRIM load audit 2026-07,10.0,1.0,0.177636027336121,0.231608152389526,0.237890958786011,0.0
BLM,MLRS,Energy / Minerals,Energy / Minerals,50,BLM MLRS / mineral cases,40,EXT145,Mining claims | BLM MLRS | active,external,map,https://gis.blm.gov/nlsdb/rest/services/Mining_Claims/MiningClaims/MapServer/1,True,True,0.26,"MLRS is BLM's current Mineral & Land Records System; LR2000 is the older legacy system often referenced in older docs/metadata. This layer shows BLM mineral case/claim/lease geometry only; it is not mineral estate ownership or split-estate mapping. Many geometries are derived from legal land descriptions / PLSS and are screening-level, not survey-grade boundaries. BRIM symbology: fill color shows case disposition/status (for example filed/authorized, pending/interim, closed); outline color distinguishes mineral program / record type. Long data-quality strings are available in returned attributes rather than hover cards.",https://gis.blm.gov/nlsdb/rest/services/Mining_Claims/MiningClaims/MapServer,National; use at local/project scale,"Active mining-claim case geometry for screening. Not mineral estate ownership, split-estate mapping, or survey-grade claim boundaries.",710,current_view,,Dense national MLRS layer. Zoom to a project/local area before loading current map view.,,8.0,https://gis.blm.gov/nlsdb/rest/services/Mining_Claims/MiningClaims/MapServer/legend,BLM service-rendered legend available. BRIM current-view query uses BRIM feature styling for interactive hover/popup.,CSE_NAME;CSE_NR;LEG_CSE_NR;CSE_DISP;CMMDTY;RCRD_ACRS;SRC,Case name;Case serial;Legacy serial;Case status;Commodity;Case acres;Source,https://reports.blm.gov/reports/mlrs||https://www.blm.gov/services/land-records/mlrs,MLRS reports||About MLRS,,CSE_NAME;CSE_NR;CSE_DISP;CMMDTY;RCRD_ACRS,Case name;Case serial;Status;Commodity;Acres,CSE_NAME,,RCRD_ACRS,,,*,Screen active mining-claim case geometry near an area of interest.,yes,CSE_DISP;CMMDTY;QLTY,CSE_DISP,mlrs_case_status,case disposition,MLRS case disposition / status,fill = disposition; outline = mineral program / record type,First-cut MLRS field curation. Verify exact field availability from service responses during QA.,,red,,4.0,,Audited load: heavy (4/10 tests loaded; median 4.08 sec; p90 6.32 sec; max features 2000; cap rate 75%).,BRIM load audit 2026-07,10.0,0.4,4.08263099193573,6.31842479705811,6.9945240020752,0.75
BLM,MLRS,Energy / Minerals,Energy / Minerals,50,BLM MLRS / mineral cases,40,EXT146,Mining claims | BLM MLRS | closed / inactive,external,map,https://gis.blm.gov/nlsdb/rest/services/Mining_Claims/MiningClaims/MapServer/2,True,True,0.18,"MLRS is BLM's current Mineral & Land Records System; LR2000 is the older legacy system often referenced in older docs/metadata. This layer shows BLM mineral case/claim/lease geometry only; it is not mineral estate ownership or split-estate mapping. Many geometries are derived from legal land descriptions / PLSS and are screening-level, not survey-grade boundaries. Closed/inactive claims can be very dense; use only when needed. BRIM symbology: fill color shows case disposition/status (for example filed/authorized, pending/interim, closed); outline color distinguishes mineral program / record type. Long data-quality strings are available in returned attributes rather than hover cards.",https://gis.blm.gov/nlsdb/rest/services/Mining_Claims/MiningClaims/MapServer,National; use at local/project scale,Closed/inactive mining-claim case geometry for historical/screening context. This layer can be dense and should usually stay off unless needed.,711,current_view,,Very dense national MLRS layer. Zoom to a small project/local area before loading current map view.,,9.0,https://gis.blm.gov/nlsdb/rest/services/Mining_Claims/MiningClaims/MapServer/legend,BLM service-rendered legend available. BRIM current-view query uses BRIM feature styling for interactive hover/popup.,CSE_NAME;CSE_NR;LEG_CSE_NR;CSE_DISP;CMMDTY;RCRD_ACRS;SRC,Case name;Case serial;Legacy serial;Case status;Commodity;Case acres;Source,https://reports.blm.gov/reports/mlrs||https://www.blm.gov/services/land-records/mlrs,MLRS reports||About MLRS,,CSE_NAME;CSE_NR;CSE_DISP;CMMDTY;RCRD_ACRS,Case name;Case serial;Status;Commodity;Acres,CSE_NAME,,RCRD_ACRS,,,*,Screen closed/inactive mining-claim case geometry only where needed.,yes,CSE_DISP;CMMDTY;QLTY,CSE_DISP,mlrs_case_status,case disposition,MLRS case disposition / status,fill = disposition; outline = mineral program / record type,First-cut MLRS field curation. Verify exact field availability from service responses during QA.,,red,,4.0,,Audited load: heavy (7/10 tests loaded; median 5.84 sec; p90 10.57 sec; max features 2000; cap rate 71%).,BRIM load audit 2026-07,10.0,0.7,5.84447288513184,10.5698461055756,11.6661810874939,0.714285714285714
BLM,MLRS,Energy / Minerals,Energy / Minerals,50,BLM MLRS / mineral cases,40,EXT147,Oil & gas leases | BLM MLRS,external,feature,https://gis.blm.gov/nlsdb/rest/services/HUB/BLM_Natl_MLRS_Oil_and_Gas_Leases/FeatureServer/0,True,True,0.24,"MLRS is BLM's current Mineral & Land Records System; LR2000 is the older legacy system often referenced in older docs/metadata. This layer shows BLM mineral case/claim/lease geometry only; it is not mineral estate ownership or split-estate mapping. Many geometries are derived from legal land descriptions / PLSS and are screening-level, not survey-grade boundaries. BRIM symbology: fill color shows case disposition/status (for example filed/authorized, pending/interim, closed); outline color distinguishes mineral program / record type. Long data-quality strings are available in returned attributes rather than hover cards.",https://gis.blm.gov/nlsdb/rest/services/HUB/BLM_Natl_MLRS_Oil_and_Gas_Leases/FeatureServer/0,National; use at local/project scale,BLM oil and gas lease case geometry for screening. Not mineral estate ownership or split-estate mapping.,712,current_view,,National MLRS lease layer. Zoom to a project/local area before loading current map view.,,6.0,,BRIM applies categorical colors by case disposition for readability; colors are not official BLM symbology.,CSE_NAME;CSE_NR;LEG_CSE_NR;CSE_DISP;BLM_PROD;CMMDTY;PRDCNG;EFF_DT;EXP_DT;RCRD_ACRS;SRC,Case name;Case serial;Legacy serial;Case status;BLM product;Commodity;Production status;Effective date;Expiration date;Case acres;Source,https://reports.blm.gov/reports/mlrs||https://www.blm.gov/services/land-records/mlrs,MLRS reports||About MLRS,,CSE_NAME;CSE_NR;CSE_DISP;CMMDTY;RCRD_ACRS;EFF_DT,Case name;Case serial;Status;Commodity;Acres;Effective,CSE_NAME,,RCRD_ACRS,,,*,Screen BLM oil and gas lease cases near an area of interest.,yes,CSE_DISP;BLM_PROD;CMMDTY;PRDCNG,CSE_DISP,mlrs_case_status,case disposition,MLRS case disposition / status,fill = disposition; outline = mineral program / record type,First-cut MLRS field curation. Verify exact field availability from service responses during QA.,,red,,4.0,,Audited load: heavy (10/10 tests loaded; median 0.58 sec; p90 1.45 sec; max features 2000; cap rate 40%).,BRIM load audit 2026-07,10.0,1.0,0.583677530288696,1.44599900245666,1.98867297172546,0.4
BLM,MLRS,Energy / Minerals,Energy / Minerals,50,BLM MLRS / mineral cases,40,EXT148,Geothermal leases | BLM MLRS,external,feature,https://gis.blm.gov/nlsdb/rest/services/HUB/BLM_Natl_MLRS_Geothermal_Leases/FeatureServer/0,True,True,0.24,"MLRS is BLM's current Mineral & Land Records System; LR2000 is the older legacy system often referenced in older docs/metadata. This layer shows BLM mineral case/claim/lease geometry only; it is not mineral estate ownership or split-estate mapping. Many geometries are derived from legal land descriptions / PLSS and are screening-level, not survey-grade boundaries. BRIM symbology: fill color shows case disposition/status (for example filed/authorized, pending/interim, closed); outline color distinguishes mineral program / record type. Long data-quality strings are available in returned attributes rather than hover cards.",https://gis.blm.gov/nlsdb/rest/services/HUB/BLM_Natl_MLRS_Geothermal_Leases/FeatureServer/0,National; use at local/project scale,BLM geothermal lease case geometry for screening. Not mineral estate ownership or split-estate mapping.,713,current_view,,National MLRS geothermal lease layer. Zoom to a project/local area before loading current map view.,,6.0,,BRIM applies categorical colors by case disposition for readability; colors are not official BLM symbology.,CSE_NAME;CSE_NR;LEG_CSE_NR;CSE_DISP;BLM_PROD;CMMDTY;PRDCNG;EFF_DT;EXP_DT;RCRD_ACRS;SRC,Case name;Case serial;Legacy serial;Case status;BLM product;Commodity;Production status;Effective date;Expiration date;Case acres;Source,https://reports.blm.gov/reports/mlrs||https://www.blm.gov/services/land-records/mlrs,MLRS reports||About MLRS,,CSE_NAME;CSE_NR;CSE_DISP;CMMDTY;RCRD_ACRS;EFF_DT,Case name;Case serial;Status;Commodity;Acres;Effective,CSE_NAME,,RCRD_ACRS,,,*,Screen BLM geothermal lease cases near an area of interest.,yes,CSE_DISP;BLM_PROD;CMMDTY;PRDCNG,CSE_DISP,mlrs_case_status,case disposition,MLRS case disposition / status,fill = disposition; outline = mineral program / record type,First-cut MLRS field curation. Verify exact field availability from service responses during QA.,,red,,4.0,,Audited load: heavy (10/10 tests loaded; median 0.69 sec; p90 0.89 sec; max features 2000; cap rate 20%).,BRIM load audit 2026-07,10.0,1.0,0.692390441894531,0.891511845588684,1.31712198257446,0.2
BLM,MLRS,Energy / Minerals,Energy / Minerals,50,BLM MLRS / mineral cases,40,EXT149,Locatable notices / plans | BLM MLRS,external,feature,https://gis.blm.gov/nlsdb/rest/services/HUB/BLM_Natl_MLRS_Locatable_Notices/FeatureServer/0,True,True,0.3,"MLRS is BLM's current Mineral & Land Records System; LR2000 is the older legacy system often referenced in older docs/metadata. This layer shows BLM mineral case/claim/lease geometry only; it is not mineral estate ownership or split-estate mapping. Many geometries are derived from legal land descriptions / PLSS and are screening-level, not survey-grade boundaries. BRIM symbology: fill color shows case disposition/status (for example filed/authorized, pending/interim, closed); outline color distinguishes mineral program / record type. Long data-quality strings are available in returned attributes rather than hover cards.",https://gis.blm.gov/nlsdb/rest/services/HUB/BLM_Natl_MLRS_Locatable_Notices/FeatureServer/0,National; use at local/project scale,BLM locatable-minerals notice/plan case geometry for screening. Not mineral estate ownership or split-estate mapping.,714,current_view,,National MLRS locatable notice/plan layer. Zoom to a project/local area before loading current map view.,,7.0,,BRIM applies categorical colors by case disposition for readability; colors are not official BLM symbology.,CSE_NAME;CSE_NR;LEG_CSE_NR;CSE_DISP;BLM_PROD;CMMDTY;PRDCNG;EFF_DT;EXP_DT;RCRD_ACRS;SRC,Case name;Case serial;Legacy serial;Case status;BLM product;Commodity;Production status;Effective date;Expiration date;Case acres;Source,https://reports.blm.gov/reports/mlrs||https://www.blm.gov/services/land-records/mlrs,MLRS reports||About MLRS,,CSE_NAME;CSE_NR;CSE_DISP;CMMDTY;RCRD_ACRS;EFF_DT,Case name;Case serial;Status;Commodity;Acres;Effective,CSE_NAME,,RCRD_ACRS,,,*,Screen BLM locatable mineral notices/plans near an area of interest.,yes,CSE_DISP;BLM_PROD;CMMDTY,CSE_DISP,mlrs_case_status,case disposition,MLRS case disposition / status,fill = disposition; outline = mineral program / record type,First-cut MLRS field curation. Verify exact field availability from service responses during QA.,,yellow,,2.0,,Audited load: moderate (10/10 tests loaded; median 0.61 sec; p90 0.72 sec; max features 623).,BRIM load audit 2026-07,10.0,1.0,0.609992623329163,0.721634912490845,0.936463117599487,0.0
BLM,MLRS,Energy / Minerals,Energy / Minerals,50,BLM MLRS / mineral cases,40,EXT150,Saleable materials | BLM MLRS,external,feature,https://gis.blm.gov/nlsdb/rest/services/HUB/BLM_Natl_MLRS_Mineral_Materials/FeatureServer/0,True,True,0.24,"MLRS is BLM's current Mineral & Land Records System; LR2000 is the older legacy system often referenced in older docs/metadata. This layer shows BLM mineral case/claim/lease geometry only; it is not mineral estate ownership or split-estate mapping. Many geometries are derived from legal land descriptions / PLSS and are screening-level, not survey-grade boundaries. BRIM symbology: fill color shows case disposition/status (for example filed/authorized, pending/interim, closed); outline color distinguishes mineral program / record type. Long data-quality strings are available in returned attributes rather than hover cards.",https://gis.blm.gov/nlsdb/rest/services/HUB/BLM_Natl_MLRS_Mineral_Materials/FeatureServer/0,National; use at local/project scale,BLM saleable materials case geometry for screening. Not mineral estate ownership or split-estate mapping.,715,current_view,,National MLRS mineral materials layer. Zoom to a project/local area before loading current map view.,,7.0,,BRIM applies categorical colors by case disposition for readability; colors are not official BLM symbology.,CSE_NAME;CSE_NR;LEG_CSE_NR;CSE_DISP;BLM_PROD;CMMDTY;PRDCNG;EFF_DT;EXP_DT;RCRD_ACRS;SRC,Case name;Case serial;Legacy serial;Case status;BLM product;Commodity;Production status;Effective date;Expiration date;Case acres;Source,https://reports.blm.gov/reports/mlrs||https://www.blm.gov/services/land-records/mlrs,MLRS reports||About MLRS,,CSE_NAME;CSE_NR;CSE_DISP;CMMDTY;RCRD_ACRS;EFF_DT,Case name;Case serial;Status;Commodity;Acres;Effective,CSE_NAME,,RCRD_ACRS,,,*,Screen BLM saleable materials case geometry near an area of interest.,yes,CSE_DISP;BLM_PROD;CMMDTY,CSE_DISP,mlrs_case_status,case disposition,MLRS case disposition / status,fill = disposition; outline = mineral program / record type,First-cut MLRS field curation. Verify exact field availability from service responses during QA.,,red,,4.0,,Audited load: heavy (10/10 tests loaded; median 0.61 sec; p90 0.92 sec; max features 2000; cap rate 40%).,BRIM load audit 2026-07,10.0,1.0,0.6102294921875,0.916995978355408,1.00249600410461,0.4
ALERTCalifornia / UC San Diego,ALERTCalifornia,Cameras,Fire / cameras,50,Cameras,20,EXT010,ALERTCalifornia Cameras,ops_live,feature,https://services8.arcgis.com/X84q166Srnyl4JMV/ArcGIS/rest/services/ALERTCalifornia_Camera_Feed/FeatureServer/0,True,True,0.85,Live ALERTCalifornia camera locations. Direction arrows use the source pan/heading field when available; online/offline status comes from the source service.,https://alertcalifornia.org/,California and nearby ALERTCalifornia network coverage,"Live-observation context for wildfire, smoke, weather, and field situational awareness. Camera direction, online status, and images may change frequently; open the ALERTCalifornia viewer for live imagery and terms of use.",118,current_view,,"Camera points are a live observation layer. For statewide use, loading is usually manageable; for field use, zoom to your area of interest and use Refresh current view.",,5.0,,,cameraName;isOnline;county;organization;positionPan;positionTilt;viewTime,cameraName=Camera;isOnline=Status;county=County;organization=Organization;positionPan=Direction;positionTilt=Tilt;viewTime=Source view time,{cameraURL_raw}||https://cameras.alertcalifornia.org/?id={cameraName},Open ALERTCalifornia camera viewer||Open ALERTCalifornia camera viewer,,cameraName;isOnline;positionPan;viewTime,cameraName=Camera;isOnline=Status;positionPan=Direction;viewTime=View time,cameraName,cameraName,,,cameraName,,Wildfire/smoke/weather situational awareness; quick access to live camera imagery and camera orientation.,Directional online/offline camera points with popup links and image thumbnails when the service provides imageURL.,isOnline;positionPan;cameraName,isOnline,alert_camera_direction_online_status,online/offline plus direction degrees,ALERTCalifornia camera direction and online status,direction_arrow,"Uses cameraName, isOnline, positionPan, viewTime, cameraURL, and imageURL from the ALERTCalifornia Camera Feed FeatureServer. BRIM groups co-located camera views into one clickable map site and links thumbnails to the source camera viewer.",False,,,,,,,,,,,,
ALERTCalifornia / UC San Diego,ALERTCalifornia,Cameras,Fire / cameras,50,Cameras,20,EXT012,ALERTCalifornia Camera Viewsheds,ops_live,feature,https://services8.arcgis.com/X84q166Srnyl4JMV/ArcGIS/rest/services/ALERTCalifornia_Camera_Feed/FeatureServer/1,True,True,0.35,Source-provided camera viewshed polygons. Use with ALERTCalifornia Cameras to interpret what each camera may see.,https://alertcalifornia.org/,California and nearby ALERTCalifornia network coverage,Viewsheds are useful context for camera coverage and line-of-sight screening. They are source-provided operational polygons and should not be treated as exact field visibility limits.,119,current_view,,Viewshed polygons can be heavier than camera points. Zoom to an area of interest before loading or refreshing.,,6.0,,,cameraName;isOnline;organization;positionPan;positionTilt;viewTime;elevation_m;aboveGroundLevel_m,cameraName=Camera;isOnline=Status;organization=Organization;positionPan=Direction;positionTilt=Tilt;viewTime=Source view time;elevation_m=Elevation;aboveGroundLevel_m=Camera height AGL,{cameraURL_raw}||https://cameras.alertcalifornia.org/?id={cameraName},Open ALERTCalifornia camera viewer||Open ALERTCalifornia camera viewer,,cameraName;isOnline;positionPan,cameraName=Camera;isOnline=Status;positionPan=Direction,cameraName,cameraName,,,cameraName,,"Camera coverage/line-of-sight context for wildfire, smoke, and field situational awareness.",Translucent camera viewshed polygons paired with directional camera points.,isOnline;positionPan;cameraName,isOnline,alert_camera_viewshed,viewshed polygon,ALERTCalifornia camera viewsheds,viewshed,Uses ALERTCalifornia Camera Feed viewshed FeatureServer layer 1. Pair with camera point layer 0 for direction and popup thumbnails.,False,,,,,,,,,,,,
CAL FIRE / FRAP,Fire and Resource Assessment Program,Burn Areas,Fire / Burn Areas,60,Fire perimeters,10,EXT070,CAL FIRE Recent Large Fire Perimeters,external,feature,https://services1.arcgis.com/jUJYIo9tSA7EHvfZ/arcgis/rest/services/California_Historic_Fire_Perimeters/FeatureServer/1,True,True,0.5,Recent large California fire-perimeter/burn-scar context from CAL FIRE FRAP. Current-view snapshot; zoom in first. Public service can take 30+ seconds or return blank at broad extents. Use source dates and CAL FIRE cautions before statistics/reporting.,https://www.fire.ca.gov/what-we-do/fire-resource-assessment-program/fire-perimeters,California,Recent large California fire-perimeter/burn-scar context from CAL FIRE FRAP. Use Refresh current view after panning/zooming and verify source dates before reporting.,230,current_view,,Current-view recent large-fire perimeter snapshot. Zoom in first; public service can take 30+ seconds or return blank at broad extents. Refresh current view after panning/zooming.,,6,,Generic PT2 external-layer styling is used for now. Future attribute styling should color by YEAR_.,FIRE_NAME;YEAR_;GIS_ACRES;AGENCY;UNIT_ID;ALARM_DATE;CONT_DATE;CAUSE;IRWINID;COMPLEX_NAME,FIRE_NAME=Fire name;YEAR_=Year;GIS_ACRES=GIS acres;AGENCY=Agency;UNIT_ID=Unit;ALARM_DATE=Alarm date;CONT_DATE=Containment date;CAUSE=Cause;IRWINID=IRWIN ID;COMPLEX_NAME=Complex,https://www.fire.ca.gov/what-we-do/fire-resource-assessment-program/fire-perimeters,Open CAL FIRE FRAP fire perimeters,,FIRE_NAME;YEAR_;GIS_ACRES,FIRE_NAME=Fire;YEAR_=Year;GIS_ACRES=Acres,FIRE_NAME,,GIS_ACRES,,FIRE_NAME,,"Recent large burn-scar/perimeter screening near project areas, watersheds, gages, infrastructure, and post-fire hydrologic-risk context.","Recent burn scars, post-fire runoff/debris-flow context, burned watershed screening.",YEAR_;GIS_ACRES;AGENCY,YEAR_,categorical,year,Fire year,categorical,YEAR_ and GIS_ACRES are the likely first styling fields once external attribute styling is implemented.,,red,red,4.0,4,Audited load: heavy (10/10 tests loaded; median 1.68 sec; p90 7.32 sec; max features 83).,BRIM load audit 2026-07,10.0,1.0,1.68170964717865,7.3169508934021,13.2559869289398,0.0
CAL FIRE / FRAP,Fire and Resource Assessment Program,Burn Areas,Fire / Burn Areas,60,Fire perimeters,10,EXT072,CAL FIRE Fire Perimeters — All,external,feature,https://services1.arcgis.com/jUJYIo9tSA7EHvfZ/arcgis/rest/services/California_Historic_Fire_Perimeters/FeatureServer/0,True,True,0.42,"Full California historical fire perimeter layer from CAL FIRE FRAP, covering fires back to 1878 where mapped/available.",https://www.fire.ca.gov/what-we-do/fire-resource-assessment-program/fire-perimeters,California,Large historical layer. Use after zooming to a project area or basin; statewide current-view queries may hit service limits. CAL FIRE cautions that the database is incomplete and should be used carefully for statistical conclusions.,231,current_view,,Full historical fire perimeters can be heavy. Zoom in before adding or refreshing; use the Recent Large Fire Perimeters layer for faster statewide screening.,,8.0,,"Generic PT2 external-layer styling is used for now. Future attribute styling should color by YEAR_, DECADES, or GIS_ACRES.",FIRE_NAME;YEAR_;GIS_ACRES;AGENCY;UNIT_ID;ALARM_DATE;CONT_DATE;CAUSE;IRWINID;COMPLEX_NAME;DECADES,FIRE_NAME=Fire name;YEAR_=Year;GIS_ACRES=GIS acres;AGENCY=Agency;UNIT_ID=Unit;ALARM_DATE=Alarm date;CONT_DATE=Containment date;CAUSE=Cause;IRWINID=IRWIN ID;COMPLEX_NAME=Complex;DECADES=Decade,,,,FIRE_NAME;YEAR_;GIS_ACRES,FIRE_NAME=Fire;YEAR_=Year;GIS_ACRES=Acres,FIRE_NAME,,GIS_ACRES,,FIRE_NAME,,Detailed historical fire-perimeter context after zooming to a local area.,"Historical burn scars, repeated-fire context, watershed fire history.",YEAR_;DECADES;GIS_ACRES;AGENCY,YEAR_,categorical,year,Fire year,categorical,Large layer; current-view loading is intentionally used. YEAR_ and DECADES are likely styling fields once external attribute styling is implemented.,,red,,4.0,,Audited load: heavy (8/10 tests loaded; median 7 sec; p90 12.27 sec; max features 2000; cap rate 75%).,BRIM load audit 2026-07,10.0,0.8,6.99526596069336,12.2709644317627,14.2303841114044,0.75
NIFC / WFIGS,Wildland Fire Interagency Geospatial Services,Fire / active incidents,Fire / Burn Areas,60,Fire perimeters,10,EXT074,NIFC Current Wildfire Perimeters,external,feature,https://services3.arcgis.com/T4QMspbfLg3qTGWY/arcgis/rest/services/WFIGS_Interagency_Perimeters_Current/FeatureServer/0,True,True,0.58,Current-view interagency wildfire/complex perimeter snapshot. Perimeters are operational and incomplete; refresh after panning/zooming and check source dates. BRIM filters to wildfire/complex records where the service supports SQL.,https://data-nifc.opendata.arcgis.com/datasets/nifc::wfigs-current-interagency-fire-perimeters/about,United States,Operational current wildfire/complex perimeter context. Not every active fire has a perimeter; use source date fields and Refresh current view after panning/zooming.,232,current_view,"attr_IncidentTypeCategory IN ('WF','CX')",Current-view interagency wildfire/complex perimeter snapshot. Zoom to the region of interest first; perimeters are operational and incomplete. Refresh current view after panning/zooming and check source dates.,,5,,BRIM styles WFIGS current wildfire/complex perimeters as bright red. Prescribed-fire perimeters are filtered out of this Ops row.,poly_IncidentName;attr_IncidentName;attr_IncidentTypeCategory;poly_GISAcres;poly_Acres_AutoCalc;attr_IncidentSize;attr_PercentContained;poly_PolygonDateTime;poly_DateCurrent;attr_FireDiscoveryDateTime;attr_POOState;attr_POOCounty;attr_FireCauseGeneral;poly_IRWINID;attr_IrwinID,poly_IncidentName=Perimeter incident;attr_IncidentName=Incident name;attr_IncidentTypeCategory=Type;poly_GISAcres=GIS acres;poly_Acres_AutoCalc=Auto acres;attr_IncidentSize=Reported size;attr_PercentContained=Percent contained;poly_PolygonDateTime=Perimeter capture time;poly_DateCurrent=Perimeter current date;attr_FireDiscoveryDateTime=Discovery time;attr_POOState=State;attr_POOCounty=County;attr_FireCauseGeneral=Cause;poly_IRWINID=Perimeter IRWIN ID;attr_IrwinID=IRWIN ID,https://data-nifc.opendata.arcgis.com/datasets/nifc::wfigs-current-interagency-fire-perimeters/about,Open NIFC WFIGS source,,poly_IncidentName;attr_IncidentTypeCategory;poly_GISAcres;attr_PercentContained,poly_IncidentName=Incident;attr_IncidentTypeCategory=Type;poly_GISAcres=GIS acres;attr_PercentContained=Contained,poly_IncidentName,,poly_GISAcres;attr_IncidentSize;attr_PercentContained,,poly_IncidentName,,"Current wildfire perimeter context near watersheds, infrastructure, project areas, and operational weather/hydrology layers.","Active/current burn perimeter context, incident proximity, post-fire runoff/debris-flow awareness.",attr_IncidentTypeCategory;poly_GISAcres;attr_PercentContained,attr_IncidentTypeCategory,nifc_current_fire,incident type,NIFC current fire perimeter,BRIM-derived wildfire/complex perimeter style; not official source renderer.,"Curated current WFIGS wildfire/complex perimeter row. Popups favor incident name, type, acres, containment, source dates, and IDs. WHERE filter excludes prescribed-fire RX records to keep this Ops row wildfire-focused.",,,red,,4,,,,,,,,
USFS,RAVG,Post-fire vegetation condition,Fire / Burn Areas,60,Post-fire vegetation,10,USFS_RAVG_BASAL_AREA_CHANGE,RAVG post-fire vegetation | basal area change,external,image,https://imagery.geoplatform.gov/iipp/rest/services/Fire_Aviation/USFS_EDW_RAVG_BasalAreaPercentChange/ImageServer,False,False,0.7,RAVG basal-area percent-change image service.,https://burnseverity.cr.usgs.gov/products/ravg,CONUS / California where assessed,Provider-rendered RAVG raster. Use as post-fire vegetation-condition screening context; source colors/classes come from the RAVG ImageServer renderer.,40,visual,,,,,https://imagery.geoplatform.gov/iipp/rest/services/Fire_Aviation/USFS_EDW_RAVG_BasalAreaPercentChange/ImageServer/legend,Provider-rendered RAVG ImageServer; use the source legend for raster classes. BRIM does not yet generate a local raster legend for this visual overlay.,,,,,,,,,,,False,,,Screening post-fire vegetation condition and potential reforestation/resource concern areas.,,,,,,,,,False,orange,,3.0,,Audited load: slow (10/10 tests loaded; median 5.44 sec; p90 6.37 sec; max features n/a).,BRIM load audit 2026-07,10.0,1.0,5.44224536418915,6.37203569412231,6.66916608810425,0.0
USFS,RAVG,Post-fire vegetation condition,Fire / Burn Areas,60,Post-fire vegetation,10,USFS_RAVG_CANOPY_COVER_CHANGE,RAVG post-fire vegetation | canopy cover change,external,image,https://imagery.geoplatform.gov/iipp/rest/services/Fire_Aviation/USFS_EDW_RAVG_CanopyCoverPercentChange/ImageServer,False,False,0.7,RAVG canopy-cover percent-change image service.,https://burnseverity.cr.usgs.gov/products/ravg,CONUS / California where assessed,Provider-rendered RAVG raster. Use as post-fire vegetation-condition screening context; source colors/classes come from the RAVG ImageServer renderer.,40,visual,,,,,https://imagery.geoplatform.gov/iipp/rest/services/Fire_Aviation/USFS_EDW_RAVG_CanopyCoverPercentChange/ImageServer/legend,Provider-rendered RAVG ImageServer; use the source legend for raster classes. BRIM does not yet generate a local raster legend for this visual overlay.,,,,,,,,,,,False,,,Screening post-fire vegetation condition and potential reforestation/resource concern areas.,,,,,,,,,False,orange,,3.0,,Audited load: slow (10/10 tests loaded; median 5.65 sec; p90 6.72 sec; max features n/a).,BRIM load audit 2026-07,10.0,1.0,5.65169203281403,6.71848909854889,7.02409505844116,0.0
USFS,RAVG,Post-fire vegetation condition,Fire / Burn Areas,60,Post-fire vegetation,10,USFS_RAVG_COMPOSITE_BURN_INDEX,RAVG post-fire vegetation | composite burn index,external,image,https://imagery.geoplatform.gov/iipp/rest/services/Fire_Aviation/USFS_EDW_RAVG_CompositeBurnIndex/ImageServer,False,False,0.7,RAVG composite burn index image service.,https://burnseverity.cr.usgs.gov/products/ravg,CONUS / California where assessed,Provider-rendered RAVG raster. Use as post-fire vegetation-condition screening context; source colors/classes come from the RAVG ImageServer renderer.,40,visual,,,,,https://imagery.geoplatform.gov/iipp/rest/services/Fire_Aviation/USFS_EDW_RAVG_CompositeBurnIndex/ImageServer/legend,Provider-rendered RAVG ImageServer; use the source legend for raster classes. BRIM does not yet generate a local raster legend for this visual overlay.,,,,,,,,,,,False,,,Screening post-fire vegetation condition and potential reforestation/resource concern areas.,,,,,,,,,False,orange,,3.0,,Audited load: slow (10/10 tests loaded; median 4.43 sec; p90 6.21 sec; max features n/a).,BRIM load audit 2026-07,10.0,1.0,4.43089699745178,6.21112065315246,6.73384714126587,0.0
NASA / FIRMS / Esri Living Atlas,VIIRS thermal hotspots,Thermal hotspots,Fire / Burn Areas,60,Thermal hotspots,20,VIIRS_THERMAL_HOTSPOTS_7D,Thermal hotspots | VIIRS | last 7 days,external,feature,https://services9.arcgis.com/RHVPKKiFTONKtxq3/ArcGIS/rest/services/Satellite_VIIRS_Thermal_Hotspots_and_Fire_Activity/FeatureServer/0,True,True,0.82,VIIRS thermal hotspot/fire-activity points from public ArcGIS service. Good first active-fire screening layer.,https://services9.arcgis.com/RHVPKKiFTONKtxq3/ArcGIS/rest/services/Satellite_VIIRS_Thermal_Hotspots_and_Fire_Activity/FeatureServer/0,National / global service,Recent thermal-hotspot context for fire/smoke/hydrology screening.,220,current_view,,Recent hotspot point layer. Load current map view; broad extents may hit service caps during active fire periods.,5.0,5.0,,One-symbol BRIM screening overlay for first pass; source fields can support age/confidence styling later.,acq_date;acq_time;hours_old;satellite;instrument;confidence;frp;bright_ti4;bright_ti5;brightness;daynight;latitude;longitude,acq_date=Acquisition date;acq_time=Acquisition time;hours_old=Hours old;satellite=Satellite;instrument=Instrument;confidence=Confidence;frp=FRP;bright_ti4=Brightness I4;bright_ti5=Brightness I5;brightness=Brightness;daynight=Day/night;latitude=Latitude;longitude=Longitude,,,,acq_date;acq_time;confidence;frp;hours_old,acq_date=Date;acq_time=Time;confidence=Confidence;frp=FRP;hours_old=Hours old,acq_date,,,False,,,Recent thermal-hotspot context; active fire screening.,"Recent fire activity; smoke/fire context near watersheds, facilities, and BLM lands.",,,,,,,First-pass field curation uses common FIRMS/VIIRS attribute names; refine after field inspection if service differs.,False,yellow,,2.0,,Audited load: moderate (10/10 tests loaded; median 0.15 sec; p90 0.27 sec; max features 1109).,BRIM load audit 2026-07,10.0,1.0,0.152537703514099,0.269719624519348,0.430485010147095,0.0
NASA / FIRMS / Esri Living Atlas,MODIS thermal hotspots,Thermal hotspots,Fire / Burn Areas,60,Thermal hotspots,20,MODIS_THERMAL_HOTSPOTS_48H,Thermal hotspots | MODIS | last 48 hours,external,feature,https://services9.arcgis.com/RHVPKKiFTONKtxq3/arcgis/rest/services/MODIS_Thermal_v1/FeatureServer/0,True,True,0.82,MODIS thermal hotspot points. Included as a small companion to VIIRS; VIIRS remains the preferred first active-fire layer.,https://services9.arcgis.com/RHVPKKiFTONKtxq3/arcgis/rest/services/MODIS_Thermal_v1/FeatureServer/0,National / global service,Recent MODIS thermal-hotspot context.,221,current_view,,Recent hotspot point layer. Load current map view.,5.0,5.0,,One-symbol BRIM screening overlay for first pass.,acq_date;acq_time;satellite;confidence;frp;brightness;bright_t31;daynight;latitude;longitude,acq_date=Acquisition date;acq_time=Acquisition time;satellite=Satellite;confidence=Confidence;frp=FRP;brightness=Brightness;bright_t31=Brightness T31;daynight=Day/night;latitude=Latitude;longitude=Longitude,,,,acq_date;acq_time;confidence;frp,acq_date=Date;acq_time=Time;confidence=Confidence;frp=FRP,acq_date,,,False,,,Supplemental recent thermal-hotspot context.,Recent fire activity; lower priority than VIIRS.,,,,,,,First-pass field curation uses common FIRMS/MODIS attribute names; refine after field inspection if service differs.,False,green,,1.0,,Audited load: fast (10/10 tests loaded; median 0.11 sec; p90 0.18 sec; max features 21).,BRIM load audit 2026-07,10.0,1.0,0.112602472305298,0.18347897529602,0.532912015914917,0.0
USGS,Post-Fire Debris-Flow Hazard Assessment,Post-fire debris flow,Fire / Burn Areas,60,Post-fire debris flow,30,USGS_DEBRIS_FLOW_HAZARD_SEGMENTS,Debris-flow combined hazard | USGS segments,external,feature,https://services.arcgis.com/v01gqwM5QqNysAAi/ArcGIS/rest/services/USGS_Post_Fire_Hazard_Assessment_Data/FeatureServer/5,True,True,0.78,USGS post-fire debris-flow segment hazard layer. Coverage only exists for assessed burned areas.,https://services.arcgis.com/v01gqwM5QqNysAAi/ArcGIS/rest/services/USGS_Post_Fire_Hazard_Assessment_Data/FeatureServer/5,Assessed burned areas,"Post-fire debris-flow hazard screening near watersheds, roads, facilities, and BLM lands.",240,current_view,,Very large assessed-burn-area layer. Zoom in first; current-view loading may be capped in broad views.,10.0,10.0,,"USGS source bins: combined hazard, probability, and potential volume are modeled for a design rainstorm; verify definitions/units in USGS metadata.","fire_id,assessment_date,start_date,SCH_Legend,SP_Legend,SV_Legend,version","Fire ID,Assessment date,Fire start date,Combined hazard,Probability class,Potential volume class (source bin),Version",,,,"fire_id,SCH_Legend,SP_Legend,SV_Legend","Fire ID,Combined hazard,Probability class,Potential volume class",Fire_Name;FireName,Fire_Name;FireName,,False,Fire_Name,,Post-fire debris-flow screening where USGS has assessed burned areas.,Debris-flow hazard segment context; post-fire water/resource screening.,,SCH_Legend,categorical,,USGS combined debris-flow hazard class,,Field names are first-pass candidates and should be refined after inspecting returned attributes from this service layer.,False,red,,4.0,,Audited load: heavy (10/10 tests loaded; median 0.36 sec; p90 1.65 sec; max features 2000; cap rate 80%).,BRIM load audit 2026-07,10.0,1.0,0.361788034439087,1.6462858915329,2.18779706954956,0.8
USGS,Post-Fire Debris-Flow Hazard Assessment,Post-fire debris flow,Fire / Burn Areas,60,Post-fire debris flow,30,USGS_DEBRIS_FLOW_PROBABILITY_BASINS,Debris-flow probability | USGS basins,external,feature,https://services.arcgis.com/v01gqwM5QqNysAAi/ArcGIS/rest/services/USGS_Post_Fire_Hazard_Assessment_Data/FeatureServer/2,True,True,0.6,USGS post-fire debris-flow basin probability layer. Coverage only exists for assessed burned areas.,https://services.arcgis.com/v01gqwM5QqNysAAi/ArcGIS/rest/services/USGS_Post_Fire_Hazard_Assessment_Data/FeatureServer/2,Assessed burned areas,Post-fire debris-flow probability screening for basins near BLM and water-resource review areas.,241,current_view,,Large assessed-burn-area basin layer. Zoom in first; broad views may hit feature caps.,9.0,9.0,,"USGS source bins: probability, combined hazard, and potential volume are modeled for a design rainstorm; verify definitions/units in USGS metadata.","fire_id,assessment_date,start_date,BP_Legend,BCH_Legend,BV_Legend,version","Fire ID,Assessment date,Fire start date,Probability class,Combined hazard,Potential volume class (source bin),Version",,,,"fire_id,BP_Legend,BCH_Legend,BV_Legend","Fire ID,Probability class,Combined hazard,Potential volume class",Fire_Name;FireName,Fire_Name;FireName,,False,Fire_Name,,Post-fire debris-flow probability screening in assessed burned areas.,Debris-flow probability basin context; post-fire hydrology screening.,,BP_Legend,categorical,,USGS debris-flow probability class,,Field names are first-pass candidates and should be refined after inspecting returned attributes from this service layer.,False,red,,4.0,,Audited load: heavy (10/10 tests loaded; median 1.4 sec; p90 2.17 sec; max features 2000; cap rate 20%).,BRIM load audit 2026-07,10.0,1.0,1.39888536930084,2.17433478832245,2.33655714988708,0.2
DWR / CNRA,DWR GIS Atlas,DWR,Flood control,70,DWR,10,EXT015,DWR SPFC Planning Area,external,map,https://gis.water.ca.gov/arcgis/rest/services/Boundaries/i03_SPFCPlanningArea_20100301/MapServer,False,False,0.58,California DWR ArcGIS REST MapServer layer. Use as a visual overlay.,https://gis.water.ca.gov/arcgis/rest/services/Boundaries/i03_SPFCPlanningArea_20100301/MapServer,,,121,visual,,,,,https://gis.water.ca.gov/arcgis/rest/services/Boundaries/i03_SPFCPlanningArea_20100301/MapServer/legend,DWR service-rendered legend.,,,,,,,,,,,,,,,,,,,,,,,,red,,4.0,,Audited load: heavy (5/10 tests loaded; median 0.11 sec; p90 3.07 sec; max features n/a).,BRIM load audit 2026-07,10.0,0.5,0.109781980514526,3.07258639335632,3.19888997077942,0.0
DWR / CNRA,DWR GIS Atlas,DWR,Flood control,70,DWR,10,EXT016,DWR Systemwide Planning Area,external,map,https://gis.water.ca.gov/arcgis/rest/services/Boundaries/i03_SystemwidePA_20101007/MapServer,False,False,0.58,California DWR ArcGIS REST MapServer layer. Use as a visual overlay.,https://gis.water.ca.gov/arcgis/rest/services/Boundaries/i03_SystemwidePA_20101007/MapServer,,,122,visual,,,,,https://gis.water.ca.gov/arcgis/rest/services/Boundaries/i03_SystemwidePA_20101007/MapServer/legend,DWR service-rendered legend.,,,,,,,,,,,,,,,,,,,,,,,,red,,4.0,,Audited load: heavy (5/10 tests loaded; median 0.35 sec; p90 3.09 sec; max features n/a).,BRIM load audit 2026-07,10.0,0.5,0.348526000976562,3.09309167861938,3.13938617706299,0.0
DWR / CNRA,DWR GIS Atlas,DWR,Flood control,70,DWR,10,EXT017,DWR Local Maintenance Areas — Flood Protection,external,map,https://gis.water.ca.gov/arcgis/rest/services/Boundaries/i03_Local_Maintenance_Areas_Flood_Protection/MapServer,False,False,0.58,California DWR ArcGIS REST MapServer layer. Use as a visual overlay.,https://gis.water.ca.gov/arcgis/rest/services/Boundaries/i03_Local_Maintenance_Areas_Flood_Protection/MapServer,,,123,visual,,,8.0,,https://gis.water.ca.gov/arcgis/rest/services/Boundaries/i03_Local_Maintenance_Areas_Flood_Protection/MapServer/legend,DWR service-rendered legend.,,,,,,,,,,,,,,,,,,,,,,,,red,,4.0,,Audited load: heavy (5/10 tests loaded; median 0.12 sec; p90 2.84 sec; max features n/a).,BRIM load audit 2026-07,10.0,0.5,0.118435859680176,2.83580560684204,2.88379192352295,0.0
DWR / CNRA,DWR GIS Atlas,DWR,Flood control,70,DWR,10,EXT045,DWR Historic Levee Breaks,external,map,https://gis.water.ca.gov/arcgis/rest/services/InlandWaters/i12_Levee_Breaks_Historic/MapServer,False,False,0.58,California DWR ArcGIS REST MapServer layer. Use as a visual overlay.,https://gis.water.ca.gov/arcgis/rest/services/InlandWaters/i12_Levee_Breaks_Historic/MapServer,,,171,visual,,,8.0,,https://gis.water.ca.gov/arcgis/rest/services/InlandWaters/i12_Levee_Breaks_Historic/MapServer/legend,DWR service-rendered legend.,,,,,,,,,,,,,,,,,,,,,,,,red,,4.0,,Audited load: heavy (0/10 tests loaded; median n/a; p90 n/a; max features n/a).,BRIM load audit 2026-07,10.0,0.0,,,,0.0
FEMA,NFHL,FEMA,Flood control,70,FEMA,20,EXT107,FEMA NFHL Flood Hazard Zones,external,map,https://hazards.fema.gov/arcgis/rest/services/public/NFHL/MapServer/28,False,False,0.6,Effective FEMA National Flood Hazard Layer flood hazard zones. Scale-dependent map layer.,https://hazards.fema.gov/femaportal/wps/portal/NFHLWMS,,,600,visual,,,10.0,,https://hazards.fema.gov/arcgis/rest/services/public/NFHL/MapServer/legend,FEMA NFHL legend is service-rendered and may include multiple scale-dependent flood-hazard symbols.,,,,,,,,,,,,,,,,,,,,,,,,green,,1.0,,Audited load: fast (10/10 tests loaded; median 0.12 sec; p90 0.14 sec; max features n/a).,BRIM load audit 2026-07,10.0,1.0,0.119032502174377,0.144055294990539,0.337592124938965,0.0
NOAA,Digital Coast / Sea Level Rise Viewer,Sea Level Rise,Flood control,70,Sea Level Rise,30,EXT108,NOAA Sea Level Rise Inundation — 1.5 ft,external,map,https://www.coast.noaa.gov/arcgis/rest/services/dc_slr/slr_1_5ft/MapServer/1,False,False,0.55,NOAA Digital Coast sea-level-rise screening layer. Use as visual context near the coast.,https://coast.noaa.gov/digitalcoast/tools/slr.html,,,700,visual,,,9.0,,https://www.coast.noaa.gov/arcgis/rest/services/dc_slr/slr_1_5ft/MapServer/legend,NOAA service-rendered legend.,,,,,,,,,,,,,,,,,,,,,,"BRIM draws only the NOAA depth sublayer (MapServer/1), not the low-lying-areas sublayer (MapServer/0).",,green,,1.0,,Audited load: fast (10/10 tests loaded; median 0.12 sec; p90 0.45 sec; max features n/a).,BRIM load audit 2026-07,10.0,1.0,0.121430039405823,0.447022819519043,0.894953012466431,0.0
NOAA,Digital Coast / Sea Level Rise Viewer,Sea Level Rise,Flood control,70,Sea Level Rise,30,EXT109,NOAA Sea Level Rise Inundation — 2 ft,external,map,https://www.coast.noaa.gov/arcgis/rest/services/dc_slr/slr_2ft/MapServer/1,False,False,0.55,NOAA Digital Coast sea-level-rise screening layer. Use as visual context near the coast.,https://coast.noaa.gov/digitalcoast/tools/slr.html,,,701,visual,,,9.0,,https://www.coast.noaa.gov/arcgis/rest/services/dc_slr/slr_2ft/MapServer/legend,NOAA service-rendered legend.,,,,,,,,,,,,,,,,,,,,,,"BRIM draws only the NOAA depth sublayer (MapServer/1), not the low-lying-areas sublayer (MapServer/0).",,green,,1.0,,Audited load: fast (10/10 tests loaded; median 0.14 sec; p90 0.24 sec; max features n/a).,BRIM load audit 2026-07,10.0,1.0,0.138177990913391,0.241279149055481,0.267713069915771,0.0
NOAA,Digital Coast / Sea Level Rise Viewer,Sea Level Rise,Flood control,70,Sea Level Rise,30,EXT110,NOAA Sea Level Rise Inundation — 3 ft,external,map,https://www.coast.noaa.gov/arcgis/rest/services/dc_slr/slr_3ft/MapServer/1,False,False,0.55,NOAA Digital Coast sea-level-rise screening layer. Use as visual context near the coast.,https://coast.noaa.gov/digitalcoast/tools/slr.html,,,702,visual,,,9.0,,https://www.coast.noaa.gov/arcgis/rest/services/dc_slr/slr_3ft/MapServer/legend,NOAA service-rendered legend.,,,,,,,,,,,,,,,,,,,,,,"BRIM draws only the NOAA depth sublayer (MapServer/1), not the low-lying-areas sublayer (MapServer/0).",,green,,1.0,,Audited load: fast (10/10 tests loaded; median 0.1 sec; p90 0.12 sec; max features n/a).,BRIM load audit 2026-07,10.0,1.0,0.0992159843444824,0.124889087677002,0.130720853805542,0.0
NOAA,Digital Coast / Sea Level Rise Viewer,Sea Level Rise,Flood control,70,Sea Level Rise,30,EXT111,NOAA Sea Level Rise Inundation — 6 ft,external,map,https://www.coast.noaa.gov/arcgis/rest/services/dc_slr/slr_6ft/MapServer/1,False,False,0.55,NOAA Digital Coast sea-level-rise screening layer. Use as visual context near the coast.,https://coast.noaa.gov/digitalcoast/tools/slr.html,,,703,visual,,,9.0,,https://www.coast.noaa.gov/arcgis/rest/services/dc_slr/slr_6ft/MapServer/legend,NOAA service-rendered legend.,,,,,,,,,,,,,,,,,,,,,,"BRIM draws only the NOAA depth sublayer (MapServer/1), not the low-lying-areas sublayer (MapServer/0).",,green,,1.0,,Audited load: fast (10/10 tests loaded; median 0.13 sec; p90 0.23 sec; max features n/a).,BRIM load audit 2026-07,10.0,1.0,0.134844541549683,0.234357213973999,0.263843059539795,0.0
NOAA,Digital Coast / Sea Level Rise Viewer,Sea Level Rise,Flood control,70,Sea Level Rise,30,EXT112,NOAA Potential Marsh Distribution — 6.5 ft,external,map,https://www.coast.noaa.gov/arcgis/rest/services/dc_slr/marsh_650/MapServer,False,False,0.55,NOAA Digital Coast sea-level-rise screening layer. Use as visual context near the coast.,https://coast.noaa.gov/digitalcoast/tools/slr.html,,,704,visual,,,9.0,,https://www.coast.noaa.gov/arcgis/rest/services/dc_slr/marsh_650/MapServer/legend,NOAA service-rendered legend.,,,,,,,,,,,,,,,,,,,,,,,,green,,1.0,,Audited load: fast (10/10 tests loaded; median 0.14 sec; p90 0.36 sec; max features n/a).,BRIM load audit 2026-07,10.0,1.0,0.144917607307434,0.364461660385132,0.460516929626465,0.0
DWR / CNRA,Ocean Protection / Coastal hazards,Sea Level Rise,Flood control,70,Sea Level Rise,30,EXT113,CNRA CSMW Potential Sea-Level-Rise Impacts,external,map,https://gis.cnra.ca.gov/arcgis/rest/services/Ocean/CSMW_Potential_Sea_Level_Rise_Impacts/MapServer,False,False,0.55,Potential sea-level-rise impact layers for California coastal screening.,https://gis.cnra.ca.gov/arcgis/rest/services/Ocean/CSMW_Potential_Sea_Level_Rise_Impacts/MapServer,,,710,visual,,,8.0,,https://gis.cnra.ca.gov/arcgis/rest/services/Ocean/CSMW_Potential_Sea_Level_Rise_Impacts/MapServer/legend,,,,,,,,,,,,,,,,,,,,,,,,,green,,1.0,,Audited load: fast (10/10 tests loaded; median 0.11 sec; p90 0.49 sec; max features n/a).,BRIM load audit 2026-07,10.0,1.0,0.108308076858521,0.487132000923156,3.07976102828979,0.0
California Geological Survey,Alquist-Priolo Earthquake Fault Zoning,Faults / seismicity,Geology / Geophysics / Seismicity,80,Faults / seismicity,10,CGS_AP_FAULT_ZONES,Fault zones | CGS Alquist-Priolo regulatory zones,external,feature,https://services2.arcgis.com/zr3KAIbsRSUyARHG/ArcGIS/rest/services/CGS_Alquist_Priolo_Fault_Zones/FeatureServer/0,True,True,0.62,"Alquist-Priolo regulatory fault-zone screening layer. This is regulatory AP context, not a full scientific Quaternary-faults layer.",https://services2.arcgis.com/zr3KAIbsRSUyARHG/ArcGIS/rest/services/CGS_Alquist_Priolo_Fault_Zones/FeatureServer/0,California,"Regulatory fault-zone screening context for facilities, infrastructure, and site-review questions.",10,current_view,,Statewide fault-zone polygons. Load current view; zoom in for more detailed inspection.,8.0,7.0,,Regulatory Alquist-Priolo fault-zone screening; verify with CGS official maps.,ZONE_NAME;FAULT_NAME;QUAD_NAME;MAP_NAME;MAP_NUMBER;SOURCE;COMMENTS;EFFECTIVE_DATE;REVISION_DATE,ZONE_NAME=Zone name;FAULT_NAME=Fault name;QUAD_NAME=Quad;MAP_NAME=Map;MAP_NUMBER=Map number;SOURCE=Source;COMMENTS=Comments;EFFECTIVE_DATE=Effective date;REVISION_DATE=Revision date,,,,ZONE_NAME;FAULT_NAME;QUAD_NAME,ZONE_NAME=Zone;FAULT_NAME=Fault;QUAD_NAME=Quad,ZONE_NAME;FAULT_NAME,ZONE_NAME;FAULT_NAME,,False,ZONE_NAME,,Screening for CGS Alquist-Priolo regulatory fault zones.,Regulatory fault-zone context; site review; hazards screening.,,,,,,,First-pass field names are conservative; refine after BRIM field inspection if service aliases differ.,False,yellow,,2.0,,Audited load: moderate (10/10 tests loaded; median 0.25 sec; p90 0.53 sec; max features 1463).,BRIM load audit 2026-07,10.0,1.0,0.251550912857056,0.529184889793396,0.883882999420166,0.0
CGS,Alquist-Priolo Earthquake Fault Zoning,Regulatory fault traces,Geology / Geophysics / Seismicity,80,Faults / seismicity,10,CGS_AP_FAULT_TRACES,Fault traces | CGS Alquist-Priolo,external,feature,https://services2.arcgis.com/zr3KAIbsRSUyARHG/arcgis/rest/services/CGS_Alquist_Priolo_Fault_Traces/FeatureServer/0,True,True,0.75,"Detail layer for CGS Alquist-Priolo regulatory fault traces; use with AP zones. Large layer, zoom-gated.",https://maps.conservation.ca.gov/cgs/EQZApp/app/,California,Screening/reference overlay; verify source details before reporting.,11,current_view,,Large regulatory fault-trace layer; load at zoom 10+ and refresh current view after panning.,,10.0,,Regulatory Alquist-Priolo fault traces from CGS; not the same as USGS scientific Quaternary-fault mapping.,FAULT_NAME;FaultName;NAME;QUAD_NAME;QUAD;ZONE_NAME;COMMENTS;SOURCE;URL,FAULT_NAME|Fault;FaultName|Fault;NAME|Name;QUAD_NAME|Quad;QUAD|Quad;ZONE_NAME|Zone;COMMENTS|Comments;SOURCE|Source;URL|Source URL,,,,FAULT_NAME;FaultName;NAME;QUAD_NAME;QUAD,FAULT_NAME|Fault;FaultName|Fault;NAME|Name;QUAD_NAME|Quad;QUAD|Quad,,,,False,,,,,,,,,,,,False,red,,4.0,,Audited load: heavy (10/10 tests loaded; median 0.39 sec; p90 0.76 sec; max features 2000; cap rate 80%).,BRIM load audit 2026-07,10.0,1.0,0.394700407981873,0.755554699897766,1.9162540435791,0.8
USGS,Earthquake Hazards Program,Quaternary faults,Geology / Geophysics / Seismicity,80,Faults / seismicity,10,USGS_QFAULTS_VISUAL,Faults | USGS Quaternary,external,map,https://earthquake.usgs.gov/arcgis/rest/services/haz/QFaults/MapServer/4,True,True,0.65,USGS scientific Quaternary-fault map layer. Added as visual MapServer retest after current-view query method returned HTTP 500 in sandbox testing.,https://earthquake.usgs.gov/arcgis/rest/services/haz/QFaults/MapServer/4,National,Scientific fault-trace context; not a substitute for regulatory Alquist-Priolo zoning.,12,visual,,Detailed national fault layer. Use at moderate/close zooms; visual MapServer mode preserves provider rendering and avoids broad feature downloads.,6.0,,https://earthquake.usgs.gov/arcgis/rest/services/haz/QFaults/MapServer/legend,"Provider-rendered USGS Quaternary-fault symbology. Scientific fault mapping, not regulatory Alquist-Priolo screening.",fault_name;section_name;age;slip_rate;slip_sense;fault_url,Fault name;Section name;Age;Slip rate;Slip sense;USGS fault URL,{fault_url},Open USGS fault page,,fault_name;section_name;age,Fault;Section;Age,fault_name,fault_name,,False,fault_name,,Scientific fault-trace context near projects and water-resource review areas.,Regional geologic/seismic context; compare against CGS Alquist-Priolo regulatory zones where available.,,,official_mapserver_renderer,,USGS Quaternary faults,,Field names may vary in identify responses; visual MapServer renderer is the primary first-pass behavior.,False,red,,4.0,,Audited load: heavy (0/10 tests loaded; median n/a; p90 n/a; max features n/a).,BRIM load audit 2026-07,10.0,0.0,,,,0.0
USGS,Earthquake Hazards Program,Recent seismicity,Geology / Geophysics / Seismicity,80,Faults / seismicity,10,USGS_RECENT_EARTHQUAKES_24H,Recent earthquakes | USGS | past 24 hours,external,geojson,https://earthquake.usgs.gov/earthquakes/feed/v1.0/summary/all_day.geojson,True,True,0.85,"USGS earthquake GeoJSON feed, all magnitudes, past day. Nice-to-have context; not central BRIM hydrology.",https://earthquake.usgs.gov/earthquakes/feed/v1.0/geojson.php,Global feed; use current map view for context,Recent seismicity context. Points are sized/colored by magnitude using BRIM styling.,20,live,,,,,,Earthquake circles are BRIM-styled by magnitude from the USGS GeoJSON feed; times are formatted from source epoch-millisecond fields.,mag;place;time;depth;felt;cdi;mmi;url,Magnitude;Place;Event time;Depth;Felt reports;Community intensity;Modeled intensity;USGS event URL,{url},Open USGS event page,,mag;place;time,M;Place;Time,,,,,,,"Short-window seismicity context near faults, reservoirs, or infrastructure.",yes,,mag,usgs_earthquake,,USGS earthquakes | past 24 hours,,,,green,,1.0,,Audited load: fast (10/10 tests loaded; median 0.03 sec; p90 0.03 sec; max features 242).,BRIM load audit 2026-07,10.0,1.0,0.0299575328826904,0.0326545000076294,0.0336499214172363,0.0
USGS,Earthquake Hazards Program,Recent earthquakes,Geology / Geophysics / Seismicity,80,Faults / seismicity,10,USGS_RECENT_EARTHQUAKES_7D,Recent earthquakes | USGS | past 7 days,external,geojson,https://earthquake.usgs.gov/earthquakes/feed/v1.0/summary/all_week.geojson,True,True,0.85,"USGS GeoJSON earthquake feed for the past 7 days. Useful context, not BRIM-central.",https://earthquake.usgs.gov/earthquakes/feed/v1.0/geojson.php,California / national,Screening/reference overlay; verify source details before reporting.,21,live,,,,,,Earthquake points are from the live USGS past-7-days GeoJSON feed; marker size is BRIM-derived from magnitude.,title;mag;place;time;updated;felt;cdi;mmi;status;type;url,title|Event;mag|Magnitude;place|Place;time|Event time;updated|Updated;felt|Felt reports;cdi|CDI;mmi|MMI;status|Status;type|Type;url|USGS event URL,{url},Open USGS event page,,mag;place;time,mag|M;place|Place;time|Time,,mag;place,,False,,,,,,,usgs_earthquake,,USGS earthquakes | past 7 days,,,False,red,,4.0,,Audited load: heavy (10/10 tests loaded; median 0.06 sec; p90 0.08 sec; max features 2064; cap rate 100%).,BRIM load audit 2026-07,10.0,1.0,0.0597798824310303,0.0759214878082275,0.104464054107666,1.0
California Geological Survey,Geologic Map of California,Geology / maps,Geology / Geophysics / Seismicity,80,Geology / maps,20,CGS_GEOLOGY_MAP_TILED,CA Geology | CGS geologic map,external,map,https://gis.conservation.ca.gov/server/rest/services/CGS/Geologic_Map_of_California/MapServer,False,False,0.72,External/tiled CGS geology service added for comparison with the existing Local/Reference CA Geology row. Keep both until External version is confirmed.,https://gis.conservation.ca.gov/server/rest/services/CGS/Geologic_Map_of_California/MapServer,California,Visual geologic-map context. Existing Local/Reference CA Geology remains enabled for one-build comparison.,10,tiled,,,,,https://gis.conservation.ca.gov/server/rest/services/CGS/Geologic_Map_of_California/MapServer/legend,Official CGS service-rendered geology symbology.,,,,,,,,,,,,,,Geologic map context for screening and orientation.,Geology context; bedrock/surficial units where visible in CGS service.,,,official_mapserver_renderer,,CGS geologic map,official,External copy of existing Local/Reference visual geology service; Local copy is intentionally not removed in 049a.,False,green,,1.0,,Audited load: fast (10/10 tests loaded; median 0.18 sec; p90 0.3 sec; max features n/a).,BRIM load audit 2026-07,10.0,1.0,0.179508924484253,0.302082800865173,0.837760925292969,0.0
DWR / TRE ALTAMIRA,SAR / InSAR,Land subsidence,Geology / Geophysics / Seismicity,80,Land subsidence,30,DWR_TRE_ALTAMIRA_ANNUAL_RATE_MOSAIC,Land subsidence | DWR/TRE annual rate mosaic,external,image,https://gis.water.ca.gov/arcgisimg/rest/services/SAR/Vertical_Displacement_TRE_ALTAMIRA_Annual_Rate_Mosaic/ImageServer,True,True,0.72,DWR/TRE ALTAMIRA InSAR annual vertical-displacement rate mosaic. Visual ImageServer overlay. Raw pixel values are available through ImageServer identify.,https://data.cnra.ca.gov/dataset/tre-altamira-insar-subsidence,California,Provider-rendered InSAR annual-rate raster. Use for screening relative subsidence/uplift patterns; source legend/colors are provider-rendered. Hover/click uses ImageServer identify to show the provider raw pixel value for the annual-rate raster.,10,visual,,,,,https://gis.water.ca.gov/arcgisimg/rest/services/SAR/Vertical_Displacement_TRE_ALTAMIRA_Annual_Rate_Mosaic/ImageServer/legend,DWR/TRE ALTAMIRA provider-rendered annual vertical-displacement rate mosaic. Units/classes are from the source ImageServer renderer.,"Layer,Raster_Value_Display,Raster_Value,Raster_Units,Raster_Note","Layer=Layer,Raster_Value_Display=Interpreted value,Raster_Value=Raw pixel value,Raster_Units=Units,Raster_Note=Note",https://data.cnra.ca.gov/dataset/tre-altamira-insar-subsidence||https://ca.water.usgs.gov/land_subsidence/california-subsidence-areas.html||https://ca.water.usgs.gov/land_subsidence/central-valley-subsidence-data.html,Open DWR/TRE data page||Open USGS California subsidence areas||Open USGS Central Valley subsidence data,https://gis.water.ca.gov/arcgisimg/rest/services/SAR/Vertical_Displacement_TRE_ALTAMIRA_Annual_Rate_Mosaic/ImageServer,"Raster_Value_Display,Layer","Raster_Value_Display=Raster value,Layer=Layer",Raster_Value_Display,Raster_Value_Display,,False,,,"Screening for broad subsidence-rate patterns near groundwater basins, infrastructure, and project areas.",,,,,ft/yr,,,,False,orange,red,3.0,4,Audited load: slow (10/10 tests loaded; median 4.91 sec; p90 11.21 sec; max features n/a).,BRIM load audit 2026-07,10.0,1.0,4.90564703941345,11.2085906744003,12.1096770763397,0.0
DWR / TRE ALTAMIRA,SAR / InSAR,Land subsidence,Geology / Geophysics / Seismicity,80,Land subsidence,30,DWR_TRE_ALTAMIRA_TOTAL_SINCE_2015_MOSAIC,Land subsidence | DWR/TRE total since 2015 mosaic,external,image,https://gis.water.ca.gov/arcgisimg/rest/services/SAR/Vertical_Displacement_TRE_ALTAMIRA_Total_Since_20150613_Mosaic/ImageServer,True,True,0.68,"DWR/TRE ALTAMIRA InSAR cumulative vertical displacement since June 13, 2015 mosaic. Visual ImageServer overlay. Raw pixel values are available through ImageServer identify.",https://gis.water.ca.gov/arcgisimg/rest/services/SAR,California groundwater basins / DWR SAR coverage,Provider-rendered InSAR cumulative displacement raster. Use for screening relative subsidence/uplift patterns; source legend/colors are provider-rendered. Hover/click uses ImageServer identify to show the provider raw pixel value for the cumulative-displacement raster.,11,visual,,,,,https://gis.water.ca.gov/arcgisimg/rest/services/SAR/Vertical_Displacement_TRE_ALTAMIRA_Total_Since_20150613_Mosaic/ImageServer/legend,DWR/TRE ALTAMIRA provider-rendered cumulative vertical-displacement mosaic since 2015. Units/classes are from the source ImageServer renderer.,"Layer,Raster_Value_Display,Raster_Value,Raster_Units,Raster_Note","Layer=Layer,Raster_Value_Display=Interpreted value,Raster_Value=Raw pixel value,Raster_Units=Units,Raster_Note=Note",https://data.cnra.ca.gov/dataset/tre-altamira-insar-subsidence||https://ca.water.usgs.gov/land_subsidence/california-subsidence-areas.html||https://ca.water.usgs.gov/land_subsidence/central-valley-subsidence-data.html,Open DWR/TRE data page||Open USGS California subsidence areas||Open USGS Central Valley subsidence data,https://gis.water.ca.gov/arcgisimg/rest/services/SAR/Vertical_Displacement_TRE_ALTAMIRA_Total_Since_20150613_Mosaic/ImageServer,"Raster_Value_Display,Layer","Raster_Value_Display=Raster value,Layer=Layer",Raster_Value_Display,Raster_Value_Display,,,,,Visual screening context for cumulative land subsidence/uplift since Sentinel-1 coverage began.,yes,,,,ft,,,,,orange,red,3.0,4,Audited load: slow (9/10 tests loaded; median 3.96 sec; p90 8.08 sec; max features n/a).,BRIM load audit 2026-07,10.0,0.9,3.9601469039917,8.08044891357422,8.17251300811768,0.0
DWR / TRE ALTAMIRA,SAR / InSAR,Land subsidence,Geology / Geophysics / Seismicity,80,Land subsidence,30,DWR_TRE_ALTAMIRA_POINT_LOCATIONS_2026Q1,Land subsidence | DWR/TRE 2015-2026 InSAR chart links,external,map,https://gis.water.ca.gov/arcgis/rest/services/Elevation/Vertical_Displacement_Point_Data_Locations_2026Q1/MapServer/0,True,True,0.72,DWR/TRE ALTAMIRA 2026Q1 InSAR vertical-displacement measurement point/cell locations. Very large provider-rendered polygon layer (~7.5M features in source); BRIM adds it as a zoom-gated visual MapServer overlay with identify/click popups and CODE-based DWR chart/download links rather than loading the features into the browser.,https://gis.water.ca.gov/arcgis/rest/services/Elevation/Vertical_Displacement_Point_Data_Locations_2026Q1/MapServer/0,California groundwater basins / SGMA high-use basins,Latest DWR/TRE point chart-link release in this catalog. Use rasters for mapped value screening; use this layer only at close zoom to open point-specific DWR chart/CSV by CODE.,12,current_view,DataTable = 34,Very large DWR/TRE point-location index (~7.5M source records across 34 tables). Zoom to parcel/project scale before loading; BRIM loads only latest table DataTable=34 in the current map view and draws marker links from Longitude/Latitude.,,14,https://gis.water.ca.gov/arcgis/rest/services/Elevation/Vertical_Displacement_Point_Data_Locations_2026Q1/MapServer/0/legend,BRIM draws latest-table DWR/TRE InSAR point/cell locations from Longitude/Latitude fields. Use popup links to open the DWR chart or CSV for displacement values; this layer itself does not expose displacement magnitude fields.,"CODE,BRIM_TRE_Point_Table_Label,BRIM_TRE_Point_Coord,StartDate,BRIM_TRE_Point_Source_Note,OBJECTID","CODE=DWR/TRE point code,BRIM_TRE_Point_Table_Label=Source table,BRIM_TRE_Point_Coord=Point coordinates,StartDate=Start date,BRIM_TRE_Point_Source_Note=BRIM note,OBJECTID=Source OBJECTID",https://sgma.water.ca.gov/SGMAMapServices/report/displacement/point?code={CODE}||https://sgma.water.ca.gov/SGMAMapServices/service/displacement/point/download/csv?code={CODE}||https://gis.water.ca.gov/arcgis/rest/services/Elevation/Vertical_Displacement_Point_Data_Locations_2026Q1/MapServer/0||https://ca.water.usgs.gov/land_subsidence/california-subsidence-areas.html||https://ca.water.usgs.gov/land_subsidence/central-valley-subsidence-data.html,Open DWR point chart||Download DWR point CSV||Open DWR source layer||Open USGS California subsidence areas||Open USGS Central Valley subsidence data,,"CODE,BRIM_TRE_Point_Table_Label","CODE=DWR/TRE code,BRIM_TRE_Point_Table_Label=Source table",CODE,CODE,,False,CODE,"OBJECTID,CODE,Longitude,Latitude,DataTable,StartDate",Click-through index to DWR/TRE InSAR point time-series chart/CSV for 2015-2026 screening context; not a thematic displacement-value map.,yes,"CODE,DataTable",CODE,dwr_tre_insar_point_location,DWR/TRE measurement location,DWR/TRE 2026Q1 InSAR point chart links,,"BRIM current-view query uses DataTable=34 only, transforms returned 100-m polygon records to marker locations using Longitude/Latitude fields, and exposes DWR chart/CSV links by CODE. The service has ~7.5M source features across 34 DataTables and does not expose displacement values as simple map attributes.",False,red,red,4,4,"Very large DWR/TRE point-location index. BRIM loads latest table only (DataTable=34) in the current view at parcel/project scale; if a transfer-limit warning appears, zoom in and refresh current view.",BRIM DWR/TRE 2026Q1 service audit 2026-07,,,,,,
DWR / CNRA,DWR GIS Atlas,C2VSIM,Geology / Geophysics / Seismicity,80,Land subsidence,30,EXT033,Land subsidence observations (~2021/22) | DWR / USGS / TRE,external,feature,https://gis.water.ca.gov/arcgis/rest/services/Geoscientific/C2VSimFG_Subsidence_Observations/FeatureServer/0,True,True,0.85,"Merged DWR subsidence observation locations from DWR/USGS-style sources, InSAR, extensometers, RestoreSJR GPS-survey points, and UNAVCO/PBO GPS context where available. Loaded as BRIM-managed current-view points so hover/click and prefix-based symbol classes are responsive. Some source records may be MultiPoint observations that draw multiple map symbols. BRIM note: older C2VSimFG observation/model-comparison point layer; use with newer DWR/TRE 2026Q1 InSAR point locations for current screening context.",https://gis.water.ca.gov/arcgis/rest/services/Geoscientific/C2VSimFG_Subsidence_Observations/FeatureServer/0,,"Screening context for known subsidence observation locations. BRIM loads current-view features and derives broad source/observation classes from Name / SubsidenceObs_ID prefixes such as InSAR, Exten, ReSJR, PB/PBO, and C2VSim. Source fields do not expose a true per-point period-of-record URL; verify interpretation with DWR/USGS source context before reporting. Legend class counts report mapped point locations, not just source records, because some observations are returned as MultiPoint features. Popup includes DWR source-layer and USGS Central Valley subsidence data context links.",13,current_view,1=1,BRIM loads this as a current-view FeatureServer snapshot so point hover/click is responsive. Pan/zoom and refresh/reload the layer if you move to a new lease-sale area.,8.0,7,,"BRIM-derived symbols from Name/ID prefixes; current-view legend counts show the loaded snapshot only. Source layer is C2VSimFG observation context, not the latest DWR/TRE statewide InSAR point-location grid.","BRIM_SubObs_Class,BRIM_SubObs_Prefix,BRIM_SubObs_Point_Count_Label,Name,SubsidenceObs_ID,Data_Source,Ref_Date,BRIM_SubObs_Class_Basis,Comments,OBJECTID","BRIM_SubObs_Class=BRIM prefix class,BRIM_SubObs_Prefix=Name/ID prefix,BRIM_SubObs_Point_Count_Label=Mapped locations in this source record,Name=Station/name,SubsidenceObs_ID=Observation ID,Data_Source=Raw source/type,Ref_Date=Reference date,BRIM_SubObs_Class_Basis=Class basis,Comments=Comments,OBJECTID=Source OBJECTID",https://gis.water.ca.gov/arcgis/rest/services/Geoscientific/C2VSimFG_Subsidence_Observations/FeatureServer/0||https://ca.water.usgs.gov/land_subsidence/california-subsidence-areas.html||https://ca.water.usgs.gov/land_subsidence/central-valley-subsidence-data.html,Open DWR source layer||Open USGS California subsidence areas||Open USGS Central Valley subsidence data,,"Name,BRIM_SubObs_Class,BRIM_SubObs_Prefix,SubsidenceObs_ID,Ref_Date","Name=Station/name,BRIM_SubObs_Class=BRIM class,BRIM_SubObs_Prefix=Prefix,SubsidenceObs_ID=Obs ID,Ref_Date=Reference date","Name,BRIM_SubObs_Class,SubsidenceObs_ID",,,,,*,Interactive screening of actual subsidence observation point locations near lease-sale parcels; use returned ID/source/date fields and BRIM prefix class to decide whether follow-up source-data review is needed.,yes,"Name,SubsidenceObs_ID,Data_Source",Name,subsidence_observation_source,Name/ID prefix class,Subsidence observation prefix class,,"BRIM current-view points classify returned Name / SubsidenceObs_ID prefixes first: InSAR, Exten/Extensometer, ReSJR/RestoreSJR, PB/PBO, GPS/GNSS, and C2VSim. Broad Data_Source and Comments text remain in the popup for verification but no longer drive symbol class because they can mask the clearer point-name prefixes. The service exposes Ref_Date but not a true start/end period-of-record URL. BRIM annotates MultiPoint source records with mapped-location counts so the legend better matches the number of visible point symbols.",False,yellow,red,2,4,"Current-view point snapshot; zoom to area of interest, then load/refresh for responsive hover and popup. Prior provider-rendered visual identify was slow for points.",BRIM subsidence current-view conversion 2026-07,10.0,0.7,0.0940911769866943,3.48188319206238,4.49932289123535,0
DWR / CNRA,DWR GIS Atlas,DWR 1W,GW / SW Data Products,90,DWR 1W,10,EXT029,DWR Discrete Grab Water Quality Stations,external,map,https://gis.water.ca.gov/arcgis/rest/services/Geoscientific/i08_Stations_Discrete_Grab_Water_Quality/MapServer,False,False,0.58,California DWR ArcGIS REST MapServer layer. Use as a visual overlay.,https://gis.water.ca.gov/arcgis/rest/services/Geoscientific/i08_Stations_Discrete_Grab_Water_Quality/MapServer,,,140,visual,,,8.0,,https://gis.water.ca.gov/arcgis/rest/services/Geoscientific/i08_Stations_Discrete_Grab_Water_Quality/MapServer/legend,DWR service-rendered legend.,,,,,,,,,,,,,,,,,,,,,,,,green,,1.0,,Audited load: fast (10/10 tests loaded; median 0.33 sec; p90 0.93 sec; max features n/a).,BRIM load audit 2026-07,10.0,1.0,0.33019757270813,0.930243945121765,1.05462312698364,0.0
DWR / CNRA,DWR GIS Atlas,DWR 1W,GW / SW Data Products,90,DWR 1W,10,EXT030,DWR Continuous Monitoring Stations — Hydstra Period,external,map,https://gis.water.ca.gov/arcgis/rest/services/Geoscientific/i08_Stations_Monitoring_Continuous_Hydstra_Period/MapServer,False,False,0.58,California DWR ArcGIS REST MapServer layer. Use as a visual overlay.,https://gis.water.ca.gov/arcgis/rest/services/Geoscientific/i08_Stations_Monitoring_Continuous_Hydstra_Period/MapServer,,,141,visual,,,8.0,,https://gis.water.ca.gov/arcgis/rest/services/Geoscientific/i08_Stations_Monitoring_Continuous_Hydstra_Period/MapServer/legend,DWR service-rendered legend.,,,,,,,,,,,,,,,,,,,,,,,,orange,,3.0,,Audited load: slow (8/10 tests loaded; median 0.12 sec; p90 3.55 sec; max features n/a).,BRIM load audit 2026-07,10.0,0.8,0.11812949180603,3.55229179859161,4.72708988189697,0.0
DWR / CNRA,DWR GIS Atlas,DWR GW,GW / SW Data Products,90,DWR GW,20,EXT001,DWR Groundwater Depth Seasonal Contours,disabled,map,https://utility.arcgis.com/usrsvcs/servers/15e2bef61bdb4cabb2719c3147211049/rest/services/Geoscientific/i08_GroundwaterDepthSeasonal_Contours/MapServer/0,False,False,0.6,Hidden from External Layers for now: proxy/utility endpoint duplicates the direct DWR seasonal groundwater-depth contour service retained in this catalog.,https://data.cnra.ca.gov/dataset/i08-groundwaterdepthseasonal-contours,Central Valley,Use the direct DWR Seasonal Groundwater Depth Contours row instead.,30,visual,,,8.0,,https://utility.arcgis.com/usrsvcs/servers/15e2bef61bdb4cabb2719c3147211049/rest/services/Geoscientific/i08_GroundwaterDepthSeasonal_Contours/MapServer/legend,DWR service legend; symbols may vary by scale or service configuration.,,,,,,,,,,,,,,,,,,,,,,,,,,,,,,,,,,,
DWR / CNRA,DWR GIS Atlas,DWR GW,GW / SW Data Products,90,DWR GW,20,EXT022,DWR Seasonal Groundwater Depth Contours,external,map,https://gis.water.ca.gov/arcgis/rest/services/Geoscientific/i08_GroundwaterDepthSeasonal_Contours/MapServer,False,False,0.58,"Direct DWR seasonal groundwater-depth contour service. Dense if unfiltered. Key SQL fields: MSMT_YEAR, MSMT_SEASON, CONTOUR_VALUE. Examples for Advanced manual URL add: MSMT_YEAR = 2024 AND MSMT_SEASON = 'Spring'; MSMT_YEAR = 2024 AND MSMT_SEASON = 'Spring' AND CONTOUR_VALUE IN (0,50,100,150,200,250,300,350,400,450,500,550,600,650,700).",https://gis.water.ca.gov/arcgis/rest/services/Geoscientific/i08_GroundwaterDepthSeasonal_Contours/MapServer,Central Valley,"Use as a visual screening layer. For readable maps, load a single year/season and/or coarser contour set with an SQL where clause. DWR describes these as estimated groundwater-depth contours in unconfined or uppermost semi-confined aquifers.",133,visual,,,8.0,,https://gis.water.ca.gov/arcgis/rest/services/Geoscientific/i08_GroundwaterDepthSeasonal_Contours/MapServer/legend,DWR service-rendered legend.,,,,,,,,,,,,,,,,,,,,,,,,red,,4.0,,Audited load: heavy (6/10 tests loaded; median 3.31 sec; p90 13.65 sec; max features n/a).,BRIM load audit 2026-07,10.0,0.6,3.31341946125031,13.6492199897766,14.6129288673401,0.0
DWR / CNRA,DWR GIS Atlas,DWR GW,GW / SW Data Products,90,DWR GW,20,EXT023,DWR Seasonal Groundwater Depth Points,external,map,https://gis.water.ca.gov/arcgis/rest/services/Geoscientific/i08_GroundwaterDepthSeasonal_Points/MapServer,False,False,0.58,California DWR ArcGIS REST MapServer layer. Use as a visual overlay.,https://gis.water.ca.gov/arcgis/rest/services/Geoscientific/i08_GroundwaterDepthSeasonal_Points/MapServer,,,134,visual,,,8.0,,https://gis.water.ca.gov/arcgis/rest/services/Geoscientific/i08_GroundwaterDepthSeasonal_Points/MapServer/legend,DWR service-rendered legend.,,,,,,,,,,,,,,,,,,,,,,,,yellow,,2.0,,Audited load: moderate (10/10 tests loaded; median 1.26 sec; p90 3.16 sec; max features n/a).,BRIM load audit 2026-07,10.0,1.0,1.26228046417236,3.15992450714111,3.2487850189209,0.0
DWR / CNRA,DWR GIS Atlas,DWR GW,GW / SW Data Products,90,DWR GW,20,EXT024,DWR Seasonal Groundwater Elevation Contours,external,map,https://gis.water.ca.gov/arcgis/rest/services/Geoscientific/i08_GroundwaterElevationSeasonal_Contours/MapServer,False,False,0.58,California DWR ArcGIS REST MapServer layer. Use as a visual overlay.,https://gis.water.ca.gov/arcgis/rest/services/Geoscientific/i08_GroundwaterElevationSeasonal_Contours/MapServer,,,135,visual,,,8.0,,https://gis.water.ca.gov/arcgis/rest/services/Geoscientific/i08_GroundwaterElevationSeasonal_Contours/MapServer/legend,DWR service-rendered legend.,,,,,,,,,,,,,,,,,,,,,,,,red,,4.0,,Audited load: heavy (5/10 tests loaded; median 4.87 sec; p90 8.1 sec; max features n/a).,BRIM load audit 2026-07,10.0,0.5,4.86873817443848,8.09509062767029,9.6200430393219,0.0
DWR / CNRA,DWR GIS Atlas,DWR GW,GW / SW Data Products,90,DWR GW,20,EXT025,DWR Seasonal Groundwater Elevation Points,external,map,https://gis.water.ca.gov/arcgis/rest/services/Geoscientific/i08_GroundwaterElevationSeasonal_Points/MapServer,False,False,0.58,California DWR ArcGIS REST MapServer layer. Use as a visual overlay.,https://gis.water.ca.gov/arcgis/rest/services/Geoscientific/i08_GroundwaterElevationSeasonal_Points/MapServer,,,136,visual,,,8.0,,https://gis.water.ca.gov/arcgis/rest/services/Geoscientific/i08_GroundwaterElevationSeasonal_Points/MapServer/legend,DWR service-rendered legend.,,,,,,,,,,,,,,,,,,,,,,,,red,,4.0,,Audited load: heavy (7/10 tests loaded; median 1.31 sec; p90 3.53 sec; max features n/a).,BRIM load audit 2026-07,10.0,0.7,1.30812883377075,3.53250751495361,3.7854950428009,0.0
DWR / CNRA,DWR GIS Atlas,DWR GW,GW / SW Data Products,90,DWR GW,20,EXT026,DWR Seasonal Groundwater Level Change Contours,external,map,https://gis.water.ca.gov/arcgis/rest/services/Geoscientific/i08_GroundwaterLevelChangeSeasonal_Contours/MapServer,False,False,0.58,California DWR ArcGIS REST MapServer layer. Use as a visual overlay.,https://gis.water.ca.gov/arcgis/rest/services/Geoscientific/i08_GroundwaterLevelChangeSeasonal_Contours/MapServer,,,137,visual,,,8.0,,https://gis.water.ca.gov/arcgis/rest/services/Geoscientific/i08_GroundwaterLevelChangeSeasonal_Contours/MapServer/legend,DWR service-rendered legend.,,,,,,,,,,,,,,,,,,,,,,,,red,,4.0,,Audited load: heavy (6/10 tests loaded; median 5.06 sec; p90 8.94 sec; max features n/a).,BRIM load audit 2026-07,10.0,0.6,5.06263852119446,8.93798387050629,9.91628694534302,0.0
DWR / CNRA,DWR GIS Atlas,DWR GW,GW / SW Data Products,90,DWR GW,20,EXT027,DWR Seasonal Groundwater Level Change Points,external,map,https://gis.water.ca.gov/arcgis/rest/services/Geoscientific/i08_GroundwaterLevelChangeSeasonal_Points/MapServer,False,False,0.58,California DWR ArcGIS REST MapServer layer. Use as a visual overlay.,https://gis.water.ca.gov/arcgis/rest/services/Geoscientific/i08_GroundwaterLevelChangeSeasonal_Points/MapServer,,,138,visual,,,8.0,,https://gis.water.ca.gov/arcgis/rest/services/Geoscientific/i08_GroundwaterLevelChangeSeasonal_Points/MapServer/legend,DWR service-rendered legend.,,,,,,,,,,,,,,,,,,,,,,,,orange,,3.0,,Audited load: slow (9/10 tests loaded; median 5.47 sec; p90 9.03 sec; max features n/a).,BRIM load audit 2026-07,10.0,0.9,5.47217893600464,9.03443937301635,13.3840689659119,0.0
DWR / CNRA,DWR GIS Atlas,DWR GW,GW / SW Data Products,90,DWR GW,20,EXT028,DWR Groundwater Stations — Enterprise Water Management,external,map,https://gis.water.ca.gov/arcgis/rest/services/Geoscientific/i08_GroundwaterStations_EnterpriseWaterManagement/MapServer,False,False,0.58,California DWR ArcGIS REST MapServer layer. Use as a visual overlay.,https://gis.water.ca.gov/arcgis/rest/services/Geoscientific/i08_GroundwaterStations_EnterpriseWaterManagement/MapServer,,,139,visual,,,8.0,,https://gis.water.ca.gov/arcgis/rest/services/Geoscientific/i08_GroundwaterStations_EnterpriseWaterManagement/MapServer/legend,DWR service-rendered legend.,,,,,,,,,,,,,,,,,,,,,,,,green,,1.0,,Audited load: fast (10/10 tests loaded; median 0.3 sec; p90 0.94 sec; max features n/a).,BRIM load audit 2026-07,10.0,1.0,0.300574421882629,0.942471599578857,0.954842805862427,0.0
DWR / CNRA,DWR GIS Atlas,DWR GW,GW / SW Data Products,90,DWR GW,20,EXT049,DWR Groundwater Stations — inspectable features,external,feature,https://gis.water.ca.gov/arcgis/rest/services/Geoscientific/i08_GroundwaterStations_EnterpriseWaterManagement/FeatureServer/0,True,True,0.75,California DWR FeatureServer layer. Current-view loading is recommended for larger statewide layers.,https://gis.water.ca.gov/arcgis/rest/services/Geoscientific/i08_GroundwaterStations_EnterpriseWaterManagement/FeatureServer/0,,,182,current_view,,Potentially large statewide FeatureServer. Zoom in first and use current-view loading for better performance.,9.0,8.0,,,,,,,,,,,,,,,,,,,,,,,,,,red,,4.0,,Audited load: heavy (10/10 tests loaded; median 0.2 sec; p90 0.32 sec; max features 1000; cap rate 80%).,BRIM load audit 2026-07,10.0,1.0,0.196330547332764,0.316686320304871,0.477643966674805,0.8
DWR / CNRA,California's Groundwater Live,DWR GW,GW / SW Data Products,90,DWR GW,20,EXT050,DWR Recently Measured Groundwater Levels,external,feature,https://services.arcgis.com/aa38u6OgfNoCkTJ6/arcgis/rest/services/GWL_Recently_Measured_v3/FeatureServer/0,True,True,0.75,Monitoring wells in DWR's groundwater elevation database with a groundwater elevation measurement reported in the last 18 months.,https://catalog.data.gov/dataset/californias-groundwater-live-supporting-data-eb38d/resource/15dcd342-e4e5-4a1c-b766-a417d373470c,,,183,current_view,,Statewide point FeatureServer. Current-view loading is recommended for performance.,8.0,8.0,,,,,,,,,,,,,,,,,,,,,,,,,,red,,4.0,,Audited load: heavy (10/10 tests loaded; median 0.24 sec; p90 0.43 sec; max features 2000; cap rate 60%).,BRIM load audit 2026-07,10.0,1.0,0.244208097457886,0.426765942573547,0.746921062469482,0.6
SWRCB / Water Boards,SAFER / Aquifer Risk,SWRCB GW,GW / SW Data Products,90,SWRCB GW,30,EXT054,Water Boards 2026 Aquifer Risk Map — Water Quality Risk,external,feature,https://gispublic.waterboards.ca.gov/portalserver/rest/services/Hosted/Water_Quality_Risk_2026_ARM/FeatureServer/2,True,True,0.75,Water quality risk estimates for domestic wells and state small water systems. Current-view loading is recommended.,https://gispublic.waterboards.ca.gov/portalserver/rest/services/Hosted/Water_Quality_Risk_2026_ARM/FeatureServer,,,213,current_view,,Large statewide polygon FeatureServer. Zoom in first and use current-view loading for better performance.,9.0,9.0,,,,,,,,,,,,,,,,,,,,,,,,,,red,,4.0,,Audited load: heavy (10/10 tests loaded; median 0.35 sec; p90 0.66 sec; max features 2000; cap rate 80%).,BRIM load audit 2026-07,10.0,1.0,0.34904408454895,0.658977842330933,0.693501949310303,0.8
SWRCB / Water Boards,Integrated Report / 303(d),Water quality / impaired waters,GW / SW Data Products,90,SWRCB SW,35,SWRCB_2024_IR_LINES,2024 Integrated Report | SWRCB lines,external,feature,https://gispublic.waterboards.ca.gov/portalserver/rest/services/Hosted/Draft_2024_Integrated_Report_Lines/FeatureServer/1,True,True,0.62,"2024 Integrated Report assessed-waterbody layer. Linear waterbodies such as streams, rivers, and beaches from the 2024 Integrated Report.",https://www.waterboards.ca.gov/water_issues/programs/water_quality_assessment/2024-integrated-report.html,California,Current 2024 Integrated Report screening layer; includes assessed waterbodies and listing status. Use popups/fact sheets for impairment/listing details.,3,current_view,,Current-view snapshot only. Zoom in and refresh current view for local screening; statewide requests may be capped or slow.,,8.0,,2024 Integrated Report categories/listing status are source attributes; BRIM uses a simple listing-status style where feature attributes are available.,"wbname,wbid,wbtype,board_name,category,listing_status,prior_cycle_listings,proposed_new_listings,proposed_new_delisting,notes","wbname=Waterbody name,wbid=Waterbody ID,wbtype=Waterbody type,board_name=Regional Board,category=2024 Integrated Report category,listing_status=2024 listing status,prior_cycle_listings=Existing/current listed pollutants (from prior cycles),proposed_new_listings=Proposed 2024 new listings,proposed_new_delisting=Proposed 2024 delistings,notes=Notes",{fact_sheets_raw},Open waterbody fact sheet,,"wbname,category,listing_status,board_name","wbname=Waterbody,category=Category,listing_status=Listing,board_name=Regional Board",wbname,,,,wbname,"wbname,wbid,wbtype,board_name,category,listing_status,prior_cycle_listings,proposed_new_listings,proposed_new_delisting,fact_sheets,notes",Screening current 2024 Integrated Report assessment/category/listing status and opening source fact sheets.,Shows current assessed waterbodies from the 2024 Integrated Report; use popups for category/listing status and fact-sheet links.,,listing_status,swrcb_ir_listing_status,listing status,2024 Integrated Report listing status,,2024 Integrated Report replaces legacy 2010 impaired-waters MapServer row. Includes assessed waterbodies; categories 4a/4b/5 are the 303(d) listed/impaired subset.,False,gray,,,,New 2024 Integrated Report row; rerun External load audit for empirical badge.,not_audited_after_2024_ir_add,,,,,,
SWRCB / Water Boards,Integrated Report / 303(d),Water quality / impaired waters,GW / SW Data Products,90,SWRCB SW,35,SWRCB_2024_IR_POLYGONS,2024 Integrated Report | SWRCB polygons,external,feature,https://gispublic.waterboards.ca.gov/portalserver/rest/services/Hosted/2024_Integrated_Report_Polygons/FeatureServer/0,True,True,0.62,"2024 Integrated Report assessed-waterbody layer. Polygon waterbodies such as bays, lakes, and reservoirs from the 2024 Integrated Report.",https://www.waterboards.ca.gov/water_issues/programs/water_quality_assessment/2024-integrated-report.html,California,Current 2024 Integrated Report screening layer; includes assessed waterbodies and listing status. Use popups/fact sheets for impairment/listing details.,3,current_view,,Current-view snapshot only. Zoom in and refresh current view for local screening; statewide requests may be capped or slow.,,8.0,,2024 Integrated Report categories/listing status are source attributes; BRIM uses a simple listing-status style where feature attributes are available.,"wbname,wbid,wbtype,board_name,category,listing_status,prior_cycle_listings,proposed_new_listings,proposed_new_delisting,notes","wbname=Waterbody name,wbid=Waterbody ID,wbtype=Waterbody type,board_name=Regional Board,category=2024 Integrated Report category,listing_status=2024 listing status,prior_cycle_listings=Existing/current listed pollutants (from prior cycles),proposed_new_listings=Proposed 2024 new listings,proposed_new_delisting=Proposed 2024 delistings,notes=Notes",{fact_sheets_raw},Open waterbody fact sheet,,"wbname,category,listing_status,board_name","wbname=Waterbody,category=Category,listing_status=Listing,board_name=Regional Board",wbname,,,,wbname,"wbname,wbid,wbtype,board_name,category,listing_status,prior_cycle_listings,proposed_new_listings,proposed_new_delisting,fact_sheets,notes",Screening current 2024 Integrated Report assessment/category/listing status and opening source fact sheets.,Shows current assessed waterbodies from the 2024 Integrated Report; use popups for category/listing status and fact-sheet links.,,listing_status,swrcb_ir_listing_status,listing status,2024 Integrated Report listing status,,2024 Integrated Report replaces legacy 2010 impaired-waters MapServer row. Includes assessed waterbodies; categories 4a/4b/5 are the 303(d) listed/impaired subset.,False,gray,,,,New 2024 Integrated Report row; rerun External load audit for empirical badge.,not_audited_after_2024_ir_add,,,,,,
SWRCB / Water Boards,Integrated Report,SWRCB SW,GW / SW Data Products,90,SWRCB SW,40,EXT052,SWRCB impaired waters | 2010 legacy service,disabled,map,https://gispublic.waterboards.ca.gov/arcgis/rest/services/Water_Quality/Impaired_waters/MapServer,False,False,0.58,Water bodies assessed and listed as impaired under Clean Water Act 303(d)/305(b). Legacy 2010 impaired-waters service retained for reference; hidden from External panel after 2024 Integrated Report rows were added.,https://gispublic.waterboards.ca.gov/arcgis/rest/services/Water_Quality/Impaired_waters/MapServer,,,211,visual,,,8.0,,https://gispublic.waterboards.ca.gov/arcgis/rest/services/Water_Quality/Impaired_waters/MapServer/legend,,,,,,,,,,,,,,,,,,,,,,,,,green,,1.0,,Audited load: fast (10/10 tests loaded; median 0.16 sec; p90 0.68 sec; max features n/a).,BRIM load audit 2026-07,10.0,1.0,0.159416556358337,0.676646089553832,3.37649416923523,0.0
DWR / CNRA,DWR GIS Atlas,1water,Hydrologic Basins / Admin Boundaries,100,1water,10,EXT005,DWR Hydrologic Regions,external,map,https://gis.water.ca.gov/arcgis/rest/services/Boundaries/i03_Hydrologic_Regions/MapServer,False,False,0.58,California DWR ArcGIS REST MapServer layer. Use as a visual overlay.,https://gis.water.ca.gov/arcgis/rest/services/Boundaries/i03_Hydrologic_Regions/MapServer,,,113,visual,,,,,https://gis.water.ca.gov/arcgis/rest/services/Boundaries/i03_Hydrologic_Regions/MapServer/legend,DWR service-rendered legend.,,,,,,,,,,,,,,,,,,,,,,,,green,,1.0,,Audited load: fast (10/10 tests loaded; median 0.29 sec; p90 2.78 sec; max features n/a).,BRIM load audit 2026-07,10.0,1.0,0.289263606071472,2.78212537765503,3.08500599861145,0.0
DWR / CNRA,DWR GIS Atlas,1water,Hydrologic Basins / Admin Boundaries,100,1water,10,EXT006,DWR Water Plan Planning Areas,external,map,https://gis.water.ca.gov/arcgis/rest/services/Boundaries/i03_Water_Plan_Planning_Areas/MapServer,False,False,0.58,California DWR ArcGIS REST MapServer layer. Use as a visual overlay.,https://gis.water.ca.gov/arcgis/rest/services/Boundaries/i03_Water_Plan_Planning_Areas/MapServer,,,114,visual,,,,,https://gis.water.ca.gov/arcgis/rest/services/Boundaries/i03_Water_Plan_Planning_Areas/MapServer/legend,DWR service-rendered legend.,,,,,,,,,,,,,,,,,,,,,,,,yellow,,2.0,,Audited load: moderate (10/10 tests loaded; median 0.29 sec; p90 3.51 sec; max features n/a).,BRIM load audit 2026-07,10.0,1.0,0.290427565574646,3.50976364612579,4.34658002853394,0.0
DWR / CNRA,DWR GIS Atlas,1water,Hydrologic Basins / Admin Boundaries,100,1water,10,EXT007,DWR IRWM Regions,external,map,https://gis.water.ca.gov/arcgis/rest/services/Boundaries/i03_IRWM_Regions/MapServer,False,False,0.58,California DWR ArcGIS REST MapServer layer. Use as a visual overlay.,https://gis.water.ca.gov/arcgis/rest/services/Boundaries/i03_IRWM_Regions/MapServer,,,115,visual,,,,,https://gis.water.ca.gov/arcgis/rest/services/Boundaries/i03_IRWM_Regions/MapServer/legend,DWR service-rendered legend.,,,,,,,,,,,,,,,,,,,,,,,,green,,1.0,,Audited load: fast (10/10 tests loaded; median 0.19 sec; p90 2.91 sec; max features n/a).,BRIM load audit 2026-07,10.0,1.0,0.193315982818604,2.90992290973663,2.940181016922,0.0
SWRCB / Water Boards,GAMA / Reference Boundaries,1water,Hydrologic Basins / Admin Boundaries,100,1water,10,EXT053,RWQCB Boundaries — Water Boards,external,map,https://gispublic.waterboards.ca.gov/portalserver/rest/services/GAMA/Reference_Boundaries/MapServer/4,False,False,0.58,Regional Water Quality Control Board boundaries from Water Boards GAMA reference-boundaries service.,https://gispublic.waterboards.ca.gov/portalserver/rest/services/GAMA/Reference_Boundaries/MapServer,,,212,visual,,,,,https://gispublic.waterboards.ca.gov/portalserver/rest/services/GAMA/Reference_Boundaries/MapServer/legend,,,,,,,,,,,,,,,,,,,,,,,,,green,,1.0,,Audited load: fast (10/10 tests loaded; median 0.27 sec; p90 0.37 sec; max features n/a).,BRIM load audit 2026-07,10.0,1.0,0.272167086601257,0.370037984848022,0.379433870315552,0.0
DWR / CNRA,DWR GIS Atlas,Groundwater,Hydrologic Basins / Admin Boundaries,100,Groundwater,20,EXT002,DWR Adjudicated Groundwater Areas,external,map,https://gis.water.ca.gov/arcgis/rest/services/Boundaries/i03_Adjudicated_Areas/MapServer,False,False,0.58,California DWR ArcGIS REST MapServer layer. Use as a visual overlay.,https://gis.water.ca.gov/arcgis/rest/services/Boundaries/i03_Adjudicated_Areas/MapServer,,,110,visual,,,,,https://gis.water.ca.gov/arcgis/rest/services/Boundaries/i03_Adjudicated_Areas/MapServer/legend,DWR service-rendered legend.,,,,,,,,,,,,,,,,,,,,,,,,yellow,,2.0,,Audited load: moderate (10/10 tests loaded; median 1.54 sec; p90 4.02 sec; max features n/a).,BRIM load audit 2026-07,10.0,1.0,1.54045808315277,4.02382984161377,4.75240707397461,0.0
DWR / CNRA,DWR GIS Atlas,Groundwater,Hydrologic Basins / Admin Boundaries,100,Groundwater,20,EXT003,DWR Groundwater Sustainability Agencies,external,map,https://gis.water.ca.gov/arcgis/rest/services/Boundaries/i03_Groundwater_Sustainability_Agencies/MapServer,False,False,0.58,California DWR ArcGIS REST MapServer layer. Use as a visual overlay.,https://gis.water.ca.gov/arcgis/rest/services/Boundaries/i03_Groundwater_Sustainability_Agencies/MapServer,,,111,visual,,,,,https://gis.water.ca.gov/arcgis/rest/services/Boundaries/i03_Groundwater_Sustainability_Agencies/MapServer/legend,DWR service-rendered legend.,,,,,,,,,,,,,,,,,,,,,,,,green,,1.0,,Audited load: fast (10/10 tests loaded; median 0.22 sec; p90 2.77 sec; max features n/a).,BRIM load audit 2026-07,10.0,1.0,0.223794102668762,2.76531698703766,2.80444097518921,0.0
DWR / CNRA,DWR GIS Atlas,Groundwater,Hydrologic Basins / Admin Boundaries,100,Groundwater,20,EXT004,DWR Groundwater Sustainability Plan Areas,external,map,https://gis.water.ca.gov/arcgis/rest/services/Boundaries/i03_Groundwater_Sustainability_Plan_Areas/MapServer,False,False,0.58,California DWR ArcGIS REST MapServer layer. Use as a visual overlay.,https://gis.water.ca.gov/arcgis/rest/services/Boundaries/i03_Groundwater_Sustainability_Plan_Areas/MapServer,,,112,visual,,,,,https://gis.water.ca.gov/arcgis/rest/services/Boundaries/i03_Groundwater_Sustainability_Plan_Areas/MapServer/legend,DWR service-rendered legend.,,,,,,,,,,,,,,,,,,,,,,,,green,,1.0,,Audited load: fast (10/10 tests loaded; median 0.19 sec; p90 2.94 sec; max features n/a).,BRIM load audit 2026-07,10.0,1.0,0.193346500396729,2.94033613204956,3.14952397346497,0.0
DWR / CNRA,DWR GIS Atlas,Groundwater,Hydrologic Basins / Admin Boundaries,100,Groundwater,20,EXT019,DWR Bulletin 118 Groundwater Basins,external,map,https://gis.water.ca.gov/arcgis/rest/services/Geoscientific/i08_B118_CA_GroundwaterBasins/MapServer,False,False,0.58,California DWR ArcGIS REST MapServer layer. Use as a visual overlay.,https://gis.water.ca.gov/arcgis/rest/services/Geoscientific/i08_B118_CA_GroundwaterBasins/MapServer,,,130,visual,,,,,https://gis.water.ca.gov/arcgis/rest/services/Geoscientific/i08_B118_CA_GroundwaterBasins/MapServer/legend,DWR service-rendered legend.,,,,,,,,,,,,,,,,,,,,,,,,green,,1.0,,Audited load: fast (10/10 tests loaded; median 0.25 sec; p90 0.6 sec; max features n/a).,BRIM load audit 2026-07,10.0,1.0,0.245388984680176,0.603760290145873,3.10729384422302,0.0
DWR / CNRA,DWR GIS Atlas,Groundwater,Hydrologic Basins / Admin Boundaries,100,Groundwater,20,EXT020,DWR Critically Overdrafted Basins,external,map,https://gis.water.ca.gov/arcgis/rest/services/Geoscientific/i08_CriticallyOverdraftedBasins/MapServer,False,False,0.58,California DWR ArcGIS REST MapServer layer. Use as a visual overlay.,https://gis.water.ca.gov/arcgis/rest/services/Geoscientific/i08_CriticallyOverdraftedBasins/MapServer,,,131,visual,,,,,https://gis.water.ca.gov/arcgis/rest/services/Geoscientific/i08_CriticallyOverdraftedBasins/MapServer/legend,DWR service-rendered legend.,,,,,,,,,,,,,,,,,,,,,,,,yellow,,2.0,,Audited load: moderate (10/10 tests loaded; median 0.18 sec; p90 3.02 sec; max features n/a).,BRIM load audit 2026-07,10.0,1.0,0.181577086448669,3.01619350910187,4.00022196769714,0.0
DWR / CNRA,DWR GIS Atlas,Groundwater,Hydrologic Basins / Admin Boundaries,100,Groundwater,20,EXT021,DWR SGMA 2019 Basin Prioritization,external,map,https://gis.water.ca.gov/arcgis/rest/services/Geoscientific/i08_B118_SGMA_2019_Basin_Prioritization/MapServer,False,False,0.58,California DWR ArcGIS REST MapServer layer. Use as a visual overlay.,https://gis.water.ca.gov/arcgis/rest/services/Geoscientific/i08_B118_SGMA_2019_Basin_Prioritization/MapServer,,,132,visual,,,,,https://gis.water.ca.gov/arcgis/rest/services/Geoscientific/i08_B118_SGMA_2019_Basin_Prioritization/MapServer/legend,Map legend is reproduced locally in BRIM from the source DWR SGMA 2019 basin-prioritization classes.,,,,,,,,,,,,,,,,,,sgma_basin_prioritization,,DWR SGMA 2019 Basin Prioritization,,,,green,,1.0,,Audited load: fast (10/10 tests loaded; median 0.29 sec; p90 2.79 sec; max features n/a).,BRIM load audit 2026-07,10.0,1.0,0.293571949005127,2.79489827156067,2.87064599990845,0.0
DWR / CNRA,DWR GIS Atlas,Surface water,Hydrologic Basins / Admin Boundaries,100,Surface water,30,EXT011,DWR Delta Primary/Secondary Zones,external,map,https://gis.water.ca.gov/arcgis/rest/services/Boundaries/i03_Delta_PrimarySecondary_Zones/MapServer,False,False,0.58,California DWR ArcGIS REST MapServer layer. Use as a visual overlay.,https://gis.water.ca.gov/arcgis/rest/services/Boundaries/i03_Delta_PrimarySecondary_Zones/MapServer,,,118,visual,,,,,https://gis.water.ca.gov/arcgis/rest/services/Boundaries/i03_Delta_PrimarySecondary_Zones/MapServer/legend,DWR service-rendered legend.,,,,,,,,,,,,,,,,,,,,,,,,green,,1.0,,Audited load: fast (10/10 tests loaded; median 0.11 sec; p90 2.67 sec; max features n/a).,BRIM load audit 2026-07,10.0,1.0,0.108170032501221,2.67477216720581,2.82319402694702,0.0
DWR / CNRA,DWR GIS Atlas,Surface water,Hydrologic Basins / Admin Boundaries,100,Surface water,30,EXT013,DWR Legal Delta Boundary,external,map,https://gis.water.ca.gov/arcgis/rest/services/Boundaries/i03_LegalDeltaBoundary/MapServer,False,False,0.58,California DWR ArcGIS REST MapServer layer. Use as a visual overlay.,https://gis.water.ca.gov/arcgis/rest/services/Boundaries/i03_LegalDeltaBoundary/MapServer,,,119,visual,,,,,https://gis.water.ca.gov/arcgis/rest/services/Boundaries/i03_LegalDeltaBoundary/MapServer/legend,DWR service-rendered legend.,,,,,,,,,,,,,,,,,,,,,,,,green,,1.0,,Audited load: fast (10/10 tests loaded; median 0.09 sec; p90 2.89 sec; max features n/a).,BRIM load audit 2026-07,10.0,1.0,0.0943015813827515,2.89423038959503,2.96984314918518,0.0
DWR / CNRA,DWR GIS Atlas,Surface water,Hydrologic Basins / Admin Boundaries,100,Surface water,30,EXT014,DWR Suisun Marsh Boundary,external,map,https://gis.water.ca.gov/arcgis/rest/services/Boundaries/i03_SuisunMarshBoundary/MapServer,False,False,0.58,California DWR ArcGIS REST MapServer layer. Use as a visual overlay.,https://gis.water.ca.gov/arcgis/rest/services/Boundaries/i03_SuisunMarshBoundary/MapServer,,,120,visual,,,,,https://gis.water.ca.gov/arcgis/rest/services/Boundaries/i03_SuisunMarshBoundary/MapServer/legend,DWR service-rendered legend.,,,,,,,,,,,,,,,,,,,,,,,,green,,1.0,,Audited load: fast (10/10 tests loaded; median 0.09 sec; p90 2.59 sec; max features n/a).,BRIM load audit 2026-07,10.0,1.0,0.0885034799575806,2.58593134880066,2.86456394195557,0.0
USFS,Enterprise Data Warehouse,Watershed condition,Hydrologic Basins / Admin Boundaries,100,Watershed condition,40,USFS_PRIORITY_WATERSHEDS,Watershed condition | USFS priority watersheds,external,map,https://apps.fs.usda.gov/arcx/rest/services/EDW/EDW_PriorityWatersheds_01/MapServer/0,True,True,0.58,USFS EDW priority watersheds / watershed condition context.,https://apps.fs.usda.gov/arcx/rest/services/EDW/EDW_PriorityWatersheds_01/MapServer/0,National Forest System / USFS EDW,Watershed-condition and priority-watershed context for basin and project screening.,220,current_view,,USFS watershed layer. Load current view for feature inspection.,7.0,7.0,,First-pass overlay. Condition/priority styling can be added after returned values are confirmed.,WATERSHED_NAME;WATERSHED_NM;HUC12;HUC_12;FORESTNAME;FOREST_NAME;UNIT_NAME;CONDITION_CLASS;CONDITION;PRIORITY;PRIORITY_YEAR;STATUS;RATIONALE;WATER_QUALITY;WATER_QUANTITY;RIPARIAN,WATERSHED_NAME=Watershed name;WATERSHED_NM=Watershed name;HUC12=HUC12;HUC_12=HUC12;FORESTNAME=Forest;FOREST_NAME=Forest;UNIT_NAME=Unit;CONDITION_CLASS=Condition class;CONDITION=Condition;PRIORITY=Priority;PRIORITY_YEAR=Priority year;STATUS=Status;RATIONALE=Rationale;WATER_QUALITY=Water quality;WATER_QUANTITY=Water quantity;RIPARIAN=Riparian,,,,WATERSHED_NAME;WATERSHED_NM;HUC12;HUC_12;CONDITION_CLASS;CONDITION;PRIORITY,WATERSHED_NAME=Watershed;WATERSHED_NM=Watershed;HUC12=HUC12;HUC_12=HUC12;CONDITION_CLASS=Condition;CONDITION=Condition;PRIORITY=Priority,WATERSHED_NAME;WATERSHED_NM,WATERSHED_NAME;WATERSHED_NM,,False,WATERSHED_NAME,,Watershed-condition / USFS priority-watershed screening.,Watershed-condition context in existing hydrologic-basin/admin-boundary group.,,,,,,,MapServer current-view query first pass; field names are candidate EDW attributes and should be refined after testing.,False,orange,,3.0,,Audited load: slow (8/10 tests loaded; median 0.33 sec; p90 2.53 sec; max features 57).,BRIM load audit 2026-07,10.0,0.8,0.327031016349792,2.53476073741913,6.91394591331482,0.0
DWR / CNRA,DWR GIS Atlas,C2VSIM,Hydrologic Model / Product,110,C2VSIM,10,EXT031,DWR C2VSimFG Groundwater Head Observations,external,map,https://gis.water.ca.gov/arcgis/rest/services/Geoscientific/C2VSimFG_Groundwater_Head_Observations/MapServer,False,False,0.58,California DWR ArcGIS REST MapServer layer. Use as a visual overlay.,https://gis.water.ca.gov/arcgis/rest/services/Geoscientific/C2VSimFG_Groundwater_Head_Observations/MapServer,,,142,visual,,,8.0,,https://gis.water.ca.gov/arcgis/rest/services/Geoscientific/C2VSimFG_Groundwater_Head_Observations/MapServer/legend,DWR service-rendered legend.,,,,,,,,,,,,,,,,,,,,,,,,yellow,,2.0,,Audited load: moderate (10/10 tests loaded; median 0.3 sec; p90 3.12 sec; max features n/a).,BRIM load audit 2026-07,10.0,1.0,0.298584461212158,3.11819996833801,3.17425084114075,0.0
DWR / CNRA,DWR GIS Atlas,C2VSIM,Hydrologic Model / Product,110,C2VSIM,10,EXT032,DWR C2VSimFG Stream Observations,external,map,https://gis.water.ca.gov/arcgis/rest/services/Geoscientific/C2VSimFG_Stream_Observations/MapServer,False,False,0.58,California DWR ArcGIS REST MapServer layer. Use as a visual overlay.,https://gis.water.ca.gov/arcgis/rest/services/Geoscientific/C2VSimFG_Stream_Observations/MapServer,,,143,visual,,,8.0,,https://gis.water.ca.gov/arcgis/rest/services/Geoscientific/C2VSimFG_Stream_Observations/MapServer/legend,DWR service-rendered legend.,,,,,,,,,,,,,,,,,,,,,,,,green,,1.0,,Audited load: fast (10/10 tests loaded; median 0.08 sec; p90 2.85 sec; max features n/a).,BRIM load audit 2026-07,10.0,1.0,0.0775014162063599,2.85189652442932,3.023766040802,0.0
DWR / CNRA,DWR GIS Atlas,C2VSIM,Hydrologic Model / Product,110,C2VSIM,10,EXT034,DWR C2VSimFG Boundary,external,map,https://gis.water.ca.gov/arcgis/rest/services/Geoscientific/i08_C2VSimFG_Boundary/MapServer,False,False,0.58,California DWR ArcGIS REST MapServer layer. Use as a visual overlay.,https://gis.water.ca.gov/arcgis/rest/services/Geoscientific/i08_C2VSimFG_Boundary/MapServer,,,145,visual,,,,,https://gis.water.ca.gov/arcgis/rest/services/Geoscientific/i08_C2VSimFG_Boundary/MapServer/legend,DWR service-rendered legend.,,,,,,,,,,,,,,,,,,,,,,,,yellow,,2.0,,Audited load: moderate (10/10 tests loaded; median 0.14 sec; p90 3.02 sec; max features n/a).,BRIM load audit 2026-07,10.0,1.0,0.137090563774109,3.02430517673492,4.46675491333008,0.0
DWR / CNRA,DWR GIS Atlas,C2VSIM,Hydrologic Model / Product,110,C2VSIM,10,EXT035,DWR C2VSimFG Elements,external,map,https://gis.water.ca.gov/arcgis/rest/services/Geoscientific/i08_C2VSimFG_Elements/MapServer,False,False,0.58,California DWR ArcGIS REST MapServer layer. Use as a visual overlay.,https://gis.water.ca.gov/arcgis/rest/services/Geoscientific/i08_C2VSimFG_Elements/MapServer,,,146,visual,,,8.0,,https://gis.water.ca.gov/arcgis/rest/services/Geoscientific/i08_C2VSimFG_Elements/MapServer/legend,DWR service-rendered legend.,,,,,,,,,,,,,,,,,,,,,,,,yellow,,2.0,,Audited load: moderate (10/10 tests loaded; median 0.4 sec; p90 3.21 sec; max features n/a).,BRIM load audit 2026-07,10.0,1.0,0.400491952896118,3.20648379325867,3.45348691940308,0.0
DWR / CNRA,DWR GIS Atlas,C2VSIM,Hydrologic Model / Product,110,C2VSIM,10,EXT036,DWR C2VSimFG Nodes,external,map,https://gis.water.ca.gov/arcgis/rest/services/Geoscientific/i08_C2VSimFG_Nodes/MapServer,False,False,0.58,California DWR ArcGIS REST MapServer layer. Use as a visual overlay.,https://gis.water.ca.gov/arcgis/rest/services/Geoscientific/i08_C2VSimFG_Nodes/MapServer,,,147,visual,,,9.0,,https://gis.water.ca.gov/arcgis/rest/services/Geoscientific/i08_C2VSimFG_Nodes/MapServer/legend,DWR service-rendered legend.,,,,,,,,,,,,,,,,,,,,,,,,yellow,,2.0,,Audited load: moderate (10/10 tests loaded; median 0.29 sec; p90 3.09 sec; max features n/a).,BRIM load audit 2026-07,10.0,1.0,0.292183518409729,3.09471774101257,3.26397800445557,0.0
DWR / CNRA,DWR GIS Atlas,C2VSIM,Hydrologic Model / Product,110,C2VSIM,10,EXT037,DWR C2VSimFG Stream Reaches,external,map,https://gis.water.ca.gov/arcgis/rest/services/Geoscientific/i08_C2VSimFG_Stream_Reaches/MapServer,False,False,0.58,California DWR ArcGIS REST MapServer layer. Use as a visual overlay.,https://gis.water.ca.gov/arcgis/rest/services/Geoscientific/i08_C2VSimFG_Stream_Reaches/MapServer,,,148,visual,,,8.0,,https://gis.water.ca.gov/arcgis/rest/services/Geoscientific/i08_C2VSimFG_Stream_Reaches/MapServer/legend,DWR service-rendered legend.,,,,,,,,,,,,,,,,,,,,,,,,yellow,,2.0,,Audited load: moderate (10/10 tests loaded; median 0.17 sec; p90 3.05 sec; max features n/a).,BRIM load audit 2026-07,10.0,1.0,0.16643238067627,3.04941816329956,4.40849089622498,0.0
DWR / CNRA,DWR GIS Atlas,C2VSIM,Hydrologic Model / Product,110,C2VSIM,10,EXT038,DWR C2VSimFG Subregions,external,map,https://gis.water.ca.gov/arcgis/rest/services/Geoscientific/i08_C2VSimFG_Subregions/MapServer,False,False,0.58,California DWR ArcGIS REST MapServer layer. Use as a visual overlay.,https://gis.water.ca.gov/arcgis/rest/services/Geoscientific/i08_C2VSimFG_Subregions/MapServer,,,149,visual,,,,,https://gis.water.ca.gov/arcgis/rest/services/Geoscientific/i08_C2VSimFG_Subregions/MapServer/legend,DWR service-rendered legend.,,,,,,,,,,,,,,,,,,,,,,,,yellow,,2.0,,Audited load: moderate (10/10 tests loaded; median 0.15 sec; p90 3.4 sec; max features n/a).,BRIM load audit 2026-07,10.0,1.0,0.148221015930176,3.39584093093872,3.87145495414734,0.0
NOAA / NWS / NOHRSC,NOHRSC Snow Analysis,NOHRSC,Hydrologic Model / Product,110,NOHRSC,20,EXT058,NOHRSC snow depth,external,map,https://mapservices.weather.noaa.gov/raster/rest/services/snow/NOHRSC_Snow_Analysis/MapServer/3,False,False,0.62,NOHRSC gridded snow-depth analysis. Modeled/gridded product; complements but does not replace station observations.,https://www.nohrsc.noaa.gov/,CONUS and adjacent regional context,Screening/context layer for mapped snow cover/depth. Use station observations and local knowledge where precision matters.,218,visual,,Server-rendered raster image layer; may take a moment to draw or update while panning/zooming.,,,https://mapservices.weather.noaa.gov/raster/rest/services/snow/NOHRSC_Snow_Analysis/MapServer/legend,Use official NOHRSC/ArcGIS legend for snow-depth categories and units.,,,,,,,,,,,,,,Regional modeled snow-depth context near a project or access route.,Useful broad context layer; later visual legend/opacity controls may improve readability.,,,,,,,Added as a server-rendered MapServer image layer rather than a local vector snapshot.,False,green,,1.0,,Audited load: fast (10/10 tests loaded; median 0.22 sec; p90 0.27 sec; max features n/a).,BRIM load audit 2026-07,10.0,1.0,0.220754027366638,0.27416660785675,0.577986001968384,0.0
NOAA / NWS / NOHRSC,NOHRSC Snow Analysis,NOHRSC,Hydrologic Model / Product,110,NOHRSC,20,EXT059,NOHRSC SWE,external,map,https://mapservices.weather.noaa.gov/raster/rest/services/snow/NOHRSC_Snow_Analysis/MapServer/7,False,False,0.62,NOHRSC gridded snow-water-equivalent analysis. Modeled/gridded product; complements but does not replace station observations.,https://www.nohrsc.noaa.gov/,CONUS and adjacent regional context,Screening/context layer for modeled gridded SWE. Use station observations and local knowledge where precision matters.,219,visual,,Server-rendered raster image layer; may take a moment to draw or update while panning/zooming.,,,https://mapservices.weather.noaa.gov/raster/rest/services/snow/NOHRSC_Snow_Analysis/MapServer/legend,Use official NOHRSC/ArcGIS legend for SWE categories and units.,,,,,,,,,,,,,,Regional modeled SWE context to complement BRIM snow-pillow station observations.,Useful broad context layer; later visual legend/opacity controls may improve readability.,,,,,,,Added as a server-rendered MapServer image layer rather than a local vector snapshot.,False,green,,1.0,,Audited load: fast (10/10 tests loaded; median 0.22 sec; p90 0.24 sec; max features n/a).,BRIM load audit 2026-07,10.0,1.0,0.224156498908997,0.237635612487793,0.255190134048462,0.0
NOAA / NWS / OWP,National Water Model,NWM,Hydrologic Model / Product,110,NWM,30,EXT057,NWM Streamflow Analysis (cfs),external,map,https://mapservices.weather.noaa.gov/vector/rest/services/obs/NWM_Stream_Analysis/MapServer,False,False,0.65,Modeled National Water Model streamflow analysis layer. This is not an observed gage layer; use together with observed gages and local PT2 context.,https://water.noaa.gov/about/nwm,CONUS with partial Canada/Mexico coverage,NOAA/NWS modeled streamflow on stream reaches. PT2 requests the scale-dependent streamflow sublayers explicitly so the visual MapServer draws reliably as users zoom. Modeled flow is not the same as observed gage flow.,216,visual,,"National linework. This visual MapServer layer is server-rendered, but it may still be dense at broad extents.",,,https://mapservices.weather.noaa.gov/vector/rest/services/obs/NWM_Stream_Analysis/MapServer/legend,Official NWM streamflow categories in cubic feet per second; service description states hourly updates. PT2 requests sublayers 1-6 from the parent service for reliable scale-dependent drawing.,,,,,,,,,,,,,,Modeled streamflow context between gages and in ungaged reaches.,Screening-scale modeled flow magnitude on the stream network; complements observed gage point layers.,analysis_assim.streamflow;analysis_assim.flow_category;raw.stream_order,analysis_assim.flow_category,official_mapserver_renderer,cfs,NWM modeled streamflow categories,official,PT2 helper special case: parent NWM Stream Analysis MapServer uses scale-dependent leaf sublayers 1-6 for streamflow; requesting the group layer alone may not draw reliably through Esri Leaflet.,False,yellow,,2.0,,Audited load: moderate (10/10 tests loaded; median 3.52 sec; p90 3.87 sec; max features n/a).,BRIM load audit 2026-07,10.0,1.0,3.51524138450623,3.8688844203949,4.44879388809204,0.0
NOAA / NWS / OWP,National Water Model,NWM,Hydrologic Model / Product,110,NWM,30,EXT124,NWM near-surface soil moisture saturation,external,map,https://mapservices.weather.noaa.gov/raster/rest/services/obs/NWM_Land_Analysis/MapServer/3,False,False,0.6,"NOAA/NWS National Water Model Land Analysis near-surface soil moisture saturation image layer. Top ~40 cm model saturation context; not a station observation, percentile, or anomaly layer.",https://water.noaa.gov/about/nwm,CONUS,Useful broad wetness context; compare with SCAN station observations where available.,B,visual,,"Server-rendered raster image layer. It may be slow, and it should be treated as modeled wetness context rather than observed soil moisture.",,,https://mapservices.weather.noaa.gov/raster/rest/services/obs/NWM_Land_Analysis/MapServer/legend,Use provider raster legend.,,,,,,,,,,,,,,Broad modeled near-surface soil moisture/wetness screening.,yes,,,,percent saturation,Near-surface soil moisture saturation,,Raster image layer; popup fields not expected.,,green,,1.0,,Audited load: fast (10/10 tests loaded; median 0.26 sec; p90 0.44 sec; max features n/a).,BRIM load audit 2026-07,10.0,1.0,0.263500928878784,0.435448884963989,0.574983835220337,0.0
DWR / CNRA,DWR GIS Atlas,Wells,"Infrastructure, GW",120,Wells,10,EXT043,DWR Well Completion Reports Index,external,map,https://gis.water.ca.gov/arcgis/rest/services/Environment/i07_WellCompletionReports/MapServer,False,False,0.58,California DWR ArcGIS REST MapServer layer. Use as a visual overlay.,https://gis.water.ca.gov/arcgis/rest/services/Environment/i07_WellCompletionReports/MapServer,,,163,visual,,,10.0,,https://gis.water.ca.gov/arcgis/rest/services/Environment/i07_WellCompletionReports/MapServer/legend,DWR service-rendered legend.,,,,,,,,,,,,,,,,,,,,,,,,orange,,3.0,,Audited load: slow (8/10 tests loaded; median 5.06 sec; p90 8.38 sec; max features n/a).,BRIM load audit 2026-07,10.0,0.8,5.05911648273468,8.38315763473511,11.1730349063873,0.0
DWR / CNRA,DWR GIS Atlas,Wells,"Infrastructure, GW",120,Wells,10,EXT047,DWR Well Completion Reports Index — inspectable features,external,feature,https://gis.water.ca.gov/arcgis/rest/services/Environment/i07_WellCompletionReports/FeatureServer/0,True,True,0.75,California DWR FeatureServer layer. Current-view loading is recommended for larger statewide layers.,https://gis.water.ca.gov/arcgis/rest/services/Environment/i07_WellCompletionReports/FeatureServer/0,,,180,current_view,,Potentially large statewide FeatureServer. Zoom in first and use current-view loading for better performance.,10.0,10.0,,,,,,,,,,,,,,,,,,,,,,,,,,red,,4.0,,Audited load: heavy (10/10 tests loaded; median 2 sec; p90 6.47 sec; max features 1000; cap rate 100%).,BRIM load audit 2026-07,10.0,1.0,1.99945557117462,6.46654734611511,6.65343594551086,1.0
Caltrans,Transportation / NHS,transportation,"Infrastructure, not water",130,transportation,10,EXT115,National Highway System,external,feature,https://caltrans-gis.dot.ca.gov/arcgis/rest/services/CHhighway/National_Highway_System/FeatureServer/0,True,True,0.85,Caltrans National Highway System line layer. Useful as statewide access/infrastructure context.,https://gisdata-caltrans.opendata.arcgis.com/datasets/1f71fa512e824ff09d4b9c3f48b6d602_0/about,California,Access/infrastructure context for project screening. This is not a live road-closure or road-condition layer.,810,current_view,,Statewide line layer. Current-view loading is recommended for performance.,,6.0,,,RouteID;NHS_TYPE,RouteID=Route ID;NHS_TYPE=NHS type,,,,RouteID;NHS_TYPE,RouteID=Route;NHS_TYPE=NHS type,RouteID,,,,RouteID,*,Road/access context and identifying NHS route type near a project area.,Good compact context layer; may later merit better type-based symbology/legend.,NHS_TYPE,NHS_TYPE,category,,NHS type,,Caltrans service renderer uses NHS_TYPE categories. First BRIM add uses current-view FeatureServer loading and curated popup/hover fields.,False,red,,4.0,,Audited load: heavy (8/10 tests loaded; median 1.24 sec; p90 1.47 sec; max features 2000; cap rate 12%).,BRIM load audit 2026-07,10.0,0.8,1.2446985244751,1.46867890357971,1.69356989860535,0.125
FRA / BTS / NTAD,Rail transportation,transportation,"Infrastructure, not water",130,transportation,10,EXT118,Railroads,external,feature,https://services.arcgis.com/P3ePLMYs2RVChkJx/arcgis/rest/services/USA_Railroads/FeatureServer/0,True,True,0.85,"National railroad line layer from the FRA/BTS/NTAD-derived Esri-hosted service. Useful for access, infrastructure, and corridor screening.",https://railroads.dot.gov/rail-network-development/maps-and-data/maps-geographic-information-system/maps-geographic,CONUS; includes California,Transportation/infrastructure context for screening. Verify route ownership/status against authoritative project-specific sources before relying on it.,820,current_view,,National line layer. Zoom to California or a project area and use current-view loading for performance.,,6.0,,,RROWNER1;TRKRGHTS1;STATUS;FRAARCID;MILES,RROWNER1=Railroad owner;TRKRGHTS1=Track rights;STATUS=Status;FRAARCID=FRA arc ID;MILES=Miles,,,,RROWNER1;STATUS,RROWNER1=Owner;STATUS=Status,RROWNER1,,,,,*,,,,STATUS,category,,,,,False,red,,4.0,,Audited load: heavy (10/10 tests loaded; median 0.21 sec; p90 0.36 sec; max features 1000; cap rate 80%).,BRIM load audit 2026-07,10.0,1.0,0.206308484077454,0.358310461044311,0.530034065246582,0.8
California Energy Commission,Energy infrastructure,utility,"Infrastructure, not water",130,utility,20,EXT129,CEC electric transmission lines,external,feature,https://services3.arcgis.com/bWPjFyq029ChCGur/arcgis/rest/services/Transmission_Line/FeatureServer/2,True,True,0.75,California Energy Commission electric transmission line layer. Useful infrastructure context; verify with authoritative project/utility records before relying on alignment or status.,https://cecgis-caenergy.opendata.arcgis.com/datasets/CAEnergy::california-electric-transmission-lines-1,California,"Infrastructure context for project screening, access, ROW, fire/weather, and subsidence/canal concerns.",B,current_view,,Statewide line layer; load at project/local scale for best performance.,,6.0,,,Name;kV;Owner;Status;Circuit;Type;Length_Mile;Source,Name;kV;Owner;Status;Circuit;Type;Length (mi);Source,,,,Name;kV;Owner;Status,Name;kV;Owner;Status,Name,,,,,*,Electric transmission context near projects and water infrastructure.,yes,,kV,numeric_bins,kV,Transmission line voltage,,Future styling could vary by voltage/status.,,red,,4.0,,Audited load: heavy (10/10 tests loaded; median 1.3 sec; p90 2.2 sec; max features 2000; cap rate 40%).,BRIM load audit 2026-07,10.0,1.0,1.30461204051971,2.1969352722168,2.24889588356018,0.4
California Energy Commission / HIFLD,Energy infrastructure,utility,"Infrastructure, not water",130,utility,20,EXT130,Electric substations,external,feature,https://services5.arcgis.com/HDRa0B57OVrv2E1q/ArcGIS/rest/services/Electric_Substations/FeatureServer/0,True,True,0.8,Electric substation point layer. Useful infrastructure context; coverage may be incomplete for lower-voltage or local facilities.,https://www.arcgis.com/home/item.html?id=30bafe3247fd46a18f862593b7de33a8,California / broader US source layer,"Infrastructure context near projects, canals, fire/weather exposure, and access corridors.",B/C,current_view,,Point layer; load at project/local scale for best performance.,,6.0,,,NAME;SUB_1;SUB_2;MAX_VOLT;OWNER;STATUS;TYPE;CITY;STATE,Name;Substation 1;Substation 2;Max voltage;Owner;Status;Type;City;State,,,,NAME;MAX_VOLT;OWNER;STATUS,Name;Max voltage;Owner;Status,NAME,,,,,*,Electric substation context near projects and infrastructure.,yes,,MAX_VOLT,numeric_bins,kV,Substation max voltage,,Field names may need QA; show all attributes if curated fields miss.,,red,,4.0,,Audited load: heavy (10/10 tests loaded; median 0.19 sec; p90 0.32 sec; max features 2000; cap rate 20%).,BRIM load audit 2026-07,10.0,1.0,0.191659569740295,0.319863438606262,0.633140087127686,0.2
Esri / USGS / NOAA,ArcGIS Living Atlas / live feeds,Gages,"Infrastructure, SW",140,Gages,10,EXT056,Live Stream Gages / Flow,both,feature,https://services9.arcgis.com/RHVPKKiFTONKtxq3/arcgis/rest/services/Live_Stream_Gauges_v1/FeatureServer/0,True,True,0.8,"Near-real-time public live gage feed. Values depend on the source agency feed and may be stale or missing for some stations. BRIM classifies ordinary stream/canal gages, likely reservoir/lake pool records, and reservoir/lake/dam-adjacent questionable records from name/context.",https://services9.arcgis.com/RHVPKKiFTONKtxq3/arcgis/rest/services/Live_Stream_Gauges_v1/FeatureServer/0,United States; useful for California and adjacent basins,"Live observed gage context from a public multi-agency feed. BRIM keeps likely reservoir/lake pool records because some are not covered by the dedicated reservoir Ops layer, but flags their provider flow_cfs values as source values rather than current discharge.",215,current_view,flow_cfs IS NOT NULL,"Current-view live point query. Zoom to your area of interest before loading; pan/zoom and use Refresh current view to update the snapshot. Reservoir/lake/dam wording is classified client-side into stream, likely pool record, or questionable reservoir-adjacent record.",,5.0,,"Stream/canal gages use expanded circle size and color bins for raw, unnormalized flow magnitude; bins extend to 500k+ cfs for national-scale rivers. Likely reservoir/lake pool records use filled blue squares; provider flow_cfs is retained but should not be interpreted as current stream discharge. Reservoir/lake/dam-adjacent or questionable records use hollow/dashed blue squares.",name;stationid;org;flow_cfs;stage_ft;status;lastupdate;lastupdate_age;governing_location;status_full;status_24h;status_48h;status_72h,name=Gage;stationid=Station ID;org=Agency;flow_cfs=Source flow value;stage_ft=Stage / elevation;status=Current status;lastupdate=Last update;lastupdate_age=Age;governing_location=Governing location;status_full=Forecast status;status_24h=24-hr forecast status;status_48h=48-hr forecast status;status_72h=72-hr forecast status,{graphurl_raw},Open gage hydrograph,,name;flow_cfs;stage_ft;status;lastupdate,name=Gage;flow_cfs=Flow/source value;stage_ft=Stage/elevation;status=Status;lastupdate=Updated,name;flow_cfs,name,,False,name,,Observed flow context; event screening; quick lookup of gage status and hydrograph links; supplemental reservoir/lake pool-record awareness where dedicated reservoir layers do not cover the site.,Observed flow context; event screening; quick lookup of gage status and hydrograph links.,flow_cfs;status;stage_ft;lastupdate_age,flow_cfs,flow_cfs_size_color_status_outline,cfs,Stream/canal gages: expanded raw flow bins; reservoir/questionable records flagged,high_large,"PT2-specific styling classifies Live Stream Gages / Flow records as ordinary stream/canal gage circles, likely reservoir/lake pool record squares, or reservoir/lake/dam-adjacent questionable hollow squares. Classification is name/context-first with stage/elevation as supporting evidence; high flow_cfs alone is not used as a reservoir classifier.",False,yellow,,2.0,,Audited load: moderate (10/10 tests loaded; median 0.16 sec; p90 0.32 sec; max features 1233).,BRIM load audit 2026-07,10.0,1.0,0.157801985740662,0.317003393173218,0.53314995765686,0.0
BLM GBP,Surface Management Agency,classification,Land status,140,classification,10,EXT101,BLM CA Land Status / Surface Management Agency,disabled,map,https://gis.blm.gov/caarcgis/rest/services/lands/BLM_CA_LandStatus_SurfaceManagementAgency/MapServer/0,False,False,0.58,"California surface management agency context layer. Treat as surface-management context, not parcel-level ownership. Disabled in External panel; BRIM uses the special Federal Land Status / Surface Management Agency control.",https://gbp-blm-egis.hub.arcgis.com/datasets/BLM-EGIS::blm-ca-land-status-surface-management-agency/about,,,405,visual,,,,,https://gis.blm.gov/caarcgis/rest/services/lands/BLM_CA_LandStatus_SurfaceManagementAgency/MapServer/legend,BLM SMA legend from the ArcGIS REST service.,,,,,,,,,,,,,,,,,,,,,,,,,,,,,,,,,,,
BIA / DOI,American Indian and Alaska Native Land Area Representation (AIAN-LAR),classification,Non-Federal Lands,145,Tribal lands,10,EXT102,BIA Tribal Lands / AIAN-LAR,external,feature,https://services9.arcgis.com/2Gsi9RRor9I3ryL1/ArcGIS/rest/services/Tribal_Lands/FeatureServer/67,True,True,0.38,"BIA American Indian and Alaska Native Land Area Representation (AIAN-LAR), 7 Western States layer. Shows exterior land-area representation polygons for federal Indian reservations and associated trust/restricted/mixed-ownership and related land-area types.",https://services9.arcgis.com/2Gsi9RRor9I3ryL1/ArcGIS/rest/services/Tribal_Lands/FeatureServer/layers,Western U.S.; includes California,"Screening/reference layer for BIA AIAN-LAR tribal land-area representation polygons. This is a land-area/land-base layer, not a complete map of tribal presence, ancestral territories, consultation areas, or all federally recognized tribes. Many California tribes have small land bases or may not have trust/reservation land shown at statewide scale. BIA cautions that the GIS dataset is for illustrative, reference, and statistical use only and is not a legal, survey, ownership, or jurisdictional determination; consult the appropriate Tribe and BIA for authoritative interpretation.",406,current_view,,"Western-states polygon layer. Use current-view loading after zooming to California or a project area, and refresh current view after panning.",,5.0,,Simple BIA service renderer is used; Classification can be used for future categorical styling.,LARName;Classification;GISAcres;States;LARID,LARName=Name;Classification=Classification;GISAcres=GIS acres;States=States;LARID=LAR ID,,,,LARName;Classification;GISAcres,LARName=Name;Classification=Class;GISAcres=Acres,LARName,,GISAcres,,LARName,,"Screening-level awareness of BIA AIAN-LAR tribal land-area representation polygons near BLM lands, watersheds, projects, and consultation/context areas.","Tribal land-area context, federal Indian reservation/trust/restricted/mixed ownership land-area representation, consultation screening context.",Classification;GISAcres;States,Classification,categorical,classification,BIA AIAN-LAR classification,categorical,"BIA layer has compact schema: LARName, LARID, GISAcres, Classification, States. Important legal/use caveats should remain visible in notes/info.",,green,,1.0,,Audited load: fast (10/10 tests loaded; median 0.19 sec; p90 0.46 sec; max features 36).,BRIM load audit 2026-07,10.0,1.0,0.1897794008255,0.455993485450744,1.94938588142395,0.0
CDFW,CDFW Lands Program / BIOS,CDFW lands; refuges; wildlife areas; ecological reserves; conservation easements,Non-Federal Lands,145,State of California,20,CDFW_OWNED_OPERATED_LANDS,CDFW owned / operated lands and conservation easements,external,feature,https://services2.arcgis.com/Uq9r85Potqm3MfRV/arcgis/rest/services/biosds3092_fpu/FeatureServer/0,TRUE,TRUE,0.40,CDFW owned/operated lands and conservation easements; useful statewide wildlife area/ecological reserve context. Source warns boundaries are not surveyed/legal and some lands are closed/restricted.,https://filelib.wildlife.ca.gov/public/BDB/GIS/BIOS/metadata/DS3092.html,California,,213,current_view,,Statewide CDFW land/conservation-easement polygon layer. Use current-view loading; verify access/boundaries with CDFW source.,,8,,BRIM one-symbol CDFW lands/conservation overlay. Popup exposes property/type/access fields where returned.,"NAME,PROP_TYPE,REGION,GIS_ACRES,ACCESS,CDFW_OWN,MAPLABEL,LINK","Property,Property type,Region,GIS acres,Access,CDFW owned,Map label,Property/source link",https://filelib.wildlife.ca.gov/public/BDB/GIS/BIOS/metadata/DS3092.html||{LINK_raw},Open CDFW metadata||Open CDFW property/link,,"NAME,PROP_TYPE,ACCESS","Property,Type,Access",NAME,,,,,"OBJECTID,NAME,PROP_TYPE,REGION,GIS_ACRES,ACCESS,CDFW_OWN,MAPLABEL,LINK","Screening CDFW wildlife areas, ecological reserves, operated lands, and conservation easements near BLM/project areas.",TRUE,,,,,CDFW owned/operated lands and conservation easements,,"Metadata identifies key fields NAME, PROP_TYPE, REGION, GIS_ACRES, ACCESS, CDFW_OWN, MAPLABEL, LINK.",,yellow,yellow,3,3,Statewide polygon layer but much smaller than national heavy layers; current-view still recommended.,,,,,,,
BLM California,Recreation,sites & areas,Recreation,150,sites & areas,10,EXT116,BLM CA recreation sites,external,feature,https://gis.blm.gov/caarcgis/rest/services/Recreation/BLM_CA_RECS/FeatureServer/0,True,True,0.8,"BLM California recreation point features such as information centers, water-based sites, overnight/day-use sites, restrooms, water access, parking, trailheads, and related facilities/opportunities.",https://gbp-blm-egis.hub.arcgis.com/maps/b546820ecc4a439aae9f5e1d8c576c4c,California,"BLM recreation/access context. Use for screening and orientation; verify current public access, status, restrictions, and conditions with official BLM sources.",850,current_view,,Statewide BLM recreation service. Zoom to an area of interest and use current-view loading for best performance.,,7.0,,,FET_NAME;FET_TYPE;FET_SUBTYPE;UNIT_NAME;DESCRIPTION;WEB_LINK,FET_NAME=Name;FET_TYPE=Feature type;FET_SUBTYPE=Subtype;UNIT_NAME=Unit;DESCRIPTION=Description;WEB_LINK=Web link;GIS_ACRES=GIS acres,{WEB_LINK},Open recreation page,,FET_NAME;FET_SUBTYPE;UNIT_NAME,FET_NAME=Name;FET_SUBTYPE=Subtype;UNIT_NAME=Unit,FET_NAME,,,,FET_NAME,*,BLM recreation/access context near a project area.,Useful compact BLM context; later custom symbols may improve readability.,FET_TYPE;FET_SUBTYPE,FET_TYPE,category,,Recreation feature type,,"Curated fields use BLM recreation service fields FET_NAME, FET_TYPE, FET_SUBTYPE, UNIT_NAME, DESCRIPTION, WEB_LINK, and GIS_ACRES where available.",False,yellow,,2.0,,Audited load: moderate (10/10 tests loaded; median 0.18 sec; p90 0.27 sec; max features 595).,BRIM load audit 2026-07,10.0,1.0,0.179757475852966,0.266107654571533,0.496917963027954,0.0
BLM California,Recreation,sites & areas,Recreation,150,sites & areas,10,EXT117,BLM CA recreation areas,external,feature,https://gis.blm.gov/caarcgis/rest/services/Recreation/BLM_CA_RECS/FeatureServer/1,True,True,0.55,"BLM California recreation polygon features such as campgrounds, OHV designated areas, recreation management areas/zones, and natural/endangered areas.",https://gbp-blm-egis.hub.arcgis.com/maps/b546820ecc4a439aae9f5e1d8c576c4c,California,"BLM recreation/access context. Use for screening and orientation; verify current public access, status, restrictions, and conditions with official BLM sources.",851,current_view,,Statewide BLM recreation service. Zoom to an area of interest and use current-view loading for best performance.,,6.0,,,FET_NAME;FET_TYPE;FET_SUBTYPE;UNIT_NAME;GIS_ACRES;DESCRIPTION;WEB_LINK,FET_NAME=Name;FET_TYPE=Feature type;FET_SUBTYPE=Subtype;UNIT_NAME=Unit;DESCRIPTION=Description;WEB_LINK=Web link;GIS_ACRES=GIS acres,{WEB_LINK},Open recreation page,,FET_NAME;FET_SUBTYPE;UNIT_NAME;GIS_ACRES,FET_NAME=Name;FET_SUBTYPE=Subtype;UNIT_NAME=Unit;GIS_ACRES=GIS acres,FET_NAME,,GIS_ACRES,,FET_NAME,*,BLM recreation/access context near a project area.,Useful compact BLM context; later custom symbols may improve readability.,FET_TYPE;FET_SUBTYPE,FET_TYPE,category,,Recreation feature type,,"Curated fields use BLM recreation service fields FET_NAME, FET_TYPE, FET_SUBTYPE, UNIT_NAME, DESCRIPTION, WEB_LINK, and GIS_ACRES where available.",False,orange,,3.0,,Audited load: slow (10/10 tests loaded; median 0.26 sec; p90 3.05 sec; max features 29).,BRIM load audit 2026-07,10.0,1.0,0.255581021308899,3.05036954879761,3.56825304031372,0.0
BLM,National Operations Center / CadNSDI,PLSS,Survey / Land Grid,160,PLSS / CadNSDI,10,EXT103,BLM National PLSS / CadNSDI,external,map,https://gis.blm.gov/arcgis/rest/services/Cadastral/BLM_Natl_PLSS_CadNSDI/MapServer,True,True,0.65,"National BLM CadNSDI PLSS parent MapServer visual overlay. Preserves official source cartography for townships, sections, and intersected/atomic PLSS detail where scale-dependent layers are visible. Use after zooming into an area of interest.",https://gis.blm.gov/arcgis/rest/services/Cadastral/BLM_Natl_PLSS_CadNSDI/MapServer/layers,United States PLSS coverage,Visual MapServer overlay is used intentionally to preserve official PLSS/CadNSDI symbology and avoid the generic current-view purple fill. Use identify/hover/click for attributes where supported.,407,visual,,Very dense PLSS layer. Load only at close zoom and use Refresh current view after panning/zooming.,10.0,,https://gis.blm.gov/arcgis/rest/services/Cadastral/BLM_Natl_PLSS_CadNSDI/MapServer/legend,BLM service-rendered PLSS legend; layer visibility and labels are scale dependent in the source service.,STATEABBR;PRINMER;TWNSHPLAB;FRSTDIVLAB;FRSTDIVTXT;SECDIVLAB;SECDIVTXT;QSEC;QQSEC;GOVLOT;SURVLAB;SRVNAME;GISACRE;RECRDAREATX;SOURCEDATE;SOURCEREF;STEWARD;PLSSID;FRSTDIVID;SECDIVID,STATEABBR=State;PRINMER=Principal meridian;TWNSHPLAB=Township/range;FRSTDIVLAB=Section / first division;FRSTDIVTXT=First division type;SECDIVLAB=Aliquot / second division;SECDIVTXT=Second division type;QSEC=Quarter section;QQSEC=Quarter-quarter section;GOVLOT=Government lot;SURVLAB=Survey label;SRVNAME=Survey name;GISACRE=GIS acres;RECRDAREATX=Record area;SOURCEDATE=Source date;SOURCEREF=Source reference;STEWARD=Steward;PLSSID=Township ID;FRSTDIVID=First division ID;SECDIVID=Second division ID,,,,TWNSHPLAB;FRSTDIVLAB;SECDIVLAB;QSEC;QQSEC;GOVLOT;GISACRE,TWNSHPLAB=Township/range;FRSTDIVLAB=Section;SECDIVLAB=Aliquot;QSEC=Quarter;QQSEC=QQ;GOVLOT=Gov lot;GISACRE=Acres,TWNSHPLAB;FRSTDIVLAB;SECDIVLAB,,GISACRE=2,,SECDIVLAB,"STATEABBR,PRINMER,TWNSHPLAB,FRSTDIVLAB,FRSTDIVTXT,SECDIVLAB,SECDIVTXT,QSEC,QQSEC,GOVLOT,SURVLAB,SRVNAME,GISACRE,RECRDAREATX,SOURCEDATE,SOURCEREF,STEWARD,PLSSID,FRSTDIVID,SECDIVID",BLM cadastral reference for township/range/section/aliquot descriptors and legal-location screening.,"Use at close zoom as a transparent reference overlay. Pair with hydrology, project, land-status, or field-office layers for legal-location context.",,,,,BLM National PLSS / CadNSDI,,RF020b update. Switched from current-view /MapServer/3 feature snapshot to parent MapServer visual overlay so source cartography/scale-dependent PLSS layers display more clearly.,False,green,,1.0,,Audited load: fast (10/10 tests loaded; median 0.37 sec; p90 0.45 sec; max features n/a).,BRIM load audit 2026-07,10.0,1.0,0.374907970428467,0.452429795265198,0.468194961547852,0.0
BLM California,CADNSDI / Cadastral,PLSS,Survey / Land Grid,160,PLSS / CadNSDI,10,EXT104,BLM-CA PLSS Aliquots / Sections,external,map,https://gis.blm.gov/caarcgis/rest/services/lands/BLM_CA_CADNSDI/MapServer,True,True,0.65,"California BLM CADNSDI parent MapServer visual overlay. Preserves official source cartography for PLSS townships, sections, second-division aliquots, special surveys, meandered water, and related CADNSDI layers where scale-dependent layers are visible.",https://gis.blm.gov/caarcgis/rest/services/lands/BLM_CA_CADNSDI/MapServer/layers,California,"Visual MapServer overlay is used intentionally. The earlier /MapServer/3 current-view row returned only second-division aliquot polygons, so many areas appeared blank even though township/section lines existed. Use the parent service to show the full CA PLSS/CADNSDI stack.",408,visual,,Very dense California PLSS aliquot layer. Load only at close zoom and use Refresh current view after panning/zooming.,10.0,,https://gis.blm.gov/caarcgis/rest/services/lands/BLM_CA_CADNSDI/MapServer/legend,BLM-CA service-rendered CADNSDI legend; labels and visibility are scale dependent in the source service.,PLSSID;FRSTDIVID;SECDIVLAB;SECDIVTXT;SECDIVID;SECDIVNO;SECDIVSUF;SECDIVNOTE;GISACRE;RECRDAREATX;SURVTYPTXT;SOURCEDATE;SOURCEREF;last_edited_date,PLSSID=PLSS ID;FRSTDIVID=First division / section ID;SECDIVLAB=Aliquot / second division;SECDIVTXT=Second division type;SECDIVID=Second division ID;SECDIVNO=Second division number;SECDIVSUF=Second division suffix;SECDIVNOTE=Second division note;GISACRE=GIS acres;RECRDAREATX=Record area;SURVTYPTXT=Survey type;SOURCEDATE=Source date;SOURCEREF=Source reference;last_edited_date=Last edited,,,,SECDIVLAB;SECDIVTXT;FRSTDIVID;GISACRE,SECDIVLAB=Aliquot;SECDIVTXT=Type;FRSTDIVID=Section ID;GISACRE=Acres,SECDIVLAB;FRSTDIVID,,GISACRE=2,,SECDIVLAB,"PLSSID,FRSTDIVID,SECDIVLAB,SECDIVTXT,SECDIVID,SECDIVNO,SECDIVSUF,SECDIVNOTE,GISACRE,RECRDAREATX,SURVTYPTXT,SOURCEDATE,SOURCEREF,last_edited_date","California PLSS aliquot/section reference for BLM-CA project review, legal-location interpretation, and field-office screening.","Use at close zoom as a transparent cadastral reference overlay. Pair with project areas, hydrology, land status, and field-office layers.",,,,,BLM-CA PLSS Aliquots / Sections,,RF020b update. Switched from layer 3 current-view aliquot-only snapshot to parent CA CADNSDI MapServer visual overlay so township/section/aliquot/special survey layers can draw with official scale-dependent symbology.,False,yellow,,2.0,,Audited load: moderate (10/10 tests loaded; median 0.45 sec; p90 4.21 sec; max features n/a).,BRIM load audit 2026-07,10.0,1.0,0.445244431495667,4.2086097240448,10.990494966507,0.0
DWR / CNRA,DWR GIS Atlas,Districts / Service,Water Districts / Service / Planning,180,Districts / Service,10,EXT008,DWR Water Districts,external,map,https://gis.water.ca.gov/arcgis/rest/services/Boundaries/i03_WaterDistricts/MapServer,False,False,0.58,California DWR ArcGIS REST MapServer layer. Use as a visual overlay.,https://gis.water.ca.gov/arcgis/rest/services/Boundaries/i03_WaterDistricts/MapServer,,,116,visual,,,8.0,,https://gis.water.ca.gov/arcgis/rest/services/Boundaries/i03_WaterDistricts/MapServer/legend,DWR service-rendered legend.,,,,,,,,,,,,,,,,,,,,,,,,green,,1.0,,Audited load: fast (10/10 tests loaded; median 0.62 sec; p90 0.97 sec; max features n/a).,BRIM load audit 2026-07,10.0,1.0,0.620659112930298,0.969560146331787,1.24334287643433,0.0
DWR / CNRA,DWR GIS Atlas,Districts / Service,Water Districts / Service / Planning,180,Districts / Service,10,EXT048,DWR Water Districts — inspectable features,external,feature,https://gis.water.ca.gov/arcgis/rest/services/Boundaries/i03_WaterDistricts/FeatureServer/0,True,True,0.75,California DWR FeatureServer layer. Current-view loading is recommended for larger statewide layers.,https://gis.water.ca.gov/arcgis/rest/services/Boundaries/i03_WaterDistricts/FeatureServer/0,,,181,current_view,,Potentially large statewide FeatureServer. Zoom in first and use current-view loading for better performance.,9.0,9.0,,BRIM applies deterministic categorical colors by AGENCYNAME for map readability; colors are not official DWR symbology.,,,,,,,,,,,,,,,,,AGENCYNAME,categorical_distinct,agency name,Categorical colors by agency name,,Styled by AGENCYNAME to distinguish overlapping/adjacent water districts in BRIM.,,red,,4.0,,Audited load: heavy (10/10 tests loaded; median 3.82 sec; p90 4.99 sec; max features 1000; cap rate 60%).,BRIM load audit 2026-07,10.0,1.0,3.82312941551208,4.98526244163513,5.12228298187256,0.6
SWRCB / Water Boards,SaveWater / public water systems,Districts / Service,Water Districts / Service / Planning,180,Districts / Service,10,EXT055,Water Boards Drought Water Service Areas,external,map,https://gispublic.waterboards.ca.gov/arcgis/rest/services/webmap/Service_GISPublic/MapServer/0,False,False,0.58,Drought water service area boundaries used in SaveWater.ca.gov context.,https://gispublic.waterboards.ca.gov/arcgis/rest/services/webmap/Service_GISPublic/MapServer,,,214,visual,,,8.0,,https://gispublic.waterboards.ca.gov/arcgis/rest/services/webmap/Service_GISPublic/MapServer/legend,,,,,,,,,,,,,,,,,,,,,,,,,green,,1.0,,Audited load: fast (10/10 tests loaded; median 0.1 sec; p90 0.17 sec; max features n/a).,BRIM load audit 2026-07,10.0,1.0,0.10456395149231,0.170371651649475,0.337291955947876,0.0
DWR / CNRA,DWR GIS Atlas,Planning,Water Districts / Service / Planning,180,Planning,20,EXT018,DWR Proposition 1 Funding Areas,external,map,https://gis.water.ca.gov/arcgis/rest/services/Boundaries/i03_Proposition1_Funding_Areas/MapServer,False,False,0.58,California DWR ArcGIS REST MapServer layer. Use as a visual overlay.,https://gis.water.ca.gov/arcgis/rest/services/Boundaries/i03_Proposition1_Funding_Areas/MapServer,,,124,visual,,,,,https://gis.water.ca.gov/arcgis/rest/services/Boundaries/i03_Proposition1_Funding_Areas/MapServer/legend,DWR service-rendered legend.,,,,,,,,,,,,,,,,,,,,,,,,yellow,,2.0,,Audited load: moderate (10/10 tests loaded; median 0.2 sec; p90 3.14 sec; max features n/a).,BRIM load audit 2026-07,10.0,1.0,0.195738554000854,3.13603663444519,3.34061193466187,0.0
DWR / CNRA,DWR GIS Atlas,Planning,Water Districts / Service / Planning,180,Planning,20,EXT040,DWR Water Shortage Social Vulnerability — Block Groups,external,map,https://gis.water.ca.gov/arcgis/rest/services/Environment/i07_Water_Shortage_Social_Vulnerability_BlockGroups/MapServer,False,False,0.58,California DWR ArcGIS REST MapServer layer. Use as a visual overlay.,https://gis.water.ca.gov/arcgis/rest/services/Environment/i07_Water_Shortage_Social_Vulnerability_BlockGroups/MapServer,,,160,visual,,,8.0,,https://gis.water.ca.gov/arcgis/rest/services/Environment/i07_Water_Shortage_Social_Vulnerability_BlockGroups/MapServer/legend,DWR service-rendered legend.,,,,,,,,,,,,,,,,,,,,,,,,yellow,,2.0,,Audited load: moderate (10/10 tests loaded; median 1.05 sec; p90 3.54 sec; max features n/a).,BRIM load audit 2026-07,10.0,1.0,1.05289745330811,3.53897228240967,5.77798509597778,0.0
DWR / CNRA,DWR GIS Atlas,Planning,Water Districts / Service / Planning,180,Planning,20,EXT041,DWR Water Shortage Vulnerability — Sections,external,map,https://gis.water.ca.gov/arcgis/rest/services/Environment/i07_Water_Shortage_Vulnerability_Sections/MapServer,False,False,0.58,California DWR ArcGIS REST MapServer layer. Use as a visual overlay.,https://gis.water.ca.gov/arcgis/rest/services/Environment/i07_Water_Shortage_Vulnerability_Sections/MapServer,,,161,visual,,,9.0,,https://gis.water.ca.gov/arcgis/rest/services/Environment/i07_Water_Shortage_Vulnerability_Sections/MapServer/legend,DWR service-rendered legend.,,,,,,,,,,,,,,,,,,,,,,,,yellow,,2.0,,Audited load: moderate (10/10 tests loaded; median 0.91 sec; p90 3.74 sec; max features n/a).,BRIM load audit 2026-07,10.0,1.0,0.912593007087708,3.73759429454803,9.46291899681091,0.0
DWR / CNRA,DWR GIS Atlas,Planning,Water Districts / Service / Planning,180,Planning,20,EXT042,DWR Water Shortage Vulnerability — Small Water Systems,external,map,https://gis.water.ca.gov/arcgis/rest/services/Environment/i07_Water_Shortage_Vulnerability_Small_Water_Systems/MapServer,False,False,0.58,California DWR ArcGIS REST MapServer layer. Use as a visual overlay.,https://gis.water.ca.gov/arcgis/rest/services/Environment/i07_Water_Shortage_Vulnerability_Small_Water_Systems/MapServer,,,162,visual,,,8.0,,https://gis.water.ca.gov/arcgis/rest/services/Environment/i07_Water_Shortage_Vulnerability_Small_Water_Systems/MapServer/legend,DWR service-rendered legend.,,,,,,,,,,,,,,,,,,,,,,,,green,,1.0,,Audited load: fast (10/10 tests loaded; median 0.08 sec; p90 2.85 sec; max features n/a).,BRIM load audit 2026-07,10.0,1.0,0.0822160243988037,2.85251107215881,3.51622605323792,0.0
SWRCB / Water Boards,Water Rights,Points of Diversion,Water Rights,190,Points of Diversion,10,EXT051,SWRCB Points of Diversion,external,map,https://gispublic.waterboards.ca.gov/arcgis/rest/services/Water_Rights/Points_of_Diversion/MapServer,True,True,0.58,SWRCB Points of Diversion MapServer from WRIMS-derived locations. PT2 also has a local filtered POD/WR layer.,https://gispublic.waterboards.ca.gov/arcgis/rest/services/Water_Rights/Points_of_Diversion/MapServer?f=pjson,California,Default quick-add uses current-view loading so POD points return attributes and popups; zoom to the area of interest first. Use advanced manual visual overlay only if a statewide rendered image is preferred.,210,current_view,,,8.0,8.0,https://gispublic.waterboards.ca.gov/arcgis/rest/services/Water_Rights/Points_of_Diversion/MapServer/legend,,,,,,,,,,,,,,,,,,,,,,,,,red,,4.0,,Audited load: heavy (0/10 tests loaded; median n/a; p90 n/a; max features n/a).,BRIM load audit 2026-07,10.0,0.0,,,,0.0
NOAA / NWS / SPC,Storm Prediction Center convective outlooks,Convective storms,Weather Forecasts,200,Convective storms,10,EXT077,SPC convective | Day 1 categorical,external,map,https://mapservices.weather.noaa.gov/vector/rest/services/outlooks/SPC_wx_outlks/MapServer/1,True,True,0.5,"SPC Day 1 categorical convective outlook polygon. Forecast/outlook product; not a warning or observed condition. NOAA map-service imagery can be slow or intermittently blank; if the row stays loading or no polygons appear, wait briefly, clear/retry, or check whether an active outlook exists for the view.",https://www.spc.noaa.gov/products/outlook/,CONUS; includes California where outlook polygons are present,"SPC convective outlook context. Use the official SPC outlook page for current text, issuance context, and caveats.",241,current_view,,"Server-rendered outlook polygon layer. If blank, check the official source page; no polygon may intersect the current view.",,,https://mapservices.weather.noaa.gov/vector/rest/services/outlooks/SPC_wx_outlks/MapServer/legend,Official SPC/NOAA convective outlook legend.,spc_category;spc_interpretation;spc_valid_pacific;spc_expire_pacific;spc_valid_utc;spc_expire_utc;issue;idp_filedate;idp_ingestdate;idp_source,spc_category=Risk category;label=Risk label;dn=Risk code;spc_valid_pacific=Valid from;spc_expire_pacific=Valid through;spc_valid_utc=Provider/UTC valid from;spc_expire_utc=Provider/UTC valid through;issue=Issued;idp_filedate=GIS file date;idp_ingestdate=GIS ingest date;idp_source=GIS source,https://www.spc.noaa.gov/products/outlook/,Open SPC convective outlook page,,spc_category;spc_interpretation;spc_valid_pacific;spc_expire_pacific,spc_category=Risk;spc_interpretation=Meaning;spc_valid_pacific=Valid from;spc_expire_pacific=Valid through,spc_category,spc_category,,,,label2;label;dn;valid;expire;issue;idp_filedate;idp_ingestdate;idp_source;objectid,"Severe-weather outlook context near a project area, field operation, or incident-support area.",Useful operational forecast context; later symbol/legend polish may improve map readability.,,spc_category,spc_forecast_category,,SPC convective category,,EL_003y: SPC hover uses Pacific time and BRIM-friendly category interpretation; popup includes Pacific and provider/UTC valid window plus official SPC link.,False,green,,1.0,,Audited load: fast (10/10 tests loaded; median 0.14 sec; p90 0.2 sec; max features 1).,BRIM load audit 2026-07,10.0,1.0,0.140610933303833,0.19997661113739,0.4844810962677,0.0
NOAA / NWS / SPC,Storm Prediction Center convective outlooks,Convective storms,Weather Forecasts,200,Convective storms,10,EXT078,SPC convective | Day 2 categorical,external,map,https://mapservices.weather.noaa.gov/vector/rest/services/outlooks/SPC_wx_outlks/MapServer/9,True,True,0.5,"SPC Day 2 categorical convective outlook polygon. Forecast/outlook product; not a warning or observed condition. NOAA map-service imagery can be slow or intermittently blank; if the row stays loading or no polygons appear, wait briefly, clear/retry, or check whether an active outlook exists for the view.",https://www.spc.noaa.gov/products/outlook/,CONUS; includes California where outlook polygons are present,"SPC convective outlook context. Use the official SPC outlook page for current text, issuance context, and caveats.",242,current_view,,"Server-rendered outlook polygon layer. If blank, check the official source page; no polygon may intersect the current view.",,,https://mapservices.weather.noaa.gov/vector/rest/services/outlooks/SPC_wx_outlks/MapServer/legend,Official SPC/NOAA convective outlook legend.,spc_category;spc_interpretation;spc_valid_pacific;spc_expire_pacific;spc_valid_utc;spc_expire_utc;issue;idp_filedate;idp_ingestdate;idp_source,spc_category=Risk category;label=Risk label;dn=Risk code;spc_valid_pacific=Valid from;spc_expire_pacific=Valid through;spc_valid_utc=Provider/UTC valid from;spc_expire_utc=Provider/UTC valid through;issue=Issued;idp_filedate=GIS file date;idp_ingestdate=GIS ingest date;idp_source=GIS source,https://www.spc.noaa.gov/products/outlook/,Open SPC convective outlook page,,spc_category;spc_interpretation;spc_valid_pacific;spc_expire_pacific,spc_category=Risk;spc_interpretation=Meaning;spc_valid_pacific=Valid from;spc_expire_pacific=Valid through,spc_category,spc_category,,,,label2;label;dn;valid;expire;issue;idp_filedate;idp_ingestdate;idp_source;objectid,"Severe-weather outlook context near a project area, field operation, or incident-support area.",Useful operational forecast context; later symbol/legend polish may improve map readability.,,spc_category,spc_forecast_category,,SPC convective category,,EL_003y: SPC hover uses Pacific time and BRIM-friendly category interpretation; popup includes Pacific and provider/UTC valid window plus official SPC link.,False,green,,1.0,,Audited load: fast (10/10 tests loaded; median 0.12 sec; p90 0.13 sec; max features 1).,BRIM load audit 2026-07,10.0,1.0,0.120135068893433,0.128105449676514,0.133184909820557,0.0
NOAA / NWS / SPC,Storm Prediction Center convective outlooks,Convective storms,Weather Forecasts,200,Convective storms,10,EXT079,SPC convective | Day 3 categorical,external,map,https://mapservices.weather.noaa.gov/vector/rest/services/outlooks/SPC_wx_outlks/MapServer/17,True,True,0.5,"SPC Day 3 categorical convective outlook polygon. Forecast/outlook product; not a warning or observed condition. NOAA map-service imagery can be slow or intermittently blank; if the row stays loading or no polygons appear, wait briefly, clear/retry, or check whether an active outlook exists for the view.",https://www.spc.noaa.gov/products/outlook/,CONUS; includes California where outlook polygons are present,"SPC convective outlook context. Use the official SPC outlook page for current text, issuance context, and caveats.",243,current_view,,"Server-rendered outlook polygon layer. If blank, check the official source page; no polygon may intersect the current view.",,,https://mapservices.weather.noaa.gov/vector/rest/services/outlooks/SPC_wx_outlks/MapServer/legend,Official SPC/NOAA convective outlook legend.,spc_category;spc_interpretation;spc_valid_pacific;spc_expire_pacific;spc_valid_utc;spc_expire_utc;issue;idp_filedate;idp_ingestdate;idp_source,spc_category=Risk category;label=Risk label;dn=Risk code;spc_valid_pacific=Valid from;spc_expire_pacific=Valid through;spc_valid_utc=Provider/UTC valid from;spc_expire_utc=Provider/UTC valid through;issue=Issued;idp_filedate=GIS file date;idp_ingestdate=GIS ingest date;idp_source=GIS source,https://www.spc.noaa.gov/products/outlook/,Open SPC convective outlook page,,spc_category;spc_interpretation;spc_valid_pacific;spc_expire_pacific,spc_category=Risk;spc_interpretation=Meaning;spc_valid_pacific=Valid from;spc_expire_pacific=Valid through,spc_category,spc_category,,,,label2;label;dn;valid;expire;issue;idp_filedate;idp_ingestdate;idp_source;objectid,"Severe-weather outlook context near a project area, field operation, or incident-support area.",Useful operational forecast context; later symbol/legend polish may improve map readability.,,spc_category,spc_forecast_category,,SPC convective category,,EL_003y: SPC hover uses Pacific time and BRIM-friendly category interpretation; popup includes Pacific and provider/UTC valid window plus official SPC link.,False,green,,1.0,,Audited load: fast (10/10 tests loaded; median 0.12 sec; p90 0.12 sec; max features 0).,BRIM load audit 2026-07,10.0,1.0,0.115707993507385,0.120100212097168,0.120192050933838,0.0
NOAA / NWS / SPC,Storm Prediction Center fire weather,Fire weather,Weather Forecasts,200,Fire weather,20,EXT066,SPC fire wx | Day 1 wind / low RH,external,map,https://mapservices.weather.noaa.gov/vector/rest/services/fire_weather/SPC_firewx/MapServer/1,True,True,0.58,"SPC Day 1 wind/low-humidity fire-weather outlook polygon. Forecast/outlook product; not a warning, incident perimeter, or observed condition. NOAA map-service imagery can be slow or intermittently blank; if the row stays loading or no polygons appear, wait briefly, clear/retry, or check whether an active outlook exists for the view.",https://www.spc.noaa.gov/products/fire_wx/,CONUS; includes California where outlook polygons are present,"Forecast/outlook screening layer. Use the official SPC page for current text, issuance context, and caveats.",226,current_view,,"Server-rendered outlook polygon layer. If blank, check the official source page; no polygon may intersect the current view.",,,https://mapservices.weather.noaa.gov/vector/rest/services/fire_weather/SPC_firewx/MapServer/legend,Official SPC/NOAA fire-weather outlook legend.,spc_category;spc_interpretation;spc_valid_pacific;spc_expire_pacific;spc_valid_utc;spc_expire_utc;idp_filedate;idp_ingestdate;idp_source,spc_category=Fire-weather category;spc_valid_pacific=Valid from;spc_expire_pacific=Valid through;spc_valid_utc=Provider/UTC valid from;spc_expire_utc=Provider/UTC valid through;idp_filedate=GIS file date;idp_ingestdate=GIS ingest date;idp_source=GIS source,https://www.spc.noaa.gov/products/fire_wx/,Open SPC fire-weather outlook page,,spc_category;spc_interpretation;spc_valid_pacific;spc_expire_pacific,spc_category=Fire wx;spc_interpretation=Meaning;spc_valid_pacific=Valid from;spc_expire_pacific=Valid through,spc_category,spc_category,,,,dn;label;label2;valid;expire;idp_filedate;idp_ingestdate;idp_source;objectid,Fire-weather outlook context near a project area or incident-support area.,Useful operational forecast context; later symbol/legend polish may improve map readability.,,spc_category,spc_forecast_category,,SPC fire-weather category,,EL_003y: SPC hover uses Pacific time and BRIM-friendly category interpretation; popup includes Pacific and provider/UTC time. Category translated from label2/label/dn in BRIM.,False,green,,1.0,,Audited load: fast (10/10 tests loaded; median 0.12 sec; p90 0.12 sec; max features 1).,BRIM load audit 2026-07,10.0,1.0,0.11659049987793,0.120390176773071,0.124686002731323,0.0
NOAA / NWS / SPC,Storm Prediction Center fire weather,Fire weather,Weather Forecasts,200,Fire weather,20,EXT067,SPC fire wx | Day 1 dry thunder,external,map,https://mapservices.weather.noaa.gov/vector/rest/services/fire_weather/SPC_firewx/MapServer/2,True,True,0.58,"SPC Day 1 dry-thunderstorm fire-weather outlook polygon. Forecast/outlook product; not a warning, incident perimeter, or observed condition. NOAA map-service imagery can be slow or intermittently blank; if the row stays loading or no polygons appear, wait briefly, clear/retry, or check whether an active outlook exists for the view.",https://www.spc.noaa.gov/products/fire_wx/,CONUS; includes California where outlook polygons are present,"Forecast/outlook screening layer. Use the official SPC page for current text, issuance context, and caveats.",227,current_view,,"Server-rendered outlook polygon layer. If blank, check the official source page; no polygon may intersect the current view.",,,https://mapservices.weather.noaa.gov/vector/rest/services/fire_weather/SPC_firewx/MapServer/legend,Official SPC/NOAA fire-weather outlook legend.,spc_category;spc_interpretation;spc_valid_pacific;spc_expire_pacific;spc_valid_utc;spc_expire_utc;idp_filedate;idp_ingestdate;idp_source,spc_category=Fire-weather category;spc_valid_pacific=Valid from;spc_expire_pacific=Valid through;spc_valid_utc=Provider/UTC valid from;spc_expire_utc=Provider/UTC valid through;idp_filedate=GIS file date;idp_ingestdate=GIS ingest date;idp_source=GIS source,https://www.spc.noaa.gov/products/fire_wx/,Open SPC fire-weather outlook page,,spc_category;spc_interpretation;spc_valid_pacific;spc_expire_pacific,spc_category=Fire wx;spc_interpretation=Meaning;spc_valid_pacific=Valid from;spc_expire_pacific=Valid through,spc_category,spc_category,,,,dn;label;label2;valid;expire;idp_filedate;idp_ingestdate;idp_source;objectid,Fire-weather outlook context near a project area or incident-support area.,Useful operational forecast context; later symbol/legend polish may improve map readability.,,spc_category,spc_forecast_category,,SPC fire-weather category,,EL_003y: SPC hover uses Pacific time and BRIM-friendly category interpretation; popup includes Pacific and provider/UTC time. Category translated from label2/label/dn in BRIM.,False,green,,1.0,,Audited load: fast (10/10 tests loaded; median 0.12 sec; p90 0.12 sec; max features 1).,BRIM load audit 2026-07,10.0,1.0,0.116039991378784,0.121765327453613,0.126268863677979,0.0
NOAA / NWS / SPC,Storm Prediction Center fire weather,Fire weather,Weather Forecasts,200,Fire weather,20,EXT068,SPC fire wx | Day 2 wind / low RH,external,map,https://mapservices.weather.noaa.gov/vector/rest/services/fire_weather/SPC_firewx/MapServer/4,True,True,0.58,"SPC Day 2 wind/low-humidity fire-weather outlook polygon. Forecast/outlook product; not a warning, incident perimeter, or observed condition. NOAA map-service imagery can be slow or intermittently blank; if the row stays loading or no polygons appear, wait briefly, clear/retry, or check whether an active outlook exists for the view.",https://www.spc.noaa.gov/products/fire_wx/,CONUS; includes California where outlook polygons are present,"Forecast/outlook screening layer. Use the official SPC page for current text, issuance context, and caveats.",228,current_view,,"Server-rendered outlook polygon layer. If blank, check the official source page; no polygon may intersect the current view.",,,https://mapservices.weather.noaa.gov/vector/rest/services/fire_weather/SPC_firewx/MapServer/legend,Official SPC/NOAA fire-weather outlook legend.,spc_category;spc_interpretation;spc_valid_pacific;spc_expire_pacific;spc_valid_utc;spc_expire_utc;idp_filedate;idp_ingestdate;idp_source,spc_category=Fire-weather category;spc_valid_pacific=Valid from;spc_expire_pacific=Valid through;spc_valid_utc=Provider/UTC valid from;spc_expire_utc=Provider/UTC valid through;idp_filedate=GIS file date;idp_ingestdate=GIS ingest date;idp_source=GIS source,https://www.spc.noaa.gov/products/fire_wx/,Open SPC fire-weather outlook page,,spc_category;spc_interpretation;spc_valid_pacific;spc_expire_pacific,spc_category=Fire wx;spc_interpretation=Meaning;spc_valid_pacific=Valid from;spc_expire_pacific=Valid through,spc_category,spc_category,,,,dn;label;label2;valid;expire;idp_filedate;idp_ingestdate;idp_source;objectid,Fire-weather outlook context for near-term planning.,Useful operational forecast context; later symbol/legend polish may improve map readability.,,spc_category,spc_forecast_category,,SPC fire-weather category,,EL_003y: SPC hover uses Pacific time and BRIM-friendly category interpretation; popup includes Pacific and provider/UTC time. Category translated from label2/label/dn in BRIM.,False,green,,1.0,,Audited load: fast (10/10 tests loaded; median 0.12 sec; p90 0.13 sec; max features 1).,BRIM load audit 2026-07,10.0,1.0,0.118011951446533,0.128369975090027,0.130234003067017,0.0
NOAA / NWS / SPC,Storm Prediction Center fire weather,Fire weather,Weather Forecasts,200,Fire weather,20,EXT069,SPC fire wx | Day 2 dry thunder,external,map,https://mapservices.weather.noaa.gov/vector/rest/services/fire_weather/SPC_firewx/MapServer/5,True,True,0.58,"SPC Day 2 dry-thunderstorm fire-weather outlook polygon. Forecast/outlook product; not a warning, incident perimeter, or observed condition. NOAA map-service imagery can be slow or intermittently blank; if the row stays loading or no polygons appear, wait briefly, clear/retry, or check whether an active outlook exists for the view.",https://www.spc.noaa.gov/products/fire_wx/,CONUS; includes California where outlook polygons are present,"Forecast/outlook screening layer. Use the official SPC page for current text, issuance context, and caveats.",229,current_view,,"Server-rendered outlook polygon layer. If blank, check the official source page; no polygon may intersect the current view.",,,https://mapservices.weather.noaa.gov/vector/rest/services/fire_weather/SPC_firewx/MapServer/legend,Official SPC/NOAA fire-weather outlook legend.,spc_category;spc_interpretation;spc_valid_pacific;spc_expire_pacific;spc_valid_utc;spc_expire_utc;idp_filedate;idp_ingestdate;idp_source,spc_category=Fire-weather category;spc_valid_pacific=Valid from;spc_expire_pacific=Valid through;spc_valid_utc=Provider/UTC valid from;spc_expire_utc=Provider/UTC valid through;idp_filedate=GIS file date;idp_ingestdate=GIS ingest date;idp_source=GIS source,https://www.spc.noaa.gov/products/fire_wx/,Open SPC fire-weather outlook page,,spc_category;spc_interpretation;spc_valid_pacific;spc_expire_pacific,spc_category=Fire wx;spc_interpretation=Meaning;spc_valid_pacific=Valid from;spc_expire_pacific=Valid through,spc_category,spc_category,,,,dn;label;label2;valid;expire;idp_filedate;idp_ingestdate;idp_source;objectid,Fire-weather outlook context for near-term planning.,Useful operational forecast context; later symbol/legend polish may improve map readability.,,spc_category,spc_forecast_category,,SPC fire-weather category,,EL_003y: SPC hover uses Pacific time and BRIM-friendly category interpretation; popup includes Pacific and provider/UTC time. Category translated from label2/label/dn in BRIM.,False,green,,1.0,,Audited load: fast (10/10 tests loaded; median 0.12 sec; p90 0.13 sec; max features 1).,BRIM load audit 2026-07,10.0,1.0,0.117406010627747,0.126506853103638,0.132993936538696,0.0
NOAA / NWS / SPC,Storm Prediction Center fire weather,Fire weather,Weather Forecasts,200,Fire weather,20,EXT073,SPC fire wx | Day 3 wind / low RH,external,map,https://mapservices.weather.noaa.gov/vector/rest/services/fire_weather/SPC_firewx/MapServer/8,True,True,0.58,"SPC Day 3 wind/low-humidity fire-weather outlook polygon. Forecast/outlook product; not a warning, incident perimeter, or observed condition. NOAA map-service imagery can be slow or intermittently blank; if the row stays loading or no polygons appear, wait briefly, clear/retry, or check whether an active outlook exists for the view.",https://www.spc.noaa.gov/products/fire_wx/,CONUS; includes California where outlook polygons are present,"Forecast/outlook screening layer. Use the official SPC page for current text, issuance context, and caveats.",230,current_view,,"Server-rendered outlook polygon layer. If blank, check the official source page; no polygon may intersect the current view.",,,https://mapservices.weather.noaa.gov/vector/rest/services/fire_weather/SPC_firewx/MapServer/legend,Official SPC/NOAA fire-weather outlook legend.,spc_category;spc_interpretation;spc_valid_pacific;spc_expire_pacific;spc_valid_utc;spc_expire_utc;idp_filedate;idp_ingestdate;idp_source,spc_category=Fire-weather category;spc_valid_pacific=Valid from;spc_expire_pacific=Valid through;spc_valid_utc=Provider/UTC valid from;spc_expire_utc=Provider/UTC valid through;idp_filedate=GIS file date;idp_ingestdate=GIS ingest date;idp_source=GIS source,https://www.spc.noaa.gov/products/fire_wx/,Open SPC fire-weather outlook page,,spc_category;spc_interpretation;spc_valid_pacific;spc_expire_pacific,spc_category=Fire wx;spc_interpretation=Meaning;spc_valid_pacific=Valid from;spc_expire_pacific=Valid through,spc_category,spc_category,,,,dn;label;label2;valid;expire;idp_filedate;idp_ingestdate;idp_source;objectid,Fire-weather outlook context near a project area or incident-support area.,Useful operational forecast context; later symbol/legend polish may improve map readability.,,spc_category,spc_forecast_category,,SPC fire-weather category,,EL_003y: SPC hover uses Pacific time and BRIM-friendly category interpretation; popup includes Pacific and provider/UTC time. Category translated from label2/label/dn in BRIM.,False,green,,1.0,,Audited load: fast (10/10 tests loaded; median 0.11 sec; p90 0.11 sec; max features 1).,BRIM load audit 2026-07,10.0,1.0,0.109624028205872,0.113322496414185,0.116054058074951,0.0
NOAA / NWS / SPC,Storm Prediction Center fire weather,Fire weather,Weather Forecasts,200,Fire weather,20,EXT071,SPC fire wx | Day 3 dry thunder,external,map,https://mapservices.weather.noaa.gov/vector/rest/services/fire_weather/SPC_firewx/MapServer/7,True,True,0.58,"SPC Day 3 dry-thunderstorm fire-weather outlook polygon. Forecast/outlook product; not a warning, incident perimeter, or observed condition. NOAA map-service imagery can be slow or intermittently blank; if the row stays loading or no polygons appear, wait briefly, clear/retry, or check whether an active outlook exists for the view.",https://www.spc.noaa.gov/products/fire_wx/,CONUS; includes California where outlook polygons are present,"Forecast/outlook screening layer. Use the official SPC page for current text, issuance context, and caveats.",231,current_view,,"Server-rendered outlook polygon layer. If blank, check the official source page; no polygon may intersect the current view.",,,https://mapservices.weather.noaa.gov/vector/rest/services/fire_weather/SPC_firewx/MapServer/legend,Official SPC/NOAA fire-weather outlook legend.,spc_category;spc_interpretation;spc_valid_pacific;spc_expire_pacific;spc_valid_utc;spc_expire_utc;idp_filedate;idp_ingestdate;idp_source,spc_category=Fire-weather category;spc_valid_pacific=Valid from;spc_expire_pacific=Valid through;spc_valid_utc=Provider/UTC valid from;spc_expire_utc=Provider/UTC valid through;idp_filedate=GIS file date;idp_ingestdate=GIS ingest date;idp_source=GIS source,https://www.spc.noaa.gov/products/fire_wx/,Open SPC fire-weather outlook page,,spc_category;spc_interpretation;spc_valid_pacific;spc_expire_pacific,spc_category=Fire wx;spc_interpretation=Meaning;spc_valid_pacific=Valid from;spc_expire_pacific=Valid through,spc_category,spc_category,,,,dn;label;label2;valid;expire;idp_filedate;idp_ingestdate;idp_source;objectid,Fire-weather outlook context near a project area or incident-support area.,Useful operational forecast context; later symbol/legend polish may improve map readability.,,spc_category,spc_forecast_category,,SPC fire-weather category,,EL_003y: SPC hover uses Pacific time and BRIM-friendly category interpretation; popup includes Pacific and provider/UTC time. Category translated from label2/label/dn in BRIM.,False,green,,1.0,,Audited load: fast (10/10 tests loaded; median 0.11 sec; p90 0.11 sec; max features 0).,BRIM load audit 2026-07,10.0,1.0,0.109861373901367,0.114749383926392,0.118461132049561,0.0
NOAA / NWS / SPC,Storm Prediction Center fire weather,Fire weather,Weather Forecasts,200,Fire weather,20,EXT075,SPC fire wx | Day 4 wind / low RH,external,map,https://mapservices.weather.noaa.gov/vector/rest/services/fire_weather/SPC_firewx/MapServer/11,True,True,0.58,"SPC Day 4 wind/low-humidity fire-weather outlook polygon. Longer-range outlook; not a warning, incident perimeter, or observed condition. NOAA map-service imagery can be slow or intermittently blank; if the row stays loading or no polygons appear, wait briefly, clear/retry, or check whether an active outlook exists for the view.",https://www.spc.noaa.gov/products/fire_wx/,CONUS; includes California where outlook polygons are present,"Forecast/outlook screening layer. Use the official SPC page for current text, issuance context, and caveats.",232,current_view,,"Server-rendered outlook polygon layer. If blank, check the official source page; no polygon may intersect the current view.",,,https://mapservices.weather.noaa.gov/vector/rest/services/fire_weather/SPC_firewx/MapServer/legend,Official SPC/NOAA fire-weather outlook legend.,spc_category;spc_interpretation;spc_valid_pacific;spc_expire_pacific;spc_valid_utc;spc_expire_utc;idp_filedate;idp_ingestdate;idp_source,spc_category=Fire-weather category;spc_valid_pacific=Valid from;spc_expire_pacific=Valid through;spc_valid_utc=Provider/UTC valid from;spc_expire_utc=Provider/UTC valid through;idp_filedate=GIS file date;idp_ingestdate=GIS ingest date;idp_source=GIS source,https://www.spc.noaa.gov/products/fire_wx/,Open SPC fire-weather outlook page,,spc_category;spc_interpretation;spc_valid_pacific;spc_expire_pacific,spc_category=Fire wx;spc_interpretation=Meaning;spc_valid_pacific=Valid from;spc_expire_pacific=Valid through,spc_category,spc_category,,,,dn;label;label2;valid;expire;idp_filedate;idp_ingestdate;idp_source;objectid,Fire-weather outlook context near a project area or incident-support area.,Useful operational forecast context; later symbol/legend polish may improve map readability.,,spc_category,spc_forecast_category,,SPC fire-weather category,,EL_003y: SPC hover uses Pacific time and BRIM-friendly category interpretation; popup includes Pacific and provider/UTC time. Category translated from label2/label/dn in BRIM.,False,green,,1.0,,Audited load: fast (10/10 tests loaded; median 0.11 sec; p90 0.12 sec; max features 1).,BRIM load audit 2026-07,10.0,1.0,0.112882018089294,0.11903178691864,0.121270895004272,0.0
NOAA / NWS / SPC,Storm Prediction Center fire weather,Fire weather,Weather Forecasts,200,Fire weather,20,EXT076,SPC fire wx | Day 5 wind / low RH,external,map,https://mapservices.weather.noaa.gov/vector/rest/services/fire_weather/SPC_firewx/MapServer/14,True,True,0.58,"SPC Day 5 wind/low-humidity fire-weather outlook polygon. Longer-range outlook; not a warning, incident perimeter, or observed condition. NOAA map-service imagery can be slow or intermittently blank; if the row stays loading or no polygons appear, wait briefly, clear/retry, or check whether an active outlook exists for the view.",https://www.spc.noaa.gov/products/fire_wx/,CONUS; includes California where outlook polygons are present,"Forecast/outlook screening layer. Use the official SPC page for current text, issuance context, and caveats.",233,current_view,,"Server-rendered outlook polygon layer. If blank, check the official source page; no polygon may intersect the current view.",,,https://mapservices.weather.noaa.gov/vector/rest/services/fire_weather/SPC_firewx/MapServer/legend,Official SPC/NOAA fire-weather outlook legend.,spc_category;spc_interpretation;spc_valid_pacific;spc_expire_pacific;spc_valid_utc;spc_expire_utc;idp_filedate;idp_ingestdate;idp_source,spc_category=Fire-weather category;spc_valid_pacific=Valid from;spc_expire_pacific=Valid through;spc_valid_utc=Provider/UTC valid from;spc_expire_utc=Provider/UTC valid through;idp_filedate=GIS file date;idp_ingestdate=GIS ingest date;idp_source=GIS source,https://www.spc.noaa.gov/products/fire_wx/,Open SPC fire-weather outlook page,,spc_category;spc_interpretation;spc_valid_pacific;spc_expire_pacific,spc_category=Fire wx;spc_interpretation=Meaning;spc_valid_pacific=Valid from;spc_expire_pacific=Valid through,spc_category,spc_category,,,,dn;label;label2;valid;expire;idp_filedate;idp_ingestdate;idp_source;objectid,Fire-weather outlook context near a project area or incident-support area.,Useful operational forecast context; later symbol/legend polish may improve map readability.,,spc_category,spc_forecast_category,,SPC fire-weather category,,EL_003y: SPC hover uses Pacific time and BRIM-friendly category interpretation; popup includes Pacific and provider/UTC time. Category translated from label2/label/dn in BRIM.,False,green,,1.0,,Audited load: fast (10/10 tests loaded; median 0.11 sec; p90 0.12 sec; max features 1).,BRIM load audit 2026-07,10.0,1.0,0.112860560417175,0.119693183898926,0.1213059425354,0.0
NOAA / NWS / SPC,Storm Prediction Center mesoscale discussions,Misc./Discussion,Weather Forecasts,200,Misc./Discussion,30,EXT080,SPC mesoscale discussions,external,map,https://mapservices.weather.noaa.gov/vector/rest/services/outlooks/spc_mesoscale_discussion/MapServer/0,True,True,0.55,"SPC mesoscale discussion polygons. Forecast/discussion product; not a warning or observed condition. NOAA map-service imagery can be slow or intermittently blank; if the row stays loading or no polygons appear, wait briefly, clear/retry, or check whether an active outlook exists for the view.",https://www.spc.noaa.gov/products/md/,CONUS; includes California where MD polygons are present,Short-term SPC discussion context. Use the official SPC MD page for full text and status.,250,current_view,,Server-rendered discussion polygon layer. It may be blank when no active discussion intersects the current map view.,,,https://mapservices.weather.noaa.gov/vector/rest/services/outlooks/spc_mesoscale_discussion/MapServer/legend,Official SPC/NOAA service legend.,name;idp_filedate;idp_ingestdate;idp_source,name=Discussion;idp_filedate=GIS file date;idp_ingestdate=GIS ingest date;idp_source=GIS source,https://www.spc.noaa.gov/products/md/,Open SPC mesoscale discussion page,,name;idp_filedate,name=Discussion;idp_filedate=GIS file date,name,name,,,,name;idp_filedate;idp_ingestdate;idp_source;objectid,Short-term severe/fire-weather discussion context when an SPC discussion is active over or near California.,Useful but intermittent; layer may often be blank over California.,,,spc_forecast_category,,SPC mesoscale discussion,,EL_003y: SPC MD hover/popup tuned with official SPC MD page link.,False,green,,1.0,,Audited load: fast (10/10 tests loaded; median 0.11 sec; p90 0.12 sec; max features 0).,BRIM load audit 2026-07,10.0,1.0,0.112089037895203,0.116922736167908,0.120987892150879,0.0
NOAA / NWS / WPC,Winter Storm Severity Index,Winter weather,Weather Forecasts,200,Winter weather,40,EXT125,WPC WSSI overall impact | Day 1,external,map,https://mapservices.weather.noaa.gov/vector/rest/services/outlooks/wpc_wssi/MapServer/1,True,True,0.55,WPC Winter Storm Severity Index overall impact forecast layer for Day 1. Impact-based forecast product; not an observed condition layer.,https://www.wpc.ncep.noaa.gov/wwd/wssi/wssi.php,CONUS,"Use as broad winter-travel/impact context, especially for higher-elevation project areas.",B,visual,,"Server-rendered public NOAA/NWS image layer. If blank, there may be no current product over the view or the service may be slow.",,,https://mapservices.weather.noaa.gov/vector/rest/services/outlooks/wpc_wssi/MapServer/legend,Use WPC WSSI provider legend.,valid_time;idp_filedate;idp_ingestdate;idp_source;objectid,Valid time;Issued;Ingested;Source;Object ID,,,,valid_time;idp_filedate,Valid;Issued,valid_time,,,,,*,Winter storm impact forecast context.,yes,,,,,WSSI overall impact,,,,green,,1.0,,Audited load: fast (10/10 tests loaded; median 0.16 sec; p90 0.23 sec; max features n/a).,BRIM load audit 2026-07,10.0,1.0,0.164433002471924,0.234758591651916,0.236123085021973,0.0
NOAA / NWS / WPC,Winter Storm Severity Index,Winter weather,Weather Forecasts,200,Winter weather,40,EXT126,WPC WSSI overall impact | Day 2,external,map,https://mapservices.weather.noaa.gov/vector/rest/services/outlooks/wpc_wssi/MapServer/2,True,True,0.55,WPC Winter Storm Severity Index overall impact forecast layer for Day 2. Impact-based forecast product; not an observed condition layer.,https://www.wpc.ncep.noaa.gov/wwd/wssi/wssi.php,CONUS,"Use as broad winter-travel/impact context, especially for higher-elevation project areas.",B,visual,,"Server-rendered public NOAA/NWS image layer. If blank, there may be no current product over the view or the service may be slow.",,,https://mapservices.weather.noaa.gov/vector/rest/services/outlooks/wpc_wssi/MapServer/legend,Use WPC WSSI provider legend.,valid_time;idp_filedate;idp_ingestdate;idp_source;objectid,Valid time;Issued;Ingested;Source;Object ID,,,,valid_time;idp_filedate,Valid;Issued,valid_time,,,,,*,Winter storm impact forecast context.,yes,,,,,WSSI overall impact,,,,green,,1.0,,Audited load: fast (10/10 tests loaded; median 0.16 sec; p90 0.17 sec; max features n/a).,BRIM load audit 2026-07,10.0,1.0,0.160202145576477,0.17144467830658,0.195292949676514,0.0
NOAA / NWS / WPC,Winter Storm Severity Index,Winter weather,Weather Forecasts,200,Winter weather,40,EXT127,WPC WSSI overall impact | Day 3,external,map,https://mapservices.weather.noaa.gov/vector/rest/services/outlooks/wpc_wssi/MapServer/3,True,True,0.55,WPC Winter Storm Severity Index overall impact forecast layer for Day 3. Impact-based forecast product; not an observed condition layer.,https://www.wpc.ncep.noaa.gov/wwd/wssi/wssi.php,CONUS,"Use as broad winter-travel/impact context, especially for higher-elevation project areas.",B,visual,,"Server-rendered public NOAA/NWS image layer. If blank, there may be no current product over the view or the service may be slow.",,,https://mapservices.weather.noaa.gov/vector/rest/services/outlooks/wpc_wssi/MapServer/legend,Use WPC WSSI provider legend.,valid_time;idp_filedate;idp_ingestdate;idp_source;objectid,Valid time;Issued;Ingested;Source;Object ID,,,,valid_time;idp_filedate,Valid;Issued,valid_time,,,,,*,Winter storm impact forecast context.,yes,,,,,WSSI overall impact,,,,green,,1.0,,Audited load: fast (10/10 tests loaded; median 0.17 sec; p90 0.18 sec; max features n/a).,BRIM load audit 2026-07,10.0,1.0,0.173272609710693,0.183566784858704,0.205019950866699,0.0
NOAA / NWS / WPC,Winter Storm Severity Index,Winter weather,Weather Forecasts,200,Winter weather,40,EXT128,WPC WSSI overall impact | Days 1-3,external,map,https://mapservices.weather.noaa.gov/vector/rest/services/outlooks/wpc_wssi/MapServer/4,True,True,0.55,WPC Winter Storm Severity Index overall impact forecast layer for Days 1-3. Impact-based forecast product; not an observed condition layer.,https://www.wpc.ncep.noaa.gov/wwd/wssi/wssi.php,CONUS,"Use as broad winter-travel/impact context, especially for higher-elevation project areas.",B,visual,,"Server-rendered public NOAA/NWS image layer. If blank, there may be no current product over the view or the service may be slow.",,,https://mapservices.weather.noaa.gov/vector/rest/services/outlooks/wpc_wssi/MapServer/legend,Use WPC WSSI provider legend.,valid_time;idp_filedate;idp_ingestdate;idp_source;objectid,Valid time;Issued;Ingested;Source;Object ID,,,,valid_time;idp_filedate,Valid;Issued,valid_time,,,,,*,Winter storm impact forecast context.,yes,,,,,WSSI overall impact,,,,green,,1.0,,Audited load: fast (10/10 tests loaded; median 0.15 sec; p90 0.18 sec; max features n/a).,BRIM load audit 2026-07,10.0,1.0,0.151669979095459,0.176866436004639,0.193357944488525,0.0
NOAA / NWS / CPC,Climate Prediction Center,CPC monthly / seasonal,Weather Outlooks,210,CPC monthly / seasonal,10,EXT139,CPC 1-month temperature outlook,external,map,https://mapservices.weather.noaa.gov/vector/rest/services/outlooks/cpc_mthly_temp_outlk/MapServer/0,True,True,0.72,CPC outlook polygons. Use as broad planning context; not a site-specific forecast.,https://www.cpc.ncep.noaa.gov/products/predictions/long_range/lead14/off15_temp.gif,United States,"Zoom/pan to the region of interest, then add or refresh. The layer is a static current-view snapshot. Hover shows category/probability; popup links to the CPC 1-month outlook page.",10,current_view,,,,,https://mapservices.weather.noaa.gov/vector/rest/services/outlooks/cpc_mthly_temp_outlk/MapServer/legend,Official CPC probability/category color legend. Temperature and precipitation use different color ramps; open the legend/source page when interpreting colors.,cat;prob;fcst_date;idp_filedate;idp_source,cat=Category;prob=Probability;fcst_date=Forecast issued;idp_filedate=IDP file date;idp_source=Source,https://www.cpc.ncep.noaa.gov/products/predictions/long_range/lead14/,Open CPC 1-month outlook page,,cat;prob;fcst_date,cat=Category;prob=Probability;fcst_date=Issued,cat;prob,cat,,False,cat,cat;prob;fcst_date;start_date;end_date;idp_filedate;idp_ingestdate,Official CPC probability/category outlook with source colors preserved and identify-enabled hover/click attributes.,Near-term climate outlook screening: temperature and precipitation probability/category context.,,cat;prob,cpc_outlook,temperature,CPC outlook probability,category_probability,Current-view polygons are styled locally by cat/prob to avoid fragile MapServer image/identify behavior.,False,yellow,,2.0,,Audited load: moderate (10/10 tests loaded; median 0.43 sec; p90 0.49 sec; max features 2).,BRIM load audit 2026-07,10.0,1.0,0.428381085395813,0.492062926292419,0.678659915924072,0.0
NOAA / NWS / CPC,Climate Prediction Center,CPC monthly / seasonal,Weather Outlooks,210,CPC monthly / seasonal,10,EXT140,CPC 1-month precipitation outlook,external,map,https://mapservices.weather.noaa.gov/vector/rest/services/outlooks/cpc_mthly_precip_outlk/MapServer/0,True,True,0.72,CPC outlook polygons. Use as broad planning context; not a site-specific forecast.,https://www.cpc.ncep.noaa.gov/products/predictions/long_range/lead14/off15_prcp.gif,United States,"Zoom/pan to the region of interest, then add or refresh. The layer is a static current-view snapshot. Hover shows category/probability; popup links to the CPC 1-month outlook page.",11,current_view,,,,,https://mapservices.weather.noaa.gov/vector/rest/services/outlooks/cpc_mthly_precip_outlk/MapServer/legend,Official CPC probability/category color legend. Temperature and precipitation use different color ramps; open the legend/source page when interpreting colors.,cat;prob;fcst_date;idp_filedate;idp_source,cat=Category;prob=Probability;fcst_date=Forecast issued;idp_filedate=IDP file date;idp_source=Source,https://www.cpc.ncep.noaa.gov/products/predictions/long_range/lead14/,Open CPC 1-month outlook page,,cat;prob;fcst_date,cat=Category;prob=Probability;fcst_date=Issued,cat;prob,cat,,False,cat,cat;prob;fcst_date;start_date;end_date;idp_filedate;idp_ingestdate,Official CPC probability/category outlook with source colors preserved and identify-enabled hover/click attributes.,Near-term climate outlook screening: temperature and precipitation probability/category context.,,cat;prob,cpc_outlook,precipitation,CPC outlook probability,category_probability,Current-view polygons are styled locally by cat/prob to avoid fragile MapServer image/identify behavior.,False,yellow,,2.0,,Audited load: moderate (10/10 tests loaded; median 0.78 sec; p90 0.81 sec; max features 3).,BRIM load audit 2026-07,10.0,1.0,0.777706027030945,0.806198477745056,0.825165987014771,0.0
NOAA / NWS / CPC,Climate Prediction Center,CPC monthly / seasonal,Weather Outlooks,210,CPC monthly / seasonal,10,EXT141,CPC 3-month temperature outlook,external,map,https://mapservices.weather.noaa.gov/vector/rest/services/outlooks/cpc_sea_temp_outlk/MapServer/0,True,True,0.72,CPC outlook polygons. Use as broad planning context; not a site-specific forecast.,https://www.cpc.ncep.noaa.gov/products/predictions/long_range/lead01/off01_temp.gif,United States,"Zoom/pan to the region of interest, then add or refresh. The layer is a static current-view snapshot. Hover shows category/probability; popup links to the CPC 3-month outlook page.",20,current_view,,,,,https://mapservices.weather.noaa.gov/vector/rest/services/outlooks/cpc_sea_temp_outlk/MapServer/legend,Official CPC probability/category color legend. Temperature and precipitation use different color ramps; open the legend/source page when interpreting colors.,cat;prob;valid_seas;fcst_date;idp_filedate;idp_source,cat=Category;prob=Probability;valid_seas=Valid season;fcst_date=Forecast issued;idp_filedate=IDP file date;idp_source=Source,https://www.cpc.ncep.noaa.gov/products/predictions/long_range/seasonal.php?lead=1,Open CPC 3-month outlook page,,cat;prob;valid_seas,cat=Category;prob=Probability;valid_seas=Valid season,cat;prob,cat,,False,cat,cat;prob;fcst_date;start_date;end_date;idp_filedate;idp_ingestdate,Official CPC probability/category outlook with source colors preserved and identify-enabled hover/click attributes.,Near-term climate outlook screening: temperature and precipitation probability/category context.,,cat;prob,cpc_outlook,temperature,CPC outlook probability,category_probability,Current-view polygons are styled locally by cat/prob to avoid fragile MapServer image/identify behavior.,False,green,,1.0,,Audited load: fast (10/10 tests loaded; median 0.25 sec; p90 0.34 sec; max features 3).,BRIM load audit 2026-07,10.0,1.0,0.249388575553894,0.33980085849762,0.369168043136597,0.0
NOAA / NWS / CPC,Climate Prediction Center,CPC monthly / seasonal,Weather Outlooks,210,CPC monthly / seasonal,10,EXT142,CPC 3-month precipitation outlook,external,map,https://mapservices.weather.noaa.gov/vector/rest/services/outlooks/cpc_sea_precip_outlk/MapServer/0,True,True,0.72,CPC outlook polygons. Use as broad planning context; not a site-specific forecast.,https://www.cpc.ncep.noaa.gov/products/predictions/long_range/lead01/off01_prcp.gif,United States,"Zoom/pan to the region of interest, then add or refresh. The layer is a static current-view snapshot. Hover shows category/probability; popup links to the CPC 3-month outlook page.",21,current_view,,,,,https://mapservices.weather.noaa.gov/vector/rest/services/outlooks/cpc_sea_precip_outlk/MapServer/legend,Official CPC probability/category color legend. Temperature and precipitation use different color ramps; open the legend/source page when interpreting colors.,cat;prob;valid_seas;fcst_date;idp_filedate;idp_source,cat=Category;prob=Probability;valid_seas=Valid season;fcst_date=Forecast issued;idp_filedate=IDP file date;idp_source=Source,https://www.cpc.ncep.noaa.gov/products/predictions/long_range/seasonal.php?lead=1,Open CPC 3-month outlook page,,cat;prob;valid_seas,cat=Category;prob=Probability;valid_seas=Valid season,cat;prob,cat,,False,cat,cat;prob;fcst_date;start_date;end_date;idp_filedate;idp_ingestdate,Official CPC probability/category outlook with source colors preserved and identify-enabled hover/click attributes.,Near-term climate outlook screening: temperature and precipitation probability/category context.,,cat;prob,cpc_outlook,precipitation,CPC outlook probability,category_probability,Current-view polygons are styled locally by cat/prob to avoid fragile MapServer image/identify behavior.,False,yellow,,2.0,,Audited load: moderate (10/10 tests loaded; median 0.7 sec; p90 0.84 sec; max features 3).,BRIM load audit 2026-07,10.0,1.0,0.70280659198761,0.843435835838318,1.04773497581482,0.0
NOAA / NWS / CPC,Climate Prediction Center outlooks,CPC 6-10 / 8-14 day,Weather Outlooks,210,CPC 6-10 / 8-14 day,40,EXT062,CPC 6-10 Day Temperature Outlook,ops_live,map,https://mapservices.weather.noaa.gov/vector/rest/services/outlooks/cpc_6_10_day_outlk/MapServer/0,True,True,0.72,CPC probabilistic 6-10 day temperature outlook loaded as local current-view polygons for stable hover/popup behavior. Colors are PT2-local approximations of CPC category/probability classes.,https://www.cpc.ncep.noaa.gov/products/predictions/610day/index.php,United States; includes Alaska and adjacent regional context where present in source service.,"Zoom/pan to the region of interest, then add or refresh. The layer is a static current-view snapshot. Hover shows category/probability; popup links to the CPC 6-10 day outlook page.",222,current_view,,,,,https://mapservices.weather.noaa.gov/vector/rest/services/outlooks/cpc_6_10_day_outlk/MapServer/legend,Official CPC probability/category color legend. Temperature and precipitation use different color ramps; open the legend/source page when interpreting colors.,cat;prob;fcst_date;start_date;end_date;gis_date;idp_filedate,cat=Category;prob=Probability;fcst_date=Forecast issued;start_date=Valid start;end_date=Valid end;gis_date=GIS ingest date;idp_filedate=IDP file date,https://www.cpc.ncep.noaa.gov/products/predictions/610day/,Open CPC 6-10 day outlook page,,cat;prob;start_date;end_date,cat=Category;prob=Probability;start_date=Start;end_date=End,cat;prob,cat,prob,False,cat,cat;prob;fcst_date;start_date;end_date;idp_filedate;idp_ingestdate,Official CPC probability/category outlook with source colors preserved and identify-enabled hover/click attributes.,Near-term climate outlook screening: temperature and precipitation probability/category context.,,cat;prob,cpc_outlook,temperature,CPC 6-10 Day Temperature Outlook,category_probability,Current-view polygons are styled locally by cat/prob to avoid fragile MapServer image/identify behavior.,False,,,,,,,,,,,,
NOAA / NWS / CPC,Climate Prediction Center outlooks,CPC 6-10 / 8-14 day,Weather Outlooks,210,CPC 6-10 / 8-14 day,40,EXT063,CPC 6-10 Day Precipitation Outlook,ops_live,map,https://mapservices.weather.noaa.gov/vector/rest/services/outlooks/cpc_6_10_day_outlk/MapServer/1,True,True,0.72,CPC probabilistic 6-10 day precipitation outlook loaded as local current-view polygons for stable hover/popup behavior. Colors are PT2-local approximations of CPC category/probability classes.,https://www.cpc.ncep.noaa.gov/products/predictions/610day/index.php,United States; includes Alaska and adjacent regional context where present in source service.,"Zoom/pan to the region of interest, then add or refresh. The layer is a static current-view snapshot. Hover shows category/probability; popup links to the CPC 6-10 day outlook page.",223,current_view,,,,,https://mapservices.weather.noaa.gov/vector/rest/services/outlooks/cpc_6_10_day_outlk/MapServer/legend,Official CPC probability/category color legend. Temperature and precipitation use different color ramps; open the legend/source page when interpreting colors.,cat;prob;fcst_date;start_date;end_date;gis_date;idp_filedate,cat=Category;prob=Probability;fcst_date=Forecast issued;start_date=Valid start;end_date=Valid end;gis_date=GIS ingest date;idp_filedate=IDP file date,https://www.cpc.ncep.noaa.gov/products/predictions/610day/,Open CPC 6-10 day outlook page,,cat;prob;start_date;end_date,cat=Category;prob=Probability;start_date=Start;end_date=End,cat;prob,cat,prob,False,cat,cat;prob;fcst_date;start_date;end_date;idp_filedate;idp_ingestdate,Official CPC probability/category outlook with source colors preserved and identify-enabled hover/click attributes.,Near-term climate outlook screening: temperature and precipitation probability/category context.,,cat;prob,cpc_outlook,precipitation,CPC 6-10 Day Precipitation Outlook,category_probability,Current-view polygons are styled locally by cat/prob to avoid fragile MapServer image/identify behavior.,False,,,,,,,,,,,,
NOAA / NWS / CPC,Climate Prediction Center outlooks,CPC 6-10 / 8-14 day,Weather Outlooks,210,CPC 6-10 / 8-14 day,40,EXT064,CPC 8-14 Day Temperature Outlook,ops_live,map,https://mapservices.weather.noaa.gov/vector/rest/services/outlooks/cpc_8_14_day_outlk/MapServer/0,True,True,0.72,CPC probabilistic 8-14 day temperature outlook loaded as local current-view polygons for stable hover/popup behavior. Colors are PT2-local approximations of CPC category/probability classes.,https://www.cpc.ncep.noaa.gov/products/predictions/814day/index.php,United States; includes Alaska and adjacent regional context where present in source service.,"Zoom/pan to the region of interest, then add or refresh. The layer is a static current-view snapshot. Hover shows category/probability; popup links to the CPC 8-14 day outlook page.",224,current_view,,,,,https://mapservices.weather.noaa.gov/vector/rest/services/outlooks/cpc_8_14_day_outlk/MapServer/legend,Official CPC probability/category color legend. Temperature and precipitation use different color ramps; open the legend/source page when interpreting colors.,cat;prob;fcst_date;start_date;end_date;gis_date;idp_filedate,cat=Category;prob=Probability;fcst_date=Forecast issued;start_date=Valid start;end_date=Valid end;gis_date=GIS ingest date;idp_filedate=IDP file date,https://www.cpc.ncep.noaa.gov/products/predictions/814day/,Open CPC 8-14 day outlook page,,cat;prob;start_date;end_date,cat=Category;prob=Probability;start_date=Start;end_date=End,cat;prob,cat,prob,False,cat,cat;prob;fcst_date;start_date;end_date;idp_filedate;idp_ingestdate,Official CPC probability/category outlook with source colors preserved and identify-enabled hover/click attributes.,Near-term climate outlook screening: temperature and precipitation probability/category context.,,cat;prob,cpc_outlook,temperature,CPC 8-14 Day Temperature Outlook,category_probability,Current-view polygons are styled locally by cat/prob to avoid fragile MapServer image/identify behavior.,False,,,,,,,,,,,,
NOAA / NWS / CPC,Climate Prediction Center outlooks,CPC 6-10 / 8-14 day,Weather Outlooks,210,CPC 6-10 / 8-14 day,40,EXT065,CPC 8-14 Day Precipitation Outlook,ops_live,map,https://mapservices.weather.noaa.gov/vector/rest/services/outlooks/cpc_8_14_day_outlk/MapServer/1,True,True,0.72,CPC probabilistic 8-14 day precipitation outlook loaded as local current-view polygons for stable hover/popup behavior. Colors are PT2-local approximations of CPC category/probability classes.,https://www.cpc.ncep.noaa.gov/products/predictions/814day/index.php,United States; includes Alaska and adjacent regional context where present in source service.,"Zoom/pan to the region of interest, then add or refresh. The layer is a static current-view snapshot. Hover shows category/probability; popup links to the CPC 8-14 day outlook page.",225,current_view,,,,,https://mapservices.weather.noaa.gov/vector/rest/services/outlooks/cpc_8_14_day_outlk/MapServer/legend,Official CPC probability/category color legend. Temperature and precipitation use different color ramps; open the legend/source page when interpreting colors.,cat;prob;fcst_date;start_date;end_date;gis_date;idp_filedate,cat=Category;prob=Probability;fcst_date=Forecast issued;start_date=Valid start;end_date=Valid end;gis_date=GIS ingest date;idp_filedate=IDP file date,https://www.cpc.ncep.noaa.gov/products/predictions/814day/,Open CPC 8-14 day outlook page,,cat;prob;start_date;end_date,cat=Category;prob=Probability;start_date=Start;end_date=End,cat;prob,cat,prob,False,cat,cat;prob;fcst_date;start_date;end_date;idp_filedate;idp_ingestdate,Official CPC probability/category outlook with source colors preserved and identify-enabled hover/click attributes.,Near-term climate outlook screening: temperature and precipitation probability/category context.,,cat;prob,cpc_outlook,precipitation,CPC 8-14 Day Precipitation Outlook,category_probability,Current-view polygons are styled locally by cat/prob to avoid fragile MapServer image/identify behavior.,False,,,,,,,,,,,,
BLM California,National Conservation Lands / NLCS,Wild & Scenic Rivers,Wild & Scenic Rivers,220,BLM,10,WSR_BLM_CA_CORRIDORS,Wild & Scenic River corridors | BLM-CA,external,feature,https://gis.blm.gov/caarcgis/rest/services/NCL/BLM_CA_WildandScenicRivers/FeatureServer/1,TRUE,TRUE,0.42,BLM California corridor polygon source; state-office dataset may be more current than national compilation and geometry can differ.,https://gis.blm.gov/caarcgis/rest/services/NCL/BLM_CA_WildandScenicRivers/FeatureServer/1,California / BLM-CA,,60,current_view,ADMIN_ST = 'CA',Use current-view loading for responsive browsing; local WSR layers remain the snappy offline source stack.,,6,,,"NLCS_NAME,WSR_CTGY,ADMIN_ST,SMA_ID,FAU_ID","Name,WSR category,Admin state,SMA ID,FAU ID",,,,"NLCS_NAME,WSR_CTGY","Name,Category",NLCS_NAME,,,,,"NLCS_NAME,WSR_CTGY,ADMIN_ST,SMA_ID,FAU_ID",Current-source comparison for local WSR layers; use local WSR layers for fastest screening.,yes,"WSR_CTGY,SMA_ID",WSR_CTGY,category,,BLM corridor category,,,FALSE,,yellow,,2,New WSR external candidate added for source-current comparison; not yet BRIM load-audited.,not yet audited,,,,,,
BLM California,National Conservation Lands / NLCS,Wild & Scenic Rivers,Wild & Scenic Rivers,220,BLM,10,WSR_BLM_CA_LINES,Wild & Scenic River lines | BLM-CA,external,feature,https://gis.blm.gov/caarcgis/rest/services/NCL/BLM_CA_WildandScenicRivers/FeatureServer/0,TRUE,TRUE,0.96,BLM California state-office WSR line source; useful for comparison with local BLM-CA linework and national interagency segments. Styled as a heavier single-color line in BRIM External Layers so it remains visible against hydrography basemaps.,https://gis.blm.gov/caarcgis/rest/services/NCL/BLM_CA_WildandScenicRivers/FeatureServer/0,California / BLM-CA,,60,current_view,ADMIN_ST = 'CA',Use current-view loading for responsive browsing; local WSR layers remain the snappy offline source stack.,,6,,,"NLCS_NAME,WSR_CTGY,CASEFILE_NO,NHD_RCH_CD,ADMIN_ST,MODIFY_DATE,WSR_SGMNT_NO,STATUS_ca,CATEGORY_ca,ADMIN_AGENCY_CODE_ca","Name,WSR category,Casefile,NHD reach code,Admin state,Modified,Segment no.,Status,Category,Admin agency code",,,,"NLCS_NAME,WSR_CTGY,STATUS_ca","Name,Category,Status",NLCS_NAME,,,,,"NLCS_NAME,WSR_CTGY,CASEFILE_NO,NHD_RCH_CD,ADMIN_ST,MODIFY_DATE,WSR_SGMNT_NO,STATUS_ca,CATEGORY_ca,ADMIN_AGENCY_CODE_ca",Current-source comparison for local WSR layers; use local WSR layers for fastest screening.,yes,"WSR_CTGY,STATUS_ca,CATEGORY_ca",,,,,,,FALSE,,yellow,,2,New WSR external candidate added for source-current comparison; not yet BRIM load-audited.,not yet audited,,,,,,
California DWR / CDFW,California Wild and Scenic Rivers System,Wild & Scenic Rivers,Wild & Scenic Rivers,220,California,20,WSR_CA_STATE_ONLY_LINES,State-designated WSR lines | California DWR/CDFW,external,feature,https://services2.arcgis.com/Uq9r85Potqm3MfRV/arcgis/rest/services/biosds950_fnu/FeatureServer/0,TRUE,TRUE,0.88,California state designations only; federally designated WSR streams are excluded from this dataset.,https://gis.data.ca.gov/datasets/CDFW::wild-and-scenic-rivers-state-designations-only-california-ds950/about,California,,60,current_view,1=1,Use current-view loading for responsive browsing; local WSR layers remain the snappy offline source stack.,,6,,,"GNIS_NAME,DESIGNATOR,DESIGNATION_YEAR,DESIGNATION_TYPE,DESIGNATION_DESCRIPTION,DESIGNATION_MILES,PUBLIC_RESOURCES_CODE,ReachCode,COMMENTS,SOURCE","River,Designator,Designation year,Designation type,Designation description,Designation miles,Public Resources Code,NHD reach code,Comments,Source",,,,"GNIS_NAME,DESIGNATION_YEAR,DESIGNATION_TYPE","River,Year,Type",GNIS_NAME,,,,,"GNIS_NAME,DESIGNATOR,DESIGNATION_YEAR,DESIGNATION_TYPE,DESIGNATION_DESCRIPTION,DESIGNATION_MILES,PUBLIC_RESOURCES_CODE,ReachCode,COMMENTS,SOURCE",Current-source comparison for local WSR layers; use local WSR layers for fastest screening.,yes,"DESIGNATION_TYPE,DESIGNATION_YEAR",DESIGNATION_TYPE,category,,CA designation type,,,FALSE,,yellow,,2,New WSR external candidate added for source-current comparison; not yet BRIM load-audited.,not yet audited,,,,,,
USFS / Interagency WSR Council,National Wild and Scenic Rivers System,Wild & Scenic Rivers,Wild & Scenic Rivers,220,USFS / interagency,30,WSR_USFS_INTERAGENCY_SEGMENTS_CA,National WSR segments | USFS/interagency | California,external,feature,https://apps.fs.usda.gov/arcx/rest/services/EDW/EDW_WildScenicRiverSegments_01/MapServer/1,TRUE,TRUE,0.88,"Interagency segment-level centerline source; includes classification, endpoints, administering agency, and ORV fields. Filtered to California.",https://apps.fs.usda.gov/arcx/rest/services/EDW/EDW_WildScenicRiverSegments_01/MapServer,California subset of national WSR system,,60,current_view,state = 'California',Use current-view loading for responsive browsing; local WSR layers remain the snappy offline source stack.,,6,,,"wsr_river_name,wsr_river_shortname,gnis_name,classification,segment_miles,total_miles,beginning_point_narrative,ending_point_narrative,agency,administrative_unit,county,orv_list,orv_other","WSR full name,WSR name,River/GNIS name,Classification,Segment miles,Total miles,Beginning point,Ending point,Agency,Administrative unit,County,ORVs,Other ORVs",,,,"wsr_river_shortname,gnis_name,classification,agency","WSR,River,Class,Agency","wsr_river_shortname,gnis_name",,,,,"wsr_river_name,wsr_river_shortname,gnis_name,classification,segment_miles,total_miles,beginning_point_narrative,ending_point_narrative,agency,administrative_unit,county,state,orv_list,orv_other,orv_fish,orv_geologic,orv_recreational,orv_scenic,orv_culture,orv_wildlife,orv_historic",Current-source comparison for local WSR layers; use local WSR layers for fastest screening.,yes,"classification,agency,state",classification,category,,WSR classification,,,FALSE,,yellow,,2,New WSR external candidate added for source-current comparison; not yet BRIM load-audited.,not yet audited,,,,,,
USFS / LSRS,Land Status Record System,Wild & Scenic Rivers,Wild & Scenic Rivers,220,USFS / interagency,30,WSR_USFS_LSRS_AREAS_CA,National WSR area polygons | USFS/LSRS | California,external,feature,https://apps.fs.usda.gov/arcx/rest/services/EDW/EDW_WildScenicRiver_01/MapServer/0,TRUE,TRUE,0.36,General USFS/LSRS polygon view of designated National WSR areas. California extraction uses river/designated-name text because the layer lacks a state field.,https://apps.fs.usda.gov/arcx/rest/services/EDW/EDW_WildScenicRiver_01/MapServer/0,California text-filtered subset of national polygons,,60,current_view,river LIKE '%California%' OR designatedname LIKE '%California%',Use current-view loading for responsive browsing; local WSR layers remain the snappy offline source stack.,,6,,,"designatedname,river,classification,boundarystatus,gis_acres,areaid","Designated name,River,Classification,Boundary status,GIS acres,Area ID",,,,"river,classification,boundarystatus","River,Class,Boundary status",river,,,,,"designatedname,river,classification,boundarystatus,gis_acres,areaid",Current-source comparison for local WSR layers; use local WSR layers for fastest screening.,yes,"classification,boundarystatus",classification,category,,WSR classification,,,FALSE,,yellow,,2,New WSR external candidate added for source-current comparison; not yet BRIM load-audited.,not yet audited,,,,,,
USFS / LSRS,Land Status Record System,Wild & Scenic Rivers,Wild & Scenic Rivers,220,USFS / interagency,30,WSR_USFS_LSRS_LEGAL_STATUS_CA,WSR legal-status corridors | USFS/LSRS | California,external,feature,https://apps.fs.usda.gov/arcx/rest/services/EDW/EDW_WildScenicRiverStatus_01/MapServer/0,TRUE,TRUE,0.34,"Detailed USFS/LSRS land-status polygon source with action/designation date, boundary status, official acres, case ID, and comments. California extraction uses area/case-name text because the layer lacks a state field.",https://apps.fs.usda.gov/arcx/rest/services/EDW/EDW_WildScenicRiverStatus_01/MapServer/0,California text-filtered subset of national legal-status polygons,,60,current_view,areaname LIKE '%California%' OR casename LIKE '%California%',Use current-view loading for responsive browsing; local WSR layers remain the snappy offline source stack.,,6,,,"casename,areaname,areatype,boundarystatus,actiondate,officialacres,localcaseid,comments,region","Case name,Area name,Area type,Boundary status,Action date,Official acres,Local case ID,Comments,Region",,,,"areaname,areatype,boundarystatus,actiondate","Area,Type,Boundary status,Action date",areaname,,,,,"casename,areaname,areatype,boundarystatus,actiondate,officialacres,localcaseid,comments,region",Current-source comparison for local WSR layers; use local WSR layers for fastest screening.,yes,"areatype,boundarystatus,actiondate",areatype,category,,WSR legal status type,,,FALSE,,yellow,,2,New WSR external candidate added for source-current comparison; not yet BRIM load-audited.,not yet audited,,,,,,
DWR / CNRA,DWR GIS Atlas,Geology / Infrastructure,Mining / Energy / Infrastructure,999,Geology / Infrastructure,20,EXT039,DWR Fault Crossings — State Water Project,disabled,map,https://gis.water.ca.gov/arcgis/rest/services/Geoscientific/i08_FaultCrossings_StateWaterProject/MapServer,False,False,0.58,California DWR ArcGIS REST MapServer layer. Use as a visual overlay.,https://gis.water.ca.gov/arcgis/rest/services/Geoscientific/i08_FaultCrossings_StateWaterProject/MapServer,,,150,visual,,,9.0,,https://gis.water.ca.gov/arcgis/rest/services/Geoscientific/i08_FaultCrossings_StateWaterProject/MapServer/legend,DWR service-rendered legend.,,,,,,,,,,,,,,,,,,,,,,,,,,,,,,,,,,,
DWR / CNRA,DWR GIS Atlas,Conveyance / Infrastructure,Mining / Energy / Infrastructure,999,Conveyance / Infrastructure,30,EXT044,DWR Local Canals and Aqueducts,disabled,map,https://gis.water.ca.gov/arcgis/rest/services/InlandWaters/i12_Canals_and_Aqueducts_local/MapServer,False,False,0.58,California DWR ArcGIS REST MapServer layer. Use as a visual overlay. Disabled in External panel during EL_003g QA because service appeared stale/unreliable; retained in CSV inventory for possible future repair.,https://gis.water.ca.gov/arcgis/rest/services/InlandWaters/i12_Canals_and_Aqueducts_local/MapServer,,,170,visual,,,8.0,,https://gis.water.ca.gov/arcgis/rest/services/InlandWaters/i12_Canals_and_Aqueducts_local/MapServer/legend,DWR service-rendered legend.,,,,,,,,,,,,,,,,,,,,,,,,,,,,,,,,,,,
DWR / CNRA,DWR GIS Atlas,Water operations / CalSim,Mining / Energy / Infrastructure,999,Water operations / CalSim,40,EXT046,DWR CalSim II Inflow Data Locations,disabled,map,https://gis.water.ca.gov/arcgis/rest/services/InlandWaters/i12_CalSimII_InflowData/MapServer,False,False,0.58,California DWR ArcGIS REST MapServer layer. Use as a visual overlay. Disabled in External panel during EL_003g QA because service appeared stale/unreliable; retained in CSV inventory for possible future repair.,https://gis.water.ca.gov/arcgis/rest/services/InlandWaters/i12_CalSimII_InflowData/MapServer,,,172,visual,,,8.0,,https://gis.water.ca.gov/arcgis/rest/services/InlandWaters/i12_CalSimII_InflowData/MapServer/legend,DWR service-rendered legend.,,,,,,,,,,,,,,,,,,,,,,,,,,,,,,,,,,,
NOAA / NWS,NWS Reference Maps,Weather operations / WFOs,Weather / snow / drought,999,Weather operations / WFOs,20,EXT060,NWS WFOs,ops_live,feature,https://mapservices.weather.noaa.gov/static/rest/services/nws_reference_maps/nws_reference_map/FeatureServer/1,True,True,0.45,"NOAA/NWS County Warning Area polygons. These are the WFO forecast/warning responsibility areas, not just office point locations.",https://www.weather.gov/gis/CWABounds,United States; includes California and adjacent WFO areas,Shows NWS Weather Forecast Office responsibility areas. Hover shows the office location/name; popups include a link to the local WFO homepage.,220,live,,,,,,,citystate;wfo;cwa;region;fullstaid;idp_filedate,citystate=Office;wfo=WFO ID;cwa=CWA ID;region=NWS region;fullstaid=Full station ID;idp_filedate=GIS file date,https://www.weather.gov/{wfo_lower}/,Open WFO homepage,,citystate;wfo,citystate=Office;wfo=WFO,citystate,citystate,,False,citystate,citystate;wfo;cwa;region;fullstaid;idp_filedate,NWS Weather Forecast Office responsibility-area context,high,,,,,,,CWA and WFO identifiers are usually the same three-letter office code. Popup homepage link is generated from the wfo field using https://www.weather.gov/{wfo_lower}/.,,,,,,,,,,,,,
NOAA / NWS / NDMC / USDA,U.S. Drought Monitor,Climate monitoring / drought,Weather / snow / drought,999,Climate monitoring / drought,30,EXT061,U.S. Drought Monitor (current),ops_live,feature,https://services5.arcgis.com/0OTVzJS4K09zlixn/arcgis/rest/services/USDM_current/FeatureServer/0,True,True,0.46,"Current U.S. Drought Monitor polygons, locally styled by official D0-D4 drought categories.",https://droughtmonitor.unl.edu/,United States,"Loads the current U.S. Drought Monitor as a current-view polygon snapshot. PT2 sorts nested drought polygons so D3/D4 draw above broader D0-D2 areas; hover shows the D0-D4 drought class and release date; popup links to the U.S. Drought Monitor page. Released weekly, generally Thursday morning, with data valid through Tuesday morning Eastern Time.",221,current_view,,,,,https://droughtmonitor.unl.edu/,D0 Abnormally Dry; D1 Moderate Drought; D2 Severe Drought; D3 Extreme Drought; D4 Exceptional Drought.,DM;ReleaseDate;MapDate;ReleaseYear;ReleaseWeek;CumulativePerct;CatagoricalPerct;ValidStart;ValidEnd,DM=Drought category;ReleaseDate=Release date;MapDate=Map date;ReleaseYear=Release year;ReleaseWeek=Release week;CumulativePerct=Cumulative percent;CatagoricalPerct=Categorical percent;ValidStart=Valid start;ValidEnd=Valid end,https://droughtmonitor.unl.edu/,Open U.S. Drought Monitor,,DM;ReleaseDate,DM=Drought category;ReleaseDate=Release date,DM,DM,,False,DM,,Current national drought-category context with local D0-D4 styling and hover/click popups.,"Drought category context; screening drought severity near projects, watersheds, and water-supply areas.",DM,DM,usdm_drought_monitor,D0-D4,U.S. Drought Monitor category,categorical,PT2 styles this layer locally from the DM field using official USDM D0-D4 colors. The layer is loaded as a current-view snapshot and sorted by DM intensity so nested D3/D4 polygons are not hidden by broader D0-D2 polygons. BRIM queries D0-D4 category-by-category for current-view snapshots and draws categories in dedicated panes so D3/D4 remain visible above broader D0-D2 polygons.,False,,,,,,,,,,,,
DWR / CNRA,DWR GIS Atlas,toggle off,toggle this layer off - it's only a very narrow set of FERC bnds,999,toggle off,10,EXT009,DWR FERC Project Boundaries,disabled,map,https://gis.water.ca.gov/arcgis/rest/services/Boundaries/i03_FERCBoundaries/MapServer,False,False,0.58,California DWR ArcGIS REST MapServer layer. Use as a visual overlay.,https://gis.water.ca.gov/arcgis/rest/services/Boundaries/i03_FERCBoundaries/MapServer,,,117,visual,,,8.0,,https://gis.water.ca.gov/arcgis/rest/services/Boundaries/i03_FERCBoundaries/MapServer/legend,DWR service-rendered legend.,,,,,,,,,,,,,,,,,,,,,,,,,,,,,,,,,,,
"EPA","Underground Injection Control","UIC / Aquifer Exemptions","Energy / Minerals",50,"Underground Injection Control (UIC)",90,"UIC_EPA_LIVE","UIC — EPA mapped boundaries","external","feature","https://services.arcgis.com/cJ9YHowT8TU7DUyn/ArcGIS/rest/services/Aquifer_Exemptions_Feature_Layer/FeatureServer/1","TRUE","TRUE","0.04","Authoritative EPA mapped aquifer-exemption footprints for California. Surface footprints only; review the applicable Record of Decision.","https://www.epa.gov/uic/aquifer-exemption-data","California","Authoritative on-demand EPA polygon source for current aquifer-exemption screening. No UIC data are embedded in the production HTML.","1","live_snapshot","State='CA'","Retrieves all current California polygons by object-ID batches only after the user adds the row; no startup request.","5",,"","","Injection_Well_ID;ID_1;County;Injection_Zone;Decision_Date;Well_Class;Injection_Activity;Depth;Depth_Units;AE_Area;AE_Area_Units;Data_Quality_Category","Injection_Well_ID=Field / project;ID_1=Source ID;County=County;Injection_Zone=Injection zone;Decision_Date=Decision date;Well_Class=Well class;Injection_Activity=Injection activity;Depth=Reported depth;Depth_Units=Depth units;AE_Area=Mapped area;AE_Area_Units=Area units;Data_Quality_Category=Data quality","","","","Injection_Well_ID;Injection_Zone;County;ID_1","Injection_Well_ID=Field / project;Injection_Zone=Injection zone;County=County;ID_1=Source ID","Injection_Well_ID","Injection_Well_ID","","","Injection_Well_ID","OBJECTID;ID_1;Region;Number;Injection_Well_ID;Well_Class;Injection_Activity;State;County;AE_Area;AE_Area_Units;AE_Area_Notes;Depth;Depth_Units;Injection_Zone;Formation_Thickness;Lithology;Injectate_Characteristics;Decision_Date;Data_Quality_Category","Authoritative current EPA mapped-boundary screening and source-record review.","yes","","","uic_epa_live","source","UIC aquifer-exemption source","categorical","Solid source-colored outline and very low source fill. EPA California records do not supply usable record-specific More_Info_Hyperlink values; BRIM links to the EPA California decisions page and does not invent record URLs.","FALSE","yellow","",2,,"Moderate: current verified count 440 California polygons; complete object-ID-batched snapshot on demand.","EPA FeatureServer verified 2026-07-23; rerun External load audit for timings.",,,,,,
"CalGEM / DOC","UIC Aquifer Exemptions","UIC / Aquifer Exemptions","Energy / Minerals",50,"Underground Injection Control (UIC)",90,"UIC_CALGEM_POST_LIVE","UIC — CalGEM post-primacy approvals","external","feature","https://gis.conservation.ca.gov/server/rest/services/CalGEM/Post_Primacy_Aquifer_Exemptions/FeatureServer/0","TRUE","TRUE","0.04","Authoritative CalGEM post-primacy aquifer-exemption approval footprints with source formation, zone, approval, criterion, and documentation attributes.","https://www.conservation.ca.gov/calgem/Pages/Aquifer-Exemptions-Status.aspx","California","Authoritative on-demand CalGEM post-primacy polygon source. Preserve source-specific records separately from EPA.","2","live_snapshot","1=1","Small statewide polygon source, retrieved completely by object-ID batches only after the user adds the row.","5",,"","","Field_Labe;Name;ID;County;Formation;Zone;Pool;Approve;Well_Class;Exemption_;Documentat;Acreage;DepthMin_Z;DepthMax_Z;USDW_MinDe;USDW_MaxDe;TDS_Min;TDS_Max;Boron_Min;Boron_Max","Field_Labe=Field;Name=Project;ID=Source ID;County=County;Formation=Formation;Zone=Zone;Pool=Pool;Approve=Approval date;Well_Class=Well class;Exemption_=Exemption criterion;Documentat=Documentation;Acreage=Reported acreage;DepthMin_Z=Depth minimum (source value);DepthMax_Z=Depth maximum (source value);USDW_MinDe=USDW minimum (source value);USDW_MaxDe=USDW maximum (source value);TDS_Min=TDS minimum (source value);TDS_Max=TDS maximum (source value);Boron_Min=Boron minimum (source value);Boron_Max=Boron maximum (source value)","","","","Field_Labe;Formation;Zone;County;ID","Field_Labe=Field;Formation=Formation;Zone=Zone;County=County;ID=Source ID","Field_Labe","Field_Labe","","","Field_Labe","OBJECTID;Name;Field_Labe;Zone_Label;Formation;Zone;Pool;Acreage;DepthMin_Z;DepthMax_Z;ThicknessM;Thicknes_1;USDW_MinDe;USDW_MaxDe;TDS_Min;TDS_Max;Boron_Min;Boron_Max;Exemption_;Last_Edit_;Contour_Ma;Documentat;Comments;District;Region;Number;ID;Well_Class;County;Inj_Zone;Lithology;Injectate;CA_ID;Approve","Authoritative current CalGEM post-primacy boundary screening and source-record review.","yes","","","uic_calgem_post_live","source","UIC aquifer-exemption source","categorical","Solid source-colored outline and very low source fill. Depth/elevation units and datum require source-document review. Zero values are preserved. FTP documentation links are labeled legacy/unverified.","FALSE","green","",1,,"Fast: validated baseline 42 polygons; complete object-ID-batched snapshot on demand.","Validated handoff baseline 2026-07-22; rerun External load audit after integration.",,,,,,
"CalGEM / DOC","UIC Aquifer Exemptions","UIC / Aquifer Exemptions","Energy / Minerals",50,"Underground Injection Control (UIC)",90,"UIC_CALGEM_PRIMACY_LIVE","UIC — CalGEM 1983 historic subset","external","feature","https://gis.conservation.ca.gov/server/rest/services/CalGEM/Primacy_Aquifer_Exemptions/FeatureServer/0","TRUE","TRUE","0.04","Authoritative CalGEM partial historic shaded subset associated with 1983 primacy. This is not a complete map of all 1983 exemptions.","https://www.conservation.ca.gov/calgem/Pages/Aquifer-Exemptions-Status.aspx","California","Authoritative on-demand historic CalGEM context. Formation-zone dates remain excluded pending dedicated QA.","3","live_snapshot","1=1","Retrieves all current historic shaded polygons by object-ID batches only after the user adds the row. Repeated footprints are preserved.","5",,"","","FieldName;AreaName;OBJECTID_1;FormZone1;FormZone2;FormZone3;FormZone4;FormZone5;FormZone6;FormZone7;FormZone8;FormZone9;FormZone10;FormZone11;FormZone12;FormZone13;FormZone14;FormZone15;FormZone16;FormZone17;FormZone18;Doc_Source;AcresTable;AcresCalc;RMS_Error;GIS_Comments","FieldName=Field;AreaName=Area;OBJECTID_1=Source ID;Doc_Source=Source volume;AcresTable=Reported acres;AcresCalc=Calculated acres;RMS_Error=RMS error;GIS_Comments=GIS comments","","","","FieldName;AreaName;FormZone1;OBJECTID_1","FieldName=Field;AreaName=Area;FormZone1=First listed formation / zone;OBJECTID_1=Source ID","FieldName","FieldName","","","FieldName","OBJECTID_1;OBJECTID;FieldCode;FieldName;AreaCode;AreaName;RMS_Error;Doc_Source;FormZone1;FormZone2;FormZone3;FormZone4;FormZone5;FormZone6;FormZone7;FormZone8;FormZone9;FormZone10;FormZone11;FormZone12;FormZone13;FormZone14;FormZone15;FormZone16;FormZone17;FormZone18;AcresTable;AcresCalc;GIS_Comments","Historic source context for the partial 1983 shaded subset; not complete statewide exemption coverage.","yes","","","uic_calgem_primacy_live","source","UIC aquifer-exemption source","categorical","Solid source-colored outline and very low source fill. Historic identity is carried by row text and popup warning, not a dashed line. FormZone date fields are excluded because QA found parse failures and implausible values.","FALSE","yellow","",2,,"Moderate: validated baseline 506 polygons; complete object-ID-batched snapshot on demand.","Validated handoff baseline 2026-07-22; rerun External load audit after integration.",,,,,,
"EPA","Underground Injection Control","UIC / Aquifer Exemptions","Energy / Minerals",50,"Underground Injection Control (UIC)",90,"UIC_EPA_REFERENCE_POINTS","EPA exemption reference points","external","feature","https://services.arcgis.com/cJ9YHowT8TU7DUyn/ArcGIS/rest/services/Aquifer_Exemptions_Feature_Layer/FeatureServer/0","TRUE","TRUE","0.82","EPA exemption-area centroids/reference locators for overview and navigation. These are not wells, injection wells, or additional exemption areas.","https://www.epa.gov/uic/aquifer-exemption-data","California","Optional on-demand overview/locator points that correspond to EPA aquifer-exemption records; use mapped boundaries and decisions for spatial interpretation.","4","live_snapshot","State='CA'","Expected load: about 440 California centroid/locator points. Add on demand; best at zoom 6 or closer. No startup request.","6",,"","","Injection_Well_ID;ID;County;Injection_Zone;Decision_Date;Well_Class;Injection_Activity;Depth;Depth_Units;AE_Area;AE_Area_Units;Data_Quality_Category","Injection_Well_ID=Field / project;ID=Source ID;County=County;Injection_Zone=Injection zone;Decision_Date=Decision date;Well_Class=Well class;Injection_Activity=Injection activity;Depth=Reported depth;Depth_Units=Depth units;AE_Area=Reported area;AE_Area_Units=Area units;Data_Quality_Category=Data quality","","","","Injection_Well_ID;Injection_Zone;County;ID","Injection_Well_ID=Field / project;Injection_Zone=Injection zone;County=County;ID=Source ID","Injection_Well_ID","Injection_Well_ID","","","Injection_Well_ID","OBJECTID;ID;Region;Number;Injection_Well_ID;Well_Class;Injection_Activity;State;County;AE_Centroid_Latitude;AE_Centroid_Longitude;AE_Area;AE_Area_Units;AE_Area_Notes;Depth;Depth_Units;Injection_Zone;Formation_Thickness;Lithology;Injectate_Characteristics;Decision_Date;Data_Quality_Category","Overview and record-location aid for EPA aquifer exemptions; not boundary interpretation and not well locations.","yes","","","uic_epa_reference_points","source","EPA centroid / locator points","categorical","Simple circle markers. Explicitly interpret as EPA exemption centroids/reference locators, not wells, injection wells, or additional exemption areas. Labels are intentionally omitted.","FALSE","yellow","",2,,"Moderate: current verified count 440 California centroid/locator points; complete object-ID-batched snapshot on demand.","EPA FeatureServer layer 0 verified 2026-07-23; rerun External load audit for timings.",,,,,,
