acec_id,component_id,value_record_id,value_family,value_type,value_name,value_scope,value_is_primary,value_description,value_source_document,value_source_url,value_source_page,value_source_section,value_last_verified,value_confidence,water_resource_connection,provenance_class,notes
acec-2f049d343b6beb,blmca-4361352e-8ad0-4e17-8819-a66cbe28099b,value-b81fe5e2e0c1,cultural_archaeological_historic,cultural,Cultural resources,selected source record and semantic ACEC (one-to-one in current inventory),unresolved,Official statewide source codes cultural resources as relevant (YES).,BLM CA ACEC FeatureServer,https://gis.blm.gov/caarcgis/rest/services/Planning/BLM_CA_ACEC/FeatureServer/0,,ACEC_RLVNCE_CUL,2026-08-05,high_source_code,not_classified_as_water_value,authoritative_source,"This is a controlled statewide relevance category, not a detailed unit-specific value narrative."
acec-2f049d343b6beb,blmca-4361352e-8ad0-4e17-8819-a66cbe28099b,value-0f23617c0ebc,botanical_or_ecological,natural_process,Natural processes,selected source record and semantic ACEC (one-to-one in current inventory),unresolved,Official statewide source codes natural processes as relevant (YES).,BLM CA ACEC FeatureServer,https://gis.blm.gov/caarcgis/rest/services/Planning/BLM_CA_ACEC/FeatureServer/0,,ACEC_RLVNCE_NPRO,2026-08-05,high_source_code,not_classified_as_water_value,authoritative_source,"This is a controlled statewide relevance category, not a detailed unit-specific value narrative."
acec-2f049d343b6beb,blmca-4361352e-8ad0-4e17-8819-a66cbe28099b,value-f042d7919285,botanical_or_ecological,natural_system,Natural systems,selected source record and semantic ACEC (one-to-one in current inventory),unresolved,Official statewide source codes natural systems as relevant (YES).,BLM CA ACEC FeatureServer,https://gis.blm.gov/caarcgis/rest/services/Planning/BLM_CA_ACEC/FeatureServer/0,,ACEC_RLVNCE_NSYS,2026-08-05,high_source_code,not_classified_as_water_value,authoritative_source,"This is a controlled statewide relevance category, not a detailed unit-specific value narrative."
acec-2f049d343b6beb,blmca-4361352e-8ad0-4e17-8819-a66cbe28099b,value-9725113d59a9,wildlife_and_habitat,wildlife_resource,Wildlife resources,selected source record and semantic ACEC (one-to-one in current inventory),unresolved,Official statewide source codes wildlife resources as relevant (YES).,BLM CA ACEC FeatureServer,https://gis.blm.gov/caarcgis/rest/services/Planning/BLM_CA_ACEC/FeatureServer/0,,ACEC_RLVNCE_WRSC,2026-08-05,high_source_code,not_classified_as_water_value,authoritative_source,"This is a controlled statewide relevance category, not a detailed unit-specific value narrative."
acec-c0fa64746ffb35,blmca-33ea03d1-a477-4b15-9750-67ffd176ef32,value-047810bc9b86,cultural_archaeological_historic,cultural,Cultural resources,selected source record and semantic ACEC (one-to-one in current inventory),unresolved,Official statewide source codes cultural resources as relevant (YES).,BLM CA ACEC FeatureServer,https://gis.blm.gov/caarcgis/rest/services/Planning/BLM_CA_ACEC/FeatureServer/0,,ACEC_RLVNCE_CUL,2026-08-05,high_source_code,not_classified_as_water_value,authoritative_source,"This is a controlled statewide relevance category, not a detailed unit-specific value narrative."
acec-c0fa64746ffb35,blmca-33ea03d1-a477-4b15-9750-67ffd176ef32,value-3bbe0d152afd,cultural_archaeological_historic,historic,Historic resources,selected source record and semantic ACEC (one-to-one in current inventory),unresolved,Official statewide source codes historic resources as relevant (YES).,BLM CA ACEC FeatureServer,https://gis.blm.gov/caarcgis/rest/services/Planning/BLM_CA_ACEC/FeatureServer/0,,ACEC_RLVNCE_HIS,2026-08-05,high_source_code,not_classified_as_water_value,authoritative_source,"This is a controlled statewide relevance category, not a detailed unit-specific value narrative."
acec-c0fa64746ffb35,blmca-33ea03d1-a477-4b15-9750-67ffd176ef32,value-a3e269feb4dc,scenic,scenic,Scenic values,selected source record and semantic ACEC (one-to-one in current inventory),unresolved,Official statewide source codes scenic values as relevant (YES).,BLM CA ACEC FeatureServer,https://gis.blm.gov/caarcgis/rest/services/Planning/BLM_CA_ACEC/FeatureServer/0,,ACEC_RLVNCE_SCE,2026-08-05,high_source_code,not_classified_as_water_value,authoritative_source,"This is a controlled statewide relevance category, not a detailed unit-specific value narrative."
acec-c0fa64746ffb35,blmca-33ea03d1-a477-4b15-9750-67ffd176ef32,value-f7a305e3a971,wildlife_and_habitat,wildlife_resource,Wildlife resources,selected source record and semantic ACEC (one-to-one in current inventory),unresolved,Official statewide source codes wildlife resources as relevant (YES).,BLM CA ACEC FeatureServer,https://gis.blm.gov/caarcgis/rest/services/Planning/BLM_CA_ACEC/FeatureServer/0,,ACEC_RLVNCE_WRSC,2026-08-05,high_source_code,not_classified_as_water_value,authoritative_source,"This is a controlled statewide relevance category, not a detailed unit-specific value narrative."
acec-19355b869d75a5,blmca-006bce6f-aff5-4f0c-a926-e4de1bfd5b8f,value-a186aa01a0e0,water_aquatic,fish_resource,Fish or aquatic resources,selected source record and semantic ACEC (one-to-one in current inventory),unresolved,Official statewide source codes fish or aquatic resources as relevant (YES).,BLM CA ACEC FeatureServer,https://gis.blm.gov/caarcgis/rest/services/Planning/BLM_CA_ACEC/FeatureServer/0,,ACEC_RLVNCE_FRSC,2026-08-05,high_source_code,designation_value,authoritative_source,"This is a controlled statewide relevance category, not a detailed unit-specific value narrative."
acec-19355b869d75a5,blmca-006bce6f-aff5-4f0c-a926-e4de1bfd5b8f,value-5d2d3a85a2b7,wildlife_and_habitat,wildlife_resource,Wildlife resources,selected source record and semantic ACEC (one-to-one in current inventory),unresolved,Official statewide source codes wildlife resources as relevant (YES).,BLM CA ACEC FeatureServer,https://gis.blm.gov/caarcgis/rest/services/Planning/BLM_CA_ACEC/FeatureServer/0,,ACEC_RLVNCE_WRSC,2026-08-05,high_source_code,not_classified_as_water_value,authoritative_source,"This is a controlled statewide relevance category, not a detailed unit-specific value narrative."
acec-4e6db7be3808b1,blmca-b200860b-b4ad-40ef-be15-c2a745bb33e2,value-b13f5159b5cd,water_aquatic,fish_resource,Fish or aquatic resources,selected source record and semantic ACEC (one-to-one in current inventory),unresolved,Official statewide source codes fish or aquatic resources as relevant (YES).,BLM CA ACEC FeatureServer,https://gis.blm.gov/caarcgis/rest/services/Planning/BLM_CA_ACEC/FeatureServer/0,,ACEC_RLVNCE_FRSC,2026-08-05,high_source_code,designation_value,authoritative_source,"This is a controlled statewide relevance category, not a detailed unit-specific value narrative."
acec-4e6db7be3808b1,blmca-b200860b-b4ad-40ef-be15-c2a745bb33e2,value-ee59dbeac80d,cultural_archaeological_historic,historic,Historic resources,selected source record and semantic ACEC (one-to-one in current inventory),unresolved,Official statewide source codes historic resources as relevant (YES).,BLM CA ACEC FeatureServer,https://gis.blm.gov/caarcgis/rest/services/Planning/BLM_CA_ACEC/FeatureServer/0,,ACEC_RLVNCE_HIS,2026-08-05,high_source_code,not_classified_as_water_value,authoritative_source,"This is a controlled statewide relevance category, not a detailed unit-specific value narrative."
acec-4e6db7be3808b1,blmca-b200860b-b4ad-40ef-be15-c2a745bb33e2,value-dd6259c76459,wildlife_and_habitat,wildlife_resource,Wildlife resources,selected source record and semantic ACEC (one-to-one in current inventory),unresolved,Official statewide source codes wildlife resources as relevant (YES).,BLM CA ACEC FeatureServer,https://gis.blm.gov/caarcgis/rest/services/Planning/BLM_CA_ACEC/FeatureServer/0,,ACEC_RLVNCE_WRSC,2026-08-05,high_source_code,not_classified_as_water_value,authoritative_source,"This is a controlled statewide relevance category, not a detailed unit-specific value narrative."
acec-ef280204ec7b96,blmca-79903eaf-ce9e-4fb6-949b-ddde809945a4,value-e05fde345c0d,botanical_or_ecological,natural_process,Natural processes,selected source record and semantic ACEC (one-to-one in current inventory),unresolved,Official statewide source codes natural processes as relevant (YES).,BLM CA ACEC FeatureServer,https://gis.blm.gov/caarcgis/rest/services/Planning/BLM_CA_ACEC/FeatureServer/0,,ACEC_RLVNCE_NPRO,2026-08-05,high_source_code,not_classified_as_water_value,authoritative_source,"This is a controlled statewide relevance category, not a detailed unit-specific value narrative."
acec-ef280204ec7b96,blmca-79903eaf-ce9e-4fb6-949b-ddde809945a4,value-acd7aa044089,scenic,scenic,Scenic values,selected source record and semantic ACEC (one-to-one in current inventory),unresolved,Official statewide source codes scenic values as relevant (YES).,BLM CA ACEC FeatureServer,https://gis.blm.gov/caarcgis/rest/services/Planning/BLM_CA_ACEC/FeatureServer/0,,ACEC_RLVNCE_SCE,2026-08-05,high_source_code,not_classified_as_water_value,authoritative_source,"This is a controlled statewide relevance category, not a detailed unit-specific value narrative."
acec-2f8b0003630f1d,blmca-ac3f4a95-d2c8-4310-8dd9-efc484933064,value-4a75b3c765df,cultural_archaeological_historic,cultural,Cultural resources,selected source record and semantic ACEC (one-to-one in current inventory),unresolved,Official statewide source codes cultural resources as relevant (YES).,BLM CA ACEC FeatureServer,https://gis.blm.gov/caarcgis/rest/services/Planning/BLM_CA_ACEC/FeatureServer/0,,ACEC_RLVNCE_CUL,2026-08-05,high_source_code,not_classified_as_water_value,authoritative_source,"This is a controlled statewide relevance category, not a detailed unit-specific value narrative."
acec-2f8b0003630f1d,blmca-ac3f4a95-d2c8-4310-8dd9-efc484933064,value-bb428b71d8a0,water_aquatic,fish_resource,Fish or aquatic resources,selected source record and semantic ACEC (one-to-one in current inventory),unresolved,Official statewide source codes fish or aquatic resources as relevant (YES).,BLM CA ACEC FeatureServer,https://gis.blm.gov/caarcgis/rest/services/Planning/BLM_CA_ACEC/FeatureServer/0,,ACEC_RLVNCE_FRSC,2026-08-05,high_source_code,designation_value,authoritative_source,"This is a controlled statewide relevance category, not a detailed unit-specific value narrative."
acec-2f8b0003630f1d,blmca-ac3f4a95-d2c8-4310-8dd9-efc484933064,value-f66926632330,cultural_archaeological_historic,historic,Historic resources,selected source record and semantic ACEC (one-to-one in current inventory),unresolved,Official statewide source codes historic resources as relevant (YES).,BLM CA ACEC FeatureServer,https://gis.blm.gov/caarcgis/rest/services/Planning/BLM_CA_ACEC/FeatureServer/0,,ACEC_RLVNCE_HIS,2026-08-05,high_source_code,not_classified_as_water_value,authoritative_source,"This is a controlled statewide relevance category, not a detailed unit-specific value narrative."
acec-2f8b0003630f1d,blmca-ac3f4a95-d2c8-4310-8dd9-efc484933064,value-cfe739a8f9e5,botanical_or_ecological,natural_process,Natural processes,selected source record and semantic ACEC (one-to-one in current inventory),unresolved,Official statewide source codes natural processes as relevant (YES).,BLM CA ACEC FeatureServer,https://gis.blm.gov/caarcgis/rest/services/Planning/BLM_CA_ACEC/FeatureServer/0,,ACEC_RLVNCE_NPRO,2026-08-05,high_source_code,not_classified_as_water_value,authoritative_source,"This is a controlled statewide relevance category, not a detailed unit-specific value narrative."
acec-2f8b0003630f1d,blmca-ac3f4a95-d2c8-4310-8dd9-efc484933064,value-885424ac9aef,botanical_or_ecological,natural_system,Natural systems,selected source record and semantic ACEC (one-to-one in current inventory),unresolved,Official statewide source codes natural systems as relevant (YES).,BLM CA ACEC FeatureServer,https://gis.blm.gov/caarcgis/rest/services/Planning/BLM_CA_ACEC/FeatureServer/0,,ACEC_RLVNCE_NSYS,2026-08-05,high_source_code,not_classified_as_water_value,authoritative_source,"This is a controlled statewide relevance category, not a detailed unit-specific value narrative."
acec-2f8b0003630f1d,blmca-ac3f4a95-d2c8-4310-8dd9-efc484933064,value-5540dd736413,wildlife_and_habitat,wildlife_resource,Wildlife resources,selected source record and semantic ACEC (one-to-one in current inventory),unresolved,Official statewide source codes wildlife resources as relevant (YES).,BLM CA ACEC FeatureServer,https://gis.blm.gov/caarcgis/rest/services/Planning/BLM_CA_ACEC/FeatureServer/0,,ACEC_RLVNCE_WRSC,2026-08-05,high_source_code,not_classified_as_water_value,authoritative_source,"This is a controlled statewide relevance category, not a detailed unit-specific value narrative."
acec-a9da4ed4f3157a,blmca-313b320c-6c4c-437f-a307-eec9ce706511,value-959d89188c66,cultural_archaeological_historic,cultural,Cultural resources,selected source record and semantic ACEC (one-to-one in current inventory),unresolved,Official statewide source codes cultural resources as relevant (YES).,BLM CA ACEC FeatureServer,https://gis.blm.gov/caarcgis/rest/services/Planning/BLM_CA_ACEC/FeatureServer/0,,ACEC_RLVNCE_CUL,2026-08-05,high_source_code,not_classified_as_water_value,authoritative_source,"This is a controlled statewide relevance category, not a detailed unit-specific value narrative."
acec-a9da4ed4f3157a,blmca-313b320c-6c4c-437f-a307-eec9ce706511,value-3e4d8368a989,water_aquatic,fish_resource,Fish or aquatic resources,selected source record and semantic ACEC (one-to-one in current inventory),unresolved,Official statewide source codes fish or aquatic resources as relevant (YES).,BLM CA ACEC FeatureServer,https://gis.blm.gov/caarcgis/rest/services/Planning/BLM_CA_ACEC/FeatureServer/0,,ACEC_RLVNCE_FRSC,2026-08-05,high_source_code,designation_value,authoritative_source,"This is a controlled statewide relevance category, not a detailed unit-specific value narrative."
acec-a9da4ed4f3157a,blmca-313b320c-6c4c-437f-a307-eec9ce706511,value-338dbdf56ae8,cultural_archaeological_historic,historic,Historic resources,selected source record and semantic ACEC (one-to-one in current inventory),unresolved,Official statewide source codes historic resources as relevant (YES).,BLM CA ACEC FeatureServer,https://gis.blm.gov/caarcgis/rest/services/Planning/BLM_CA_ACEC/FeatureServer/0,,ACEC_RLVNCE_HIS,2026-08-05,high_source_code,not_classified_as_water_value,authoritative_source,"This is a controlled statewide relevance category, not a detailed unit-specific value narrative."
acec-a9da4ed4f3157a,blmca-313b320c-6c4c-437f-a307-eec9ce706511,value-e3bb43872899,botanical_or_ecological,natural_process,Natural processes,selected source record and semantic ACEC (one-to-one in current inventory),unresolved,Official statewide source codes natural processes as relevant (YES).,BLM CA ACEC FeatureServer,https://gis.blm.gov/caarcgis/rest/services/Planning/BLM_CA_ACEC/FeatureServer/0,,ACEC_RLVNCE_NPRO,2026-08-05,high_source_code,not_classified_as_water_value,authoritative_source,"This is a controlled statewide relevance category, not a detailed unit-specific value narrative."
acec-a9da4ed4f3157a,blmca-313b320c-6c4c-437f-a307-eec9ce706511,value-d39bed42ec59,botanical_or_ecological,natural_system,Natural systems,selected source record and semantic ACEC (one-to-one in current inventory),unresolved,Official statewide source codes natural systems as relevant (YES).,BLM CA ACEC FeatureServer,https://gis.blm.gov/caarcgis/rest/services/Planning/BLM_CA_ACEC/FeatureServer/0,,ACEC_RLVNCE_NSYS,2026-08-05,high_source_code,not_classified_as_water_value,authoritative_source,"This is a controlled statewide relevance category, not a detailed unit-specific value narrative."
acec-a9da4ed4f3157a,blmca-313b320c-6c4c-437f-a307-eec9ce706511,value-164082b33e9a,scenic,scenic,Scenic values,selected source record and semantic ACEC (one-to-one in current inventory),unresolved,Official statewide source codes scenic values as relevant (YES).,BLM CA ACEC FeatureServer,https://gis.blm.gov/caarcgis/rest/services/Planning/BLM_CA_ACEC/FeatureServer/0,,ACEC_RLVNCE_SCE,2026-08-05,high_source_code,not_classified_as_water_value,authoritative_source,"This is a controlled statewide relevance category, not a detailed unit-specific value narrative."
acec-a9da4ed4f3157a,blmca-313b320c-6c4c-437f-a307-eec9ce706511,value-f0adef963227,wildlife_and_habitat,wildlife_resource,Wildlife resources,selected source record and semantic ACEC (one-to-one in current inventory),unresolved,Official statewide source codes wildlife resources as relevant (YES).,BLM CA ACEC FeatureServer,https://gis.blm.gov/caarcgis/rest/services/Planning/BLM_CA_ACEC/FeatureServer/0,,ACEC_RLVNCE_WRSC,2026-08-05,high_source_code,not_classified_as_water_value,authoritative_source,"This is a controlled statewide relevance category, not a detailed unit-specific value narrative."
acec-b9e89555f6b9bd,blmca-8ae22b62-d8f3-4bcc-9a89-563ffe86b5a6,value-27be1d5618d5,water_aquatic,fish_resource,Fish or aquatic resources,selected source record and semantic ACEC (one-to-one in current inventory),unresolved,Official statewide source codes fish or aquatic resources as relevant (YES).,BLM CA ACEC FeatureServer,https://gis.blm.gov/caarcgis/rest/services/Planning/BLM_CA_ACEC/FeatureServer/0,,ACEC_RLVNCE_FRSC,2026-08-05,high_source_code,designation_value,authoritative_source,"This is a controlled statewide relevance category, not a detailed unit-specific value narrative."
acec-b9e89555f6b9bd,blmca-8ae22b62-d8f3-4bcc-9a89-563ffe86b5a6,value-b6396e8fc5ee,cultural_archaeological_historic,historic,Historic resources,selected source record and semantic ACEC (one-to-one in current inventory),unresolved,Official statewide source codes historic resources as relevant (YES).,BLM CA ACEC FeatureServer,https://gis.blm.gov/caarcgis/rest/services/Planning/BLM_CA_ACEC/FeatureServer/0,,ACEC_RLVNCE_HIS,2026-08-05,high_source_code,not_classified_as_water_value,authoritative_source,"This is a controlled statewide relevance category, not a detailed unit-specific value narrative."
acec-b9e89555f6b9bd,blmca-8ae22b62-d8f3-4bcc-9a89-563ffe86b5a6,value-8bc6c3aaaeb1,botanical_or_ecological,natural_process,Natural processes,selected source record and semantic ACEC (one-to-one in current inventory),unresolved,Official statewide source codes natural processes as relevant (YES).,BLM CA ACEC FeatureServer,https://gis.blm.gov/caarcgis/rest/services/Planning/BLM_CA_ACEC/FeatureServer/0,,ACEC_RLVNCE_NPRO,2026-08-05,high_source_code,not_classified_as_water_value,authoritative_source,"This is a controlled statewide relevance category, not a detailed unit-specific value narrative."
acec-b9e89555f6b9bd,blmca-8ae22b62-d8f3-4bcc-9a89-563ffe86b5a6,value-d9d723508e6c,scenic,scenic,Scenic values,selected source record and semantic ACEC (one-to-one in current inventory),unresolved,Official statewide source codes scenic values as relevant (YES).,BLM CA ACEC FeatureServer,https://gis.blm.gov/caarcgis/rest/services/Planning/BLM_CA_ACEC/FeatureServer/0,,ACEC_RLVNCE_SCE,2026-08-05,high_source_code,not_classified_as_water_value,authoritative_source,"This is a controlled statewide relevance category, not a detailed unit-specific value narrative."
acec-b9e89555f6b9bd,blmca-8ae22b62-d8f3-4bcc-9a89-563ffe86b5a6,value-9d25481b26ef,wildlife_and_habitat,wildlife_resource,Wildlife resources,selected source record and semantic ACEC (one-to-one in current inventory),unresolved,Official statewide source codes wildlife resources as relevant (YES).,BLM CA ACEC FeatureServer,https://gis.blm.gov/caarcgis/rest/services/Planning/BLM_CA_ACEC/FeatureServer/0,,ACEC_RLVNCE_WRSC,2026-08-05,high_source_code,not_classified_as_water_value,authoritative_source,"This is a controlled statewide relevance category, not a detailed unit-specific value narrative."
acec-c06f4dd9f79c23,blmca-294f3a94-7777-435b-a5a0-edc0b48a70c3,value-f4c9c2f17c11,botanical_or_ecological,natural_process,Natural processes,selected source record and semantic ACEC (one-to-one in current inventory),unresolved,Official statewide source codes natural processes as relevant (YES).,BLM CA ACEC FeatureServer,https://gis.blm.gov/caarcgis/rest/services/Planning/BLM_CA_ACEC/FeatureServer/0,,ACEC_RLVNCE_NPRO,2026-08-05,high_source_code,not_classified_as_water_value,authoritative_source,"This is a controlled statewide relevance category, not a detailed unit-specific value narrative."
acec-c06f4dd9f79c23,blmca-294f3a94-7777-435b-a5a0-edc0b48a70c3,value-a75ad6de08bf,botanical_or_ecological,natural_system,Natural systems,selected source record and semantic ACEC (one-to-one in current inventory),unresolved,Official statewide source codes natural systems as relevant (YES).,BLM CA ACEC FeatureServer,https://gis.blm.gov/caarcgis/rest/services/Planning/BLM_CA_ACEC/FeatureServer/0,,ACEC_RLVNCE_NSYS,2026-08-05,high_source_code,not_classified_as_water_value,authoritative_source,"This is a controlled statewide relevance category, not a detailed unit-specific value narrative."
acec-561918c93985ab,blmca-ded6d452-a8be-4197-bd79-540780472af3,value-59a8be6ec152,water_aquatic,fish_resource,Fish or aquatic resources,selected source record and semantic ACEC (one-to-one in current inventory),unresolved,Official statewide source codes fish or aquatic resources as relevant (YES).,BLM CA ACEC FeatureServer,https://gis.blm.gov/caarcgis/rest/services/Planning/BLM_CA_ACEC/FeatureServer/0,,ACEC_RLVNCE_FRSC,2026-08-05,high_source_code,designation_value,authoritative_source,"This is a controlled statewide relevance category, not a detailed unit-specific value narrative."
acec-561918c93985ab,blmca-ded6d452-a8be-4197-bd79-540780472af3,value-f4227877104e,botanical_or_ecological,natural_process,Natural processes,selected source record and semantic ACEC (one-to-one in current inventory),unresolved,Official statewide source codes natural processes as relevant (YES).,BLM CA ACEC FeatureServer,https://gis.blm.gov/caarcgis/rest/services/Planning/BLM_CA_ACEC/FeatureServer/0,,ACEC_RLVNCE_NPRO,2026-08-05,high_source_code,not_classified_as_water_value,authoritative_source,"This is a controlled statewide relevance category, not a detailed unit-specific value narrative."
acec-561918c93985ab,blmca-ded6d452-a8be-4197-bd79-540780472af3,value-b50c9a80e3f4,wildlife_and_habitat,wildlife_resource,Wildlife resources,selected source record and semantic ACEC (one-to-one in current inventory),unresolved,Official statewide source codes wildlife resources as relevant (YES).,BLM CA ACEC FeatureServer,https://gis.blm.gov/caarcgis/rest/services/Planning/BLM_CA_ACEC/FeatureServer/0,,ACEC_RLVNCE_WRSC,2026-08-05,high_source_code,not_classified_as_water_value,authoritative_source,"This is a controlled statewide relevance category, not a detailed unit-specific value narrative."
acec-93b33768f0933f,blmca-21d2afa6-309a-48f9-9ba8-fde38b733eed,value-acc1605e8bc0,cultural_archaeological_historic,cultural,Cultural resources,selected source record and semantic ACEC (one-to-one in current inventory),unresolved,Official statewide source codes cultural resources as relevant (YES).,BLM CA ACEC FeatureServer,https://gis.blm.gov/caarcgis/rest/services/Planning/BLM_CA_ACEC/FeatureServer/0,,ACEC_RLVNCE_CUL,2026-08-05,high_source_code,not_classified_as_water_value,authoritative_source,"This is a controlled statewide relevance category, not a detailed unit-specific value narrative."
acec-93b33768f0933f,blmca-21d2afa6-309a-48f9-9ba8-fde38b733eed,value-daf87a698d33,cultural_archaeological_historic,historic,Historic resources,selected source record and semantic ACEC (one-to-one in current inventory),unresolved,Official statewide source codes historic resources as relevant (YES).,BLM CA ACEC FeatureServer,https://gis.blm.gov/caarcgis/rest/services/Planning/BLM_CA_ACEC/FeatureServer/0,,ACEC_RLVNCE_HIS,2026-08-05,high_source_code,not_classified_as_water_value,authoritative_source,"This is a controlled statewide relevance category, not a detailed unit-specific value narrative."
acec-93b33768f0933f,blmca-21d2afa6-309a-48f9-9ba8-fde38b733eed,value-2e6e94fe1b23,botanical_or_ecological,natural_process,Natural processes,selected source record and semantic ACEC (one-to-one in current inventory),unresolved,Official statewide source codes natural processes as relevant (YES).,BLM CA ACEC FeatureServer,https://gis.blm.gov/caarcgis/rest/services/Planning/BLM_CA_ACEC/FeatureServer/0,,ACEC_RLVNCE_NPRO,2026-08-05,high_source_code,not_classified_as_water_value,authoritative_source,"This is a controlled statewide relevance category, not a detailed unit-specific value narrative."
acec-93b33768f0933f,blmca-21d2afa6-309a-48f9-9ba8-fde38b733eed,value-f6894718ba14,scenic,scenic,Scenic values,selected source record and semantic ACEC (one-to-one in current inventory),unresolved,Official statewide source codes scenic values as relevant (YES).,BLM CA ACEC FeatureServer,https://gis.blm.gov/caarcgis/rest/services/Planning/BLM_CA_ACEC/FeatureServer/0,,ACEC_RLVNCE_SCE,2026-08-05,high_source_code,not_classified_as_water_value,authoritative_source,"This is a controlled statewide relevance category, not a detailed unit-specific value narrative."
acec-93b33768f0933f,blmca-21d2afa6-309a-48f9-9ba8-fde38b733eed,value-a2e9774e3235,wildlife_and_habitat,wildlife_resource,Wildlife resources,selected source record and semantic ACEC (one-to-one in current inventory),unresolved,Official statewide source codes wildlife resources as relevant (YES).,BLM CA ACEC FeatureServer,https://gis.blm.gov/caarcgis/rest/services/Planning/BLM_CA_ACEC/FeatureServer/0,,ACEC_RLVNCE_WRSC,2026-08-05,high_source_code,not_classified_as_water_value,authoritative_source,"This is a controlled statewide relevance category, not a detailed unit-specific value narrative."
acec-68fcb84cbd80e5,blmca-004f9633-cc03-4c13-a059-11084e765024,value-f31146727247,botanical_or_ecological,natural_process,Natural processes,selected source record and semantic ACEC (one-to-one in current inventory),unresolved,Official statewide source codes natural processes as relevant (YES).,BLM CA ACEC FeatureServer,https://gis.blm.gov/caarcgis/rest/services/Planning/BLM_CA_ACEC/FeatureServer/0,,ACEC_RLVNCE_NPRO,2026-08-05,high_source_code,not_classified_as_water_value,authoritative_source,"This is a controlled statewide relevance category, not a detailed unit-specific value narrative."
acec-68fcb84cbd80e5,blmca-004f9633-cc03-4c13-a059-11084e765024,value-f90100eace2e,botanical_or_ecological,natural_system,Natural systems,selected source record and semantic ACEC (one-to-one in current inventory),unresolved,Official statewide source codes natural systems as relevant (YES).,BLM CA ACEC FeatureServer,https://gis.blm.gov/caarcgis/rest/services/Planning/BLM_CA_ACEC/FeatureServer/0,,ACEC_RLVNCE_NSYS,2026-08-05,high_source_code,not_classified_as_water_value,authoritative_source,"This is a controlled statewide relevance category, not a detailed unit-specific value narrative."
acec-7ecf54790be880,blmca-8834992e-c026-4bd7-b422-9d8e5ae54a22,value-afe1b8ba45f3,water_aquatic,fish_resource,Fish or aquatic resources,selected source record and semantic ACEC (one-to-one in current inventory),unresolved,Official statewide source codes fish or aquatic resources as relevant (YES).,BLM CA ACEC FeatureServer,https://gis.blm.gov/caarcgis/rest/services/Planning/BLM_CA_ACEC/FeatureServer/0,,ACEC_RLVNCE_FRSC,2026-08-05,high_source_code,designation_value,authoritative_source,"This is a controlled statewide relevance category, not a detailed unit-specific value narrative."
acec-7ecf54790be880,blmca-8834992e-c026-4bd7-b422-9d8e5ae54a22,value-910a253e4ed7,wildlife_and_habitat,wildlife_resource,Wildlife resources,selected source record and semantic ACEC (one-to-one in current inventory),unresolved,Official statewide source codes wildlife resources as relevant (YES).,BLM CA ACEC FeatureServer,https://gis.blm.gov/caarcgis/rest/services/Planning/BLM_CA_ACEC/FeatureServer/0,,ACEC_RLVNCE_WRSC,2026-08-05,high_source_code,not_classified_as_water_value,authoritative_source,"This is a controlled statewide relevance category, not a detailed unit-specific value narrative."
acec-f4fe1725df2d38,blmca-4bf8c41e-8c38-4d5f-8053-d738e1fc1d21,value-9bdfb76c2f26,cultural_archaeological_historic,cultural,Cultural resources,selected source record and semantic ACEC (one-to-one in current inventory),unresolved,Official statewide source codes cultural resources as relevant (YES).,BLM CA ACEC FeatureServer,https://gis.blm.gov/caarcgis/rest/services/Planning/BLM_CA_ACEC/FeatureServer/0,,ACEC_RLVNCE_CUL,2026-08-05,high_source_code,not_classified_as_water_value,authoritative_source,"This is a controlled statewide relevance category, not a detailed unit-specific value narrative."
acec-f4fe1725df2d38,blmca-4bf8c41e-8c38-4d5f-8053-d738e1fc1d21,value-fd292b64ccc9,cultural_archaeological_historic,historic,Historic resources,selected source record and semantic ACEC (one-to-one in current inventory),unresolved,Official statewide source codes historic resources as relevant (YES).,BLM CA ACEC FeatureServer,https://gis.blm.gov/caarcgis/rest/services/Planning/BLM_CA_ACEC/FeatureServer/0,,ACEC_RLVNCE_HIS,2026-08-05,high_source_code,not_classified_as_water_value,authoritative_source,"This is a controlled statewide relevance category, not a detailed unit-specific value narrative."
acec-f4fe1725df2d38,blmca-4bf8c41e-8c38-4d5f-8053-d738e1fc1d21,value-f665903edcb2,scenic,scenic,Scenic values,selected source record and semantic ACEC (one-to-one in current inventory),unresolved,Official statewide source codes scenic values as relevant (YES).,BLM CA ACEC FeatureServer,https://gis.blm.gov/caarcgis/rest/services/Planning/BLM_CA_ACEC/FeatureServer/0,,ACEC_RLVNCE_SCE,2026-08-05,high_source_code,not_classified_as_water_value,authoritative_source,"This is a controlled statewide relevance category, not a detailed unit-specific value narrative."
acec-0f1980c7239423,blmca-6a114bb8-8c39-4500-a529-ad40519d73d8,value-ec2b0bbe1c2d,water_aquatic,fish_resource,Fish or aquatic resources,selected source record and semantic ACEC (one-to-one in current inventory),unresolved,Official statewide source codes fish or aquatic resources as relevant (YES).,BLM CA ACEC FeatureServer,https://gis.blm.gov/caarcgis/rest/services/Planning/BLM_CA_ACEC/FeatureServer/0,,ACEC_RLVNCE_FRSC,2026-08-05,high_source_code,designation_value,authoritative_source,"This is a controlled statewide relevance category, not a detailed unit-specific value narrative."
acec-0f1980c7239423,blmca-6a114bb8-8c39-4500-a529-ad40519d73d8,value-67bd674e8623,botanical_or_ecological,natural_process,Natural processes,selected source record and semantic ACEC (one-to-one in current inventory),unresolved,Official statewide source codes natural processes as relevant (YES).,BLM CA ACEC FeatureServer,https://gis.blm.gov/caarcgis/rest/services/Planning/BLM_CA_ACEC/FeatureServer/0,,ACEC_RLVNCE_NPRO,2026-08-05,high_source_code,not_classified_as_water_value,authoritative_source,"This is a controlled statewide relevance category, not a detailed unit-specific value narrative."
acec-0f1980c7239423,blmca-6a114bb8-8c39-4500-a529-ad40519d73d8,value-ffe62db3f899,botanical_or_ecological,natural_system,Natural systems,selected source record and semantic ACEC (one-to-one in current inventory),unresolved,Official statewide source codes natural systems as relevant (YES).,BLM CA ACEC FeatureServer,https://gis.blm.gov/caarcgis/rest/services/Planning/BLM_CA_ACEC/FeatureServer/0,,ACEC_RLVNCE_NSYS,2026-08-05,high_source_code,not_classified_as_water_value,authoritative_source,"This is a controlled statewide relevance category, not a detailed unit-specific value narrative."
acec-0f1980c7239423,blmca-6a114bb8-8c39-4500-a529-ad40519d73d8,value-e70a9a62c865,wildlife_and_habitat,wildlife_resource,Wildlife resources,selected source record and semantic ACEC (one-to-one in current inventory),unresolved,Official statewide source codes wildlife resources as relevant (YES).,BLM CA ACEC FeatureServer,https://gis.blm.gov/caarcgis/rest/services/Planning/BLM_CA_ACEC/FeatureServer/0,,ACEC_RLVNCE_WRSC,2026-08-05,high_source_code,not_classified_as_water_value,authoritative_source,"This is a controlled statewide relevance category, not a detailed unit-specific value narrative."
acec-a13d189a605166,blmca-e2b2c3ef-cceb-4b97-82db-180fb3aedc20,value-4f5fd5428fbe,wildlife_and_habitat,wildlife_resource,Wildlife resources,selected source record and semantic ACEC (one-to-one in current inventory),unresolved,Official statewide source codes wildlife resources as relevant (YES).,BLM CA ACEC FeatureServer,https://gis.blm.gov/caarcgis/rest/services/Planning/BLM_CA_ACEC/FeatureServer/0,,ACEC_RLVNCE_WRSC,2026-08-05,high_source_code,not_classified_as_water_value,authoritative_source,"This is a controlled statewide relevance category, not a detailed unit-specific value narrative."
acec-33bf7ea8bb1f42,blmca-e7210ae8-ea7f-425a-92ec-3267b80c08c9,value-3301cf82a403,cultural_archaeological_historic,cultural,Cultural resources,selected source record and semantic ACEC (one-to-one in current inventory),unresolved,Official statewide source codes cultural resources as relevant (YES).,BLM CA ACEC FeatureServer,https://gis.blm.gov/caarcgis/rest/services/Planning/BLM_CA_ACEC/FeatureServer/0,,ACEC_RLVNCE_CUL,2026-08-05,high_source_code,not_classified_as_water_value,authoritative_source,"This is a controlled statewide relevance category, not a detailed unit-specific value narrative."
acec-33bf7ea8bb1f42,blmca-e7210ae8-ea7f-425a-92ec-3267b80c08c9,value-80ee19b17baa,cultural_archaeological_historic,historic,Historic resources,selected source record and semantic ACEC (one-to-one in current inventory),unresolved,Official statewide source codes historic resources as relevant (YES).,BLM CA ACEC FeatureServer,https://gis.blm.gov/caarcgis/rest/services/Planning/BLM_CA_ACEC/FeatureServer/0,,ACEC_RLVNCE_HIS,2026-08-05,high_source_code,not_classified_as_water_value,authoritative_source,"This is a controlled statewide relevance category, not a detailed unit-specific value narrative."
acec-33bf7ea8bb1f42,blmca-e7210ae8-ea7f-425a-92ec-3267b80c08c9,value-ad503bf7e6e5,botanical_or_ecological,natural_process,Natural processes,selected source record and semantic ACEC (one-to-one in current inventory),unresolved,Official statewide source codes natural processes as relevant (YES).,BLM CA ACEC FeatureServer,https://gis.blm.gov/caarcgis/rest/services/Planning/BLM_CA_ACEC/FeatureServer/0,,ACEC_RLVNCE_NPRO,2026-08-05,high_source_code,not_classified_as_water_value,authoritative_source,"This is a controlled statewide relevance category, not a detailed unit-specific value narrative."
acec-33bf7ea8bb1f42,blmca-e7210ae8-ea7f-425a-92ec-3267b80c08c9,value-ad1900054715,botanical_or_ecological,natural_system,Natural systems,selected source record and semantic ACEC (one-to-one in current inventory),unresolved,Official statewide source codes natural systems as relevant (YES).,BLM CA ACEC FeatureServer,https://gis.blm.gov/caarcgis/rest/services/Planning/BLM_CA_ACEC/FeatureServer/0,,ACEC_RLVNCE_NSYS,2026-08-05,high_source_code,not_classified_as_water_value,authoritative_source,"This is a controlled statewide relevance category, not a detailed unit-specific value narrative."
acec-33bf7ea8bb1f42,blmca-e7210ae8-ea7f-425a-92ec-3267b80c08c9,value-f3f1c777c279,wildlife_and_habitat,wildlife_resource,Wildlife resources,selected source record and semantic ACEC (one-to-one in current inventory),unresolved,Official statewide source codes wildlife resources as relevant (YES).,BLM CA ACEC FeatureServer,https://gis.blm.gov/caarcgis/rest/services/Planning/BLM_CA_ACEC/FeatureServer/0,,ACEC_RLVNCE_WRSC,2026-08-05,high_source_code,not_classified_as_water_value,authoritative_source,"This is a controlled statewide relevance category, not a detailed unit-specific value narrative."
acec-f360b0cdf8ad6b,blmca-ec11ea2b-364d-426d-9147-3882e771ffc5,value-38df4591cf4b,botanical_or_ecological,natural_process,Natural processes,selected source record and semantic ACEC (one-to-one in current inventory),unresolved,Official statewide source codes natural processes as relevant (YES).,BLM CA ACEC FeatureServer,https://gis.blm.gov/caarcgis/rest/services/Planning/BLM_CA_ACEC/FeatureServer/0,,ACEC_RLVNCE_NPRO,2026-08-05,high_source_code,not_classified_as_water_value,authoritative_source,"This is a controlled statewide relevance category, not a detailed unit-specific value narrative."
acec-f360b0cdf8ad6b,blmca-ec11ea2b-364d-426d-9147-3882e771ffc5,value-c5186de40842,botanical_or_ecological,natural_system,Natural systems,selected source record and semantic ACEC (one-to-one in current inventory),unresolved,Official statewide source codes natural systems as relevant (YES).,BLM CA ACEC FeatureServer,https://gis.blm.gov/caarcgis/rest/services/Planning/BLM_CA_ACEC/FeatureServer/0,,ACEC_RLVNCE_NSYS,2026-08-05,high_source_code,not_classified_as_water_value,authoritative_source,"This is a controlled statewide relevance category, not a detailed unit-specific value narrative."
acec-f360b0cdf8ad6b,blmca-ec11ea2b-364d-426d-9147-3882e771ffc5,value-74d5a8b1ac43,wildlife_and_habitat,wildlife_resource,Wildlife resources,selected source record and semantic ACEC (one-to-one in current inventory),unresolved,Official statewide source codes wildlife resources as relevant (YES).,BLM CA ACEC FeatureServer,https://gis.blm.gov/caarcgis/rest/services/Planning/BLM_CA_ACEC/FeatureServer/0,,ACEC_RLVNCE_WRSC,2026-08-05,high_source_code,not_classified_as_water_value,authoritative_source,"This is a controlled statewide relevance category, not a detailed unit-specific value narrative."
acec-177cabde2d30a6,blmca-0199a4bc-06c5-4ec4-9219-78cbc2da8d2f,value-9b8535875b90,scenic,scenic,Scenic values,selected source record and semantic ACEC (one-to-one in current inventory),unresolved,Official statewide source codes scenic values as relevant (YES).,BLM CA ACEC FeatureServer,https://gis.blm.gov/caarcgis/rest/services/Planning/BLM_CA_ACEC/FeatureServer/0,,ACEC_RLVNCE_SCE,2026-08-05,high_source_code,not_classified_as_water_value,authoritative_source,"This is a controlled statewide relevance category, not a detailed unit-specific value narrative."
acec-a6554e12b6c54d,blmca-c4a21cbc-e616-4202-95d3-2c4777cb7c12,value-1b3a6aa90c45,cultural_archaeological_historic,cultural,Cultural resources,selected source record and semantic ACEC (one-to-one in current inventory),unresolved,Official statewide source codes cultural resources as relevant (YES).,BLM CA ACEC FeatureServer,https://gis.blm.gov/caarcgis/rest/services/Planning/BLM_CA_ACEC/FeatureServer/0,,ACEC_RLVNCE_CUL,2026-08-05,high_source_code,not_classified_as_water_value,authoritative_source,"This is a controlled statewide relevance category, not a detailed unit-specific value narrative."
acec-a6554e12b6c54d,blmca-c4a21cbc-e616-4202-95d3-2c4777cb7c12,value-dd39b9cd4287,cultural_archaeological_historic,historic,Historic resources,selected source record and semantic ACEC (one-to-one in current inventory),unresolved,Official statewide source codes historic resources as relevant (YES).,BLM CA ACEC FeatureServer,https://gis.blm.gov/caarcgis/rest/services/Planning/BLM_CA_ACEC/FeatureServer/0,,ACEC_RLVNCE_HIS,2026-08-05,high_source_code,not_classified_as_water_value,authoritative_source,"This is a controlled statewide relevance category, not a detailed unit-specific value narrative."
acec-a6554e12b6c54d,blmca-c4a21cbc-e616-4202-95d3-2c4777cb7c12,value-07279ca9000c,wildlife_and_habitat,wildlife_resource,Wildlife resources,selected source record and semantic ACEC (one-to-one in current inventory),unresolved,Official statewide source codes wildlife resources as relevant (YES).,BLM CA ACEC FeatureServer,https://gis.blm.gov/caarcgis/rest/services/Planning/BLM_CA_ACEC/FeatureServer/0,,ACEC_RLVNCE_WRSC,2026-08-05,high_source_code,not_classified_as_water_value,authoritative_source,"This is a controlled statewide relevance category, not a detailed unit-specific value narrative."
acec-c2ede1fbe96ae9,blmca-cc6ae37d-e995-4567-8868-d80bd592dec7,value-5109ecd00e1e,water_aquatic,fish_resource,Fish or aquatic resources,selected source record and semantic ACEC (one-to-one in current inventory),unresolved,Official statewide source codes fish or aquatic resources as relevant (YES).,BLM CA ACEC FeatureServer,https://gis.blm.gov/caarcgis/rest/services/Planning/BLM_CA_ACEC/FeatureServer/0,,ACEC_RLVNCE_FRSC,2026-08-05,high_source_code,designation_value,authoritative_source,"This is a controlled statewide relevance category, not a detailed unit-specific value narrative."
acec-c2ede1fbe96ae9,blmca-cc6ae37d-e995-4567-8868-d80bd592dec7,value-568a077ae6c1,wildlife_and_habitat,wildlife_resource,Wildlife resources,selected source record and semantic ACEC (one-to-one in current inventory),unresolved,Official statewide source codes wildlife resources as relevant (YES).,BLM CA ACEC FeatureServer,https://gis.blm.gov/caarcgis/rest/services/Planning/BLM_CA_ACEC/FeatureServer/0,,ACEC_RLVNCE_WRSC,2026-08-05,high_source_code,not_classified_as_water_value,authoritative_source,"This is a controlled statewide relevance category, not a detailed unit-specific value narrative."
acec-00193cda945bde,blmca-b6f5cb49-4dd6-41d2-8452-f579a21b4945,value-b8234678e3cd,scenic,scenic,Scenic values,selected source record and semantic ACEC (one-to-one in current inventory),unresolved,Official statewide source codes scenic values as relevant (YES).,BLM CA ACEC FeatureServer,https://gis.blm.gov/caarcgis/rest/services/Planning/BLM_CA_ACEC/FeatureServer/0,,ACEC_RLVNCE_SCE,2026-08-05,high_source_code,not_classified_as_water_value,authoritative_source,"This is a controlled statewide relevance category, not a detailed unit-specific value narrative."
acec-00193cda945bde,blmca-b6f5cb49-4dd6-41d2-8452-f579a21b4945,value-30e286b4eaf9,wildlife_and_habitat,wildlife_resource,Wildlife resources,selected source record and semantic ACEC (one-to-one in current inventory),unresolved,Official statewide source codes wildlife resources as relevant (YES).,BLM CA ACEC FeatureServer,https://gis.blm.gov/caarcgis/rest/services/Planning/BLM_CA_ACEC/FeatureServer/0,,ACEC_RLVNCE_WRSC,2026-08-05,high_source_code,not_classified_as_water_value,authoritative_source,"This is a controlled statewide relevance category, not a detailed unit-specific value narrative."
acec-7869140086b800,blmca-3291e9c6-deca-465a-9de0-99c6b3db641a,value-eccc2394c959,cultural_archaeological_historic,cultural,Cultural resources,selected source record and semantic ACEC (one-to-one in current inventory),unresolved,Official statewide source codes cultural resources as relevant (YES).,BLM CA ACEC FeatureServer,https://gis.blm.gov/caarcgis/rest/services/Planning/BLM_CA_ACEC/FeatureServer/0,,ACEC_RLVNCE_CUL,2026-08-05,high_source_code,not_classified_as_water_value,authoritative_source,"This is a controlled statewide relevance category, not a detailed unit-specific value narrative."
acec-7869140086b800,blmca-3291e9c6-deca-465a-9de0-99c6b3db641a,value-a5121466fad6,cultural_archaeological_historic,historic,Historic resources,selected source record and semantic ACEC (one-to-one in current inventory),unresolved,Official statewide source codes historic resources as relevant (YES).,BLM CA ACEC FeatureServer,https://gis.blm.gov/caarcgis/rest/services/Planning/BLM_CA_ACEC/FeatureServer/0,,ACEC_RLVNCE_HIS,2026-08-05,high_source_code,not_classified_as_water_value,authoritative_source,"This is a controlled statewide relevance category, not a detailed unit-specific value narrative."
acec-7869140086b800,blmca-3291e9c6-deca-465a-9de0-99c6b3db641a,value-b181efdef234,botanical_or_ecological,natural_process,Natural processes,selected source record and semantic ACEC (one-to-one in current inventory),unresolved,Official statewide source codes natural processes as relevant (YES).,BLM CA ACEC FeatureServer,https://gis.blm.gov/caarcgis/rest/services/Planning/BLM_CA_ACEC/FeatureServer/0,,ACEC_RLVNCE_NPRO,2026-08-05,high_source_code,not_classified_as_water_value,authoritative_source,"This is a controlled statewide relevance category, not a detailed unit-specific value narrative."
acec-7869140086b800,blmca-3291e9c6-deca-465a-9de0-99c6b3db641a,value-896ef535e5ba,botanical_or_ecological,natural_system,Natural systems,selected source record and semantic ACEC (one-to-one in current inventory),unresolved,Official statewide source codes natural systems as relevant (YES).,BLM CA ACEC FeatureServer,https://gis.blm.gov/caarcgis/rest/services/Planning/BLM_CA_ACEC/FeatureServer/0,,ACEC_RLVNCE_NSYS,2026-08-05,high_source_code,not_classified_as_water_value,authoritative_source,"This is a controlled statewide relevance category, not a detailed unit-specific value narrative."
acec-7869140086b800,blmca-3291e9c6-deca-465a-9de0-99c6b3db641a,value-7365f043c068,wildlife_and_habitat,wildlife_resource,Wildlife resources,selected source record and semantic ACEC (one-to-one in current inventory),unresolved,Official statewide source codes wildlife resources as relevant (YES).,BLM CA ACEC FeatureServer,https://gis.blm.gov/caarcgis/rest/services/Planning/BLM_CA_ACEC/FeatureServer/0,,ACEC_RLVNCE_WRSC,2026-08-05,high_source_code,not_classified_as_water_value,authoritative_source,"This is a controlled statewide relevance category, not a detailed unit-specific value narrative."
acec-2ab872f3c0b997,blmca-22ef2d86-2773-40f6-b898-548be1757679,value-1886d7314237,cultural_archaeological_historic,cultural,Cultural resources,selected source record and semantic ACEC (one-to-one in current inventory),unresolved,Official statewide source codes cultural resources as relevant (YES).,BLM CA ACEC FeatureServer,https://gis.blm.gov/caarcgis/rest/services/Planning/BLM_CA_ACEC/FeatureServer/0,,ACEC_RLVNCE_CUL,2026-08-05,high_source_code,not_classified_as_water_value,authoritative_source,"This is a controlled statewide relevance category, not a detailed unit-specific value narrative."
acec-2ab872f3c0b997,blmca-22ef2d86-2773-40f6-b898-548be1757679,value-9bceafb43cb1,cultural_archaeological_historic,historic,Historic resources,selected source record and semantic ACEC (one-to-one in current inventory),unresolved,Official statewide source codes historic resources as relevant (YES).,BLM CA ACEC FeatureServer,https://gis.blm.gov/caarcgis/rest/services/Planning/BLM_CA_ACEC/FeatureServer/0,,ACEC_RLVNCE_HIS,2026-08-05,high_source_code,not_classified_as_water_value,authoritative_source,"This is a controlled statewide relevance category, not a detailed unit-specific value narrative."
acec-2ab872f3c0b997,blmca-22ef2d86-2773-40f6-b898-548be1757679,value-7d0c148e8f55,botanical_or_ecological,natural_process,Natural processes,selected source record and semantic ACEC (one-to-one in current inventory),unresolved,Official statewide source codes natural processes as relevant (YES).,BLM CA ACEC FeatureServer,https://gis.blm.gov/caarcgis/rest/services/Planning/BLM_CA_ACEC/FeatureServer/0,,ACEC_RLVNCE_NPRO,2026-08-05,high_source_code,not_classified_as_water_value,authoritative_source,"This is a controlled statewide relevance category, not a detailed unit-specific value narrative."
acec-2ab872f3c0b997,blmca-22ef2d86-2773-40f6-b898-548be1757679,value-da9f3095ada8,botanical_or_ecological,natural_system,Natural systems,selected source record and semantic ACEC (one-to-one in current inventory),unresolved,Official statewide source codes natural systems as relevant (YES).,BLM CA ACEC FeatureServer,https://gis.blm.gov/caarcgis/rest/services/Planning/BLM_CA_ACEC/FeatureServer/0,,ACEC_RLVNCE_NSYS,2026-08-05,high_source_code,not_classified_as_water_value,authoritative_source,"This is a controlled statewide relevance category, not a detailed unit-specific value narrative."
acec-d5bb49931e8ca7,blmca-96d04fbc-7edb-4b8d-94cf-338e751283e3,value-1e413d657fe2,wildlife_and_habitat,wildlife_resource,Wildlife resources,selected source record and semantic ACEC (one-to-one in current inventory),unresolved,Official statewide source codes wildlife resources as relevant (YES).,BLM CA ACEC FeatureServer,https://gis.blm.gov/caarcgis/rest/services/Planning/BLM_CA_ACEC/FeatureServer/0,,ACEC_RLVNCE_WRSC,2026-08-05,high_source_code,not_classified_as_water_value,authoritative_source,"This is a controlled statewide relevance category, not a detailed unit-specific value narrative."
acec-03567a718268db,blmca-a6128b6a-c90a-4e5a-926c-c5fba76a4286,value-1c3666a05a97,cultural_archaeological_historic,cultural,Cultural resources,selected source record and semantic ACEC (one-to-one in current inventory),unresolved,Official statewide source codes cultural resources as relevant (YES).,BLM CA ACEC FeatureServer,https://gis.blm.gov/caarcgis/rest/services/Planning/BLM_CA_ACEC/FeatureServer/0,,ACEC_RLVNCE_CUL,2026-08-05,high_source_code,not_classified_as_water_value,authoritative_source,"This is a controlled statewide relevance category, not a detailed unit-specific value narrative."
acec-03567a718268db,blmca-a6128b6a-c90a-4e5a-926c-c5fba76a4286,value-2a39a8609157,cultural_archaeological_historic,historic,Historic resources,selected source record and semantic ACEC (one-to-one in current inventory),unresolved,Official statewide source codes historic resources as relevant (YES).,BLM CA ACEC FeatureServer,https://gis.blm.gov/caarcgis/rest/services/Planning/BLM_CA_ACEC/FeatureServer/0,,ACEC_RLVNCE_HIS,2026-08-05,high_source_code,not_classified_as_water_value,authoritative_source,"This is a controlled statewide relevance category, not a detailed unit-specific value narrative."
acec-03567a718268db,blmca-a6128b6a-c90a-4e5a-926c-c5fba76a4286,value-dc5da3568c2c,scenic,scenic,Scenic values,selected source record and semantic ACEC (one-to-one in current inventory),unresolved,Official statewide source codes scenic values as relevant (YES).,BLM CA ACEC FeatureServer,https://gis.blm.gov/caarcgis/rest/services/Planning/BLM_CA_ACEC/FeatureServer/0,,ACEC_RLVNCE_SCE,2026-08-05,high_source_code,not_classified_as_water_value,authoritative_source,"This is a controlled statewide relevance category, not a detailed unit-specific value narrative."
acec-ba901b38eac683,blmca-64021756-2be6-4da1-9589-012bff705bd5,value-1a055589bcc8,botanical_or_ecological,natural_process,Natural processes,selected source record and semantic ACEC (one-to-one in current inventory),unresolved,Official statewide source codes natural processes as relevant (YES).,BLM CA ACEC FeatureServer,https://gis.blm.gov/caarcgis/rest/services/Planning/BLM_CA_ACEC/FeatureServer/0,,ACEC_RLVNCE_NPRO,2026-08-05,high_source_code,not_classified_as_water_value,authoritative_source,"This is a controlled statewide relevance category, not a detailed unit-specific value narrative."
acec-ba901b38eac683,blmca-64021756-2be6-4da1-9589-012bff705bd5,value-5090fbf248e5,botanical_or_ecological,natural_system,Natural systems,selected source record and semantic ACEC (one-to-one in current inventory),unresolved,Official statewide source codes natural systems as relevant (YES).,BLM CA ACEC FeatureServer,https://gis.blm.gov/caarcgis/rest/services/Planning/BLM_CA_ACEC/FeatureServer/0,,ACEC_RLVNCE_NSYS,2026-08-05,high_source_code,not_classified_as_water_value,authoritative_source,"This is a controlled statewide relevance category, not a detailed unit-specific value narrative."
acec-ba901b38eac683,blmca-64021756-2be6-4da1-9589-012bff705bd5,value-af3faad07afd,wildlife_and_habitat,wildlife_resource,Wildlife resources,selected source record and semantic ACEC (one-to-one in current inventory),unresolved,Official statewide source codes wildlife resources as relevant (YES).,BLM CA ACEC FeatureServer,https://gis.blm.gov/caarcgis/rest/services/Planning/BLM_CA_ACEC/FeatureServer/0,,ACEC_RLVNCE_WRSC,2026-08-05,high_source_code,not_classified_as_water_value,authoritative_source,"This is a controlled statewide relevance category, not a detailed unit-specific value narrative."
acec-f37bb01a4504d9,blmca-eca38b15-0f0c-4a25-8a52-951b785e96a8,value-b9665097a5cc,cultural_archaeological_historic,cultural,Cultural resources,selected source record and semantic ACEC (one-to-one in current inventory),unresolved,Official statewide source codes cultural resources as relevant (YES).,BLM CA ACEC FeatureServer,https://gis.blm.gov/caarcgis/rest/services/Planning/BLM_CA_ACEC/FeatureServer/0,,ACEC_RLVNCE_CUL,2026-08-05,high_source_code,not_classified_as_water_value,authoritative_source,"This is a controlled statewide relevance category, not a detailed unit-specific value narrative."
acec-3381f3f57cca46,blmca-ec73c69e-eec8-4502-beeb-dce71f0cb038,value-63a2c49c33db,cultural_archaeological_historic,cultural,Cultural resources,selected source record and semantic ACEC (one-to-one in current inventory),unresolved,Official statewide source codes cultural resources as relevant (YES).,BLM CA ACEC FeatureServer,https://gis.blm.gov/caarcgis/rest/services/Planning/BLM_CA_ACEC/FeatureServer/0,,ACEC_RLVNCE_CUL,2026-08-05,high_source_code,not_classified_as_water_value,authoritative_source,"This is a controlled statewide relevance category, not a detailed unit-specific value narrative."
acec-3381f3f57cca46,blmca-ec73c69e-eec8-4502-beeb-dce71f0cb038,value-67b78116979e,cultural_archaeological_historic,historic,Historic resources,selected source record and semantic ACEC (one-to-one in current inventory),unresolved,Official statewide source codes historic resources as relevant (YES).,BLM CA ACEC FeatureServer,https://gis.blm.gov/caarcgis/rest/services/Planning/BLM_CA_ACEC/FeatureServer/0,,ACEC_RLVNCE_HIS,2026-08-05,high_source_code,not_classified_as_water_value,authoritative_source,"This is a controlled statewide relevance category, not a detailed unit-specific value narrative."
acec-3381f3f57cca46,blmca-ec73c69e-eec8-4502-beeb-dce71f0cb038,value-327fb6072453,scenic,scenic,Scenic values,selected source record and semantic ACEC (one-to-one in current inventory),unresolved,Official statewide source codes scenic values as relevant (YES).,BLM CA ACEC FeatureServer,https://gis.blm.gov/caarcgis/rest/services/Planning/BLM_CA_ACEC/FeatureServer/0,,ACEC_RLVNCE_SCE,2026-08-05,high_source_code,not_classified_as_water_value,authoritative_source,"This is a controlled statewide relevance category, not a detailed unit-specific value narrative."
acec-1cf1a1ebf233c7,blmca-89dcaaad-6ef5-4925-94d1-8bf24a92c70c,value-81717e76b9d2,water_aquatic,fish_resource,Fish or aquatic resources,selected source record and semantic ACEC (one-to-one in current inventory),unresolved,Official statewide source codes fish or aquatic resources as relevant (YES).,BLM CA ACEC FeatureServer,https://gis.blm.gov/caarcgis/rest/services/Planning/BLM_CA_ACEC/FeatureServer/0,,ACEC_RLVNCE_FRSC,2026-08-05,high_source_code,designation_value,authoritative_source,"This is a controlled statewide relevance category, not a detailed unit-specific value narrative."
acec-1cf1a1ebf233c7,blmca-89dcaaad-6ef5-4925-94d1-8bf24a92c70c,value-298ca5a89272,botanical_or_ecological,natural_process,Natural processes,selected source record and semantic ACEC (one-to-one in current inventory),unresolved,Official statewide source codes natural processes as relevant (YES).,BLM CA ACEC FeatureServer,https://gis.blm.gov/caarcgis/rest/services/Planning/BLM_CA_ACEC/FeatureServer/0,,ACEC_RLVNCE_NPRO,2026-08-05,high_source_code,not_classified_as_water_value,authoritative_source,"This is a controlled statewide relevance category, not a detailed unit-specific value narrative."
acec-1cf1a1ebf233c7,blmca-89dcaaad-6ef5-4925-94d1-8bf24a92c70c,value-85e357b8f26c,botanical_or_ecological,natural_system,Natural systems,selected source record and semantic ACEC (one-to-one in current inventory),unresolved,Official statewide source codes natural systems as relevant (YES).,BLM CA ACEC FeatureServer,https://gis.blm.gov/caarcgis/rest/services/Planning/BLM_CA_ACEC/FeatureServer/0,,ACEC_RLVNCE_NSYS,2026-08-05,high_source_code,not_classified_as_water_value,authoritative_source,"This is a controlled statewide relevance category, not a detailed unit-specific value narrative."
acec-1cf1a1ebf233c7,blmca-89dcaaad-6ef5-4925-94d1-8bf24a92c70c,value-ced057b1b451,wildlife_and_habitat,wildlife_resource,Wildlife resources,selected source record and semantic ACEC (one-to-one in current inventory),unresolved,Official statewide source codes wildlife resources as relevant (YES).,BLM CA ACEC FeatureServer,https://gis.blm.gov/caarcgis/rest/services/Planning/BLM_CA_ACEC/FeatureServer/0,,ACEC_RLVNCE_WRSC,2026-08-05,high_source_code,not_classified_as_water_value,authoritative_source,"This is a controlled statewide relevance category, not a detailed unit-specific value narrative."
acec-a09cae5f49457b,blmca-595231bb-3e0a-4b70-a73a-c95f798a97f3,value-bb011a472f54,cultural_archaeological_historic,cultural,Cultural resources,selected source record and semantic ACEC (one-to-one in current inventory),unresolved,Official statewide source codes cultural resources as relevant (YES).,BLM CA ACEC FeatureServer,https://gis.blm.gov/caarcgis/rest/services/Planning/BLM_CA_ACEC/FeatureServer/0,,ACEC_RLVNCE_CUL,2026-08-05,high_source_code,not_classified_as_water_value,authoritative_source,"This is a controlled statewide relevance category, not a detailed unit-specific value narrative."
acec-a09cae5f49457b,blmca-595231bb-3e0a-4b70-a73a-c95f798a97f3,value-e85bde449248,cultural_archaeological_historic,historic,Historic resources,selected source record and semantic ACEC (one-to-one in current inventory),unresolved,Official statewide source codes historic resources as relevant (YES).,BLM CA ACEC FeatureServer,https://gis.blm.gov/caarcgis/rest/services/Planning/BLM_CA_ACEC/FeatureServer/0,,ACEC_RLVNCE_HIS,2026-08-05,high_source_code,not_classified_as_water_value,authoritative_source,"This is a controlled statewide relevance category, not a detailed unit-specific value narrative."
acec-a09cae5f49457b,blmca-595231bb-3e0a-4b70-a73a-c95f798a97f3,value-e9c747805ec7,wildlife_and_habitat,wildlife_resource,Wildlife resources,selected source record and semantic ACEC (one-to-one in current inventory),unresolved,Official statewide source codes wildlife resources as relevant (YES).,BLM CA ACEC FeatureServer,https://gis.blm.gov/caarcgis/rest/services/Planning/BLM_CA_ACEC/FeatureServer/0,,ACEC_RLVNCE_WRSC,2026-08-05,high_source_code,not_classified_as_water_value,authoritative_source,"This is a controlled statewide relevance category, not a detailed unit-specific value narrative."
acec-0a081bfa7bfd65,blmca-ad5bb712-0cb9-4c2b-9988-8f6e36a24723,value-dd6ee18f91b0,wildlife_and_habitat,wildlife_resource,Wildlife resources,selected source record and semantic ACEC (one-to-one in current inventory),unresolved,Official statewide source codes wildlife resources as relevant (YES).,BLM CA ACEC FeatureServer,https://gis.blm.gov/caarcgis/rest/services/Planning/BLM_CA_ACEC/FeatureServer/0,,ACEC_RLVNCE_WRSC,2026-08-05,high_source_code,not_classified_as_water_value,authoritative_source,"This is a controlled statewide relevance category, not a detailed unit-specific value narrative."
acec-a639e3210a97b6,blmca-33ceeeea-0624-4aed-8641-01b0a3576e12,value-28dd88443692,cultural_archaeological_historic,cultural,Cultural resources,selected source record and semantic ACEC (one-to-one in current inventory),unresolved,Official statewide source codes cultural resources as relevant (YES).,BLM CA ACEC FeatureServer,https://gis.blm.gov/caarcgis/rest/services/Planning/BLM_CA_ACEC/FeatureServer/0,,ACEC_RLVNCE_CUL,2026-08-05,high_source_code,not_classified_as_water_value,authoritative_source,"This is a controlled statewide relevance category, not a detailed unit-specific value narrative."
acec-a639e3210a97b6,blmca-33ceeeea-0624-4aed-8641-01b0a3576e12,value-c28f08d584b2,cultural_archaeological_historic,historic,Historic resources,selected source record and semantic ACEC (one-to-one in current inventory),unresolved,Official statewide source codes historic resources as relevant (YES).,BLM CA ACEC FeatureServer,https://gis.blm.gov/caarcgis/rest/services/Planning/BLM_CA_ACEC/FeatureServer/0,,ACEC_RLVNCE_HIS,2026-08-05,high_source_code,not_classified_as_water_value,authoritative_source,"This is a controlled statewide relevance category, not a detailed unit-specific value narrative."
acec-a639e3210a97b6,blmca-33ceeeea-0624-4aed-8641-01b0a3576e12,value-6abf7f78b5aa,botanical_or_ecological,natural_system,Natural systems,selected source record and semantic ACEC (one-to-one in current inventory),unresolved,Official statewide source codes natural systems as relevant (YES).,BLM CA ACEC FeatureServer,https://gis.blm.gov/caarcgis/rest/services/Planning/BLM_CA_ACEC/FeatureServer/0,,ACEC_RLVNCE_NSYS,2026-08-05,high_source_code,not_classified_as_water_value,authoritative_source,"This is a controlled statewide relevance category, not a detailed unit-specific value narrative."
acec-a639e3210a97b6,blmca-33ceeeea-0624-4aed-8641-01b0a3576e12,value-bcedd752acbe,scenic,scenic,Scenic values,selected source record and semantic ACEC (one-to-one in current inventory),unresolved,Official statewide source codes scenic values as relevant (YES).,BLM CA ACEC FeatureServer,https://gis.blm.gov/caarcgis/rest/services/Planning/BLM_CA_ACEC/FeatureServer/0,,ACEC_RLVNCE_SCE,2026-08-05,high_source_code,not_classified_as_water_value,authoritative_source,"This is a controlled statewide relevance category, not a detailed unit-specific value narrative."
acec-a639e3210a97b6,blmca-33ceeeea-0624-4aed-8641-01b0a3576e12,value-8f4d033a94a4,wildlife_and_habitat,wildlife_resource,Wildlife resources,selected source record and semantic ACEC (one-to-one in current inventory),unresolved,Official statewide source codes wildlife resources as relevant (YES).,BLM CA ACEC FeatureServer,https://gis.blm.gov/caarcgis/rest/services/Planning/BLM_CA_ACEC/FeatureServer/0,,ACEC_RLVNCE_WRSC,2026-08-05,high_source_code,not_classified_as_water_value,authoritative_source,"This is a controlled statewide relevance category, not a detailed unit-specific value narrative."
acec-3c786027a440fe,blmca-21a957ac-bf71-4b02-8777-8545547f950a,value-0c2dd59fdcd2,cultural_archaeological_historic,cultural,Cultural resources,selected source record and semantic ACEC (one-to-one in current inventory),unresolved,Official statewide source codes cultural resources as relevant (YES).,BLM CA ACEC FeatureServer,https://gis.blm.gov/caarcgis/rest/services/Planning/BLM_CA_ACEC/FeatureServer/0,,ACEC_RLVNCE_CUL,2026-08-05,high_source_code,not_classified_as_water_value,authoritative_source,"This is a controlled statewide relevance category, not a detailed unit-specific value narrative."
acec-3c786027a440fe,blmca-21a957ac-bf71-4b02-8777-8545547f950a,value-0efcc08386a2,cultural_archaeological_historic,historic,Historic resources,selected source record and semantic ACEC (one-to-one in current inventory),unresolved,Official statewide source codes historic resources as relevant (YES).,BLM CA ACEC FeatureServer,https://gis.blm.gov/caarcgis/rest/services/Planning/BLM_CA_ACEC/FeatureServer/0,,ACEC_RLVNCE_HIS,2026-08-05,high_source_code,not_classified_as_water_value,authoritative_source,"This is a controlled statewide relevance category, not a detailed unit-specific value narrative."
acec-49ae8a9483cae3,blmca-54e6999f-d6d1-4eb8-8774-0b9221ed2a17,value-a7ca75cebcf6,botanical_or_ecological,natural_process,Natural processes,selected source record and semantic ACEC (one-to-one in current inventory),unresolved,Official statewide source codes natural processes as relevant (YES).,BLM CA ACEC FeatureServer,https://gis.blm.gov/caarcgis/rest/services/Planning/BLM_CA_ACEC/FeatureServer/0,,ACEC_RLVNCE_NPRO,2026-08-05,high_source_code,not_classified_as_water_value,authoritative_source,"This is a controlled statewide relevance category, not a detailed unit-specific value narrative."
acec-49ae8a9483cae3,blmca-54e6999f-d6d1-4eb8-8774-0b9221ed2a17,value-5bec7a0e0719,botanical_or_ecological,natural_system,Natural systems,selected source record and semantic ACEC (one-to-one in current inventory),unresolved,Official statewide source codes natural systems as relevant (YES).,BLM CA ACEC FeatureServer,https://gis.blm.gov/caarcgis/rest/services/Planning/BLM_CA_ACEC/FeatureServer/0,,ACEC_RLVNCE_NSYS,2026-08-05,high_source_code,not_classified_as_water_value,authoritative_source,"This is a controlled statewide relevance category, not a detailed unit-specific value narrative."
acec-49ae8a9483cae3,blmca-54e6999f-d6d1-4eb8-8774-0b9221ed2a17,value-688bb78acdfe,wildlife_and_habitat,wildlife_resource,Wildlife resources,selected source record and semantic ACEC (one-to-one in current inventory),unresolved,Official statewide source codes wildlife resources as relevant (YES).,BLM CA ACEC FeatureServer,https://gis.blm.gov/caarcgis/rest/services/Planning/BLM_CA_ACEC/FeatureServer/0,,ACEC_RLVNCE_WRSC,2026-08-05,high_source_code,not_classified_as_water_value,authoritative_source,"This is a controlled statewide relevance category, not a detailed unit-specific value narrative."
acec-0ad4c72e6ddd32,blmca-0e4968e5-91b4-4582-9641-da91c9d0b902,value-498b63e8c6a8,cultural_archaeological_historic,cultural,Cultural resources,selected source record and semantic ACEC (one-to-one in current inventory),unresolved,Official statewide source codes cultural resources as relevant (YES).,BLM CA ACEC FeatureServer,https://gis.blm.gov/caarcgis/rest/services/Planning/BLM_CA_ACEC/FeatureServer/0,,ACEC_RLVNCE_CUL,2026-08-05,high_source_code,not_classified_as_water_value,authoritative_source,"This is a controlled statewide relevance category, not a detailed unit-specific value narrative."
acec-0ad4c72e6ddd32,blmca-0e4968e5-91b4-4582-9641-da91c9d0b902,value-9b9037028fcc,cultural_archaeological_historic,historic,Historic resources,selected source record and semantic ACEC (one-to-one in current inventory),unresolved,Official statewide source codes historic resources as relevant (YES).,BLM CA ACEC FeatureServer,https://gis.blm.gov/caarcgis/rest/services/Planning/BLM_CA_ACEC/FeatureServer/0,,ACEC_RLVNCE_HIS,2026-08-05,high_source_code,not_classified_as_water_value,authoritative_source,"This is a controlled statewide relevance category, not a detailed unit-specific value narrative."
acec-0ad4c72e6ddd32,blmca-0e4968e5-91b4-4582-9641-da91c9d0b902,value-9fa945353b74,wildlife_and_habitat,wildlife_resource,Wildlife resources,selected source record and semantic ACEC (one-to-one in current inventory),unresolved,Official statewide source codes wildlife resources as relevant (YES).,BLM CA ACEC FeatureServer,https://gis.blm.gov/caarcgis/rest/services/Planning/BLM_CA_ACEC/FeatureServer/0,,ACEC_RLVNCE_WRSC,2026-08-05,high_source_code,not_classified_as_water_value,authoritative_source,"This is a controlled statewide relevance category, not a detailed unit-specific value narrative."
acec-f680b1c98dcff6,blmca-64278c24-e614-42e4-bfb3-27f0d82aaa8d,value-165dbae87ddb,botanical_or_ecological,natural_process,Natural processes,selected source record and semantic ACEC (one-to-one in current inventory),unresolved,Official statewide source codes natural processes as relevant (YES).,BLM CA ACEC FeatureServer,https://gis.blm.gov/caarcgis/rest/services/Planning/BLM_CA_ACEC/FeatureServer/0,,ACEC_RLVNCE_NPRO,2026-08-05,high_source_code,not_classified_as_water_value,authoritative_source,"This is a controlled statewide relevance category, not a detailed unit-specific value narrative."
acec-f680b1c98dcff6,blmca-64278c24-e614-42e4-bfb3-27f0d82aaa8d,value-812844da70e5,botanical_or_ecological,natural_system,Natural systems,selected source record and semantic ACEC (one-to-one in current inventory),unresolved,Official statewide source codes natural systems as relevant (YES).,BLM CA ACEC FeatureServer,https://gis.blm.gov/caarcgis/rest/services/Planning/BLM_CA_ACEC/FeatureServer/0,,ACEC_RLVNCE_NSYS,2026-08-05,high_source_code,not_classified_as_water_value,authoritative_source,"This is a controlled statewide relevance category, not a detailed unit-specific value narrative."
acec-f680b1c98dcff6,blmca-64278c24-e614-42e4-bfb3-27f0d82aaa8d,value-0a87469e2853,wildlife_and_habitat,wildlife_resource,Wildlife resources,selected source record and semantic ACEC (one-to-one in current inventory),unresolved,Official statewide source codes wildlife resources as relevant (YES).,BLM CA ACEC FeatureServer,https://gis.blm.gov/caarcgis/rest/services/Planning/BLM_CA_ACEC/FeatureServer/0,,ACEC_RLVNCE_WRSC,2026-08-05,high_source_code,not_classified_as_water_value,authoritative_source,"This is a controlled statewide relevance category, not a detailed unit-specific value narrative."
acec-e5890cac99d9d9,blmca-f00ee16f-b475-4372-8d15-bb9e7604ee96,value-1b9116e2ddb8,botanical_or_ecological,natural_process,Natural processes,selected source record and semantic ACEC (one-to-one in current inventory),unresolved,Official statewide source codes natural processes as relevant (YES).,BLM CA ACEC FeatureServer,https://gis.blm.gov/caarcgis/rest/services/Planning/BLM_CA_ACEC/FeatureServer/0,,ACEC_RLVNCE_NPRO,2026-08-05,high_source_code,not_classified_as_water_value,authoritative_source,"This is a controlled statewide relevance category, not a detailed unit-specific value narrative."
acec-e5890cac99d9d9,blmca-f00ee16f-b475-4372-8d15-bb9e7604ee96,value-4df1c4ebc2ba,botanical_or_ecological,natural_system,Natural systems,selected source record and semantic ACEC (one-to-one in current inventory),unresolved,Official statewide source codes natural systems as relevant (YES).,BLM CA ACEC FeatureServer,https://gis.blm.gov/caarcgis/rest/services/Planning/BLM_CA_ACEC/FeatureServer/0,,ACEC_RLVNCE_NSYS,2026-08-05,high_source_code,not_classified_as_water_value,authoritative_source,"This is a controlled statewide relevance category, not a detailed unit-specific value narrative."
acec-4bbef8a811db7d,blmca-dfd45496-2093-44ac-b778-0fb70c4c375c,value-c2d4ff62e586,scenic,scenic,Scenic values,selected source record and semantic ACEC (one-to-one in current inventory),unresolved,Official statewide source codes scenic values as relevant (YES).,BLM CA ACEC FeatureServer,https://gis.blm.gov/caarcgis/rest/services/Planning/BLM_CA_ACEC/FeatureServer/0,,ACEC_RLVNCE_SCE,2026-08-05,high_source_code,not_classified_as_water_value,authoritative_source,"This is a controlled statewide relevance category, not a detailed unit-specific value narrative."
acec-4bbef8a811db7d,blmca-dfd45496-2093-44ac-b778-0fb70c4c375c,value-60153bcc4087,wildlife_and_habitat,wildlife_resource,Wildlife resources,selected source record and semantic ACEC (one-to-one in current inventory),unresolved,Official statewide source codes wildlife resources as relevant (YES).,BLM CA ACEC FeatureServer,https://gis.blm.gov/caarcgis/rest/services/Planning/BLM_CA_ACEC/FeatureServer/0,,ACEC_RLVNCE_WRSC,2026-08-05,high_source_code,not_classified_as_water_value,authoritative_source,"This is a controlled statewide relevance category, not a detailed unit-specific value narrative."
acec-967b6d4855cd38,blmca-0e5f1f79-b9fa-4677-8f6d-d29e1761e0fa,value-33372aeb2a1c,cultural_archaeological_historic,cultural,Cultural resources,selected source record and semantic ACEC (one-to-one in current inventory),unresolved,Official statewide source codes cultural resources as relevant (YES).,BLM CA ACEC FeatureServer,https://gis.blm.gov/caarcgis/rest/services/Planning/BLM_CA_ACEC/FeatureServer/0,,ACEC_RLVNCE_CUL,2026-08-05,high_source_code,not_classified_as_water_value,authoritative_source,"This is a controlled statewide relevance category, not a detailed unit-specific value narrative."
acec-967b6d4855cd38,blmca-0e5f1f79-b9fa-4677-8f6d-d29e1761e0fa,value-8a697e398629,cultural_archaeological_historic,historic,Historic resources,selected source record and semantic ACEC (one-to-one in current inventory),unresolved,Official statewide source codes historic resources as relevant (YES).,BLM CA ACEC FeatureServer,https://gis.blm.gov/caarcgis/rest/services/Planning/BLM_CA_ACEC/FeatureServer/0,,ACEC_RLVNCE_HIS,2026-08-05,high_source_code,not_classified_as_water_value,authoritative_source,"This is a controlled statewide relevance category, not a detailed unit-specific value narrative."
acec-967b6d4855cd38,blmca-0e5f1f79-b9fa-4677-8f6d-d29e1761e0fa,value-f0e7fe9faf1e,botanical_or_ecological,natural_process,Natural processes,selected source record and semantic ACEC (one-to-one in current inventory),unresolved,Official statewide source codes natural processes as relevant (YES).,BLM CA ACEC FeatureServer,https://gis.blm.gov/caarcgis/rest/services/Planning/BLM_CA_ACEC/FeatureServer/0,,ACEC_RLVNCE_NPRO,2026-08-05,high_source_code,not_classified_as_water_value,authoritative_source,"This is a controlled statewide relevance category, not a detailed unit-specific value narrative."
acec-967b6d4855cd38,blmca-0e5f1f79-b9fa-4677-8f6d-d29e1761e0fa,value-bb6cb2bdc7c2,botanical_or_ecological,natural_system,Natural systems,selected source record and semantic ACEC (one-to-one in current inventory),unresolved,Official statewide source codes natural systems as relevant (YES).,BLM CA ACEC FeatureServer,https://gis.blm.gov/caarcgis/rest/services/Planning/BLM_CA_ACEC/FeatureServer/0,,ACEC_RLVNCE_NSYS,2026-08-05,high_source_code,not_classified_as_water_value,authoritative_source,"This is a controlled statewide relevance category, not a detailed unit-specific value narrative."
acec-967b6d4855cd38,blmca-0e5f1f79-b9fa-4677-8f6d-d29e1761e0fa,value-71fce43a9e6d,wildlife_and_habitat,wildlife_resource,Wildlife resources,selected source record and semantic ACEC (one-to-one in current inventory),unresolved,Official statewide source codes wildlife resources as relevant (YES).,BLM CA ACEC FeatureServer,https://gis.blm.gov/caarcgis/rest/services/Planning/BLM_CA_ACEC/FeatureServer/0,,ACEC_RLVNCE_WRSC,2026-08-05,high_source_code,not_classified_as_water_value,authoritative_source,"This is a controlled statewide relevance category, not a detailed unit-specific value narrative."
acec-07e809c436333a,blmca-51fa6850-2969-453e-9c9b-c5a2549508c5,value-7469f7c75759,cultural_archaeological_historic,cultural,Cultural resources,selected source record and semantic ACEC (one-to-one in current inventory),unresolved,Official statewide source codes cultural resources as relevant (YES).,BLM CA ACEC FeatureServer,https://gis.blm.gov/caarcgis/rest/services/Planning/BLM_CA_ACEC/FeatureServer/0,,ACEC_RLVNCE_CUL,2026-08-05,high_source_code,not_classified_as_water_value,authoritative_source,"This is a controlled statewide relevance category, not a detailed unit-specific value narrative."
acec-07e809c436333a,blmca-51fa6850-2969-453e-9c9b-c5a2549508c5,value-207afd75d0ef,cultural_archaeological_historic,historic,Historic resources,selected source record and semantic ACEC (one-to-one in current inventory),unresolved,Official statewide source codes historic resources as relevant (YES).,BLM CA ACEC FeatureServer,https://gis.blm.gov/caarcgis/rest/services/Planning/BLM_CA_ACEC/FeatureServer/0,,ACEC_RLVNCE_HIS,2026-08-05,high_source_code,not_classified_as_water_value,authoritative_source,"This is a controlled statewide relevance category, not a detailed unit-specific value narrative."
acec-07e809c436333a,blmca-51fa6850-2969-453e-9c9b-c5a2549508c5,value-f096addaaefe,botanical_or_ecological,natural_process,Natural processes,selected source record and semantic ACEC (one-to-one in current inventory),unresolved,Official statewide source codes natural processes as relevant (YES).,BLM CA ACEC FeatureServer,https://gis.blm.gov/caarcgis/rest/services/Planning/BLM_CA_ACEC/FeatureServer/0,,ACEC_RLVNCE_NPRO,2026-08-05,high_source_code,not_classified_as_water_value,authoritative_source,"This is a controlled statewide relevance category, not a detailed unit-specific value narrative."
acec-07e809c436333a,blmca-51fa6850-2969-453e-9c9b-c5a2549508c5,value-896d8268c4b0,botanical_or_ecological,natural_system,Natural systems,selected source record and semantic ACEC (one-to-one in current inventory),unresolved,Official statewide source codes natural systems as relevant (YES).,BLM CA ACEC FeatureServer,https://gis.blm.gov/caarcgis/rest/services/Planning/BLM_CA_ACEC/FeatureServer/0,,ACEC_RLVNCE_NSYS,2026-08-05,high_source_code,not_classified_as_water_value,authoritative_source,"This is a controlled statewide relevance category, not a detailed unit-specific value narrative."
acec-07e809c436333a,blmca-51fa6850-2969-453e-9c9b-c5a2549508c5,value-d9ab534cdb6f,scenic,scenic,Scenic values,selected source record and semantic ACEC (one-to-one in current inventory),unresolved,Official statewide source codes scenic values as relevant (YES).,BLM CA ACEC FeatureServer,https://gis.blm.gov/caarcgis/rest/services/Planning/BLM_CA_ACEC/FeatureServer/0,,ACEC_RLVNCE_SCE,2026-08-05,high_source_code,not_classified_as_water_value,authoritative_source,"This is a controlled statewide relevance category, not a detailed unit-specific value narrative."
acec-07e809c436333a,blmca-51fa6850-2969-453e-9c9b-c5a2549508c5,value-1ef36f9bc462,wildlife_and_habitat,wildlife_resource,Wildlife resources,selected source record and semantic ACEC (one-to-one in current inventory),unresolved,Official statewide source codes wildlife resources as relevant (YES).,BLM CA ACEC FeatureServer,https://gis.blm.gov/caarcgis/rest/services/Planning/BLM_CA_ACEC/FeatureServer/0,,ACEC_RLVNCE_WRSC,2026-08-05,high_source_code,not_classified_as_water_value,authoritative_source,"This is a controlled statewide relevance category, not a detailed unit-specific value narrative."
acec-942d89735941b1,blmca-de533af2-3578-42ba-ba48-b0c44ae94d45,value-cfeaf3b8988c,cultural_archaeological_historic,cultural,Cultural resources,selected source record and semantic ACEC (one-to-one in current inventory),unresolved,Official statewide source codes cultural resources as relevant (YES).,BLM CA ACEC FeatureServer,https://gis.blm.gov/caarcgis/rest/services/Planning/BLM_CA_ACEC/FeatureServer/0,,ACEC_RLVNCE_CUL,2026-08-05,high_source_code,not_classified_as_water_value,authoritative_source,"This is a controlled statewide relevance category, not a detailed unit-specific value narrative."
acec-942d89735941b1,blmca-de533af2-3578-42ba-ba48-b0c44ae94d45,value-3a7b79502bfe,cultural_archaeological_historic,historic,Historic resources,selected source record and semantic ACEC (one-to-one in current inventory),unresolved,Official statewide source codes historic resources as relevant (YES).,BLM CA ACEC FeatureServer,https://gis.blm.gov/caarcgis/rest/services/Planning/BLM_CA_ACEC/FeatureServer/0,,ACEC_RLVNCE_HIS,2026-08-05,high_source_code,not_classified_as_water_value,authoritative_source,"This is a controlled statewide relevance category, not a detailed unit-specific value narrative."
acec-942d89735941b1,blmca-de533af2-3578-42ba-ba48-b0c44ae94d45,value-8de49343ee9b,scenic,scenic,Scenic values,selected source record and semantic ACEC (one-to-one in current inventory),unresolved,Official statewide source codes scenic values as relevant (YES).,BLM CA ACEC FeatureServer,https://gis.blm.gov/caarcgis/rest/services/Planning/BLM_CA_ACEC/FeatureServer/0,,ACEC_RLVNCE_SCE,2026-08-05,high_source_code,not_classified_as_water_value,authoritative_source,"This is a controlled statewide relevance category, not a detailed unit-specific value narrative."
acec-942d89735941b1,blmca-de533af2-3578-42ba-ba48-b0c44ae94d45,value-fef41bc765fc,wildlife_and_habitat,wildlife_resource,Wildlife resources,selected source record and semantic ACEC (one-to-one in current inventory),unresolved,Official statewide source codes wildlife resources as relevant (YES).,BLM CA ACEC FeatureServer,https://gis.blm.gov/caarcgis/rest/services/Planning/BLM_CA_ACEC/FeatureServer/0,,ACEC_RLVNCE_WRSC,2026-08-05,high_source_code,not_classified_as_water_value,authoritative_source,"This is a controlled statewide relevance category, not a detailed unit-specific value narrative."
acec-b8422dcaf6e42b,blmca-40decd85-3e06-4ac5-b495-26b948e7c19e,value-145d3abd991a,cultural_archaeological_historic,cultural,Cultural resources,selected source record and semantic ACEC (one-to-one in current inventory),unresolved,Official statewide source codes cultural resources as relevant (YES).,BLM CA ACEC FeatureServer,https://gis.blm.gov/caarcgis/rest/services/Planning/BLM_CA_ACEC/FeatureServer/0,,ACEC_RLVNCE_CUL,2026-08-05,high_source_code,not_classified_as_water_value,authoritative_source,"This is a controlled statewide relevance category, not a detailed unit-specific value narrative."
acec-b8422dcaf6e42b,blmca-40decd85-3e06-4ac5-b495-26b948e7c19e,value-72d7bae72cfe,cultural_archaeological_historic,historic,Historic resources,selected source record and semantic ACEC (one-to-one in current inventory),unresolved,Official statewide source codes historic resources as relevant (YES).,BLM CA ACEC FeatureServer,https://gis.blm.gov/caarcgis/rest/services/Planning/BLM_CA_ACEC/FeatureServer/0,,ACEC_RLVNCE_HIS,2026-08-05,high_source_code,not_classified_as_water_value,authoritative_source,"This is a controlled statewide relevance category, not a detailed unit-specific value narrative."
acec-b8422dcaf6e42b,blmca-40decd85-3e06-4ac5-b495-26b948e7c19e,value-51aa6621e393,botanical_or_ecological,natural_process,Natural processes,selected source record and semantic ACEC (one-to-one in current inventory),unresolved,Official statewide source codes natural processes as relevant (YES).,BLM CA ACEC FeatureServer,https://gis.blm.gov/caarcgis/rest/services/Planning/BLM_CA_ACEC/FeatureServer/0,,ACEC_RLVNCE_NPRO,2026-08-05,high_source_code,not_classified_as_water_value,authoritative_source,"This is a controlled statewide relevance category, not a detailed unit-specific value narrative."
acec-b8422dcaf6e42b,blmca-40decd85-3e06-4ac5-b495-26b948e7c19e,value-468ee7cfb671,botanical_or_ecological,natural_system,Natural systems,selected source record and semantic ACEC (one-to-one in current inventory),unresolved,Official statewide source codes natural systems as relevant (YES).,BLM CA ACEC FeatureServer,https://gis.blm.gov/caarcgis/rest/services/Planning/BLM_CA_ACEC/FeatureServer/0,,ACEC_RLVNCE_NSYS,2026-08-05,high_source_code,not_classified_as_water_value,authoritative_source,"This is a controlled statewide relevance category, not a detailed unit-specific value narrative."
acec-b8422dcaf6e42b,blmca-40decd85-3e06-4ac5-b495-26b948e7c19e,value-31b56edf56b9,wildlife_and_habitat,wildlife_resource,Wildlife resources,selected source record and semantic ACEC (one-to-one in current inventory),unresolved,Official statewide source codes wildlife resources as relevant (YES).,BLM CA ACEC FeatureServer,https://gis.blm.gov/caarcgis/rest/services/Planning/BLM_CA_ACEC/FeatureServer/0,,ACEC_RLVNCE_WRSC,2026-08-05,high_source_code,not_classified_as_water_value,authoritative_source,"This is a controlled statewide relevance category, not a detailed unit-specific value narrative."
acec-f6df95a7521adf,blmca-16730901-e7b0-4741-bfc2-12c635454ba7,value-a2567c04e378,cultural_archaeological_historic,cultural,Cultural resources,selected source record and semantic ACEC (one-to-one in current inventory),unresolved,Official statewide source codes cultural resources as relevant (YES).,BLM CA ACEC FeatureServer,https://gis.blm.gov/caarcgis/rest/services/Planning/BLM_CA_ACEC/FeatureServer/0,,ACEC_RLVNCE_CUL,2026-08-05,high_source_code,not_classified_as_water_value,authoritative_source,"This is a controlled statewide relevance category, not a detailed unit-specific value narrative."
acec-f6df95a7521adf,blmca-16730901-e7b0-4741-bfc2-12c635454ba7,value-d61a8809e383,cultural_archaeological_historic,historic,Historic resources,selected source record and semantic ACEC (one-to-one in current inventory),unresolved,Official statewide source codes historic resources as relevant (YES).,BLM CA ACEC FeatureServer,https://gis.blm.gov/caarcgis/rest/services/Planning/BLM_CA_ACEC/FeatureServer/0,,ACEC_RLVNCE_HIS,2026-08-05,high_source_code,not_classified_as_water_value,authoritative_source,"This is a controlled statewide relevance category, not a detailed unit-specific value narrative."
acec-f6df95a7521adf,blmca-16730901-e7b0-4741-bfc2-12c635454ba7,value-435d42dfea49,botanical_or_ecological,natural_process,Natural processes,selected source record and semantic ACEC (one-to-one in current inventory),unresolved,Official statewide source codes natural processes as relevant (YES).,BLM CA ACEC FeatureServer,https://gis.blm.gov/caarcgis/rest/services/Planning/BLM_CA_ACEC/FeatureServer/0,,ACEC_RLVNCE_NPRO,2026-08-05,high_source_code,not_classified_as_water_value,authoritative_source,"This is a controlled statewide relevance category, not a detailed unit-specific value narrative."
acec-f6df95a7521adf,blmca-16730901-e7b0-4741-bfc2-12c635454ba7,value-c2052f55f702,botanical_or_ecological,natural_system,Natural systems,selected source record and semantic ACEC (one-to-one in current inventory),unresolved,Official statewide source codes natural systems as relevant (YES).,BLM CA ACEC FeatureServer,https://gis.blm.gov/caarcgis/rest/services/Planning/BLM_CA_ACEC/FeatureServer/0,,ACEC_RLVNCE_NSYS,2026-08-05,high_source_code,not_classified_as_water_value,authoritative_source,"This is a controlled statewide relevance category, not a detailed unit-specific value narrative."
acec-f6df95a7521adf,blmca-16730901-e7b0-4741-bfc2-12c635454ba7,value-70ffd7fb2090,scenic,scenic,Scenic values,selected source record and semantic ACEC (one-to-one in current inventory),unresolved,Official statewide source codes scenic values as relevant (YES).,BLM CA ACEC FeatureServer,https://gis.blm.gov/caarcgis/rest/services/Planning/BLM_CA_ACEC/FeatureServer/0,,ACEC_RLVNCE_SCE,2026-08-05,high_source_code,not_classified_as_water_value,authoritative_source,"This is a controlled statewide relevance category, not a detailed unit-specific value narrative."
acec-f6df95a7521adf,blmca-16730901-e7b0-4741-bfc2-12c635454ba7,value-7bf3a012c112,wildlife_and_habitat,wildlife_resource,Wildlife resources,selected source record and semantic ACEC (one-to-one in current inventory),unresolved,Official statewide source codes wildlife resources as relevant (YES).,BLM CA ACEC FeatureServer,https://gis.blm.gov/caarcgis/rest/services/Planning/BLM_CA_ACEC/FeatureServer/0,,ACEC_RLVNCE_WRSC,2026-08-05,high_source_code,not_classified_as_water_value,authoritative_source,"This is a controlled statewide relevance category, not a detailed unit-specific value narrative."
acec-e3030589272cd2,blmca-414e290f-82ea-41f2-bd9c-2df6c38bfd83,value-6e414dab11c5,cultural_archaeological_historic,cultural,Cultural resources,selected source record and semantic ACEC (one-to-one in current inventory),unresolved,Official statewide source codes cultural resources as relevant (YES).,BLM CA ACEC FeatureServer,https://gis.blm.gov/caarcgis/rest/services/Planning/BLM_CA_ACEC/FeatureServer/0,,ACEC_RLVNCE_CUL,2026-08-05,high_source_code,not_classified_as_water_value,authoritative_source,"This is a controlled statewide relevance category, not a detailed unit-specific value narrative."
acec-e3030589272cd2,blmca-414e290f-82ea-41f2-bd9c-2df6c38bfd83,value-62654bd98767,cultural_archaeological_historic,historic,Historic resources,selected source record and semantic ACEC (one-to-one in current inventory),unresolved,Official statewide source codes historic resources as relevant (YES).,BLM CA ACEC FeatureServer,https://gis.blm.gov/caarcgis/rest/services/Planning/BLM_CA_ACEC/FeatureServer/0,,ACEC_RLVNCE_HIS,2026-08-05,high_source_code,not_classified_as_water_value,authoritative_source,"This is a controlled statewide relevance category, not a detailed unit-specific value narrative."
acec-e3030589272cd2,blmca-414e290f-82ea-41f2-bd9c-2df6c38bfd83,value-be98b05fc918,botanical_or_ecological,natural_process,Natural processes,selected source record and semantic ACEC (one-to-one in current inventory),unresolved,Official statewide source codes natural processes as relevant (YES).,BLM CA ACEC FeatureServer,https://gis.blm.gov/caarcgis/rest/services/Planning/BLM_CA_ACEC/FeatureServer/0,,ACEC_RLVNCE_NPRO,2026-08-05,high_source_code,not_classified_as_water_value,authoritative_source,"This is a controlled statewide relevance category, not a detailed unit-specific value narrative."
acec-e3030589272cd2,blmca-414e290f-82ea-41f2-bd9c-2df6c38bfd83,value-86fc57b8d5c7,botanical_or_ecological,natural_system,Natural systems,selected source record and semantic ACEC (one-to-one in current inventory),unresolved,Official statewide source codes natural systems as relevant (YES).,BLM CA ACEC FeatureServer,https://gis.blm.gov/caarcgis/rest/services/Planning/BLM_CA_ACEC/FeatureServer/0,,ACEC_RLVNCE_NSYS,2026-08-05,high_source_code,not_classified_as_water_value,authoritative_source,"This is a controlled statewide relevance category, not a detailed unit-specific value narrative."
acec-eefba2002e5d17,blmca-73e7711d-f83f-4d84-90ee-11b4e91462c1,value-1286e9382431,cultural_archaeological_historic,cultural,Cultural resources,selected source record and semantic ACEC (one-to-one in current inventory),unresolved,Official statewide source codes cultural resources as relevant (YES).,BLM CA ACEC FeatureServer,https://gis.blm.gov/caarcgis/rest/services/Planning/BLM_CA_ACEC/FeatureServer/0,,ACEC_RLVNCE_CUL,2026-08-05,high_source_code,not_classified_as_water_value,authoritative_source,"This is a controlled statewide relevance category, not a detailed unit-specific value narrative."
acec-eefba2002e5d17,blmca-73e7711d-f83f-4d84-90ee-11b4e91462c1,value-4a7010c9c167,cultural_archaeological_historic,historic,Historic resources,selected source record and semantic ACEC (one-to-one in current inventory),unresolved,Official statewide source codes historic resources as relevant (YES).,BLM CA ACEC FeatureServer,https://gis.blm.gov/caarcgis/rest/services/Planning/BLM_CA_ACEC/FeatureServer/0,,ACEC_RLVNCE_HIS,2026-08-05,high_source_code,not_classified_as_water_value,authoritative_source,"This is a controlled statewide relevance category, not a detailed unit-specific value narrative."
acec-eefba2002e5d17,blmca-73e7711d-f83f-4d84-90ee-11b4e91462c1,value-edd939ccecdb,botanical_or_ecological,natural_process,Natural processes,selected source record and semantic ACEC (one-to-one in current inventory),unresolved,Official statewide source codes natural processes as relevant (YES).,BLM CA ACEC FeatureServer,https://gis.blm.gov/caarcgis/rest/services/Planning/BLM_CA_ACEC/FeatureServer/0,,ACEC_RLVNCE_NPRO,2026-08-05,high_source_code,not_classified_as_water_value,authoritative_source,"This is a controlled statewide relevance category, not a detailed unit-specific value narrative."
acec-eefba2002e5d17,blmca-73e7711d-f83f-4d84-90ee-11b4e91462c1,value-44cc14a1ffd5,botanical_or_ecological,natural_system,Natural systems,selected source record and semantic ACEC (one-to-one in current inventory),unresolved,Official statewide source codes natural systems as relevant (YES).,BLM CA ACEC FeatureServer,https://gis.blm.gov/caarcgis/rest/services/Planning/BLM_CA_ACEC/FeatureServer/0,,ACEC_RLVNCE_NSYS,2026-08-05,high_source_code,not_classified_as_water_value,authoritative_source,"This is a controlled statewide relevance category, not a detailed unit-specific value narrative."
acec-eefba2002e5d17,blmca-73e7711d-f83f-4d84-90ee-11b4e91462c1,value-13844a72b7ab,scenic,scenic,Scenic values,selected source record and semantic ACEC (one-to-one in current inventory),unresolved,Official statewide source codes scenic values as relevant (YES).,BLM CA ACEC FeatureServer,https://gis.blm.gov/caarcgis/rest/services/Planning/BLM_CA_ACEC/FeatureServer/0,,ACEC_RLVNCE_SCE,2026-08-05,high_source_code,not_classified_as_water_value,authoritative_source,"This is a controlled statewide relevance category, not a detailed unit-specific value narrative."
acec-eefba2002e5d17,blmca-73e7711d-f83f-4d84-90ee-11b4e91462c1,value-ac65c510f691,wildlife_and_habitat,wildlife_resource,Wildlife resources,selected source record and semantic ACEC (one-to-one in current inventory),unresolved,Official statewide source codes wildlife resources as relevant (YES).,BLM CA ACEC FeatureServer,https://gis.blm.gov/caarcgis/rest/services/Planning/BLM_CA_ACEC/FeatureServer/0,,ACEC_RLVNCE_WRSC,2026-08-05,high_source_code,not_classified_as_water_value,authoritative_source,"This is a controlled statewide relevance category, not a detailed unit-specific value narrative."
acec-b6771a30b09496,blmca-f25c7ae2-e2d0-4648-8c79-77f49ceae8a7,value-9e3bdfa5b09c,cultural_archaeological_historic,cultural,Cultural resources,selected source record and semantic ACEC (one-to-one in current inventory),unresolved,Official statewide source codes cultural resources as relevant (YES).,BLM CA ACEC FeatureServer,https://gis.blm.gov/caarcgis/rest/services/Planning/BLM_CA_ACEC/FeatureServer/0,,ACEC_RLVNCE_CUL,2026-08-05,high_source_code,not_classified_as_water_value,authoritative_source,"This is a controlled statewide relevance category, not a detailed unit-specific value narrative."
acec-b6771a30b09496,blmca-f25c7ae2-e2d0-4648-8c79-77f49ceae8a7,value-60edbf50d8a0,cultural_archaeological_historic,historic,Historic resources,selected source record and semantic ACEC (one-to-one in current inventory),unresolved,Official statewide source codes historic resources as relevant (YES).,BLM CA ACEC FeatureServer,https://gis.blm.gov/caarcgis/rest/services/Planning/BLM_CA_ACEC/FeatureServer/0,,ACEC_RLVNCE_HIS,2026-08-05,high_source_code,not_classified_as_water_value,authoritative_source,"This is a controlled statewide relevance category, not a detailed unit-specific value narrative."
acec-b6771a30b09496,blmca-f25c7ae2-e2d0-4648-8c79-77f49ceae8a7,value-ea782dde7732,other_or_unresolved,natural_hazard,Natural hazards or public safety,selected source record and semantic ACEC (one-to-one in current inventory),unresolved,Official statewide source codes natural hazards or public safety as relevant (YES).,BLM CA ACEC FeatureServer,https://gis.blm.gov/caarcgis/rest/services/Planning/BLM_CA_ACEC/FeatureServer/0,,ACEC_RLVNCE_NHAZ,2026-08-05,high_source_code,not_classified_as_water_value,authoritative_source,"This is a controlled statewide relevance category, not a detailed unit-specific value narrative."
acec-b6771a30b09496,blmca-f25c7ae2-e2d0-4648-8c79-77f49ceae8a7,value-99fb868421ff,botanical_or_ecological,natural_process,Natural processes,selected source record and semantic ACEC (one-to-one in current inventory),unresolved,Official statewide source codes natural processes as relevant (YES).,BLM CA ACEC FeatureServer,https://gis.blm.gov/caarcgis/rest/services/Planning/BLM_CA_ACEC/FeatureServer/0,,ACEC_RLVNCE_NPRO,2026-08-05,high_source_code,not_classified_as_water_value,authoritative_source,"This is a controlled statewide relevance category, not a detailed unit-specific value narrative."
acec-b6771a30b09496,blmca-f25c7ae2-e2d0-4648-8c79-77f49ceae8a7,value-e13678cf6255,botanical_or_ecological,natural_system,Natural systems,selected source record and semantic ACEC (one-to-one in current inventory),unresolved,Official statewide source codes natural systems as relevant (YES).,BLM CA ACEC FeatureServer,https://gis.blm.gov/caarcgis/rest/services/Planning/BLM_CA_ACEC/FeatureServer/0,,ACEC_RLVNCE_NSYS,2026-08-05,high_source_code,not_classified_as_water_value,authoritative_source,"This is a controlled statewide relevance category, not a detailed unit-specific value narrative."
acec-b6771a30b09496,blmca-f25c7ae2-e2d0-4648-8c79-77f49ceae8a7,value-279b5b44a22c,scenic,scenic,Scenic values,selected source record and semantic ACEC (one-to-one in current inventory),unresolved,Official statewide source codes scenic values as relevant (YES).,BLM CA ACEC FeatureServer,https://gis.blm.gov/caarcgis/rest/services/Planning/BLM_CA_ACEC/FeatureServer/0,,ACEC_RLVNCE_SCE,2026-08-05,high_source_code,not_classified_as_water_value,authoritative_source,"This is a controlled statewide relevance category, not a detailed unit-specific value narrative."
acec-b6771a30b09496,blmca-f25c7ae2-e2d0-4648-8c79-77f49ceae8a7,value-2952268a81a5,wildlife_and_habitat,wildlife_resource,Wildlife resources,selected source record and semantic ACEC (one-to-one in current inventory),unresolved,Official statewide source codes wildlife resources as relevant (YES).,BLM CA ACEC FeatureServer,https://gis.blm.gov/caarcgis/rest/services/Planning/BLM_CA_ACEC/FeatureServer/0,,ACEC_RLVNCE_WRSC,2026-08-05,high_source_code,not_classified_as_water_value,authoritative_source,"This is a controlled statewide relevance category, not a detailed unit-specific value narrative."
acec-5b8a4b901701dc,blmca-ca7716a9-4127-4cf4-b604-71e6555b8280,value-f1854d72c412,cultural_archaeological_historic,cultural,Cultural resources,selected source record and semantic ACEC (one-to-one in current inventory),unresolved,Official statewide source codes cultural resources as relevant (YES).,BLM CA ACEC FeatureServer,https://gis.blm.gov/caarcgis/rest/services/Planning/BLM_CA_ACEC/FeatureServer/0,,ACEC_RLVNCE_CUL,2026-08-05,high_source_code,not_classified_as_water_value,authoritative_source,"This is a controlled statewide relevance category, not a detailed unit-specific value narrative."
acec-5b8a4b901701dc,blmca-ca7716a9-4127-4cf4-b604-71e6555b8280,value-f671d18af607,water_aquatic,fish_resource,Fish or aquatic resources,selected source record and semantic ACEC (one-to-one in current inventory),unresolved,Official statewide source codes fish or aquatic resources as relevant (YES).,BLM CA ACEC FeatureServer,https://gis.blm.gov/caarcgis/rest/services/Planning/BLM_CA_ACEC/FeatureServer/0,,ACEC_RLVNCE_FRSC,2026-08-05,high_source_code,designation_value,authoritative_source,"This is a controlled statewide relevance category, not a detailed unit-specific value narrative."
acec-5b8a4b901701dc,blmca-ca7716a9-4127-4cf4-b604-71e6555b8280,value-a1822939dee1,cultural_archaeological_historic,historic,Historic resources,selected source record and semantic ACEC (one-to-one in current inventory),unresolved,Official statewide source codes historic resources as relevant (YES).,BLM CA ACEC FeatureServer,https://gis.blm.gov/caarcgis/rest/services/Planning/BLM_CA_ACEC/FeatureServer/0,,ACEC_RLVNCE_HIS,2026-08-05,high_source_code,not_classified_as_water_value,authoritative_source,"This is a controlled statewide relevance category, not a detailed unit-specific value narrative."
acec-5b8a4b901701dc,blmca-ca7716a9-4127-4cf4-b604-71e6555b8280,value-f8cd1ebb85cb,botanical_or_ecological,natural_process,Natural processes,selected source record and semantic ACEC (one-to-one in current inventory),unresolved,Official statewide source codes natural processes as relevant (YES).,BLM CA ACEC FeatureServer,https://gis.blm.gov/caarcgis/rest/services/Planning/BLM_CA_ACEC/FeatureServer/0,,ACEC_RLVNCE_NPRO,2026-08-05,high_source_code,not_classified_as_water_value,authoritative_source,"This is a controlled statewide relevance category, not a detailed unit-specific value narrative."
acec-5b8a4b901701dc,blmca-ca7716a9-4127-4cf4-b604-71e6555b8280,value-2b6b468551ed,botanical_or_ecological,natural_system,Natural systems,selected source record and semantic ACEC (one-to-one in current inventory),unresolved,Official statewide source codes natural systems as relevant (YES).,BLM CA ACEC FeatureServer,https://gis.blm.gov/caarcgis/rest/services/Planning/BLM_CA_ACEC/FeatureServer/0,,ACEC_RLVNCE_NSYS,2026-08-05,high_source_code,not_classified_as_water_value,authoritative_source,"This is a controlled statewide relevance category, not a detailed unit-specific value narrative."
acec-5b8a4b901701dc,blmca-ca7716a9-4127-4cf4-b604-71e6555b8280,value-e83db818b566,scenic,scenic,Scenic values,selected source record and semantic ACEC (one-to-one in current inventory),unresolved,Official statewide source codes scenic values as relevant (YES).,BLM CA ACEC FeatureServer,https://gis.blm.gov/caarcgis/rest/services/Planning/BLM_CA_ACEC/FeatureServer/0,,ACEC_RLVNCE_SCE,2026-08-05,high_source_code,not_classified_as_water_value,authoritative_source,"This is a controlled statewide relevance category, not a detailed unit-specific value narrative."
acec-5b8a4b901701dc,blmca-ca7716a9-4127-4cf4-b604-71e6555b8280,value-801d00c4d171,wildlife_and_habitat,wildlife_resource,Wildlife resources,selected source record and semantic ACEC (one-to-one in current inventory),unresolved,Official statewide source codes wildlife resources as relevant (YES).,BLM CA ACEC FeatureServer,https://gis.blm.gov/caarcgis/rest/services/Planning/BLM_CA_ACEC/FeatureServer/0,,ACEC_RLVNCE_WRSC,2026-08-05,high_source_code,not_classified_as_water_value,authoritative_source,"This is a controlled statewide relevance category, not a detailed unit-specific value narrative."
acec-d5c6e9b559f032,blmca-c570fd0d-9d53-427a-b3f8-7872a809de3b,value-70652efe3298,water_aquatic,fish_resource,Fish or aquatic resources,selected source record and semantic ACEC (one-to-one in current inventory),unresolved,Official statewide source codes fish or aquatic resources as relevant (YES).,BLM CA ACEC FeatureServer,https://gis.blm.gov/caarcgis/rest/services/Planning/BLM_CA_ACEC/FeatureServer/0,,ACEC_RLVNCE_FRSC,2026-08-05,high_source_code,designation_value,authoritative_source,"This is a controlled statewide relevance category, not a detailed unit-specific value narrative."
acec-d5c6e9b559f032,blmca-c570fd0d-9d53-427a-b3f8-7872a809de3b,value-fd823717541c,botanical_or_ecological,natural_process,Natural processes,selected source record and semantic ACEC (one-to-one in current inventory),unresolved,Official statewide source codes natural processes as relevant (YES).,BLM CA ACEC FeatureServer,https://gis.blm.gov/caarcgis/rest/services/Planning/BLM_CA_ACEC/FeatureServer/0,,ACEC_RLVNCE_NPRO,2026-08-05,high_source_code,not_classified_as_water_value,authoritative_source,"This is a controlled statewide relevance category, not a detailed unit-specific value narrative."
acec-d5c6e9b559f032,blmca-c570fd0d-9d53-427a-b3f8-7872a809de3b,value-f4c67a3204d1,botanical_or_ecological,natural_system,Natural systems,selected source record and semantic ACEC (one-to-one in current inventory),unresolved,Official statewide source codes natural systems as relevant (YES).,BLM CA ACEC FeatureServer,https://gis.blm.gov/caarcgis/rest/services/Planning/BLM_CA_ACEC/FeatureServer/0,,ACEC_RLVNCE_NSYS,2026-08-05,high_source_code,not_classified_as_water_value,authoritative_source,"This is a controlled statewide relevance category, not a detailed unit-specific value narrative."
acec-d5c6e9b559f032,blmca-c570fd0d-9d53-427a-b3f8-7872a809de3b,value-f5e07eb5d744,wildlife_and_habitat,wildlife_resource,Wildlife resources,selected source record and semantic ACEC (one-to-one in current inventory),unresolved,Official statewide source codes wildlife resources as relevant (YES).,BLM CA ACEC FeatureServer,https://gis.blm.gov/caarcgis/rest/services/Planning/BLM_CA_ACEC/FeatureServer/0,,ACEC_RLVNCE_WRSC,2026-08-05,high_source_code,not_classified_as_water_value,authoritative_source,"This is a controlled statewide relevance category, not a detailed unit-specific value narrative."
acec-03ec5d2a34cc80,blmca-a73e8240-b840-484b-9f42-348ad3349efc,value-71b154a7aa8c,cultural_archaeological_historic,cultural,Cultural resources,selected source record and semantic ACEC (one-to-one in current inventory),unresolved,Official statewide source codes cultural resources as relevant (YES).,BLM CA ACEC FeatureServer,https://gis.blm.gov/caarcgis/rest/services/Planning/BLM_CA_ACEC/FeatureServer/0,,ACEC_RLVNCE_CUL,2026-08-05,high_source_code,not_classified_as_water_value,authoritative_source,"This is a controlled statewide relevance category, not a detailed unit-specific value narrative."
acec-03ec5d2a34cc80,blmca-a73e8240-b840-484b-9f42-348ad3349efc,value-6a96f6fb9bb1,cultural_archaeological_historic,historic,Historic resources,selected source record and semantic ACEC (one-to-one in current inventory),unresolved,Official statewide source codes historic resources as relevant (YES).,BLM CA ACEC FeatureServer,https://gis.blm.gov/caarcgis/rest/services/Planning/BLM_CA_ACEC/FeatureServer/0,,ACEC_RLVNCE_HIS,2026-08-05,high_source_code,not_classified_as_water_value,authoritative_source,"This is a controlled statewide relevance category, not a detailed unit-specific value narrative."
acec-03ec5d2a34cc80,blmca-a73e8240-b840-484b-9f42-348ad3349efc,value-b02476e12e28,botanical_or_ecological,natural_process,Natural processes,selected source record and semantic ACEC (one-to-one in current inventory),unresolved,Official statewide source codes natural processes as relevant (YES).,BLM CA ACEC FeatureServer,https://gis.blm.gov/caarcgis/rest/services/Planning/BLM_CA_ACEC/FeatureServer/0,,ACEC_RLVNCE_NPRO,2026-08-05,high_source_code,not_classified_as_water_value,authoritative_source,"This is a controlled statewide relevance category, not a detailed unit-specific value narrative."
acec-03ec5d2a34cc80,blmca-a73e8240-b840-484b-9f42-348ad3349efc,value-dcbda3fe493f,botanical_or_ecological,natural_system,Natural systems,selected source record and semantic ACEC (one-to-one in current inventory),unresolved,Official statewide source codes natural systems as relevant (YES).,BLM CA ACEC FeatureServer,https://gis.blm.gov/caarcgis/rest/services/Planning/BLM_CA_ACEC/FeatureServer/0,,ACEC_RLVNCE_NSYS,2026-08-05,high_source_code,not_classified_as_water_value,authoritative_source,"This is a controlled statewide relevance category, not a detailed unit-specific value narrative."
acec-03ec5d2a34cc80,blmca-a73e8240-b840-484b-9f42-348ad3349efc,value-08b7d516112b,scenic,scenic,Scenic values,selected source record and semantic ACEC (one-to-one in current inventory),unresolved,Official statewide source codes scenic values as relevant (YES).,BLM CA ACEC FeatureServer,https://gis.blm.gov/caarcgis/rest/services/Planning/BLM_CA_ACEC/FeatureServer/0,,ACEC_RLVNCE_SCE,2026-08-05,high_source_code,not_classified_as_water_value,authoritative_source,"This is a controlled statewide relevance category, not a detailed unit-specific value narrative."
acec-a876ae3f36b69f,blmca-9a67d72f-b38a-417b-8c90-a944496f53a1,value-55430d469ae0,botanical_or_ecological,natural_process,Natural processes,selected source record and semantic ACEC (one-to-one in current inventory),unresolved,Official statewide source codes natural processes as relevant (YES).,BLM CA ACEC FeatureServer,https://gis.blm.gov/caarcgis/rest/services/Planning/BLM_CA_ACEC/FeatureServer/0,,ACEC_RLVNCE_NPRO,2026-08-05,high_source_code,not_classified_as_water_value,authoritative_source,"This is a controlled statewide relevance category, not a detailed unit-specific value narrative."
acec-a876ae3f36b69f,blmca-9a67d72f-b38a-417b-8c90-a944496f53a1,value-97db6210ae45,botanical_or_ecological,natural_system,Natural systems,selected source record and semantic ACEC (one-to-one in current inventory),unresolved,Official statewide source codes natural systems as relevant (YES).,BLM CA ACEC FeatureServer,https://gis.blm.gov/caarcgis/rest/services/Planning/BLM_CA_ACEC/FeatureServer/0,,ACEC_RLVNCE_NSYS,2026-08-05,high_source_code,not_classified_as_water_value,authoritative_source,"This is a controlled statewide relevance category, not a detailed unit-specific value narrative."
acec-a876ae3f36b69f,blmca-9a67d72f-b38a-417b-8c90-a944496f53a1,value-332db06c4cb6,scenic,scenic,Scenic values,selected source record and semantic ACEC (one-to-one in current inventory),unresolved,Official statewide source codes scenic values as relevant (YES).,BLM CA ACEC FeatureServer,https://gis.blm.gov/caarcgis/rest/services/Planning/BLM_CA_ACEC/FeatureServer/0,,ACEC_RLVNCE_SCE,2026-08-05,high_source_code,not_classified_as_water_value,authoritative_source,"This is a controlled statewide relevance category, not a detailed unit-specific value narrative."
acec-a876ae3f36b69f,blmca-9a67d72f-b38a-417b-8c90-a944496f53a1,value-e136ddabbcf5,wildlife_and_habitat,wildlife_resource,Wildlife resources,selected source record and semantic ACEC (one-to-one in current inventory),unresolved,Official statewide source codes wildlife resources as relevant (YES).,BLM CA ACEC FeatureServer,https://gis.blm.gov/caarcgis/rest/services/Planning/BLM_CA_ACEC/FeatureServer/0,,ACEC_RLVNCE_WRSC,2026-08-05,high_source_code,not_classified_as_water_value,authoritative_source,"This is a controlled statewide relevance category, not a detailed unit-specific value narrative."
acec-178e8ebea9723c,blmca-47c04f8a-020f-4874-bea5-b0e62e5b520c,value-53f4be30c3a9,botanical_or_ecological,natural_process,Natural processes,selected source record and semantic ACEC (one-to-one in current inventory),unresolved,Official statewide source codes natural processes as relevant (YES).,BLM CA ACEC FeatureServer,https://gis.blm.gov/caarcgis/rest/services/Planning/BLM_CA_ACEC/FeatureServer/0,,ACEC_RLVNCE_NPRO,2026-08-05,high_source_code,not_classified_as_water_value,authoritative_source,"This is a controlled statewide relevance category, not a detailed unit-specific value narrative."
acec-178e8ebea9723c,blmca-47c04f8a-020f-4874-bea5-b0e62e5b520c,value-4b64282dc7b5,botanical_or_ecological,natural_system,Natural systems,selected source record and semantic ACEC (one-to-one in current inventory),unresolved,Official statewide source codes natural systems as relevant (YES).,BLM CA ACEC FeatureServer,https://gis.blm.gov/caarcgis/rest/services/Planning/BLM_CA_ACEC/FeatureServer/0,,ACEC_RLVNCE_NSYS,2026-08-05,high_source_code,not_classified_as_water_value,authoritative_source,"This is a controlled statewide relevance category, not a detailed unit-specific value narrative."
acec-178e8ebea9723c,blmca-47c04f8a-020f-4874-bea5-b0e62e5b520c,value-036e77675811,wildlife_and_habitat,wildlife_resource,Wildlife resources,selected source record and semantic ACEC (one-to-one in current inventory),unresolved,Official statewide source codes wildlife resources as relevant (YES).,BLM CA ACEC FeatureServer,https://gis.blm.gov/caarcgis/rest/services/Planning/BLM_CA_ACEC/FeatureServer/0,,ACEC_RLVNCE_WRSC,2026-08-05,high_source_code,not_classified_as_water_value,authoritative_source,"This is a controlled statewide relevance category, not a detailed unit-specific value narrative."
acec-1a2274a209ecac,blmca-17caa1ee-c8df-44c4-a31a-f286579ab3dc,value-c16d02520593,cultural_archaeological_historic,cultural,Cultural resources,selected source record and semantic ACEC (one-to-one in current inventory),unresolved,Official statewide source codes cultural resources as relevant (YES).,BLM CA ACEC FeatureServer,https://gis.blm.gov/caarcgis/rest/services/Planning/BLM_CA_ACEC/FeatureServer/0,,ACEC_RLVNCE_CUL,2026-08-05,high_source_code,not_classified_as_water_value,authoritative_source,"This is a controlled statewide relevance category, not a detailed unit-specific value narrative."
acec-1a2274a209ecac,blmca-17caa1ee-c8df-44c4-a31a-f286579ab3dc,value-4bec08ee6726,cultural_archaeological_historic,historic,Historic resources,selected source record and semantic ACEC (one-to-one in current inventory),unresolved,Official statewide source codes historic resources as relevant (YES).,BLM CA ACEC FeatureServer,https://gis.blm.gov/caarcgis/rest/services/Planning/BLM_CA_ACEC/FeatureServer/0,,ACEC_RLVNCE_HIS,2026-08-05,high_source_code,not_classified_as_water_value,authoritative_source,"This is a controlled statewide relevance category, not a detailed unit-specific value narrative."
acec-1a2274a209ecac,blmca-17caa1ee-c8df-44c4-a31a-f286579ab3dc,value-cb938d40b9b4,botanical_or_ecological,natural_process,Natural processes,selected source record and semantic ACEC (one-to-one in current inventory),unresolved,Official statewide source codes natural processes as relevant (YES).,BLM CA ACEC FeatureServer,https://gis.blm.gov/caarcgis/rest/services/Planning/BLM_CA_ACEC/FeatureServer/0,,ACEC_RLVNCE_NPRO,2026-08-05,high_source_code,not_classified_as_water_value,authoritative_source,"This is a controlled statewide relevance category, not a detailed unit-specific value narrative."
acec-1a2274a209ecac,blmca-17caa1ee-c8df-44c4-a31a-f286579ab3dc,value-b58838f9ebfa,botanical_or_ecological,natural_system,Natural systems,selected source record and semantic ACEC (one-to-one in current inventory),unresolved,Official statewide source codes natural systems as relevant (YES).,BLM CA ACEC FeatureServer,https://gis.blm.gov/caarcgis/rest/services/Planning/BLM_CA_ACEC/FeatureServer/0,,ACEC_RLVNCE_NSYS,2026-08-05,high_source_code,not_classified_as_water_value,authoritative_source,"This is a controlled statewide relevance category, not a detailed unit-specific value narrative."
acec-1a2274a209ecac,blmca-17caa1ee-c8df-44c4-a31a-f286579ab3dc,value-6a82ab678d8f,scenic,scenic,Scenic values,selected source record and semantic ACEC (one-to-one in current inventory),unresolved,Official statewide source codes scenic values as relevant (YES).,BLM CA ACEC FeatureServer,https://gis.blm.gov/caarcgis/rest/services/Planning/BLM_CA_ACEC/FeatureServer/0,,ACEC_RLVNCE_SCE,2026-08-05,high_source_code,not_classified_as_water_value,authoritative_source,"This is a controlled statewide relevance category, not a detailed unit-specific value narrative."
acec-1a2274a209ecac,blmca-17caa1ee-c8df-44c4-a31a-f286579ab3dc,value-5416da6d5506,wildlife_and_habitat,wildlife_resource,Wildlife resources,selected source record and semantic ACEC (one-to-one in current inventory),unresolved,Official statewide source codes wildlife resources as relevant (YES).,BLM CA ACEC FeatureServer,https://gis.blm.gov/caarcgis/rest/services/Planning/BLM_CA_ACEC/FeatureServer/0,,ACEC_RLVNCE_WRSC,2026-08-05,high_source_code,not_classified_as_water_value,authoritative_source,"This is a controlled statewide relevance category, not a detailed unit-specific value narrative."
acec-93fa7f39d38b25,blmca-1259e74b-fdcb-4048-8dbd-d6b75c9b62e3,value-0dbe445e3952,botanical_or_ecological,natural_process,Natural processes,selected source record and semantic ACEC (one-to-one in current inventory),unresolved,Official statewide source codes natural processes as relevant (YES).,BLM CA ACEC FeatureServer,https://gis.blm.gov/caarcgis/rest/services/Planning/BLM_CA_ACEC/FeatureServer/0,,ACEC_RLVNCE_NPRO,2026-08-05,high_source_code,not_classified_as_water_value,authoritative_source,"This is a controlled statewide relevance category, not a detailed unit-specific value narrative."
acec-93fa7f39d38b25,blmca-1259e74b-fdcb-4048-8dbd-d6b75c9b62e3,value-391263567c02,botanical_or_ecological,natural_system,Natural systems,selected source record and semantic ACEC (one-to-one in current inventory),unresolved,Official statewide source codes natural systems as relevant (YES).,BLM CA ACEC FeatureServer,https://gis.blm.gov/caarcgis/rest/services/Planning/BLM_CA_ACEC/FeatureServer/0,,ACEC_RLVNCE_NSYS,2026-08-05,high_source_code,not_classified_as_water_value,authoritative_source,"This is a controlled statewide relevance category, not a detailed unit-specific value narrative."
acec-93fa7f39d38b25,blmca-1259e74b-fdcb-4048-8dbd-d6b75c9b62e3,value-f13f17b118f0,wildlife_and_habitat,wildlife_resource,Wildlife resources,selected source record and semantic ACEC (one-to-one in current inventory),unresolved,Official statewide source codes wildlife resources as relevant (YES).,BLM CA ACEC FeatureServer,https://gis.blm.gov/caarcgis/rest/services/Planning/BLM_CA_ACEC/FeatureServer/0,,ACEC_RLVNCE_WRSC,2026-08-05,high_source_code,not_classified_as_water_value,authoritative_source,"This is a controlled statewide relevance category, not a detailed unit-specific value narrative."
acec-98a6137ae90fa3,blmca-45fb448b-f4f6-4d0c-b704-563f7200bb36,value-20c9a29ef1b6,botanical_or_ecological,natural_process,Natural processes,selected source record and semantic ACEC (one-to-one in current inventory),unresolved,Official statewide source codes natural processes as relevant (YES).,BLM CA ACEC FeatureServer,https://gis.blm.gov/caarcgis/rest/services/Planning/BLM_CA_ACEC/FeatureServer/0,,ACEC_RLVNCE_NPRO,2026-08-05,high_source_code,not_classified_as_water_value,authoritative_source,"This is a controlled statewide relevance category, not a detailed unit-specific value narrative."
acec-98a6137ae90fa3,blmca-45fb448b-f4f6-4d0c-b704-563f7200bb36,value-1215caa14897,botanical_or_ecological,natural_system,Natural systems,selected source record and semantic ACEC (one-to-one in current inventory),unresolved,Official statewide source codes natural systems as relevant (YES).,BLM CA ACEC FeatureServer,https://gis.blm.gov/caarcgis/rest/services/Planning/BLM_CA_ACEC/FeatureServer/0,,ACEC_RLVNCE_NSYS,2026-08-05,high_source_code,not_classified_as_water_value,authoritative_source,"This is a controlled statewide relevance category, not a detailed unit-specific value narrative."
acec-98a6137ae90fa3,blmca-45fb448b-f4f6-4d0c-b704-563f7200bb36,value-6738afe4fac7,wildlife_and_habitat,wildlife_resource,Wildlife resources,selected source record and semantic ACEC (one-to-one in current inventory),unresolved,Official statewide source codes wildlife resources as relevant (YES).,BLM CA ACEC FeatureServer,https://gis.blm.gov/caarcgis/rest/services/Planning/BLM_CA_ACEC/FeatureServer/0,,ACEC_RLVNCE_WRSC,2026-08-05,high_source_code,not_classified_as_water_value,authoritative_source,"This is a controlled statewide relevance category, not a detailed unit-specific value narrative."
acec-3a20d59207e54e,blmca-8d89eacc-a5c4-4270-a7ef-71d85baebf80,value-d4f5f6de7dbf,cultural_archaeological_historic,cultural,Cultural resources,selected source record and semantic ACEC (one-to-one in current inventory),unresolved,Official statewide source codes cultural resources as relevant (YES).,BLM CA ACEC FeatureServer,https://gis.blm.gov/caarcgis/rest/services/Planning/BLM_CA_ACEC/FeatureServer/0,,ACEC_RLVNCE_CUL,2026-08-05,high_source_code,not_classified_as_water_value,authoritative_source,"This is a controlled statewide relevance category, not a detailed unit-specific value narrative."
acec-3a20d59207e54e,blmca-8d89eacc-a5c4-4270-a7ef-71d85baebf80,value-d8bc661390cf,cultural_archaeological_historic,historic,Historic resources,selected source record and semantic ACEC (one-to-one in current inventory),unresolved,Official statewide source codes historic resources as relevant (YES).,BLM CA ACEC FeatureServer,https://gis.blm.gov/caarcgis/rest/services/Planning/BLM_CA_ACEC/FeatureServer/0,,ACEC_RLVNCE_HIS,2026-08-05,high_source_code,not_classified_as_water_value,authoritative_source,"This is a controlled statewide relevance category, not a detailed unit-specific value narrative."
acec-3a20d59207e54e,blmca-8d89eacc-a5c4-4270-a7ef-71d85baebf80,value-fa02ccb406a9,botanical_or_ecological,natural_process,Natural processes,selected source record and semantic ACEC (one-to-one in current inventory),unresolved,Official statewide source codes natural processes as relevant (YES).,BLM CA ACEC FeatureServer,https://gis.blm.gov/caarcgis/rest/services/Planning/BLM_CA_ACEC/FeatureServer/0,,ACEC_RLVNCE_NPRO,2026-08-05,high_source_code,not_classified_as_water_value,authoritative_source,"This is a controlled statewide relevance category, not a detailed unit-specific value narrative."
acec-3a20d59207e54e,blmca-8d89eacc-a5c4-4270-a7ef-71d85baebf80,value-7ff9ee0cd3b9,botanical_or_ecological,natural_system,Natural systems,selected source record and semantic ACEC (one-to-one in current inventory),unresolved,Official statewide source codes natural systems as relevant (YES).,BLM CA ACEC FeatureServer,https://gis.blm.gov/caarcgis/rest/services/Planning/BLM_CA_ACEC/FeatureServer/0,,ACEC_RLVNCE_NSYS,2026-08-05,high_source_code,not_classified_as_water_value,authoritative_source,"This is a controlled statewide relevance category, not a detailed unit-specific value narrative."
acec-3a20d59207e54e,blmca-8d89eacc-a5c4-4270-a7ef-71d85baebf80,value-68a47f88418e,wildlife_and_habitat,wildlife_resource,Wildlife resources,selected source record and semantic ACEC (one-to-one in current inventory),unresolved,Official statewide source codes wildlife resources as relevant (YES).,BLM CA ACEC FeatureServer,https://gis.blm.gov/caarcgis/rest/services/Planning/BLM_CA_ACEC/FeatureServer/0,,ACEC_RLVNCE_WRSC,2026-08-05,high_source_code,not_classified_as_water_value,authoritative_source,"This is a controlled statewide relevance category, not a detailed unit-specific value narrative."
acec-de4d49c5d889e6,blmca-73fce7c0-b767-4b9b-bd73-15b653cc036e,value-6c38932c4355,botanical_or_ecological,natural_system,Natural systems,selected source record and semantic ACEC (one-to-one in current inventory),unresolved,Official statewide source codes natural systems as relevant (YES).,BLM CA ACEC FeatureServer,https://gis.blm.gov/caarcgis/rest/services/Planning/BLM_CA_ACEC/FeatureServer/0,,ACEC_RLVNCE_NSYS,2026-08-05,high_source_code,not_classified_as_water_value,authoritative_source,"This is a controlled statewide relevance category, not a detailed unit-specific value narrative."
acec-de4d49c5d889e6,blmca-73fce7c0-b767-4b9b-bd73-15b653cc036e,value-a864e4b88e69,scenic,scenic,Scenic values,selected source record and semantic ACEC (one-to-one in current inventory),unresolved,Official statewide source codes scenic values as relevant (YES).,BLM CA ACEC FeatureServer,https://gis.blm.gov/caarcgis/rest/services/Planning/BLM_CA_ACEC/FeatureServer/0,,ACEC_RLVNCE_SCE,2026-08-05,high_source_code,not_classified_as_water_value,authoritative_source,"This is a controlled statewide relevance category, not a detailed unit-specific value narrative."
acec-eff7540c4ac147,blmca-b6701475-6841-46a3-b3ec-9bec083ca1b8,value-8136aacda806,cultural_archaeological_historic,cultural,Cultural resources,selected source record and semantic ACEC (one-to-one in current inventory),unresolved,Official statewide source codes cultural resources as relevant (YES).,BLM CA ACEC FeatureServer,https://gis.blm.gov/caarcgis/rest/services/Planning/BLM_CA_ACEC/FeatureServer/0,,ACEC_RLVNCE_CUL,2026-08-05,high_source_code,not_classified_as_water_value,authoritative_source,"This is a controlled statewide relevance category, not a detailed unit-specific value narrative."
acec-eff7540c4ac147,blmca-b6701475-6841-46a3-b3ec-9bec083ca1b8,value-139a7db46e3a,cultural_archaeological_historic,historic,Historic resources,selected source record and semantic ACEC (one-to-one in current inventory),unresolved,Official statewide source codes historic resources as relevant (YES).,BLM CA ACEC FeatureServer,https://gis.blm.gov/caarcgis/rest/services/Planning/BLM_CA_ACEC/FeatureServer/0,,ACEC_RLVNCE_HIS,2026-08-05,high_source_code,not_classified_as_water_value,authoritative_source,"This is a controlled statewide relevance category, not a detailed unit-specific value narrative."
acec-bd22db1dcbf017,blmca-59077d43-a3fd-404b-838a-e403eaa31b8d,value-1ca899d44079,botanical_or_ecological,natural_process,Natural processes,selected source record and semantic ACEC (one-to-one in current inventory),unresolved,Official statewide source codes natural processes as relevant (YES).,BLM CA ACEC FeatureServer,https://gis.blm.gov/caarcgis/rest/services/Planning/BLM_CA_ACEC/FeatureServer/0,,ACEC_RLVNCE_NPRO,2026-08-05,high_source_code,not_classified_as_water_value,authoritative_source,"This is a controlled statewide relevance category, not a detailed unit-specific value narrative."
acec-bd22db1dcbf017,blmca-59077d43-a3fd-404b-838a-e403eaa31b8d,value-c423b3b70b72,botanical_or_ecological,natural_system,Natural systems,selected source record and semantic ACEC (one-to-one in current inventory),unresolved,Official statewide source codes natural systems as relevant (YES).,BLM CA ACEC FeatureServer,https://gis.blm.gov/caarcgis/rest/services/Planning/BLM_CA_ACEC/FeatureServer/0,,ACEC_RLVNCE_NSYS,2026-08-05,high_source_code,not_classified_as_water_value,authoritative_source,"This is a controlled statewide relevance category, not a detailed unit-specific value narrative."
acec-5996b04f506863,blmca-0c552e4a-cd40-44e2-957a-de0ae8b6eed4,value-054d421e1690,botanical_or_ecological,natural_process,Natural processes,selected source record and semantic ACEC (one-to-one in current inventory),unresolved,Official statewide source codes natural processes as relevant (YES).,BLM CA ACEC FeatureServer,https://gis.blm.gov/caarcgis/rest/services/Planning/BLM_CA_ACEC/FeatureServer/0,,ACEC_RLVNCE_NPRO,2026-08-05,high_source_code,not_classified_as_water_value,authoritative_source,"This is a controlled statewide relevance category, not a detailed unit-specific value narrative."
acec-5996b04f506863,blmca-0c552e4a-cd40-44e2-957a-de0ae8b6eed4,value-f710c849c505,botanical_or_ecological,natural_system,Natural systems,selected source record and semantic ACEC (one-to-one in current inventory),unresolved,Official statewide source codes natural systems as relevant (YES).,BLM CA ACEC FeatureServer,https://gis.blm.gov/caarcgis/rest/services/Planning/BLM_CA_ACEC/FeatureServer/0,,ACEC_RLVNCE_NSYS,2026-08-05,high_source_code,not_classified_as_water_value,authoritative_source,"This is a controlled statewide relevance category, not a detailed unit-specific value narrative."
acec-90e93d7b70aff7,blmca-1346d40c-b3c0-4712-ae64-0a18830493c4,value-142eecc93d95,botanical_or_ecological,natural_process,Natural processes,selected source record and semantic ACEC (one-to-one in current inventory),unresolved,Official statewide source codes natural processes as relevant (YES).,BLM CA ACEC FeatureServer,https://gis.blm.gov/caarcgis/rest/services/Planning/BLM_CA_ACEC/FeatureServer/0,,ACEC_RLVNCE_NPRO,2026-08-05,high_source_code,not_classified_as_water_value,authoritative_source,"This is a controlled statewide relevance category, not a detailed unit-specific value narrative."
acec-90e93d7b70aff7,blmca-1346d40c-b3c0-4712-ae64-0a18830493c4,value-66c26c06e42e,botanical_or_ecological,natural_system,Natural systems,selected source record and semantic ACEC (one-to-one in current inventory),unresolved,Official statewide source codes natural systems as relevant (YES).,BLM CA ACEC FeatureServer,https://gis.blm.gov/caarcgis/rest/services/Planning/BLM_CA_ACEC/FeatureServer/0,,ACEC_RLVNCE_NSYS,2026-08-05,high_source_code,not_classified_as_water_value,authoritative_source,"This is a controlled statewide relevance category, not a detailed unit-specific value narrative."
acec-90e93d7b70aff7,blmca-1346d40c-b3c0-4712-ae64-0a18830493c4,value-55ef63b0b668,scenic,scenic,Scenic values,selected source record and semantic ACEC (one-to-one in current inventory),unresolved,Official statewide source codes scenic values as relevant (YES).,BLM CA ACEC FeatureServer,https://gis.blm.gov/caarcgis/rest/services/Planning/BLM_CA_ACEC/FeatureServer/0,,ACEC_RLVNCE_SCE,2026-08-05,high_source_code,not_classified_as_water_value,authoritative_source,"This is a controlled statewide relevance category, not a detailed unit-specific value narrative."
acec-90e93d7b70aff7,blmca-1346d40c-b3c0-4712-ae64-0a18830493c4,value-31563a6122c3,wildlife_and_habitat,wildlife_resource,Wildlife resources,selected source record and semantic ACEC (one-to-one in current inventory),unresolved,Official statewide source codes wildlife resources as relevant (YES).,BLM CA ACEC FeatureServer,https://gis.blm.gov/caarcgis/rest/services/Planning/BLM_CA_ACEC/FeatureServer/0,,ACEC_RLVNCE_WRSC,2026-08-05,high_source_code,not_classified_as_water_value,authoritative_source,"This is a controlled statewide relevance category, not a detailed unit-specific value narrative."
acec-11ad70d626345d,blmca-3293e6e9-5bdd-4399-aedc-2bad89712949,value-474b4e8379f6,cultural_archaeological_historic,cultural,Cultural resources,selected source record and semantic ACEC (one-to-one in current inventory),unresolved,Official statewide source codes cultural resources as relevant (YES).,BLM CA ACEC FeatureServer,https://gis.blm.gov/caarcgis/rest/services/Planning/BLM_CA_ACEC/FeatureServer/0,,ACEC_RLVNCE_CUL,2026-08-05,high_source_code,not_classified_as_water_value,authoritative_source,"This is a controlled statewide relevance category, not a detailed unit-specific value narrative."
acec-11ad70d626345d,blmca-3293e6e9-5bdd-4399-aedc-2bad89712949,value-03f5fc562761,scenic,scenic,Scenic values,selected source record and semantic ACEC (one-to-one in current inventory),unresolved,Official statewide source codes scenic values as relevant (YES).,BLM CA ACEC FeatureServer,https://gis.blm.gov/caarcgis/rest/services/Planning/BLM_CA_ACEC/FeatureServer/0,,ACEC_RLVNCE_SCE,2026-08-05,high_source_code,not_classified_as_water_value,authoritative_source,"This is a controlled statewide relevance category, not a detailed unit-specific value narrative."
acec-11ad70d626345d,blmca-3293e6e9-5bdd-4399-aedc-2bad89712949,value-12a7755f2454,wildlife_and_habitat,wildlife_resource,Wildlife resources,selected source record and semantic ACEC (one-to-one in current inventory),unresolved,Official statewide source codes wildlife resources as relevant (YES).,BLM CA ACEC FeatureServer,https://gis.blm.gov/caarcgis/rest/services/Planning/BLM_CA_ACEC/FeatureServer/0,,ACEC_RLVNCE_WRSC,2026-08-05,high_source_code,not_classified_as_water_value,authoritative_source,"This is a controlled statewide relevance category, not a detailed unit-specific value narrative."
acec-1c307d9c6029b1,blmca-f3eba61e-7ea4-4d76-ab28-a22b6f48a324,value-d92bc4f6d005,botanical_or_ecological,natural_process,Natural processes,selected source record and semantic ACEC (one-to-one in current inventory),unresolved,Official statewide source codes natural processes as relevant (YES).,BLM CA ACEC FeatureServer,https://gis.blm.gov/caarcgis/rest/services/Planning/BLM_CA_ACEC/FeatureServer/0,,ACEC_RLVNCE_NPRO,2026-08-05,high_source_code,not_classified_as_water_value,authoritative_source,"This is a controlled statewide relevance category, not a detailed unit-specific value narrative."
acec-1c307d9c6029b1,blmca-f3eba61e-7ea4-4d76-ab28-a22b6f48a324,value-ea320497b19a,botanical_or_ecological,natural_system,Natural systems,selected source record and semantic ACEC (one-to-one in current inventory),unresolved,Official statewide source codes natural systems as relevant (YES).,BLM CA ACEC FeatureServer,https://gis.blm.gov/caarcgis/rest/services/Planning/BLM_CA_ACEC/FeatureServer/0,,ACEC_RLVNCE_NSYS,2026-08-05,high_source_code,not_classified_as_water_value,authoritative_source,"This is a controlled statewide relevance category, not a detailed unit-specific value narrative."
acec-44eff1e0aa93e7,blmca-4aef1ceb-7cc0-4918-8880-fe0977ac0039,value-4d0361150998,cultural_archaeological_historic,cultural,Cultural resources,selected source record and semantic ACEC (one-to-one in current inventory),unresolved,Official statewide source codes cultural resources as relevant (YES).,BLM CA ACEC FeatureServer,https://gis.blm.gov/caarcgis/rest/services/Planning/BLM_CA_ACEC/FeatureServer/0,,ACEC_RLVNCE_CUL,2026-08-05,high_source_code,not_classified_as_water_value,authoritative_source,"This is a controlled statewide relevance category, not a detailed unit-specific value narrative."
acec-44eff1e0aa93e7,blmca-4aef1ceb-7cc0-4918-8880-fe0977ac0039,value-616ff727ce79,cultural_archaeological_historic,historic,Historic resources,selected source record and semantic ACEC (one-to-one in current inventory),unresolved,Official statewide source codes historic resources as relevant (YES).,BLM CA ACEC FeatureServer,https://gis.blm.gov/caarcgis/rest/services/Planning/BLM_CA_ACEC/FeatureServer/0,,ACEC_RLVNCE_HIS,2026-08-05,high_source_code,not_classified_as_water_value,authoritative_source,"This is a controlled statewide relevance category, not a detailed unit-specific value narrative."
acec-44eff1e0aa93e7,blmca-4aef1ceb-7cc0-4918-8880-fe0977ac0039,value-c73e676f3d9c,botanical_or_ecological,natural_process,Natural processes,selected source record and semantic ACEC (one-to-one in current inventory),unresolved,Official statewide source codes natural processes as relevant (YES).,BLM CA ACEC FeatureServer,https://gis.blm.gov/caarcgis/rest/services/Planning/BLM_CA_ACEC/FeatureServer/0,,ACEC_RLVNCE_NPRO,2026-08-05,high_source_code,not_classified_as_water_value,authoritative_source,"This is a controlled statewide relevance category, not a detailed unit-specific value narrative."
acec-44eff1e0aa93e7,blmca-4aef1ceb-7cc0-4918-8880-fe0977ac0039,value-73a4d3133093,botanical_or_ecological,natural_system,Natural systems,selected source record and semantic ACEC (one-to-one in current inventory),unresolved,Official statewide source codes natural systems as relevant (YES).,BLM CA ACEC FeatureServer,https://gis.blm.gov/caarcgis/rest/services/Planning/BLM_CA_ACEC/FeatureServer/0,,ACEC_RLVNCE_NSYS,2026-08-05,high_source_code,not_classified_as_water_value,authoritative_source,"This is a controlled statewide relevance category, not a detailed unit-specific value narrative."
acec-44eff1e0aa93e7,blmca-4aef1ceb-7cc0-4918-8880-fe0977ac0039,value-4e31be759cb7,wildlife_and_habitat,wildlife_resource,Wildlife resources,selected source record and semantic ACEC (one-to-one in current inventory),unresolved,Official statewide source codes wildlife resources as relevant (YES).,BLM CA ACEC FeatureServer,https://gis.blm.gov/caarcgis/rest/services/Planning/BLM_CA_ACEC/FeatureServer/0,,ACEC_RLVNCE_WRSC,2026-08-05,high_source_code,not_classified_as_water_value,authoritative_source,"This is a controlled statewide relevance category, not a detailed unit-specific value narrative."
acec-bef60dbaeef6d9,blmca-f4b7e215-12a0-4a83-8b0f-b803f1936ebd,value-4e3b5ec1699d,cultural_archaeological_historic,cultural,Cultural resources,selected source record and semantic ACEC (one-to-one in current inventory),unresolved,Official statewide source codes cultural resources as relevant (YES).,BLM CA ACEC FeatureServer,https://gis.blm.gov/caarcgis/rest/services/Planning/BLM_CA_ACEC/FeatureServer/0,,ACEC_RLVNCE_CUL,2026-08-05,high_source_code,not_classified_as_water_value,authoritative_source,"This is a controlled statewide relevance category, not a detailed unit-specific value narrative."
acec-bef60dbaeef6d9,blmca-f4b7e215-12a0-4a83-8b0f-b803f1936ebd,value-d0393b6fd6fa,water_aquatic,fish_resource,Fish or aquatic resources,selected source record and semantic ACEC (one-to-one in current inventory),unresolved,Official statewide source codes fish or aquatic resources as relevant (YES).,BLM CA ACEC FeatureServer,https://gis.blm.gov/caarcgis/rest/services/Planning/BLM_CA_ACEC/FeatureServer/0,,ACEC_RLVNCE_FRSC,2026-08-05,high_source_code,designation_value,authoritative_source,"This is a controlled statewide relevance category, not a detailed unit-specific value narrative."
acec-bef60dbaeef6d9,blmca-f4b7e215-12a0-4a83-8b0f-b803f1936ebd,value-60d2be0150f7,cultural_archaeological_historic,historic,Historic resources,selected source record and semantic ACEC (one-to-one in current inventory),unresolved,Official statewide source codes historic resources as relevant (YES).,BLM CA ACEC FeatureServer,https://gis.blm.gov/caarcgis/rest/services/Planning/BLM_CA_ACEC/FeatureServer/0,,ACEC_RLVNCE_HIS,2026-08-05,high_source_code,not_classified_as_water_value,authoritative_source,"This is a controlled statewide relevance category, not a detailed unit-specific value narrative."
acec-bef60dbaeef6d9,blmca-f4b7e215-12a0-4a83-8b0f-b803f1936ebd,value-0034a5a47d29,scenic,scenic,Scenic values,selected source record and semantic ACEC (one-to-one in current inventory),unresolved,Official statewide source codes scenic values as relevant (YES).,BLM CA ACEC FeatureServer,https://gis.blm.gov/caarcgis/rest/services/Planning/BLM_CA_ACEC/FeatureServer/0,,ACEC_RLVNCE_SCE,2026-08-05,high_source_code,not_classified_as_water_value,authoritative_source,"This is a controlled statewide relevance category, not a detailed unit-specific value narrative."
acec-bef60dbaeef6d9,blmca-f4b7e215-12a0-4a83-8b0f-b803f1936ebd,value-0541547445aa,wildlife_and_habitat,wildlife_resource,Wildlife resources,selected source record and semantic ACEC (one-to-one in current inventory),unresolved,Official statewide source codes wildlife resources as relevant (YES).,BLM CA ACEC FeatureServer,https://gis.blm.gov/caarcgis/rest/services/Planning/BLM_CA_ACEC/FeatureServer/0,,ACEC_RLVNCE_WRSC,2026-08-05,high_source_code,not_classified_as_water_value,authoritative_source,"This is a controlled statewide relevance category, not a detailed unit-specific value narrative."
acec-56983aa76a6050,blmca-7e81d0dc-104a-44da-90a2-0fe60ca299a3,value-9c60ddfe26be,cultural_archaeological_historic,cultural,Cultural resources,selected source record and semantic ACEC (one-to-one in current inventory),unresolved,Official statewide source codes cultural resources as relevant (YES).,BLM CA ACEC FeatureServer,https://gis.blm.gov/caarcgis/rest/services/Planning/BLM_CA_ACEC/FeatureServer/0,,ACEC_RLVNCE_CUL,2026-08-05,high_source_code,not_classified_as_water_value,authoritative_source,"This is a controlled statewide relevance category, not a detailed unit-specific value narrative."
acec-56983aa76a6050,blmca-7e81d0dc-104a-44da-90a2-0fe60ca299a3,value-26fa23a71bb0,cultural_archaeological_historic,historic,Historic resources,selected source record and semantic ACEC (one-to-one in current inventory),unresolved,Official statewide source codes historic resources as relevant (YES).,BLM CA ACEC FeatureServer,https://gis.blm.gov/caarcgis/rest/services/Planning/BLM_CA_ACEC/FeatureServer/0,,ACEC_RLVNCE_HIS,2026-08-05,high_source_code,not_classified_as_water_value,authoritative_source,"This is a controlled statewide relevance category, not a detailed unit-specific value narrative."
acec-88e3a418c2424c,blmca-e1681c72-39e1-4c7d-b692-831db9041e78,value-fe34daa3dc9d,botanical_or_ecological,natural_process,Natural processes,selected source record and semantic ACEC (one-to-one in current inventory),unresolved,Official statewide source codes natural processes as relevant (YES).,BLM CA ACEC FeatureServer,https://gis.blm.gov/caarcgis/rest/services/Planning/BLM_CA_ACEC/FeatureServer/0,,ACEC_RLVNCE_NPRO,2026-08-05,high_source_code,not_classified_as_water_value,authoritative_source,"This is a controlled statewide relevance category, not a detailed unit-specific value narrative."
acec-88e3a418c2424c,blmca-e1681c72-39e1-4c7d-b692-831db9041e78,value-b4671f303c3c,botanical_or_ecological,natural_system,Natural systems,selected source record and semantic ACEC (one-to-one in current inventory),unresolved,Official statewide source codes natural systems as relevant (YES).,BLM CA ACEC FeatureServer,https://gis.blm.gov/caarcgis/rest/services/Planning/BLM_CA_ACEC/FeatureServer/0,,ACEC_RLVNCE_NSYS,2026-08-05,high_source_code,not_classified_as_water_value,authoritative_source,"This is a controlled statewide relevance category, not a detailed unit-specific value narrative."
acec-88e3a418c2424c,blmca-e1681c72-39e1-4c7d-b692-831db9041e78,value-4dbcf19fcc89,scenic,scenic,Scenic values,selected source record and semantic ACEC (one-to-one in current inventory),unresolved,Official statewide source codes scenic values as relevant (YES).,BLM CA ACEC FeatureServer,https://gis.blm.gov/caarcgis/rest/services/Planning/BLM_CA_ACEC/FeatureServer/0,,ACEC_RLVNCE_SCE,2026-08-05,high_source_code,not_classified_as_water_value,authoritative_source,"This is a controlled statewide relevance category, not a detailed unit-specific value narrative."
acec-cdb2e8b5bcad21,blmca-76727bf9-3803-4b54-ac93-a0090518a940,value-f5c1031fe992,botanical_or_ecological,natural_process,Natural processes,selected source record and semantic ACEC (one-to-one in current inventory),unresolved,Official statewide source codes natural processes as relevant (YES).,BLM CA ACEC FeatureServer,https://gis.blm.gov/caarcgis/rest/services/Planning/BLM_CA_ACEC/FeatureServer/0,,ACEC_RLVNCE_NPRO,2026-08-05,high_source_code,not_classified_as_water_value,authoritative_source,"This is a controlled statewide relevance category, not a detailed unit-specific value narrative."
acec-cdb2e8b5bcad21,blmca-76727bf9-3803-4b54-ac93-a0090518a940,value-b77017a0c808,botanical_or_ecological,natural_system,Natural systems,selected source record and semantic ACEC (one-to-one in current inventory),unresolved,Official statewide source codes natural systems as relevant (YES).,BLM CA ACEC FeatureServer,https://gis.blm.gov/caarcgis/rest/services/Planning/BLM_CA_ACEC/FeatureServer/0,,ACEC_RLVNCE_NSYS,2026-08-05,high_source_code,not_classified_as_water_value,authoritative_source,"This is a controlled statewide relevance category, not a detailed unit-specific value narrative."
acec-cdb2e8b5bcad21,blmca-76727bf9-3803-4b54-ac93-a0090518a940,value-368d115b0b49,wildlife_and_habitat,wildlife_resource,Wildlife resources,selected source record and semantic ACEC (one-to-one in current inventory),unresolved,Official statewide source codes wildlife resources as relevant (YES).,BLM CA ACEC FeatureServer,https://gis.blm.gov/caarcgis/rest/services/Planning/BLM_CA_ACEC/FeatureServer/0,,ACEC_RLVNCE_WRSC,2026-08-05,high_source_code,not_classified_as_water_value,authoritative_source,"This is a controlled statewide relevance category, not a detailed unit-specific value narrative."
acec-8592ffba7bec30,blmca-7f7abb9d-ec59-41d8-b909-9adf59a3dfa7,value-867caaac292d,cultural_archaeological_historic,cultural,Cultural resources,selected source record and semantic ACEC (one-to-one in current inventory),unresolved,Official statewide source codes cultural resources as relevant (YES).,BLM CA ACEC FeatureServer,https://gis.blm.gov/caarcgis/rest/services/Planning/BLM_CA_ACEC/FeatureServer/0,,ACEC_RLVNCE_CUL,2026-08-05,high_source_code,not_classified_as_water_value,authoritative_source,"This is a controlled statewide relevance category, not a detailed unit-specific value narrative."
acec-8592ffba7bec30,blmca-7f7abb9d-ec59-41d8-b909-9adf59a3dfa7,value-c638be3fdf5e,water_aquatic,fish_resource,Fish or aquatic resources,selected source record and semantic ACEC (one-to-one in current inventory),unresolved,Official statewide source codes fish or aquatic resources as relevant (YES).,BLM CA ACEC FeatureServer,https://gis.blm.gov/caarcgis/rest/services/Planning/BLM_CA_ACEC/FeatureServer/0,,ACEC_RLVNCE_FRSC,2026-08-05,high_source_code,designation_value,authoritative_source,"This is a controlled statewide relevance category, not a detailed unit-specific value narrative."
acec-8592ffba7bec30,blmca-7f7abb9d-ec59-41d8-b909-9adf59a3dfa7,value-65191b472a02,cultural_archaeological_historic,historic,Historic resources,selected source record and semantic ACEC (one-to-one in current inventory),unresolved,Official statewide source codes historic resources as relevant (YES).,BLM CA ACEC FeatureServer,https://gis.blm.gov/caarcgis/rest/services/Planning/BLM_CA_ACEC/FeatureServer/0,,ACEC_RLVNCE_HIS,2026-08-05,high_source_code,not_classified_as_water_value,authoritative_source,"This is a controlled statewide relevance category, not a detailed unit-specific value narrative."
acec-8592ffba7bec30,blmca-7f7abb9d-ec59-41d8-b909-9adf59a3dfa7,value-e3d8ec1ad6e7,botanical_or_ecological,natural_process,Natural processes,selected source record and semantic ACEC (one-to-one in current inventory),unresolved,Official statewide source codes natural processes as relevant (YES).,BLM CA ACEC FeatureServer,https://gis.blm.gov/caarcgis/rest/services/Planning/BLM_CA_ACEC/FeatureServer/0,,ACEC_RLVNCE_NPRO,2026-08-05,high_source_code,not_classified_as_water_value,authoritative_source,"This is a controlled statewide relevance category, not a detailed unit-specific value narrative."
acec-8592ffba7bec30,blmca-7f7abb9d-ec59-41d8-b909-9adf59a3dfa7,value-b1191260e1f4,botanical_or_ecological,natural_system,Natural systems,selected source record and semantic ACEC (one-to-one in current inventory),unresolved,Official statewide source codes natural systems as relevant (YES).,BLM CA ACEC FeatureServer,https://gis.blm.gov/caarcgis/rest/services/Planning/BLM_CA_ACEC/FeatureServer/0,,ACEC_RLVNCE_NSYS,2026-08-05,high_source_code,not_classified_as_water_value,authoritative_source,"This is a controlled statewide relevance category, not a detailed unit-specific value narrative."
acec-8592ffba7bec30,blmca-7f7abb9d-ec59-41d8-b909-9adf59a3dfa7,value-adc07cb2b9fe,wildlife_and_habitat,wildlife_resource,Wildlife resources,selected source record and semantic ACEC (one-to-one in current inventory),unresolved,Official statewide source codes wildlife resources as relevant (YES).,BLM CA ACEC FeatureServer,https://gis.blm.gov/caarcgis/rest/services/Planning/BLM_CA_ACEC/FeatureServer/0,,ACEC_RLVNCE_WRSC,2026-08-05,high_source_code,not_classified_as_water_value,authoritative_source,"This is a controlled statewide relevance category, not a detailed unit-specific value narrative."
acec-e71f61490a4558,blmca-898b680d-1d6d-4bb2-8a5b-86b29e02e106,value-b1f76a90ac03,botanical_or_ecological,natural_process,Natural processes,selected source record and semantic ACEC (one-to-one in current inventory),unresolved,Official statewide source codes natural processes as relevant (YES).,BLM CA ACEC FeatureServer,https://gis.blm.gov/caarcgis/rest/services/Planning/BLM_CA_ACEC/FeatureServer/0,,ACEC_RLVNCE_NPRO,2026-08-05,high_source_code,not_classified_as_water_value,authoritative_source,"This is a controlled statewide relevance category, not a detailed unit-specific value narrative."
acec-e71f61490a4558,blmca-898b680d-1d6d-4bb2-8a5b-86b29e02e106,value-2af006f5c8cf,botanical_or_ecological,natural_system,Natural systems,selected source record and semantic ACEC (one-to-one in current inventory),unresolved,Official statewide source codes natural systems as relevant (YES).,BLM CA ACEC FeatureServer,https://gis.blm.gov/caarcgis/rest/services/Planning/BLM_CA_ACEC/FeatureServer/0,,ACEC_RLVNCE_NSYS,2026-08-05,high_source_code,not_classified_as_water_value,authoritative_source,"This is a controlled statewide relevance category, not a detailed unit-specific value narrative."
acec-bb20419abef121,blmca-90072281-e5cf-4ce8-9ffe-77776e64978d,value-d2f8985b931a,cultural_archaeological_historic,cultural,Cultural resources,selected source record and semantic ACEC (one-to-one in current inventory),unresolved,Official statewide source codes cultural resources as relevant (YES).,BLM CA ACEC FeatureServer,https://gis.blm.gov/caarcgis/rest/services/Planning/BLM_CA_ACEC/FeatureServer/0,,ACEC_RLVNCE_CUL,2026-08-05,high_source_code,not_classified_as_water_value,authoritative_source,"This is a controlled statewide relevance category, not a detailed unit-specific value narrative."
acec-bb20419abef121,blmca-90072281-e5cf-4ce8-9ffe-77776e64978d,value-5417ad630d30,water_aquatic,fish_resource,Fish or aquatic resources,selected source record and semantic ACEC (one-to-one in current inventory),unresolved,Official statewide source codes fish or aquatic resources as relevant (YES).,BLM CA ACEC FeatureServer,https://gis.blm.gov/caarcgis/rest/services/Planning/BLM_CA_ACEC/FeatureServer/0,,ACEC_RLVNCE_FRSC,2026-08-05,high_source_code,designation_value,authoritative_source,"This is a controlled statewide relevance category, not a detailed unit-specific value narrative."
acec-bb20419abef121,blmca-90072281-e5cf-4ce8-9ffe-77776e64978d,value-614d6150bbf7,cultural_archaeological_historic,historic,Historic resources,selected source record and semantic ACEC (one-to-one in current inventory),unresolved,Official statewide source codes historic resources as relevant (YES).,BLM CA ACEC FeatureServer,https://gis.blm.gov/caarcgis/rest/services/Planning/BLM_CA_ACEC/FeatureServer/0,,ACEC_RLVNCE_HIS,2026-08-05,high_source_code,not_classified_as_water_value,authoritative_source,"This is a controlled statewide relevance category, not a detailed unit-specific value narrative."
acec-bb20419abef121,blmca-90072281-e5cf-4ce8-9ffe-77776e64978d,value-7a37a561bd6e,scenic,scenic,Scenic values,selected source record and semantic ACEC (one-to-one in current inventory),unresolved,Official statewide source codes scenic values as relevant (YES).,BLM CA ACEC FeatureServer,https://gis.blm.gov/caarcgis/rest/services/Planning/BLM_CA_ACEC/FeatureServer/0,,ACEC_RLVNCE_SCE,2026-08-05,high_source_code,not_classified_as_water_value,authoritative_source,"This is a controlled statewide relevance category, not a detailed unit-specific value narrative."
acec-bb20419abef121,blmca-90072281-e5cf-4ce8-9ffe-77776e64978d,value-2ab17e6118a1,wildlife_and_habitat,wildlife_resource,Wildlife resources,selected source record and semantic ACEC (one-to-one in current inventory),unresolved,Official statewide source codes wildlife resources as relevant (YES).,BLM CA ACEC FeatureServer,https://gis.blm.gov/caarcgis/rest/services/Planning/BLM_CA_ACEC/FeatureServer/0,,ACEC_RLVNCE_WRSC,2026-08-05,high_source_code,not_classified_as_water_value,authoritative_source,"This is a controlled statewide relevance category, not a detailed unit-specific value narrative."
acec-6dfe9441073c8e,blmca-5301616b-bb38-4100-9bb8-1517263940bb,value-1ed7e47a8048,botanical_or_ecological,natural_process,Natural processes,selected source record and semantic ACEC (one-to-one in current inventory),unresolved,Official statewide source codes natural processes as relevant (YES).,BLM CA ACEC FeatureServer,https://gis.blm.gov/caarcgis/rest/services/Planning/BLM_CA_ACEC/FeatureServer/0,,ACEC_RLVNCE_NPRO,2026-08-05,high_source_code,not_classified_as_water_value,authoritative_source,"This is a controlled statewide relevance category, not a detailed unit-specific value narrative."
acec-6dfe9441073c8e,blmca-5301616b-bb38-4100-9bb8-1517263940bb,value-6800460fda60,botanical_or_ecological,natural_system,Natural systems,selected source record and semantic ACEC (one-to-one in current inventory),unresolved,Official statewide source codes natural systems as relevant (YES).,BLM CA ACEC FeatureServer,https://gis.blm.gov/caarcgis/rest/services/Planning/BLM_CA_ACEC/FeatureServer/0,,ACEC_RLVNCE_NSYS,2026-08-05,high_source_code,not_classified_as_water_value,authoritative_source,"This is a controlled statewide relevance category, not a detailed unit-specific value narrative."
acec-6dfe9441073c8e,blmca-5301616b-bb38-4100-9bb8-1517263940bb,value-a61b54a631c0,scenic,scenic,Scenic values,selected source record and semantic ACEC (one-to-one in current inventory),unresolved,Official statewide source codes scenic values as relevant (YES).,BLM CA ACEC FeatureServer,https://gis.blm.gov/caarcgis/rest/services/Planning/BLM_CA_ACEC/FeatureServer/0,,ACEC_RLVNCE_SCE,2026-08-05,high_source_code,not_classified_as_water_value,authoritative_source,"This is a controlled statewide relevance category, not a detailed unit-specific value narrative."
acec-1fe131d30ed452,blmca-aad34c8b-c4c6-47ff-b0b1-a03742303557,value-e1ac15bb2eb7,cultural_archaeological_historic,cultural,Cultural resources,selected source record and semantic ACEC (one-to-one in current inventory),unresolved,Official statewide source codes cultural resources as relevant (YES).,BLM CA ACEC FeatureServer,https://gis.blm.gov/caarcgis/rest/services/Planning/BLM_CA_ACEC/FeatureServer/0,,ACEC_RLVNCE_CUL,2026-08-05,high_source_code,not_classified_as_water_value,authoritative_source,"This is a controlled statewide relevance category, not a detailed unit-specific value narrative."
acec-1fe131d30ed452,blmca-aad34c8b-c4c6-47ff-b0b1-a03742303557,value-908ffcaae332,cultural_archaeological_historic,historic,Historic resources,selected source record and semantic ACEC (one-to-one in current inventory),unresolved,Official statewide source codes historic resources as relevant (YES).,BLM CA ACEC FeatureServer,https://gis.blm.gov/caarcgis/rest/services/Planning/BLM_CA_ACEC/FeatureServer/0,,ACEC_RLVNCE_HIS,2026-08-05,high_source_code,not_classified_as_water_value,authoritative_source,"This is a controlled statewide relevance category, not a detailed unit-specific value narrative."
acec-1fe131d30ed452,blmca-aad34c8b-c4c6-47ff-b0b1-a03742303557,value-e2e9368ec5b7,botanical_or_ecological,natural_process,Natural processes,selected source record and semantic ACEC (one-to-one in current inventory),unresolved,Official statewide source codes natural processes as relevant (YES).,BLM CA ACEC FeatureServer,https://gis.blm.gov/caarcgis/rest/services/Planning/BLM_CA_ACEC/FeatureServer/0,,ACEC_RLVNCE_NPRO,2026-08-05,high_source_code,not_classified_as_water_value,authoritative_source,"This is a controlled statewide relevance category, not a detailed unit-specific value narrative."
acec-1fe131d30ed452,blmca-aad34c8b-c4c6-47ff-b0b1-a03742303557,value-67e65d35dd10,botanical_or_ecological,natural_system,Natural systems,selected source record and semantic ACEC (one-to-one in current inventory),unresolved,Official statewide source codes natural systems as relevant (YES).,BLM CA ACEC FeatureServer,https://gis.blm.gov/caarcgis/rest/services/Planning/BLM_CA_ACEC/FeatureServer/0,,ACEC_RLVNCE_NSYS,2026-08-05,high_source_code,not_classified_as_water_value,authoritative_source,"This is a controlled statewide relevance category, not a detailed unit-specific value narrative."
acec-1fe131d30ed452,blmca-aad34c8b-c4c6-47ff-b0b1-a03742303557,value-58799218d75f,wildlife_and_habitat,wildlife_resource,Wildlife resources,selected source record and semantic ACEC (one-to-one in current inventory),unresolved,Official statewide source codes wildlife resources as relevant (YES).,BLM CA ACEC FeatureServer,https://gis.blm.gov/caarcgis/rest/services/Planning/BLM_CA_ACEC/FeatureServer/0,,ACEC_RLVNCE_WRSC,2026-08-05,high_source_code,not_classified_as_water_value,authoritative_source,"This is a controlled statewide relevance category, not a detailed unit-specific value narrative."
acec-0816659292b860,blmca-2c2689c2-662b-45a4-8fee-d94f3d738800,value-3fba2bb9d627,water_aquatic,fish_resource,Fish or aquatic resources,selected source record and semantic ACEC (one-to-one in current inventory),unresolved,Official statewide source codes fish or aquatic resources as relevant (YES).,BLM CA ACEC FeatureServer,https://gis.blm.gov/caarcgis/rest/services/Planning/BLM_CA_ACEC/FeatureServer/0,,ACEC_RLVNCE_FRSC,2026-08-05,high_source_code,designation_value,authoritative_source,"This is a controlled statewide relevance category, not a detailed unit-specific value narrative."
acec-0816659292b860,blmca-2c2689c2-662b-45a4-8fee-d94f3d738800,value-840cfd4dd521,botanical_or_ecological,natural_process,Natural processes,selected source record and semantic ACEC (one-to-one in current inventory),unresolved,Official statewide source codes natural processes as relevant (YES).,BLM CA ACEC FeatureServer,https://gis.blm.gov/caarcgis/rest/services/Planning/BLM_CA_ACEC/FeatureServer/0,,ACEC_RLVNCE_NPRO,2026-08-05,high_source_code,not_classified_as_water_value,authoritative_source,"This is a controlled statewide relevance category, not a detailed unit-specific value narrative."
acec-0816659292b860,blmca-2c2689c2-662b-45a4-8fee-d94f3d738800,value-0ef97a363351,botanical_or_ecological,natural_system,Natural systems,selected source record and semantic ACEC (one-to-one in current inventory),unresolved,Official statewide source codes natural systems as relevant (YES).,BLM CA ACEC FeatureServer,https://gis.blm.gov/caarcgis/rest/services/Planning/BLM_CA_ACEC/FeatureServer/0,,ACEC_RLVNCE_NSYS,2026-08-05,high_source_code,not_classified_as_water_value,authoritative_source,"This is a controlled statewide relevance category, not a detailed unit-specific value narrative."
acec-0816659292b860,blmca-2c2689c2-662b-45a4-8fee-d94f3d738800,value-fad0f6758618,wildlife_and_habitat,wildlife_resource,Wildlife resources,selected source record and semantic ACEC (one-to-one in current inventory),unresolved,Official statewide source codes wildlife resources as relevant (YES).,BLM CA ACEC FeatureServer,https://gis.blm.gov/caarcgis/rest/services/Planning/BLM_CA_ACEC/FeatureServer/0,,ACEC_RLVNCE_WRSC,2026-08-05,high_source_code,not_classified_as_water_value,authoritative_source,"This is a controlled statewide relevance category, not a detailed unit-specific value narrative."
acec-0e71475d6309f6,blmca-0c762629-ffad-4e2d-a9a6-55ff6c2ab8b2,value-092f020dfa03,botanical_or_ecological,natural_process,Natural processes,selected source record and semantic ACEC (one-to-one in current inventory),unresolved,Official statewide source codes natural processes as relevant (YES).,BLM CA ACEC FeatureServer,https://gis.blm.gov/caarcgis/rest/services/Planning/BLM_CA_ACEC/FeatureServer/0,,ACEC_RLVNCE_NPRO,2026-08-05,high_source_code,not_classified_as_water_value,authoritative_source,"This is a controlled statewide relevance category, not a detailed unit-specific value narrative."
acec-0e71475d6309f6,blmca-0c762629-ffad-4e2d-a9a6-55ff6c2ab8b2,value-22f45bb5c9e2,botanical_or_ecological,natural_system,Natural systems,selected source record and semantic ACEC (one-to-one in current inventory),unresolved,Official statewide source codes natural systems as relevant (YES).,BLM CA ACEC FeatureServer,https://gis.blm.gov/caarcgis/rest/services/Planning/BLM_CA_ACEC/FeatureServer/0,,ACEC_RLVNCE_NSYS,2026-08-05,high_source_code,not_classified_as_water_value,authoritative_source,"This is a controlled statewide relevance category, not a detailed unit-specific value narrative."
acec-0e71475d6309f6,blmca-0c762629-ffad-4e2d-a9a6-55ff6c2ab8b2,value-dc1565c23070,scenic,scenic,Scenic values,selected source record and semantic ACEC (one-to-one in current inventory),unresolved,Official statewide source codes scenic values as relevant (YES).,BLM CA ACEC FeatureServer,https://gis.blm.gov/caarcgis/rest/services/Planning/BLM_CA_ACEC/FeatureServer/0,,ACEC_RLVNCE_SCE,2026-08-05,high_source_code,not_classified_as_water_value,authoritative_source,"This is a controlled statewide relevance category, not a detailed unit-specific value narrative."
acec-57790de833c6bf,blmca-8f21d46c-0514-4fbe-9260-5fe99e2fdfb3,value-f076d3659c6e,cultural_archaeological_historic,cultural,Cultural resources,selected source record and semantic ACEC (one-to-one in current inventory),unresolved,Official statewide source codes cultural resources as relevant (YES).,BLM CA ACEC FeatureServer,https://gis.blm.gov/caarcgis/rest/services/Planning/BLM_CA_ACEC/FeatureServer/0,,ACEC_RLVNCE_CUL,2026-08-05,high_source_code,not_classified_as_water_value,authoritative_source,"This is a controlled statewide relevance category, not a detailed unit-specific value narrative."
acec-57790de833c6bf,blmca-8f21d46c-0514-4fbe-9260-5fe99e2fdfb3,value-388746eb57f9,water_aquatic,fish_resource,Fish or aquatic resources,selected source record and semantic ACEC (one-to-one in current inventory),unresolved,Official statewide source codes fish or aquatic resources as relevant (YES).,BLM CA ACEC FeatureServer,https://gis.blm.gov/caarcgis/rest/services/Planning/BLM_CA_ACEC/FeatureServer/0,,ACEC_RLVNCE_FRSC,2026-08-05,high_source_code,designation_value,authoritative_source,"This is a controlled statewide relevance category, not a detailed unit-specific value narrative."
acec-57790de833c6bf,blmca-8f21d46c-0514-4fbe-9260-5fe99e2fdfb3,value-7b59091dbb7f,cultural_archaeological_historic,historic,Historic resources,selected source record and semantic ACEC (one-to-one in current inventory),unresolved,Official statewide source codes historic resources as relevant (YES).,BLM CA ACEC FeatureServer,https://gis.blm.gov/caarcgis/rest/services/Planning/BLM_CA_ACEC/FeatureServer/0,,ACEC_RLVNCE_HIS,2026-08-05,high_source_code,not_classified_as_water_value,authoritative_source,"This is a controlled statewide relevance category, not a detailed unit-specific value narrative."
acec-57790de833c6bf,blmca-8f21d46c-0514-4fbe-9260-5fe99e2fdfb3,value-f9bcbfe4309e,botanical_or_ecological,natural_process,Natural processes,selected source record and semantic ACEC (one-to-one in current inventory),unresolved,Official statewide source codes natural processes as relevant (YES).,BLM CA ACEC FeatureServer,https://gis.blm.gov/caarcgis/rest/services/Planning/BLM_CA_ACEC/FeatureServer/0,,ACEC_RLVNCE_NPRO,2026-08-05,high_source_code,not_classified_as_water_value,authoritative_source,"This is a controlled statewide relevance category, not a detailed unit-specific value narrative."
acec-57790de833c6bf,blmca-8f21d46c-0514-4fbe-9260-5fe99e2fdfb3,value-c84f9b03ee16,botanical_or_ecological,natural_system,Natural systems,selected source record and semantic ACEC (one-to-one in current inventory),unresolved,Official statewide source codes natural systems as relevant (YES).,BLM CA ACEC FeatureServer,https://gis.blm.gov/caarcgis/rest/services/Planning/BLM_CA_ACEC/FeatureServer/0,,ACEC_RLVNCE_NSYS,2026-08-05,high_source_code,not_classified_as_water_value,authoritative_source,"This is a controlled statewide relevance category, not a detailed unit-specific value narrative."
acec-57790de833c6bf,blmca-8f21d46c-0514-4fbe-9260-5fe99e2fdfb3,value-1a5ccb80831d,scenic,scenic,Scenic values,selected source record and semantic ACEC (one-to-one in current inventory),unresolved,Official statewide source codes scenic values as relevant (YES).,BLM CA ACEC FeatureServer,https://gis.blm.gov/caarcgis/rest/services/Planning/BLM_CA_ACEC/FeatureServer/0,,ACEC_RLVNCE_SCE,2026-08-05,high_source_code,not_classified_as_water_value,authoritative_source,"This is a controlled statewide relevance category, not a detailed unit-specific value narrative."
acec-57790de833c6bf,blmca-8f21d46c-0514-4fbe-9260-5fe99e2fdfb3,value-9254f31b72f6,wildlife_and_habitat,wildlife_resource,Wildlife resources,selected source record and semantic ACEC (one-to-one in current inventory),unresolved,Official statewide source codes wildlife resources as relevant (YES).,BLM CA ACEC FeatureServer,https://gis.blm.gov/caarcgis/rest/services/Planning/BLM_CA_ACEC/FeatureServer/0,,ACEC_RLVNCE_WRSC,2026-08-05,high_source_code,not_classified_as_water_value,authoritative_source,"This is a controlled statewide relevance category, not a detailed unit-specific value narrative."
acec-cad1fda48e9eb6,blmca-0f942396-6e06-406a-9fb2-a09b150b04ed,value-2cccce629c3a,botanical_or_ecological,natural_process,Natural processes,selected source record and semantic ACEC (one-to-one in current inventory),unresolved,Official statewide source codes natural processes as relevant (YES).,BLM CA ACEC FeatureServer,https://gis.blm.gov/caarcgis/rest/services/Planning/BLM_CA_ACEC/FeatureServer/0,,ACEC_RLVNCE_NPRO,2026-08-05,high_source_code,not_classified_as_water_value,authoritative_source,"This is a controlled statewide relevance category, not a detailed unit-specific value narrative."
acec-cad1fda48e9eb6,blmca-0f942396-6e06-406a-9fb2-a09b150b04ed,value-e7af714e3d90,botanical_or_ecological,natural_system,Natural systems,selected source record and semantic ACEC (one-to-one in current inventory),unresolved,Official statewide source codes natural systems as relevant (YES).,BLM CA ACEC FeatureServer,https://gis.blm.gov/caarcgis/rest/services/Planning/BLM_CA_ACEC/FeatureServer/0,,ACEC_RLVNCE_NSYS,2026-08-05,high_source_code,not_classified_as_water_value,authoritative_source,"This is a controlled statewide relevance category, not a detailed unit-specific value narrative."
acec-cad1fda48e9eb6,blmca-0f942396-6e06-406a-9fb2-a09b150b04ed,value-3d9637bf4ec3,wildlife_and_habitat,wildlife_resource,Wildlife resources,selected source record and semantic ACEC (one-to-one in current inventory),unresolved,Official statewide source codes wildlife resources as relevant (YES).,BLM CA ACEC FeatureServer,https://gis.blm.gov/caarcgis/rest/services/Planning/BLM_CA_ACEC/FeatureServer/0,,ACEC_RLVNCE_WRSC,2026-08-05,high_source_code,not_classified_as_water_value,authoritative_source,"This is a controlled statewide relevance category, not a detailed unit-specific value narrative."
acec-6930ea9dede380,blmca-a40a1225-05e6-438b-980b-1b0e15bfcf71,value-6901aa444175,cultural_archaeological_historic,cultural,Cultural resources,selected source record and semantic ACEC (one-to-one in current inventory),unresolved,Official statewide source codes cultural resources as relevant (YES).,BLM CA ACEC FeatureServer,https://gis.blm.gov/caarcgis/rest/services/Planning/BLM_CA_ACEC/FeatureServer/0,,ACEC_RLVNCE_CUL,2026-08-05,high_source_code,not_classified_as_water_value,authoritative_source,"This is a controlled statewide relevance category, not a detailed unit-specific value narrative."
acec-6930ea9dede380,blmca-a40a1225-05e6-438b-980b-1b0e15bfcf71,value-fb8d3c5d123f,water_aquatic,fish_resource,Fish or aquatic resources,selected source record and semantic ACEC (one-to-one in current inventory),unresolved,Official statewide source codes fish or aquatic resources as relevant (YES).,BLM CA ACEC FeatureServer,https://gis.blm.gov/caarcgis/rest/services/Planning/BLM_CA_ACEC/FeatureServer/0,,ACEC_RLVNCE_FRSC,2026-08-05,high_source_code,designation_value,authoritative_source,"This is a controlled statewide relevance category, not a detailed unit-specific value narrative."
acec-6930ea9dede380,blmca-a40a1225-05e6-438b-980b-1b0e15bfcf71,value-225b09de91b8,cultural_archaeological_historic,historic,Historic resources,selected source record and semantic ACEC (one-to-one in current inventory),unresolved,Official statewide source codes historic resources as relevant (YES).,BLM CA ACEC FeatureServer,https://gis.blm.gov/caarcgis/rest/services/Planning/BLM_CA_ACEC/FeatureServer/0,,ACEC_RLVNCE_HIS,2026-08-05,high_source_code,not_classified_as_water_value,authoritative_source,"This is a controlled statewide relevance category, not a detailed unit-specific value narrative."
acec-6930ea9dede380,blmca-a40a1225-05e6-438b-980b-1b0e15bfcf71,value-3d28975291d0,botanical_or_ecological,natural_process,Natural processes,selected source record and semantic ACEC (one-to-one in current inventory),unresolved,Official statewide source codes natural processes as relevant (YES).,BLM CA ACEC FeatureServer,https://gis.blm.gov/caarcgis/rest/services/Planning/BLM_CA_ACEC/FeatureServer/0,,ACEC_RLVNCE_NPRO,2026-08-05,high_source_code,not_classified_as_water_value,authoritative_source,"This is a controlled statewide relevance category, not a detailed unit-specific value narrative."
acec-6930ea9dede380,blmca-a40a1225-05e6-438b-980b-1b0e15bfcf71,value-0df6cff375e7,botanical_or_ecological,natural_system,Natural systems,selected source record and semantic ACEC (one-to-one in current inventory),unresolved,Official statewide source codes natural systems as relevant (YES).,BLM CA ACEC FeatureServer,https://gis.blm.gov/caarcgis/rest/services/Planning/BLM_CA_ACEC/FeatureServer/0,,ACEC_RLVNCE_NSYS,2026-08-05,high_source_code,not_classified_as_water_value,authoritative_source,"This is a controlled statewide relevance category, not a detailed unit-specific value narrative."
acec-6930ea9dede380,blmca-a40a1225-05e6-438b-980b-1b0e15bfcf71,value-50f2de5a0e0a,scenic,scenic,Scenic values,selected source record and semantic ACEC (one-to-one in current inventory),unresolved,Official statewide source codes scenic values as relevant (YES).,BLM CA ACEC FeatureServer,https://gis.blm.gov/caarcgis/rest/services/Planning/BLM_CA_ACEC/FeatureServer/0,,ACEC_RLVNCE_SCE,2026-08-05,high_source_code,not_classified_as_water_value,authoritative_source,"This is a controlled statewide relevance category, not a detailed unit-specific value narrative."
acec-6b0bfc8e7385f1,blmca-5d7797b6-51f4-4388-9b2d-9a96c1ec9229,value-7e6c093b31af,cultural_archaeological_historic,cultural,Cultural resources,selected source record and semantic ACEC (one-to-one in current inventory),unresolved,Official statewide source codes cultural resources as relevant (YES).,BLM CA ACEC FeatureServer,https://gis.blm.gov/caarcgis/rest/services/Planning/BLM_CA_ACEC/FeatureServer/0,,ACEC_RLVNCE_CUL,2026-08-05,high_source_code,not_classified_as_water_value,authoritative_source,"This is a controlled statewide relevance category, not a detailed unit-specific value narrative."
acec-6b0bfc8e7385f1,blmca-5d7797b6-51f4-4388-9b2d-9a96c1ec9229,value-4fd885f57dad,water_aquatic,fish_resource,Fish or aquatic resources,selected source record and semantic ACEC (one-to-one in current inventory),unresolved,Official statewide source codes fish or aquatic resources as relevant (YES).,BLM CA ACEC FeatureServer,https://gis.blm.gov/caarcgis/rest/services/Planning/BLM_CA_ACEC/FeatureServer/0,,ACEC_RLVNCE_FRSC,2026-08-05,high_source_code,designation_value,authoritative_source,"This is a controlled statewide relevance category, not a detailed unit-specific value narrative."
acec-6b0bfc8e7385f1,blmca-5d7797b6-51f4-4388-9b2d-9a96c1ec9229,value-1b2b6fd7dfee,cultural_archaeological_historic,historic,Historic resources,selected source record and semantic ACEC (one-to-one in current inventory),unresolved,Official statewide source codes historic resources as relevant (YES).,BLM CA ACEC FeatureServer,https://gis.blm.gov/caarcgis/rest/services/Planning/BLM_CA_ACEC/FeatureServer/0,,ACEC_RLVNCE_HIS,2026-08-05,high_source_code,not_classified_as_water_value,authoritative_source,"This is a controlled statewide relevance category, not a detailed unit-specific value narrative."
acec-6b0bfc8e7385f1,blmca-5d7797b6-51f4-4388-9b2d-9a96c1ec9229,value-87a1b0cf6bd9,botanical_or_ecological,natural_process,Natural processes,selected source record and semantic ACEC (one-to-one in current inventory),unresolved,Official statewide source codes natural processes as relevant (YES).,BLM CA ACEC FeatureServer,https://gis.blm.gov/caarcgis/rest/services/Planning/BLM_CA_ACEC/FeatureServer/0,,ACEC_RLVNCE_NPRO,2026-08-05,high_source_code,not_classified_as_water_value,authoritative_source,"This is a controlled statewide relevance category, not a detailed unit-specific value narrative."
acec-6b0bfc8e7385f1,blmca-5d7797b6-51f4-4388-9b2d-9a96c1ec9229,value-311ebf0f6d9a,botanical_or_ecological,natural_system,Natural systems,selected source record and semantic ACEC (one-to-one in current inventory),unresolved,Official statewide source codes natural systems as relevant (YES).,BLM CA ACEC FeatureServer,https://gis.blm.gov/caarcgis/rest/services/Planning/BLM_CA_ACEC/FeatureServer/0,,ACEC_RLVNCE_NSYS,2026-08-05,high_source_code,not_classified_as_water_value,authoritative_source,"This is a controlled statewide relevance category, not a detailed unit-specific value narrative."
acec-6b0bfc8e7385f1,blmca-5d7797b6-51f4-4388-9b2d-9a96c1ec9229,value-97fca6cd60e9,scenic,scenic,Scenic values,selected source record and semantic ACEC (one-to-one in current inventory),unresolved,Official statewide source codes scenic values as relevant (YES).,BLM CA ACEC FeatureServer,https://gis.blm.gov/caarcgis/rest/services/Planning/BLM_CA_ACEC/FeatureServer/0,,ACEC_RLVNCE_SCE,2026-08-05,high_source_code,not_classified_as_water_value,authoritative_source,"This is a controlled statewide relevance category, not a detailed unit-specific value narrative."
acec-a2c380fb602c87,blmca-7c481b82-27c8-4daa-999b-839961b59d7e,value-03bfdce990b8,botanical_or_ecological,natural_process,Natural processes,selected source record and semantic ACEC (one-to-one in current inventory),unresolved,Official statewide source codes natural processes as relevant (YES).,BLM CA ACEC FeatureServer,https://gis.blm.gov/caarcgis/rest/services/Planning/BLM_CA_ACEC/FeatureServer/0,,ACEC_RLVNCE_NPRO,2026-08-05,high_source_code,not_classified_as_water_value,authoritative_source,"This is a controlled statewide relevance category, not a detailed unit-specific value narrative."
acec-a2c380fb602c87,blmca-7c481b82-27c8-4daa-999b-839961b59d7e,value-8cf9884fab8b,botanical_or_ecological,natural_system,Natural systems,selected source record and semantic ACEC (one-to-one in current inventory),unresolved,Official statewide source codes natural systems as relevant (YES).,BLM CA ACEC FeatureServer,https://gis.blm.gov/caarcgis/rest/services/Planning/BLM_CA_ACEC/FeatureServer/0,,ACEC_RLVNCE_NSYS,2026-08-05,high_source_code,not_classified_as_water_value,authoritative_source,"This is a controlled statewide relevance category, not a detailed unit-specific value narrative."
acec-a2c380fb602c87,blmca-7c481b82-27c8-4daa-999b-839961b59d7e,value-b0c4ce286816,wildlife_and_habitat,wildlife_resource,Wildlife resources,selected source record and semantic ACEC (one-to-one in current inventory),unresolved,Official statewide source codes wildlife resources as relevant (YES).,BLM CA ACEC FeatureServer,https://gis.blm.gov/caarcgis/rest/services/Planning/BLM_CA_ACEC/FeatureServer/0,,ACEC_RLVNCE_WRSC,2026-08-05,high_source_code,not_classified_as_water_value,authoritative_source,"This is a controlled statewide relevance category, not a detailed unit-specific value narrative."
acec-c97ed0cdfcbdae,blmca-30483d73-69d8-45ca-864c-12f34fd77a79,value-8443a6790322,cultural_archaeological_historic,cultural,Cultural resources,selected source record and semantic ACEC (one-to-one in current inventory),unresolved,Official statewide source codes cultural resources as relevant (YES).,BLM CA ACEC FeatureServer,https://gis.blm.gov/caarcgis/rest/services/Planning/BLM_CA_ACEC/FeatureServer/0,,ACEC_RLVNCE_CUL,2026-08-05,high_source_code,not_classified_as_water_value,authoritative_source,"This is a controlled statewide relevance category, not a detailed unit-specific value narrative."
acec-c97ed0cdfcbdae,blmca-30483d73-69d8-45ca-864c-12f34fd77a79,value-19b9fd8d3c69,cultural_archaeological_historic,historic,Historic resources,selected source record and semantic ACEC (one-to-one in current inventory),unresolved,Official statewide source codes historic resources as relevant (YES).,BLM CA ACEC FeatureServer,https://gis.blm.gov/caarcgis/rest/services/Planning/BLM_CA_ACEC/FeatureServer/0,,ACEC_RLVNCE_HIS,2026-08-05,high_source_code,not_classified_as_water_value,authoritative_source,"This is a controlled statewide relevance category, not a detailed unit-specific value narrative."
acec-c97ed0cdfcbdae,blmca-30483d73-69d8-45ca-864c-12f34fd77a79,value-4a1498b04064,botanical_or_ecological,natural_process,Natural processes,selected source record and semantic ACEC (one-to-one in current inventory),unresolved,Official statewide source codes natural processes as relevant (YES).,BLM CA ACEC FeatureServer,https://gis.blm.gov/caarcgis/rest/services/Planning/BLM_CA_ACEC/FeatureServer/0,,ACEC_RLVNCE_NPRO,2026-08-05,high_source_code,not_classified_as_water_value,authoritative_source,"This is a controlled statewide relevance category, not a detailed unit-specific value narrative."
acec-c97ed0cdfcbdae,blmca-30483d73-69d8-45ca-864c-12f34fd77a79,value-739c6cc3c09d,botanical_or_ecological,natural_system,Natural systems,selected source record and semantic ACEC (one-to-one in current inventory),unresolved,Official statewide source codes natural systems as relevant (YES).,BLM CA ACEC FeatureServer,https://gis.blm.gov/caarcgis/rest/services/Planning/BLM_CA_ACEC/FeatureServer/0,,ACEC_RLVNCE_NSYS,2026-08-05,high_source_code,not_classified_as_water_value,authoritative_source,"This is a controlled statewide relevance category, not a detailed unit-specific value narrative."
acec-0acef5ecce6ce0,blmca-14f78739-1ebb-4ad2-89ea-cc226ccf0e8e,value-eb56a99d4e95,botanical_or_ecological,natural_process,Natural processes,selected source record and semantic ACEC (one-to-one in current inventory),unresolved,Official statewide source codes natural processes as relevant (YES).,BLM CA ACEC FeatureServer,https://gis.blm.gov/caarcgis/rest/services/Planning/BLM_CA_ACEC/FeatureServer/0,,ACEC_RLVNCE_NPRO,2026-08-05,high_source_code,not_classified_as_water_value,authoritative_source,"This is a controlled statewide relevance category, not a detailed unit-specific value narrative."
acec-0acef5ecce6ce0,blmca-14f78739-1ebb-4ad2-89ea-cc226ccf0e8e,value-d9ff8ffcf7ac,botanical_or_ecological,natural_system,Natural systems,selected source record and semantic ACEC (one-to-one in current inventory),unresolved,Official statewide source codes natural systems as relevant (YES).,BLM CA ACEC FeatureServer,https://gis.blm.gov/caarcgis/rest/services/Planning/BLM_CA_ACEC/FeatureServer/0,,ACEC_RLVNCE_NSYS,2026-08-05,high_source_code,not_classified_as_water_value,authoritative_source,"This is a controlled statewide relevance category, not a detailed unit-specific value narrative."
acec-0acef5ecce6ce0,blmca-14f78739-1ebb-4ad2-89ea-cc226ccf0e8e,value-f01ee7eb3a8b,wildlife_and_habitat,wildlife_resource,Wildlife resources,selected source record and semantic ACEC (one-to-one in current inventory),unresolved,Official statewide source codes wildlife resources as relevant (YES).,BLM CA ACEC FeatureServer,https://gis.blm.gov/caarcgis/rest/services/Planning/BLM_CA_ACEC/FeatureServer/0,,ACEC_RLVNCE_WRSC,2026-08-05,high_source_code,not_classified_as_water_value,authoritative_source,"This is a controlled statewide relevance category, not a detailed unit-specific value narrative."
acec-ecc59f84dbe438,blmca-f7cf88f7-b06d-4026-b9fe-ec943d3b5fdc,value-6bca0c5bc34e,botanical_or_ecological,natural_process,Natural processes,selected source record and semantic ACEC (one-to-one in current inventory),unresolved,Official statewide source codes natural processes as relevant (YES).,BLM CA ACEC FeatureServer,https://gis.blm.gov/caarcgis/rest/services/Planning/BLM_CA_ACEC/FeatureServer/0,,ACEC_RLVNCE_NPRO,2026-08-05,high_source_code,not_classified_as_water_value,authoritative_source,"This is a controlled statewide relevance category, not a detailed unit-specific value narrative."
acec-ecc59f84dbe438,blmca-f7cf88f7-b06d-4026-b9fe-ec943d3b5fdc,value-f8805a71366f,botanical_or_ecological,natural_system,Natural systems,selected source record and semantic ACEC (one-to-one in current inventory),unresolved,Official statewide source codes natural systems as relevant (YES).,BLM CA ACEC FeatureServer,https://gis.blm.gov/caarcgis/rest/services/Planning/BLM_CA_ACEC/FeatureServer/0,,ACEC_RLVNCE_NSYS,2026-08-05,high_source_code,not_classified_as_water_value,authoritative_source,"This is a controlled statewide relevance category, not a detailed unit-specific value narrative."
acec-3c49275da2ff7c,blmca-1131e79c-3a03-4bb4-a07d-17771a697564,value-4ac4e7f1a962,botanical_or_ecological,natural_process,Natural processes,selected source record and semantic ACEC (one-to-one in current inventory),unresolved,Official statewide source codes natural processes as relevant (YES).,BLM CA ACEC FeatureServer,https://gis.blm.gov/caarcgis/rest/services/Planning/BLM_CA_ACEC/FeatureServer/0,,ACEC_RLVNCE_NPRO,2026-08-05,high_source_code,not_classified_as_water_value,authoritative_source,"This is a controlled statewide relevance category, not a detailed unit-specific value narrative."
acec-3c49275da2ff7c,blmca-1131e79c-3a03-4bb4-a07d-17771a697564,value-940d6fa08a4b,botanical_or_ecological,natural_system,Natural systems,selected source record and semantic ACEC (one-to-one in current inventory),unresolved,Official statewide source codes natural systems as relevant (YES).,BLM CA ACEC FeatureServer,https://gis.blm.gov/caarcgis/rest/services/Planning/BLM_CA_ACEC/FeatureServer/0,,ACEC_RLVNCE_NSYS,2026-08-05,high_source_code,not_classified_as_water_value,authoritative_source,"This is a controlled statewide relevance category, not a detailed unit-specific value narrative."
acec-3c49275da2ff7c,blmca-1131e79c-3a03-4bb4-a07d-17771a697564,value-0489670ca492,scenic,scenic,Scenic values,selected source record and semantic ACEC (one-to-one in current inventory),unresolved,Official statewide source codes scenic values as relevant (YES).,BLM CA ACEC FeatureServer,https://gis.blm.gov/caarcgis/rest/services/Planning/BLM_CA_ACEC/FeatureServer/0,,ACEC_RLVNCE_SCE,2026-08-05,high_source_code,not_classified_as_water_value,authoritative_source,"This is a controlled statewide relevance category, not a detailed unit-specific value narrative."
acec-3c49275da2ff7c,blmca-1131e79c-3a03-4bb4-a07d-17771a697564,value-435c08105fb7,wildlife_and_habitat,wildlife_resource,Wildlife resources,selected source record and semantic ACEC (one-to-one in current inventory),unresolved,Official statewide source codes wildlife resources as relevant (YES).,BLM CA ACEC FeatureServer,https://gis.blm.gov/caarcgis/rest/services/Planning/BLM_CA_ACEC/FeatureServer/0,,ACEC_RLVNCE_WRSC,2026-08-05,high_source_code,not_classified_as_water_value,authoritative_source,"This is a controlled statewide relevance category, not a detailed unit-specific value narrative."
acec-6af14f22098d02,blmca-9707bdba-2883-4030-a857-5471f42c9e8f,value-a232590489da,water_aquatic,fish_resource,Fish or aquatic resources,selected source record and semantic ACEC (one-to-one in current inventory),unresolved,Official statewide source codes fish or aquatic resources as relevant (YES).,BLM CA ACEC FeatureServer,https://gis.blm.gov/caarcgis/rest/services/Planning/BLM_CA_ACEC/FeatureServer/0,,ACEC_RLVNCE_FRSC,2026-08-05,high_source_code,designation_value,authoritative_source,"This is a controlled statewide relevance category, not a detailed unit-specific value narrative."
acec-6af14f22098d02,blmca-9707bdba-2883-4030-a857-5471f42c9e8f,value-cd8b4c86b307,botanical_or_ecological,natural_process,Natural processes,selected source record and semantic ACEC (one-to-one in current inventory),unresolved,Official statewide source codes natural processes as relevant (YES).,BLM CA ACEC FeatureServer,https://gis.blm.gov/caarcgis/rest/services/Planning/BLM_CA_ACEC/FeatureServer/0,,ACEC_RLVNCE_NPRO,2026-08-05,high_source_code,not_classified_as_water_value,authoritative_source,"This is a controlled statewide relevance category, not a detailed unit-specific value narrative."
acec-6af14f22098d02,blmca-9707bdba-2883-4030-a857-5471f42c9e8f,value-d7cdb950c8a1,botanical_or_ecological,natural_system,Natural systems,selected source record and semantic ACEC (one-to-one in current inventory),unresolved,Official statewide source codes natural systems as relevant (YES).,BLM CA ACEC FeatureServer,https://gis.blm.gov/caarcgis/rest/services/Planning/BLM_CA_ACEC/FeatureServer/0,,ACEC_RLVNCE_NSYS,2026-08-05,high_source_code,not_classified_as_water_value,authoritative_source,"This is a controlled statewide relevance category, not a detailed unit-specific value narrative."
acec-6af14f22098d02,blmca-9707bdba-2883-4030-a857-5471f42c9e8f,value-7ecb25b4633d,wildlife_and_habitat,wildlife_resource,Wildlife resources,selected source record and semantic ACEC (one-to-one in current inventory),unresolved,Official statewide source codes wildlife resources as relevant (YES).,BLM CA ACEC FeatureServer,https://gis.blm.gov/caarcgis/rest/services/Planning/BLM_CA_ACEC/FeatureServer/0,,ACEC_RLVNCE_WRSC,2026-08-05,high_source_code,not_classified_as_water_value,authoritative_source,"This is a controlled statewide relevance category, not a detailed unit-specific value narrative."
acec-f85e7284dc76d3,blmca-da88d76a-ef5a-40ca-98bf-0f8873381a6c,value-a894d34fb0ff,botanical_or_ecological,natural_process,Natural processes,selected source record and semantic ACEC (one-to-one in current inventory),unresolved,Official statewide source codes natural processes as relevant (YES).,BLM CA ACEC FeatureServer,https://gis.blm.gov/caarcgis/rest/services/Planning/BLM_CA_ACEC/FeatureServer/0,,ACEC_RLVNCE_NPRO,2026-08-05,high_source_code,not_classified_as_water_value,authoritative_source,"This is a controlled statewide relevance category, not a detailed unit-specific value narrative."
acec-f85e7284dc76d3,blmca-da88d76a-ef5a-40ca-98bf-0f8873381a6c,value-0cf5a2a12b2f,botanical_or_ecological,natural_system,Natural systems,selected source record and semantic ACEC (one-to-one in current inventory),unresolved,Official statewide source codes natural systems as relevant (YES).,BLM CA ACEC FeatureServer,https://gis.blm.gov/caarcgis/rest/services/Planning/BLM_CA_ACEC/FeatureServer/0,,ACEC_RLVNCE_NSYS,2026-08-05,high_source_code,not_classified_as_water_value,authoritative_source,"This is a controlled statewide relevance category, not a detailed unit-specific value narrative."
acec-f85e7284dc76d3,blmca-da88d76a-ef5a-40ca-98bf-0f8873381a6c,value-70cb1566064d,scenic,scenic,Scenic values,selected source record and semantic ACEC (one-to-one in current inventory),unresolved,Official statewide source codes scenic values as relevant (YES).,BLM CA ACEC FeatureServer,https://gis.blm.gov/caarcgis/rest/services/Planning/BLM_CA_ACEC/FeatureServer/0,,ACEC_RLVNCE_SCE,2026-08-05,high_source_code,not_classified_as_water_value,authoritative_source,"This is a controlled statewide relevance category, not a detailed unit-specific value narrative."
acec-f85e7284dc76d3,blmca-da88d76a-ef5a-40ca-98bf-0f8873381a6c,value-4a10e5c65672,wildlife_and_habitat,wildlife_resource,Wildlife resources,selected source record and semantic ACEC (one-to-one in current inventory),unresolved,Official statewide source codes wildlife resources as relevant (YES).,BLM CA ACEC FeatureServer,https://gis.blm.gov/caarcgis/rest/services/Planning/BLM_CA_ACEC/FeatureServer/0,,ACEC_RLVNCE_WRSC,2026-08-05,high_source_code,not_classified_as_water_value,authoritative_source,"This is a controlled statewide relevance category, not a detailed unit-specific value narrative."
acec-928e4d8fcf9b05,blmca-f41ca86f-3388-4fe4-ad6c-39843696b57a,value-a3e9157bfd11,cultural_archaeological_historic,cultural,Cultural resources,selected source record and semantic ACEC (one-to-one in current inventory),unresolved,Official statewide source codes cultural resources as relevant (YES).,BLM CA ACEC FeatureServer,https://gis.blm.gov/caarcgis/rest/services/Planning/BLM_CA_ACEC/FeatureServer/0,,ACEC_RLVNCE_CUL,2026-08-05,high_source_code,not_classified_as_water_value,authoritative_source,"This is a controlled statewide relevance category, not a detailed unit-specific value narrative."
acec-45c758783b978f,blmca-803a9a91-4d09-4e87-ac25-31dfc77b2240,value-6d6fba7da07b,botanical_or_ecological,natural_process,Natural processes,selected source record and semantic ACEC (one-to-one in current inventory),unresolved,Official statewide source codes natural processes as relevant (YES).,BLM CA ACEC FeatureServer,https://gis.blm.gov/caarcgis/rest/services/Planning/BLM_CA_ACEC/FeatureServer/0,,ACEC_RLVNCE_NPRO,2026-08-05,high_source_code,not_classified_as_water_value,authoritative_source,"This is a controlled statewide relevance category, not a detailed unit-specific value narrative."
acec-45c758783b978f,blmca-803a9a91-4d09-4e87-ac25-31dfc77b2240,value-d4d7f83b99b6,botanical_or_ecological,natural_system,Natural systems,selected source record and semantic ACEC (one-to-one in current inventory),unresolved,Official statewide source codes natural systems as relevant (YES).,BLM CA ACEC FeatureServer,https://gis.blm.gov/caarcgis/rest/services/Planning/BLM_CA_ACEC/FeatureServer/0,,ACEC_RLVNCE_NSYS,2026-08-05,high_source_code,not_classified_as_water_value,authoritative_source,"This is a controlled statewide relevance category, not a detailed unit-specific value narrative."
acec-45c758783b978f,blmca-803a9a91-4d09-4e87-ac25-31dfc77b2240,value-d496ceabf830,wildlife_and_habitat,wildlife_resource,Wildlife resources,selected source record and semantic ACEC (one-to-one in current inventory),unresolved,Official statewide source codes wildlife resources as relevant (YES).,BLM CA ACEC FeatureServer,https://gis.blm.gov/caarcgis/rest/services/Planning/BLM_CA_ACEC/FeatureServer/0,,ACEC_RLVNCE_WRSC,2026-08-05,high_source_code,not_classified_as_water_value,authoritative_source,"This is a controlled statewide relevance category, not a detailed unit-specific value narrative."
acec-e2b2eb0370dc09,blmca-85cbd7dc-1d47-4e03-8a12-df04d7626e81,value-95e71bd9dc04,botanical_or_ecological,natural_process,Natural processes,selected source record and semantic ACEC (one-to-one in current inventory),unresolved,Official statewide source codes natural processes as relevant (YES).,BLM CA ACEC FeatureServer,https://gis.blm.gov/caarcgis/rest/services/Planning/BLM_CA_ACEC/FeatureServer/0,,ACEC_RLVNCE_NPRO,2026-08-05,high_source_code,not_classified_as_water_value,authoritative_source,"This is a controlled statewide relevance category, not a detailed unit-specific value narrative."
acec-e2b2eb0370dc09,blmca-85cbd7dc-1d47-4e03-8a12-df04d7626e81,value-d4f80b15a00b,botanical_or_ecological,natural_system,Natural systems,selected source record and semantic ACEC (one-to-one in current inventory),unresolved,Official statewide source codes natural systems as relevant (YES).,BLM CA ACEC FeatureServer,https://gis.blm.gov/caarcgis/rest/services/Planning/BLM_CA_ACEC/FeatureServer/0,,ACEC_RLVNCE_NSYS,2026-08-05,high_source_code,not_classified_as_water_value,authoritative_source,"This is a controlled statewide relevance category, not a detailed unit-specific value narrative."
acec-e2b2eb0370dc09,blmca-85cbd7dc-1d47-4e03-8a12-df04d7626e81,value-d67a352d57c5,wildlife_and_habitat,wildlife_resource,Wildlife resources,selected source record and semantic ACEC (one-to-one in current inventory),unresolved,Official statewide source codes wildlife resources as relevant (YES).,BLM CA ACEC FeatureServer,https://gis.blm.gov/caarcgis/rest/services/Planning/BLM_CA_ACEC/FeatureServer/0,,ACEC_RLVNCE_WRSC,2026-08-05,high_source_code,not_classified_as_water_value,authoritative_source,"This is a controlled statewide relevance category, not a detailed unit-specific value narrative."
acec-5102ee29c1279f,blmca-9b8c88c3-304b-45d8-bf33-32a4ab8312e6,value-5ce51507c128,wildlife_and_habitat,wildlife_resource,Wildlife resources,selected source record and semantic ACEC (one-to-one in current inventory),unresolved,Official statewide source codes wildlife resources as relevant (YES).,BLM CA ACEC FeatureServer,https://gis.blm.gov/caarcgis/rest/services/Planning/BLM_CA_ACEC/FeatureServer/0,,ACEC_RLVNCE_WRSC,2026-08-05,high_source_code,not_classified_as_water_value,authoritative_source,"This is a controlled statewide relevance category, not a detailed unit-specific value narrative."
acec-0af8c68f714a17,blmca-b2f67dd8-a705-4818-b143-16ed43e721ca,value-047913006fb4,cultural_archaeological_historic,cultural,Cultural resources,selected source record and semantic ACEC (one-to-one in current inventory),unresolved,Official statewide source codes cultural resources as relevant (YES).,BLM CA ACEC FeatureServer,https://gis.blm.gov/caarcgis/rest/services/Planning/BLM_CA_ACEC/FeatureServer/0,,ACEC_RLVNCE_CUL,2026-08-05,high_source_code,not_classified_as_water_value,authoritative_source,"This is a controlled statewide relevance category, not a detailed unit-specific value narrative."
acec-0af8c68f714a17,blmca-b2f67dd8-a705-4818-b143-16ed43e721ca,value-7c5dbefa906d,cultural_archaeological_historic,historic,Historic resources,selected source record and semantic ACEC (one-to-one in current inventory),unresolved,Official statewide source codes historic resources as relevant (YES).,BLM CA ACEC FeatureServer,https://gis.blm.gov/caarcgis/rest/services/Planning/BLM_CA_ACEC/FeatureServer/0,,ACEC_RLVNCE_HIS,2026-08-05,high_source_code,not_classified_as_water_value,authoritative_source,"This is a controlled statewide relevance category, not a detailed unit-specific value narrative."
acec-0af8c68f714a17,blmca-b2f67dd8-a705-4818-b143-16ed43e721ca,value-bd1da01cd1f7,botanical_or_ecological,natural_process,Natural processes,selected source record and semantic ACEC (one-to-one in current inventory),unresolved,Official statewide source codes natural processes as relevant (YES).,BLM CA ACEC FeatureServer,https://gis.blm.gov/caarcgis/rest/services/Planning/BLM_CA_ACEC/FeatureServer/0,,ACEC_RLVNCE_NPRO,2026-08-05,high_source_code,not_classified_as_water_value,authoritative_source,"This is a controlled statewide relevance category, not a detailed unit-specific value narrative."
acec-0af8c68f714a17,blmca-b2f67dd8-a705-4818-b143-16ed43e721ca,value-8a607de27889,botanical_or_ecological,natural_system,Natural systems,selected source record and semantic ACEC (one-to-one in current inventory),unresolved,Official statewide source codes natural systems as relevant (YES).,BLM CA ACEC FeatureServer,https://gis.blm.gov/caarcgis/rest/services/Planning/BLM_CA_ACEC/FeatureServer/0,,ACEC_RLVNCE_NSYS,2026-08-05,high_source_code,not_classified_as_water_value,authoritative_source,"This is a controlled statewide relevance category, not a detailed unit-specific value narrative."
acec-509418a6c2d75d,blmca-d3409845-861a-48cf-ad11-2afe3e01460b,value-ec803f467a57,botanical_or_ecological,natural_process,Natural processes,selected source record and semantic ACEC (one-to-one in current inventory),unresolved,Official statewide source codes natural processes as relevant (YES).,BLM CA ACEC FeatureServer,https://gis.blm.gov/caarcgis/rest/services/Planning/BLM_CA_ACEC/FeatureServer/0,,ACEC_RLVNCE_NPRO,2026-08-05,high_source_code,not_classified_as_water_value,authoritative_source,"This is a controlled statewide relevance category, not a detailed unit-specific value narrative."
acec-509418a6c2d75d,blmca-d3409845-861a-48cf-ad11-2afe3e01460b,value-13c0f7991a4e,botanical_or_ecological,natural_system,Natural systems,selected source record and semantic ACEC (one-to-one in current inventory),unresolved,Official statewide source codes natural systems as relevant (YES).,BLM CA ACEC FeatureServer,https://gis.blm.gov/caarcgis/rest/services/Planning/BLM_CA_ACEC/FeatureServer/0,,ACEC_RLVNCE_NSYS,2026-08-05,high_source_code,not_classified_as_water_value,authoritative_source,"This is a controlled statewide relevance category, not a detailed unit-specific value narrative."
acec-091e00f0dd8853,blmca-c5556740-c87b-40f6-810b-cadecd922066,value-c5886782751b,cultural_archaeological_historic,cultural,Cultural resources,selected source record and semantic ACEC (one-to-one in current inventory),unresolved,Official statewide source codes cultural resources as relevant (YES).,BLM CA ACEC FeatureServer,https://gis.blm.gov/caarcgis/rest/services/Planning/BLM_CA_ACEC/FeatureServer/0,,ACEC_RLVNCE_CUL,2026-08-05,high_source_code,not_classified_as_water_value,authoritative_source,"This is a controlled statewide relevance category, not a detailed unit-specific value narrative."
acec-091e00f0dd8853,blmca-c5556740-c87b-40f6-810b-cadecd922066,value-901c01dd56cc,cultural_archaeological_historic,historic,Historic resources,selected source record and semantic ACEC (one-to-one in current inventory),unresolved,Official statewide source codes historic resources as relevant (YES).,BLM CA ACEC FeatureServer,https://gis.blm.gov/caarcgis/rest/services/Planning/BLM_CA_ACEC/FeatureServer/0,,ACEC_RLVNCE_HIS,2026-08-05,high_source_code,not_classified_as_water_value,authoritative_source,"This is a controlled statewide relevance category, not a detailed unit-specific value narrative."
acec-091e00f0dd8853,blmca-c5556740-c87b-40f6-810b-cadecd922066,value-db93ff6355ae,botanical_or_ecological,natural_process,Natural processes,selected source record and semantic ACEC (one-to-one in current inventory),unresolved,Official statewide source codes natural processes as relevant (YES).,BLM CA ACEC FeatureServer,https://gis.blm.gov/caarcgis/rest/services/Planning/BLM_CA_ACEC/FeatureServer/0,,ACEC_RLVNCE_NPRO,2026-08-05,high_source_code,not_classified_as_water_value,authoritative_source,"This is a controlled statewide relevance category, not a detailed unit-specific value narrative."
acec-091e00f0dd8853,blmca-c5556740-c87b-40f6-810b-cadecd922066,value-3e9b069aeb77,botanical_or_ecological,natural_system,Natural systems,selected source record and semantic ACEC (one-to-one in current inventory),unresolved,Official statewide source codes natural systems as relevant (YES).,BLM CA ACEC FeatureServer,https://gis.blm.gov/caarcgis/rest/services/Planning/BLM_CA_ACEC/FeatureServer/0,,ACEC_RLVNCE_NSYS,2026-08-05,high_source_code,not_classified_as_water_value,authoritative_source,"This is a controlled statewide relevance category, not a detailed unit-specific value narrative."
acec-091e00f0dd8853,blmca-c5556740-c87b-40f6-810b-cadecd922066,value-95a5efd8bb17,wildlife_and_habitat,wildlife_resource,Wildlife resources,selected source record and semantic ACEC (one-to-one in current inventory),unresolved,Official statewide source codes wildlife resources as relevant (YES).,BLM CA ACEC FeatureServer,https://gis.blm.gov/caarcgis/rest/services/Planning/BLM_CA_ACEC/FeatureServer/0,,ACEC_RLVNCE_WRSC,2026-08-05,high_source_code,not_classified_as_water_value,authoritative_source,"This is a controlled statewide relevance category, not a detailed unit-specific value narrative."
acec-903e84da97e457,blmca-9f83fa7e-9185-4af7-b93a-33bec42ab4d9,value-be27292744b3,botanical_or_ecological,natural_process,Natural processes,selected source record and semantic ACEC (one-to-one in current inventory),unresolved,Official statewide source codes natural processes as relevant (YES).,BLM CA ACEC FeatureServer,https://gis.blm.gov/caarcgis/rest/services/Planning/BLM_CA_ACEC/FeatureServer/0,,ACEC_RLVNCE_NPRO,2026-08-05,high_source_code,not_classified_as_water_value,authoritative_source,"This is a controlled statewide relevance category, not a detailed unit-specific value narrative."
acec-903e84da97e457,blmca-9f83fa7e-9185-4af7-b93a-33bec42ab4d9,value-593b631fcdb9,botanical_or_ecological,natural_system,Natural systems,selected source record and semantic ACEC (one-to-one in current inventory),unresolved,Official statewide source codes natural systems as relevant (YES).,BLM CA ACEC FeatureServer,https://gis.blm.gov/caarcgis/rest/services/Planning/BLM_CA_ACEC/FeatureServer/0,,ACEC_RLVNCE_NSYS,2026-08-05,high_source_code,not_classified_as_water_value,authoritative_source,"This is a controlled statewide relevance category, not a detailed unit-specific value narrative."
acec-903e84da97e457,blmca-9f83fa7e-9185-4af7-b93a-33bec42ab4d9,value-599ffe1141f4,scenic,scenic,Scenic values,selected source record and semantic ACEC (one-to-one in current inventory),unresolved,Official statewide source codes scenic values as relevant (YES).,BLM CA ACEC FeatureServer,https://gis.blm.gov/caarcgis/rest/services/Planning/BLM_CA_ACEC/FeatureServer/0,,ACEC_RLVNCE_SCE,2026-08-05,high_source_code,not_classified_as_water_value,authoritative_source,"This is a controlled statewide relevance category, not a detailed unit-specific value narrative."
acec-903e84da97e457,blmca-9f83fa7e-9185-4af7-b93a-33bec42ab4d9,value-89d9ab7e0312,wildlife_and_habitat,wildlife_resource,Wildlife resources,selected source record and semantic ACEC (one-to-one in current inventory),unresolved,Official statewide source codes wildlife resources as relevant (YES).,BLM CA ACEC FeatureServer,https://gis.blm.gov/caarcgis/rest/services/Planning/BLM_CA_ACEC/FeatureServer/0,,ACEC_RLVNCE_WRSC,2026-08-05,high_source_code,not_classified_as_water_value,authoritative_source,"This is a controlled statewide relevance category, not a detailed unit-specific value narrative."
acec-3204989a2e2142,blmca-4c2735ff-3769-4559-94b3-b7d9fd54d7d9,value-f2f58409c607,cultural_archaeological_historic,cultural,Cultural resources,selected source record and semantic ACEC (one-to-one in current inventory),unresolved,Official statewide source codes cultural resources as relevant (YES).,BLM CA ACEC FeatureServer,https://gis.blm.gov/caarcgis/rest/services/Planning/BLM_CA_ACEC/FeatureServer/0,,ACEC_RLVNCE_CUL,2026-08-05,high_source_code,not_classified_as_water_value,authoritative_source,"This is a controlled statewide relevance category, not a detailed unit-specific value narrative."
acec-3204989a2e2142,blmca-4c2735ff-3769-4559-94b3-b7d9fd54d7d9,value-e1f1c943f78d,cultural_archaeological_historic,historic,Historic resources,selected source record and semantic ACEC (one-to-one in current inventory),unresolved,Official statewide source codes historic resources as relevant (YES).,BLM CA ACEC FeatureServer,https://gis.blm.gov/caarcgis/rest/services/Planning/BLM_CA_ACEC/FeatureServer/0,,ACEC_RLVNCE_HIS,2026-08-05,high_source_code,not_classified_as_water_value,authoritative_source,"This is a controlled statewide relevance category, not a detailed unit-specific value narrative."
acec-3204989a2e2142,blmca-4c2735ff-3769-4559-94b3-b7d9fd54d7d9,value-f5da3eae2bb5,botanical_or_ecological,natural_process,Natural processes,selected source record and semantic ACEC (one-to-one in current inventory),unresolved,Official statewide source codes natural processes as relevant (YES).,BLM CA ACEC FeatureServer,https://gis.blm.gov/caarcgis/rest/services/Planning/BLM_CA_ACEC/FeatureServer/0,,ACEC_RLVNCE_NPRO,2026-08-05,high_source_code,not_classified_as_water_value,authoritative_source,"This is a controlled statewide relevance category, not a detailed unit-specific value narrative."
acec-3204989a2e2142,blmca-4c2735ff-3769-4559-94b3-b7d9fd54d7d9,value-ebdac4fd89a4,botanical_or_ecological,natural_system,Natural systems,selected source record and semantic ACEC (one-to-one in current inventory),unresolved,Official statewide source codes natural systems as relevant (YES).,BLM CA ACEC FeatureServer,https://gis.blm.gov/caarcgis/rest/services/Planning/BLM_CA_ACEC/FeatureServer/0,,ACEC_RLVNCE_NSYS,2026-08-05,high_source_code,not_classified_as_water_value,authoritative_source,"This is a controlled statewide relevance category, not a detailed unit-specific value narrative."
acec-3204989a2e2142,blmca-4c2735ff-3769-4559-94b3-b7d9fd54d7d9,value-3e4dc7bc00a1,scenic,scenic,Scenic values,selected source record and semantic ACEC (one-to-one in current inventory),unresolved,Official statewide source codes scenic values as relevant (YES).,BLM CA ACEC FeatureServer,https://gis.blm.gov/caarcgis/rest/services/Planning/BLM_CA_ACEC/FeatureServer/0,,ACEC_RLVNCE_SCE,2026-08-05,high_source_code,not_classified_as_water_value,authoritative_source,"This is a controlled statewide relevance category, not a detailed unit-specific value narrative."
acec-3204989a2e2142,blmca-4c2735ff-3769-4559-94b3-b7d9fd54d7d9,value-ff465e9d7b72,wildlife_and_habitat,wildlife_resource,Wildlife resources,selected source record and semantic ACEC (one-to-one in current inventory),unresolved,Official statewide source codes wildlife resources as relevant (YES).,BLM CA ACEC FeatureServer,https://gis.blm.gov/caarcgis/rest/services/Planning/BLM_CA_ACEC/FeatureServer/0,,ACEC_RLVNCE_WRSC,2026-08-05,high_source_code,not_classified_as_water_value,authoritative_source,"This is a controlled statewide relevance category, not a detailed unit-specific value narrative."
acec-2c13bde9fcc4fa,blmca-c093f3ea-d41d-466a-b2d4-e216c126cf71,value-982339965462,wildlife_and_habitat,wildlife_resource,Wildlife resources,selected source record and semantic ACEC (one-to-one in current inventory),unresolved,Official statewide source codes wildlife resources as relevant (YES).,BLM CA ACEC FeatureServer,https://gis.blm.gov/caarcgis/rest/services/Planning/BLM_CA_ACEC/FeatureServer/0,,ACEC_RLVNCE_WRSC,2026-08-05,high_source_code,not_classified_as_water_value,authoritative_source,"This is a controlled statewide relevance category, not a detailed unit-specific value narrative."
acec-bbeaa1285514c3,blmca-cf04601d-5b9f-41d0-8f2a-7893130f78cf,value-90dc6f1a4597,botanical_or_ecological,natural_process,Natural processes,selected source record and semantic ACEC (one-to-one in current inventory),unresolved,Official statewide source codes natural processes as relevant (YES).,BLM CA ACEC FeatureServer,https://gis.blm.gov/caarcgis/rest/services/Planning/BLM_CA_ACEC/FeatureServer/0,,ACEC_RLVNCE_NPRO,2026-08-05,high_source_code,not_classified_as_water_value,authoritative_source,"This is a controlled statewide relevance category, not a detailed unit-specific value narrative."
acec-bbeaa1285514c3,blmca-cf04601d-5b9f-41d0-8f2a-7893130f78cf,value-ea91e1bc2cbc,botanical_or_ecological,natural_system,Natural systems,selected source record and semantic ACEC (one-to-one in current inventory),unresolved,Official statewide source codes natural systems as relevant (YES).,BLM CA ACEC FeatureServer,https://gis.blm.gov/caarcgis/rest/services/Planning/BLM_CA_ACEC/FeatureServer/0,,ACEC_RLVNCE_NSYS,2026-08-05,high_source_code,not_classified_as_water_value,authoritative_source,"This is a controlled statewide relevance category, not a detailed unit-specific value narrative."
acec-542efdb5fef0f5,blmca-d621b831-3971-4dfd-9baf-4ff04a2d6202,value-b5791db3d324,botanical_or_ecological,natural_process,Natural processes,selected source record and semantic ACEC (one-to-one in current inventory),unresolved,Official statewide source codes natural processes as relevant (YES).,BLM CA ACEC FeatureServer,https://gis.blm.gov/caarcgis/rest/services/Planning/BLM_CA_ACEC/FeatureServer/0,,ACEC_RLVNCE_NPRO,2026-08-05,high_source_code,not_classified_as_water_value,authoritative_source,"This is a controlled statewide relevance category, not a detailed unit-specific value narrative."
acec-542efdb5fef0f5,blmca-d621b831-3971-4dfd-9baf-4ff04a2d6202,value-128e86329d29,botanical_or_ecological,natural_system,Natural systems,selected source record and semantic ACEC (one-to-one in current inventory),unresolved,Official statewide source codes natural systems as relevant (YES).,BLM CA ACEC FeatureServer,https://gis.blm.gov/caarcgis/rest/services/Planning/BLM_CA_ACEC/FeatureServer/0,,ACEC_RLVNCE_NSYS,2026-08-05,high_source_code,not_classified_as_water_value,authoritative_source,"This is a controlled statewide relevance category, not a detailed unit-specific value narrative."
acec-e57347bdd98060,blmca-2114ecd1-1cc2-4db9-a493-020c731ebfd7,value-1649c0db4dab,wildlife_and_habitat,wildlife_resource,Wildlife resources,selected source record and semantic ACEC (one-to-one in current inventory),unresolved,Official statewide source codes wildlife resources as relevant (YES).,BLM CA ACEC FeatureServer,https://gis.blm.gov/caarcgis/rest/services/Planning/BLM_CA_ACEC/FeatureServer/0,,ACEC_RLVNCE_WRSC,2026-08-05,high_source_code,not_classified_as_water_value,authoritative_source,"This is a controlled statewide relevance category, not a detailed unit-specific value narrative."
acec-b2e5dc6ec9bda5,blmca-a1d06ddc-299a-4e58-9604-6c1c21f26f92,value-54b500033857,cultural_archaeological_historic,cultural,Cultural resources,selected source record and semantic ACEC (one-to-one in current inventory),unresolved,Official statewide source codes cultural resources as relevant (YES).,BLM CA ACEC FeatureServer,https://gis.blm.gov/caarcgis/rest/services/Planning/BLM_CA_ACEC/FeatureServer/0,,ACEC_RLVNCE_CUL,2026-08-05,high_source_code,not_classified_as_water_value,authoritative_source,"This is a controlled statewide relevance category, not a detailed unit-specific value narrative."
acec-b2e5dc6ec9bda5,blmca-a1d06ddc-299a-4e58-9604-6c1c21f26f92,value-1d18381fe20f,cultural_archaeological_historic,historic,Historic resources,selected source record and semantic ACEC (one-to-one in current inventory),unresolved,Official statewide source codes historic resources as relevant (YES).,BLM CA ACEC FeatureServer,https://gis.blm.gov/caarcgis/rest/services/Planning/BLM_CA_ACEC/FeatureServer/0,,ACEC_RLVNCE_HIS,2026-08-05,high_source_code,not_classified_as_water_value,authoritative_source,"This is a controlled statewide relevance category, not a detailed unit-specific value narrative."
acec-b2e5dc6ec9bda5,blmca-a1d06ddc-299a-4e58-9604-6c1c21f26f92,value-88f5cf074704,botanical_or_ecological,natural_process,Natural processes,selected source record and semantic ACEC (one-to-one in current inventory),unresolved,Official statewide source codes natural processes as relevant (YES).,BLM CA ACEC FeatureServer,https://gis.blm.gov/caarcgis/rest/services/Planning/BLM_CA_ACEC/FeatureServer/0,,ACEC_RLVNCE_NPRO,2026-08-05,high_source_code,not_classified_as_water_value,authoritative_source,"This is a controlled statewide relevance category, not a detailed unit-specific value narrative."
acec-b2e5dc6ec9bda5,blmca-a1d06ddc-299a-4e58-9604-6c1c21f26f92,value-6a312e03f732,botanical_or_ecological,natural_system,Natural systems,selected source record and semantic ACEC (one-to-one in current inventory),unresolved,Official statewide source codes natural systems as relevant (YES).,BLM CA ACEC FeatureServer,https://gis.blm.gov/caarcgis/rest/services/Planning/BLM_CA_ACEC/FeatureServer/0,,ACEC_RLVNCE_NSYS,2026-08-05,high_source_code,not_classified_as_water_value,authoritative_source,"This is a controlled statewide relevance category, not a detailed unit-specific value narrative."
acec-b2e5dc6ec9bda5,blmca-a1d06ddc-299a-4e58-9604-6c1c21f26f92,value-4fd42372e7ec,scenic,scenic,Scenic values,selected source record and semantic ACEC (one-to-one in current inventory),unresolved,Official statewide source codes scenic values as relevant (YES).,BLM CA ACEC FeatureServer,https://gis.blm.gov/caarcgis/rest/services/Planning/BLM_CA_ACEC/FeatureServer/0,,ACEC_RLVNCE_SCE,2026-08-05,high_source_code,not_classified_as_water_value,authoritative_source,"This is a controlled statewide relevance category, not a detailed unit-specific value narrative."
acec-b2e5dc6ec9bda5,blmca-a1d06ddc-299a-4e58-9604-6c1c21f26f92,value-5cf47cfa8c34,wildlife_and_habitat,wildlife_resource,Wildlife resources,selected source record and semantic ACEC (one-to-one in current inventory),unresolved,Official statewide source codes wildlife resources as relevant (YES).,BLM CA ACEC FeatureServer,https://gis.blm.gov/caarcgis/rest/services/Planning/BLM_CA_ACEC/FeatureServer/0,,ACEC_RLVNCE_WRSC,2026-08-05,high_source_code,not_classified_as_water_value,authoritative_source,"This is a controlled statewide relevance category, not a detailed unit-specific value narrative."
acec-13aefba9833e50,blmca-41ef1587-8d9f-4cdf-a829-5d418ab58e37,value-a6ff12aebbba,cultural_archaeological_historic,cultural,Cultural resources,selected source record and semantic ACEC (one-to-one in current inventory),unresolved,Official statewide source codes cultural resources as relevant (YES).,BLM CA ACEC FeatureServer,https://gis.blm.gov/caarcgis/rest/services/Planning/BLM_CA_ACEC/FeatureServer/0,,ACEC_RLVNCE_CUL,2026-08-05,high_source_code,not_classified_as_water_value,authoritative_source,"This is a controlled statewide relevance category, not a detailed unit-specific value narrative."
acec-13aefba9833e50,blmca-41ef1587-8d9f-4cdf-a829-5d418ab58e37,value-072f12d5467c,cultural_archaeological_historic,historic,Historic resources,selected source record and semantic ACEC (one-to-one in current inventory),unresolved,Official statewide source codes historic resources as relevant (YES).,BLM CA ACEC FeatureServer,https://gis.blm.gov/caarcgis/rest/services/Planning/BLM_CA_ACEC/FeatureServer/0,,ACEC_RLVNCE_HIS,2026-08-05,high_source_code,not_classified_as_water_value,authoritative_source,"This is a controlled statewide relevance category, not a detailed unit-specific value narrative."
acec-13aefba9833e50,blmca-41ef1587-8d9f-4cdf-a829-5d418ab58e37,value-a25cca16be5a,scenic,scenic,Scenic values,selected source record and semantic ACEC (one-to-one in current inventory),unresolved,Official statewide source codes scenic values as relevant (YES).,BLM CA ACEC FeatureServer,https://gis.blm.gov/caarcgis/rest/services/Planning/BLM_CA_ACEC/FeatureServer/0,,ACEC_RLVNCE_SCE,2026-08-05,high_source_code,not_classified_as_water_value,authoritative_source,"This is a controlled statewide relevance category, not a detailed unit-specific value narrative."
acec-13aefba9833e50,blmca-41ef1587-8d9f-4cdf-a829-5d418ab58e37,value-a6b76686354c,wildlife_and_habitat,wildlife_resource,Wildlife resources,selected source record and semantic ACEC (one-to-one in current inventory),unresolved,Official statewide source codes wildlife resources as relevant (YES).,BLM CA ACEC FeatureServer,https://gis.blm.gov/caarcgis/rest/services/Planning/BLM_CA_ACEC/FeatureServer/0,,ACEC_RLVNCE_WRSC,2026-08-05,high_source_code,not_classified_as_water_value,authoritative_source,"This is a controlled statewide relevance category, not a detailed unit-specific value narrative."
acec-f597a32b0f2e2f,blmca-5365af8f-10c1-4178-a5ae-c41938cd5a6d,value-c3cbc76ac28e,botanical_or_ecological,natural_process,Natural processes,selected source record and semantic ACEC (one-to-one in current inventory),unresolved,Official statewide source codes natural processes as relevant (YES).,BLM CA ACEC FeatureServer,https://gis.blm.gov/caarcgis/rest/services/Planning/BLM_CA_ACEC/FeatureServer/0,,ACEC_RLVNCE_NPRO,2026-08-05,high_source_code,not_classified_as_water_value,authoritative_source,"This is a controlled statewide relevance category, not a detailed unit-specific value narrative."
acec-f597a32b0f2e2f,blmca-5365af8f-10c1-4178-a5ae-c41938cd5a6d,value-24efb1341dbd,botanical_or_ecological,natural_system,Natural systems,selected source record and semantic ACEC (one-to-one in current inventory),unresolved,Official statewide source codes natural systems as relevant (YES).,BLM CA ACEC FeatureServer,https://gis.blm.gov/caarcgis/rest/services/Planning/BLM_CA_ACEC/FeatureServer/0,,ACEC_RLVNCE_NSYS,2026-08-05,high_source_code,not_classified_as_water_value,authoritative_source,"This is a controlled statewide relevance category, not a detailed unit-specific value narrative."
acec-ebea38b48ec039,blmca-2f4ac674-ff81-4b3c-acdb-795d34b3669c,value-6ea4d5452a80,cultural_archaeological_historic,cultural,Cultural resources,selected source record and semantic ACEC (one-to-one in current inventory),unresolved,Official statewide source codes cultural resources as relevant (YES).,BLM CA ACEC FeatureServer,https://gis.blm.gov/caarcgis/rest/services/Planning/BLM_CA_ACEC/FeatureServer/0,,ACEC_RLVNCE_CUL,2026-08-05,high_source_code,not_classified_as_water_value,authoritative_source,"This is a controlled statewide relevance category, not a detailed unit-specific value narrative."
acec-ebea38b48ec039,blmca-2f4ac674-ff81-4b3c-acdb-795d34b3669c,value-4762e81e7bd0,cultural_archaeological_historic,historic,Historic resources,selected source record and semantic ACEC (one-to-one in current inventory),unresolved,Official statewide source codes historic resources as relevant (YES).,BLM CA ACEC FeatureServer,https://gis.blm.gov/caarcgis/rest/services/Planning/BLM_CA_ACEC/FeatureServer/0,,ACEC_RLVNCE_HIS,2026-08-05,high_source_code,not_classified_as_water_value,authoritative_source,"This is a controlled statewide relevance category, not a detailed unit-specific value narrative."
acec-ebea38b48ec039,blmca-2f4ac674-ff81-4b3c-acdb-795d34b3669c,value-17ffb2936797,botanical_or_ecological,natural_process,Natural processes,selected source record and semantic ACEC (one-to-one in current inventory),unresolved,Official statewide source codes natural processes as relevant (YES).,BLM CA ACEC FeatureServer,https://gis.blm.gov/caarcgis/rest/services/Planning/BLM_CA_ACEC/FeatureServer/0,,ACEC_RLVNCE_NPRO,2026-08-05,high_source_code,not_classified_as_water_value,authoritative_source,"This is a controlled statewide relevance category, not a detailed unit-specific value narrative."
acec-ebea38b48ec039,blmca-2f4ac674-ff81-4b3c-acdb-795d34b3669c,value-f58c2db058ae,botanical_or_ecological,natural_system,Natural systems,selected source record and semantic ACEC (one-to-one in current inventory),unresolved,Official statewide source codes natural systems as relevant (YES).,BLM CA ACEC FeatureServer,https://gis.blm.gov/caarcgis/rest/services/Planning/BLM_CA_ACEC/FeatureServer/0,,ACEC_RLVNCE_NSYS,2026-08-05,high_source_code,not_classified_as_water_value,authoritative_source,"This is a controlled statewide relevance category, not a detailed unit-specific value narrative."
acec-7f8e02e30d8ba1,blmca-dc6ffdd3-85be-493c-809b-411388537747,value-0204db45ba63,cultural_archaeological_historic,historic,Historic resources,selected source record and semantic ACEC (one-to-one in current inventory),unresolved,Official statewide source codes historic resources as relevant (YES).,BLM CA ACEC FeatureServer,https://gis.blm.gov/caarcgis/rest/services/Planning/BLM_CA_ACEC/FeatureServer/0,,ACEC_RLVNCE_HIS,2026-08-05,high_source_code,not_classified_as_water_value,authoritative_source,"This is a controlled statewide relevance category, not a detailed unit-specific value narrative."
acec-7f8e02e30d8ba1,blmca-dc6ffdd3-85be-493c-809b-411388537747,value-86e8f261c2f0,botanical_or_ecological,natural_process,Natural processes,selected source record and semantic ACEC (one-to-one in current inventory),unresolved,Official statewide source codes natural processes as relevant (YES).,BLM CA ACEC FeatureServer,https://gis.blm.gov/caarcgis/rest/services/Planning/BLM_CA_ACEC/FeatureServer/0,,ACEC_RLVNCE_NPRO,2026-08-05,high_source_code,not_classified_as_water_value,authoritative_source,"This is a controlled statewide relevance category, not a detailed unit-specific value narrative."
acec-7f8e02e30d8ba1,blmca-dc6ffdd3-85be-493c-809b-411388537747,value-0ba7e9406f76,botanical_or_ecological,natural_system,Natural systems,selected source record and semantic ACEC (one-to-one in current inventory),unresolved,Official statewide source codes natural systems as relevant (YES).,BLM CA ACEC FeatureServer,https://gis.blm.gov/caarcgis/rest/services/Planning/BLM_CA_ACEC/FeatureServer/0,,ACEC_RLVNCE_NSYS,2026-08-05,high_source_code,not_classified_as_water_value,authoritative_source,"This is a controlled statewide relevance category, not a detailed unit-specific value narrative."
acec-7f8e02e30d8ba1,blmca-dc6ffdd3-85be-493c-809b-411388537747,value-677d065a1710,wildlife_and_habitat,wildlife_resource,Wildlife resources,selected source record and semantic ACEC (one-to-one in current inventory),unresolved,Official statewide source codes wildlife resources as relevant (YES).,BLM CA ACEC FeatureServer,https://gis.blm.gov/caarcgis/rest/services/Planning/BLM_CA_ACEC/FeatureServer/0,,ACEC_RLVNCE_WRSC,2026-08-05,high_source_code,not_classified_as_water_value,authoritative_source,"This is a controlled statewide relevance category, not a detailed unit-specific value narrative."
acec-7c3af1e43a9f14,blmca-a36b669b-af96-4846-a98f-3eac8584ac77,value-ec5d9cfc320c,botanical_or_ecological,natural_process,Natural processes,selected source record and semantic ACEC (one-to-one in current inventory),unresolved,Official statewide source codes natural processes as relevant (YES).,BLM CA ACEC FeatureServer,https://gis.blm.gov/caarcgis/rest/services/Planning/BLM_CA_ACEC/FeatureServer/0,,ACEC_RLVNCE_NPRO,2026-08-05,high_source_code,not_classified_as_water_value,authoritative_source,"This is a controlled statewide relevance category, not a detailed unit-specific value narrative."
acec-7c3af1e43a9f14,blmca-a36b669b-af96-4846-a98f-3eac8584ac77,value-0ca1a470d7f1,botanical_or_ecological,natural_system,Natural systems,selected source record and semantic ACEC (one-to-one in current inventory),unresolved,Official statewide source codes natural systems as relevant (YES).,BLM CA ACEC FeatureServer,https://gis.blm.gov/caarcgis/rest/services/Planning/BLM_CA_ACEC/FeatureServer/0,,ACEC_RLVNCE_NSYS,2026-08-05,high_source_code,not_classified_as_water_value,authoritative_source,"This is a controlled statewide relevance category, not a detailed unit-specific value narrative."
acec-7c3af1e43a9f14,blmca-a36b669b-af96-4846-a98f-3eac8584ac77,value-bb7462bcdaf9,wildlife_and_habitat,wildlife_resource,Wildlife resources,selected source record and semantic ACEC (one-to-one in current inventory),unresolved,Official statewide source codes wildlife resources as relevant (YES).,BLM CA ACEC FeatureServer,https://gis.blm.gov/caarcgis/rest/services/Planning/BLM_CA_ACEC/FeatureServer/0,,ACEC_RLVNCE_WRSC,2026-08-05,high_source_code,not_classified_as_water_value,authoritative_source,"This is a controlled statewide relevance category, not a detailed unit-specific value narrative."
acec-fe0e17f592b671,blmca-441d1865-e3b7-4df8-ade4-ef1b7289948d,value-a316b5df2894,botanical_or_ecological,natural_process,Natural processes,selected source record and semantic ACEC (one-to-one in current inventory),unresolved,Official statewide source codes natural processes as relevant (YES).,BLM CA ACEC FeatureServer,https://gis.blm.gov/caarcgis/rest/services/Planning/BLM_CA_ACEC/FeatureServer/0,,ACEC_RLVNCE_NPRO,2026-08-05,high_source_code,not_classified_as_water_value,authoritative_source,"This is a controlled statewide relevance category, not a detailed unit-specific value narrative."
acec-fe0e17f592b671,blmca-441d1865-e3b7-4df8-ade4-ef1b7289948d,value-c1a7cc6b32ce,botanical_or_ecological,natural_system,Natural systems,selected source record and semantic ACEC (one-to-one in current inventory),unresolved,Official statewide source codes natural systems as relevant (YES).,BLM CA ACEC FeatureServer,https://gis.blm.gov/caarcgis/rest/services/Planning/BLM_CA_ACEC/FeatureServer/0,,ACEC_RLVNCE_NSYS,2026-08-05,high_source_code,not_classified_as_water_value,authoritative_source,"This is a controlled statewide relevance category, not a detailed unit-specific value narrative."
acec-fe0e17f592b671,blmca-441d1865-e3b7-4df8-ade4-ef1b7289948d,value-23fd7ecd60d7,scenic,scenic,Scenic values,selected source record and semantic ACEC (one-to-one in current inventory),unresolved,Official statewide source codes scenic values as relevant (YES).,BLM CA ACEC FeatureServer,https://gis.blm.gov/caarcgis/rest/services/Planning/BLM_CA_ACEC/FeatureServer/0,,ACEC_RLVNCE_SCE,2026-08-05,high_source_code,not_classified_as_water_value,authoritative_source,"This is a controlled statewide relevance category, not a detailed unit-specific value narrative."
acec-4db1cd77d45177,blmca-c435c364-83c1-495d-bff1-28218fd93a4b,value-7cd37891d794,botanical_or_ecological,natural_process,Natural processes,selected source record and semantic ACEC (one-to-one in current inventory),unresolved,Official statewide source codes natural processes as relevant (YES).,BLM CA ACEC FeatureServer,https://gis.blm.gov/caarcgis/rest/services/Planning/BLM_CA_ACEC/FeatureServer/0,,ACEC_RLVNCE_NPRO,2026-08-05,high_source_code,not_classified_as_water_value,authoritative_source,"This is a controlled statewide relevance category, not a detailed unit-specific value narrative."
acec-4db1cd77d45177,blmca-c435c364-83c1-495d-bff1-28218fd93a4b,value-9fcdcb496680,botanical_or_ecological,natural_system,Natural systems,selected source record and semantic ACEC (one-to-one in current inventory),unresolved,Official statewide source codes natural systems as relevant (YES).,BLM CA ACEC FeatureServer,https://gis.blm.gov/caarcgis/rest/services/Planning/BLM_CA_ACEC/FeatureServer/0,,ACEC_RLVNCE_NSYS,2026-08-05,high_source_code,not_classified_as_water_value,authoritative_source,"This is a controlled statewide relevance category, not a detailed unit-specific value narrative."
acec-4db1cd77d45177,blmca-c435c364-83c1-495d-bff1-28218fd93a4b,value-8441f04c76e0,scenic,scenic,Scenic values,selected source record and semantic ACEC (one-to-one in current inventory),unresolved,Official statewide source codes scenic values as relevant (YES).,BLM CA ACEC FeatureServer,https://gis.blm.gov/caarcgis/rest/services/Planning/BLM_CA_ACEC/FeatureServer/0,,ACEC_RLVNCE_SCE,2026-08-05,high_source_code,not_classified_as_water_value,authoritative_source,"This is a controlled statewide relevance category, not a detailed unit-specific value narrative."
acec-4db1cd77d45177,blmca-c435c364-83c1-495d-bff1-28218fd93a4b,value-a7b560a30a91,wildlife_and_habitat,wildlife_resource,Wildlife resources,selected source record and semantic ACEC (one-to-one in current inventory),unresolved,Official statewide source codes wildlife resources as relevant (YES).,BLM CA ACEC FeatureServer,https://gis.blm.gov/caarcgis/rest/services/Planning/BLM_CA_ACEC/FeatureServer/0,,ACEC_RLVNCE_WRSC,2026-08-05,high_source_code,not_classified_as_water_value,authoritative_source,"This is a controlled statewide relevance category, not a detailed unit-specific value narrative."
acec-c6832fe4fe69ff,blmca-3f572da3-1623-4d98-85b8-398c00d0b1d7,value-86498e47649e,botanical_or_ecological,natural_process,Natural processes,selected source record and semantic ACEC (one-to-one in current inventory),unresolved,Official statewide source codes natural processes as relevant (YES).,BLM CA ACEC FeatureServer,https://gis.blm.gov/caarcgis/rest/services/Planning/BLM_CA_ACEC/FeatureServer/0,,ACEC_RLVNCE_NPRO,2026-08-05,high_source_code,not_classified_as_water_value,authoritative_source,"This is a controlled statewide relevance category, not a detailed unit-specific value narrative."
acec-c6832fe4fe69ff,blmca-3f572da3-1623-4d98-85b8-398c00d0b1d7,value-d66373ee0ff1,botanical_or_ecological,natural_system,Natural systems,selected source record and semantic ACEC (one-to-one in current inventory),unresolved,Official statewide source codes natural systems as relevant (YES).,BLM CA ACEC FeatureServer,https://gis.blm.gov/caarcgis/rest/services/Planning/BLM_CA_ACEC/FeatureServer/0,,ACEC_RLVNCE_NSYS,2026-08-05,high_source_code,not_classified_as_water_value,authoritative_source,"This is a controlled statewide relevance category, not a detailed unit-specific value narrative."
acec-c6832fe4fe69ff,blmca-3f572da3-1623-4d98-85b8-398c00d0b1d7,value-e08e448e874d,wildlife_and_habitat,wildlife_resource,Wildlife resources,selected source record and semantic ACEC (one-to-one in current inventory),unresolved,Official statewide source codes wildlife resources as relevant (YES).,BLM CA ACEC FeatureServer,https://gis.blm.gov/caarcgis/rest/services/Planning/BLM_CA_ACEC/FeatureServer/0,,ACEC_RLVNCE_WRSC,2026-08-05,high_source_code,not_classified_as_water_value,authoritative_source,"This is a controlled statewide relevance category, not a detailed unit-specific value narrative."
acec-7fb78c567b62dd,blmca-a09ea6c9-3be0-42d9-bcd0-3edc880ca7b2,value-6055b47a96ea,cultural_archaeological_historic,cultural,Cultural resources,selected source record and semantic ACEC (one-to-one in current inventory),unresolved,Official statewide source codes cultural resources as relevant (YES).,BLM CA ACEC FeatureServer,https://gis.blm.gov/caarcgis/rest/services/Planning/BLM_CA_ACEC/FeatureServer/0,,ACEC_RLVNCE_CUL,2026-08-05,high_source_code,not_classified_as_water_value,authoritative_source,"This is a controlled statewide relevance category, not a detailed unit-specific value narrative."
acec-7fb78c567b62dd,blmca-a09ea6c9-3be0-42d9-bcd0-3edc880ca7b2,value-fc4ea0260875,botanical_or_ecological,natural_process,Natural processes,selected source record and semantic ACEC (one-to-one in current inventory),unresolved,Official statewide source codes natural processes as relevant (YES).,BLM CA ACEC FeatureServer,https://gis.blm.gov/caarcgis/rest/services/Planning/BLM_CA_ACEC/FeatureServer/0,,ACEC_RLVNCE_NPRO,2026-08-05,high_source_code,not_classified_as_water_value,authoritative_source,"This is a controlled statewide relevance category, not a detailed unit-specific value narrative."
acec-7fb78c567b62dd,blmca-a09ea6c9-3be0-42d9-bcd0-3edc880ca7b2,value-30c1637b4039,botanical_or_ecological,natural_system,Natural systems,selected source record and semantic ACEC (one-to-one in current inventory),unresolved,Official statewide source codes natural systems as relevant (YES).,BLM CA ACEC FeatureServer,https://gis.blm.gov/caarcgis/rest/services/Planning/BLM_CA_ACEC/FeatureServer/0,,ACEC_RLVNCE_NSYS,2026-08-05,high_source_code,not_classified_as_water_value,authoritative_source,"This is a controlled statewide relevance category, not a detailed unit-specific value narrative."
acec-7fb78c567b62dd,blmca-a09ea6c9-3be0-42d9-bcd0-3edc880ca7b2,value-be1d1e5f54a6,wildlife_and_habitat,wildlife_resource,Wildlife resources,selected source record and semantic ACEC (one-to-one in current inventory),unresolved,Official statewide source codes wildlife resources as relevant (YES).,BLM CA ACEC FeatureServer,https://gis.blm.gov/caarcgis/rest/services/Planning/BLM_CA_ACEC/FeatureServer/0,,ACEC_RLVNCE_WRSC,2026-08-05,high_source_code,not_classified_as_water_value,authoritative_source,"This is a controlled statewide relevance category, not a detailed unit-specific value narrative."
acec-453bbfcefcd2b8,blmca-3ee51f02-3052-4530-b5ab-a55d0fb6de01,value-7ce3cf52bd9f,cultural_archaeological_historic,cultural,Cultural resources,selected source record and semantic ACEC (one-to-one in current inventory),unresolved,Official statewide source codes cultural resources as relevant (YES).,BLM CA ACEC FeatureServer,https://gis.blm.gov/caarcgis/rest/services/Planning/BLM_CA_ACEC/FeatureServer/0,,ACEC_RLVNCE_CUL,2026-08-05,high_source_code,not_classified_as_water_value,authoritative_source,"This is a controlled statewide relevance category, not a detailed unit-specific value narrative."
acec-453bbfcefcd2b8,blmca-3ee51f02-3052-4530-b5ab-a55d0fb6de01,value-7caa89a574e3,cultural_archaeological_historic,historic,Historic resources,selected source record and semantic ACEC (one-to-one in current inventory),unresolved,Official statewide source codes historic resources as relevant (YES).,BLM CA ACEC FeatureServer,https://gis.blm.gov/caarcgis/rest/services/Planning/BLM_CA_ACEC/FeatureServer/0,,ACEC_RLVNCE_HIS,2026-08-05,high_source_code,not_classified_as_water_value,authoritative_source,"This is a controlled statewide relevance category, not a detailed unit-specific value narrative."
acec-28ccd8cdd03efe,blmca-94b2ee94-af4d-4a0d-ba6a-684951cbdf49,value-ca37c5cc9791,botanical_or_ecological,natural_process,Natural processes,selected source record and semantic ACEC (one-to-one in current inventory),unresolved,Official statewide source codes natural processes as relevant (YES).,BLM CA ACEC FeatureServer,https://gis.blm.gov/caarcgis/rest/services/Planning/BLM_CA_ACEC/FeatureServer/0,,ACEC_RLVNCE_NPRO,2026-08-05,high_source_code,not_classified_as_water_value,authoritative_source,"This is a controlled statewide relevance category, not a detailed unit-specific value narrative."
acec-28ccd8cdd03efe,blmca-94b2ee94-af4d-4a0d-ba6a-684951cbdf49,value-c92c513f9fb0,botanical_or_ecological,natural_system,Natural systems,selected source record and semantic ACEC (one-to-one in current inventory),unresolved,Official statewide source codes natural systems as relevant (YES).,BLM CA ACEC FeatureServer,https://gis.blm.gov/caarcgis/rest/services/Planning/BLM_CA_ACEC/FeatureServer/0,,ACEC_RLVNCE_NSYS,2026-08-05,high_source_code,not_classified_as_water_value,authoritative_source,"This is a controlled statewide relevance category, not a detailed unit-specific value narrative."
acec-35f6ced14506e5,blmca-9a6fb198-1b65-4fed-b647-c212a0b65c4b,value-719317c5a283,cultural_archaeological_historic,cultural,Cultural resources,selected source record and semantic ACEC (one-to-one in current inventory),unresolved,Official statewide source codes cultural resources as relevant (YES).,BLM CA ACEC FeatureServer,https://gis.blm.gov/caarcgis/rest/services/Planning/BLM_CA_ACEC/FeatureServer/0,,ACEC_RLVNCE_CUL,2026-08-05,high_source_code,not_classified_as_water_value,authoritative_source,"This is a controlled statewide relevance category, not a detailed unit-specific value narrative."
acec-35f6ced14506e5,blmca-9a6fb198-1b65-4fed-b647-c212a0b65c4b,value-b758be9cfe0e,cultural_archaeological_historic,historic,Historic resources,selected source record and semantic ACEC (one-to-one in current inventory),unresolved,Official statewide source codes historic resources as relevant (YES).,BLM CA ACEC FeatureServer,https://gis.blm.gov/caarcgis/rest/services/Planning/BLM_CA_ACEC/FeatureServer/0,,ACEC_RLVNCE_HIS,2026-08-05,high_source_code,not_classified_as_water_value,authoritative_source,"This is a controlled statewide relevance category, not a detailed unit-specific value narrative."
acec-35f6ced14506e5,blmca-9a6fb198-1b65-4fed-b647-c212a0b65c4b,value-dffd572d7ea7,botanical_or_ecological,natural_process,Natural processes,selected source record and semantic ACEC (one-to-one in current inventory),unresolved,Official statewide source codes natural processes as relevant (YES).,BLM CA ACEC FeatureServer,https://gis.blm.gov/caarcgis/rest/services/Planning/BLM_CA_ACEC/FeatureServer/0,,ACEC_RLVNCE_NPRO,2026-08-05,high_source_code,not_classified_as_water_value,authoritative_source,"This is a controlled statewide relevance category, not a detailed unit-specific value narrative."
acec-35f6ced14506e5,blmca-9a6fb198-1b65-4fed-b647-c212a0b65c4b,value-3d27f2618325,botanical_or_ecological,natural_system,Natural systems,selected source record and semantic ACEC (one-to-one in current inventory),unresolved,Official statewide source codes natural systems as relevant (YES).,BLM CA ACEC FeatureServer,https://gis.blm.gov/caarcgis/rest/services/Planning/BLM_CA_ACEC/FeatureServer/0,,ACEC_RLVNCE_NSYS,2026-08-05,high_source_code,not_classified_as_water_value,authoritative_source,"This is a controlled statewide relevance category, not a detailed unit-specific value narrative."
acec-35f6ced14506e5,blmca-9a6fb198-1b65-4fed-b647-c212a0b65c4b,value-2dc530625a6e,wildlife_and_habitat,wildlife_resource,Wildlife resources,selected source record and semantic ACEC (one-to-one in current inventory),unresolved,Official statewide source codes wildlife resources as relevant (YES).,BLM CA ACEC FeatureServer,https://gis.blm.gov/caarcgis/rest/services/Planning/BLM_CA_ACEC/FeatureServer/0,,ACEC_RLVNCE_WRSC,2026-08-05,high_source_code,not_classified_as_water_value,authoritative_source,"This is a controlled statewide relevance category, not a detailed unit-specific value narrative."
acec-821ed0c1f6554b,blmca-3d0ce947-a446-4098-9cb0-0b6e6da2054f,value-11bce7d1225d,cultural_archaeological_historic,cultural,Cultural resources,selected source record and semantic ACEC (one-to-one in current inventory),unresolved,Official statewide source codes cultural resources as relevant (YES).,BLM CA ACEC FeatureServer,https://gis.blm.gov/caarcgis/rest/services/Planning/BLM_CA_ACEC/FeatureServer/0,,ACEC_RLVNCE_CUL,2026-08-05,high_source_code,not_classified_as_water_value,authoritative_source,"This is a controlled statewide relevance category, not a detailed unit-specific value narrative."
acec-821ed0c1f6554b,blmca-3d0ce947-a446-4098-9cb0-0b6e6da2054f,value-f1d47e2c2c81,cultural_archaeological_historic,historic,Historic resources,selected source record and semantic ACEC (one-to-one in current inventory),unresolved,Official statewide source codes historic resources as relevant (YES).,BLM CA ACEC FeatureServer,https://gis.blm.gov/caarcgis/rest/services/Planning/BLM_CA_ACEC/FeatureServer/0,,ACEC_RLVNCE_HIS,2026-08-05,high_source_code,not_classified_as_water_value,authoritative_source,"This is a controlled statewide relevance category, not a detailed unit-specific value narrative."
acec-821ed0c1f6554b,blmca-3d0ce947-a446-4098-9cb0-0b6e6da2054f,value-0882377ced69,botanical_or_ecological,natural_process,Natural processes,selected source record and semantic ACEC (one-to-one in current inventory),unresolved,Official statewide source codes natural processes as relevant (YES).,BLM CA ACEC FeatureServer,https://gis.blm.gov/caarcgis/rest/services/Planning/BLM_CA_ACEC/FeatureServer/0,,ACEC_RLVNCE_NPRO,2026-08-05,high_source_code,not_classified_as_water_value,authoritative_source,"This is a controlled statewide relevance category, not a detailed unit-specific value narrative."
acec-821ed0c1f6554b,blmca-3d0ce947-a446-4098-9cb0-0b6e6da2054f,value-92a1de853813,botanical_or_ecological,natural_system,Natural systems,selected source record and semantic ACEC (one-to-one in current inventory),unresolved,Official statewide source codes natural systems as relevant (YES).,BLM CA ACEC FeatureServer,https://gis.blm.gov/caarcgis/rest/services/Planning/BLM_CA_ACEC/FeatureServer/0,,ACEC_RLVNCE_NSYS,2026-08-05,high_source_code,not_classified_as_water_value,authoritative_source,"This is a controlled statewide relevance category, not a detailed unit-specific value narrative."
acec-821ed0c1f6554b,blmca-3d0ce947-a446-4098-9cb0-0b6e6da2054f,value-a46b15d9b738,wildlife_and_habitat,wildlife_resource,Wildlife resources,selected source record and semantic ACEC (one-to-one in current inventory),unresolved,Official statewide source codes wildlife resources as relevant (YES).,BLM CA ACEC FeatureServer,https://gis.blm.gov/caarcgis/rest/services/Planning/BLM_CA_ACEC/FeatureServer/0,,ACEC_RLVNCE_WRSC,2026-08-05,high_source_code,not_classified_as_water_value,authoritative_source,"This is a controlled statewide relevance category, not a detailed unit-specific value narrative."
acec-d7139601420d37,blmca-f66ec7b0-4c87-4402-b65c-965946d5d5ba,value-50352f781071,cultural_archaeological_historic,cultural,Cultural resources,selected source record and semantic ACEC (one-to-one in current inventory),unresolved,Official statewide source codes cultural resources as relevant (YES).,BLM CA ACEC FeatureServer,https://gis.blm.gov/caarcgis/rest/services/Planning/BLM_CA_ACEC/FeatureServer/0,,ACEC_RLVNCE_CUL,2026-08-05,high_source_code,not_classified_as_water_value,authoritative_source,"This is a controlled statewide relevance category, not a detailed unit-specific value narrative."
acec-d7139601420d37,blmca-f66ec7b0-4c87-4402-b65c-965946d5d5ba,value-63c269c85cf3,cultural_archaeological_historic,historic,Historic resources,selected source record and semantic ACEC (one-to-one in current inventory),unresolved,Official statewide source codes historic resources as relevant (YES).,BLM CA ACEC FeatureServer,https://gis.blm.gov/caarcgis/rest/services/Planning/BLM_CA_ACEC/FeatureServer/0,,ACEC_RLVNCE_HIS,2026-08-05,high_source_code,not_classified_as_water_value,authoritative_source,"This is a controlled statewide relevance category, not a detailed unit-specific value narrative."
acec-d7139601420d37,blmca-f66ec7b0-4c87-4402-b65c-965946d5d5ba,value-86113417521b,botanical_or_ecological,natural_process,Natural processes,selected source record and semantic ACEC (one-to-one in current inventory),unresolved,Official statewide source codes natural processes as relevant (YES).,BLM CA ACEC FeatureServer,https://gis.blm.gov/caarcgis/rest/services/Planning/BLM_CA_ACEC/FeatureServer/0,,ACEC_RLVNCE_NPRO,2026-08-05,high_source_code,not_classified_as_water_value,authoritative_source,"This is a controlled statewide relevance category, not a detailed unit-specific value narrative."
acec-d7139601420d37,blmca-f66ec7b0-4c87-4402-b65c-965946d5d5ba,value-23b8ea104ae0,botanical_or_ecological,natural_system,Natural systems,selected source record and semantic ACEC (one-to-one in current inventory),unresolved,Official statewide source codes natural systems as relevant (YES).,BLM CA ACEC FeatureServer,https://gis.blm.gov/caarcgis/rest/services/Planning/BLM_CA_ACEC/FeatureServer/0,,ACEC_RLVNCE_NSYS,2026-08-05,high_source_code,not_classified_as_water_value,authoritative_source,"This is a controlled statewide relevance category, not a detailed unit-specific value narrative."
acec-d7139601420d37,blmca-f66ec7b0-4c87-4402-b65c-965946d5d5ba,value-bc8179987dd4,wildlife_and_habitat,wildlife_resource,Wildlife resources,selected source record and semantic ACEC (one-to-one in current inventory),unresolved,Official statewide source codes wildlife resources as relevant (YES).,BLM CA ACEC FeatureServer,https://gis.blm.gov/caarcgis/rest/services/Planning/BLM_CA_ACEC/FeatureServer/0,,ACEC_RLVNCE_WRSC,2026-08-05,high_source_code,not_classified_as_water_value,authoritative_source,"This is a controlled statewide relevance category, not a detailed unit-specific value narrative."
acec-e5c050a3f7a22c,blmca-6c065d92-3c2d-4968-aea0-8e08319566a2,value-8d00a1aac6df,cultural_archaeological_historic,cultural,Cultural resources,selected source record and semantic ACEC (one-to-one in current inventory),unresolved,Official statewide source codes cultural resources as relevant (YES).,BLM CA ACEC FeatureServer,https://gis.blm.gov/caarcgis/rest/services/Planning/BLM_CA_ACEC/FeatureServer/0,,ACEC_RLVNCE_CUL,2026-08-05,high_source_code,not_classified_as_water_value,authoritative_source,"This is a controlled statewide relevance category, not a detailed unit-specific value narrative."
acec-e5c050a3f7a22c,blmca-6c065d92-3c2d-4968-aea0-8e08319566a2,value-0f535f74e3e6,cultural_archaeological_historic,historic,Historic resources,selected source record and semantic ACEC (one-to-one in current inventory),unresolved,Official statewide source codes historic resources as relevant (YES).,BLM CA ACEC FeatureServer,https://gis.blm.gov/caarcgis/rest/services/Planning/BLM_CA_ACEC/FeatureServer/0,,ACEC_RLVNCE_HIS,2026-08-05,high_source_code,not_classified_as_water_value,authoritative_source,"This is a controlled statewide relevance category, not a detailed unit-specific value narrative."
acec-e5c050a3f7a22c,blmca-6c065d92-3c2d-4968-aea0-8e08319566a2,value-e438144e6a55,botanical_or_ecological,natural_process,Natural processes,selected source record and semantic ACEC (one-to-one in current inventory),unresolved,Official statewide source codes natural processes as relevant (YES).,BLM CA ACEC FeatureServer,https://gis.blm.gov/caarcgis/rest/services/Planning/BLM_CA_ACEC/FeatureServer/0,,ACEC_RLVNCE_NPRO,2026-08-05,high_source_code,not_classified_as_water_value,authoritative_source,"This is a controlled statewide relevance category, not a detailed unit-specific value narrative."
acec-e5c050a3f7a22c,blmca-6c065d92-3c2d-4968-aea0-8e08319566a2,value-a5d86c03f97c,botanical_or_ecological,natural_system,Natural systems,selected source record and semantic ACEC (one-to-one in current inventory),unresolved,Official statewide source codes natural systems as relevant (YES).,BLM CA ACEC FeatureServer,https://gis.blm.gov/caarcgis/rest/services/Planning/BLM_CA_ACEC/FeatureServer/0,,ACEC_RLVNCE_NSYS,2026-08-05,high_source_code,not_classified_as_water_value,authoritative_source,"This is a controlled statewide relevance category, not a detailed unit-specific value narrative."
acec-e5c050a3f7a22c,blmca-6c065d92-3c2d-4968-aea0-8e08319566a2,value-fad70c9848de,wildlife_and_habitat,wildlife_resource,Wildlife resources,selected source record and semantic ACEC (one-to-one in current inventory),unresolved,Official statewide source codes wildlife resources as relevant (YES).,BLM CA ACEC FeatureServer,https://gis.blm.gov/caarcgis/rest/services/Planning/BLM_CA_ACEC/FeatureServer/0,,ACEC_RLVNCE_WRSC,2026-08-05,high_source_code,not_classified_as_water_value,authoritative_source,"This is a controlled statewide relevance category, not a detailed unit-specific value narrative."
acec-e6c2af6a943c42,blmca-43eb0662-ceb1-4e09-bcf2-16b58266e874,value-2d565cb4f302,cultural_archaeological_historic,cultural,Cultural resources,selected source record and semantic ACEC (one-to-one in current inventory),unresolved,Official statewide source codes cultural resources as relevant (YES).,BLM CA ACEC FeatureServer,https://gis.blm.gov/caarcgis/rest/services/Planning/BLM_CA_ACEC/FeatureServer/0,,ACEC_RLVNCE_CUL,2026-08-05,high_source_code,not_classified_as_water_value,authoritative_source,"This is a controlled statewide relevance category, not a detailed unit-specific value narrative."
acec-e6c2af6a943c42,blmca-43eb0662-ceb1-4e09-bcf2-16b58266e874,value-7383e11713ad,cultural_archaeological_historic,historic,Historic resources,selected source record and semantic ACEC (one-to-one in current inventory),unresolved,Official statewide source codes historic resources as relevant (YES).,BLM CA ACEC FeatureServer,https://gis.blm.gov/caarcgis/rest/services/Planning/BLM_CA_ACEC/FeatureServer/0,,ACEC_RLVNCE_HIS,2026-08-05,high_source_code,not_classified_as_water_value,authoritative_source,"This is a controlled statewide relevance category, not a detailed unit-specific value narrative."
acec-e6c2af6a943c42,blmca-43eb0662-ceb1-4e09-bcf2-16b58266e874,value-14dc013c6b18,botanical_or_ecological,natural_process,Natural processes,selected source record and semantic ACEC (one-to-one in current inventory),unresolved,Official statewide source codes natural processes as relevant (YES).,BLM CA ACEC FeatureServer,https://gis.blm.gov/caarcgis/rest/services/Planning/BLM_CA_ACEC/FeatureServer/0,,ACEC_RLVNCE_NPRO,2026-08-05,high_source_code,not_classified_as_water_value,authoritative_source,"This is a controlled statewide relevance category, not a detailed unit-specific value narrative."
acec-e6c2af6a943c42,blmca-43eb0662-ceb1-4e09-bcf2-16b58266e874,value-18e32a60a93c,botanical_or_ecological,natural_system,Natural systems,selected source record and semantic ACEC (one-to-one in current inventory),unresolved,Official statewide source codes natural systems as relevant (YES).,BLM CA ACEC FeatureServer,https://gis.blm.gov/caarcgis/rest/services/Planning/BLM_CA_ACEC/FeatureServer/0,,ACEC_RLVNCE_NSYS,2026-08-05,high_source_code,not_classified_as_water_value,authoritative_source,"This is a controlled statewide relevance category, not a detailed unit-specific value narrative."
acec-e6c2af6a943c42,blmca-43eb0662-ceb1-4e09-bcf2-16b58266e874,value-27a2ec3df118,wildlife_and_habitat,wildlife_resource,Wildlife resources,selected source record and semantic ACEC (one-to-one in current inventory),unresolved,Official statewide source codes wildlife resources as relevant (YES).,BLM CA ACEC FeatureServer,https://gis.blm.gov/caarcgis/rest/services/Planning/BLM_CA_ACEC/FeatureServer/0,,ACEC_RLVNCE_WRSC,2026-08-05,high_source_code,not_classified_as_water_value,authoritative_source,"This is a controlled statewide relevance category, not a detailed unit-specific value narrative."
acec-44648eb1139d38,blmca-42578129-aab2-486b-a8e3-b03f7f06b598,value-2e9d51a761f5,cultural_archaeological_historic,historic,Historic resources,selected source record and semantic ACEC (one-to-one in current inventory),unresolved,Official statewide source codes historic resources as relevant (YES).,BLM CA ACEC FeatureServer,https://gis.blm.gov/caarcgis/rest/services/Planning/BLM_CA_ACEC/FeatureServer/0,,ACEC_RLVNCE_HIS,2026-08-05,high_source_code,not_classified_as_water_value,authoritative_source,"This is a controlled statewide relevance category, not a detailed unit-specific value narrative."
acec-44648eb1139d38,blmca-42578129-aab2-486b-a8e3-b03f7f06b598,value-d77a20924fd5,botanical_or_ecological,natural_process,Natural processes,selected source record and semantic ACEC (one-to-one in current inventory),unresolved,Official statewide source codes natural processes as relevant (YES).,BLM CA ACEC FeatureServer,https://gis.blm.gov/caarcgis/rest/services/Planning/BLM_CA_ACEC/FeatureServer/0,,ACEC_RLVNCE_NPRO,2026-08-05,high_source_code,not_classified_as_water_value,authoritative_source,"This is a controlled statewide relevance category, not a detailed unit-specific value narrative."
acec-44648eb1139d38,blmca-42578129-aab2-486b-a8e3-b03f7f06b598,value-c74cfa5d73ab,botanical_or_ecological,natural_system,Natural systems,selected source record and semantic ACEC (one-to-one in current inventory),unresolved,Official statewide source codes natural systems as relevant (YES).,BLM CA ACEC FeatureServer,https://gis.blm.gov/caarcgis/rest/services/Planning/BLM_CA_ACEC/FeatureServer/0,,ACEC_RLVNCE_NSYS,2026-08-05,high_source_code,not_classified_as_water_value,authoritative_source,"This is a controlled statewide relevance category, not a detailed unit-specific value narrative."
acec-44648eb1139d38,blmca-42578129-aab2-486b-a8e3-b03f7f06b598,value-9099f37556bf,scenic,scenic,Scenic values,selected source record and semantic ACEC (one-to-one in current inventory),unresolved,Official statewide source codes scenic values as relevant (YES).,BLM CA ACEC FeatureServer,https://gis.blm.gov/caarcgis/rest/services/Planning/BLM_CA_ACEC/FeatureServer/0,,ACEC_RLVNCE_SCE,2026-08-05,high_source_code,not_classified_as_water_value,authoritative_source,"This is a controlled statewide relevance category, not a detailed unit-specific value narrative."
acec-13046e763ce21f,blmca-27022dc7-3d45-4769-8f3b-d6c331222db1,value-d7edb8d97f3c,botanical_or_ecological,natural_system,Natural systems,selected source record and semantic ACEC (one-to-one in current inventory),unresolved,Official statewide source codes natural systems as relevant (YES).,BLM CA ACEC FeatureServer,https://gis.blm.gov/caarcgis/rest/services/Planning/BLM_CA_ACEC/FeatureServer/0,,ACEC_RLVNCE_NSYS,2026-08-05,high_source_code,not_classified_as_water_value,authoritative_source,"This is a controlled statewide relevance category, not a detailed unit-specific value narrative."
acec-13046e763ce21f,blmca-27022dc7-3d45-4769-8f3b-d6c331222db1,value-25cfaa593432,wildlife_and_habitat,wildlife_resource,Wildlife resources,selected source record and semantic ACEC (one-to-one in current inventory),unresolved,Official statewide source codes wildlife resources as relevant (YES).,BLM CA ACEC FeatureServer,https://gis.blm.gov/caarcgis/rest/services/Planning/BLM_CA_ACEC/FeatureServer/0,,ACEC_RLVNCE_WRSC,2026-08-05,high_source_code,not_classified_as_water_value,authoritative_source,"This is a controlled statewide relevance category, not a detailed unit-specific value narrative."
acec-992f147c29afe1,blmca-60acdf75-d342-4559-a838-81bc1809c6ee,value-5fb47627b214,botanical_or_ecological,natural_process,Natural processes,selected source record and semantic ACEC (one-to-one in current inventory),unresolved,Official statewide source codes natural processes as relevant (YES).,BLM CA ACEC FeatureServer,https://gis.blm.gov/caarcgis/rest/services/Planning/BLM_CA_ACEC/FeatureServer/0,,ACEC_RLVNCE_NPRO,2026-08-05,high_source_code,not_classified_as_water_value,authoritative_source,"This is a controlled statewide relevance category, not a detailed unit-specific value narrative."
acec-992f147c29afe1,blmca-60acdf75-d342-4559-a838-81bc1809c6ee,value-53dd775e579e,botanical_or_ecological,natural_system,Natural systems,selected source record and semantic ACEC (one-to-one in current inventory),unresolved,Official statewide source codes natural systems as relevant (YES).,BLM CA ACEC FeatureServer,https://gis.blm.gov/caarcgis/rest/services/Planning/BLM_CA_ACEC/FeatureServer/0,,ACEC_RLVNCE_NSYS,2026-08-05,high_source_code,not_classified_as_water_value,authoritative_source,"This is a controlled statewide relevance category, not a detailed unit-specific value narrative."
acec-992f147c29afe1,blmca-60acdf75-d342-4559-a838-81bc1809c6ee,value-fa84b0fac40e,wildlife_and_habitat,wildlife_resource,Wildlife resources,selected source record and semantic ACEC (one-to-one in current inventory),unresolved,Official statewide source codes wildlife resources as relevant (YES).,BLM CA ACEC FeatureServer,https://gis.blm.gov/caarcgis/rest/services/Planning/BLM_CA_ACEC/FeatureServer/0,,ACEC_RLVNCE_WRSC,2026-08-05,high_source_code,not_classified_as_water_value,authoritative_source,"This is a controlled statewide relevance category, not a detailed unit-specific value narrative."
acec-2b90609859ce74,blmca-ea029309-dbbc-465c-89d1-57f3eab75021,value-36747016c4d8,cultural_archaeological_historic,cultural,Cultural resources,selected source record and semantic ACEC (one-to-one in current inventory),unresolved,Official statewide source codes cultural resources as relevant (YES).,BLM CA ACEC FeatureServer,https://gis.blm.gov/caarcgis/rest/services/Planning/BLM_CA_ACEC/FeatureServer/0,,ACEC_RLVNCE_CUL,2026-08-05,high_source_code,not_classified_as_water_value,authoritative_source,"This is a controlled statewide relevance category, not a detailed unit-specific value narrative."
acec-2b90609859ce74,blmca-ea029309-dbbc-465c-89d1-57f3eab75021,value-c86adc115acc,cultural_archaeological_historic,historic,Historic resources,selected source record and semantic ACEC (one-to-one in current inventory),unresolved,Official statewide source codes historic resources as relevant (YES).,BLM CA ACEC FeatureServer,https://gis.blm.gov/caarcgis/rest/services/Planning/BLM_CA_ACEC/FeatureServer/0,,ACEC_RLVNCE_HIS,2026-08-05,high_source_code,not_classified_as_water_value,authoritative_source,"This is a controlled statewide relevance category, not a detailed unit-specific value narrative."
acec-2b90609859ce74,blmca-ea029309-dbbc-465c-89d1-57f3eab75021,value-9ea0412c8245,botanical_or_ecological,natural_process,Natural processes,selected source record and semantic ACEC (one-to-one in current inventory),unresolved,Official statewide source codes natural processes as relevant (YES).,BLM CA ACEC FeatureServer,https://gis.blm.gov/caarcgis/rest/services/Planning/BLM_CA_ACEC/FeatureServer/0,,ACEC_RLVNCE_NPRO,2026-08-05,high_source_code,not_classified_as_water_value,authoritative_source,"This is a controlled statewide relevance category, not a detailed unit-specific value narrative."
acec-2b90609859ce74,blmca-ea029309-dbbc-465c-89d1-57f3eab75021,value-895a9034f4cb,botanical_or_ecological,natural_system,Natural systems,selected source record and semantic ACEC (one-to-one in current inventory),unresolved,Official statewide source codes natural systems as relevant (YES).,BLM CA ACEC FeatureServer,https://gis.blm.gov/caarcgis/rest/services/Planning/BLM_CA_ACEC/FeatureServer/0,,ACEC_RLVNCE_NSYS,2026-08-05,high_source_code,not_classified_as_water_value,authoritative_source,"This is a controlled statewide relevance category, not a detailed unit-specific value narrative."
acec-2b90609859ce74,blmca-ea029309-dbbc-465c-89d1-57f3eab75021,value-8870fc76d19a,wildlife_and_habitat,wildlife_resource,Wildlife resources,selected source record and semantic ACEC (one-to-one in current inventory),unresolved,Official statewide source codes wildlife resources as relevant (YES).,BLM CA ACEC FeatureServer,https://gis.blm.gov/caarcgis/rest/services/Planning/BLM_CA_ACEC/FeatureServer/0,,ACEC_RLVNCE_WRSC,2026-08-05,high_source_code,not_classified_as_water_value,authoritative_source,"This is a controlled statewide relevance category, not a detailed unit-specific value narrative."
acec-c825ac751c4b6c,blmca-c90e4a2d-4b09-4d51-94aa-508de4885b66,value-ba4d35a5f855,botanical_or_ecological,natural_process,Natural processes,selected source record and semantic ACEC (one-to-one in current inventory),unresolved,Official statewide source codes natural processes as relevant (YES).,BLM CA ACEC FeatureServer,https://gis.blm.gov/caarcgis/rest/services/Planning/BLM_CA_ACEC/FeatureServer/0,,ACEC_RLVNCE_NPRO,2026-08-05,high_source_code,not_classified_as_water_value,authoritative_source,"This is a controlled statewide relevance category, not a detailed unit-specific value narrative."
acec-c825ac751c4b6c,blmca-c90e4a2d-4b09-4d51-94aa-508de4885b66,value-5224d88427df,botanical_or_ecological,natural_system,Natural systems,selected source record and semantic ACEC (one-to-one in current inventory),unresolved,Official statewide source codes natural systems as relevant (YES).,BLM CA ACEC FeatureServer,https://gis.blm.gov/caarcgis/rest/services/Planning/BLM_CA_ACEC/FeatureServer/0,,ACEC_RLVNCE_NSYS,2026-08-05,high_source_code,not_classified_as_water_value,authoritative_source,"This is a controlled statewide relevance category, not a detailed unit-specific value narrative."
acec-c825ac751c4b6c,blmca-c90e4a2d-4b09-4d51-94aa-508de4885b66,value-2b9444a02006,wildlife_and_habitat,wildlife_resource,Wildlife resources,selected source record and semantic ACEC (one-to-one in current inventory),unresolved,Official statewide source codes wildlife resources as relevant (YES).,BLM CA ACEC FeatureServer,https://gis.blm.gov/caarcgis/rest/services/Planning/BLM_CA_ACEC/FeatureServer/0,,ACEC_RLVNCE_WRSC,2026-08-05,high_source_code,not_classified_as_water_value,authoritative_source,"This is a controlled statewide relevance category, not a detailed unit-specific value narrative."
acec-dd295da0d03980,blmca-6d1c822b-82e0-4ba7-b0b4-7ac498378cff,value-f98dd50baae4,cultural_archaeological_historic,cultural,Cultural resources,selected source record and semantic ACEC (one-to-one in current inventory),unresolved,Official statewide source codes cultural resources as relevant (YES).,BLM CA ACEC FeatureServer,https://gis.blm.gov/caarcgis/rest/services/Planning/BLM_CA_ACEC/FeatureServer/0,,ACEC_RLVNCE_CUL,2026-08-05,high_source_code,not_classified_as_water_value,authoritative_source,"This is a controlled statewide relevance category, not a detailed unit-specific value narrative."
acec-dd295da0d03980,blmca-6d1c822b-82e0-4ba7-b0b4-7ac498378cff,value-3b6153364176,water_aquatic,fish_resource,Fish or aquatic resources,selected source record and semantic ACEC (one-to-one in current inventory),unresolved,Official statewide source codes fish or aquatic resources as relevant (YES).,BLM CA ACEC FeatureServer,https://gis.blm.gov/caarcgis/rest/services/Planning/BLM_CA_ACEC/FeatureServer/0,,ACEC_RLVNCE_FRSC,2026-08-05,high_source_code,designation_value,authoritative_source,"This is a controlled statewide relevance category, not a detailed unit-specific value narrative."
acec-dd295da0d03980,blmca-6d1c822b-82e0-4ba7-b0b4-7ac498378cff,value-e722b04bc696,cultural_archaeological_historic,historic,Historic resources,selected source record and semantic ACEC (one-to-one in current inventory),unresolved,Official statewide source codes historic resources as relevant (YES).,BLM CA ACEC FeatureServer,https://gis.blm.gov/caarcgis/rest/services/Planning/BLM_CA_ACEC/FeatureServer/0,,ACEC_RLVNCE_HIS,2026-08-05,high_source_code,not_classified_as_water_value,authoritative_source,"This is a controlled statewide relevance category, not a detailed unit-specific value narrative."
acec-dd295da0d03980,blmca-6d1c822b-82e0-4ba7-b0b4-7ac498378cff,value-86c0f03d2bf4,botanical_or_ecological,natural_process,Natural processes,selected source record and semantic ACEC (one-to-one in current inventory),unresolved,Official statewide source codes natural processes as relevant (YES).,BLM CA ACEC FeatureServer,https://gis.blm.gov/caarcgis/rest/services/Planning/BLM_CA_ACEC/FeatureServer/0,,ACEC_RLVNCE_NPRO,2026-08-05,high_source_code,not_classified_as_water_value,authoritative_source,"This is a controlled statewide relevance category, not a detailed unit-specific value narrative."
acec-dd295da0d03980,blmca-6d1c822b-82e0-4ba7-b0b4-7ac498378cff,value-f8dff754ba0a,botanical_or_ecological,natural_system,Natural systems,selected source record and semantic ACEC (one-to-one in current inventory),unresolved,Official statewide source codes natural systems as relevant (YES).,BLM CA ACEC FeatureServer,https://gis.blm.gov/caarcgis/rest/services/Planning/BLM_CA_ACEC/FeatureServer/0,,ACEC_RLVNCE_NSYS,2026-08-05,high_source_code,not_classified_as_water_value,authoritative_source,"This is a controlled statewide relevance category, not a detailed unit-specific value narrative."
acec-dd295da0d03980,blmca-6d1c822b-82e0-4ba7-b0b4-7ac498378cff,value-ddce178f528f,scenic,scenic,Scenic values,selected source record and semantic ACEC (one-to-one in current inventory),unresolved,Official statewide source codes scenic values as relevant (YES).,BLM CA ACEC FeatureServer,https://gis.blm.gov/caarcgis/rest/services/Planning/BLM_CA_ACEC/FeatureServer/0,,ACEC_RLVNCE_SCE,2026-08-05,high_source_code,not_classified_as_water_value,authoritative_source,"This is a controlled statewide relevance category, not a detailed unit-specific value narrative."
acec-dd295da0d03980,blmca-6d1c822b-82e0-4ba7-b0b4-7ac498378cff,value-b7de608b39c5,wildlife_and_habitat,wildlife_resource,Wildlife resources,selected source record and semantic ACEC (one-to-one in current inventory),unresolved,Official statewide source codes wildlife resources as relevant (YES).,BLM CA ACEC FeatureServer,https://gis.blm.gov/caarcgis/rest/services/Planning/BLM_CA_ACEC/FeatureServer/0,,ACEC_RLVNCE_WRSC,2026-08-05,high_source_code,not_classified_as_water_value,authoritative_source,"This is a controlled statewide relevance category, not a detailed unit-specific value narrative."
acec-e9e3b76fe04173,blmca-44ef747f-48ca-4b4b-9530-914c2a20f4af,value-950011ac27fb,cultural_archaeological_historic,cultural,Cultural resources,selected source record and semantic ACEC (one-to-one in current inventory),unresolved,Official statewide source codes cultural resources as relevant (YES).,BLM CA ACEC FeatureServer,https://gis.blm.gov/caarcgis/rest/services/Planning/BLM_CA_ACEC/FeatureServer/0,,ACEC_RLVNCE_CUL,2026-08-05,high_source_code,not_classified_as_water_value,authoritative_source,"This is a controlled statewide relevance category, not a detailed unit-specific value narrative."
acec-e9e3b76fe04173,blmca-44ef747f-48ca-4b4b-9530-914c2a20f4af,value-67811a74f92b,cultural_archaeological_historic,historic,Historic resources,selected source record and semantic ACEC (one-to-one in current inventory),unresolved,Official statewide source codes historic resources as relevant (YES).,BLM CA ACEC FeatureServer,https://gis.blm.gov/caarcgis/rest/services/Planning/BLM_CA_ACEC/FeatureServer/0,,ACEC_RLVNCE_HIS,2026-08-05,high_source_code,not_classified_as_water_value,authoritative_source,"This is a controlled statewide relevance category, not a detailed unit-specific value narrative."
acec-e9e3b76fe04173,blmca-44ef747f-48ca-4b4b-9530-914c2a20f4af,value-ae054340882e,botanical_or_ecological,natural_process,Natural processes,selected source record and semantic ACEC (one-to-one in current inventory),unresolved,Official statewide source codes natural processes as relevant (YES).,BLM CA ACEC FeatureServer,https://gis.blm.gov/caarcgis/rest/services/Planning/BLM_CA_ACEC/FeatureServer/0,,ACEC_RLVNCE_NPRO,2026-08-05,high_source_code,not_classified_as_water_value,authoritative_source,"This is a controlled statewide relevance category, not a detailed unit-specific value narrative."
acec-e9e3b76fe04173,blmca-44ef747f-48ca-4b4b-9530-914c2a20f4af,value-2888e4931d17,botanical_or_ecological,natural_system,Natural systems,selected source record and semantic ACEC (one-to-one in current inventory),unresolved,Official statewide source codes natural systems as relevant (YES).,BLM CA ACEC FeatureServer,https://gis.blm.gov/caarcgis/rest/services/Planning/BLM_CA_ACEC/FeatureServer/0,,ACEC_RLVNCE_NSYS,2026-08-05,high_source_code,not_classified_as_water_value,authoritative_source,"This is a controlled statewide relevance category, not a detailed unit-specific value narrative."
acec-029d324461b4fd,blmca-e21a309e-c494-49b6-96e5-ba5a83888949,value-76173c1fdacd,cultural_archaeological_historic,cultural,Cultural resources,selected source record and semantic ACEC (one-to-one in current inventory),unresolved,Official statewide source codes cultural resources as relevant (YES).,BLM CA ACEC FeatureServer,https://gis.blm.gov/caarcgis/rest/services/Planning/BLM_CA_ACEC/FeatureServer/0,,ACEC_RLVNCE_CUL,2026-08-05,high_source_code,not_classified_as_water_value,authoritative_source,"This is a controlled statewide relevance category, not a detailed unit-specific value narrative."
acec-029d324461b4fd,blmca-e21a309e-c494-49b6-96e5-ba5a83888949,value-ef267666937d,cultural_archaeological_historic,historic,Historic resources,selected source record and semantic ACEC (one-to-one in current inventory),unresolved,Official statewide source codes historic resources as relevant (YES).,BLM CA ACEC FeatureServer,https://gis.blm.gov/caarcgis/rest/services/Planning/BLM_CA_ACEC/FeatureServer/0,,ACEC_RLVNCE_HIS,2026-08-05,high_source_code,not_classified_as_water_value,authoritative_source,"This is a controlled statewide relevance category, not a detailed unit-specific value narrative."
acec-029d324461b4fd,blmca-e21a309e-c494-49b6-96e5-ba5a83888949,value-da458ddb43fd,botanical_or_ecological,natural_process,Natural processes,selected source record and semantic ACEC (one-to-one in current inventory),unresolved,Official statewide source codes natural processes as relevant (YES).,BLM CA ACEC FeatureServer,https://gis.blm.gov/caarcgis/rest/services/Planning/BLM_CA_ACEC/FeatureServer/0,,ACEC_RLVNCE_NPRO,2026-08-05,high_source_code,not_classified_as_water_value,authoritative_source,"This is a controlled statewide relevance category, not a detailed unit-specific value narrative."
acec-029d324461b4fd,blmca-e21a309e-c494-49b6-96e5-ba5a83888949,value-683c5e916350,botanical_or_ecological,natural_system,Natural systems,selected source record and semantic ACEC (one-to-one in current inventory),unresolved,Official statewide source codes natural systems as relevant (YES).,BLM CA ACEC FeatureServer,https://gis.blm.gov/caarcgis/rest/services/Planning/BLM_CA_ACEC/FeatureServer/0,,ACEC_RLVNCE_NSYS,2026-08-05,high_source_code,not_classified_as_water_value,authoritative_source,"This is a controlled statewide relevance category, not a detailed unit-specific value narrative."
acec-029d324461b4fd,blmca-e21a309e-c494-49b6-96e5-ba5a83888949,value-b8a648319853,scenic,scenic,Scenic values,selected source record and semantic ACEC (one-to-one in current inventory),unresolved,Official statewide source codes scenic values as relevant (YES).,BLM CA ACEC FeatureServer,https://gis.blm.gov/caarcgis/rest/services/Planning/BLM_CA_ACEC/FeatureServer/0,,ACEC_RLVNCE_SCE,2026-08-05,high_source_code,not_classified_as_water_value,authoritative_source,"This is a controlled statewide relevance category, not a detailed unit-specific value narrative."
acec-029d324461b4fd,blmca-e21a309e-c494-49b6-96e5-ba5a83888949,value-a33f391efd2d,wildlife_and_habitat,wildlife_resource,Wildlife resources,selected source record and semantic ACEC (one-to-one in current inventory),unresolved,Official statewide source codes wildlife resources as relevant (YES).,BLM CA ACEC FeatureServer,https://gis.blm.gov/caarcgis/rest/services/Planning/BLM_CA_ACEC/FeatureServer/0,,ACEC_RLVNCE_WRSC,2026-08-05,high_source_code,not_classified_as_water_value,authoritative_source,"This is a controlled statewide relevance category, not a detailed unit-specific value narrative."
acec-0db5fa64bf3ed1,blmca-902a2b47-ec57-4e96-bbf1-356228b9bc0f,value-c9af6805a7d9,cultural_archaeological_historic,cultural,Cultural resources,selected source record and semantic ACEC (one-to-one in current inventory),unresolved,Official statewide source codes cultural resources as relevant (YES).,BLM CA ACEC FeatureServer,https://gis.blm.gov/caarcgis/rest/services/Planning/BLM_CA_ACEC/FeatureServer/0,,ACEC_RLVNCE_CUL,2026-08-05,high_source_code,not_classified_as_water_value,authoritative_source,"This is a controlled statewide relevance category, not a detailed unit-specific value narrative."
acec-0db5fa64bf3ed1,blmca-902a2b47-ec57-4e96-bbf1-356228b9bc0f,value-f0157f336f98,cultural_archaeological_historic,historic,Historic resources,selected source record and semantic ACEC (one-to-one in current inventory),unresolved,Official statewide source codes historic resources as relevant (YES).,BLM CA ACEC FeatureServer,https://gis.blm.gov/caarcgis/rest/services/Planning/BLM_CA_ACEC/FeatureServer/0,,ACEC_RLVNCE_HIS,2026-08-05,high_source_code,not_classified_as_water_value,authoritative_source,"This is a controlled statewide relevance category, not a detailed unit-specific value narrative."
acec-0db5fa64bf3ed1,blmca-902a2b47-ec57-4e96-bbf1-356228b9bc0f,value-0c5c7979cae7,scenic,scenic,Scenic values,selected source record and semantic ACEC (one-to-one in current inventory),unresolved,Official statewide source codes scenic values as relevant (YES).,BLM CA ACEC FeatureServer,https://gis.blm.gov/caarcgis/rest/services/Planning/BLM_CA_ACEC/FeatureServer/0,,ACEC_RLVNCE_SCE,2026-08-05,high_source_code,not_classified_as_water_value,authoritative_source,"This is a controlled statewide relevance category, not a detailed unit-specific value narrative."
acec-f36059a52d6337,blmca-0f2d7bb9-74a0-4f4b-92f8-4230c2e04c47,value-52f087c4c561,cultural_archaeological_historic,historic,Historic resources,selected source record and semantic ACEC (one-to-one in current inventory),unresolved,Official statewide source codes historic resources as relevant (YES).,BLM CA ACEC FeatureServer,https://gis.blm.gov/caarcgis/rest/services/Planning/BLM_CA_ACEC/FeatureServer/0,,ACEC_RLVNCE_HIS,2026-08-05,high_source_code,not_classified_as_water_value,authoritative_source,"This is a controlled statewide relevance category, not a detailed unit-specific value narrative."
acec-f36059a52d6337,blmca-0f2d7bb9-74a0-4f4b-92f8-4230c2e04c47,value-e4915b0794e3,botanical_or_ecological,natural_system,Natural systems,selected source record and semantic ACEC (one-to-one in current inventory),unresolved,Official statewide source codes natural systems as relevant (YES).,BLM CA ACEC FeatureServer,https://gis.blm.gov/caarcgis/rest/services/Planning/BLM_CA_ACEC/FeatureServer/0,,ACEC_RLVNCE_NSYS,2026-08-05,high_source_code,not_classified_as_water_value,authoritative_source,"This is a controlled statewide relevance category, not a detailed unit-specific value narrative."
acec-59613849770fce,blmca-b201fdac-dbf3-476a-9c99-c9daedadb7c4,value-075ede394bd7,cultural_archaeological_historic,cultural,Cultural resources,selected source record and semantic ACEC (one-to-one in current inventory),unresolved,Official statewide source codes cultural resources as relevant (YES).,BLM CA ACEC FeatureServer,https://gis.blm.gov/caarcgis/rest/services/Planning/BLM_CA_ACEC/FeatureServer/0,,ACEC_RLVNCE_CUL,2026-08-05,high_source_code,not_classified_as_water_value,authoritative_source,"This is a controlled statewide relevance category, not a detailed unit-specific value narrative."
acec-59613849770fce,blmca-b201fdac-dbf3-476a-9c99-c9daedadb7c4,value-f9bb83573a5c,cultural_archaeological_historic,historic,Historic resources,selected source record and semantic ACEC (one-to-one in current inventory),unresolved,Official statewide source codes historic resources as relevant (YES).,BLM CA ACEC FeatureServer,https://gis.blm.gov/caarcgis/rest/services/Planning/BLM_CA_ACEC/FeatureServer/0,,ACEC_RLVNCE_HIS,2026-08-05,high_source_code,not_classified_as_water_value,authoritative_source,"This is a controlled statewide relevance category, not a detailed unit-specific value narrative."
acec-59613849770fce,blmca-b201fdac-dbf3-476a-9c99-c9daedadb7c4,value-6424d22c40fc,wildlife_and_habitat,wildlife_resource,Wildlife resources,selected source record and semantic ACEC (one-to-one in current inventory),unresolved,Official statewide source codes wildlife resources as relevant (YES).,BLM CA ACEC FeatureServer,https://gis.blm.gov/caarcgis/rest/services/Planning/BLM_CA_ACEC/FeatureServer/0,,ACEC_RLVNCE_WRSC,2026-08-05,high_source_code,not_classified_as_water_value,authoritative_source,"This is a controlled statewide relevance category, not a detailed unit-specific value narrative."
acec-e7b7796f0ade7a,blmca-820b1404-7fe7-41ac-bc0e-6f92bf2bce30,value-5f39001284b9,cultural_archaeological_historic,cultural,Cultural resources,selected source record and semantic ACEC (one-to-one in current inventory),unresolved,Official statewide source codes cultural resources as relevant (YES).,BLM CA ACEC FeatureServer,https://gis.blm.gov/caarcgis/rest/services/Planning/BLM_CA_ACEC/FeatureServer/0,,ACEC_RLVNCE_CUL,2026-08-05,high_source_code,not_classified_as_water_value,authoritative_source,"This is a controlled statewide relevance category, not a detailed unit-specific value narrative."
acec-e7b7796f0ade7a,blmca-820b1404-7fe7-41ac-bc0e-6f92bf2bce30,value-fc4f5a03e5ce,cultural_archaeological_historic,historic,Historic resources,selected source record and semantic ACEC (one-to-one in current inventory),unresolved,Official statewide source codes historic resources as relevant (YES).,BLM CA ACEC FeatureServer,https://gis.blm.gov/caarcgis/rest/services/Planning/BLM_CA_ACEC/FeatureServer/0,,ACEC_RLVNCE_HIS,2026-08-05,high_source_code,not_classified_as_water_value,authoritative_source,"This is a controlled statewide relevance category, not a detailed unit-specific value narrative."
acec-e7b7796f0ade7a,blmca-820b1404-7fe7-41ac-bc0e-6f92bf2bce30,value-fccd930060f1,botanical_or_ecological,natural_process,Natural processes,selected source record and semantic ACEC (one-to-one in current inventory),unresolved,Official statewide source codes natural processes as relevant (YES).,BLM CA ACEC FeatureServer,https://gis.blm.gov/caarcgis/rest/services/Planning/BLM_CA_ACEC/FeatureServer/0,,ACEC_RLVNCE_NPRO,2026-08-05,high_source_code,not_classified_as_water_value,authoritative_source,"This is a controlled statewide relevance category, not a detailed unit-specific value narrative."
acec-e7b7796f0ade7a,blmca-820b1404-7fe7-41ac-bc0e-6f92bf2bce30,value-ce73b2dbd7df,botanical_or_ecological,natural_system,Natural systems,selected source record and semantic ACEC (one-to-one in current inventory),unresolved,Official statewide source codes natural systems as relevant (YES).,BLM CA ACEC FeatureServer,https://gis.blm.gov/caarcgis/rest/services/Planning/BLM_CA_ACEC/FeatureServer/0,,ACEC_RLVNCE_NSYS,2026-08-05,high_source_code,not_classified_as_water_value,authoritative_source,"This is a controlled statewide relevance category, not a detailed unit-specific value narrative."
acec-e7b7796f0ade7a,blmca-820b1404-7fe7-41ac-bc0e-6f92bf2bce30,value-a59248a12aa3,wildlife_and_habitat,wildlife_resource,Wildlife resources,selected source record and semantic ACEC (one-to-one in current inventory),unresolved,Official statewide source codes wildlife resources as relevant (YES).,BLM CA ACEC FeatureServer,https://gis.blm.gov/caarcgis/rest/services/Planning/BLM_CA_ACEC/FeatureServer/0,,ACEC_RLVNCE_WRSC,2026-08-05,high_source_code,not_classified_as_water_value,authoritative_source,"This is a controlled statewide relevance category, not a detailed unit-specific value narrative."
acec-0f04a118816070,blmca-811bdfe8-ba07-4b03-b4b9-d22f3409278d,value-c468be58ad91,botanical_or_ecological,natural_process,Natural processes,selected source record and semantic ACEC (one-to-one in current inventory),unresolved,Official statewide source codes natural processes as relevant (YES).,BLM CA ACEC FeatureServer,https://gis.blm.gov/caarcgis/rest/services/Planning/BLM_CA_ACEC/FeatureServer/0,,ACEC_RLVNCE_NPRO,2026-08-05,high_source_code,not_classified_as_water_value,authoritative_source,"This is a controlled statewide relevance category, not a detailed unit-specific value narrative."
acec-0f04a118816070,blmca-811bdfe8-ba07-4b03-b4b9-d22f3409278d,value-d91036fddb66,botanical_or_ecological,natural_system,Natural systems,selected source record and semantic ACEC (one-to-one in current inventory),unresolved,Official statewide source codes natural systems as relevant (YES).,BLM CA ACEC FeatureServer,https://gis.blm.gov/caarcgis/rest/services/Planning/BLM_CA_ACEC/FeatureServer/0,,ACEC_RLVNCE_NSYS,2026-08-05,high_source_code,not_classified_as_water_value,authoritative_source,"This is a controlled statewide relevance category, not a detailed unit-specific value narrative."
acec-0f04a118816070,blmca-811bdfe8-ba07-4b03-b4b9-d22f3409278d,value-17f0b098cf45,wildlife_and_habitat,wildlife_resource,Wildlife resources,selected source record and semantic ACEC (one-to-one in current inventory),unresolved,Official statewide source codes wildlife resources as relevant (YES).,BLM CA ACEC FeatureServer,https://gis.blm.gov/caarcgis/rest/services/Planning/BLM_CA_ACEC/FeatureServer/0,,ACEC_RLVNCE_WRSC,2026-08-05,high_source_code,not_classified_as_water_value,authoritative_source,"This is a controlled statewide relevance category, not a detailed unit-specific value narrative."
acec-22fd99f1f52a11,blmca-bf76f70d-1c12-4b48-bbe4-907249edc264,value-b1279a337a9b,botanical_or_ecological,natural_process,Natural processes,selected source record and semantic ACEC (one-to-one in current inventory),unresolved,Official statewide source codes natural processes as relevant (YES).,BLM CA ACEC FeatureServer,https://gis.blm.gov/caarcgis/rest/services/Planning/BLM_CA_ACEC/FeatureServer/0,,ACEC_RLVNCE_NPRO,2026-08-05,high_source_code,not_classified_as_water_value,authoritative_source,"This is a controlled statewide relevance category, not a detailed unit-specific value narrative."
acec-22fd99f1f52a11,blmca-bf76f70d-1c12-4b48-bbe4-907249edc264,value-29d94283a43a,botanical_or_ecological,natural_system,Natural systems,selected source record and semantic ACEC (one-to-one in current inventory),unresolved,Official statewide source codes natural systems as relevant (YES).,BLM CA ACEC FeatureServer,https://gis.blm.gov/caarcgis/rest/services/Planning/BLM_CA_ACEC/FeatureServer/0,,ACEC_RLVNCE_NSYS,2026-08-05,high_source_code,not_classified_as_water_value,authoritative_source,"This is a controlled statewide relevance category, not a detailed unit-specific value narrative."
acec-29f7d98ecf0deb,blmca-ae7d5cb5-2178-4c82-8374-058cda630fe0,value-b8f70c4c2bfd,botanical_or_ecological,natural_system,Natural systems,selected source record and semantic ACEC (one-to-one in current inventory),unresolved,Official statewide source codes natural systems as relevant (YES).,BLM CA ACEC FeatureServer,https://gis.blm.gov/caarcgis/rest/services/Planning/BLM_CA_ACEC/FeatureServer/0,,ACEC_RLVNCE_NSYS,2026-08-05,high_source_code,not_classified_as_water_value,authoritative_source,"This is a controlled statewide relevance category, not a detailed unit-specific value narrative."
acec-29f7d98ecf0deb,blmca-ae7d5cb5-2178-4c82-8374-058cda630fe0,value-5c7f92476df2,scenic,scenic,Scenic values,selected source record and semantic ACEC (one-to-one in current inventory),unresolved,Official statewide source codes scenic values as relevant (YES).,BLM CA ACEC FeatureServer,https://gis.blm.gov/caarcgis/rest/services/Planning/BLM_CA_ACEC/FeatureServer/0,,ACEC_RLVNCE_SCE,2026-08-05,high_source_code,not_classified_as_water_value,authoritative_source,"This is a controlled statewide relevance category, not a detailed unit-specific value narrative."
acec-7383a744119409,blmca-5b994c88-8d02-4556-9eca-1118f37e7b31,value-f681c130dd11,cultural_archaeological_historic,cultural,Cultural resources,selected source record and semantic ACEC (one-to-one in current inventory),unresolved,Official statewide source codes cultural resources as relevant (YES).,BLM CA ACEC FeatureServer,https://gis.blm.gov/caarcgis/rest/services/Planning/BLM_CA_ACEC/FeatureServer/0,,ACEC_RLVNCE_CUL,2026-08-05,high_source_code,not_classified_as_water_value,authoritative_source,"This is a controlled statewide relevance category, not a detailed unit-specific value narrative."
acec-7383a744119409,blmca-5b994c88-8d02-4556-9eca-1118f37e7b31,value-5f741cc31225,cultural_archaeological_historic,historic,Historic resources,selected source record and semantic ACEC (one-to-one in current inventory),unresolved,Official statewide source codes historic resources as relevant (YES).,BLM CA ACEC FeatureServer,https://gis.blm.gov/caarcgis/rest/services/Planning/BLM_CA_ACEC/FeatureServer/0,,ACEC_RLVNCE_HIS,2026-08-05,high_source_code,not_classified_as_water_value,authoritative_source,"This is a controlled statewide relevance category, not a detailed unit-specific value narrative."
acec-7383a744119409,blmca-5b994c88-8d02-4556-9eca-1118f37e7b31,value-7be3ebe6be25,botanical_or_ecological,natural_process,Natural processes,selected source record and semantic ACEC (one-to-one in current inventory),unresolved,Official statewide source codes natural processes as relevant (YES).,BLM CA ACEC FeatureServer,https://gis.blm.gov/caarcgis/rest/services/Planning/BLM_CA_ACEC/FeatureServer/0,,ACEC_RLVNCE_NPRO,2026-08-05,high_source_code,not_classified_as_water_value,authoritative_source,"This is a controlled statewide relevance category, not a detailed unit-specific value narrative."
acec-7383a744119409,blmca-5b994c88-8d02-4556-9eca-1118f37e7b31,value-3ab8a71abcd1,botanical_or_ecological,natural_system,Natural systems,selected source record and semantic ACEC (one-to-one in current inventory),unresolved,Official statewide source codes natural systems as relevant (YES).,BLM CA ACEC FeatureServer,https://gis.blm.gov/caarcgis/rest/services/Planning/BLM_CA_ACEC/FeatureServer/0,,ACEC_RLVNCE_NSYS,2026-08-05,high_source_code,not_classified_as_water_value,authoritative_source,"This is a controlled statewide relevance category, not a detailed unit-specific value narrative."
acec-7383a744119409,blmca-5b994c88-8d02-4556-9eca-1118f37e7b31,value-e764b8faef12,scenic,scenic,Scenic values,selected source record and semantic ACEC (one-to-one in current inventory),unresolved,Official statewide source codes scenic values as relevant (YES).,BLM CA ACEC FeatureServer,https://gis.blm.gov/caarcgis/rest/services/Planning/BLM_CA_ACEC/FeatureServer/0,,ACEC_RLVNCE_SCE,2026-08-05,high_source_code,not_classified_as_water_value,authoritative_source,"This is a controlled statewide relevance category, not a detailed unit-specific value narrative."
acec-7383a744119409,blmca-5b994c88-8d02-4556-9eca-1118f37e7b31,value-75af238715fc,wildlife_and_habitat,wildlife_resource,Wildlife resources,selected source record and semantic ACEC (one-to-one in current inventory),unresolved,Official statewide source codes wildlife resources as relevant (YES).,BLM CA ACEC FeatureServer,https://gis.blm.gov/caarcgis/rest/services/Planning/BLM_CA_ACEC/FeatureServer/0,,ACEC_RLVNCE_WRSC,2026-08-05,high_source_code,not_classified_as_water_value,authoritative_source,"This is a controlled statewide relevance category, not a detailed unit-specific value narrative."
acec-7e432c5901abe6,blmca-24a84af4-6d3a-4cc0-9673-124b1db7a28e,value-89b3b65cc81d,cultural_archaeological_historic,cultural,Cultural resources,selected source record and semantic ACEC (one-to-one in current inventory),unresolved,Official statewide source codes cultural resources as relevant (YES).,BLM CA ACEC FeatureServer,https://gis.blm.gov/caarcgis/rest/services/Planning/BLM_CA_ACEC/FeatureServer/0,,ACEC_RLVNCE_CUL,2026-08-05,high_source_code,not_classified_as_water_value,authoritative_source,"This is a controlled statewide relevance category, not a detailed unit-specific value narrative."
acec-2f6a2aa00acde4,blmca-fac1e6c2-ea5c-4dea-adc4-6a40c461c326,value-821ee1cf8489,botanical_or_ecological,natural_process,Natural processes,selected source record and semantic ACEC (one-to-one in current inventory),unresolved,Official statewide source codes natural processes as relevant (YES).,BLM CA ACEC FeatureServer,https://gis.blm.gov/caarcgis/rest/services/Planning/BLM_CA_ACEC/FeatureServer/0,,ACEC_RLVNCE_NPRO,2026-08-05,high_source_code,not_classified_as_water_value,authoritative_source,"This is a controlled statewide relevance category, not a detailed unit-specific value narrative."
acec-2f6a2aa00acde4,blmca-fac1e6c2-ea5c-4dea-adc4-6a40c461c326,value-6d1af677f167,botanical_or_ecological,natural_system,Natural systems,selected source record and semantic ACEC (one-to-one in current inventory),unresolved,Official statewide source codes natural systems as relevant (YES).,BLM CA ACEC FeatureServer,https://gis.blm.gov/caarcgis/rest/services/Planning/BLM_CA_ACEC/FeatureServer/0,,ACEC_RLVNCE_NSYS,2026-08-05,high_source_code,not_classified_as_water_value,authoritative_source,"This is a controlled statewide relevance category, not a detailed unit-specific value narrative."
acec-5a013344bad657,blmca-699bccb4-a506-431e-b486-f294c284958a,value-9e57c453a915,water_aquatic,fish_resource,Fish or aquatic resources,selected source record and semantic ACEC (one-to-one in current inventory),unresolved,Official statewide source codes fish or aquatic resources as relevant (YES).,BLM CA ACEC FeatureServer,https://gis.blm.gov/caarcgis/rest/services/Planning/BLM_CA_ACEC/FeatureServer/0,,ACEC_RLVNCE_FRSC,2026-08-05,high_source_code,designation_value,authoritative_source,"This is a controlled statewide relevance category, not a detailed unit-specific value narrative."
acec-5a013344bad657,blmca-699bccb4-a506-431e-b486-f294c284958a,value-e8ab29bcde3a,botanical_or_ecological,natural_process,Natural processes,selected source record and semantic ACEC (one-to-one in current inventory),unresolved,Official statewide source codes natural processes as relevant (YES).,BLM CA ACEC FeatureServer,https://gis.blm.gov/caarcgis/rest/services/Planning/BLM_CA_ACEC/FeatureServer/0,,ACEC_RLVNCE_NPRO,2026-08-05,high_source_code,not_classified_as_water_value,authoritative_source,"This is a controlled statewide relevance category, not a detailed unit-specific value narrative."
acec-5a013344bad657,blmca-699bccb4-a506-431e-b486-f294c284958a,value-3abde0477e7d,botanical_or_ecological,natural_system,Natural systems,selected source record and semantic ACEC (one-to-one in current inventory),unresolved,Official statewide source codes natural systems as relevant (YES).,BLM CA ACEC FeatureServer,https://gis.blm.gov/caarcgis/rest/services/Planning/BLM_CA_ACEC/FeatureServer/0,,ACEC_RLVNCE_NSYS,2026-08-05,high_source_code,not_classified_as_water_value,authoritative_source,"This is a controlled statewide relevance category, not a detailed unit-specific value narrative."
acec-8cb6d52ea6add9,blmca-a6175e86-0c53-49f9-b23e-e5edc584a90b,value-50fb349e1530,botanical_or_ecological,natural_process,Natural processes,selected source record and semantic ACEC (one-to-one in current inventory),unresolved,Official statewide source codes natural processes as relevant (YES).,BLM CA ACEC FeatureServer,https://gis.blm.gov/caarcgis/rest/services/Planning/BLM_CA_ACEC/FeatureServer/0,,ACEC_RLVNCE_NPRO,2026-08-05,high_source_code,not_classified_as_water_value,authoritative_source,"This is a controlled statewide relevance category, not a detailed unit-specific value narrative."
acec-8cb6d52ea6add9,blmca-a6175e86-0c53-49f9-b23e-e5edc584a90b,value-a1a1d285c0a6,botanical_or_ecological,natural_system,Natural systems,selected source record and semantic ACEC (one-to-one in current inventory),unresolved,Official statewide source codes natural systems as relevant (YES).,BLM CA ACEC FeatureServer,https://gis.blm.gov/caarcgis/rest/services/Planning/BLM_CA_ACEC/FeatureServer/0,,ACEC_RLVNCE_NSYS,2026-08-05,high_source_code,not_classified_as_water_value,authoritative_source,"This is a controlled statewide relevance category, not a detailed unit-specific value narrative."
acec-a8362b58c810cc,blmca-a39b5b63-36b4-43a7-91c3-32ef4c297451,value-9d08f8ab2d06,botanical_or_ecological,natural_process,Natural processes,selected source record and semantic ACEC (one-to-one in current inventory),unresolved,Official statewide source codes natural processes as relevant (YES).,BLM CA ACEC FeatureServer,https://gis.blm.gov/caarcgis/rest/services/Planning/BLM_CA_ACEC/FeatureServer/0,,ACEC_RLVNCE_NPRO,2026-08-05,high_source_code,not_classified_as_water_value,authoritative_source,"This is a controlled statewide relevance category, not a detailed unit-specific value narrative."
acec-a8362b58c810cc,blmca-a39b5b63-36b4-43a7-91c3-32ef4c297451,value-eb0b6f744613,botanical_or_ecological,natural_system,Natural systems,selected source record and semantic ACEC (one-to-one in current inventory),unresolved,Official statewide source codes natural systems as relevant (YES).,BLM CA ACEC FeatureServer,https://gis.blm.gov/caarcgis/rest/services/Planning/BLM_CA_ACEC/FeatureServer/0,,ACEC_RLVNCE_NSYS,2026-08-05,high_source_code,not_classified_as_water_value,authoritative_source,"This is a controlled statewide relevance category, not a detailed unit-specific value narrative."
acec-a8362b58c810cc,blmca-a39b5b63-36b4-43a7-91c3-32ef4c297451,value-75a59ba0f4f8,wildlife_and_habitat,wildlife_resource,Wildlife resources,selected source record and semantic ACEC (one-to-one in current inventory),unresolved,Official statewide source codes wildlife resources as relevant (YES).,BLM CA ACEC FeatureServer,https://gis.blm.gov/caarcgis/rest/services/Planning/BLM_CA_ACEC/FeatureServer/0,,ACEC_RLVNCE_WRSC,2026-08-05,high_source_code,not_classified_as_water_value,authoritative_source,"This is a controlled statewide relevance category, not a detailed unit-specific value narrative."
acec-7bc05b2c8b0ab3,blmca-4490868d-c367-47ae-a286-d3105910f725,value-dff6713f4302,botanical_or_ecological,natural_process,Natural processes,selected source record and semantic ACEC (one-to-one in current inventory),unresolved,Official statewide source codes natural processes as relevant (YES).,BLM CA ACEC FeatureServer,https://gis.blm.gov/caarcgis/rest/services/Planning/BLM_CA_ACEC/FeatureServer/0,,ACEC_RLVNCE_NPRO,2026-08-05,high_source_code,not_classified_as_water_value,authoritative_source,"This is a controlled statewide relevance category, not a detailed unit-specific value narrative."
acec-7bc05b2c8b0ab3,blmca-4490868d-c367-47ae-a286-d3105910f725,value-765cfe22c563,botanical_or_ecological,natural_system,Natural systems,selected source record and semantic ACEC (one-to-one in current inventory),unresolved,Official statewide source codes natural systems as relevant (YES).,BLM CA ACEC FeatureServer,https://gis.blm.gov/caarcgis/rest/services/Planning/BLM_CA_ACEC/FeatureServer/0,,ACEC_RLVNCE_NSYS,2026-08-05,high_source_code,not_classified_as_water_value,authoritative_source,"This is a controlled statewide relevance category, not a detailed unit-specific value narrative."
acec-7bc05b2c8b0ab3,blmca-4490868d-c367-47ae-a286-d3105910f725,value-38163b042f6b,wildlife_and_habitat,wildlife_resource,Wildlife resources,selected source record and semantic ACEC (one-to-one in current inventory),unresolved,Official statewide source codes wildlife resources as relevant (YES).,BLM CA ACEC FeatureServer,https://gis.blm.gov/caarcgis/rest/services/Planning/BLM_CA_ACEC/FeatureServer/0,,ACEC_RLVNCE_WRSC,2026-08-05,high_source_code,not_classified_as_water_value,authoritative_source,"This is a controlled statewide relevance category, not a detailed unit-specific value narrative."
acec-ffb5fd99225d29,blmca-3e72336a-dcb9-4829-bee8-c52c6557b666,value-f0d6447f9e60,botanical_or_ecological,natural_process,Natural processes,selected source record and semantic ACEC (one-to-one in current inventory),unresolved,Official statewide source codes natural processes as relevant (YES).,BLM CA ACEC FeatureServer,https://gis.blm.gov/caarcgis/rest/services/Planning/BLM_CA_ACEC/FeatureServer/0,,ACEC_RLVNCE_NPRO,2026-08-05,high_source_code,not_classified_as_water_value,authoritative_source,"This is a controlled statewide relevance category, not a detailed unit-specific value narrative."
acec-ffb5fd99225d29,blmca-3e72336a-dcb9-4829-bee8-c52c6557b666,value-f4a60d24858d,botanical_or_ecological,natural_system,Natural systems,selected source record and semantic ACEC (one-to-one in current inventory),unresolved,Official statewide source codes natural systems as relevant (YES).,BLM CA ACEC FeatureServer,https://gis.blm.gov/caarcgis/rest/services/Planning/BLM_CA_ACEC/FeatureServer/0,,ACEC_RLVNCE_NSYS,2026-08-05,high_source_code,not_classified_as_water_value,authoritative_source,"This is a controlled statewide relevance category, not a detailed unit-specific value narrative."
acec-ffb5fd99225d29,blmca-3e72336a-dcb9-4829-bee8-c52c6557b666,value-a01971899a1a,scenic,scenic,Scenic values,selected source record and semantic ACEC (one-to-one in current inventory),unresolved,Official statewide source codes scenic values as relevant (YES).,BLM CA ACEC FeatureServer,https://gis.blm.gov/caarcgis/rest/services/Planning/BLM_CA_ACEC/FeatureServer/0,,ACEC_RLVNCE_SCE,2026-08-05,high_source_code,not_classified_as_water_value,authoritative_source,"This is a controlled statewide relevance category, not a detailed unit-specific value narrative."
acec-ffb5fd99225d29,blmca-3e72336a-dcb9-4829-bee8-c52c6557b666,value-3457a2f0fbb7,wildlife_and_habitat,wildlife_resource,Wildlife resources,selected source record and semantic ACEC (one-to-one in current inventory),unresolved,Official statewide source codes wildlife resources as relevant (YES).,BLM CA ACEC FeatureServer,https://gis.blm.gov/caarcgis/rest/services/Planning/BLM_CA_ACEC/FeatureServer/0,,ACEC_RLVNCE_WRSC,2026-08-05,high_source_code,not_classified_as_water_value,authoritative_source,"This is a controlled statewide relevance category, not a detailed unit-specific value narrative."
acec-17177cc0a3f19c,blmca-f74cfa55-8fd8-4b28-8e26-1a5f25f0b029,value-f8151bb4a3b9,cultural_archaeological_historic,cultural,Cultural resources,selected source record and semantic ACEC (one-to-one in current inventory),unresolved,Official statewide source codes cultural resources as relevant (YES).,BLM CA ACEC FeatureServer,https://gis.blm.gov/caarcgis/rest/services/Planning/BLM_CA_ACEC/FeatureServer/0,,ACEC_RLVNCE_CUL,2026-08-05,high_source_code,not_classified_as_water_value,authoritative_source,"This is a controlled statewide relevance category, not a detailed unit-specific value narrative."
acec-17177cc0a3f19c,blmca-f74cfa55-8fd8-4b28-8e26-1a5f25f0b029,value-ff4cfa15b3c8,botanical_or_ecological,natural_system,Natural systems,selected source record and semantic ACEC (one-to-one in current inventory),unresolved,Official statewide source codes natural systems as relevant (YES).,BLM CA ACEC FeatureServer,https://gis.blm.gov/caarcgis/rest/services/Planning/BLM_CA_ACEC/FeatureServer/0,,ACEC_RLVNCE_NSYS,2026-08-05,high_source_code,not_classified_as_water_value,authoritative_source,"This is a controlled statewide relevance category, not a detailed unit-specific value narrative."
acec-459ef256536f51,blmca-a0a80e46-bb24-41ce-89e8-1bb7690da769,value-434ac295a31e,botanical_or_ecological,natural_process,Natural processes,selected source record and semantic ACEC (one-to-one in current inventory),unresolved,Official statewide source codes natural processes as relevant (YES).,BLM CA ACEC FeatureServer,https://gis.blm.gov/caarcgis/rest/services/Planning/BLM_CA_ACEC/FeatureServer/0,,ACEC_RLVNCE_NPRO,2026-08-05,high_source_code,not_classified_as_water_value,authoritative_source,"This is a controlled statewide relevance category, not a detailed unit-specific value narrative."
acec-459ef256536f51,blmca-a0a80e46-bb24-41ce-89e8-1bb7690da769,value-c4245f1de4d0,botanical_or_ecological,natural_system,Natural systems,selected source record and semantic ACEC (one-to-one in current inventory),unresolved,Official statewide source codes natural systems as relevant (YES).,BLM CA ACEC FeatureServer,https://gis.blm.gov/caarcgis/rest/services/Planning/BLM_CA_ACEC/FeatureServer/0,,ACEC_RLVNCE_NSYS,2026-08-05,high_source_code,not_classified_as_water_value,authoritative_source,"This is a controlled statewide relevance category, not a detailed unit-specific value narrative."
acec-459ef256536f51,blmca-a0a80e46-bb24-41ce-89e8-1bb7690da769,value-1c490a91046b,scenic,scenic,Scenic values,selected source record and semantic ACEC (one-to-one in current inventory),unresolved,Official statewide source codes scenic values as relevant (YES).,BLM CA ACEC FeatureServer,https://gis.blm.gov/caarcgis/rest/services/Planning/BLM_CA_ACEC/FeatureServer/0,,ACEC_RLVNCE_SCE,2026-08-05,high_source_code,not_classified_as_water_value,authoritative_source,"This is a controlled statewide relevance category, not a detailed unit-specific value narrative."
acec-459ef256536f51,blmca-a0a80e46-bb24-41ce-89e8-1bb7690da769,value-bea6688a576b,wildlife_and_habitat,wildlife_resource,Wildlife resources,selected source record and semantic ACEC (one-to-one in current inventory),unresolved,Official statewide source codes wildlife resources as relevant (YES).,BLM CA ACEC FeatureServer,https://gis.blm.gov/caarcgis/rest/services/Planning/BLM_CA_ACEC/FeatureServer/0,,ACEC_RLVNCE_WRSC,2026-08-05,high_source_code,not_classified_as_water_value,authoritative_source,"This is a controlled statewide relevance category, not a detailed unit-specific value narrative."
acec-e5fdbe5b590cc4,blmca-d52bb5ed-2b28-4374-9f0a-e8084d49bf7e,value-00c8bf0031df,cultural_archaeological_historic,historic,Historic resources,selected source record and semantic ACEC (one-to-one in current inventory),unresolved,Official statewide source codes historic resources as relevant (YES).,BLM CA ACEC FeatureServer,https://gis.blm.gov/caarcgis/rest/services/Planning/BLM_CA_ACEC/FeatureServer/0,,ACEC_RLVNCE_HIS,2026-08-05,high_source_code,not_classified_as_water_value,authoritative_source,"This is a controlled statewide relevance category, not a detailed unit-specific value narrative."
acec-7555038d7fe3db,blmca-0377cb5e-1dca-419a-9742-4b426c069af5,value-89cd1182d487,botanical_or_ecological,natural_process,Natural processes,selected source record and semantic ACEC (one-to-one in current inventory),unresolved,Official statewide source codes natural processes as relevant (YES).,BLM CA ACEC FeatureServer,https://gis.blm.gov/caarcgis/rest/services/Planning/BLM_CA_ACEC/FeatureServer/0,,ACEC_RLVNCE_NPRO,2026-08-05,high_source_code,not_classified_as_water_value,authoritative_source,"This is a controlled statewide relevance category, not a detailed unit-specific value narrative."
acec-7555038d7fe3db,blmca-0377cb5e-1dca-419a-9742-4b426c069af5,value-66e0564635a0,botanical_or_ecological,natural_system,Natural systems,selected source record and semantic ACEC (one-to-one in current inventory),unresolved,Official statewide source codes natural systems as relevant (YES).,BLM CA ACEC FeatureServer,https://gis.blm.gov/caarcgis/rest/services/Planning/BLM_CA_ACEC/FeatureServer/0,,ACEC_RLVNCE_NSYS,2026-08-05,high_source_code,not_classified_as_water_value,authoritative_source,"This is a controlled statewide relevance category, not a detailed unit-specific value narrative."
acec-7555038d7fe3db,blmca-0377cb5e-1dca-419a-9742-4b426c069af5,value-442e36aedd9f,scenic,scenic,Scenic values,selected source record and semantic ACEC (one-to-one in current inventory),unresolved,Official statewide source codes scenic values as relevant (YES).,BLM CA ACEC FeatureServer,https://gis.blm.gov/caarcgis/rest/services/Planning/BLM_CA_ACEC/FeatureServer/0,,ACEC_RLVNCE_SCE,2026-08-05,high_source_code,not_classified_as_water_value,authoritative_source,"This is a controlled statewide relevance category, not a detailed unit-specific value narrative."
acec-7555038d7fe3db,blmca-0377cb5e-1dca-419a-9742-4b426c069af5,value-283824f2cedc,wildlife_and_habitat,wildlife_resource,Wildlife resources,selected source record and semantic ACEC (one-to-one in current inventory),unresolved,Official statewide source codes wildlife resources as relevant (YES).,BLM CA ACEC FeatureServer,https://gis.blm.gov/caarcgis/rest/services/Planning/BLM_CA_ACEC/FeatureServer/0,,ACEC_RLVNCE_WRSC,2026-08-05,high_source_code,not_classified_as_water_value,authoritative_source,"This is a controlled statewide relevance category, not a detailed unit-specific value narrative."
acec-ff9476c993c7fd,blmca-a30599be-cab1-483d-b26c-03fe7ff7940b,value-04d848a8ef05,cultural_archaeological_historic,cultural,Cultural resources,selected source record and semantic ACEC (one-to-one in current inventory),unresolved,Official statewide source codes cultural resources as relevant (YES).,BLM CA ACEC FeatureServer,https://gis.blm.gov/caarcgis/rest/services/Planning/BLM_CA_ACEC/FeatureServer/0,,ACEC_RLVNCE_CUL,2026-08-05,high_source_code,not_classified_as_water_value,authoritative_source,"This is a controlled statewide relevance category, not a detailed unit-specific value narrative."
acec-ff9476c993c7fd,blmca-a30599be-cab1-483d-b26c-03fe7ff7940b,value-d981879633a8,cultural_archaeological_historic,historic,Historic resources,selected source record and semantic ACEC (one-to-one in current inventory),unresolved,Official statewide source codes historic resources as relevant (YES).,BLM CA ACEC FeatureServer,https://gis.blm.gov/caarcgis/rest/services/Planning/BLM_CA_ACEC/FeatureServer/0,,ACEC_RLVNCE_HIS,2026-08-05,high_source_code,not_classified_as_water_value,authoritative_source,"This is a controlled statewide relevance category, not a detailed unit-specific value narrative."
acec-ff9476c993c7fd,blmca-a30599be-cab1-483d-b26c-03fe7ff7940b,value-25c2af7c3722,botanical_or_ecological,natural_process,Natural processes,selected source record and semantic ACEC (one-to-one in current inventory),unresolved,Official statewide source codes natural processes as relevant (YES).,BLM CA ACEC FeatureServer,https://gis.blm.gov/caarcgis/rest/services/Planning/BLM_CA_ACEC/FeatureServer/0,,ACEC_RLVNCE_NPRO,2026-08-05,high_source_code,not_classified_as_water_value,authoritative_source,"This is a controlled statewide relevance category, not a detailed unit-specific value narrative."
acec-ff9476c993c7fd,blmca-a30599be-cab1-483d-b26c-03fe7ff7940b,value-27d50f819b0c,botanical_or_ecological,natural_system,Natural systems,selected source record and semantic ACEC (one-to-one in current inventory),unresolved,Official statewide source codes natural systems as relevant (YES).,BLM CA ACEC FeatureServer,https://gis.blm.gov/caarcgis/rest/services/Planning/BLM_CA_ACEC/FeatureServer/0,,ACEC_RLVNCE_NSYS,2026-08-05,high_source_code,not_classified_as_water_value,authoritative_source,"This is a controlled statewide relevance category, not a detailed unit-specific value narrative."
acec-ff9476c993c7fd,blmca-a30599be-cab1-483d-b26c-03fe7ff7940b,value-2e2424c7f2d3,wildlife_and_habitat,wildlife_resource,Wildlife resources,selected source record and semantic ACEC (one-to-one in current inventory),unresolved,Official statewide source codes wildlife resources as relevant (YES).,BLM CA ACEC FeatureServer,https://gis.blm.gov/caarcgis/rest/services/Planning/BLM_CA_ACEC/FeatureServer/0,,ACEC_RLVNCE_WRSC,2026-08-05,high_source_code,not_classified_as_water_value,authoritative_source,"This is a controlled statewide relevance category, not a detailed unit-specific value narrative."
acec-9ab358b15b0c00,blmca-5cebbbc4-a3e9-4eda-9972-ccd84c8d125c,value-2fc05a124af9,cultural_archaeological_historic,cultural,Cultural resources,selected source record and semantic ACEC (one-to-one in current inventory),unresolved,Official statewide source codes cultural resources as relevant (YES).,BLM CA ACEC FeatureServer,https://gis.blm.gov/caarcgis/rest/services/Planning/BLM_CA_ACEC/FeatureServer/0,,ACEC_RLVNCE_CUL,2026-08-05,high_source_code,not_classified_as_water_value,authoritative_source,"This is a controlled statewide relevance category, not a detailed unit-specific value narrative."
acec-9ab358b15b0c00,blmca-5cebbbc4-a3e9-4eda-9972-ccd84c8d125c,value-4e1aa9fa15ee,cultural_archaeological_historic,historic,Historic resources,selected source record and semantic ACEC (one-to-one in current inventory),unresolved,Official statewide source codes historic resources as relevant (YES).,BLM CA ACEC FeatureServer,https://gis.blm.gov/caarcgis/rest/services/Planning/BLM_CA_ACEC/FeatureServer/0,,ACEC_RLVNCE_HIS,2026-08-05,high_source_code,not_classified_as_water_value,authoritative_source,"This is a controlled statewide relevance category, not a detailed unit-specific value narrative."
acec-9ab358b15b0c00,blmca-5cebbbc4-a3e9-4eda-9972-ccd84c8d125c,value-2b998fb4097b,botanical_or_ecological,natural_process,Natural processes,selected source record and semantic ACEC (one-to-one in current inventory),unresolved,Official statewide source codes natural processes as relevant (YES).,BLM CA ACEC FeatureServer,https://gis.blm.gov/caarcgis/rest/services/Planning/BLM_CA_ACEC/FeatureServer/0,,ACEC_RLVNCE_NPRO,2026-08-05,high_source_code,not_classified_as_water_value,authoritative_source,"This is a controlled statewide relevance category, not a detailed unit-specific value narrative."
acec-9ab358b15b0c00,blmca-5cebbbc4-a3e9-4eda-9972-ccd84c8d125c,value-66017fc1bb34,botanical_or_ecological,natural_system,Natural systems,selected source record and semantic ACEC (one-to-one in current inventory),unresolved,Official statewide source codes natural systems as relevant (YES).,BLM CA ACEC FeatureServer,https://gis.blm.gov/caarcgis/rest/services/Planning/BLM_CA_ACEC/FeatureServer/0,,ACEC_RLVNCE_NSYS,2026-08-05,high_source_code,not_classified_as_water_value,authoritative_source,"This is a controlled statewide relevance category, not a detailed unit-specific value narrative."
acec-cf2a037802c4f0,blmca-c006b48e-0259-484f-bbff-f3d15ad11f34,value-c56c26f77faf,botanical_or_ecological,natural_process,Natural processes,selected source record and semantic ACEC (one-to-one in current inventory),unresolved,Official statewide source codes natural processes as relevant (YES).,BLM CA ACEC FeatureServer,https://gis.blm.gov/caarcgis/rest/services/Planning/BLM_CA_ACEC/FeatureServer/0,,ACEC_RLVNCE_NPRO,2026-08-05,high_source_code,not_classified_as_water_value,authoritative_source,"This is a controlled statewide relevance category, not a detailed unit-specific value narrative."
acec-cf2a037802c4f0,blmca-c006b48e-0259-484f-bbff-f3d15ad11f34,value-2d84a24f9c23,botanical_or_ecological,natural_system,Natural systems,selected source record and semantic ACEC (one-to-one in current inventory),unresolved,Official statewide source codes natural systems as relevant (YES).,BLM CA ACEC FeatureServer,https://gis.blm.gov/caarcgis/rest/services/Planning/BLM_CA_ACEC/FeatureServer/0,,ACEC_RLVNCE_NSYS,2026-08-05,high_source_code,not_classified_as_water_value,authoritative_source,"This is a controlled statewide relevance category, not a detailed unit-specific value narrative."
acec-7dae56cb4e1e91,blmca-c13b22fe-c19f-43e0-9e11-f697ebc826ae,value-5753187715d5,cultural_archaeological_historic,cultural,Cultural resources,selected source record and semantic ACEC (one-to-one in current inventory),unresolved,Official statewide source codes cultural resources as relevant (YES).,BLM CA ACEC FeatureServer,https://gis.blm.gov/caarcgis/rest/services/Planning/BLM_CA_ACEC/FeatureServer/0,,ACEC_RLVNCE_CUL,2026-08-05,high_source_code,not_classified_as_water_value,authoritative_source,"This is a controlled statewide relevance category, not a detailed unit-specific value narrative."
acec-7dae56cb4e1e91,blmca-c13b22fe-c19f-43e0-9e11-f697ebc826ae,value-026b5341d1f3,water_aquatic,fish_resource,Fish or aquatic resources,selected source record and semantic ACEC (one-to-one in current inventory),unresolved,Official statewide source codes fish or aquatic resources as relevant (YES).,BLM CA ACEC FeatureServer,https://gis.blm.gov/caarcgis/rest/services/Planning/BLM_CA_ACEC/FeatureServer/0,,ACEC_RLVNCE_FRSC,2026-08-05,high_source_code,designation_value,authoritative_source,"This is a controlled statewide relevance category, not a detailed unit-specific value narrative."
acec-7dae56cb4e1e91,blmca-c13b22fe-c19f-43e0-9e11-f697ebc826ae,value-cf8b68630b3d,botanical_or_ecological,natural_system,Natural systems,selected source record and semantic ACEC (one-to-one in current inventory),unresolved,Official statewide source codes natural systems as relevant (YES).,BLM CA ACEC FeatureServer,https://gis.blm.gov/caarcgis/rest/services/Planning/BLM_CA_ACEC/FeatureServer/0,,ACEC_RLVNCE_NSYS,2026-08-05,high_source_code,not_classified_as_water_value,authoritative_source,"This is a controlled statewide relevance category, not a detailed unit-specific value narrative."
acec-7dae56cb4e1e91,blmca-c13b22fe-c19f-43e0-9e11-f697ebc826ae,value-1c05ace99fee,scenic,scenic,Scenic values,selected source record and semantic ACEC (one-to-one in current inventory),unresolved,Official statewide source codes scenic values as relevant (YES).,BLM CA ACEC FeatureServer,https://gis.blm.gov/caarcgis/rest/services/Planning/BLM_CA_ACEC/FeatureServer/0,,ACEC_RLVNCE_SCE,2026-08-05,high_source_code,not_classified_as_water_value,authoritative_source,"This is a controlled statewide relevance category, not a detailed unit-specific value narrative."
acec-7dae56cb4e1e91,blmca-c13b22fe-c19f-43e0-9e11-f697ebc826ae,value-6382602d1ea6,wildlife_and_habitat,wildlife_resource,Wildlife resources,selected source record and semantic ACEC (one-to-one in current inventory),unresolved,Official statewide source codes wildlife resources as relevant (YES).,BLM CA ACEC FeatureServer,https://gis.blm.gov/caarcgis/rest/services/Planning/BLM_CA_ACEC/FeatureServer/0,,ACEC_RLVNCE_WRSC,2026-08-05,high_source_code,not_classified_as_water_value,authoritative_source,"This is a controlled statewide relevance category, not a detailed unit-specific value narrative."
acec-32606f71621fa0,blmca-cfaee409-4828-437d-a4cd-26fc5b67e037,value-48c49460a7b7,botanical_or_ecological,natural_process,Natural processes,selected source record and semantic ACEC (one-to-one in current inventory),unresolved,Official statewide source codes natural processes as relevant (YES).,BLM CA ACEC FeatureServer,https://gis.blm.gov/caarcgis/rest/services/Planning/BLM_CA_ACEC/FeatureServer/0,,ACEC_RLVNCE_NPRO,2026-08-05,high_source_code,not_classified_as_water_value,authoritative_source,"This is a controlled statewide relevance category, not a detailed unit-specific value narrative."
acec-32606f71621fa0,blmca-cfaee409-4828-437d-a4cd-26fc5b67e037,value-a3483236c3db,botanical_or_ecological,natural_system,Natural systems,selected source record and semantic ACEC (one-to-one in current inventory),unresolved,Official statewide source codes natural systems as relevant (YES).,BLM CA ACEC FeatureServer,https://gis.blm.gov/caarcgis/rest/services/Planning/BLM_CA_ACEC/FeatureServer/0,,ACEC_RLVNCE_NSYS,2026-08-05,high_source_code,not_classified_as_water_value,authoritative_source,"This is a controlled statewide relevance category, not a detailed unit-specific value narrative."
acec-32606f71621fa0,blmca-cfaee409-4828-437d-a4cd-26fc5b67e037,value-215e3a6869f1,scenic,scenic,Scenic values,selected source record and semantic ACEC (one-to-one in current inventory),unresolved,Official statewide source codes scenic values as relevant (YES).,BLM CA ACEC FeatureServer,https://gis.blm.gov/caarcgis/rest/services/Planning/BLM_CA_ACEC/FeatureServer/0,,ACEC_RLVNCE_SCE,2026-08-05,high_source_code,not_classified_as_water_value,authoritative_source,"This is a controlled statewide relevance category, not a detailed unit-specific value narrative."
acec-77c324f5d7499a,blmca-a5eec357-d304-4a3b-b9ee-b00271126ece,value-00aa8d2d0b4c,cultural_archaeological_historic,historic,Historic resources,selected source record and semantic ACEC (one-to-one in current inventory),unresolved,Official statewide source codes historic resources as relevant (YES).,BLM CA ACEC FeatureServer,https://gis.blm.gov/caarcgis/rest/services/Planning/BLM_CA_ACEC/FeatureServer/0,,ACEC_RLVNCE_HIS,2026-08-05,high_source_code,not_classified_as_water_value,authoritative_source,"This is a controlled statewide relevance category, not a detailed unit-specific value narrative."
acec-77c324f5d7499a,blmca-a5eec357-d304-4a3b-b9ee-b00271126ece,value-aa472d29f72a,other_or_unresolved,natural_hazard,Natural hazards or public safety,selected source record and semantic ACEC (one-to-one in current inventory),unresolved,Official statewide source codes natural hazards or public safety as relevant (YES).,BLM CA ACEC FeatureServer,https://gis.blm.gov/caarcgis/rest/services/Planning/BLM_CA_ACEC/FeatureServer/0,,ACEC_RLVNCE_NHAZ,2026-08-05,high_source_code,not_classified_as_water_value,authoritative_source,"This is a controlled statewide relevance category, not a detailed unit-specific value narrative."
acec-77c324f5d7499a,blmca-a5eec357-d304-4a3b-b9ee-b00271126ece,value-422d983ff0ef,botanical_or_ecological,natural_process,Natural processes,selected source record and semantic ACEC (one-to-one in current inventory),unresolved,Official statewide source codes natural processes as relevant (YES).,BLM CA ACEC FeatureServer,https://gis.blm.gov/caarcgis/rest/services/Planning/BLM_CA_ACEC/FeatureServer/0,,ACEC_RLVNCE_NPRO,2026-08-05,high_source_code,not_classified_as_water_value,authoritative_source,"This is a controlled statewide relevance category, not a detailed unit-specific value narrative."
acec-77c324f5d7499a,blmca-a5eec357-d304-4a3b-b9ee-b00271126ece,value-6a4b137a6d80,botanical_or_ecological,natural_system,Natural systems,selected source record and semantic ACEC (one-to-one in current inventory),unresolved,Official statewide source codes natural systems as relevant (YES).,BLM CA ACEC FeatureServer,https://gis.blm.gov/caarcgis/rest/services/Planning/BLM_CA_ACEC/FeatureServer/0,,ACEC_RLVNCE_NSYS,2026-08-05,high_source_code,not_classified_as_water_value,authoritative_source,"This is a controlled statewide relevance category, not a detailed unit-specific value narrative."
acec-77c324f5d7499a,blmca-a5eec357-d304-4a3b-b9ee-b00271126ece,value-599f27bd18f6,wildlife_and_habitat,wildlife_resource,Wildlife resources,selected source record and semantic ACEC (one-to-one in current inventory),unresolved,Official statewide source codes wildlife resources as relevant (YES).,BLM CA ACEC FeatureServer,https://gis.blm.gov/caarcgis/rest/services/Planning/BLM_CA_ACEC/FeatureServer/0,,ACEC_RLVNCE_WRSC,2026-08-05,high_source_code,not_classified_as_water_value,authoritative_source,"This is a controlled statewide relevance category, not a detailed unit-specific value narrative."
acec-335cfd344ff221,blmca-a0dc74ae-b530-472c-a6f4-00707b2326b5,value-d706715bd8ab,botanical_or_ecological,natural_process,Natural processes,selected source record and semantic ACEC (one-to-one in current inventory),unresolved,Official statewide source codes natural processes as relevant (YES).,BLM CA ACEC FeatureServer,https://gis.blm.gov/caarcgis/rest/services/Planning/BLM_CA_ACEC/FeatureServer/0,,ACEC_RLVNCE_NPRO,2026-08-05,high_source_code,not_classified_as_water_value,authoritative_source,"This is a controlled statewide relevance category, not a detailed unit-specific value narrative."
acec-335cfd344ff221,blmca-a0dc74ae-b530-472c-a6f4-00707b2326b5,value-5dac5497627a,botanical_or_ecological,natural_system,Natural systems,selected source record and semantic ACEC (one-to-one in current inventory),unresolved,Official statewide source codes natural systems as relevant (YES).,BLM CA ACEC FeatureServer,https://gis.blm.gov/caarcgis/rest/services/Planning/BLM_CA_ACEC/FeatureServer/0,,ACEC_RLVNCE_NSYS,2026-08-05,high_source_code,not_classified_as_water_value,authoritative_source,"This is a controlled statewide relevance category, not a detailed unit-specific value narrative."
acec-0a67662d845f3a,blmca-92d90f6f-ec55-42de-962a-32246714b8cc,value-bc9020f0719e,botanical_or_ecological,natural_process,Natural processes,selected source record and semantic ACEC (one-to-one in current inventory),unresolved,Official statewide source codes natural processes as relevant (YES).,BLM CA ACEC FeatureServer,https://gis.blm.gov/caarcgis/rest/services/Planning/BLM_CA_ACEC/FeatureServer/0,,ACEC_RLVNCE_NPRO,2026-08-05,high_source_code,not_classified_as_water_value,authoritative_source,"This is a controlled statewide relevance category, not a detailed unit-specific value narrative."
acec-0a67662d845f3a,blmca-92d90f6f-ec55-42de-962a-32246714b8cc,value-f926bedf98dc,botanical_or_ecological,natural_system,Natural systems,selected source record and semantic ACEC (one-to-one in current inventory),unresolved,Official statewide source codes natural systems as relevant (YES).,BLM CA ACEC FeatureServer,https://gis.blm.gov/caarcgis/rest/services/Planning/BLM_CA_ACEC/FeatureServer/0,,ACEC_RLVNCE_NSYS,2026-08-05,high_source_code,not_classified_as_water_value,authoritative_source,"This is a controlled statewide relevance category, not a detailed unit-specific value narrative."
acec-0a67662d845f3a,blmca-92d90f6f-ec55-42de-962a-32246714b8cc,value-7faa32d18276,scenic,scenic,Scenic values,selected source record and semantic ACEC (one-to-one in current inventory),unresolved,Official statewide source codes scenic values as relevant (YES).,BLM CA ACEC FeatureServer,https://gis.blm.gov/caarcgis/rest/services/Planning/BLM_CA_ACEC/FeatureServer/0,,ACEC_RLVNCE_SCE,2026-08-05,high_source_code,not_classified_as_water_value,authoritative_source,"This is a controlled statewide relevance category, not a detailed unit-specific value narrative."
acec-0a67662d845f3a,blmca-92d90f6f-ec55-42de-962a-32246714b8cc,value-65abc9f69b90,wildlife_and_habitat,wildlife_resource,Wildlife resources,selected source record and semantic ACEC (one-to-one in current inventory),unresolved,Official statewide source codes wildlife resources as relevant (YES).,BLM CA ACEC FeatureServer,https://gis.blm.gov/caarcgis/rest/services/Planning/BLM_CA_ACEC/FeatureServer/0,,ACEC_RLVNCE_WRSC,2026-08-05,high_source_code,not_classified_as_water_value,authoritative_source,"This is a controlled statewide relevance category, not a detailed unit-specific value narrative."
acec-50fe1926fe83c0,blmca-fab393a5-9fab-431a-a57a-36e69bc2384f,value-b96f749f79c8,cultural_archaeological_historic,cultural,Cultural resources,selected source record and semantic ACEC (one-to-one in current inventory),unresolved,Official statewide source codes cultural resources as relevant (YES).,BLM CA ACEC FeatureServer,https://gis.blm.gov/caarcgis/rest/services/Planning/BLM_CA_ACEC/FeatureServer/0,,ACEC_RLVNCE_CUL,2026-08-05,high_source_code,not_classified_as_water_value,authoritative_source,"This is a controlled statewide relevance category, not a detailed unit-specific value narrative."
acec-50fe1926fe83c0,blmca-fab393a5-9fab-431a-a57a-36e69bc2384f,value-56d0f9ec799b,cultural_archaeological_historic,historic,Historic resources,selected source record and semantic ACEC (one-to-one in current inventory),unresolved,Official statewide source codes historic resources as relevant (YES).,BLM CA ACEC FeatureServer,https://gis.blm.gov/caarcgis/rest/services/Planning/BLM_CA_ACEC/FeatureServer/0,,ACEC_RLVNCE_HIS,2026-08-05,high_source_code,not_classified_as_water_value,authoritative_source,"This is a controlled statewide relevance category, not a detailed unit-specific value narrative."
acec-50fe1926fe83c0,blmca-fab393a5-9fab-431a-a57a-36e69bc2384f,value-ce97a015cfce,botanical_or_ecological,natural_process,Natural processes,selected source record and semantic ACEC (one-to-one in current inventory),unresolved,Official statewide source codes natural processes as relevant (YES).,BLM CA ACEC FeatureServer,https://gis.blm.gov/caarcgis/rest/services/Planning/BLM_CA_ACEC/FeatureServer/0,,ACEC_RLVNCE_NPRO,2026-08-05,high_source_code,not_classified_as_water_value,authoritative_source,"This is a controlled statewide relevance category, not a detailed unit-specific value narrative."
acec-50fe1926fe83c0,blmca-fab393a5-9fab-431a-a57a-36e69bc2384f,value-5873e08df3c8,botanical_or_ecological,natural_system,Natural systems,selected source record and semantic ACEC (one-to-one in current inventory),unresolved,Official statewide source codes natural systems as relevant (YES).,BLM CA ACEC FeatureServer,https://gis.blm.gov/caarcgis/rest/services/Planning/BLM_CA_ACEC/FeatureServer/0,,ACEC_RLVNCE_NSYS,2026-08-05,high_source_code,not_classified_as_water_value,authoritative_source,"This is a controlled statewide relevance category, not a detailed unit-specific value narrative."
acec-50fe1926fe83c0,blmca-fab393a5-9fab-431a-a57a-36e69bc2384f,value-05957972b74a,wildlife_and_habitat,wildlife_resource,Wildlife resources,selected source record and semantic ACEC (one-to-one in current inventory),unresolved,Official statewide source codes wildlife resources as relevant (YES).,BLM CA ACEC FeatureServer,https://gis.blm.gov/caarcgis/rest/services/Planning/BLM_CA_ACEC/FeatureServer/0,,ACEC_RLVNCE_WRSC,2026-08-05,high_source_code,not_classified_as_water_value,authoritative_source,"This is a controlled statewide relevance category, not a detailed unit-specific value narrative."
acec-be1782fac080fa,blmca-723fe7e1-2a23-4079-ac65-4468d163a1b6,value-9f654f7fd43f,botanical_or_ecological,natural_process,Natural processes,selected source record and semantic ACEC (one-to-one in current inventory),unresolved,Official statewide source codes natural processes as relevant (YES).,BLM CA ACEC FeatureServer,https://gis.blm.gov/caarcgis/rest/services/Planning/BLM_CA_ACEC/FeatureServer/0,,ACEC_RLVNCE_NPRO,2026-08-05,high_source_code,not_classified_as_water_value,authoritative_source,"This is a controlled statewide relevance category, not a detailed unit-specific value narrative."
acec-be1782fac080fa,blmca-723fe7e1-2a23-4079-ac65-4468d163a1b6,value-24ea9cd0aaa7,botanical_or_ecological,natural_system,Natural systems,selected source record and semantic ACEC (one-to-one in current inventory),unresolved,Official statewide source codes natural systems as relevant (YES).,BLM CA ACEC FeatureServer,https://gis.blm.gov/caarcgis/rest/services/Planning/BLM_CA_ACEC/FeatureServer/0,,ACEC_RLVNCE_NSYS,2026-08-05,high_source_code,not_classified_as_water_value,authoritative_source,"This is a controlled statewide relevance category, not a detailed unit-specific value narrative."
acec-0084f188f1b409,blmca-b1995a3f-00cd-43bd-9c61-7155f889c2c6,value-dea50286bfcd,cultural_archaeological_historic,cultural,Cultural resources,selected source record and semantic ACEC (one-to-one in current inventory),unresolved,Official statewide source codes cultural resources as relevant (YES).,BLM CA ACEC FeatureServer,https://gis.blm.gov/caarcgis/rest/services/Planning/BLM_CA_ACEC/FeatureServer/0,,ACEC_RLVNCE_CUL,2026-08-05,high_source_code,not_classified_as_water_value,authoritative_source,"This is a controlled statewide relevance category, not a detailed unit-specific value narrative."
acec-0084f188f1b409,blmca-b1995a3f-00cd-43bd-9c61-7155f889c2c6,value-ecffb65aa444,water_aquatic,fish_resource,Fish or aquatic resources,selected source record and semantic ACEC (one-to-one in current inventory),unresolved,Official statewide source codes fish or aquatic resources as relevant (YES).,BLM CA ACEC FeatureServer,https://gis.blm.gov/caarcgis/rest/services/Planning/BLM_CA_ACEC/FeatureServer/0,,ACEC_RLVNCE_FRSC,2026-08-05,high_source_code,designation_value,authoritative_source,"This is a controlled statewide relevance category, not a detailed unit-specific value narrative."
acec-0084f188f1b409,blmca-b1995a3f-00cd-43bd-9c61-7155f889c2c6,value-15fed3d5980d,cultural_archaeological_historic,historic,Historic resources,selected source record and semantic ACEC (one-to-one in current inventory),unresolved,Official statewide source codes historic resources as relevant (YES).,BLM CA ACEC FeatureServer,https://gis.blm.gov/caarcgis/rest/services/Planning/BLM_CA_ACEC/FeatureServer/0,,ACEC_RLVNCE_HIS,2026-08-05,high_source_code,not_classified_as_water_value,authoritative_source,"This is a controlled statewide relevance category, not a detailed unit-specific value narrative."
acec-0084f188f1b409,blmca-b1995a3f-00cd-43bd-9c61-7155f889c2c6,value-75636f85ff4b,botanical_or_ecological,natural_process,Natural processes,selected source record and semantic ACEC (one-to-one in current inventory),unresolved,Official statewide source codes natural processes as relevant (YES).,BLM CA ACEC FeatureServer,https://gis.blm.gov/caarcgis/rest/services/Planning/BLM_CA_ACEC/FeatureServer/0,,ACEC_RLVNCE_NPRO,2026-08-05,high_source_code,not_classified_as_water_value,authoritative_source,"This is a controlled statewide relevance category, not a detailed unit-specific value narrative."
acec-0084f188f1b409,blmca-b1995a3f-00cd-43bd-9c61-7155f889c2c6,value-0ae06b395007,botanical_or_ecological,natural_system,Natural systems,selected source record and semantic ACEC (one-to-one in current inventory),unresolved,Official statewide source codes natural systems as relevant (YES).,BLM CA ACEC FeatureServer,https://gis.blm.gov/caarcgis/rest/services/Planning/BLM_CA_ACEC/FeatureServer/0,,ACEC_RLVNCE_NSYS,2026-08-05,high_source_code,not_classified_as_water_value,authoritative_source,"This is a controlled statewide relevance category, not a detailed unit-specific value narrative."
acec-0084f188f1b409,blmca-b1995a3f-00cd-43bd-9c61-7155f889c2c6,value-15fe70c7cbc0,scenic,scenic,Scenic values,selected source record and semantic ACEC (one-to-one in current inventory),unresolved,Official statewide source codes scenic values as relevant (YES).,BLM CA ACEC FeatureServer,https://gis.blm.gov/caarcgis/rest/services/Planning/BLM_CA_ACEC/FeatureServer/0,,ACEC_RLVNCE_SCE,2026-08-05,high_source_code,not_classified_as_water_value,authoritative_source,"This is a controlled statewide relevance category, not a detailed unit-specific value narrative."
acec-0084f188f1b409,blmca-b1995a3f-00cd-43bd-9c61-7155f889c2c6,value-79c40d4782a7,wildlife_and_habitat,wildlife_resource,Wildlife resources,selected source record and semantic ACEC (one-to-one in current inventory),unresolved,Official statewide source codes wildlife resources as relevant (YES).,BLM CA ACEC FeatureServer,https://gis.blm.gov/caarcgis/rest/services/Planning/BLM_CA_ACEC/FeatureServer/0,,ACEC_RLVNCE_WRSC,2026-08-05,high_source_code,not_classified_as_water_value,authoritative_source,"This is a controlled statewide relevance category, not a detailed unit-specific value narrative."
acec-63e4d346ca50ac,blmca-3ea08f1e-b16d-4fe1-8c58-8399e2596255,value-1aa35c151f3d,botanical_or_ecological,natural_process,Natural processes,selected source record and semantic ACEC (one-to-one in current inventory),unresolved,Official statewide source codes natural processes as relevant (YES).,BLM CA ACEC FeatureServer,https://gis.blm.gov/caarcgis/rest/services/Planning/BLM_CA_ACEC/FeatureServer/0,,ACEC_RLVNCE_NPRO,2026-08-05,high_source_code,not_classified_as_water_value,authoritative_source,"This is a controlled statewide relevance category, not a detailed unit-specific value narrative."
acec-63e4d346ca50ac,blmca-3ea08f1e-b16d-4fe1-8c58-8399e2596255,value-46ecf9abcc06,botanical_or_ecological,natural_system,Natural systems,selected source record and semantic ACEC (one-to-one in current inventory),unresolved,Official statewide source codes natural systems as relevant (YES).,BLM CA ACEC FeatureServer,https://gis.blm.gov/caarcgis/rest/services/Planning/BLM_CA_ACEC/FeatureServer/0,,ACEC_RLVNCE_NSYS,2026-08-05,high_source_code,not_classified_as_water_value,authoritative_source,"This is a controlled statewide relevance category, not a detailed unit-specific value narrative."
acec-63e4d346ca50ac,blmca-3ea08f1e-b16d-4fe1-8c58-8399e2596255,value-dc4baa16f95f,wildlife_and_habitat,wildlife_resource,Wildlife resources,selected source record and semantic ACEC (one-to-one in current inventory),unresolved,Official statewide source codes wildlife resources as relevant (YES).,BLM CA ACEC FeatureServer,https://gis.blm.gov/caarcgis/rest/services/Planning/BLM_CA_ACEC/FeatureServer/0,,ACEC_RLVNCE_WRSC,2026-08-05,high_source_code,not_classified_as_water_value,authoritative_source,"This is a controlled statewide relevance category, not a detailed unit-specific value narrative."
acec-163713939580c4,blmca-58e19a02-a465-40f6-a1ea-1ffe0b252f48,value-ab1cc72a09ce,botanical_or_ecological,natural_process,Natural processes,selected source record and semantic ACEC (one-to-one in current inventory),unresolved,Official statewide source codes natural processes as relevant (YES).,BLM CA ACEC FeatureServer,https://gis.blm.gov/caarcgis/rest/services/Planning/BLM_CA_ACEC/FeatureServer/0,,ACEC_RLVNCE_NPRO,2026-08-05,high_source_code,not_classified_as_water_value,authoritative_source,"This is a controlled statewide relevance category, not a detailed unit-specific value narrative."
acec-163713939580c4,blmca-58e19a02-a465-40f6-a1ea-1ffe0b252f48,value-2fc2a812d574,botanical_or_ecological,natural_system,Natural systems,selected source record and semantic ACEC (one-to-one in current inventory),unresolved,Official statewide source codes natural systems as relevant (YES).,BLM CA ACEC FeatureServer,https://gis.blm.gov/caarcgis/rest/services/Planning/BLM_CA_ACEC/FeatureServer/0,,ACEC_RLVNCE_NSYS,2026-08-05,high_source_code,not_classified_as_water_value,authoritative_source,"This is a controlled statewide relevance category, not a detailed unit-specific value narrative."
acec-163713939580c4,blmca-58e19a02-a465-40f6-a1ea-1ffe0b252f48,value-283080ed933b,scenic,scenic,Scenic values,selected source record and semantic ACEC (one-to-one in current inventory),unresolved,Official statewide source codes scenic values as relevant (YES).,BLM CA ACEC FeatureServer,https://gis.blm.gov/caarcgis/rest/services/Planning/BLM_CA_ACEC/FeatureServer/0,,ACEC_RLVNCE_SCE,2026-08-05,high_source_code,not_classified_as_water_value,authoritative_source,"This is a controlled statewide relevance category, not a detailed unit-specific value narrative."
acec-163713939580c4,blmca-58e19a02-a465-40f6-a1ea-1ffe0b252f48,value-b3a2c77e33ad,wildlife_and_habitat,wildlife_resource,Wildlife resources,selected source record and semantic ACEC (one-to-one in current inventory),unresolved,Official statewide source codes wildlife resources as relevant (YES).,BLM CA ACEC FeatureServer,https://gis.blm.gov/caarcgis/rest/services/Planning/BLM_CA_ACEC/FeatureServer/0,,ACEC_RLVNCE_WRSC,2026-08-05,high_source_code,not_classified_as_water_value,authoritative_source,"This is a controlled statewide relevance category, not a detailed unit-specific value narrative."
acec-1c87be40f18100,blmca-fc55a8aa-83f7-45e8-8ba4-5261dcf9612e,value-213403de9db7,cultural_archaeological_historic,cultural,Cultural resources,selected source record and semantic ACEC (one-to-one in current inventory),unresolved,Official statewide source codes cultural resources as relevant (YES).,BLM CA ACEC FeatureServer,https://gis.blm.gov/caarcgis/rest/services/Planning/BLM_CA_ACEC/FeatureServer/0,,ACEC_RLVNCE_CUL,2026-08-05,high_source_code,not_classified_as_water_value,authoritative_source,"This is a controlled statewide relevance category, not a detailed unit-specific value narrative."
acec-1c87be40f18100,blmca-fc55a8aa-83f7-45e8-8ba4-5261dcf9612e,value-d8457fa41e3e,cultural_archaeological_historic,historic,Historic resources,selected source record and semantic ACEC (one-to-one in current inventory),unresolved,Official statewide source codes historic resources as relevant (YES).,BLM CA ACEC FeatureServer,https://gis.blm.gov/caarcgis/rest/services/Planning/BLM_CA_ACEC/FeatureServer/0,,ACEC_RLVNCE_HIS,2026-08-05,high_source_code,not_classified_as_water_value,authoritative_source,"This is a controlled statewide relevance category, not a detailed unit-specific value narrative."
acec-1c87be40f18100,blmca-fc55a8aa-83f7-45e8-8ba4-5261dcf9612e,value-d016f8598b79,botanical_or_ecological,natural_process,Natural processes,selected source record and semantic ACEC (one-to-one in current inventory),unresolved,Official statewide source codes natural processes as relevant (YES).,BLM CA ACEC FeatureServer,https://gis.blm.gov/caarcgis/rest/services/Planning/BLM_CA_ACEC/FeatureServer/0,,ACEC_RLVNCE_NPRO,2026-08-05,high_source_code,not_classified_as_water_value,authoritative_source,"This is a controlled statewide relevance category, not a detailed unit-specific value narrative."
acec-1c87be40f18100,blmca-fc55a8aa-83f7-45e8-8ba4-5261dcf9612e,value-f9a96d588550,botanical_or_ecological,natural_system,Natural systems,selected source record and semantic ACEC (one-to-one in current inventory),unresolved,Official statewide source codes natural systems as relevant (YES).,BLM CA ACEC FeatureServer,https://gis.blm.gov/caarcgis/rest/services/Planning/BLM_CA_ACEC/FeatureServer/0,,ACEC_RLVNCE_NSYS,2026-08-05,high_source_code,not_classified_as_water_value,authoritative_source,"This is a controlled statewide relevance category, not a detailed unit-specific value narrative."
acec-1c87be40f18100,blmca-fc55a8aa-83f7-45e8-8ba4-5261dcf9612e,value-7db26e0dbccf,scenic,scenic,Scenic values,selected source record and semantic ACEC (one-to-one in current inventory),unresolved,Official statewide source codes scenic values as relevant (YES).,BLM CA ACEC FeatureServer,https://gis.blm.gov/caarcgis/rest/services/Planning/BLM_CA_ACEC/FeatureServer/0,,ACEC_RLVNCE_SCE,2026-08-05,high_source_code,not_classified_as_water_value,authoritative_source,"This is a controlled statewide relevance category, not a detailed unit-specific value narrative."
acec-1c87be40f18100,blmca-fc55a8aa-83f7-45e8-8ba4-5261dcf9612e,value-f6bcb9d9f0da,wildlife_and_habitat,wildlife_resource,Wildlife resources,selected source record and semantic ACEC (one-to-one in current inventory),unresolved,Official statewide source codes wildlife resources as relevant (YES).,BLM CA ACEC FeatureServer,https://gis.blm.gov/caarcgis/rest/services/Planning/BLM_CA_ACEC/FeatureServer/0,,ACEC_RLVNCE_WRSC,2026-08-05,high_source_code,not_classified_as_water_value,authoritative_source,"This is a controlled statewide relevance category, not a detailed unit-specific value narrative."
acec-be7c4d3409891b,blmca-a5281b8e-4c79-41c2-91a8-697f0e28202f,value-d1b56adfddc0,cultural_archaeological_historic,cultural,Cultural resources,selected source record and semantic ACEC (one-to-one in current inventory),unresolved,Official statewide source codes cultural resources as relevant (YES).,BLM CA ACEC FeatureServer,https://gis.blm.gov/caarcgis/rest/services/Planning/BLM_CA_ACEC/FeatureServer/0,,ACEC_RLVNCE_CUL,2026-08-05,high_source_code,not_classified_as_water_value,authoritative_source,"This is a controlled statewide relevance category, not a detailed unit-specific value narrative."
acec-be7c4d3409891b,blmca-a5281b8e-4c79-41c2-91a8-697f0e28202f,value-6a738287dc35,cultural_archaeological_historic,historic,Historic resources,selected source record and semantic ACEC (one-to-one in current inventory),unresolved,Official statewide source codes historic resources as relevant (YES).,BLM CA ACEC FeatureServer,https://gis.blm.gov/caarcgis/rest/services/Planning/BLM_CA_ACEC/FeatureServer/0,,ACEC_RLVNCE_HIS,2026-08-05,high_source_code,not_classified_as_water_value,authoritative_source,"This is a controlled statewide relevance category, not a detailed unit-specific value narrative."
acec-be7c4d3409891b,blmca-a5281b8e-4c79-41c2-91a8-697f0e28202f,value-63fd6b9687a6,botanical_or_ecological,natural_process,Natural processes,selected source record and semantic ACEC (one-to-one in current inventory),unresolved,Official statewide source codes natural processes as relevant (YES).,BLM CA ACEC FeatureServer,https://gis.blm.gov/caarcgis/rest/services/Planning/BLM_CA_ACEC/FeatureServer/0,,ACEC_RLVNCE_NPRO,2026-08-05,high_source_code,not_classified_as_water_value,authoritative_source,"This is a controlled statewide relevance category, not a detailed unit-specific value narrative."
acec-be7c4d3409891b,blmca-a5281b8e-4c79-41c2-91a8-697f0e28202f,value-f294ce69860c,botanical_or_ecological,natural_system,Natural systems,selected source record and semantic ACEC (one-to-one in current inventory),unresolved,Official statewide source codes natural systems as relevant (YES).,BLM CA ACEC FeatureServer,https://gis.blm.gov/caarcgis/rest/services/Planning/BLM_CA_ACEC/FeatureServer/0,,ACEC_RLVNCE_NSYS,2026-08-05,high_source_code,not_classified_as_water_value,authoritative_source,"This is a controlled statewide relevance category, not a detailed unit-specific value narrative."
acec-be7c4d3409891b,blmca-a5281b8e-4c79-41c2-91a8-697f0e28202f,value-68200f78a211,scenic,scenic,Scenic values,selected source record and semantic ACEC (one-to-one in current inventory),unresolved,Official statewide source codes scenic values as relevant (YES).,BLM CA ACEC FeatureServer,https://gis.blm.gov/caarcgis/rest/services/Planning/BLM_CA_ACEC/FeatureServer/0,,ACEC_RLVNCE_SCE,2026-08-05,high_source_code,not_classified_as_water_value,authoritative_source,"This is a controlled statewide relevance category, not a detailed unit-specific value narrative."
acec-c92a8cb916758b,blmca-1e91c370-750f-47a7-a22e-9afdca02e77d,value-be94ebded3c9,cultural_archaeological_historic,cultural,Cultural resources,selected source record and semantic ACEC (one-to-one in current inventory),unresolved,Official statewide source codes cultural resources as relevant (YES).,BLM CA ACEC FeatureServer,https://gis.blm.gov/caarcgis/rest/services/Planning/BLM_CA_ACEC/FeatureServer/0,,ACEC_RLVNCE_CUL,2026-08-05,high_source_code,not_classified_as_water_value,authoritative_source,"This is a controlled statewide relevance category, not a detailed unit-specific value narrative."
acec-c92a8cb916758b,blmca-1e91c370-750f-47a7-a22e-9afdca02e77d,value-69b613d2cc94,cultural_archaeological_historic,historic,Historic resources,selected source record and semantic ACEC (one-to-one in current inventory),unresolved,Official statewide source codes historic resources as relevant (YES).,BLM CA ACEC FeatureServer,https://gis.blm.gov/caarcgis/rest/services/Planning/BLM_CA_ACEC/FeatureServer/0,,ACEC_RLVNCE_HIS,2026-08-05,high_source_code,not_classified_as_water_value,authoritative_source,"This is a controlled statewide relevance category, not a detailed unit-specific value narrative."
acec-c92a8cb916758b,blmca-1e91c370-750f-47a7-a22e-9afdca02e77d,value-dd2e364f3918,botanical_or_ecological,natural_process,Natural processes,selected source record and semantic ACEC (one-to-one in current inventory),unresolved,Official statewide source codes natural processes as relevant (YES).,BLM CA ACEC FeatureServer,https://gis.blm.gov/caarcgis/rest/services/Planning/BLM_CA_ACEC/FeatureServer/0,,ACEC_RLVNCE_NPRO,2026-08-05,high_source_code,not_classified_as_water_value,authoritative_source,"This is a controlled statewide relevance category, not a detailed unit-specific value narrative."
acec-c92a8cb916758b,blmca-1e91c370-750f-47a7-a22e-9afdca02e77d,value-72775bdefa90,botanical_or_ecological,natural_system,Natural systems,selected source record and semantic ACEC (one-to-one in current inventory),unresolved,Official statewide source codes natural systems as relevant (YES).,BLM CA ACEC FeatureServer,https://gis.blm.gov/caarcgis/rest/services/Planning/BLM_CA_ACEC/FeatureServer/0,,ACEC_RLVNCE_NSYS,2026-08-05,high_source_code,not_classified_as_water_value,authoritative_source,"This is a controlled statewide relevance category, not a detailed unit-specific value narrative."
acec-c92a8cb916758b,blmca-1e91c370-750f-47a7-a22e-9afdca02e77d,value-489f279eefc2,wildlife_and_habitat,wildlife_resource,Wildlife resources,selected source record and semantic ACEC (one-to-one in current inventory),unresolved,Official statewide source codes wildlife resources as relevant (YES).,BLM CA ACEC FeatureServer,https://gis.blm.gov/caarcgis/rest/services/Planning/BLM_CA_ACEC/FeatureServer/0,,ACEC_RLVNCE_WRSC,2026-08-05,high_source_code,not_classified_as_water_value,authoritative_source,"This is a controlled statewide relevance category, not a detailed unit-specific value narrative."
acec-43678d9e1efd28,blmca-9129191d-8a84-499c-9ba4-0ba932e47e4e,value-92dc7ec58e4f,cultural_archaeological_historic,cultural,Cultural resources,selected source record and semantic ACEC (one-to-one in current inventory),unresolved,Official statewide source codes cultural resources as relevant (YES).,BLM CA ACEC FeatureServer,https://gis.blm.gov/caarcgis/rest/services/Planning/BLM_CA_ACEC/FeatureServer/0,,ACEC_RLVNCE_CUL,2026-08-05,high_source_code,not_classified_as_water_value,authoritative_source,"This is a controlled statewide relevance category, not a detailed unit-specific value narrative."
acec-43678d9e1efd28,blmca-9129191d-8a84-499c-9ba4-0ba932e47e4e,value-b95ac835c53a,cultural_archaeological_historic,historic,Historic resources,selected source record and semantic ACEC (one-to-one in current inventory),unresolved,Official statewide source codes historic resources as relevant (YES).,BLM CA ACEC FeatureServer,https://gis.blm.gov/caarcgis/rest/services/Planning/BLM_CA_ACEC/FeatureServer/0,,ACEC_RLVNCE_HIS,2026-08-05,high_source_code,not_classified_as_water_value,authoritative_source,"This is a controlled statewide relevance category, not a detailed unit-specific value narrative."
acec-43678d9e1efd28,blmca-9129191d-8a84-499c-9ba4-0ba932e47e4e,value-84e473a547a4,botanical_or_ecological,natural_process,Natural processes,selected source record and semantic ACEC (one-to-one in current inventory),unresolved,Official statewide source codes natural processes as relevant (YES).,BLM CA ACEC FeatureServer,https://gis.blm.gov/caarcgis/rest/services/Planning/BLM_CA_ACEC/FeatureServer/0,,ACEC_RLVNCE_NPRO,2026-08-05,high_source_code,not_classified_as_water_value,authoritative_source,"This is a controlled statewide relevance category, not a detailed unit-specific value narrative."
acec-43678d9e1efd28,blmca-9129191d-8a84-499c-9ba4-0ba932e47e4e,value-48142c53ce73,botanical_or_ecological,natural_system,Natural systems,selected source record and semantic ACEC (one-to-one in current inventory),unresolved,Official statewide source codes natural systems as relevant (YES).,BLM CA ACEC FeatureServer,https://gis.blm.gov/caarcgis/rest/services/Planning/BLM_CA_ACEC/FeatureServer/0,,ACEC_RLVNCE_NSYS,2026-08-05,high_source_code,not_classified_as_water_value,authoritative_source,"This is a controlled statewide relevance category, not a detailed unit-specific value narrative."
acec-43678d9e1efd28,blmca-9129191d-8a84-499c-9ba4-0ba932e47e4e,value-e0d18af0db73,wildlife_and_habitat,wildlife_resource,Wildlife resources,selected source record and semantic ACEC (one-to-one in current inventory),unresolved,Official statewide source codes wildlife resources as relevant (YES).,BLM CA ACEC FeatureServer,https://gis.blm.gov/caarcgis/rest/services/Planning/BLM_CA_ACEC/FeatureServer/0,,ACEC_RLVNCE_WRSC,2026-08-05,high_source_code,not_classified_as_water_value,authoritative_source,"This is a controlled statewide relevance category, not a detailed unit-specific value narrative."
acec-cbae284ab714d2,blmca-625f6c76-a1dc-4507-9989-259a5603a668,value-7a805ed00506,cultural_archaeological_historic,cultural,Cultural resources,selected source record and semantic ACEC (one-to-one in current inventory),unresolved,Official statewide source codes cultural resources as relevant (YES).,BLM CA ACEC FeatureServer,https://gis.blm.gov/caarcgis/rest/services/Planning/BLM_CA_ACEC/FeatureServer/0,,ACEC_RLVNCE_CUL,2026-08-05,high_source_code,not_classified_as_water_value,authoritative_source,"This is a controlled statewide relevance category, not a detailed unit-specific value narrative."
acec-cbae284ab714d2,blmca-625f6c76-a1dc-4507-9989-259a5603a668,value-d9376a226940,cultural_archaeological_historic,historic,Historic resources,selected source record and semantic ACEC (one-to-one in current inventory),unresolved,Official statewide source codes historic resources as relevant (YES).,BLM CA ACEC FeatureServer,https://gis.blm.gov/caarcgis/rest/services/Planning/BLM_CA_ACEC/FeatureServer/0,,ACEC_RLVNCE_HIS,2026-08-05,high_source_code,not_classified_as_water_value,authoritative_source,"This is a controlled statewide relevance category, not a detailed unit-specific value narrative."
acec-cbae284ab714d2,blmca-625f6c76-a1dc-4507-9989-259a5603a668,value-4d9deaa3c41c,botanical_or_ecological,natural_process,Natural processes,selected source record and semantic ACEC (one-to-one in current inventory),unresolved,Official statewide source codes natural processes as relevant (YES).,BLM CA ACEC FeatureServer,https://gis.blm.gov/caarcgis/rest/services/Planning/BLM_CA_ACEC/FeatureServer/0,,ACEC_RLVNCE_NPRO,2026-08-05,high_source_code,not_classified_as_water_value,authoritative_source,"This is a controlled statewide relevance category, not a detailed unit-specific value narrative."
acec-cbae284ab714d2,blmca-625f6c76-a1dc-4507-9989-259a5603a668,value-34da86604ae2,botanical_or_ecological,natural_system,Natural systems,selected source record and semantic ACEC (one-to-one in current inventory),unresolved,Official statewide source codes natural systems as relevant (YES).,BLM CA ACEC FeatureServer,https://gis.blm.gov/caarcgis/rest/services/Planning/BLM_CA_ACEC/FeatureServer/0,,ACEC_RLVNCE_NSYS,2026-08-05,high_source_code,not_classified_as_water_value,authoritative_source,"This is a controlled statewide relevance category, not a detailed unit-specific value narrative."
acec-cbae284ab714d2,blmca-625f6c76-a1dc-4507-9989-259a5603a668,value-06d8e985038b,wildlife_and_habitat,wildlife_resource,Wildlife resources,selected source record and semantic ACEC (one-to-one in current inventory),unresolved,Official statewide source codes wildlife resources as relevant (YES).,BLM CA ACEC FeatureServer,https://gis.blm.gov/caarcgis/rest/services/Planning/BLM_CA_ACEC/FeatureServer/0,,ACEC_RLVNCE_WRSC,2026-08-05,high_source_code,not_classified_as_water_value,authoritative_source,"This is a controlled statewide relevance category, not a detailed unit-specific value narrative."
acec-3470fc550ec680,blmca-22bcc2d3-4471-4c7b-843a-a3e2ea6b7208,value-089c3775be54,cultural_archaeological_historic,cultural,Cultural resources,selected source record and semantic ACEC (one-to-one in current inventory),unresolved,Official statewide source codes cultural resources as relevant (YES).,BLM CA ACEC FeatureServer,https://gis.blm.gov/caarcgis/rest/services/Planning/BLM_CA_ACEC/FeatureServer/0,,ACEC_RLVNCE_CUL,2026-08-05,high_source_code,not_classified_as_water_value,authoritative_source,"This is a controlled statewide relevance category, not a detailed unit-specific value narrative."
acec-3470fc550ec680,blmca-22bcc2d3-4471-4c7b-843a-a3e2ea6b7208,value-bb837120a844,cultural_archaeological_historic,historic,Historic resources,selected source record and semantic ACEC (one-to-one in current inventory),unresolved,Official statewide source codes historic resources as relevant (YES).,BLM CA ACEC FeatureServer,https://gis.blm.gov/caarcgis/rest/services/Planning/BLM_CA_ACEC/FeatureServer/0,,ACEC_RLVNCE_HIS,2026-08-05,high_source_code,not_classified_as_water_value,authoritative_source,"This is a controlled statewide relevance category, not a detailed unit-specific value narrative."
acec-3470fc550ec680,blmca-22bcc2d3-4471-4c7b-843a-a3e2ea6b7208,value-47b00aa44f6f,botanical_or_ecological,natural_process,Natural processes,selected source record and semantic ACEC (one-to-one in current inventory),unresolved,Official statewide source codes natural processes as relevant (YES).,BLM CA ACEC FeatureServer,https://gis.blm.gov/caarcgis/rest/services/Planning/BLM_CA_ACEC/FeatureServer/0,,ACEC_RLVNCE_NPRO,2026-08-05,high_source_code,not_classified_as_water_value,authoritative_source,"This is a controlled statewide relevance category, not a detailed unit-specific value narrative."
acec-3470fc550ec680,blmca-22bcc2d3-4471-4c7b-843a-a3e2ea6b7208,value-367eead239d1,botanical_or_ecological,natural_system,Natural systems,selected source record and semantic ACEC (one-to-one in current inventory),unresolved,Official statewide source codes natural systems as relevant (YES).,BLM CA ACEC FeatureServer,https://gis.blm.gov/caarcgis/rest/services/Planning/BLM_CA_ACEC/FeatureServer/0,,ACEC_RLVNCE_NSYS,2026-08-05,high_source_code,not_classified_as_water_value,authoritative_source,"This is a controlled statewide relevance category, not a detailed unit-specific value narrative."
acec-3470fc550ec680,blmca-22bcc2d3-4471-4c7b-843a-a3e2ea6b7208,value-ae7319494e33,wildlife_and_habitat,wildlife_resource,Wildlife resources,selected source record and semantic ACEC (one-to-one in current inventory),unresolved,Official statewide source codes wildlife resources as relevant (YES).,BLM CA ACEC FeatureServer,https://gis.blm.gov/caarcgis/rest/services/Planning/BLM_CA_ACEC/FeatureServer/0,,ACEC_RLVNCE_WRSC,2026-08-05,high_source_code,not_classified_as_water_value,authoritative_source,"This is a controlled statewide relevance category, not a detailed unit-specific value narrative."
acec-eb5af440a93840,blmca-fc596c19-2050-476a-8103-71afd0c6f373,value-d241e49d0fbc,botanical_or_ecological,natural_process,Natural processes,selected source record and semantic ACEC (one-to-one in current inventory),unresolved,Official statewide source codes natural processes as relevant (YES).,BLM CA ACEC FeatureServer,https://gis.blm.gov/caarcgis/rest/services/Planning/BLM_CA_ACEC/FeatureServer/0,,ACEC_RLVNCE_NPRO,2026-08-05,high_source_code,not_classified_as_water_value,authoritative_source,"This is a controlled statewide relevance category, not a detailed unit-specific value narrative."
acec-eb5af440a93840,blmca-fc596c19-2050-476a-8103-71afd0c6f373,value-07c596cce87f,botanical_or_ecological,natural_system,Natural systems,selected source record and semantic ACEC (one-to-one in current inventory),unresolved,Official statewide source codes natural systems as relevant (YES).,BLM CA ACEC FeatureServer,https://gis.blm.gov/caarcgis/rest/services/Planning/BLM_CA_ACEC/FeatureServer/0,,ACEC_RLVNCE_NSYS,2026-08-05,high_source_code,not_classified_as_water_value,authoritative_source,"This is a controlled statewide relevance category, not a detailed unit-specific value narrative."
acec-eb5af440a93840,blmca-fc596c19-2050-476a-8103-71afd0c6f373,value-62d93ca9c7cc,wildlife_and_habitat,wildlife_resource,Wildlife resources,selected source record and semantic ACEC (one-to-one in current inventory),unresolved,Official statewide source codes wildlife resources as relevant (YES).,BLM CA ACEC FeatureServer,https://gis.blm.gov/caarcgis/rest/services/Planning/BLM_CA_ACEC/FeatureServer/0,,ACEC_RLVNCE_WRSC,2026-08-05,high_source_code,not_classified_as_water_value,authoritative_source,"This is a controlled statewide relevance category, not a detailed unit-specific value narrative."
acec-84c0ee829f9e7a,blmca-faf89507-b87d-4ffc-a288-f71df03d2824,value-426c6975c2b6,cultural_archaeological_historic,historic,Historic resources,selected source record and semantic ACEC (one-to-one in current inventory),unresolved,Official statewide source codes historic resources as relevant (YES).,BLM CA ACEC FeatureServer,https://gis.blm.gov/caarcgis/rest/services/Planning/BLM_CA_ACEC/FeatureServer/0,,ACEC_RLVNCE_HIS,2026-08-05,high_source_code,not_classified_as_water_value,authoritative_source,"This is a controlled statewide relevance category, not a detailed unit-specific value narrative."
acec-d74831f0661474,blmca-4edc5456-dcc9-4a04-a0f9-1cb82ec2b717,value-d4d22890e069,cultural_archaeological_historic,cultural,Cultural resources,selected source record and semantic ACEC (one-to-one in current inventory),unresolved,Official statewide source codes cultural resources as relevant (YES).,BLM CA ACEC FeatureServer,https://gis.blm.gov/caarcgis/rest/services/Planning/BLM_CA_ACEC/FeatureServer/0,,ACEC_RLVNCE_CUL,2026-08-05,high_source_code,not_classified_as_water_value,authoritative_source,"This is a controlled statewide relevance category, not a detailed unit-specific value narrative."
acec-d74831f0661474,blmca-4edc5456-dcc9-4a04-a0f9-1cb82ec2b717,value-f142e21c1a93,cultural_archaeological_historic,historic,Historic resources,selected source record and semantic ACEC (one-to-one in current inventory),unresolved,Official statewide source codes historic resources as relevant (YES).,BLM CA ACEC FeatureServer,https://gis.blm.gov/caarcgis/rest/services/Planning/BLM_CA_ACEC/FeatureServer/0,,ACEC_RLVNCE_HIS,2026-08-05,high_source_code,not_classified_as_water_value,authoritative_source,"This is a controlled statewide relevance category, not a detailed unit-specific value narrative."
acec-d74831f0661474,blmca-4edc5456-dcc9-4a04-a0f9-1cb82ec2b717,value-ac7168f0b5e2,botanical_or_ecological,natural_process,Natural processes,selected source record and semantic ACEC (one-to-one in current inventory),unresolved,Official statewide source codes natural processes as relevant (YES).,BLM CA ACEC FeatureServer,https://gis.blm.gov/caarcgis/rest/services/Planning/BLM_CA_ACEC/FeatureServer/0,,ACEC_RLVNCE_NPRO,2026-08-05,high_source_code,not_classified_as_water_value,authoritative_source,"This is a controlled statewide relevance category, not a detailed unit-specific value narrative."
acec-d74831f0661474,blmca-4edc5456-dcc9-4a04-a0f9-1cb82ec2b717,value-b7bb390a22c5,botanical_or_ecological,natural_system,Natural systems,selected source record and semantic ACEC (one-to-one in current inventory),unresolved,Official statewide source codes natural systems as relevant (YES).,BLM CA ACEC FeatureServer,https://gis.blm.gov/caarcgis/rest/services/Planning/BLM_CA_ACEC/FeatureServer/0,,ACEC_RLVNCE_NSYS,2026-08-05,high_source_code,not_classified_as_water_value,authoritative_source,"This is a controlled statewide relevance category, not a detailed unit-specific value narrative."
acec-d74831f0661474,blmca-4edc5456-dcc9-4a04-a0f9-1cb82ec2b717,value-e4bf4e9b7d55,scenic,scenic,Scenic values,selected source record and semantic ACEC (one-to-one in current inventory),unresolved,Official statewide source codes scenic values as relevant (YES).,BLM CA ACEC FeatureServer,https://gis.blm.gov/caarcgis/rest/services/Planning/BLM_CA_ACEC/FeatureServer/0,,ACEC_RLVNCE_SCE,2026-08-05,high_source_code,not_classified_as_water_value,authoritative_source,"This is a controlled statewide relevance category, not a detailed unit-specific value narrative."
acec-d74831f0661474,blmca-4edc5456-dcc9-4a04-a0f9-1cb82ec2b717,value-14bcde5348bb,wildlife_and_habitat,wildlife_resource,Wildlife resources,selected source record and semantic ACEC (one-to-one in current inventory),unresolved,Official statewide source codes wildlife resources as relevant (YES).,BLM CA ACEC FeatureServer,https://gis.blm.gov/caarcgis/rest/services/Planning/BLM_CA_ACEC/FeatureServer/0,,ACEC_RLVNCE_WRSC,2026-08-05,high_source_code,not_classified_as_water_value,authoritative_source,"This is a controlled statewide relevance category, not a detailed unit-specific value narrative."
acec-3aa2b7a0265f41,blmca-0e28f751-23e1-42ef-abe3-9149ae0bbb0c,value-e52680678ca9,cultural_archaeological_historic,cultural,Cultural resources,selected source record and semantic ACEC (one-to-one in current inventory),unresolved,Official statewide source codes cultural resources as relevant (YES).,BLM CA ACEC FeatureServer,https://gis.blm.gov/caarcgis/rest/services/Planning/BLM_CA_ACEC/FeatureServer/0,,ACEC_RLVNCE_CUL,2026-08-05,high_source_code,not_classified_as_water_value,authoritative_source,"This is a controlled statewide relevance category, not a detailed unit-specific value narrative."
acec-3aa2b7a0265f41,blmca-0e28f751-23e1-42ef-abe3-9149ae0bbb0c,value-60dfc6490f81,cultural_archaeological_historic,historic,Historic resources,selected source record and semantic ACEC (one-to-one in current inventory),unresolved,Official statewide source codes historic resources as relevant (YES).,BLM CA ACEC FeatureServer,https://gis.blm.gov/caarcgis/rest/services/Planning/BLM_CA_ACEC/FeatureServer/0,,ACEC_RLVNCE_HIS,2026-08-05,high_source_code,not_classified_as_water_value,authoritative_source,"This is a controlled statewide relevance category, not a detailed unit-specific value narrative."
acec-3aa2b7a0265f41,blmca-0e28f751-23e1-42ef-abe3-9149ae0bbb0c,value-fa0a01635acc,botanical_or_ecological,natural_process,Natural processes,selected source record and semantic ACEC (one-to-one in current inventory),unresolved,Official statewide source codes natural processes as relevant (YES).,BLM CA ACEC FeatureServer,https://gis.blm.gov/caarcgis/rest/services/Planning/BLM_CA_ACEC/FeatureServer/0,,ACEC_RLVNCE_NPRO,2026-08-05,high_source_code,not_classified_as_water_value,authoritative_source,"This is a controlled statewide relevance category, not a detailed unit-specific value narrative."
acec-3aa2b7a0265f41,blmca-0e28f751-23e1-42ef-abe3-9149ae0bbb0c,value-bf3b6857132f,botanical_or_ecological,natural_system,Natural systems,selected source record and semantic ACEC (one-to-one in current inventory),unresolved,Official statewide source codes natural systems as relevant (YES).,BLM CA ACEC FeatureServer,https://gis.blm.gov/caarcgis/rest/services/Planning/BLM_CA_ACEC/FeatureServer/0,,ACEC_RLVNCE_NSYS,2026-08-05,high_source_code,not_classified_as_water_value,authoritative_source,"This is a controlled statewide relevance category, not a detailed unit-specific value narrative."
acec-3aa2b7a0265f41,blmca-0e28f751-23e1-42ef-abe3-9149ae0bbb0c,value-c9978d46d8db,scenic,scenic,Scenic values,selected source record and semantic ACEC (one-to-one in current inventory),unresolved,Official statewide source codes scenic values as relevant (YES).,BLM CA ACEC FeatureServer,https://gis.blm.gov/caarcgis/rest/services/Planning/BLM_CA_ACEC/FeatureServer/0,,ACEC_RLVNCE_SCE,2026-08-05,high_source_code,not_classified_as_water_value,authoritative_source,"This is a controlled statewide relevance category, not a detailed unit-specific value narrative."
acec-3aa2b7a0265f41,blmca-0e28f751-23e1-42ef-abe3-9149ae0bbb0c,value-6af9da034d57,wildlife_and_habitat,wildlife_resource,Wildlife resources,selected source record and semantic ACEC (one-to-one in current inventory),unresolved,Official statewide source codes wildlife resources as relevant (YES).,BLM CA ACEC FeatureServer,https://gis.blm.gov/caarcgis/rest/services/Planning/BLM_CA_ACEC/FeatureServer/0,,ACEC_RLVNCE_WRSC,2026-08-05,high_source_code,not_classified_as_water_value,authoritative_source,"This is a controlled statewide relevance category, not a detailed unit-specific value narrative."
acec-40eb9c2dfe7510,blmca-f3b42618-c1ec-4387-937b-b42862cb061a,value-93d796b74475,botanical_or_ecological,natural_system,Natural systems,selected source record and semantic ACEC (one-to-one in current inventory),unresolved,Official statewide source codes natural systems as relevant (YES).,BLM CA ACEC FeatureServer,https://gis.blm.gov/caarcgis/rest/services/Planning/BLM_CA_ACEC/FeatureServer/0,,ACEC_RLVNCE_NSYS,2026-08-05,high_source_code,not_classified_as_water_value,authoritative_source,"This is a controlled statewide relevance category, not a detailed unit-specific value narrative."
acec-50393d70bf37b1,blmca-0e7ec530-e342-47b1-8c0f-9f7fd415f1f1,value-72c15f6ccb79,botanical_or_ecological,natural_process,Natural processes,selected source record and semantic ACEC (one-to-one in current inventory),unresolved,Official statewide source codes natural processes as relevant (YES).,BLM CA ACEC FeatureServer,https://gis.blm.gov/caarcgis/rest/services/Planning/BLM_CA_ACEC/FeatureServer/0,,ACEC_RLVNCE_NPRO,2026-08-05,high_source_code,not_classified_as_water_value,authoritative_source,"This is a controlled statewide relevance category, not a detailed unit-specific value narrative."
acec-50393d70bf37b1,blmca-0e7ec530-e342-47b1-8c0f-9f7fd415f1f1,value-79b2a8f53941,botanical_or_ecological,natural_system,Natural systems,selected source record and semantic ACEC (one-to-one in current inventory),unresolved,Official statewide source codes natural systems as relevant (YES).,BLM CA ACEC FeatureServer,https://gis.blm.gov/caarcgis/rest/services/Planning/BLM_CA_ACEC/FeatureServer/0,,ACEC_RLVNCE_NSYS,2026-08-05,high_source_code,not_classified_as_water_value,authoritative_source,"This is a controlled statewide relevance category, not a detailed unit-specific value narrative."
acec-fddd72e60b1552,blmca-da293303-6734-4ab8-8731-c90f81d68ed4,value-d6d2b10e703f,botanical_or_ecological,natural_process,Natural processes,selected source record and semantic ACEC (one-to-one in current inventory),unresolved,Official statewide source codes natural processes as relevant (YES).,BLM CA ACEC FeatureServer,https://gis.blm.gov/caarcgis/rest/services/Planning/BLM_CA_ACEC/FeatureServer/0,,ACEC_RLVNCE_NPRO,2026-08-05,high_source_code,not_classified_as_water_value,authoritative_source,"This is a controlled statewide relevance category, not a detailed unit-specific value narrative."
acec-fddd72e60b1552,blmca-da293303-6734-4ab8-8731-c90f81d68ed4,value-ab0150d0a9e5,botanical_or_ecological,natural_system,Natural systems,selected source record and semantic ACEC (one-to-one in current inventory),unresolved,Official statewide source codes natural systems as relevant (YES).,BLM CA ACEC FeatureServer,https://gis.blm.gov/caarcgis/rest/services/Planning/BLM_CA_ACEC/FeatureServer/0,,ACEC_RLVNCE_NSYS,2026-08-05,high_source_code,not_classified_as_water_value,authoritative_source,"This is a controlled statewide relevance category, not a detailed unit-specific value narrative."
acec-fddd72e60b1552,blmca-da293303-6734-4ab8-8731-c90f81d68ed4,value-5aa376a3ccbf,wildlife_and_habitat,wildlife_resource,Wildlife resources,selected source record and semantic ACEC (one-to-one in current inventory),unresolved,Official statewide source codes wildlife resources as relevant (YES).,BLM CA ACEC FeatureServer,https://gis.blm.gov/caarcgis/rest/services/Planning/BLM_CA_ACEC/FeatureServer/0,,ACEC_RLVNCE_WRSC,2026-08-05,high_source_code,not_classified_as_water_value,authoritative_source,"This is a controlled statewide relevance category, not a detailed unit-specific value narrative."
acec-a42bfe37fea94f,blmca-972715f2-3146-4fda-9161-ca28af3370f8,value-1433b2f09172,cultural_archaeological_historic,cultural,Cultural resources,selected source record and semantic ACEC (one-to-one in current inventory),unresolved,Official statewide source codes cultural resources as relevant (YES).,BLM CA ACEC FeatureServer,https://gis.blm.gov/caarcgis/rest/services/Planning/BLM_CA_ACEC/FeatureServer/0,,ACEC_RLVNCE_CUL,2026-08-05,high_source_code,not_classified_as_water_value,authoritative_source,"This is a controlled statewide relevance category, not a detailed unit-specific value narrative."
acec-a42bfe37fea94f,blmca-972715f2-3146-4fda-9161-ca28af3370f8,value-2db1c775c6cf,cultural_archaeological_historic,historic,Historic resources,selected source record and semantic ACEC (one-to-one in current inventory),unresolved,Official statewide source codes historic resources as relevant (YES).,BLM CA ACEC FeatureServer,https://gis.blm.gov/caarcgis/rest/services/Planning/BLM_CA_ACEC/FeatureServer/0,,ACEC_RLVNCE_HIS,2026-08-05,high_source_code,not_classified_as_water_value,authoritative_source,"This is a controlled statewide relevance category, not a detailed unit-specific value narrative."
acec-f36ce6f5a67354,blmca-054a3282-7248-4329-a2d5-57dbc1657baf,value-7f91def9dbe2,botanical_or_ecological,natural_process,Natural processes,selected source record and semantic ACEC (one-to-one in current inventory),unresolved,Official statewide source codes natural processes as relevant (YES).,BLM CA ACEC FeatureServer,https://gis.blm.gov/caarcgis/rest/services/Planning/BLM_CA_ACEC/FeatureServer/0,,ACEC_RLVNCE_NPRO,2026-08-05,high_source_code,not_classified_as_water_value,authoritative_source,"This is a controlled statewide relevance category, not a detailed unit-specific value narrative."
acec-f36ce6f5a67354,blmca-054a3282-7248-4329-a2d5-57dbc1657baf,value-7607c00d3b49,botanical_or_ecological,natural_system,Natural systems,selected source record and semantic ACEC (one-to-one in current inventory),unresolved,Official statewide source codes natural systems as relevant (YES).,BLM CA ACEC FeatureServer,https://gis.blm.gov/caarcgis/rest/services/Planning/BLM_CA_ACEC/FeatureServer/0,,ACEC_RLVNCE_NSYS,2026-08-05,high_source_code,not_classified_as_water_value,authoritative_source,"This is a controlled statewide relevance category, not a detailed unit-specific value narrative."
acec-f36ce6f5a67354,blmca-054a3282-7248-4329-a2d5-57dbc1657baf,value-f5137647cb7a,wildlife_and_habitat,wildlife_resource,Wildlife resources,selected source record and semantic ACEC (one-to-one in current inventory),unresolved,Official statewide source codes wildlife resources as relevant (YES).,BLM CA ACEC FeatureServer,https://gis.blm.gov/caarcgis/rest/services/Planning/BLM_CA_ACEC/FeatureServer/0,,ACEC_RLVNCE_WRSC,2026-08-05,high_source_code,not_classified_as_water_value,authoritative_source,"This is a controlled statewide relevance category, not a detailed unit-specific value narrative."
acec-b662662b90103e,blmca-8eb9e101-44c7-4a71-8262-2d5d49469aa1,value-f900519a8fd4,botanical_or_ecological,natural_process,Natural processes,selected source record and semantic ACEC (one-to-one in current inventory),unresolved,Official statewide source codes natural processes as relevant (YES).,BLM CA ACEC FeatureServer,https://gis.blm.gov/caarcgis/rest/services/Planning/BLM_CA_ACEC/FeatureServer/0,,ACEC_RLVNCE_NPRO,2026-08-05,high_source_code,not_classified_as_water_value,authoritative_source,"This is a controlled statewide relevance category, not a detailed unit-specific value narrative."
acec-b662662b90103e,blmca-8eb9e101-44c7-4a71-8262-2d5d49469aa1,value-172193c6a226,botanical_or_ecological,natural_system,Natural systems,selected source record and semantic ACEC (one-to-one in current inventory),unresolved,Official statewide source codes natural systems as relevant (YES).,BLM CA ACEC FeatureServer,https://gis.blm.gov/caarcgis/rest/services/Planning/BLM_CA_ACEC/FeatureServer/0,,ACEC_RLVNCE_NSYS,2026-08-05,high_source_code,not_classified_as_water_value,authoritative_source,"This is a controlled statewide relevance category, not a detailed unit-specific value narrative."
acec-b662662b90103e,blmca-8eb9e101-44c7-4a71-8262-2d5d49469aa1,value-c589c79a2ecc,scenic,scenic,Scenic values,selected source record and semantic ACEC (one-to-one in current inventory),unresolved,Official statewide source codes scenic values as relevant (YES).,BLM CA ACEC FeatureServer,https://gis.blm.gov/caarcgis/rest/services/Planning/BLM_CA_ACEC/FeatureServer/0,,ACEC_RLVNCE_SCE,2026-08-05,high_source_code,not_classified_as_water_value,authoritative_source,"This is a controlled statewide relevance category, not a detailed unit-specific value narrative."
acec-bb02e878544f98,blmca-34a4fb23-fe5b-4a21-a27a-23a391e80478,value-7a1d7100b478,cultural_archaeological_historic,cultural,Cultural resources,selected source record and semantic ACEC (one-to-one in current inventory),unresolved,Official statewide source codes cultural resources as relevant (YES).,BLM CA ACEC FeatureServer,https://gis.blm.gov/caarcgis/rest/services/Planning/BLM_CA_ACEC/FeatureServer/0,,ACEC_RLVNCE_CUL,2026-08-05,high_source_code,not_classified_as_water_value,authoritative_source,"This is a controlled statewide relevance category, not a detailed unit-specific value narrative."
acec-bb02e878544f98,blmca-34a4fb23-fe5b-4a21-a27a-23a391e80478,value-d7f390895953,cultural_archaeological_historic,historic,Historic resources,selected source record and semantic ACEC (one-to-one in current inventory),unresolved,Official statewide source codes historic resources as relevant (YES).,BLM CA ACEC FeatureServer,https://gis.blm.gov/caarcgis/rest/services/Planning/BLM_CA_ACEC/FeatureServer/0,,ACEC_RLVNCE_HIS,2026-08-05,high_source_code,not_classified_as_water_value,authoritative_source,"This is a controlled statewide relevance category, not a detailed unit-specific value narrative."
acec-bb02e878544f98,blmca-34a4fb23-fe5b-4a21-a27a-23a391e80478,value-8370dca61dd0,wildlife_and_habitat,wildlife_resource,Wildlife resources,selected source record and semantic ACEC (one-to-one in current inventory),unresolved,Official statewide source codes wildlife resources as relevant (YES).,BLM CA ACEC FeatureServer,https://gis.blm.gov/caarcgis/rest/services/Planning/BLM_CA_ACEC/FeatureServer/0,,ACEC_RLVNCE_WRSC,2026-08-05,high_source_code,not_classified_as_water_value,authoritative_source,"This is a controlled statewide relevance category, not a detailed unit-specific value narrative."
acec-902721956da5cf,blmca-5943c3c3-6448-4397-b036-d499c2ff7054,value-fdaf66d2abcc,cultural_archaeological_historic,cultural,Cultural resources,selected source record and semantic ACEC (one-to-one in current inventory),unresolved,Official statewide source codes cultural resources as relevant (YES).,BLM CA ACEC FeatureServer,https://gis.blm.gov/caarcgis/rest/services/Planning/BLM_CA_ACEC/FeatureServer/0,,ACEC_RLVNCE_CUL,2026-08-05,high_source_code,not_classified_as_water_value,authoritative_source,"This is a controlled statewide relevance category, not a detailed unit-specific value narrative."
acec-902721956da5cf,blmca-5943c3c3-6448-4397-b036-d499c2ff7054,value-07bcf2f34999,cultural_archaeological_historic,historic,Historic resources,selected source record and semantic ACEC (one-to-one in current inventory),unresolved,Official statewide source codes historic resources as relevant (YES).,BLM CA ACEC FeatureServer,https://gis.blm.gov/caarcgis/rest/services/Planning/BLM_CA_ACEC/FeatureServer/0,,ACEC_RLVNCE_HIS,2026-08-05,high_source_code,not_classified_as_water_value,authoritative_source,"This is a controlled statewide relevance category, not a detailed unit-specific value narrative."
acec-902721956da5cf,blmca-5943c3c3-6448-4397-b036-d499c2ff7054,value-33d3109903f7,botanical_or_ecological,natural_process,Natural processes,selected source record and semantic ACEC (one-to-one in current inventory),unresolved,Official statewide source codes natural processes as relevant (YES).,BLM CA ACEC FeatureServer,https://gis.blm.gov/caarcgis/rest/services/Planning/BLM_CA_ACEC/FeatureServer/0,,ACEC_RLVNCE_NPRO,2026-08-05,high_source_code,not_classified_as_water_value,authoritative_source,"This is a controlled statewide relevance category, not a detailed unit-specific value narrative."
acec-902721956da5cf,blmca-5943c3c3-6448-4397-b036-d499c2ff7054,value-1d00ad01d4b6,botanical_or_ecological,natural_system,Natural systems,selected source record and semantic ACEC (one-to-one in current inventory),unresolved,Official statewide source codes natural systems as relevant (YES).,BLM CA ACEC FeatureServer,https://gis.blm.gov/caarcgis/rest/services/Planning/BLM_CA_ACEC/FeatureServer/0,,ACEC_RLVNCE_NSYS,2026-08-05,high_source_code,not_classified_as_water_value,authoritative_source,"This is a controlled statewide relevance category, not a detailed unit-specific value narrative."
acec-902721956da5cf,blmca-5943c3c3-6448-4397-b036-d499c2ff7054,value-0fff243a57fc,wildlife_and_habitat,wildlife_resource,Wildlife resources,selected source record and semantic ACEC (one-to-one in current inventory),unresolved,Official statewide source codes wildlife resources as relevant (YES).,BLM CA ACEC FeatureServer,https://gis.blm.gov/caarcgis/rest/services/Planning/BLM_CA_ACEC/FeatureServer/0,,ACEC_RLVNCE_WRSC,2026-08-05,high_source_code,not_classified_as_water_value,authoritative_source,"This is a controlled statewide relevance category, not a detailed unit-specific value narrative."
acec-b2d2dd7db35a89,blmca-1c2afd48-1a10-42a9-941f-dde73b185881,value-248bc61a3734,cultural_archaeological_historic,cultural,Cultural resources,selected source record and semantic ACEC (one-to-one in current inventory),unresolved,Official statewide source codes cultural resources as relevant (YES).,BLM CA ACEC FeatureServer,https://gis.blm.gov/caarcgis/rest/services/Planning/BLM_CA_ACEC/FeatureServer/0,,ACEC_RLVNCE_CUL,2026-08-05,high_source_code,not_classified_as_water_value,authoritative_source,"This is a controlled statewide relevance category, not a detailed unit-specific value narrative."
acec-b2d2dd7db35a89,blmca-1c2afd48-1a10-42a9-941f-dde73b185881,value-135858c86517,water_aquatic,fish_resource,Fish or aquatic resources,selected source record and semantic ACEC (one-to-one in current inventory),unresolved,Official statewide source codes fish or aquatic resources as relevant (YES).,BLM CA ACEC FeatureServer,https://gis.blm.gov/caarcgis/rest/services/Planning/BLM_CA_ACEC/FeatureServer/0,,ACEC_RLVNCE_FRSC,2026-08-05,high_source_code,designation_value,authoritative_source,"This is a controlled statewide relevance category, not a detailed unit-specific value narrative."
acec-b2d2dd7db35a89,blmca-1c2afd48-1a10-42a9-941f-dde73b185881,value-c6eb4fbc0188,cultural_archaeological_historic,historic,Historic resources,selected source record and semantic ACEC (one-to-one in current inventory),unresolved,Official statewide source codes historic resources as relevant (YES).,BLM CA ACEC FeatureServer,https://gis.blm.gov/caarcgis/rest/services/Planning/BLM_CA_ACEC/FeatureServer/0,,ACEC_RLVNCE_HIS,2026-08-05,high_source_code,not_classified_as_water_value,authoritative_source,"This is a controlled statewide relevance category, not a detailed unit-specific value narrative."
acec-b2d2dd7db35a89,blmca-1c2afd48-1a10-42a9-941f-dde73b185881,value-7f31cff4d759,botanical_or_ecological,natural_process,Natural processes,selected source record and semantic ACEC (one-to-one in current inventory),unresolved,Official statewide source codes natural processes as relevant (YES).,BLM CA ACEC FeatureServer,https://gis.blm.gov/caarcgis/rest/services/Planning/BLM_CA_ACEC/FeatureServer/0,,ACEC_RLVNCE_NPRO,2026-08-05,high_source_code,not_classified_as_water_value,authoritative_source,"This is a controlled statewide relevance category, not a detailed unit-specific value narrative."
acec-b2d2dd7db35a89,blmca-1c2afd48-1a10-42a9-941f-dde73b185881,value-96176abee24b,botanical_or_ecological,natural_system,Natural systems,selected source record and semantic ACEC (one-to-one in current inventory),unresolved,Official statewide source codes natural systems as relevant (YES).,BLM CA ACEC FeatureServer,https://gis.blm.gov/caarcgis/rest/services/Planning/BLM_CA_ACEC/FeatureServer/0,,ACEC_RLVNCE_NSYS,2026-08-05,high_source_code,not_classified_as_water_value,authoritative_source,"This is a controlled statewide relevance category, not a detailed unit-specific value narrative."
acec-b2d2dd7db35a89,blmca-1c2afd48-1a10-42a9-941f-dde73b185881,value-97f764514f19,wildlife_and_habitat,wildlife_resource,Wildlife resources,selected source record and semantic ACEC (one-to-one in current inventory),unresolved,Official statewide source codes wildlife resources as relevant (YES).,BLM CA ACEC FeatureServer,https://gis.blm.gov/caarcgis/rest/services/Planning/BLM_CA_ACEC/FeatureServer/0,,ACEC_RLVNCE_WRSC,2026-08-05,high_source_code,not_classified_as_water_value,authoritative_source,"This is a controlled statewide relevance category, not a detailed unit-specific value narrative."
acec-ba7bf31678aaf4,blmca-324df08c-d4f4-42f6-862e-a68ba6133ed1,value-ac47b7511afa,other_or_unresolved,natural_hazard,Natural hazards or public safety,selected source record and semantic ACEC (one-to-one in current inventory),unresolved,Official statewide source codes natural hazards or public safety as relevant (YES).,BLM CA ACEC FeatureServer,https://gis.blm.gov/caarcgis/rest/services/Planning/BLM_CA_ACEC/FeatureServer/0,,ACEC_RLVNCE_NHAZ,2026-08-05,high_source_code,not_classified_as_water_value,authoritative_source,"This is a controlled statewide relevance category, not a detailed unit-specific value narrative."
acec-ba7bf31678aaf4,blmca-324df08c-d4f4-42f6-862e-a68ba6133ed1,value-5b42a6195415,botanical_or_ecological,natural_process,Natural processes,selected source record and semantic ACEC (one-to-one in current inventory),unresolved,Official statewide source codes natural processes as relevant (YES).,BLM CA ACEC FeatureServer,https://gis.blm.gov/caarcgis/rest/services/Planning/BLM_CA_ACEC/FeatureServer/0,,ACEC_RLVNCE_NPRO,2026-08-05,high_source_code,not_classified_as_water_value,authoritative_source,"This is a controlled statewide relevance category, not a detailed unit-specific value narrative."
acec-ba7bf31678aaf4,blmca-324df08c-d4f4-42f6-862e-a68ba6133ed1,value-106c0c80fba4,botanical_or_ecological,natural_system,Natural systems,selected source record and semantic ACEC (one-to-one in current inventory),unresolved,Official statewide source codes natural systems as relevant (YES).,BLM CA ACEC FeatureServer,https://gis.blm.gov/caarcgis/rest/services/Planning/BLM_CA_ACEC/FeatureServer/0,,ACEC_RLVNCE_NSYS,2026-08-05,high_source_code,not_classified_as_water_value,authoritative_source,"This is a controlled statewide relevance category, not a detailed unit-specific value narrative."
acec-ba7bf31678aaf4,blmca-324df08c-d4f4-42f6-862e-a68ba6133ed1,value-4b7997a2a543,wildlife_and_habitat,wildlife_resource,Wildlife resources,selected source record and semantic ACEC (one-to-one in current inventory),unresolved,Official statewide source codes wildlife resources as relevant (YES).,BLM CA ACEC FeatureServer,https://gis.blm.gov/caarcgis/rest/services/Planning/BLM_CA_ACEC/FeatureServer/0,,ACEC_RLVNCE_WRSC,2026-08-05,high_source_code,not_classified_as_water_value,authoritative_source,"This is a controlled statewide relevance category, not a detailed unit-specific value narrative."
acec-8c9f3f2745077b,blmca-278e2c36-521a-46bb-92a3-3e315c18206b,value-66d72ef7dc1a,cultural_archaeological_historic,cultural,Cultural resources,selected source record and semantic ACEC (one-to-one in current inventory),unresolved,Official statewide source codes cultural resources as relevant (YES).,BLM CA ACEC FeatureServer,https://gis.blm.gov/caarcgis/rest/services/Planning/BLM_CA_ACEC/FeatureServer/0,,ACEC_RLVNCE_CUL,2026-08-05,high_source_code,not_classified_as_water_value,authoritative_source,"This is a controlled statewide relevance category, not a detailed unit-specific value narrative."
acec-8c9f3f2745077b,blmca-278e2c36-521a-46bb-92a3-3e315c18206b,value-80979113634a,cultural_archaeological_historic,historic,Historic resources,selected source record and semantic ACEC (one-to-one in current inventory),unresolved,Official statewide source codes historic resources as relevant (YES).,BLM CA ACEC FeatureServer,https://gis.blm.gov/caarcgis/rest/services/Planning/BLM_CA_ACEC/FeatureServer/0,,ACEC_RLVNCE_HIS,2026-08-05,high_source_code,not_classified_as_water_value,authoritative_source,"This is a controlled statewide relevance category, not a detailed unit-specific value narrative."
acec-8c9f3f2745077b,blmca-278e2c36-521a-46bb-92a3-3e315c18206b,value-215f1e735399,botanical_or_ecological,natural_process,Natural processes,selected source record and semantic ACEC (one-to-one in current inventory),unresolved,Official statewide source codes natural processes as relevant (YES).,BLM CA ACEC FeatureServer,https://gis.blm.gov/caarcgis/rest/services/Planning/BLM_CA_ACEC/FeatureServer/0,,ACEC_RLVNCE_NPRO,2026-08-05,high_source_code,not_classified_as_water_value,authoritative_source,"This is a controlled statewide relevance category, not a detailed unit-specific value narrative."
acec-8c9f3f2745077b,blmca-278e2c36-521a-46bb-92a3-3e315c18206b,value-04345d1a9eaa,botanical_or_ecological,natural_system,Natural systems,selected source record and semantic ACEC (one-to-one in current inventory),unresolved,Official statewide source codes natural systems as relevant (YES).,BLM CA ACEC FeatureServer,https://gis.blm.gov/caarcgis/rest/services/Planning/BLM_CA_ACEC/FeatureServer/0,,ACEC_RLVNCE_NSYS,2026-08-05,high_source_code,not_classified_as_water_value,authoritative_source,"This is a controlled statewide relevance category, not a detailed unit-specific value narrative."
acec-8c9f3f2745077b,blmca-278e2c36-521a-46bb-92a3-3e315c18206b,value-731be242ac2d,wildlife_and_habitat,wildlife_resource,Wildlife resources,selected source record and semantic ACEC (one-to-one in current inventory),unresolved,Official statewide source codes wildlife resources as relevant (YES).,BLM CA ACEC FeatureServer,https://gis.blm.gov/caarcgis/rest/services/Planning/BLM_CA_ACEC/FeatureServer/0,,ACEC_RLVNCE_WRSC,2026-08-05,high_source_code,not_classified_as_water_value,authoritative_source,"This is a controlled statewide relevance category, not a detailed unit-specific value narrative."
acec-c24aacac3dc76a,blmca-a0aef83c-dcda-40ab-97dc-25115a9ce08d,value-bd838c1927fc,cultural_archaeological_historic,historic,Historic resources,selected source record and semantic ACEC (one-to-one in current inventory),unresolved,Official statewide source codes historic resources as relevant (YES).,BLM CA ACEC FeatureServer,https://gis.blm.gov/caarcgis/rest/services/Planning/BLM_CA_ACEC/FeatureServer/0,,ACEC_RLVNCE_HIS,2026-08-05,high_source_code,not_classified_as_water_value,authoritative_source,"This is a controlled statewide relevance category, not a detailed unit-specific value narrative."
acec-c24aacac3dc76a,blmca-a0aef83c-dcda-40ab-97dc-25115a9ce08d,value-648d38064a39,botanical_or_ecological,natural_process,Natural processes,selected source record and semantic ACEC (one-to-one in current inventory),unresolved,Official statewide source codes natural processes as relevant (YES).,BLM CA ACEC FeatureServer,https://gis.blm.gov/caarcgis/rest/services/Planning/BLM_CA_ACEC/FeatureServer/0,,ACEC_RLVNCE_NPRO,2026-08-05,high_source_code,not_classified_as_water_value,authoritative_source,"This is a controlled statewide relevance category, not a detailed unit-specific value narrative."
acec-c24aacac3dc76a,blmca-a0aef83c-dcda-40ab-97dc-25115a9ce08d,value-84108eb1a5d4,botanical_or_ecological,natural_system,Natural systems,selected source record and semantic ACEC (one-to-one in current inventory),unresolved,Official statewide source codes natural systems as relevant (YES).,BLM CA ACEC FeatureServer,https://gis.blm.gov/caarcgis/rest/services/Planning/BLM_CA_ACEC/FeatureServer/0,,ACEC_RLVNCE_NSYS,2026-08-05,high_source_code,not_classified_as_water_value,authoritative_source,"This is a controlled statewide relevance category, not a detailed unit-specific value narrative."
acec-c24aacac3dc76a,blmca-a0aef83c-dcda-40ab-97dc-25115a9ce08d,value-63ada8403444,scenic,scenic,Scenic values,selected source record and semantic ACEC (one-to-one in current inventory),unresolved,Official statewide source codes scenic values as relevant (YES).,BLM CA ACEC FeatureServer,https://gis.blm.gov/caarcgis/rest/services/Planning/BLM_CA_ACEC/FeatureServer/0,,ACEC_RLVNCE_SCE,2026-08-05,high_source_code,not_classified_as_water_value,authoritative_source,"This is a controlled statewide relevance category, not a detailed unit-specific value narrative."
acec-c24aacac3dc76a,blmca-a0aef83c-dcda-40ab-97dc-25115a9ce08d,value-dd4f46d509b2,wildlife_and_habitat,wildlife_resource,Wildlife resources,selected source record and semantic ACEC (one-to-one in current inventory),unresolved,Official statewide source codes wildlife resources as relevant (YES).,BLM CA ACEC FeatureServer,https://gis.blm.gov/caarcgis/rest/services/Planning/BLM_CA_ACEC/FeatureServer/0,,ACEC_RLVNCE_WRSC,2026-08-05,high_source_code,not_classified_as_water_value,authoritative_source,"This is a controlled statewide relevance category, not a detailed unit-specific value narrative."
acec-e07a71acec298e,blmca-052cd0c0-9b6f-415f-b955-f3e4e6f60c56,value-81888f5fbae8,botanical_or_ecological,natural_system,Natural systems,selected source record and semantic ACEC (one-to-one in current inventory),unresolved,Official statewide source codes natural systems as relevant (YES).,BLM CA ACEC FeatureServer,https://gis.blm.gov/caarcgis/rest/services/Planning/BLM_CA_ACEC/FeatureServer/0,,ACEC_RLVNCE_NSYS,2026-08-05,high_source_code,not_classified_as_water_value,authoritative_source,"This is a controlled statewide relevance category, not a detailed unit-specific value narrative."
acec-e07a71acec298e,blmca-052cd0c0-9b6f-415f-b955-f3e4e6f60c56,value-88a51a1cbc2b,scenic,scenic,Scenic values,selected source record and semantic ACEC (one-to-one in current inventory),unresolved,Official statewide source codes scenic values as relevant (YES).,BLM CA ACEC FeatureServer,https://gis.blm.gov/caarcgis/rest/services/Planning/BLM_CA_ACEC/FeatureServer/0,,ACEC_RLVNCE_SCE,2026-08-05,high_source_code,not_classified_as_water_value,authoritative_source,"This is a controlled statewide relevance category, not a detailed unit-specific value narrative."
acec-afcd1e696aa3a1,blmca-70aef1ba-1311-497e-a05c-9e49e368b952,value-21207cba3dc7,cultural_archaeological_historic,cultural,Cultural resources,selected source record and semantic ACEC (one-to-one in current inventory),unresolved,Official statewide source codes cultural resources as relevant (YES).,BLM CA ACEC FeatureServer,https://gis.blm.gov/caarcgis/rest/services/Planning/BLM_CA_ACEC/FeatureServer/0,,ACEC_RLVNCE_CUL,2026-08-05,high_source_code,not_classified_as_water_value,authoritative_source,"This is a controlled statewide relevance category, not a detailed unit-specific value narrative."
acec-afcd1e696aa3a1,blmca-70aef1ba-1311-497e-a05c-9e49e368b952,value-831e674cfae8,cultural_archaeological_historic,historic,Historic resources,selected source record and semantic ACEC (one-to-one in current inventory),unresolved,Official statewide source codes historic resources as relevant (YES).,BLM CA ACEC FeatureServer,https://gis.blm.gov/caarcgis/rest/services/Planning/BLM_CA_ACEC/FeatureServer/0,,ACEC_RLVNCE_HIS,2026-08-05,high_source_code,not_classified_as_water_value,authoritative_source,"This is a controlled statewide relevance category, not a detailed unit-specific value narrative."
acec-afcd1e696aa3a1,blmca-70aef1ba-1311-497e-a05c-9e49e368b952,value-0dcf657e3596,botanical_or_ecological,natural_process,Natural processes,selected source record and semantic ACEC (one-to-one in current inventory),unresolved,Official statewide source codes natural processes as relevant (YES).,BLM CA ACEC FeatureServer,https://gis.blm.gov/caarcgis/rest/services/Planning/BLM_CA_ACEC/FeatureServer/0,,ACEC_RLVNCE_NPRO,2026-08-05,high_source_code,not_classified_as_water_value,authoritative_source,"This is a controlled statewide relevance category, not a detailed unit-specific value narrative."
acec-afcd1e696aa3a1,blmca-70aef1ba-1311-497e-a05c-9e49e368b952,value-2c00d0a0fe14,botanical_or_ecological,natural_system,Natural systems,selected source record and semantic ACEC (one-to-one in current inventory),unresolved,Official statewide source codes natural systems as relevant (YES).,BLM CA ACEC FeatureServer,https://gis.blm.gov/caarcgis/rest/services/Planning/BLM_CA_ACEC/FeatureServer/0,,ACEC_RLVNCE_NSYS,2026-08-05,high_source_code,not_classified_as_water_value,authoritative_source,"This is a controlled statewide relevance category, not a detailed unit-specific value narrative."
acec-d716ed657cb21c,blmca-0cc3f793-6b95-4c90-b8a5-93b7ea36d252,value-1d0630d8216d,cultural_archaeological_historic,cultural,Cultural resources,selected source record and semantic ACEC (one-to-one in current inventory),unresolved,Official statewide source codes cultural resources as relevant (YES).,BLM CA ACEC FeatureServer,https://gis.blm.gov/caarcgis/rest/services/Planning/BLM_CA_ACEC/FeatureServer/0,,ACEC_RLVNCE_CUL,2026-08-05,high_source_code,not_classified_as_water_value,authoritative_source,"This is a controlled statewide relevance category, not a detailed unit-specific value narrative."
acec-d716ed657cb21c,blmca-0cc3f793-6b95-4c90-b8a5-93b7ea36d252,value-44d7defc31b0,cultural_archaeological_historic,historic,Historic resources,selected source record and semantic ACEC (one-to-one in current inventory),unresolved,Official statewide source codes historic resources as relevant (YES).,BLM CA ACEC FeatureServer,https://gis.blm.gov/caarcgis/rest/services/Planning/BLM_CA_ACEC/FeatureServer/0,,ACEC_RLVNCE_HIS,2026-08-05,high_source_code,not_classified_as_water_value,authoritative_source,"This is a controlled statewide relevance category, not a detailed unit-specific value narrative."
acec-d716ed657cb21c,blmca-0cc3f793-6b95-4c90-b8a5-93b7ea36d252,value-cf526cfc4d51,botanical_or_ecological,natural_system,Natural systems,selected source record and semantic ACEC (one-to-one in current inventory),unresolved,Official statewide source codes natural systems as relevant (YES).,BLM CA ACEC FeatureServer,https://gis.blm.gov/caarcgis/rest/services/Planning/BLM_CA_ACEC/FeatureServer/0,,ACEC_RLVNCE_NSYS,2026-08-05,high_source_code,not_classified_as_water_value,authoritative_source,"This is a controlled statewide relevance category, not a detailed unit-specific value narrative."
acec-6dbf594aa4759f,blmca-590747f9-5625-43f8-a412-61717a0c79e4,value-2be8917dab00,cultural_archaeological_historic,cultural,Cultural resources,selected source record and semantic ACEC (one-to-one in current inventory),unresolved,Official statewide source codes cultural resources as relevant (YES).,BLM CA ACEC FeatureServer,https://gis.blm.gov/caarcgis/rest/services/Planning/BLM_CA_ACEC/FeatureServer/0,,ACEC_RLVNCE_CUL,2026-08-05,high_source_code,not_classified_as_water_value,authoritative_source,"This is a controlled statewide relevance category, not a detailed unit-specific value narrative."
acec-6dbf594aa4759f,blmca-590747f9-5625-43f8-a412-61717a0c79e4,value-47f866a8ac35,cultural_archaeological_historic,historic,Historic resources,selected source record and semantic ACEC (one-to-one in current inventory),unresolved,Official statewide source codes historic resources as relevant (YES).,BLM CA ACEC FeatureServer,https://gis.blm.gov/caarcgis/rest/services/Planning/BLM_CA_ACEC/FeatureServer/0,,ACEC_RLVNCE_HIS,2026-08-05,high_source_code,not_classified_as_water_value,authoritative_source,"This is a controlled statewide relevance category, not a detailed unit-specific value narrative."
acec-6dbf594aa4759f,blmca-590747f9-5625-43f8-a412-61717a0c79e4,value-8a62f9db60ce,botanical_or_ecological,natural_process,Natural processes,selected source record and semantic ACEC (one-to-one in current inventory),unresolved,Official statewide source codes natural processes as relevant (YES).,BLM CA ACEC FeatureServer,https://gis.blm.gov/caarcgis/rest/services/Planning/BLM_CA_ACEC/FeatureServer/0,,ACEC_RLVNCE_NPRO,2026-08-05,high_source_code,not_classified_as_water_value,authoritative_source,"This is a controlled statewide relevance category, not a detailed unit-specific value narrative."
acec-6dbf594aa4759f,blmca-590747f9-5625-43f8-a412-61717a0c79e4,value-7830f4a56dd6,botanical_or_ecological,natural_system,Natural systems,selected source record and semantic ACEC (one-to-one in current inventory),unresolved,Official statewide source codes natural systems as relevant (YES).,BLM CA ACEC FeatureServer,https://gis.blm.gov/caarcgis/rest/services/Planning/BLM_CA_ACEC/FeatureServer/0,,ACEC_RLVNCE_NSYS,2026-08-05,high_source_code,not_classified_as_water_value,authoritative_source,"This is a controlled statewide relevance category, not a detailed unit-specific value narrative."
acec-6dbf594aa4759f,blmca-590747f9-5625-43f8-a412-61717a0c79e4,value-9604beca36bc,wildlife_and_habitat,wildlife_resource,Wildlife resources,selected source record and semantic ACEC (one-to-one in current inventory),unresolved,Official statewide source codes wildlife resources as relevant (YES).,BLM CA ACEC FeatureServer,https://gis.blm.gov/caarcgis/rest/services/Planning/BLM_CA_ACEC/FeatureServer/0,,ACEC_RLVNCE_WRSC,2026-08-05,high_source_code,not_classified_as_water_value,authoritative_source,"This is a controlled statewide relevance category, not a detailed unit-specific value narrative."
acec-65416e4b1c1b18,blmca-1023b1f2-4e23-4a96-bae0-ae8a9b73b656,value-15cc3f3dd339,botanical_or_ecological,natural_process,Natural processes,selected source record and semantic ACEC (one-to-one in current inventory),unresolved,Official statewide source codes natural processes as relevant (YES).,BLM CA ACEC FeatureServer,https://gis.blm.gov/caarcgis/rest/services/Planning/BLM_CA_ACEC/FeatureServer/0,,ACEC_RLVNCE_NPRO,2026-08-05,high_source_code,not_classified_as_water_value,authoritative_source,"This is a controlled statewide relevance category, not a detailed unit-specific value narrative."
acec-65416e4b1c1b18,blmca-1023b1f2-4e23-4a96-bae0-ae8a9b73b656,value-13152b11c82e,botanical_or_ecological,natural_system,Natural systems,selected source record and semantic ACEC (one-to-one in current inventory),unresolved,Official statewide source codes natural systems as relevant (YES).,BLM CA ACEC FeatureServer,https://gis.blm.gov/caarcgis/rest/services/Planning/BLM_CA_ACEC/FeatureServer/0,,ACEC_RLVNCE_NSYS,2026-08-05,high_source_code,not_classified_as_water_value,authoritative_source,"This is a controlled statewide relevance category, not a detailed unit-specific value narrative."
acec-65416e4b1c1b18,blmca-1023b1f2-4e23-4a96-bae0-ae8a9b73b656,value-b3a78ed5a284,wildlife_and_habitat,wildlife_resource,Wildlife resources,selected source record and semantic ACEC (one-to-one in current inventory),unresolved,Official statewide source codes wildlife resources as relevant (YES).,BLM CA ACEC FeatureServer,https://gis.blm.gov/caarcgis/rest/services/Planning/BLM_CA_ACEC/FeatureServer/0,,ACEC_RLVNCE_WRSC,2026-08-05,high_source_code,not_classified_as_water_value,authoritative_source,"This is a controlled statewide relevance category, not a detailed unit-specific value narrative."
acec-8344867ebac242,blmca-64de66c3-2fa2-4709-a31d-1242d8bd7c74,value-8ef728d1d12e,cultural_archaeological_historic,cultural,Cultural resources,selected source record and semantic ACEC (one-to-one in current inventory),unresolved,Official statewide source codes cultural resources as relevant (YES).,BLM CA ACEC FeatureServer,https://gis.blm.gov/caarcgis/rest/services/Planning/BLM_CA_ACEC/FeatureServer/0,,ACEC_RLVNCE_CUL,2026-08-05,high_source_code,not_classified_as_water_value,authoritative_source,"This is a controlled statewide relevance category, not a detailed unit-specific value narrative."
acec-8344867ebac242,blmca-64de66c3-2fa2-4709-a31d-1242d8bd7c74,value-067cec13dee3,cultural_archaeological_historic,historic,Historic resources,selected source record and semantic ACEC (one-to-one in current inventory),unresolved,Official statewide source codes historic resources as relevant (YES).,BLM CA ACEC FeatureServer,https://gis.blm.gov/caarcgis/rest/services/Planning/BLM_CA_ACEC/FeatureServer/0,,ACEC_RLVNCE_HIS,2026-08-05,high_source_code,not_classified_as_water_value,authoritative_source,"This is a controlled statewide relevance category, not a detailed unit-specific value narrative."
acec-8344867ebac242,blmca-64de66c3-2fa2-4709-a31d-1242d8bd7c74,value-425dad55670b,botanical_or_ecological,natural_process,Natural processes,selected source record and semantic ACEC (one-to-one in current inventory),unresolved,Official statewide source codes natural processes as relevant (YES).,BLM CA ACEC FeatureServer,https://gis.blm.gov/caarcgis/rest/services/Planning/BLM_CA_ACEC/FeatureServer/0,,ACEC_RLVNCE_NPRO,2026-08-05,high_source_code,not_classified_as_water_value,authoritative_source,"This is a controlled statewide relevance category, not a detailed unit-specific value narrative."
acec-8344867ebac242,blmca-64de66c3-2fa2-4709-a31d-1242d8bd7c74,value-5ead36a7c1d4,botanical_or_ecological,natural_system,Natural systems,selected source record and semantic ACEC (one-to-one in current inventory),unresolved,Official statewide source codes natural systems as relevant (YES).,BLM CA ACEC FeatureServer,https://gis.blm.gov/caarcgis/rest/services/Planning/BLM_CA_ACEC/FeatureServer/0,,ACEC_RLVNCE_NSYS,2026-08-05,high_source_code,not_classified_as_water_value,authoritative_source,"This is a controlled statewide relevance category, not a detailed unit-specific value narrative."
acec-8344867ebac242,blmca-64de66c3-2fa2-4709-a31d-1242d8bd7c74,value-913ad2cc264a,wildlife_and_habitat,wildlife_resource,Wildlife resources,selected source record and semantic ACEC (one-to-one in current inventory),unresolved,Official statewide source codes wildlife resources as relevant (YES).,BLM CA ACEC FeatureServer,https://gis.blm.gov/caarcgis/rest/services/Planning/BLM_CA_ACEC/FeatureServer/0,,ACEC_RLVNCE_WRSC,2026-08-05,high_source_code,not_classified_as_water_value,authoritative_source,"This is a controlled statewide relevance category, not a detailed unit-specific value narrative."
acec-de1c95a68f104b,blmca-2606d5fe-b50b-462a-bb2c-23185e2af57b,value-0a171a1a6c54,water_aquatic,fish_resource,Fish or aquatic resources,selected source record and semantic ACEC (one-to-one in current inventory),unresolved,Official statewide source codes fish or aquatic resources as relevant (YES).,BLM CA ACEC FeatureServer,https://gis.blm.gov/caarcgis/rest/services/Planning/BLM_CA_ACEC/FeatureServer/0,,ACEC_RLVNCE_FRSC,2026-08-05,high_source_code,designation_value,authoritative_source,"This is a controlled statewide relevance category, not a detailed unit-specific value narrative."
acec-de1c95a68f104b,blmca-2606d5fe-b50b-462a-bb2c-23185e2af57b,value-cd37f457c3fc,botanical_or_ecological,natural_process,Natural processes,selected source record and semantic ACEC (one-to-one in current inventory),unresolved,Official statewide source codes natural processes as relevant (YES).,BLM CA ACEC FeatureServer,https://gis.blm.gov/caarcgis/rest/services/Planning/BLM_CA_ACEC/FeatureServer/0,,ACEC_RLVNCE_NPRO,2026-08-05,high_source_code,not_classified_as_water_value,authoritative_source,"This is a controlled statewide relevance category, not a detailed unit-specific value narrative."
acec-de1c95a68f104b,blmca-2606d5fe-b50b-462a-bb2c-23185e2af57b,value-9e5fd12a16d6,botanical_or_ecological,natural_system,Natural systems,selected source record and semantic ACEC (one-to-one in current inventory),unresolved,Official statewide source codes natural systems as relevant (YES).,BLM CA ACEC FeatureServer,https://gis.blm.gov/caarcgis/rest/services/Planning/BLM_CA_ACEC/FeatureServer/0,,ACEC_RLVNCE_NSYS,2026-08-05,high_source_code,not_classified_as_water_value,authoritative_source,"This is a controlled statewide relevance category, not a detailed unit-specific value narrative."
acec-de1c95a68f104b,blmca-2606d5fe-b50b-462a-bb2c-23185e2af57b,value-d5bd727b2d4d,wildlife_and_habitat,wildlife_resource,Wildlife resources,selected source record and semantic ACEC (one-to-one in current inventory),unresolved,Official statewide source codes wildlife resources as relevant (YES).,BLM CA ACEC FeatureServer,https://gis.blm.gov/caarcgis/rest/services/Planning/BLM_CA_ACEC/FeatureServer/0,,ACEC_RLVNCE_WRSC,2026-08-05,high_source_code,not_classified_as_water_value,authoritative_source,"This is a controlled statewide relevance category, not a detailed unit-specific value narrative."
acec-a52f3e1b23cfc9,blmca-61778eae-1219-46b1-90b9-0a71c991a1af,value-0e196ff4c778,cultural_archaeological_historic,cultural,Cultural resources,selected source record and semantic ACEC (one-to-one in current inventory),unresolved,Official statewide source codes cultural resources as relevant (YES).,BLM CA ACEC FeatureServer,https://gis.blm.gov/caarcgis/rest/services/Planning/BLM_CA_ACEC/FeatureServer/0,,ACEC_RLVNCE_CUL,2026-08-05,high_source_code,not_classified_as_water_value,authoritative_source,"This is a controlled statewide relevance category, not a detailed unit-specific value narrative."
acec-a52f3e1b23cfc9,blmca-61778eae-1219-46b1-90b9-0a71c991a1af,value-dc4479056ca4,cultural_archaeological_historic,historic,Historic resources,selected source record and semantic ACEC (one-to-one in current inventory),unresolved,Official statewide source codes historic resources as relevant (YES).,BLM CA ACEC FeatureServer,https://gis.blm.gov/caarcgis/rest/services/Planning/BLM_CA_ACEC/FeatureServer/0,,ACEC_RLVNCE_HIS,2026-08-05,high_source_code,not_classified_as_water_value,authoritative_source,"This is a controlled statewide relevance category, not a detailed unit-specific value narrative."
acec-a52f3e1b23cfc9,blmca-61778eae-1219-46b1-90b9-0a71c991a1af,value-d65777327092,botanical_or_ecological,natural_process,Natural processes,selected source record and semantic ACEC (one-to-one in current inventory),unresolved,Official statewide source codes natural processes as relevant (YES).,BLM CA ACEC FeatureServer,https://gis.blm.gov/caarcgis/rest/services/Planning/BLM_CA_ACEC/FeatureServer/0,,ACEC_RLVNCE_NPRO,2026-08-05,high_source_code,not_classified_as_water_value,authoritative_source,"This is a controlled statewide relevance category, not a detailed unit-specific value narrative."
acec-a52f3e1b23cfc9,blmca-61778eae-1219-46b1-90b9-0a71c991a1af,value-8b0072e1dbd2,botanical_or_ecological,natural_system,Natural systems,selected source record and semantic ACEC (one-to-one in current inventory),unresolved,Official statewide source codes natural systems as relevant (YES).,BLM CA ACEC FeatureServer,https://gis.blm.gov/caarcgis/rest/services/Planning/BLM_CA_ACEC/FeatureServer/0,,ACEC_RLVNCE_NSYS,2026-08-05,high_source_code,not_classified_as_water_value,authoritative_source,"This is a controlled statewide relevance category, not a detailed unit-specific value narrative."
acec-80ab2d5dc567ea,blmca-8e78666e-d400-437b-b475-b2304000ef6e,value-59b3bcb56ed3,cultural_archaeological_historic,cultural,Cultural resources,selected source record and semantic ACEC (one-to-one in current inventory),unresolved,Official statewide source codes cultural resources as relevant (YES).,BLM CA ACEC FeatureServer,https://gis.blm.gov/caarcgis/rest/services/Planning/BLM_CA_ACEC/FeatureServer/0,,ACEC_RLVNCE_CUL,2026-08-05,high_source_code,not_classified_as_water_value,authoritative_source,"This is a controlled statewide relevance category, not a detailed unit-specific value narrative."
acec-80ab2d5dc567ea,blmca-8e78666e-d400-437b-b475-b2304000ef6e,value-e1876adc1d5d,cultural_archaeological_historic,historic,Historic resources,selected source record and semantic ACEC (one-to-one in current inventory),unresolved,Official statewide source codes historic resources as relevant (YES).,BLM CA ACEC FeatureServer,https://gis.blm.gov/caarcgis/rest/services/Planning/BLM_CA_ACEC/FeatureServer/0,,ACEC_RLVNCE_HIS,2026-08-05,high_source_code,not_classified_as_water_value,authoritative_source,"This is a controlled statewide relevance category, not a detailed unit-specific value narrative."
acec-80ab2d5dc567ea,blmca-8e78666e-d400-437b-b475-b2304000ef6e,value-2a68940137ea,botanical_or_ecological,natural_process,Natural processes,selected source record and semantic ACEC (one-to-one in current inventory),unresolved,Official statewide source codes natural processes as relevant (YES).,BLM CA ACEC FeatureServer,https://gis.blm.gov/caarcgis/rest/services/Planning/BLM_CA_ACEC/FeatureServer/0,,ACEC_RLVNCE_NPRO,2026-08-05,high_source_code,not_classified_as_water_value,authoritative_source,"This is a controlled statewide relevance category, not a detailed unit-specific value narrative."
acec-80ab2d5dc567ea,blmca-8e78666e-d400-437b-b475-b2304000ef6e,value-2496dbb1c38d,botanical_or_ecological,natural_system,Natural systems,selected source record and semantic ACEC (one-to-one in current inventory),unresolved,Official statewide source codes natural systems as relevant (YES).,BLM CA ACEC FeatureServer,https://gis.blm.gov/caarcgis/rest/services/Planning/BLM_CA_ACEC/FeatureServer/0,,ACEC_RLVNCE_NSYS,2026-08-05,high_source_code,not_classified_as_water_value,authoritative_source,"This is a controlled statewide relevance category, not a detailed unit-specific value narrative."
acec-80ab2d5dc567ea,blmca-8e78666e-d400-437b-b475-b2304000ef6e,value-97a9fcffa72c,wildlife_and_habitat,wildlife_resource,Wildlife resources,selected source record and semantic ACEC (one-to-one in current inventory),unresolved,Official statewide source codes wildlife resources as relevant (YES).,BLM CA ACEC FeatureServer,https://gis.blm.gov/caarcgis/rest/services/Planning/BLM_CA_ACEC/FeatureServer/0,,ACEC_RLVNCE_WRSC,2026-08-05,high_source_code,not_classified_as_water_value,authoritative_source,"This is a controlled statewide relevance category, not a detailed unit-specific value narrative."
acec-d96bbcd4a96783,blmca-c4cdb35b-9dfe-49ba-9818-be85d6da6780,value-544275c61ae1,other_or_unresolved,natural_hazard,Natural hazards or public safety,selected source record and semantic ACEC (one-to-one in current inventory),unresolved,Official statewide source codes natural hazards or public safety as relevant (YES).,BLM CA ACEC FeatureServer,https://gis.blm.gov/caarcgis/rest/services/Planning/BLM_CA_ACEC/FeatureServer/0,,ACEC_RLVNCE_NHAZ,2026-08-05,high_source_code,not_classified_as_water_value,authoritative_source,"This is a controlled statewide relevance category, not a detailed unit-specific value narrative."
acec-a139ef01241894,blmca-f9498e51-a565-4cca-ba07-c588baad8e5d,value-eecf4d2ee08a,cultural_archaeological_historic,cultural,Cultural resources,selected source record and semantic ACEC (one-to-one in current inventory),unresolved,Official statewide source codes cultural resources as relevant (YES).,BLM CA ACEC FeatureServer,https://gis.blm.gov/caarcgis/rest/services/Planning/BLM_CA_ACEC/FeatureServer/0,,ACEC_RLVNCE_CUL,2026-08-05,high_source_code,not_classified_as_water_value,authoritative_source,"This is a controlled statewide relevance category, not a detailed unit-specific value narrative."
acec-a139ef01241894,blmca-f9498e51-a565-4cca-ba07-c588baad8e5d,value-be9237c6884a,water_aquatic,fish_resource,Fish or aquatic resources,selected source record and semantic ACEC (one-to-one in current inventory),unresolved,Official statewide source codes fish or aquatic resources as relevant (YES).,BLM CA ACEC FeatureServer,https://gis.blm.gov/caarcgis/rest/services/Planning/BLM_CA_ACEC/FeatureServer/0,,ACEC_RLVNCE_FRSC,2026-08-05,high_source_code,designation_value,authoritative_source,"This is a controlled statewide relevance category, not a detailed unit-specific value narrative."
acec-a139ef01241894,blmca-f9498e51-a565-4cca-ba07-c588baad8e5d,value-c54d48c85780,cultural_archaeological_historic,historic,Historic resources,selected source record and semantic ACEC (one-to-one in current inventory),unresolved,Official statewide source codes historic resources as relevant (YES).,BLM CA ACEC FeatureServer,https://gis.blm.gov/caarcgis/rest/services/Planning/BLM_CA_ACEC/FeatureServer/0,,ACEC_RLVNCE_HIS,2026-08-05,high_source_code,not_classified_as_water_value,authoritative_source,"This is a controlled statewide relevance category, not a detailed unit-specific value narrative."
acec-a139ef01241894,blmca-f9498e51-a565-4cca-ba07-c588baad8e5d,value-00820ab82c40,botanical_or_ecological,natural_process,Natural processes,selected source record and semantic ACEC (one-to-one in current inventory),unresolved,Official statewide source codes natural processes as relevant (YES).,BLM CA ACEC FeatureServer,https://gis.blm.gov/caarcgis/rest/services/Planning/BLM_CA_ACEC/FeatureServer/0,,ACEC_RLVNCE_NPRO,2026-08-05,high_source_code,not_classified_as_water_value,authoritative_source,"This is a controlled statewide relevance category, not a detailed unit-specific value narrative."
acec-a139ef01241894,blmca-f9498e51-a565-4cca-ba07-c588baad8e5d,value-e008fbd84875,botanical_or_ecological,natural_system,Natural systems,selected source record and semantic ACEC (one-to-one in current inventory),unresolved,Official statewide source codes natural systems as relevant (YES).,BLM CA ACEC FeatureServer,https://gis.blm.gov/caarcgis/rest/services/Planning/BLM_CA_ACEC/FeatureServer/0,,ACEC_RLVNCE_NSYS,2026-08-05,high_source_code,not_classified_as_water_value,authoritative_source,"This is a controlled statewide relevance category, not a detailed unit-specific value narrative."
acec-a139ef01241894,blmca-f9498e51-a565-4cca-ba07-c588baad8e5d,value-96083e1ccc39,wildlife_and_habitat,wildlife_resource,Wildlife resources,selected source record and semantic ACEC (one-to-one in current inventory),unresolved,Official statewide source codes wildlife resources as relevant (YES).,BLM CA ACEC FeatureServer,https://gis.blm.gov/caarcgis/rest/services/Planning/BLM_CA_ACEC/FeatureServer/0,,ACEC_RLVNCE_WRSC,2026-08-05,high_source_code,not_classified_as_water_value,authoritative_source,"This is a controlled statewide relevance category, not a detailed unit-specific value narrative."
acec-19799591ba4545,blmca-12860cc3-db16-4bb6-a608-318975e93cd7,value-1aa90e0d505f,botanical_or_ecological,natural_process,Natural processes,selected source record and semantic ACEC (one-to-one in current inventory),unresolved,Official statewide source codes natural processes as relevant (YES).,BLM CA ACEC FeatureServer,https://gis.blm.gov/caarcgis/rest/services/Planning/BLM_CA_ACEC/FeatureServer/0,,ACEC_RLVNCE_NPRO,2026-08-05,high_source_code,not_classified_as_water_value,authoritative_source,"This is a controlled statewide relevance category, not a detailed unit-specific value narrative."
acec-19799591ba4545,blmca-12860cc3-db16-4bb6-a608-318975e93cd7,value-29984761ac9d,botanical_or_ecological,natural_system,Natural systems,selected source record and semantic ACEC (one-to-one in current inventory),unresolved,Official statewide source codes natural systems as relevant (YES).,BLM CA ACEC FeatureServer,https://gis.blm.gov/caarcgis/rest/services/Planning/BLM_CA_ACEC/FeatureServer/0,,ACEC_RLVNCE_NSYS,2026-08-05,high_source_code,not_classified_as_water_value,authoritative_source,"This is a controlled statewide relevance category, not a detailed unit-specific value narrative."
acec-19799591ba4545,blmca-12860cc3-db16-4bb6-a608-318975e93cd7,value-8d567e5c3f3a,wildlife_and_habitat,wildlife_resource,Wildlife resources,selected source record and semantic ACEC (one-to-one in current inventory),unresolved,Official statewide source codes wildlife resources as relevant (YES).,BLM CA ACEC FeatureServer,https://gis.blm.gov/caarcgis/rest/services/Planning/BLM_CA_ACEC/FeatureServer/0,,ACEC_RLVNCE_WRSC,2026-08-05,high_source_code,not_classified_as_water_value,authoritative_source,"This is a controlled statewide relevance category, not a detailed unit-specific value narrative."
acec-24e55012f8d038,blmca-e0714ddb-656b-469a-9fc7-61fa6d493baf,value-8f2dbb46e6d2,botanical_or_ecological,natural_process,Natural processes,selected source record and semantic ACEC (one-to-one in current inventory),unresolved,Official statewide source codes natural processes as relevant (YES).,BLM CA ACEC FeatureServer,https://gis.blm.gov/caarcgis/rest/services/Planning/BLM_CA_ACEC/FeatureServer/0,,ACEC_RLVNCE_NPRO,2026-08-05,high_source_code,not_classified_as_water_value,authoritative_source,"This is a controlled statewide relevance category, not a detailed unit-specific value narrative."
acec-24e55012f8d038,blmca-e0714ddb-656b-469a-9fc7-61fa6d493baf,value-33857ce8cdc6,botanical_or_ecological,natural_system,Natural systems,selected source record and semantic ACEC (one-to-one in current inventory),unresolved,Official statewide source codes natural systems as relevant (YES).,BLM CA ACEC FeatureServer,https://gis.blm.gov/caarcgis/rest/services/Planning/BLM_CA_ACEC/FeatureServer/0,,ACEC_RLVNCE_NSYS,2026-08-05,high_source_code,not_classified_as_water_value,authoritative_source,"This is a controlled statewide relevance category, not a detailed unit-specific value narrative."
acec-fd15faa00160c7,blmca-2284a2b1-2fb5-487c-a377-ea6c56308913,value-2c388d717f73,botanical_or_ecological,natural_process,Natural processes,selected source record and semantic ACEC (one-to-one in current inventory),unresolved,Official statewide source codes natural processes as relevant (YES).,BLM CA ACEC FeatureServer,https://gis.blm.gov/caarcgis/rest/services/Planning/BLM_CA_ACEC/FeatureServer/0,,ACEC_RLVNCE_NPRO,2026-08-05,high_source_code,not_classified_as_water_value,authoritative_source,"This is a controlled statewide relevance category, not a detailed unit-specific value narrative."
acec-fd15faa00160c7,blmca-2284a2b1-2fb5-487c-a377-ea6c56308913,value-a597dce06445,botanical_or_ecological,natural_system,Natural systems,selected source record and semantic ACEC (one-to-one in current inventory),unresolved,Official statewide source codes natural systems as relevant (YES).,BLM CA ACEC FeatureServer,https://gis.blm.gov/caarcgis/rest/services/Planning/BLM_CA_ACEC/FeatureServer/0,,ACEC_RLVNCE_NSYS,2026-08-05,high_source_code,not_classified_as_water_value,authoritative_source,"This is a controlled statewide relevance category, not a detailed unit-specific value narrative."
acec-fd15faa00160c7,blmca-2284a2b1-2fb5-487c-a377-ea6c56308913,value-42fe198f0ac7,wildlife_and_habitat,wildlife_resource,Wildlife resources,selected source record and semantic ACEC (one-to-one in current inventory),unresolved,Official statewide source codes wildlife resources as relevant (YES).,BLM CA ACEC FeatureServer,https://gis.blm.gov/caarcgis/rest/services/Planning/BLM_CA_ACEC/FeatureServer/0,,ACEC_RLVNCE_WRSC,2026-08-05,high_source_code,not_classified_as_water_value,authoritative_source,"This is a controlled statewide relevance category, not a detailed unit-specific value narrative."
acec-767f8bc7520d68,blmca-1ef8f717-75af-4e0c-809a-3f06e7c2ebfe,value-10670d6d9e64,cultural_archaeological_historic,cultural,Cultural resources,selected source record and semantic ACEC (one-to-one in current inventory),unresolved,Official statewide source codes cultural resources as relevant (YES).,BLM CA ACEC FeatureServer,https://gis.blm.gov/caarcgis/rest/services/Planning/BLM_CA_ACEC/FeatureServer/0,,ACEC_RLVNCE_CUL,2026-08-05,high_source_code,not_classified_as_water_value,authoritative_source,"This is a controlled statewide relevance category, not a detailed unit-specific value narrative."
acec-767f8bc7520d68,blmca-1ef8f717-75af-4e0c-809a-3f06e7c2ebfe,value-c8fed87caabd,cultural_archaeological_historic,historic,Historic resources,selected source record and semantic ACEC (one-to-one in current inventory),unresolved,Official statewide source codes historic resources as relevant (YES).,BLM CA ACEC FeatureServer,https://gis.blm.gov/caarcgis/rest/services/Planning/BLM_CA_ACEC/FeatureServer/0,,ACEC_RLVNCE_HIS,2026-08-05,high_source_code,not_classified_as_water_value,authoritative_source,"This is a controlled statewide relevance category, not a detailed unit-specific value narrative."
acec-767f8bc7520d68,blmca-1ef8f717-75af-4e0c-809a-3f06e7c2ebfe,value-e0f348a5cff7,botanical_or_ecological,natural_process,Natural processes,selected source record and semantic ACEC (one-to-one in current inventory),unresolved,Official statewide source codes natural processes as relevant (YES).,BLM CA ACEC FeatureServer,https://gis.blm.gov/caarcgis/rest/services/Planning/BLM_CA_ACEC/FeatureServer/0,,ACEC_RLVNCE_NPRO,2026-08-05,high_source_code,not_classified_as_water_value,authoritative_source,"This is a controlled statewide relevance category, not a detailed unit-specific value narrative."
acec-767f8bc7520d68,blmca-1ef8f717-75af-4e0c-809a-3f06e7c2ebfe,value-76590ed3d251,botanical_or_ecological,natural_system,Natural systems,selected source record and semantic ACEC (one-to-one in current inventory),unresolved,Official statewide source codes natural systems as relevant (YES).,BLM CA ACEC FeatureServer,https://gis.blm.gov/caarcgis/rest/services/Planning/BLM_CA_ACEC/FeatureServer/0,,ACEC_RLVNCE_NSYS,2026-08-05,high_source_code,not_classified_as_water_value,authoritative_source,"This is a controlled statewide relevance category, not a detailed unit-specific value narrative."
acec-767f8bc7520d68,blmca-1ef8f717-75af-4e0c-809a-3f06e7c2ebfe,value-a61963f6d58a,wildlife_and_habitat,wildlife_resource,Wildlife resources,selected source record and semantic ACEC (one-to-one in current inventory),unresolved,Official statewide source codes wildlife resources as relevant (YES).,BLM CA ACEC FeatureServer,https://gis.blm.gov/caarcgis/rest/services/Planning/BLM_CA_ACEC/FeatureServer/0,,ACEC_RLVNCE_WRSC,2026-08-05,high_source_code,not_classified_as_water_value,authoritative_source,"This is a controlled statewide relevance category, not a detailed unit-specific value narrative."
acec-463a6667a6e4b9,blmca-afdb88c4-82ca-4f8c-964b-38f568dcbdba,value-bec73b288a44,cultural_archaeological_historic,cultural,Cultural resources,selected source record and semantic ACEC (one-to-one in current inventory),unresolved,Official statewide source codes cultural resources as relevant (YES).,BLM CA ACEC FeatureServer,https://gis.blm.gov/caarcgis/rest/services/Planning/BLM_CA_ACEC/FeatureServer/0,,ACEC_RLVNCE_CUL,2026-08-05,high_source_code,not_classified_as_water_value,authoritative_source,"This is a controlled statewide relevance category, not a detailed unit-specific value narrative."
acec-463a6667a6e4b9,blmca-afdb88c4-82ca-4f8c-964b-38f568dcbdba,value-6b54d0acf344,cultural_archaeological_historic,historic,Historic resources,selected source record and semantic ACEC (one-to-one in current inventory),unresolved,Official statewide source codes historic resources as relevant (YES).,BLM CA ACEC FeatureServer,https://gis.blm.gov/caarcgis/rest/services/Planning/BLM_CA_ACEC/FeatureServer/0,,ACEC_RLVNCE_HIS,2026-08-05,high_source_code,not_classified_as_water_value,authoritative_source,"This is a controlled statewide relevance category, not a detailed unit-specific value narrative."
acec-463a6667a6e4b9,blmca-afdb88c4-82ca-4f8c-964b-38f568dcbdba,value-461feb3e7ffc,botanical_or_ecological,natural_process,Natural processes,selected source record and semantic ACEC (one-to-one in current inventory),unresolved,Official statewide source codes natural processes as relevant (YES).,BLM CA ACEC FeatureServer,https://gis.blm.gov/caarcgis/rest/services/Planning/BLM_CA_ACEC/FeatureServer/0,,ACEC_RLVNCE_NPRO,2026-08-05,high_source_code,not_classified_as_water_value,authoritative_source,"This is a controlled statewide relevance category, not a detailed unit-specific value narrative."
acec-463a6667a6e4b9,blmca-afdb88c4-82ca-4f8c-964b-38f568dcbdba,value-7b76db1dda52,botanical_or_ecological,natural_system,Natural systems,selected source record and semantic ACEC (one-to-one in current inventory),unresolved,Official statewide source codes natural systems as relevant (YES).,BLM CA ACEC FeatureServer,https://gis.blm.gov/caarcgis/rest/services/Planning/BLM_CA_ACEC/FeatureServer/0,,ACEC_RLVNCE_NSYS,2026-08-05,high_source_code,not_classified_as_water_value,authoritative_source,"This is a controlled statewide relevance category, not a detailed unit-specific value narrative."
acec-463a6667a6e4b9,blmca-afdb88c4-82ca-4f8c-964b-38f568dcbdba,value-8a4cf3bea842,scenic,scenic,Scenic values,selected source record and semantic ACEC (one-to-one in current inventory),unresolved,Official statewide source codes scenic values as relevant (YES).,BLM CA ACEC FeatureServer,https://gis.blm.gov/caarcgis/rest/services/Planning/BLM_CA_ACEC/FeatureServer/0,,ACEC_RLVNCE_SCE,2026-08-05,high_source_code,not_classified_as_water_value,authoritative_source,"This is a controlled statewide relevance category, not a detailed unit-specific value narrative."
acec-463a6667a6e4b9,blmca-afdb88c4-82ca-4f8c-964b-38f568dcbdba,value-cb3646ca7c7d,wildlife_and_habitat,wildlife_resource,Wildlife resources,selected source record and semantic ACEC (one-to-one in current inventory),unresolved,Official statewide source codes wildlife resources as relevant (YES).,BLM CA ACEC FeatureServer,https://gis.blm.gov/caarcgis/rest/services/Planning/BLM_CA_ACEC/FeatureServer/0,,ACEC_RLVNCE_WRSC,2026-08-05,high_source_code,not_classified_as_water_value,authoritative_source,"This is a controlled statewide relevance category, not a detailed unit-specific value narrative."
acec-3b7ae60a0f48f8,blmca-7db29eec-41eb-40d8-ae3b-b092d413a58f,value-5e2bfb2541d7,cultural_archaeological_historic,cultural,Cultural resources,selected source record and semantic ACEC (one-to-one in current inventory),unresolved,Official statewide source codes cultural resources as relevant (YES).,BLM CA ACEC FeatureServer,https://gis.blm.gov/caarcgis/rest/services/Planning/BLM_CA_ACEC/FeatureServer/0,,ACEC_RLVNCE_CUL,2026-08-05,high_source_code,not_classified_as_water_value,authoritative_source,"This is a controlled statewide relevance category, not a detailed unit-specific value narrative."
acec-3b7ae60a0f48f8,blmca-7db29eec-41eb-40d8-ae3b-b092d413a58f,value-e088edd17f0f,cultural_archaeological_historic,historic,Historic resources,selected source record and semantic ACEC (one-to-one in current inventory),unresolved,Official statewide source codes historic resources as relevant (YES).,BLM CA ACEC FeatureServer,https://gis.blm.gov/caarcgis/rest/services/Planning/BLM_CA_ACEC/FeatureServer/0,,ACEC_RLVNCE_HIS,2026-08-05,high_source_code,not_classified_as_water_value,authoritative_source,"This is a controlled statewide relevance category, not a detailed unit-specific value narrative."
acec-f6ff8a97744b0b,blmca-ad85240a-bb29-4db0-9e95-8e813c704aef,value-341fc2e7f3bf,cultural_archaeological_historic,cultural,Cultural resources,selected source record and semantic ACEC (one-to-one in current inventory),unresolved,Official statewide source codes cultural resources as relevant (YES).,BLM CA ACEC FeatureServer,https://gis.blm.gov/caarcgis/rest/services/Planning/BLM_CA_ACEC/FeatureServer/0,,ACEC_RLVNCE_CUL,2026-08-05,high_source_code,not_classified_as_water_value,authoritative_source,"This is a controlled statewide relevance category, not a detailed unit-specific value narrative."
acec-f6ff8a97744b0b,blmca-ad85240a-bb29-4db0-9e95-8e813c704aef,value-56b8568b4958,cultural_archaeological_historic,historic,Historic resources,selected source record and semantic ACEC (one-to-one in current inventory),unresolved,Official statewide source codes historic resources as relevant (YES).,BLM CA ACEC FeatureServer,https://gis.blm.gov/caarcgis/rest/services/Planning/BLM_CA_ACEC/FeatureServer/0,,ACEC_RLVNCE_HIS,2026-08-05,high_source_code,not_classified_as_water_value,authoritative_source,"This is a controlled statewide relevance category, not a detailed unit-specific value narrative."
acec-f6ff8a97744b0b,blmca-ad85240a-bb29-4db0-9e95-8e813c704aef,value-ea0ddb0b596e,botanical_or_ecological,natural_process,Natural processes,selected source record and semantic ACEC (one-to-one in current inventory),unresolved,Official statewide source codes natural processes as relevant (YES).,BLM CA ACEC FeatureServer,https://gis.blm.gov/caarcgis/rest/services/Planning/BLM_CA_ACEC/FeatureServer/0,,ACEC_RLVNCE_NPRO,2026-08-05,high_source_code,not_classified_as_water_value,authoritative_source,"This is a controlled statewide relevance category, not a detailed unit-specific value narrative."
acec-f6ff8a97744b0b,blmca-ad85240a-bb29-4db0-9e95-8e813c704aef,value-5d46c4f18890,botanical_or_ecological,natural_system,Natural systems,selected source record and semantic ACEC (one-to-one in current inventory),unresolved,Official statewide source codes natural systems as relevant (YES).,BLM CA ACEC FeatureServer,https://gis.blm.gov/caarcgis/rest/services/Planning/BLM_CA_ACEC/FeatureServer/0,,ACEC_RLVNCE_NSYS,2026-08-05,high_source_code,not_classified_as_water_value,authoritative_source,"This is a controlled statewide relevance category, not a detailed unit-specific value narrative."
acec-f6ff8a97744b0b,blmca-ad85240a-bb29-4db0-9e95-8e813c704aef,value-63f1b95b9dee,wildlife_and_habitat,wildlife_resource,Wildlife resources,selected source record and semantic ACEC (one-to-one in current inventory),unresolved,Official statewide source codes wildlife resources as relevant (YES).,BLM CA ACEC FeatureServer,https://gis.blm.gov/caarcgis/rest/services/Planning/BLM_CA_ACEC/FeatureServer/0,,ACEC_RLVNCE_WRSC,2026-08-05,high_source_code,not_classified_as_water_value,authoritative_source,"This is a controlled statewide relevance category, not a detailed unit-specific value narrative."
acec-990ad47d85b85d,blmca-c7e11134-6fcd-4852-b5a0-e8c22b183484,value-11e50a1411e4,botanical_or_ecological,natural_process,Natural processes,selected source record and semantic ACEC (one-to-one in current inventory),unresolved,Official statewide source codes natural processes as relevant (YES).,BLM CA ACEC FeatureServer,https://gis.blm.gov/caarcgis/rest/services/Planning/BLM_CA_ACEC/FeatureServer/0,,ACEC_RLVNCE_NPRO,2026-08-05,high_source_code,not_classified_as_water_value,authoritative_source,"This is a controlled statewide relevance category, not a detailed unit-specific value narrative."
acec-990ad47d85b85d,blmca-c7e11134-6fcd-4852-b5a0-e8c22b183484,value-24e54250f27f,botanical_or_ecological,natural_system,Natural systems,selected source record and semantic ACEC (one-to-one in current inventory),unresolved,Official statewide source codes natural systems as relevant (YES).,BLM CA ACEC FeatureServer,https://gis.blm.gov/caarcgis/rest/services/Planning/BLM_CA_ACEC/FeatureServer/0,,ACEC_RLVNCE_NSYS,2026-08-05,high_source_code,not_classified_as_water_value,authoritative_source,"This is a controlled statewide relevance category, not a detailed unit-specific value narrative."
acec-f38758c79248ff,blmca-63adb8cc-9cfa-43da-b9b1-fa3accea7e1a,value-9be8aab835ca,cultural_archaeological_historic,cultural,Cultural resources,selected source record and semantic ACEC (one-to-one in current inventory),unresolved,Official statewide source codes cultural resources as relevant (YES).,BLM CA ACEC FeatureServer,https://gis.blm.gov/caarcgis/rest/services/Planning/BLM_CA_ACEC/FeatureServer/0,,ACEC_RLVNCE_CUL,2026-08-05,high_source_code,not_classified_as_water_value,authoritative_source,"This is a controlled statewide relevance category, not a detailed unit-specific value narrative."
acec-f38758c79248ff,blmca-63adb8cc-9cfa-43da-b9b1-fa3accea7e1a,value-4c10a593dbdc,cultural_archaeological_historic,historic,Historic resources,selected source record and semantic ACEC (one-to-one in current inventory),unresolved,Official statewide source codes historic resources as relevant (YES).,BLM CA ACEC FeatureServer,https://gis.blm.gov/caarcgis/rest/services/Planning/BLM_CA_ACEC/FeatureServer/0,,ACEC_RLVNCE_HIS,2026-08-05,high_source_code,not_classified_as_water_value,authoritative_source,"This is a controlled statewide relevance category, not a detailed unit-specific value narrative."
acec-f38758c79248ff,blmca-63adb8cc-9cfa-43da-b9b1-fa3accea7e1a,value-e2d13e9ea885,botanical_or_ecological,natural_process,Natural processes,selected source record and semantic ACEC (one-to-one in current inventory),unresolved,Official statewide source codes natural processes as relevant (YES).,BLM CA ACEC FeatureServer,https://gis.blm.gov/caarcgis/rest/services/Planning/BLM_CA_ACEC/FeatureServer/0,,ACEC_RLVNCE_NPRO,2026-08-05,high_source_code,not_classified_as_water_value,authoritative_source,"This is a controlled statewide relevance category, not a detailed unit-specific value narrative."
acec-f38758c79248ff,blmca-63adb8cc-9cfa-43da-b9b1-fa3accea7e1a,value-f5a48c906b5b,botanical_or_ecological,natural_system,Natural systems,selected source record and semantic ACEC (one-to-one in current inventory),unresolved,Official statewide source codes natural systems as relevant (YES).,BLM CA ACEC FeatureServer,https://gis.blm.gov/caarcgis/rest/services/Planning/BLM_CA_ACEC/FeatureServer/0,,ACEC_RLVNCE_NSYS,2026-08-05,high_source_code,not_classified_as_water_value,authoritative_source,"This is a controlled statewide relevance category, not a detailed unit-specific value narrative."
acec-f38758c79248ff,blmca-63adb8cc-9cfa-43da-b9b1-fa3accea7e1a,value-188a4588fe68,scenic,scenic,Scenic values,selected source record and semantic ACEC (one-to-one in current inventory),unresolved,Official statewide source codes scenic values as relevant (YES).,BLM CA ACEC FeatureServer,https://gis.blm.gov/caarcgis/rest/services/Planning/BLM_CA_ACEC/FeatureServer/0,,ACEC_RLVNCE_SCE,2026-08-05,high_source_code,not_classified_as_water_value,authoritative_source,"This is a controlled statewide relevance category, not a detailed unit-specific value narrative."
acec-f38758c79248ff,blmca-63adb8cc-9cfa-43da-b9b1-fa3accea7e1a,value-32b353b009d6,wildlife_and_habitat,wildlife_resource,Wildlife resources,selected source record and semantic ACEC (one-to-one in current inventory),unresolved,Official statewide source codes wildlife resources as relevant (YES).,BLM CA ACEC FeatureServer,https://gis.blm.gov/caarcgis/rest/services/Planning/BLM_CA_ACEC/FeatureServer/0,,ACEC_RLVNCE_WRSC,2026-08-05,high_source_code,not_classified_as_water_value,authoritative_source,"This is a controlled statewide relevance category, not a detailed unit-specific value narrative."
acec-dd783204130494,blmca-5cc19af4-1186-47ba-8da3-bacd883a2f54,value-fc643b60b68c,cultural_archaeological_historic,cultural,Cultural resources,selected source record and semantic ACEC (one-to-one in current inventory),unresolved,Official statewide source codes cultural resources as relevant (YES).,BLM CA ACEC FeatureServer,https://gis.blm.gov/caarcgis/rest/services/Planning/BLM_CA_ACEC/FeatureServer/0,,ACEC_RLVNCE_CUL,2026-08-05,high_source_code,not_classified_as_water_value,authoritative_source,"This is a controlled statewide relevance category, not a detailed unit-specific value narrative."
acec-dd783204130494,blmca-5cc19af4-1186-47ba-8da3-bacd883a2f54,value-ebe7f46e6e7c,cultural_archaeological_historic,historic,Historic resources,selected source record and semantic ACEC (one-to-one in current inventory),unresolved,Official statewide source codes historic resources as relevant (YES).,BLM CA ACEC FeatureServer,https://gis.blm.gov/caarcgis/rest/services/Planning/BLM_CA_ACEC/FeatureServer/0,,ACEC_RLVNCE_HIS,2026-08-05,high_source_code,not_classified_as_water_value,authoritative_source,"This is a controlled statewide relevance category, not a detailed unit-specific value narrative."
acec-dd783204130494,blmca-5cc19af4-1186-47ba-8da3-bacd883a2f54,value-dc9253e61fec,botanical_or_ecological,natural_process,Natural processes,selected source record and semantic ACEC (one-to-one in current inventory),unresolved,Official statewide source codes natural processes as relevant (YES).,BLM CA ACEC FeatureServer,https://gis.blm.gov/caarcgis/rest/services/Planning/BLM_CA_ACEC/FeatureServer/0,,ACEC_RLVNCE_NPRO,2026-08-05,high_source_code,not_classified_as_water_value,authoritative_source,"This is a controlled statewide relevance category, not a detailed unit-specific value narrative."
acec-dd783204130494,blmca-5cc19af4-1186-47ba-8da3-bacd883a2f54,value-1d801fbd5e2b,botanical_or_ecological,natural_system,Natural systems,selected source record and semantic ACEC (one-to-one in current inventory),unresolved,Official statewide source codes natural systems as relevant (YES).,BLM CA ACEC FeatureServer,https://gis.blm.gov/caarcgis/rest/services/Planning/BLM_CA_ACEC/FeatureServer/0,,ACEC_RLVNCE_NSYS,2026-08-05,high_source_code,not_classified_as_water_value,authoritative_source,"This is a controlled statewide relevance category, not a detailed unit-specific value narrative."
acec-dd783204130494,blmca-5cc19af4-1186-47ba-8da3-bacd883a2f54,value-6a5b9ec8a898,wildlife_and_habitat,wildlife_resource,Wildlife resources,selected source record and semantic ACEC (one-to-one in current inventory),unresolved,Official statewide source codes wildlife resources as relevant (YES).,BLM CA ACEC FeatureServer,https://gis.blm.gov/caarcgis/rest/services/Planning/BLM_CA_ACEC/FeatureServer/0,,ACEC_RLVNCE_WRSC,2026-08-05,high_source_code,not_classified_as_water_value,authoritative_source,"This is a controlled statewide relevance category, not a detailed unit-specific value narrative."
acec-5a176005bfc20b,blmca-4cd4350c-a29e-4308-966d-b497b4959aa7,value-c881e7d8883d,botanical_or_ecological,natural_process,Natural processes,selected source record and semantic ACEC (one-to-one in current inventory),unresolved,Official statewide source codes natural processes as relevant (YES).,BLM CA ACEC FeatureServer,https://gis.blm.gov/caarcgis/rest/services/Planning/BLM_CA_ACEC/FeatureServer/0,,ACEC_RLVNCE_NPRO,2026-08-05,high_source_code,not_classified_as_water_value,authoritative_source,"This is a controlled statewide relevance category, not a detailed unit-specific value narrative."
acec-5a176005bfc20b,blmca-4cd4350c-a29e-4308-966d-b497b4959aa7,value-cf729fb10cda,botanical_or_ecological,natural_system,Natural systems,selected source record and semantic ACEC (one-to-one in current inventory),unresolved,Official statewide source codes natural systems as relevant (YES).,BLM CA ACEC FeatureServer,https://gis.blm.gov/caarcgis/rest/services/Planning/BLM_CA_ACEC/FeatureServer/0,,ACEC_RLVNCE_NSYS,2026-08-05,high_source_code,not_classified_as_water_value,authoritative_source,"This is a controlled statewide relevance category, not a detailed unit-specific value narrative."
acec-5a176005bfc20b,blmca-4cd4350c-a29e-4308-966d-b497b4959aa7,value-a516fc00e908,scenic,scenic,Scenic values,selected source record and semantic ACEC (one-to-one in current inventory),unresolved,Official statewide source codes scenic values as relevant (YES).,BLM CA ACEC FeatureServer,https://gis.blm.gov/caarcgis/rest/services/Planning/BLM_CA_ACEC/FeatureServer/0,,ACEC_RLVNCE_SCE,2026-08-05,high_source_code,not_classified_as_water_value,authoritative_source,"This is a controlled statewide relevance category, not a detailed unit-specific value narrative."
acec-5a176005bfc20b,blmca-4cd4350c-a29e-4308-966d-b497b4959aa7,value-3069e501c49d,wildlife_and_habitat,wildlife_resource,Wildlife resources,selected source record and semantic ACEC (one-to-one in current inventory),unresolved,Official statewide source codes wildlife resources as relevant (YES).,BLM CA ACEC FeatureServer,https://gis.blm.gov/caarcgis/rest/services/Planning/BLM_CA_ACEC/FeatureServer/0,,ACEC_RLVNCE_WRSC,2026-08-05,high_source_code,not_classified_as_water_value,authoritative_source,"This is a controlled statewide relevance category, not a detailed unit-specific value narrative."
acec-a26e29826790bb,blmca-73621922-1786-433b-b2e6-13ace9f5e08f,value-e931e09b4175,cultural_archaeological_historic,cultural,Cultural resources,selected source record and semantic ACEC (one-to-one in current inventory),unresolved,Official statewide source codes cultural resources as relevant (YES).,BLM CA ACEC FeatureServer,https://gis.blm.gov/caarcgis/rest/services/Planning/BLM_CA_ACEC/FeatureServer/0,,ACEC_RLVNCE_CUL,2026-08-05,high_source_code,not_classified_as_water_value,authoritative_source,"This is a controlled statewide relevance category, not a detailed unit-specific value narrative."
acec-a26e29826790bb,blmca-73621922-1786-433b-b2e6-13ace9f5e08f,value-f5cf71cc3743,cultural_archaeological_historic,historic,Historic resources,selected source record and semantic ACEC (one-to-one in current inventory),unresolved,Official statewide source codes historic resources as relevant (YES).,BLM CA ACEC FeatureServer,https://gis.blm.gov/caarcgis/rest/services/Planning/BLM_CA_ACEC/FeatureServer/0,,ACEC_RLVNCE_HIS,2026-08-05,high_source_code,not_classified_as_water_value,authoritative_source,"This is a controlled statewide relevance category, not a detailed unit-specific value narrative."
acec-a26e29826790bb,blmca-73621922-1786-433b-b2e6-13ace9f5e08f,value-01f4226535f4,botanical_or_ecological,natural_process,Natural processes,selected source record and semantic ACEC (one-to-one in current inventory),unresolved,Official statewide source codes natural processes as relevant (YES).,BLM CA ACEC FeatureServer,https://gis.blm.gov/caarcgis/rest/services/Planning/BLM_CA_ACEC/FeatureServer/0,,ACEC_RLVNCE_NPRO,2026-08-05,high_source_code,not_classified_as_water_value,authoritative_source,"This is a controlled statewide relevance category, not a detailed unit-specific value narrative."
acec-a26e29826790bb,blmca-73621922-1786-433b-b2e6-13ace9f5e08f,value-2125166fbd56,botanical_or_ecological,natural_system,Natural systems,selected source record and semantic ACEC (one-to-one in current inventory),unresolved,Official statewide source codes natural systems as relevant (YES).,BLM CA ACEC FeatureServer,https://gis.blm.gov/caarcgis/rest/services/Planning/BLM_CA_ACEC/FeatureServer/0,,ACEC_RLVNCE_NSYS,2026-08-05,high_source_code,not_classified_as_water_value,authoritative_source,"This is a controlled statewide relevance category, not a detailed unit-specific value narrative."
acec-a26e29826790bb,blmca-73621922-1786-433b-b2e6-13ace9f5e08f,value-de9ffe2c3457,wildlife_and_habitat,wildlife_resource,Wildlife resources,selected source record and semantic ACEC (one-to-one in current inventory),unresolved,Official statewide source codes wildlife resources as relevant (YES).,BLM CA ACEC FeatureServer,https://gis.blm.gov/caarcgis/rest/services/Planning/BLM_CA_ACEC/FeatureServer/0,,ACEC_RLVNCE_WRSC,2026-08-05,high_source_code,not_classified_as_water_value,authoritative_source,"This is a controlled statewide relevance category, not a detailed unit-specific value narrative."
acec-567f19f3c713d7,blmca-858b3021-c28c-499f-a06c-83d31c238b96,value-a454d40809d6,botanical_or_ecological,natural_process,Natural processes,selected source record and semantic ACEC (one-to-one in current inventory),unresolved,Official statewide source codes natural processes as relevant (YES).,BLM CA ACEC FeatureServer,https://gis.blm.gov/caarcgis/rest/services/Planning/BLM_CA_ACEC/FeatureServer/0,,ACEC_RLVNCE_NPRO,2026-08-05,high_source_code,not_classified_as_water_value,authoritative_source,"This is a controlled statewide relevance category, not a detailed unit-specific value narrative."
acec-567f19f3c713d7,blmca-858b3021-c28c-499f-a06c-83d31c238b96,value-38cd5791ff33,botanical_or_ecological,natural_system,Natural systems,selected source record and semantic ACEC (one-to-one in current inventory),unresolved,Official statewide source codes natural systems as relevant (YES).,BLM CA ACEC FeatureServer,https://gis.blm.gov/caarcgis/rest/services/Planning/BLM_CA_ACEC/FeatureServer/0,,ACEC_RLVNCE_NSYS,2026-08-05,high_source_code,not_classified_as_water_value,authoritative_source,"This is a controlled statewide relevance category, not a detailed unit-specific value narrative."
acec-567f19f3c713d7,blmca-858b3021-c28c-499f-a06c-83d31c238b96,value-6b66eae80246,wildlife_and_habitat,wildlife_resource,Wildlife resources,selected source record and semantic ACEC (one-to-one in current inventory),unresolved,Official statewide source codes wildlife resources as relevant (YES).,BLM CA ACEC FeatureServer,https://gis.blm.gov/caarcgis/rest/services/Planning/BLM_CA_ACEC/FeatureServer/0,,ACEC_RLVNCE_WRSC,2026-08-05,high_source_code,not_classified_as_water_value,authoritative_source,"This is a controlled statewide relevance category, not a detailed unit-specific value narrative."
acec-597fbdb2c879fa,blmca-2868ca77-292f-46cf-bbce-553ae1240799,value-6b53736555b5,botanical_or_ecological,natural_process,Natural processes,selected source record and semantic ACEC (one-to-one in current inventory),unresolved,Official statewide source codes natural processes as relevant (YES).,BLM CA ACEC FeatureServer,https://gis.blm.gov/caarcgis/rest/services/Planning/BLM_CA_ACEC/FeatureServer/0,,ACEC_RLVNCE_NPRO,2026-08-05,high_source_code,not_classified_as_water_value,authoritative_source,"This is a controlled statewide relevance category, not a detailed unit-specific value narrative."
acec-597fbdb2c879fa,blmca-2868ca77-292f-46cf-bbce-553ae1240799,value-f708a119b64f,botanical_or_ecological,natural_system,Natural systems,selected source record and semantic ACEC (one-to-one in current inventory),unresolved,Official statewide source codes natural systems as relevant (YES).,BLM CA ACEC FeatureServer,https://gis.blm.gov/caarcgis/rest/services/Planning/BLM_CA_ACEC/FeatureServer/0,,ACEC_RLVNCE_NSYS,2026-08-05,high_source_code,not_classified_as_water_value,authoritative_source,"This is a controlled statewide relevance category, not a detailed unit-specific value narrative."
acec-597fbdb2c879fa,blmca-2868ca77-292f-46cf-bbce-553ae1240799,value-9182d427985e,wildlife_and_habitat,wildlife_resource,Wildlife resources,selected source record and semantic ACEC (one-to-one in current inventory),unresolved,Official statewide source codes wildlife resources as relevant (YES).,BLM CA ACEC FeatureServer,https://gis.blm.gov/caarcgis/rest/services/Planning/BLM_CA_ACEC/FeatureServer/0,,ACEC_RLVNCE_WRSC,2026-08-05,high_source_code,not_classified_as_water_value,authoritative_source,"This is a controlled statewide relevance category, not a detailed unit-specific value narrative."
acec-b365df2948c9b1,blmca-3e39318c-2435-4c8d-bc42-d24df3e476f9,value-dd5cf2656c6b,botanical_or_ecological,natural_process,Natural processes,selected source record and semantic ACEC (one-to-one in current inventory),unresolved,Official statewide source codes natural processes as relevant (YES).,BLM CA ACEC FeatureServer,https://gis.blm.gov/caarcgis/rest/services/Planning/BLM_CA_ACEC/FeatureServer/0,,ACEC_RLVNCE_NPRO,2026-08-05,high_source_code,not_classified_as_water_value,authoritative_source,"This is a controlled statewide relevance category, not a detailed unit-specific value narrative."
acec-b365df2948c9b1,blmca-3e39318c-2435-4c8d-bc42-d24df3e476f9,value-1a9ac89d337c,botanical_or_ecological,natural_system,Natural systems,selected source record and semantic ACEC (one-to-one in current inventory),unresolved,Official statewide source codes natural systems as relevant (YES).,BLM CA ACEC FeatureServer,https://gis.blm.gov/caarcgis/rest/services/Planning/BLM_CA_ACEC/FeatureServer/0,,ACEC_RLVNCE_NSYS,2026-08-05,high_source_code,not_classified_as_water_value,authoritative_source,"This is a controlled statewide relevance category, not a detailed unit-specific value narrative."
acec-b365df2948c9b1,blmca-3e39318c-2435-4c8d-bc42-d24df3e476f9,value-1b229e36ca8f,wildlife_and_habitat,wildlife_resource,Wildlife resources,selected source record and semantic ACEC (one-to-one in current inventory),unresolved,Official statewide source codes wildlife resources as relevant (YES).,BLM CA ACEC FeatureServer,https://gis.blm.gov/caarcgis/rest/services/Planning/BLM_CA_ACEC/FeatureServer/0,,ACEC_RLVNCE_WRSC,2026-08-05,high_source_code,not_classified_as_water_value,authoritative_source,"This is a controlled statewide relevance category, not a detailed unit-specific value narrative."
acec-cdc94bb3501f9f,blmca-60173fbd-464d-441a-bdb2-6dbd5817c9fa,value-542e2176ccb5,botanical_or_ecological,natural_process,Natural processes,selected source record and semantic ACEC (one-to-one in current inventory),unresolved,Official statewide source codes natural processes as relevant (YES).,BLM CA ACEC FeatureServer,https://gis.blm.gov/caarcgis/rest/services/Planning/BLM_CA_ACEC/FeatureServer/0,,ACEC_RLVNCE_NPRO,2026-08-05,high_source_code,not_classified_as_water_value,authoritative_source,"This is a controlled statewide relevance category, not a detailed unit-specific value narrative."
acec-cdc94bb3501f9f,blmca-60173fbd-464d-441a-bdb2-6dbd5817c9fa,value-3eca5ff3bd6f,botanical_or_ecological,natural_system,Natural systems,selected source record and semantic ACEC (one-to-one in current inventory),unresolved,Official statewide source codes natural systems as relevant (YES).,BLM CA ACEC FeatureServer,https://gis.blm.gov/caarcgis/rest/services/Planning/BLM_CA_ACEC/FeatureServer/0,,ACEC_RLVNCE_NSYS,2026-08-05,high_source_code,not_classified_as_water_value,authoritative_source,"This is a controlled statewide relevance category, not a detailed unit-specific value narrative."
acec-cdc94bb3501f9f,blmca-60173fbd-464d-441a-bdb2-6dbd5817c9fa,value-790dee3879a0,wildlife_and_habitat,wildlife_resource,Wildlife resources,selected source record and semantic ACEC (one-to-one in current inventory),unresolved,Official statewide source codes wildlife resources as relevant (YES).,BLM CA ACEC FeatureServer,https://gis.blm.gov/caarcgis/rest/services/Planning/BLM_CA_ACEC/FeatureServer/0,,ACEC_RLVNCE_WRSC,2026-08-05,high_source_code,not_classified_as_water_value,authoritative_source,"This is a controlled statewide relevance category, not a detailed unit-specific value narrative."
acec-352e68a6096bd8,blmca-f6d9bde1-1a85-4c6f-a365-3fa30f6f0ba0,value-f476f62f7ffb,cultural_archaeological_historic,cultural,Cultural resources,selected source record and semantic ACEC (one-to-one in current inventory),unresolved,Official statewide source codes cultural resources as relevant (YES).,BLM CA ACEC FeatureServer,https://gis.blm.gov/caarcgis/rest/services/Planning/BLM_CA_ACEC/FeatureServer/0,,ACEC_RLVNCE_CUL,2026-08-05,high_source_code,not_classified_as_water_value,authoritative_source,"This is a controlled statewide relevance category, not a detailed unit-specific value narrative."
acec-352e68a6096bd8,blmca-f6d9bde1-1a85-4c6f-a365-3fa30f6f0ba0,value-1ad84a433d82,cultural_archaeological_historic,historic,Historic resources,selected source record and semantic ACEC (one-to-one in current inventory),unresolved,Official statewide source codes historic resources as relevant (YES).,BLM CA ACEC FeatureServer,https://gis.blm.gov/caarcgis/rest/services/Planning/BLM_CA_ACEC/FeatureServer/0,,ACEC_RLVNCE_HIS,2026-08-05,high_source_code,not_classified_as_water_value,authoritative_source,"This is a controlled statewide relevance category, not a detailed unit-specific value narrative."
acec-352e68a6096bd8,blmca-f6d9bde1-1a85-4c6f-a365-3fa30f6f0ba0,value-b18fe1317b0e,botanical_or_ecological,natural_process,Natural processes,selected source record and semantic ACEC (one-to-one in current inventory),unresolved,Official statewide source codes natural processes as relevant (YES).,BLM CA ACEC FeatureServer,https://gis.blm.gov/caarcgis/rest/services/Planning/BLM_CA_ACEC/FeatureServer/0,,ACEC_RLVNCE_NPRO,2026-08-05,high_source_code,not_classified_as_water_value,authoritative_source,"This is a controlled statewide relevance category, not a detailed unit-specific value narrative."
acec-352e68a6096bd8,blmca-f6d9bde1-1a85-4c6f-a365-3fa30f6f0ba0,value-500656bb6d7e,botanical_or_ecological,natural_system,Natural systems,selected source record and semantic ACEC (one-to-one in current inventory),unresolved,Official statewide source codes natural systems as relevant (YES).,BLM CA ACEC FeatureServer,https://gis.blm.gov/caarcgis/rest/services/Planning/BLM_CA_ACEC/FeatureServer/0,,ACEC_RLVNCE_NSYS,2026-08-05,high_source_code,not_classified_as_water_value,authoritative_source,"This is a controlled statewide relevance category, not a detailed unit-specific value narrative."
acec-7c32cc0106ad1f,blmca-92899d87-e7d4-4f2e-9d27-20b4bd0579d4,value-d1880522f7f5,water_aquatic,fish_resource,Fish or aquatic resources,selected source record and semantic ACEC (one-to-one in current inventory),unresolved,Official statewide source codes fish or aquatic resources as relevant (YES).,BLM CA ACEC FeatureServer,https://gis.blm.gov/caarcgis/rest/services/Planning/BLM_CA_ACEC/FeatureServer/0,,ACEC_RLVNCE_FRSC,2026-08-05,high_source_code,designation_value,authoritative_source,"This is a controlled statewide relevance category, not a detailed unit-specific value narrative."
acec-7c32cc0106ad1f,blmca-92899d87-e7d4-4f2e-9d27-20b4bd0579d4,value-eea979bbc56a,wildlife_and_habitat,wildlife_resource,Wildlife resources,selected source record and semantic ACEC (one-to-one in current inventory),unresolved,Official statewide source codes wildlife resources as relevant (YES).,BLM CA ACEC FeatureServer,https://gis.blm.gov/caarcgis/rest/services/Planning/BLM_CA_ACEC/FeatureServer/0,,ACEC_RLVNCE_WRSC,2026-08-05,high_source_code,not_classified_as_water_value,authoritative_source,"This is a controlled statewide relevance category, not a detailed unit-specific value narrative."
acec-895932450c9410,blmca-ee7c7e17-8700-4cf3-b4bd-fab0e7c625d1,value-e40ddf6c466c,botanical_or_ecological,natural_process,Natural processes,selected source record and semantic ACEC (one-to-one in current inventory),unresolved,Official statewide source codes natural processes as relevant (YES).,BLM CA ACEC FeatureServer,https://gis.blm.gov/caarcgis/rest/services/Planning/BLM_CA_ACEC/FeatureServer/0,,ACEC_RLVNCE_NPRO,2026-08-05,high_source_code,not_classified_as_water_value,authoritative_source,"This is a controlled statewide relevance category, not a detailed unit-specific value narrative."
acec-895932450c9410,blmca-ee7c7e17-8700-4cf3-b4bd-fab0e7c625d1,value-cca9813d9069,botanical_or_ecological,natural_system,Natural systems,selected source record and semantic ACEC (one-to-one in current inventory),unresolved,Official statewide source codes natural systems as relevant (YES).,BLM CA ACEC FeatureServer,https://gis.blm.gov/caarcgis/rest/services/Planning/BLM_CA_ACEC/FeatureServer/0,,ACEC_RLVNCE_NSYS,2026-08-05,high_source_code,not_classified_as_water_value,authoritative_source,"This is a controlled statewide relevance category, not a detailed unit-specific value narrative."
acec-895932450c9410,blmca-ee7c7e17-8700-4cf3-b4bd-fab0e7c625d1,value-2ba5ac998449,wildlife_and_habitat,wildlife_resource,Wildlife resources,selected source record and semantic ACEC (one-to-one in current inventory),unresolved,Official statewide source codes wildlife resources as relevant (YES).,BLM CA ACEC FeatureServer,https://gis.blm.gov/caarcgis/rest/services/Planning/BLM_CA_ACEC/FeatureServer/0,,ACEC_RLVNCE_WRSC,2026-08-05,high_source_code,not_classified_as_water_value,authoritative_source,"This is a controlled statewide relevance category, not a detailed unit-specific value narrative."
acec-68e7e5ca595c4e,blmca-c3786b95-3cc4-47a6-89c4-cc1c457e06a8,value-d0ac88933106,cultural_archaeological_historic,cultural,Cultural resources,selected source record and semantic ACEC (one-to-one in current inventory),unresolved,Official statewide source codes cultural resources as relevant (YES).,BLM CA ACEC FeatureServer,https://gis.blm.gov/caarcgis/rest/services/Planning/BLM_CA_ACEC/FeatureServer/0,,ACEC_RLVNCE_CUL,2026-08-05,high_source_code,not_classified_as_water_value,authoritative_source,"This is a controlled statewide relevance category, not a detailed unit-specific value narrative."
acec-68e7e5ca595c4e,blmca-c3786b95-3cc4-47a6-89c4-cc1c457e06a8,value-07ceb803c8c8,cultural_archaeological_historic,historic,Historic resources,selected source record and semantic ACEC (one-to-one in current inventory),unresolved,Official statewide source codes historic resources as relevant (YES).,BLM CA ACEC FeatureServer,https://gis.blm.gov/caarcgis/rest/services/Planning/BLM_CA_ACEC/FeatureServer/0,,ACEC_RLVNCE_HIS,2026-08-05,high_source_code,not_classified_as_water_value,authoritative_source,"This is a controlled statewide relevance category, not a detailed unit-specific value narrative."
acec-68e7e5ca595c4e,blmca-c3786b95-3cc4-47a6-89c4-cc1c457e06a8,value-750e2929c5d3,botanical_or_ecological,natural_process,Natural processes,selected source record and semantic ACEC (one-to-one in current inventory),unresolved,Official statewide source codes natural processes as relevant (YES).,BLM CA ACEC FeatureServer,https://gis.blm.gov/caarcgis/rest/services/Planning/BLM_CA_ACEC/FeatureServer/0,,ACEC_RLVNCE_NPRO,2026-08-05,high_source_code,not_classified_as_water_value,authoritative_source,"This is a controlled statewide relevance category, not a detailed unit-specific value narrative."
acec-68e7e5ca595c4e,blmca-c3786b95-3cc4-47a6-89c4-cc1c457e06a8,value-1640dc1c8799,botanical_or_ecological,natural_system,Natural systems,selected source record and semantic ACEC (one-to-one in current inventory),unresolved,Official statewide source codes natural systems as relevant (YES).,BLM CA ACEC FeatureServer,https://gis.blm.gov/caarcgis/rest/services/Planning/BLM_CA_ACEC/FeatureServer/0,,ACEC_RLVNCE_NSYS,2026-08-05,high_source_code,not_classified_as_water_value,authoritative_source,"This is a controlled statewide relevance category, not a detailed unit-specific value narrative."
acec-68e7e5ca595c4e,blmca-c3786b95-3cc4-47a6-89c4-cc1c457e06a8,value-5e107993d96a,wildlife_and_habitat,wildlife_resource,Wildlife resources,selected source record and semantic ACEC (one-to-one in current inventory),unresolved,Official statewide source codes wildlife resources as relevant (YES).,BLM CA ACEC FeatureServer,https://gis.blm.gov/caarcgis/rest/services/Planning/BLM_CA_ACEC/FeatureServer/0,,ACEC_RLVNCE_WRSC,2026-08-05,high_source_code,not_classified_as_water_value,authoritative_source,"This is a controlled statewide relevance category, not a detailed unit-specific value narrative."
acec-cb322417fa5793,blmca-3c4d10bf-5b35-492d-8807-6586e86334d9,value-1ef306f519de,water_aquatic,fish_resource,Fish or aquatic resources,selected source record and semantic ACEC (one-to-one in current inventory),unresolved,Official statewide source codes fish or aquatic resources as relevant (YES).,BLM CA ACEC FeatureServer,https://gis.blm.gov/caarcgis/rest/services/Planning/BLM_CA_ACEC/FeatureServer/0,,ACEC_RLVNCE_FRSC,2026-08-05,high_source_code,designation_value,authoritative_source,"This is a controlled statewide relevance category, not a detailed unit-specific value narrative."
acec-cb322417fa5793,blmca-3c4d10bf-5b35-492d-8807-6586e86334d9,value-4d49b95a5256,cultural_archaeological_historic,historic,Historic resources,selected source record and semantic ACEC (one-to-one in current inventory),unresolved,Official statewide source codes historic resources as relevant (YES).,BLM CA ACEC FeatureServer,https://gis.blm.gov/caarcgis/rest/services/Planning/BLM_CA_ACEC/FeatureServer/0,,ACEC_RLVNCE_HIS,2026-08-05,high_source_code,not_classified_as_water_value,authoritative_source,"This is a controlled statewide relevance category, not a detailed unit-specific value narrative."
acec-cb322417fa5793,blmca-3c4d10bf-5b35-492d-8807-6586e86334d9,value-47609df825e6,botanical_or_ecological,natural_system,Natural systems,selected source record and semantic ACEC (one-to-one in current inventory),unresolved,Official statewide source codes natural systems as relevant (YES).,BLM CA ACEC FeatureServer,https://gis.blm.gov/caarcgis/rest/services/Planning/BLM_CA_ACEC/FeatureServer/0,,ACEC_RLVNCE_NSYS,2026-08-05,high_source_code,not_classified_as_water_value,authoritative_source,"This is a controlled statewide relevance category, not a detailed unit-specific value narrative."
acec-cb322417fa5793,blmca-3c4d10bf-5b35-492d-8807-6586e86334d9,value-e4ad998a84a6,scenic,scenic,Scenic values,selected source record and semantic ACEC (one-to-one in current inventory),unresolved,Official statewide source codes scenic values as relevant (YES).,BLM CA ACEC FeatureServer,https://gis.blm.gov/caarcgis/rest/services/Planning/BLM_CA_ACEC/FeatureServer/0,,ACEC_RLVNCE_SCE,2026-08-05,high_source_code,not_classified_as_water_value,authoritative_source,"This is a controlled statewide relevance category, not a detailed unit-specific value narrative."
acec-cb322417fa5793,blmca-3c4d10bf-5b35-492d-8807-6586e86334d9,value-9ccbb6688796,wildlife_and_habitat,wildlife_resource,Wildlife resources,selected source record and semantic ACEC (one-to-one in current inventory),unresolved,Official statewide source codes wildlife resources as relevant (YES).,BLM CA ACEC FeatureServer,https://gis.blm.gov/caarcgis/rest/services/Planning/BLM_CA_ACEC/FeatureServer/0,,ACEC_RLVNCE_WRSC,2026-08-05,high_source_code,not_classified_as_water_value,authoritative_source,"This is a controlled statewide relevance category, not a detailed unit-specific value narrative."
acec-3f8988d80d2645,blmca-c09b71e8-678f-4f6f-a66c-7be2ec54fbab,value-6af132d0c4ca,cultural_archaeological_historic,cultural,Cultural resources,selected source record and semantic ACEC (one-to-one in current inventory),unresolved,Official statewide source codes cultural resources as relevant (YES).,BLM CA ACEC FeatureServer,https://gis.blm.gov/caarcgis/rest/services/Planning/BLM_CA_ACEC/FeatureServer/0,,ACEC_RLVNCE_CUL,2026-08-05,high_source_code,not_classified_as_water_value,authoritative_source,"This is a controlled statewide relevance category, not a detailed unit-specific value narrative."
acec-3f8988d80d2645,blmca-c09b71e8-678f-4f6f-a66c-7be2ec54fbab,value-9e8c4af3aa2e,cultural_archaeological_historic,historic,Historic resources,selected source record and semantic ACEC (one-to-one in current inventory),unresolved,Official statewide source codes historic resources as relevant (YES).,BLM CA ACEC FeatureServer,https://gis.blm.gov/caarcgis/rest/services/Planning/BLM_CA_ACEC/FeatureServer/0,,ACEC_RLVNCE_HIS,2026-08-05,high_source_code,not_classified_as_water_value,authoritative_source,"This is a controlled statewide relevance category, not a detailed unit-specific value narrative."
acec-db1c025620ee95,blmca-897c4957-1102-4eff-a935-0266cc5bee6f,value-b8f61b2ec4f2,cultural_archaeological_historic,historic,Historic resources,selected source record and semantic ACEC (one-to-one in current inventory),unresolved,Official statewide source codes historic resources as relevant (YES).,BLM CA ACEC FeatureServer,https://gis.blm.gov/caarcgis/rest/services/Planning/BLM_CA_ACEC/FeatureServer/0,,ACEC_RLVNCE_HIS,2026-08-05,high_source_code,not_classified_as_water_value,authoritative_source,"This is a controlled statewide relevance category, not a detailed unit-specific value narrative."
acec-db1c025620ee95,blmca-897c4957-1102-4eff-a935-0266cc5bee6f,value-80186eaf96c3,botanical_or_ecological,natural_process,Natural processes,selected source record and semantic ACEC (one-to-one in current inventory),unresolved,Official statewide source codes natural processes as relevant (YES).,BLM CA ACEC FeatureServer,https://gis.blm.gov/caarcgis/rest/services/Planning/BLM_CA_ACEC/FeatureServer/0,,ACEC_RLVNCE_NPRO,2026-08-05,high_source_code,not_classified_as_water_value,authoritative_source,"This is a controlled statewide relevance category, not a detailed unit-specific value narrative."
acec-db1c025620ee95,blmca-897c4957-1102-4eff-a935-0266cc5bee6f,value-499ccea7d0bf,botanical_or_ecological,natural_system,Natural systems,selected source record and semantic ACEC (one-to-one in current inventory),unresolved,Official statewide source codes natural systems as relevant (YES).,BLM CA ACEC FeatureServer,https://gis.blm.gov/caarcgis/rest/services/Planning/BLM_CA_ACEC/FeatureServer/0,,ACEC_RLVNCE_NSYS,2026-08-05,high_source_code,not_classified_as_water_value,authoritative_source,"This is a controlled statewide relevance category, not a detailed unit-specific value narrative."
acec-db1c025620ee95,blmca-897c4957-1102-4eff-a935-0266cc5bee6f,value-85c5b0af2f4f,scenic,scenic,Scenic values,selected source record and semantic ACEC (one-to-one in current inventory),unresolved,Official statewide source codes scenic values as relevant (YES).,BLM CA ACEC FeatureServer,https://gis.blm.gov/caarcgis/rest/services/Planning/BLM_CA_ACEC/FeatureServer/0,,ACEC_RLVNCE_SCE,2026-08-05,high_source_code,not_classified_as_water_value,authoritative_source,"This is a controlled statewide relevance category, not a detailed unit-specific value narrative."
acec-db1c025620ee95,blmca-897c4957-1102-4eff-a935-0266cc5bee6f,value-796c6ee78f5c,wildlife_and_habitat,wildlife_resource,Wildlife resources,selected source record and semantic ACEC (one-to-one in current inventory),unresolved,Official statewide source codes wildlife resources as relevant (YES).,BLM CA ACEC FeatureServer,https://gis.blm.gov/caarcgis/rest/services/Planning/BLM_CA_ACEC/FeatureServer/0,,ACEC_RLVNCE_WRSC,2026-08-05,high_source_code,not_classified_as_water_value,authoritative_source,"This is a controlled statewide relevance category, not a detailed unit-specific value narrative."
acec-8b7205a710bcf7,blmca-e7f84169-2cb4-4e4e-bcc1-b2f696407519,value-6552b4951aa3,cultural_archaeological_historic,cultural,Cultural resources,selected source record and semantic ACEC (one-to-one in current inventory),unresolved,Official statewide source codes cultural resources as relevant (YES).,BLM CA ACEC FeatureServer,https://gis.blm.gov/caarcgis/rest/services/Planning/BLM_CA_ACEC/FeatureServer/0,,ACEC_RLVNCE_CUL,2026-08-05,high_source_code,not_classified_as_water_value,authoritative_source,"This is a controlled statewide relevance category, not a detailed unit-specific value narrative."
acec-8b7205a710bcf7,blmca-e7f84169-2cb4-4e4e-bcc1-b2f696407519,value-f055d3d58147,cultural_archaeological_historic,historic,Historic resources,selected source record and semantic ACEC (one-to-one in current inventory),unresolved,Official statewide source codes historic resources as relevant (YES).,BLM CA ACEC FeatureServer,https://gis.blm.gov/caarcgis/rest/services/Planning/BLM_CA_ACEC/FeatureServer/0,,ACEC_RLVNCE_HIS,2026-08-05,high_source_code,not_classified_as_water_value,authoritative_source,"This is a controlled statewide relevance category, not a detailed unit-specific value narrative."
acec-8b7205a710bcf7,blmca-e7f84169-2cb4-4e4e-bcc1-b2f696407519,value-5a1a28c6bd04,botanical_or_ecological,natural_process,Natural processes,selected source record and semantic ACEC (one-to-one in current inventory),unresolved,Official statewide source codes natural processes as relevant (YES).,BLM CA ACEC FeatureServer,https://gis.blm.gov/caarcgis/rest/services/Planning/BLM_CA_ACEC/FeatureServer/0,,ACEC_RLVNCE_NPRO,2026-08-05,high_source_code,not_classified_as_water_value,authoritative_source,"This is a controlled statewide relevance category, not a detailed unit-specific value narrative."
acec-8b7205a710bcf7,blmca-e7f84169-2cb4-4e4e-bcc1-b2f696407519,value-7a74df5ea328,botanical_or_ecological,natural_system,Natural systems,selected source record and semantic ACEC (one-to-one in current inventory),unresolved,Official statewide source codes natural systems as relevant (YES).,BLM CA ACEC FeatureServer,https://gis.blm.gov/caarcgis/rest/services/Planning/BLM_CA_ACEC/FeatureServer/0,,ACEC_RLVNCE_NSYS,2026-08-05,high_source_code,not_classified_as_water_value,authoritative_source,"This is a controlled statewide relevance category, not a detailed unit-specific value narrative."
acec-8b7205a710bcf7,blmca-e7f84169-2cb4-4e4e-bcc1-b2f696407519,value-700ec6d1b7c4,wildlife_and_habitat,wildlife_resource,Wildlife resources,selected source record and semantic ACEC (one-to-one in current inventory),unresolved,Official statewide source codes wildlife resources as relevant (YES).,BLM CA ACEC FeatureServer,https://gis.blm.gov/caarcgis/rest/services/Planning/BLM_CA_ACEC/FeatureServer/0,,ACEC_RLVNCE_WRSC,2026-08-05,high_source_code,not_classified_as_water_value,authoritative_source,"This is a controlled statewide relevance category, not a detailed unit-specific value narrative."
acec-bb8e39bb718d14,blmca-065830c1-b704-4771-91a2-f9c3524896b4,value-901c92170e2b,botanical_or_ecological,natural_process,Natural processes,selected source record and semantic ACEC (one-to-one in current inventory),unresolved,Official statewide source codes natural processes as relevant (YES).,BLM CA ACEC FeatureServer,https://gis.blm.gov/caarcgis/rest/services/Planning/BLM_CA_ACEC/FeatureServer/0,,ACEC_RLVNCE_NPRO,2026-08-05,high_source_code,not_classified_as_water_value,authoritative_source,"This is a controlled statewide relevance category, not a detailed unit-specific value narrative."
acec-bb8e39bb718d14,blmca-065830c1-b704-4771-91a2-f9c3524896b4,value-36b42c445e55,botanical_or_ecological,natural_system,Natural systems,selected source record and semantic ACEC (one-to-one in current inventory),unresolved,Official statewide source codes natural systems as relevant (YES).,BLM CA ACEC FeatureServer,https://gis.blm.gov/caarcgis/rest/services/Planning/BLM_CA_ACEC/FeatureServer/0,,ACEC_RLVNCE_NSYS,2026-08-05,high_source_code,not_classified_as_water_value,authoritative_source,"This is a controlled statewide relevance category, not a detailed unit-specific value narrative."
acec-ed38a295261e2f,blmca-3cdad385-0fb8-4a58-8cc9-e5da284070e2,value-bdd4a0785a5d,botanical_or_ecological,natural_process,Natural processes,selected source record and semantic ACEC (one-to-one in current inventory),unresolved,Official statewide source codes natural processes as relevant (YES).,BLM CA ACEC FeatureServer,https://gis.blm.gov/caarcgis/rest/services/Planning/BLM_CA_ACEC/FeatureServer/0,,ACEC_RLVNCE_NPRO,2026-08-05,high_source_code,not_classified_as_water_value,authoritative_source,"This is a controlled statewide relevance category, not a detailed unit-specific value narrative."
acec-ed38a295261e2f,blmca-3cdad385-0fb8-4a58-8cc9-e5da284070e2,value-759d84614102,botanical_or_ecological,natural_system,Natural systems,selected source record and semantic ACEC (one-to-one in current inventory),unresolved,Official statewide source codes natural systems as relevant (YES).,BLM CA ACEC FeatureServer,https://gis.blm.gov/caarcgis/rest/services/Planning/BLM_CA_ACEC/FeatureServer/0,,ACEC_RLVNCE_NSYS,2026-08-05,high_source_code,not_classified_as_water_value,authoritative_source,"This is a controlled statewide relevance category, not a detailed unit-specific value narrative."
acec-2b56b7d087bc72,blmca-f7934bf6-07d4-4fbb-a4ed-44a5bcc99e08,value-22f90b3cef0f,cultural_archaeological_historic,cultural,Cultural resources,selected source record and semantic ACEC (one-to-one in current inventory),unresolved,Official statewide source codes cultural resources as relevant (YES).,BLM CA ACEC FeatureServer,https://gis.blm.gov/caarcgis/rest/services/Planning/BLM_CA_ACEC/FeatureServer/0,,ACEC_RLVNCE_CUL,2026-08-05,high_source_code,not_classified_as_water_value,authoritative_source,"This is a controlled statewide relevance category, not a detailed unit-specific value narrative."
acec-2b56b7d087bc72,blmca-f7934bf6-07d4-4fbb-a4ed-44a5bcc99e08,value-733c064bfcec,botanical_or_ecological,natural_process,Natural processes,selected source record and semantic ACEC (one-to-one in current inventory),unresolved,Official statewide source codes natural processes as relevant (YES).,BLM CA ACEC FeatureServer,https://gis.blm.gov/caarcgis/rest/services/Planning/BLM_CA_ACEC/FeatureServer/0,,ACEC_RLVNCE_NPRO,2026-08-05,high_source_code,not_classified_as_water_value,authoritative_source,"This is a controlled statewide relevance category, not a detailed unit-specific value narrative."
acec-2b56b7d087bc72,blmca-f7934bf6-07d4-4fbb-a4ed-44a5bcc99e08,value-b2b0e8db2286,botanical_or_ecological,natural_system,Natural systems,selected source record and semantic ACEC (one-to-one in current inventory),unresolved,Official statewide source codes natural systems as relevant (YES).,BLM CA ACEC FeatureServer,https://gis.blm.gov/caarcgis/rest/services/Planning/BLM_CA_ACEC/FeatureServer/0,,ACEC_RLVNCE_NSYS,2026-08-05,high_source_code,not_classified_as_water_value,authoritative_source,"This is a controlled statewide relevance category, not a detailed unit-specific value narrative."
acec-76697c022d953b,blmca-bf4281f6-64cb-4ca0-adbf-04cb86d1e5af,value-726da31c9f2a,botanical_or_ecological,natural_process,Natural processes,selected source record and semantic ACEC (one-to-one in current inventory),unresolved,Official statewide source codes natural processes as relevant (YES).,BLM CA ACEC FeatureServer,https://gis.blm.gov/caarcgis/rest/services/Planning/BLM_CA_ACEC/FeatureServer/0,,ACEC_RLVNCE_NPRO,2026-08-05,high_source_code,not_classified_as_water_value,authoritative_source,"This is a controlled statewide relevance category, not a detailed unit-specific value narrative."
acec-76697c022d953b,blmca-bf4281f6-64cb-4ca0-adbf-04cb86d1e5af,value-63628aad0492,botanical_or_ecological,natural_system,Natural systems,selected source record and semantic ACEC (one-to-one in current inventory),unresolved,Official statewide source codes natural systems as relevant (YES).,BLM CA ACEC FeatureServer,https://gis.blm.gov/caarcgis/rest/services/Planning/BLM_CA_ACEC/FeatureServer/0,,ACEC_RLVNCE_NSYS,2026-08-05,high_source_code,not_classified_as_water_value,authoritative_source,"This is a controlled statewide relevance category, not a detailed unit-specific value narrative."
acec-76697c022d953b,blmca-bf4281f6-64cb-4ca0-adbf-04cb86d1e5af,value-809f61c06ea8,scenic,scenic,Scenic values,selected source record and semantic ACEC (one-to-one in current inventory),unresolved,Official statewide source codes scenic values as relevant (YES).,BLM CA ACEC FeatureServer,https://gis.blm.gov/caarcgis/rest/services/Planning/BLM_CA_ACEC/FeatureServer/0,,ACEC_RLVNCE_SCE,2026-08-05,high_source_code,not_classified_as_water_value,authoritative_source,"This is a controlled statewide relevance category, not a detailed unit-specific value narrative."
acec-3377f0ee1fcbb1,blmca-d71f9477-603a-4e9b-b464-3fcf670d500b,value-473a60394401,cultural_archaeological_historic,cultural,Cultural resources,selected source record and semantic ACEC (one-to-one in current inventory),unresolved,Official statewide source codes cultural resources as relevant (YES).,BLM CA ACEC FeatureServer,https://gis.blm.gov/caarcgis/rest/services/Planning/BLM_CA_ACEC/FeatureServer/0,,ACEC_RLVNCE_CUL,2026-08-05,high_source_code,not_classified_as_water_value,authoritative_source,"This is a controlled statewide relevance category, not a detailed unit-specific value narrative."
acec-3377f0ee1fcbb1,blmca-d71f9477-603a-4e9b-b464-3fcf670d500b,value-d25766ca56ef,botanical_or_ecological,natural_process,Natural processes,selected source record and semantic ACEC (one-to-one in current inventory),unresolved,Official statewide source codes natural processes as relevant (YES).,BLM CA ACEC FeatureServer,https://gis.blm.gov/caarcgis/rest/services/Planning/BLM_CA_ACEC/FeatureServer/0,,ACEC_RLVNCE_NPRO,2026-08-05,high_source_code,not_classified_as_water_value,authoritative_source,"This is a controlled statewide relevance category, not a detailed unit-specific value narrative."
acec-3377f0ee1fcbb1,blmca-d71f9477-603a-4e9b-b464-3fcf670d500b,value-b989d1a11945,botanical_or_ecological,natural_system,Natural systems,selected source record and semantic ACEC (one-to-one in current inventory),unresolved,Official statewide source codes natural systems as relevant (YES).,BLM CA ACEC FeatureServer,https://gis.blm.gov/caarcgis/rest/services/Planning/BLM_CA_ACEC/FeatureServer/0,,ACEC_RLVNCE_NSYS,2026-08-05,high_source_code,not_classified_as_water_value,authoritative_source,"This is a controlled statewide relevance category, not a detailed unit-specific value narrative."
acec-3377f0ee1fcbb1,blmca-d71f9477-603a-4e9b-b464-3fcf670d500b,value-d05b06b4b0ca,scenic,scenic,Scenic values,selected source record and semantic ACEC (one-to-one in current inventory),unresolved,Official statewide source codes scenic values as relevant (YES).,BLM CA ACEC FeatureServer,https://gis.blm.gov/caarcgis/rest/services/Planning/BLM_CA_ACEC/FeatureServer/0,,ACEC_RLVNCE_SCE,2026-08-05,high_source_code,not_classified_as_water_value,authoritative_source,"This is a controlled statewide relevance category, not a detailed unit-specific value narrative."
acec-24f5924ae9f5cc,blmca-5ca513d2-3632-4d18-bbfe-ecd39ebb0fae,value-99fae7fe77f3,botanical_or_ecological,natural_process,Natural processes,selected source record and semantic ACEC (one-to-one in current inventory),unresolved,Official statewide source codes natural processes as relevant (YES).,BLM CA ACEC FeatureServer,https://gis.blm.gov/caarcgis/rest/services/Planning/BLM_CA_ACEC/FeatureServer/0,,ACEC_RLVNCE_NPRO,2026-08-05,high_source_code,not_classified_as_water_value,authoritative_source,"This is a controlled statewide relevance category, not a detailed unit-specific value narrative."
acec-24f5924ae9f5cc,blmca-5ca513d2-3632-4d18-bbfe-ecd39ebb0fae,value-2ae173fe94f8,botanical_or_ecological,natural_system,Natural systems,selected source record and semantic ACEC (one-to-one in current inventory),unresolved,Official statewide source codes natural systems as relevant (YES).,BLM CA ACEC FeatureServer,https://gis.blm.gov/caarcgis/rest/services/Planning/BLM_CA_ACEC/FeatureServer/0,,ACEC_RLVNCE_NSYS,2026-08-05,high_source_code,not_classified_as_water_value,authoritative_source,"This is a controlled statewide relevance category, not a detailed unit-specific value narrative."
acec-c1bbe5652a8b4f,blmca-0988669b-9de2-499a-9f3c-f1ab79e4eab2,value-5ee5b9ac5930,botanical_or_ecological,natural_process,Natural processes,selected source record and semantic ACEC (one-to-one in current inventory),unresolved,Official statewide source codes natural processes as relevant (YES).,BLM CA ACEC FeatureServer,https://gis.blm.gov/caarcgis/rest/services/Planning/BLM_CA_ACEC/FeatureServer/0,,ACEC_RLVNCE_NPRO,2026-08-05,high_source_code,not_classified_as_water_value,authoritative_source,"This is a controlled statewide relevance category, not a detailed unit-specific value narrative."
acec-c1bbe5652a8b4f,blmca-0988669b-9de2-499a-9f3c-f1ab79e4eab2,value-f9cee7a4a649,botanical_or_ecological,natural_system,Natural systems,selected source record and semantic ACEC (one-to-one in current inventory),unresolved,Official statewide source codes natural systems as relevant (YES).,BLM CA ACEC FeatureServer,https://gis.blm.gov/caarcgis/rest/services/Planning/BLM_CA_ACEC/FeatureServer/0,,ACEC_RLVNCE_NSYS,2026-08-05,high_source_code,not_classified_as_water_value,authoritative_source,"This is a controlled statewide relevance category, not a detailed unit-specific value narrative."
acec-c1bbe5652a8b4f,blmca-0988669b-9de2-499a-9f3c-f1ab79e4eab2,value-2d1d1dd6e5af,wildlife_and_habitat,wildlife_resource,Wildlife resources,selected source record and semantic ACEC (one-to-one in current inventory),unresolved,Official statewide source codes wildlife resources as relevant (YES).,BLM CA ACEC FeatureServer,https://gis.blm.gov/caarcgis/rest/services/Planning/BLM_CA_ACEC/FeatureServer/0,,ACEC_RLVNCE_WRSC,2026-08-05,high_source_code,not_classified_as_water_value,authoritative_source,"This is a controlled statewide relevance category, not a detailed unit-specific value narrative."
acec-29d65400bcc38b,blmca-4a3cbfd7-5d6c-48b8-83e6-51657eea7a24,value-298c694a57cb,botanical_or_ecological,natural_process,Natural processes,selected source record and semantic ACEC (one-to-one in current inventory),unresolved,Official statewide source codes natural processes as relevant (YES).,BLM CA ACEC FeatureServer,https://gis.blm.gov/caarcgis/rest/services/Planning/BLM_CA_ACEC/FeatureServer/0,,ACEC_RLVNCE_NPRO,2026-08-05,high_source_code,not_classified_as_water_value,authoritative_source,"This is a controlled statewide relevance category, not a detailed unit-specific value narrative."
acec-29d65400bcc38b,blmca-4a3cbfd7-5d6c-48b8-83e6-51657eea7a24,value-1898e7480991,botanical_or_ecological,natural_system,Natural systems,selected source record and semantic ACEC (one-to-one in current inventory),unresolved,Official statewide source codes natural systems as relevant (YES).,BLM CA ACEC FeatureServer,https://gis.blm.gov/caarcgis/rest/services/Planning/BLM_CA_ACEC/FeatureServer/0,,ACEC_RLVNCE_NSYS,2026-08-05,high_source_code,not_classified_as_water_value,authoritative_source,"This is a controlled statewide relevance category, not a detailed unit-specific value narrative."
acec-29d65400bcc38b,blmca-4a3cbfd7-5d6c-48b8-83e6-51657eea7a24,value-484293699c90,wildlife_and_habitat,wildlife_resource,Wildlife resources,selected source record and semantic ACEC (one-to-one in current inventory),unresolved,Official statewide source codes wildlife resources as relevant (YES).,BLM CA ACEC FeatureServer,https://gis.blm.gov/caarcgis/rest/services/Planning/BLM_CA_ACEC/FeatureServer/0,,ACEC_RLVNCE_WRSC,2026-08-05,high_source_code,not_classified_as_water_value,authoritative_source,"This is a controlled statewide relevance category, not a detailed unit-specific value narrative."
acec-4e3d7779523f35,blmca-874c30a4-af68-49bf-86e6-902ca6abecc1,value-08edd411ac5a,cultural_archaeological_historic,cultural,Cultural resources,selected source record and semantic ACEC (one-to-one in current inventory),unresolved,Official statewide source codes cultural resources as relevant (YES).,BLM CA ACEC FeatureServer,https://gis.blm.gov/caarcgis/rest/services/Planning/BLM_CA_ACEC/FeatureServer/0,,ACEC_RLVNCE_CUL,2026-08-05,high_source_code,not_classified_as_water_value,authoritative_source,"This is a controlled statewide relevance category, not a detailed unit-specific value narrative."
acec-4e3d7779523f35,blmca-874c30a4-af68-49bf-86e6-902ca6abecc1,value-120a3bdeaebe,cultural_archaeological_historic,historic,Historic resources,selected source record and semantic ACEC (one-to-one in current inventory),unresolved,Official statewide source codes historic resources as relevant (YES).,BLM CA ACEC FeatureServer,https://gis.blm.gov/caarcgis/rest/services/Planning/BLM_CA_ACEC/FeatureServer/0,,ACEC_RLVNCE_HIS,2026-08-05,high_source_code,not_classified_as_water_value,authoritative_source,"This is a controlled statewide relevance category, not a detailed unit-specific value narrative."
acec-357a2ccbe0140a,blmca-b79694dc-245a-4460-91f3-abe474ea3922,value-1c90e4453a9f,water_aquatic,fish_resource,Fish or aquatic resources,selected source record and semantic ACEC (one-to-one in current inventory),unresolved,Official statewide source codes fish or aquatic resources as relevant (YES).,BLM CA ACEC FeatureServer,https://gis.blm.gov/caarcgis/rest/services/Planning/BLM_CA_ACEC/FeatureServer/0,,ACEC_RLVNCE_FRSC,2026-08-05,high_source_code,designation_value,authoritative_source,"This is a controlled statewide relevance category, not a detailed unit-specific value narrative."
acec-357a2ccbe0140a,blmca-b79694dc-245a-4460-91f3-abe474ea3922,value-bffa361e54ef,botanical_or_ecological,natural_process,Natural processes,selected source record and semantic ACEC (one-to-one in current inventory),unresolved,Official statewide source codes natural processes as relevant (YES).,BLM CA ACEC FeatureServer,https://gis.blm.gov/caarcgis/rest/services/Planning/BLM_CA_ACEC/FeatureServer/0,,ACEC_RLVNCE_NPRO,2026-08-05,high_source_code,not_classified_as_water_value,authoritative_source,"This is a controlled statewide relevance category, not a detailed unit-specific value narrative."
acec-357a2ccbe0140a,blmca-b79694dc-245a-4460-91f3-abe474ea3922,value-44ec4835d070,botanical_or_ecological,natural_system,Natural systems,selected source record and semantic ACEC (one-to-one in current inventory),unresolved,Official statewide source codes natural systems as relevant (YES).,BLM CA ACEC FeatureServer,https://gis.blm.gov/caarcgis/rest/services/Planning/BLM_CA_ACEC/FeatureServer/0,,ACEC_RLVNCE_NSYS,2026-08-05,high_source_code,not_classified_as_water_value,authoritative_source,"This is a controlled statewide relevance category, not a detailed unit-specific value narrative."
acec-357a2ccbe0140a,blmca-b79694dc-245a-4460-91f3-abe474ea3922,value-c92fa243d95a,wildlife_and_habitat,wildlife_resource,Wildlife resources,selected source record and semantic ACEC (one-to-one in current inventory),unresolved,Official statewide source codes wildlife resources as relevant (YES).,BLM CA ACEC FeatureServer,https://gis.blm.gov/caarcgis/rest/services/Planning/BLM_CA_ACEC/FeatureServer/0,,ACEC_RLVNCE_WRSC,2026-08-05,high_source_code,not_classified_as_water_value,authoritative_source,"This is a controlled statewide relevance category, not a detailed unit-specific value narrative."
acec-d82f6ef87526c2,blmca-2d9d7f56-bb0d-47aa-bccc-0ae56c8a20ff,value-c2bf27e64940,cultural_archaeological_historic,cultural,Cultural resources,selected source record and semantic ACEC (one-to-one in current inventory),unresolved,Official statewide source codes cultural resources as relevant (YES).,BLM CA ACEC FeatureServer,https://gis.blm.gov/caarcgis/rest/services/Planning/BLM_CA_ACEC/FeatureServer/0,,ACEC_RLVNCE_CUL,2026-08-05,high_source_code,not_classified_as_water_value,authoritative_source,"This is a controlled statewide relevance category, not a detailed unit-specific value narrative."
acec-d82f6ef87526c2,blmca-2d9d7f56-bb0d-47aa-bccc-0ae56c8a20ff,value-2d3991cb3501,cultural_archaeological_historic,historic,Historic resources,selected source record and semantic ACEC (one-to-one in current inventory),unresolved,Official statewide source codes historic resources as relevant (YES).,BLM CA ACEC FeatureServer,https://gis.blm.gov/caarcgis/rest/services/Planning/BLM_CA_ACEC/FeatureServer/0,,ACEC_RLVNCE_HIS,2026-08-05,high_source_code,not_classified_as_water_value,authoritative_source,"This is a controlled statewide relevance category, not a detailed unit-specific value narrative."
acec-d82f6ef87526c2,blmca-2d9d7f56-bb0d-47aa-bccc-0ae56c8a20ff,value-e3d5e5ae0572,botanical_or_ecological,natural_process,Natural processes,selected source record and semantic ACEC (one-to-one in current inventory),unresolved,Official statewide source codes natural processes as relevant (YES).,BLM CA ACEC FeatureServer,https://gis.blm.gov/caarcgis/rest/services/Planning/BLM_CA_ACEC/FeatureServer/0,,ACEC_RLVNCE_NPRO,2026-08-05,high_source_code,not_classified_as_water_value,authoritative_source,"This is a controlled statewide relevance category, not a detailed unit-specific value narrative."
acec-d82f6ef87526c2,blmca-2d9d7f56-bb0d-47aa-bccc-0ae56c8a20ff,value-e666bfb19b73,botanical_or_ecological,natural_system,Natural systems,selected source record and semantic ACEC (one-to-one in current inventory),unresolved,Official statewide source codes natural systems as relevant (YES).,BLM CA ACEC FeatureServer,https://gis.blm.gov/caarcgis/rest/services/Planning/BLM_CA_ACEC/FeatureServer/0,,ACEC_RLVNCE_NSYS,2026-08-05,high_source_code,not_classified_as_water_value,authoritative_source,"This is a controlled statewide relevance category, not a detailed unit-specific value narrative."
acec-d82f6ef87526c2,blmca-2d9d7f56-bb0d-47aa-bccc-0ae56c8a20ff,value-19599c0af850,wildlife_and_habitat,wildlife_resource,Wildlife resources,selected source record and semantic ACEC (one-to-one in current inventory),unresolved,Official statewide source codes wildlife resources as relevant (YES).,BLM CA ACEC FeatureServer,https://gis.blm.gov/caarcgis/rest/services/Planning/BLM_CA_ACEC/FeatureServer/0,,ACEC_RLVNCE_WRSC,2026-08-05,high_source_code,not_classified_as_water_value,authoritative_source,"This is a controlled statewide relevance category, not a detailed unit-specific value narrative."
acec-efa23557e2005a,blmca-7937c0b3-94a9-4cb7-aa6f-102375b68f22,value-15efe787ee55,water_aquatic,fish_resource,Fish or aquatic resources,selected source record and semantic ACEC (one-to-one in current inventory),unresolved,Official statewide source codes fish or aquatic resources as relevant (YES).,BLM CA ACEC FeatureServer,https://gis.blm.gov/caarcgis/rest/services/Planning/BLM_CA_ACEC/FeatureServer/0,,ACEC_RLVNCE_FRSC,2026-08-05,high_source_code,designation_value,authoritative_source,"This is a controlled statewide relevance category, not a detailed unit-specific value narrative."
acec-efa23557e2005a,blmca-7937c0b3-94a9-4cb7-aa6f-102375b68f22,value-99769fca1670,scenic,scenic,Scenic values,selected source record and semantic ACEC (one-to-one in current inventory),unresolved,Official statewide source codes scenic values as relevant (YES).,BLM CA ACEC FeatureServer,https://gis.blm.gov/caarcgis/rest/services/Planning/BLM_CA_ACEC/FeatureServer/0,,ACEC_RLVNCE_SCE,2026-08-05,high_source_code,not_classified_as_water_value,authoritative_source,"This is a controlled statewide relevance category, not a detailed unit-specific value narrative."
acec-3a59aba8cb5246,blmca-1ed835ad-b172-42ca-9ca7-01bbcb95d666,value-507e96740f85,botanical_or_ecological,natural_process,Natural processes,selected source record and semantic ACEC (one-to-one in current inventory),unresolved,Official statewide source codes natural processes as relevant (YES).,BLM CA ACEC FeatureServer,https://gis.blm.gov/caarcgis/rest/services/Planning/BLM_CA_ACEC/FeatureServer/0,,ACEC_RLVNCE_NPRO,2026-08-05,high_source_code,not_classified_as_water_value,authoritative_source,"This is a controlled statewide relevance category, not a detailed unit-specific value narrative."
acec-3a59aba8cb5246,blmca-1ed835ad-b172-42ca-9ca7-01bbcb95d666,value-2eaefaa64158,botanical_or_ecological,natural_system,Natural systems,selected source record and semantic ACEC (one-to-one in current inventory),unresolved,Official statewide source codes natural systems as relevant (YES).,BLM CA ACEC FeatureServer,https://gis.blm.gov/caarcgis/rest/services/Planning/BLM_CA_ACEC/FeatureServer/0,,ACEC_RLVNCE_NSYS,2026-08-05,high_source_code,not_classified_as_water_value,authoritative_source,"This is a controlled statewide relevance category, not a detailed unit-specific value narrative."
acec-3a59aba8cb5246,blmca-1ed835ad-b172-42ca-9ca7-01bbcb95d666,value-45640e3ec387,wildlife_and_habitat,wildlife_resource,Wildlife resources,selected source record and semantic ACEC (one-to-one in current inventory),unresolved,Official statewide source codes wildlife resources as relevant (YES).,BLM CA ACEC FeatureServer,https://gis.blm.gov/caarcgis/rest/services/Planning/BLM_CA_ACEC/FeatureServer/0,,ACEC_RLVNCE_WRSC,2026-08-05,high_source_code,not_classified_as_water_value,authoritative_source,"This is a controlled statewide relevance category, not a detailed unit-specific value narrative."
acec-c03b261f133906,blmca-d03c1e5f-ea32-46b9-9bdf-f7e9f92e3e9a,value-109fa397174f,cultural_archaeological_historic,cultural,Cultural resources,selected source record and semantic ACEC (one-to-one in current inventory),unresolved,Official statewide source codes cultural resources as relevant (YES).,BLM CA ACEC FeatureServer,https://gis.blm.gov/caarcgis/rest/services/Planning/BLM_CA_ACEC/FeatureServer/0,,ACEC_RLVNCE_CUL,2026-08-05,high_source_code,not_classified_as_water_value,authoritative_source,"This is a controlled statewide relevance category, not a detailed unit-specific value narrative."
acec-c03b261f133906,blmca-d03c1e5f-ea32-46b9-9bdf-f7e9f92e3e9a,value-e30c57ddb45d,cultural_archaeological_historic,historic,Historic resources,selected source record and semantic ACEC (one-to-one in current inventory),unresolved,Official statewide source codes historic resources as relevant (YES).,BLM CA ACEC FeatureServer,https://gis.blm.gov/caarcgis/rest/services/Planning/BLM_CA_ACEC/FeatureServer/0,,ACEC_RLVNCE_HIS,2026-08-05,high_source_code,not_classified_as_water_value,authoritative_source,"This is a controlled statewide relevance category, not a detailed unit-specific value narrative."
acec-c03b261f133906,blmca-d03c1e5f-ea32-46b9-9bdf-f7e9f92e3e9a,value-a3bbef5c11b7,botanical_or_ecological,natural_process,Natural processes,selected source record and semantic ACEC (one-to-one in current inventory),unresolved,Official statewide source codes natural processes as relevant (YES).,BLM CA ACEC FeatureServer,https://gis.blm.gov/caarcgis/rest/services/Planning/BLM_CA_ACEC/FeatureServer/0,,ACEC_RLVNCE_NPRO,2026-08-05,high_source_code,not_classified_as_water_value,authoritative_source,"This is a controlled statewide relevance category, not a detailed unit-specific value narrative."
acec-c03b261f133906,blmca-d03c1e5f-ea32-46b9-9bdf-f7e9f92e3e9a,value-1dee6faa82a3,botanical_or_ecological,natural_system,Natural systems,selected source record and semantic ACEC (one-to-one in current inventory),unresolved,Official statewide source codes natural systems as relevant (YES).,BLM CA ACEC FeatureServer,https://gis.blm.gov/caarcgis/rest/services/Planning/BLM_CA_ACEC/FeatureServer/0,,ACEC_RLVNCE_NSYS,2026-08-05,high_source_code,not_classified_as_water_value,authoritative_source,"This is a controlled statewide relevance category, not a detailed unit-specific value narrative."
acec-e8b72e19e142f6,blmca-920d16dd-ab00-469c-a546-6523c3ce111d,value-c65fa1abeabd,cultural_archaeological_historic,cultural,Cultural resources,selected source record and semantic ACEC (one-to-one in current inventory),unresolved,Official statewide source codes cultural resources as relevant (YES).,BLM CA ACEC FeatureServer,https://gis.blm.gov/caarcgis/rest/services/Planning/BLM_CA_ACEC/FeatureServer/0,,ACEC_RLVNCE_CUL,2026-08-05,high_source_code,not_classified_as_water_value,authoritative_source,"This is a controlled statewide relevance category, not a detailed unit-specific value narrative."
acec-e8b72e19e142f6,blmca-920d16dd-ab00-469c-a546-6523c3ce111d,value-fc4a4e019861,cultural_archaeological_historic,historic,Historic resources,selected source record and semantic ACEC (one-to-one in current inventory),unresolved,Official statewide source codes historic resources as relevant (YES).,BLM CA ACEC FeatureServer,https://gis.blm.gov/caarcgis/rest/services/Planning/BLM_CA_ACEC/FeatureServer/0,,ACEC_RLVNCE_HIS,2026-08-05,high_source_code,not_classified_as_water_value,authoritative_source,"This is a controlled statewide relevance category, not a detailed unit-specific value narrative."
acec-e8b72e19e142f6,blmca-920d16dd-ab00-469c-a546-6523c3ce111d,value-1685e29c3637,botanical_or_ecological,natural_process,Natural processes,selected source record and semantic ACEC (one-to-one in current inventory),unresolved,Official statewide source codes natural processes as relevant (YES).,BLM CA ACEC FeatureServer,https://gis.blm.gov/caarcgis/rest/services/Planning/BLM_CA_ACEC/FeatureServer/0,,ACEC_RLVNCE_NPRO,2026-08-05,high_source_code,not_classified_as_water_value,authoritative_source,"This is a controlled statewide relevance category, not a detailed unit-specific value narrative."
acec-e8b72e19e142f6,blmca-920d16dd-ab00-469c-a546-6523c3ce111d,value-16f6089cb25d,botanical_or_ecological,natural_system,Natural systems,selected source record and semantic ACEC (one-to-one in current inventory),unresolved,Official statewide source codes natural systems as relevant (YES).,BLM CA ACEC FeatureServer,https://gis.blm.gov/caarcgis/rest/services/Planning/BLM_CA_ACEC/FeatureServer/0,,ACEC_RLVNCE_NSYS,2026-08-05,high_source_code,not_classified_as_water_value,authoritative_source,"This is a controlled statewide relevance category, not a detailed unit-specific value narrative."
acec-e8b72e19e142f6,blmca-920d16dd-ab00-469c-a546-6523c3ce111d,value-a5da6fa1a2d3,wildlife_and_habitat,wildlife_resource,Wildlife resources,selected source record and semantic ACEC (one-to-one in current inventory),unresolved,Official statewide source codes wildlife resources as relevant (YES).,BLM CA ACEC FeatureServer,https://gis.blm.gov/caarcgis/rest/services/Planning/BLM_CA_ACEC/FeatureServer/0,,ACEC_RLVNCE_WRSC,2026-08-05,high_source_code,not_classified_as_water_value,authoritative_source,"This is a controlled statewide relevance category, not a detailed unit-specific value narrative."
acec-2b35387302279d,blmca-f79ad1b4-7b1d-4483-80a8-1f4d2260134f,value-3a8023bbc168,botanical_or_ecological,natural_process,Natural processes,selected source record and semantic ACEC (one-to-one in current inventory),unresolved,Official statewide source codes natural processes as relevant (YES).,BLM CA ACEC FeatureServer,https://gis.blm.gov/caarcgis/rest/services/Planning/BLM_CA_ACEC/FeatureServer/0,,ACEC_RLVNCE_NPRO,2026-08-05,high_source_code,not_classified_as_water_value,authoritative_source,"This is a controlled statewide relevance category, not a detailed unit-specific value narrative."
acec-2b35387302279d,blmca-f79ad1b4-7b1d-4483-80a8-1f4d2260134f,value-264902a68e8c,botanical_or_ecological,natural_system,Natural systems,selected source record and semantic ACEC (one-to-one in current inventory),unresolved,Official statewide source codes natural systems as relevant (YES).,BLM CA ACEC FeatureServer,https://gis.blm.gov/caarcgis/rest/services/Planning/BLM_CA_ACEC/FeatureServer/0,,ACEC_RLVNCE_NSYS,2026-08-05,high_source_code,not_classified_as_water_value,authoritative_source,"This is a controlled statewide relevance category, not a detailed unit-specific value narrative."
acec-2b35387302279d,blmca-f79ad1b4-7b1d-4483-80a8-1f4d2260134f,value-30c6b14d5662,wildlife_and_habitat,wildlife_resource,Wildlife resources,selected source record and semantic ACEC (one-to-one in current inventory),unresolved,Official statewide source codes wildlife resources as relevant (YES).,BLM CA ACEC FeatureServer,https://gis.blm.gov/caarcgis/rest/services/Planning/BLM_CA_ACEC/FeatureServer/0,,ACEC_RLVNCE_WRSC,2026-08-05,high_source_code,not_classified_as_water_value,authoritative_source,"This is a controlled statewide relevance category, not a detailed unit-specific value narrative."
acec-1b6b11fb2fa3da,blmca-318f2b91-74b6-4fdb-9ba3-ab1abc753cee,value-63bd2034e7f7,botanical_or_ecological,natural_process,Natural processes,selected source record and semantic ACEC (one-to-one in current inventory),unresolved,Official statewide source codes natural processes as relevant (YES).,BLM CA ACEC FeatureServer,https://gis.blm.gov/caarcgis/rest/services/Planning/BLM_CA_ACEC/FeatureServer/0,,ACEC_RLVNCE_NPRO,2026-08-05,high_source_code,not_classified_as_water_value,authoritative_source,"This is a controlled statewide relevance category, not a detailed unit-specific value narrative."
acec-1b6b11fb2fa3da,blmca-318f2b91-74b6-4fdb-9ba3-ab1abc753cee,value-9aa10a9e65e5,botanical_or_ecological,natural_system,Natural systems,selected source record and semantic ACEC (one-to-one in current inventory),unresolved,Official statewide source codes natural systems as relevant (YES).,BLM CA ACEC FeatureServer,https://gis.blm.gov/caarcgis/rest/services/Planning/BLM_CA_ACEC/FeatureServer/0,,ACEC_RLVNCE_NSYS,2026-08-05,high_source_code,not_classified_as_water_value,authoritative_source,"This is a controlled statewide relevance category, not a detailed unit-specific value narrative."
acec-1b6b11fb2fa3da,blmca-318f2b91-74b6-4fdb-9ba3-ab1abc753cee,value-42f8313699ea,wildlife_and_habitat,wildlife_resource,Wildlife resources,selected source record and semantic ACEC (one-to-one in current inventory),unresolved,Official statewide source codes wildlife resources as relevant (YES).,BLM CA ACEC FeatureServer,https://gis.blm.gov/caarcgis/rest/services/Planning/BLM_CA_ACEC/FeatureServer/0,,ACEC_RLVNCE_WRSC,2026-08-05,high_source_code,not_classified_as_water_value,authoritative_source,"This is a controlled statewide relevance category, not a detailed unit-specific value narrative."
acec-6d85a6d54632e3,blmca-a8bb640e-2f98-4899-b99b-1c04675c0f12,value-72ab36da9944,cultural_archaeological_historic,cultural,Cultural resources,selected source record and semantic ACEC (one-to-one in current inventory),unresolved,Official statewide source codes cultural resources as relevant (YES).,BLM CA ACEC FeatureServer,https://gis.blm.gov/caarcgis/rest/services/Planning/BLM_CA_ACEC/FeatureServer/0,,ACEC_RLVNCE_CUL,2026-08-05,high_source_code,not_classified_as_water_value,authoritative_source,"This is a controlled statewide relevance category, not a detailed unit-specific value narrative."
acec-6d85a6d54632e3,blmca-a8bb640e-2f98-4899-b99b-1c04675c0f12,value-8112f10b60b8,cultural_archaeological_historic,historic,Historic resources,selected source record and semantic ACEC (one-to-one in current inventory),unresolved,Official statewide source codes historic resources as relevant (YES).,BLM CA ACEC FeatureServer,https://gis.blm.gov/caarcgis/rest/services/Planning/BLM_CA_ACEC/FeatureServer/0,,ACEC_RLVNCE_HIS,2026-08-05,high_source_code,not_classified_as_water_value,authoritative_source,"This is a controlled statewide relevance category, not a detailed unit-specific value narrative."
acec-6d85a6d54632e3,blmca-a8bb640e-2f98-4899-b99b-1c04675c0f12,value-9619e5a93639,scenic,scenic,Scenic values,selected source record and semantic ACEC (one-to-one in current inventory),unresolved,Official statewide source codes scenic values as relevant (YES).,BLM CA ACEC FeatureServer,https://gis.blm.gov/caarcgis/rest/services/Planning/BLM_CA_ACEC/FeatureServer/0,,ACEC_RLVNCE_SCE,2026-08-05,high_source_code,not_classified_as_water_value,authoritative_source,"This is a controlled statewide relevance category, not a detailed unit-specific value narrative."
acec-5d4bd3eb92c832,blmca-eb7ea06e-10c8-4a36-98f2-dec9a8268d05,value-f13d39360bd9,cultural_archaeological_historic,cultural,Cultural resources,selected source record and semantic ACEC (one-to-one in current inventory),unresolved,Official statewide source codes cultural resources as relevant (YES).,BLM CA ACEC FeatureServer,https://gis.blm.gov/caarcgis/rest/services/Planning/BLM_CA_ACEC/FeatureServer/0,,ACEC_RLVNCE_CUL,2026-08-05,high_source_code,not_classified_as_water_value,authoritative_source,"This is a controlled statewide relevance category, not a detailed unit-specific value narrative."
acec-5d4bd3eb92c832,blmca-eb7ea06e-10c8-4a36-98f2-dec9a8268d05,value-5fd75f132f42,cultural_archaeological_historic,historic,Historic resources,selected source record and semantic ACEC (one-to-one in current inventory),unresolved,Official statewide source codes historic resources as relevant (YES).,BLM CA ACEC FeatureServer,https://gis.blm.gov/caarcgis/rest/services/Planning/BLM_CA_ACEC/FeatureServer/0,,ACEC_RLVNCE_HIS,2026-08-05,high_source_code,not_classified_as_water_value,authoritative_source,"This is a controlled statewide relevance category, not a detailed unit-specific value narrative."
acec-75b3171ed4c960,blmca-9e3443a2-2588-492e-aa56-29555f6697ad,value-029835ff5b08,cultural_archaeological_historic,cultural,Cultural resources,selected source record and semantic ACEC (one-to-one in current inventory),unresolved,Official statewide source codes cultural resources as relevant (YES).,BLM CA ACEC FeatureServer,https://gis.blm.gov/caarcgis/rest/services/Planning/BLM_CA_ACEC/FeatureServer/0,,ACEC_RLVNCE_CUL,2026-08-05,high_source_code,not_classified_as_water_value,authoritative_source,"This is a controlled statewide relevance category, not a detailed unit-specific value narrative."
acec-75b3171ed4c960,blmca-9e3443a2-2588-492e-aa56-29555f6697ad,value-66a4b3aa58b6,cultural_archaeological_historic,historic,Historic resources,selected source record and semantic ACEC (one-to-one in current inventory),unresolved,Official statewide source codes historic resources as relevant (YES).,BLM CA ACEC FeatureServer,https://gis.blm.gov/caarcgis/rest/services/Planning/BLM_CA_ACEC/FeatureServer/0,,ACEC_RLVNCE_HIS,2026-08-05,high_source_code,not_classified_as_water_value,authoritative_source,"This is a controlled statewide relevance category, not a detailed unit-specific value narrative."
acec-75b3171ed4c960,blmca-9e3443a2-2588-492e-aa56-29555f6697ad,value-2894e6ac554e,botanical_or_ecological,natural_process,Natural processes,selected source record and semantic ACEC (one-to-one in current inventory),unresolved,Official statewide source codes natural processes as relevant (YES).,BLM CA ACEC FeatureServer,https://gis.blm.gov/caarcgis/rest/services/Planning/BLM_CA_ACEC/FeatureServer/0,,ACEC_RLVNCE_NPRO,2026-08-05,high_source_code,not_classified_as_water_value,authoritative_source,"This is a controlled statewide relevance category, not a detailed unit-specific value narrative."
acec-75b3171ed4c960,blmca-9e3443a2-2588-492e-aa56-29555f6697ad,value-af1b3bc7a53a,botanical_or_ecological,natural_system,Natural systems,selected source record and semantic ACEC (one-to-one in current inventory),unresolved,Official statewide source codes natural systems as relevant (YES).,BLM CA ACEC FeatureServer,https://gis.blm.gov/caarcgis/rest/services/Planning/BLM_CA_ACEC/FeatureServer/0,,ACEC_RLVNCE_NSYS,2026-08-05,high_source_code,not_classified_as_water_value,authoritative_source,"This is a controlled statewide relevance category, not a detailed unit-specific value narrative."
acec-09fe4a5bcad4b5,blmca-a0cae823-dc4f-4785-93b0-987b078b0a78,value-519ecbf4d5ff,cultural_archaeological_historic,cultural,Cultural resources,selected source record and semantic ACEC (one-to-one in current inventory),unresolved,Official statewide source codes cultural resources as relevant (YES).,BLM CA ACEC FeatureServer,https://gis.blm.gov/caarcgis/rest/services/Planning/BLM_CA_ACEC/FeatureServer/0,,ACEC_RLVNCE_CUL,2026-08-05,high_source_code,not_classified_as_water_value,authoritative_source,"This is a controlled statewide relevance category, not a detailed unit-specific value narrative."
acec-09fe4a5bcad4b5,blmca-a0cae823-dc4f-4785-93b0-987b078b0a78,value-469fda95aded,cultural_archaeological_historic,historic,Historic resources,selected source record and semantic ACEC (one-to-one in current inventory),unresolved,Official statewide source codes historic resources as relevant (YES).,BLM CA ACEC FeatureServer,https://gis.blm.gov/caarcgis/rest/services/Planning/BLM_CA_ACEC/FeatureServer/0,,ACEC_RLVNCE_HIS,2026-08-05,high_source_code,not_classified_as_water_value,authoritative_source,"This is a controlled statewide relevance category, not a detailed unit-specific value narrative."
acec-09fe4a5bcad4b5,blmca-a0cae823-dc4f-4785-93b0-987b078b0a78,value-2efd23fd2f23,botanical_or_ecological,natural_process,Natural processes,selected source record and semantic ACEC (one-to-one in current inventory),unresolved,Official statewide source codes natural processes as relevant (YES).,BLM CA ACEC FeatureServer,https://gis.blm.gov/caarcgis/rest/services/Planning/BLM_CA_ACEC/FeatureServer/0,,ACEC_RLVNCE_NPRO,2026-08-05,high_source_code,not_classified_as_water_value,authoritative_source,"This is a controlled statewide relevance category, not a detailed unit-specific value narrative."
acec-09fe4a5bcad4b5,blmca-a0cae823-dc4f-4785-93b0-987b078b0a78,value-8947194d431c,botanical_or_ecological,natural_system,Natural systems,selected source record and semantic ACEC (one-to-one in current inventory),unresolved,Official statewide source codes natural systems as relevant (YES).,BLM CA ACEC FeatureServer,https://gis.blm.gov/caarcgis/rest/services/Planning/BLM_CA_ACEC/FeatureServer/0,,ACEC_RLVNCE_NSYS,2026-08-05,high_source_code,not_classified_as_water_value,authoritative_source,"This is a controlled statewide relevance category, not a detailed unit-specific value narrative."
acec-09fe4a5bcad4b5,blmca-a0cae823-dc4f-4785-93b0-987b078b0a78,value-0e648b852e96,scenic,scenic,Scenic values,selected source record and semantic ACEC (one-to-one in current inventory),unresolved,Official statewide source codes scenic values as relevant (YES).,BLM CA ACEC FeatureServer,https://gis.blm.gov/caarcgis/rest/services/Planning/BLM_CA_ACEC/FeatureServer/0,,ACEC_RLVNCE_SCE,2026-08-05,high_source_code,not_classified_as_water_value,authoritative_source,"This is a controlled statewide relevance category, not a detailed unit-specific value narrative."
acec-09fe4a5bcad4b5,blmca-a0cae823-dc4f-4785-93b0-987b078b0a78,value-a33b27e1f37b,wildlife_and_habitat,wildlife_resource,Wildlife resources,selected source record and semantic ACEC (one-to-one in current inventory),unresolved,Official statewide source codes wildlife resources as relevant (YES).,BLM CA ACEC FeatureServer,https://gis.blm.gov/caarcgis/rest/services/Planning/BLM_CA_ACEC/FeatureServer/0,,ACEC_RLVNCE_WRSC,2026-08-05,high_source_code,not_classified_as_water_value,authoritative_source,"This is a controlled statewide relevance category, not a detailed unit-specific value narrative."
acec-0b0d388308cb98,blmca-58943e65-6fe6-4604-b3f4-8231adf07d33,value-a24af66036c9,cultural_archaeological_historic,cultural,Cultural resources,selected source record and semantic ACEC (one-to-one in current inventory),unresolved,Official statewide source codes cultural resources as relevant (YES).,BLM CA ACEC FeatureServer,https://gis.blm.gov/caarcgis/rest/services/Planning/BLM_CA_ACEC/FeatureServer/0,,ACEC_RLVNCE_CUL,2026-08-05,high_source_code,not_classified_as_water_value,authoritative_source,"This is a controlled statewide relevance category, not a detailed unit-specific value narrative."
acec-0b0d388308cb98,blmca-58943e65-6fe6-4604-b3f4-8231adf07d33,value-f0775838f4ec,water_aquatic,fish_resource,Fish or aquatic resources,selected source record and semantic ACEC (one-to-one in current inventory),unresolved,Official statewide source codes fish or aquatic resources as relevant (YES).,BLM CA ACEC FeatureServer,https://gis.blm.gov/caarcgis/rest/services/Planning/BLM_CA_ACEC/FeatureServer/0,,ACEC_RLVNCE_FRSC,2026-08-05,high_source_code,designation_value,authoritative_source,"This is a controlled statewide relevance category, not a detailed unit-specific value narrative."
acec-0b0d388308cb98,blmca-58943e65-6fe6-4604-b3f4-8231adf07d33,value-a62904a3f1e0,cultural_archaeological_historic,historic,Historic resources,selected source record and semantic ACEC (one-to-one in current inventory),unresolved,Official statewide source codes historic resources as relevant (YES).,BLM CA ACEC FeatureServer,https://gis.blm.gov/caarcgis/rest/services/Planning/BLM_CA_ACEC/FeatureServer/0,,ACEC_RLVNCE_HIS,2026-08-05,high_source_code,not_classified_as_water_value,authoritative_source,"This is a controlled statewide relevance category, not a detailed unit-specific value narrative."
acec-0b0d388308cb98,blmca-58943e65-6fe6-4604-b3f4-8231adf07d33,value-198ada7307db,other_or_unresolved,natural_hazard,Natural hazards or public safety,selected source record and semantic ACEC (one-to-one in current inventory),unresolved,Official statewide source codes natural hazards or public safety as relevant (YES).,BLM CA ACEC FeatureServer,https://gis.blm.gov/caarcgis/rest/services/Planning/BLM_CA_ACEC/FeatureServer/0,,ACEC_RLVNCE_NHAZ,2026-08-05,high_source_code,not_classified_as_water_value,authoritative_source,"This is a controlled statewide relevance category, not a detailed unit-specific value narrative."
acec-0b0d388308cb98,blmca-58943e65-6fe6-4604-b3f4-8231adf07d33,value-678a4dfde94a,botanical_or_ecological,natural_process,Natural processes,selected source record and semantic ACEC (one-to-one in current inventory),unresolved,Official statewide source codes natural processes as relevant (YES).,BLM CA ACEC FeatureServer,https://gis.blm.gov/caarcgis/rest/services/Planning/BLM_CA_ACEC/FeatureServer/0,,ACEC_RLVNCE_NPRO,2026-08-05,high_source_code,not_classified_as_water_value,authoritative_source,"This is a controlled statewide relevance category, not a detailed unit-specific value narrative."
acec-0b0d388308cb98,blmca-58943e65-6fe6-4604-b3f4-8231adf07d33,value-49271419e8f4,botanical_or_ecological,natural_system,Natural systems,selected source record and semantic ACEC (one-to-one in current inventory),unresolved,Official statewide source codes natural systems as relevant (YES).,BLM CA ACEC FeatureServer,https://gis.blm.gov/caarcgis/rest/services/Planning/BLM_CA_ACEC/FeatureServer/0,,ACEC_RLVNCE_NSYS,2026-08-05,high_source_code,not_classified_as_water_value,authoritative_source,"This is a controlled statewide relevance category, not a detailed unit-specific value narrative."
acec-0b0d388308cb98,blmca-58943e65-6fe6-4604-b3f4-8231adf07d33,value-289f040d0d22,wildlife_and_habitat,wildlife_resource,Wildlife resources,selected source record and semantic ACEC (one-to-one in current inventory),unresolved,Official statewide source codes wildlife resources as relevant (YES).,BLM CA ACEC FeatureServer,https://gis.blm.gov/caarcgis/rest/services/Planning/BLM_CA_ACEC/FeatureServer/0,,ACEC_RLVNCE_WRSC,2026-08-05,high_source_code,not_classified_as_water_value,authoritative_source,"This is a controlled statewide relevance category, not a detailed unit-specific value narrative."
acec-460f0c52cecfed,blmca-08f7ba26-52ef-4b67-854e-3f208e1956f5,value-21cfff4df599,cultural_archaeological_historic,cultural,Cultural resources,selected source record and semantic ACEC (one-to-one in current inventory),unresolved,Official statewide source codes cultural resources as relevant (YES).,BLM CA ACEC FeatureServer,https://gis.blm.gov/caarcgis/rest/services/Planning/BLM_CA_ACEC/FeatureServer/0,,ACEC_RLVNCE_CUL,2026-08-05,high_source_code,not_classified_as_water_value,authoritative_source,"This is a controlled statewide relevance category, not a detailed unit-specific value narrative."
acec-460f0c52cecfed,blmca-08f7ba26-52ef-4b67-854e-3f208e1956f5,value-03e8326d8060,water_aquatic,fish_resource,Fish or aquatic resources,selected source record and semantic ACEC (one-to-one in current inventory),unresolved,Official statewide source codes fish or aquatic resources as relevant (YES).,BLM CA ACEC FeatureServer,https://gis.blm.gov/caarcgis/rest/services/Planning/BLM_CA_ACEC/FeatureServer/0,,ACEC_RLVNCE_FRSC,2026-08-05,high_source_code,designation_value,authoritative_source,"This is a controlled statewide relevance category, not a detailed unit-specific value narrative."
acec-460f0c52cecfed,blmca-08f7ba26-52ef-4b67-854e-3f208e1956f5,value-e1e60884cfad,cultural_archaeological_historic,historic,Historic resources,selected source record and semantic ACEC (one-to-one in current inventory),unresolved,Official statewide source codes historic resources as relevant (YES).,BLM CA ACEC FeatureServer,https://gis.blm.gov/caarcgis/rest/services/Planning/BLM_CA_ACEC/FeatureServer/0,,ACEC_RLVNCE_HIS,2026-08-05,high_source_code,not_classified_as_water_value,authoritative_source,"This is a controlled statewide relevance category, not a detailed unit-specific value narrative."
acec-460f0c52cecfed,blmca-08f7ba26-52ef-4b67-854e-3f208e1956f5,value-20aad9145064,botanical_or_ecological,natural_system,Natural systems,selected source record and semantic ACEC (one-to-one in current inventory),unresolved,Official statewide source codes natural systems as relevant (YES).,BLM CA ACEC FeatureServer,https://gis.blm.gov/caarcgis/rest/services/Planning/BLM_CA_ACEC/FeatureServer/0,,ACEC_RLVNCE_NSYS,2026-08-05,high_source_code,not_classified_as_water_value,authoritative_source,"This is a controlled statewide relevance category, not a detailed unit-specific value narrative."
acec-460f0c52cecfed,blmca-08f7ba26-52ef-4b67-854e-3f208e1956f5,value-e1a2bf84b90c,scenic,scenic,Scenic values,selected source record and semantic ACEC (one-to-one in current inventory),unresolved,Official statewide source codes scenic values as relevant (YES).,BLM CA ACEC FeatureServer,https://gis.blm.gov/caarcgis/rest/services/Planning/BLM_CA_ACEC/FeatureServer/0,,ACEC_RLVNCE_SCE,2026-08-05,high_source_code,not_classified_as_water_value,authoritative_source,"This is a controlled statewide relevance category, not a detailed unit-specific value narrative."
acec-460f0c52cecfed,blmca-08f7ba26-52ef-4b67-854e-3f208e1956f5,value-ec88c1498a67,wildlife_and_habitat,wildlife_resource,Wildlife resources,selected source record and semantic ACEC (one-to-one in current inventory),unresolved,Official statewide source codes wildlife resources as relevant (YES).,BLM CA ACEC FeatureServer,https://gis.blm.gov/caarcgis/rest/services/Planning/BLM_CA_ACEC/FeatureServer/0,,ACEC_RLVNCE_WRSC,2026-08-05,high_source_code,not_classified_as_water_value,authoritative_source,"This is a controlled statewide relevance category, not a detailed unit-specific value narrative."
acec-de56c514e59197,blmca-a157f7ca-0e12-4821-a8c6-fafcdd3e2e82,value-035ffc416573,cultural_archaeological_historic,cultural,Cultural resources,selected source record and semantic ACEC (one-to-one in current inventory),unresolved,Official statewide source codes cultural resources as relevant (YES).,BLM CA ACEC FeatureServer,https://gis.blm.gov/caarcgis/rest/services/Planning/BLM_CA_ACEC/FeatureServer/0,,ACEC_RLVNCE_CUL,2026-08-05,high_source_code,not_classified_as_water_value,authoritative_source,"This is a controlled statewide relevance category, not a detailed unit-specific value narrative."
acec-de56c514e59197,blmca-a157f7ca-0e12-4821-a8c6-fafcdd3e2e82,value-cbf34ff9a206,water_aquatic,fish_resource,Fish or aquatic resources,selected source record and semantic ACEC (one-to-one in current inventory),unresolved,Official statewide source codes fish or aquatic resources as relevant (YES).,BLM CA ACEC FeatureServer,https://gis.blm.gov/caarcgis/rest/services/Planning/BLM_CA_ACEC/FeatureServer/0,,ACEC_RLVNCE_FRSC,2026-08-05,high_source_code,designation_value,authoritative_source,"This is a controlled statewide relevance category, not a detailed unit-specific value narrative."
acec-de56c514e59197,blmca-a157f7ca-0e12-4821-a8c6-fafcdd3e2e82,value-98cb0ea7104b,cultural_archaeological_historic,historic,Historic resources,selected source record and semantic ACEC (one-to-one in current inventory),unresolved,Official statewide source codes historic resources as relevant (YES).,BLM CA ACEC FeatureServer,https://gis.blm.gov/caarcgis/rest/services/Planning/BLM_CA_ACEC/FeatureServer/0,,ACEC_RLVNCE_HIS,2026-08-05,high_source_code,not_classified_as_water_value,authoritative_source,"This is a controlled statewide relevance category, not a detailed unit-specific value narrative."
acec-de56c514e59197,blmca-a157f7ca-0e12-4821-a8c6-fafcdd3e2e82,value-817bcf734b11,botanical_or_ecological,natural_process,Natural processes,selected source record and semantic ACEC (one-to-one in current inventory),unresolved,Official statewide source codes natural processes as relevant (YES).,BLM CA ACEC FeatureServer,https://gis.blm.gov/caarcgis/rest/services/Planning/BLM_CA_ACEC/FeatureServer/0,,ACEC_RLVNCE_NPRO,2026-08-05,high_source_code,not_classified_as_water_value,authoritative_source,"This is a controlled statewide relevance category, not a detailed unit-specific value narrative."
acec-de56c514e59197,blmca-a157f7ca-0e12-4821-a8c6-fafcdd3e2e82,value-b7e1e46ac84e,botanical_or_ecological,natural_system,Natural systems,selected source record and semantic ACEC (one-to-one in current inventory),unresolved,Official statewide source codes natural systems as relevant (YES).,BLM CA ACEC FeatureServer,https://gis.blm.gov/caarcgis/rest/services/Planning/BLM_CA_ACEC/FeatureServer/0,,ACEC_RLVNCE_NSYS,2026-08-05,high_source_code,not_classified_as_water_value,authoritative_source,"This is a controlled statewide relevance category, not a detailed unit-specific value narrative."
acec-de56c514e59197,blmca-a157f7ca-0e12-4821-a8c6-fafcdd3e2e82,value-d96968c67be1,scenic,scenic,Scenic values,selected source record and semantic ACEC (one-to-one in current inventory),unresolved,Official statewide source codes scenic values as relevant (YES).,BLM CA ACEC FeatureServer,https://gis.blm.gov/caarcgis/rest/services/Planning/BLM_CA_ACEC/FeatureServer/0,,ACEC_RLVNCE_SCE,2026-08-05,high_source_code,not_classified_as_water_value,authoritative_source,"This is a controlled statewide relevance category, not a detailed unit-specific value narrative."
acec-de56c514e59197,blmca-a157f7ca-0e12-4821-a8c6-fafcdd3e2e82,value-a5b6f5b19a3a,wildlife_and_habitat,wildlife_resource,Wildlife resources,selected source record and semantic ACEC (one-to-one in current inventory),unresolved,Official statewide source codes wildlife resources as relevant (YES).,BLM CA ACEC FeatureServer,https://gis.blm.gov/caarcgis/rest/services/Planning/BLM_CA_ACEC/FeatureServer/0,,ACEC_RLVNCE_WRSC,2026-08-05,high_source_code,not_classified_as_water_value,authoritative_source,"This is a controlled statewide relevance category, not a detailed unit-specific value narrative."
acec-9b03a4735ae0c5,blmca-bf4e6797-bbf1-4afe-825c-d142ebbcafb8,value-8a19c6ac3037,cultural_archaeological_historic,cultural,Cultural resources,selected source record and semantic ACEC (one-to-one in current inventory),unresolved,Official statewide source codes cultural resources as relevant (YES).,BLM CA ACEC FeatureServer,https://gis.blm.gov/caarcgis/rest/services/Planning/BLM_CA_ACEC/FeatureServer/0,,ACEC_RLVNCE_CUL,2026-08-05,high_source_code,not_classified_as_water_value,authoritative_source,"This is a controlled statewide relevance category, not a detailed unit-specific value narrative."
acec-9b03a4735ae0c5,blmca-bf4e6797-bbf1-4afe-825c-d142ebbcafb8,value-99be3859e986,cultural_archaeological_historic,historic,Historic resources,selected source record and semantic ACEC (one-to-one in current inventory),unresolved,Official statewide source codes historic resources as relevant (YES).,BLM CA ACEC FeatureServer,https://gis.blm.gov/caarcgis/rest/services/Planning/BLM_CA_ACEC/FeatureServer/0,,ACEC_RLVNCE_HIS,2026-08-05,high_source_code,not_classified_as_water_value,authoritative_source,"This is a controlled statewide relevance category, not a detailed unit-specific value narrative."
acec-9b03a4735ae0c5,blmca-bf4e6797-bbf1-4afe-825c-d142ebbcafb8,value-47cd44d224cb,botanical_or_ecological,natural_process,Natural processes,selected source record and semantic ACEC (one-to-one in current inventory),unresolved,Official statewide source codes natural processes as relevant (YES).,BLM CA ACEC FeatureServer,https://gis.blm.gov/caarcgis/rest/services/Planning/BLM_CA_ACEC/FeatureServer/0,,ACEC_RLVNCE_NPRO,2026-08-05,high_source_code,not_classified_as_water_value,authoritative_source,"This is a controlled statewide relevance category, not a detailed unit-specific value narrative."
acec-9b03a4735ae0c5,blmca-bf4e6797-bbf1-4afe-825c-d142ebbcafb8,value-ff2d11166596,botanical_or_ecological,natural_system,Natural systems,selected source record and semantic ACEC (one-to-one in current inventory),unresolved,Official statewide source codes natural systems as relevant (YES).,BLM CA ACEC FeatureServer,https://gis.blm.gov/caarcgis/rest/services/Planning/BLM_CA_ACEC/FeatureServer/0,,ACEC_RLVNCE_NSYS,2026-08-05,high_source_code,not_classified_as_water_value,authoritative_source,"This is a controlled statewide relevance category, not a detailed unit-specific value narrative."
acec-9b03a4735ae0c5,blmca-bf4e6797-bbf1-4afe-825c-d142ebbcafb8,value-7cf0ca383301,wildlife_and_habitat,wildlife_resource,Wildlife resources,selected source record and semantic ACEC (one-to-one in current inventory),unresolved,Official statewide source codes wildlife resources as relevant (YES).,BLM CA ACEC FeatureServer,https://gis.blm.gov/caarcgis/rest/services/Planning/BLM_CA_ACEC/FeatureServer/0,,ACEC_RLVNCE_WRSC,2026-08-05,high_source_code,not_classified_as_water_value,authoritative_source,"This is a controlled statewide relevance category, not a detailed unit-specific value narrative."
