document_id,wilderness_id,component_id,document_title,document_type,agency,publication_date,geographic_scope,document_url,landing_page_url,authority_level,wilderness_wide_or_component_specific,last_verified,notes
doc-3930e9d39c35,fw-21,,Agua Tibia Wilderness — Wilderness Connect profile,interagency profile,Interagency Wilderness Connect,,Agua Tibia Wilderness,https://wilderness.net/visit-wilderness/?ID=3,https://wilderness.net/visit-wilderness/,9 - interagency reference,wilderness-wide,2026-08-04,Secondary reference; not statutory or a managing-agency page.
doc-09a2d35018e2,fw-21,,Public Law 93-632 — Wilderness designations act,public law,U.S. Congress,1975-01-03,Agua Tibia Wilderness,https://www.govinfo.gov/content/pkg/PLAW-93publ632/html/PLAW-93publ632.htm,https://www.govinfo.gov/content/pkg/PLAW-93publ632/html/PLAW-93publ632.htm,1 - public law,wilderness-wide,2026-08-04,Statutory text; consult maps and legal descriptions incorporated by reference.
doc-f440d0f25df7,fw-21,,Public Law 111-11 — Omnibus Public Land Management Act of 2009,public law,U.S. Congress,2009-03-30,Agua Tibia Wilderness,https://www.govinfo.gov/content/pkg/PLAW-111publ11/html/PLAW-111publ11.htm,https://www.govinfo.gov/content/pkg/PLAW-111publ11/html/PLAW-111publ11.htm,1 - public law,wilderness-wide,2026-08-04,Statutory text; consult maps and legal descriptions incorporated by reference.
doc-e9493d29c66f,fw-95,,Ansel Adams Wilderness — Wilderness Connect profile,interagency profile,Interagency Wilderness Connect,,Ansel Adams Wilderness,https://wilderness.net/visit-wilderness/?ID=12,https://wilderness.net/visit-wilderness/,9 - interagency reference,wilderness-wide,2026-08-04,Secondary reference; not statutory or a managing-agency page.
doc-b8d18eb57a49,fw-95,,Public Law 88-577 — Wilderness Act of 1964,public law,U.S. Congress,1964-09-03,Ansel Adams Wilderness,https://www.govinfo.gov/content/pkg/PLAW-88publ577/html/PLAW-88publ577.htm,https://www.govinfo.gov/content/pkg/PLAW-88publ577/html/PLAW-88publ577.htm,1 - public law,wilderness-wide,2026-08-04,Statutory text; consult maps and legal descriptions incorporated by reference.
doc-bf2c72b6ef0d,fw-95,,Public Law 111-11 — Omnibus Public Land Management Act of 2009,public law,U.S. Congress,2009-03-30,Ansel Adams Wilderness,https://www.govinfo.gov/content/pkg/PLAW-111publ11/html/PLAW-111publ11.htm,https://www.govinfo.gov/content/pkg/PLAW-111publ11/html/PLAW-111publ11.htm,1 - public law,wilderness-wide,2026-08-04,Statutory text; consult maps and legal descriptions incorporated by reference.
doc-cf9993318e77,fw-95,,High Sierra Hikers Association v. Powell,court opinion,"U.S. District Court, Northern District of California",2001-01-01,Ansel Adams Wilderness,https://law.justia.com/cases/federal/district-courts/FSupp2/150/1023/2468348/,https://law.justia.com/cases/federal/district-courts/FSupp2/150/1023/2468348/,11 - court opinion / legal database,wilderness-wide issue,2026-08-04,"Challenge involving Forest Service commercial packstock permitting, NEPA, and Wilderness Act issues in the Ansel Adams and John Muir Wildernesses. Citation: 150 F. Supp. 2d 1023; docket: C-00-01239-EDL."
doc-3c254b1b49e0,fw-95,,High Sierra Hikers Association v. Blackwell,court opinion,U.S. Court of Appeals for the Ninth Circuit,2004-01-01,Ansel Adams Wilderness,https://law.justia.com/cases/federal/appellate-courts/F3/390/630/506649/,https://law.justia.com/cases/federal/appellate-courts/F3/390/630/506649/,11 - court opinion / legal database,wilderness-wide issue,2026-08-04,"Appeal concerning Forest Service commercial packstock permits, NEPA analysis, and Wilderness Act constraints affecting the Ansel Adams and John Muir Wildernesses. Citation: 390 F.3d 630; docket: 02-15504."
doc-ae20a55b4216,fw-125,,Argus Range Wilderness — Wilderness Connect profile,interagency profile,Interagency Wilderness Connect,,Argus Range Wilderness,https://wilderness.net/visit-wilderness/?ID=17,https://wilderness.net/visit-wilderness/,9 - interagency reference,wilderness-wide,2026-08-04,Secondary reference; not statutory or a managing-agency page.
doc-1ab2e89a7990,fw-125,,Public Law 103-433 — California Desert Protection Act of 1994,public law,U.S. Congress,1994-10-31,Argus Range Wilderness,https://www.govinfo.gov/content/pkg/PLAW-103publ433/html/PLAW-103publ433.htm,https://www.govinfo.gov/content/pkg/PLAW-103publ433/html/PLAW-103publ433.htm,1 - public law,wilderness-wide,2026-08-04,Statutory text; consult maps and legal descriptions incorporated by reference.
doc-690679c094c4,fw-4545,,Avawatz Mountains Wilderness — Wilderness Connect profile,interagency profile,Interagency Wilderness Connect,,Avawatz Mountains Wilderness,https://wilderness.net/visit-wilderness/?ID=768,https://wilderness.net/visit-wilderness/,9 - interagency reference,wilderness-wide,2026-08-04,Secondary reference; not statutory or a managing-agency page.
doc-cac77bb41b3d,fw-4545,,"Public Law 116-9 — John D. Dingell, Jr. Conservation, Management, and Recreation Act",public law,U.S. Congress,2019-03-12,Avawatz Mountains Wilderness,https://www.govinfo.gov/content/pkg/PLAW-116publ9/html/PLAW-116publ9.htm,https://www.govinfo.gov/content/pkg/PLAW-116publ9/html/PLAW-116publ9.htm,1 - public law,wilderness-wide,2026-08-04,Statutory text; consult maps and legal descriptions incorporated by reference.
doc-b8ad1164e397,fw-214,,Beauty Mountain Wilderness — Wilderness Connect profile,interagency profile,Interagency Wilderness Connect,,Beauty Mountain Wilderness,https://wilderness.net/visit-wilderness/?ID=706,https://wilderness.net/visit-wilderness/,9 - interagency reference,wilderness-wide,2026-08-04,Secondary reference; not statutory or a managing-agency page.
doc-f7a449a5c9b6,fw-214,,Public Law 111-11 — Omnibus Public Land Management Act of 2009,public law,U.S. Congress,2009-03-30,Beauty Mountain Wilderness,https://www.govinfo.gov/content/pkg/PLAW-111publ11/html/PLAW-111publ11.htm,https://www.govinfo.gov/content/pkg/PLAW-111publ11/html/PLAW-111publ11.htm,1 - public law,wilderness-wide,2026-08-04,Statutory text; consult maps and legal descriptions incorporated by reference.
doc-f718e1ac1891,fw-269,,Big Maria Mountains Wilderness — Wilderness Connect profile,interagency profile,Interagency Wilderness Connect,,Big Maria Mountains Wilderness,https://wilderness.net/visit-wilderness/?ID=44,https://wilderness.net/visit-wilderness/,9 - interagency reference,wilderness-wide,2026-08-04,Secondary reference; not statutory or a managing-agency page.
doc-ff645472ef96,fw-269,,Public Law 103-433 — California Desert Protection Act of 1994,public law,U.S. Congress,1994-10-31,Big Maria Mountains Wilderness,https://www.govinfo.gov/content/pkg/PLAW-103publ433/html/PLAW-103publ433.htm,https://www.govinfo.gov/content/pkg/PLAW-103publ433/html/PLAW-103publ433.htm,1 - public law,wilderness-wide,2026-08-04,Statutory text; consult maps and legal descriptions incorporated by reference.
doc-e90da3697510,fw-282,,Bigelow Cholla Garden Wilderness — Wilderness Connect profile,interagency profile,Interagency Wilderness Connect,,Bigelow Cholla Garden Wilderness,https://wilderness.net/visit-wilderness/?ID=46,https://wilderness.net/visit-wilderness/,9 - interagency reference,wilderness-wide,2026-08-04,Secondary reference; not statutory or a managing-agency page.
doc-b195a9404dbe,fw-282,,Public Law 103-433 — California Desert Protection Act of 1994,public law,U.S. Congress,1994-10-31,Bigelow Cholla Garden Wilderness,https://www.govinfo.gov/content/pkg/PLAW-103publ433/html/PLAW-103publ433.htm,https://www.govinfo.gov/content/pkg/PLAW-103publ433/html/PLAW-103publ433.htm,1 - public law,wilderness-wide,2026-08-04,Statutory text; consult maps and legal descriptions incorporated by reference.
doc-56ea2eb68eac,fw-284,,Bighorn Mountain Wilderness — Wilderness Connect profile,interagency profile,Interagency Wilderness Connect,,Bighorn Mountain Wilderness,https://wilderness.net/visit-wilderness/?ID=47,https://wilderness.net/visit-wilderness/,9 - interagency reference,wilderness-wide,2026-08-04,Secondary reference; not statutory or a managing-agency page.
doc-e0251629d2de,fw-284,,Public Law 103-433 — California Desert Protection Act of 1994,public law,U.S. Congress,1994-10-31,Bighorn Mountain Wilderness,https://www.govinfo.gov/content/pkg/PLAW-103publ433/html/PLAW-103publ433.htm,https://www.govinfo.gov/content/pkg/PLAW-103publ433/html/PLAW-103publ433.htm,1 - public law,wilderness-wide,2026-08-04,Statutory text; consult maps and legal descriptions incorporated by reference.
doc-86499e7267dd,fw-314,,Black Mountain Wilderness — Wilderness Connect profile,interagency profile,Interagency Wilderness Connect,,Black Mountain Wilderness,https://wilderness.net/visit-wilderness/?ID=57,https://wilderness.net/visit-wilderness/,9 - interagency reference,wilderness-wide,2026-08-04,Secondary reference; not statutory or a managing-agency page.
doc-9d611b32db93,fw-314,,Public Law 103-433 — California Desert Protection Act of 1994,public law,U.S. Congress,1994-10-31,Black Mountain Wilderness,https://www.govinfo.gov/content/pkg/PLAW-103publ433/html/PLAW-103publ433.htm,https://www.govinfo.gov/content/pkg/PLAW-103publ433/html/PLAW-103publ433.htm,1 - public law,wilderness-wide,2026-08-04,Statutory text; consult maps and legal descriptions incorporated by reference.
doc-3a4ca2a499b5,fw-373,,Boundary Peak Wilderness — Wilderness Connect profile,interagency profile,Interagency Wilderness Connect,,Boundary Peak Wilderness,https://wilderness.net/visit-wilderness/?ID=69,https://wilderness.net/visit-wilderness/,9 - interagency reference,wilderness-wide,2026-08-04,Secondary reference; not statutory or a managing-agency page.
doc-f5c961f53d89,fw-373,,Public Law 101-195 — Nevada Wilderness Protection Act of 1989,public law,U.S. Congress,1989-12-05,Boundary Peak Wilderness,https://www.govinfo.gov/content/pkg/PLAW-101publ195/html/PLAW-101publ195.htm,https://www.govinfo.gov/content/pkg/PLAW-101publ195/html/PLAW-101publ195.htm,1 - public law,wilderness-wide,2026-08-04,Statutory text; consult maps and legal descriptions incorporated by reference.
doc-d6184f79cd08,fw-401,,Bright Star Wilderness — Wilderness Connect profile,interagency profile,Interagency Wilderness Connect,,Bright Star Wilderness,https://wilderness.net/visit-wilderness/?ID=80,https://wilderness.net/visit-wilderness/,9 - interagency reference,wilderness-wide,2026-08-04,Secondary reference; not statutory or a managing-agency page.
doc-dbe10c641795,fw-401,,Public Law 103-433 — California Desert Protection Act of 1994,public law,U.S. Congress,1994-10-31,Bright Star Wilderness,https://www.govinfo.gov/content/pkg/PLAW-103publ433/html/PLAW-103publ433.htm,https://www.govinfo.gov/content/pkg/PLAW-103publ433/html/PLAW-103publ433.htm,1 - public law,wilderness-wide,2026-08-04,Statutory text; consult maps and legal descriptions incorporated by reference.
doc-5e0a5ecd6af7,fw-405,,Bristol Mountains Wilderness — Wilderness Connect profile,interagency profile,Interagency Wilderness Connect,,Bristol Mountains Wilderness,https://wilderness.net/visit-wilderness/?ID=82,https://wilderness.net/visit-wilderness/,9 - interagency reference,wilderness-wide,2026-08-04,Secondary reference; not statutory or a managing-agency page.
doc-9b15d73f812d,fw-405,,Public Law 103-433 — California Desert Protection Act of 1994,public law,U.S. Congress,1994-10-31,Bristol Mountains Wilderness,https://www.govinfo.gov/content/pkg/PLAW-103publ433/html/PLAW-103publ433.htm,https://www.govinfo.gov/content/pkg/PLAW-103publ433/html/PLAW-103publ433.htm,1 - public law,wilderness-wide,2026-08-04,Statutory text; consult maps and legal descriptions incorporated by reference.
doc-591790761bd6,fw-426,,Bucks Lake Wilderness — Wilderness Connect profile,interagency profile,Interagency Wilderness Connect,,Bucks Lake Wilderness,https://wilderness.net/visit-wilderness/?ID=84,https://wilderness.net/visit-wilderness/,9 - interagency reference,wilderness-wide,2026-08-04,Secondary reference; not statutory or a managing-agency page.
doc-38c4139d399c,fw-426,,Public Law 98-425 — California Wilderness Act of 1984,public law,U.S. Congress,1984-09-28,Bucks Lake Wilderness,https://www.govinfo.gov/content/pkg/PLAW-98publ425/html/PLAW-98publ425.htm,https://www.govinfo.gov/content/pkg/PLAW-98publ425/html/PLAW-98publ425.htm,1 - public law,wilderness-wide,2026-08-04,Statutory text; consult maps and legal descriptions incorporated by reference.
doc-829bef48410a,fw-4549,,Buzzards Peak Wilderness — Wilderness Connect profile,interagency profile,Interagency Wilderness Connect,,Buzzards Peak Wilderness,https://wilderness.net/visit-wilderness/?ID=772,https://wilderness.net/visit-wilderness/,9 - interagency reference,wilderness-wide,2026-08-04,Secondary reference; not statutory or a managing-agency page.
doc-b21b9c484166,fw-4549,,"Public Law 116-9 — John D. Dingell, Jr. Conservation, Management, and Recreation Act",public law,U.S. Congress,2019-03-12,Buzzards Peak Wilderness,https://www.govinfo.gov/content/pkg/PLAW-116publ9/html/PLAW-116publ9.htm,https://www.govinfo.gov/content/pkg/PLAW-116publ9/html/PLAW-116publ9.htm,1 - public law,wilderness-wide,2026-08-04,Statutory text; consult maps and legal descriptions incorporated by reference.
doc-f4f15af1ea84,fw-463,,Cache Creek Wilderness — Wilderness Connect profile,interagency profile,Interagency Wilderness Connect,,Cache Creek Wilderness,https://wilderness.net/visit-wilderness/?ID=684,https://wilderness.net/visit-wilderness/,9 - interagency reference,wilderness-wide,2026-08-04,Secondary reference; not statutory or a managing-agency page.
doc-3288fc4274fe,fw-463,,Public Law 109-362 — Northern California Coastal Wild Heritage Wilderness Act,public law,U.S. Congress,2006-10-17,Cache Creek Wilderness,https://www.govinfo.gov/content/pkg/PLAW-109publ362/html/PLAW-109publ362.htm,https://www.govinfo.gov/content/pkg/PLAW-109publ362/html/PLAW-109publ362.htm,1 - public law,wilderness-wide,2026-08-04,Statutory text; consult maps and legal descriptions incorporated by reference.
doc-229ca741ce5d,fw-470,,Cadiz Dunes Wilderness — Wilderness Connect profile,interagency profile,Interagency Wilderness Connect,,Cadiz Dunes Wilderness,https://wilderness.net/visit-wilderness/?ID=93,https://wilderness.net/visit-wilderness/,9 - interagency reference,wilderness-wide,2026-08-04,Secondary reference; not statutory or a managing-agency page.
doc-247c4fd91a35,fw-470,,Public Law 103-433 — California Desert Protection Act of 1994,public law,U.S. Congress,1994-10-31,Cadiz Dunes Wilderness,https://www.govinfo.gov/content/pkg/PLAW-103publ433/html/PLAW-103publ433.htm,https://www.govinfo.gov/content/pkg/PLAW-103publ433/html/PLAW-103publ433.htm,1 - public law,wilderness-wide,2026-08-04,Statutory text; consult maps and legal descriptions incorporated by reference.
doc-ca802c4f81eb,fw-474,,Cahuilla Mountain Wilderness — Wilderness Connect profile,interagency profile,Interagency Wilderness Connect,,Cahuilla Mountain Wilderness,https://wilderness.net/visit-wilderness/?ID=756,https://wilderness.net/visit-wilderness/,9 - interagency reference,wilderness-wide,2026-08-04,Secondary reference; not statutory or a managing-agency page.
doc-872f1c03b6fe,fw-474,,Public Law 111-11 — Omnibus Public Land Management Act of 2009,public law,U.S. Congress,2009-03-30,Cahuilla Mountain Wilderness,https://www.govinfo.gov/content/pkg/PLAW-111publ11/html/PLAW-111publ11.htm,https://www.govinfo.gov/content/pkg/PLAW-111publ11/html/PLAW-111publ11.htm,1 - public law,wilderness-wide,2026-08-04,Statutory text; consult maps and legal descriptions incorporated by reference.
doc-0fa1f695fbb2,fw-561,,Caribou Wilderness — Wilderness Connect profile,interagency profile,Interagency Wilderness Connect,,Caribou Wilderness,https://wilderness.net/visit-wilderness/?ID=98,https://wilderness.net/visit-wilderness/,9 - interagency reference,wilderness-wide,2026-08-04,Secondary reference; not statutory or a managing-agency page.
doc-56606808d626,fw-561,,Public Law 88-577 — Wilderness Act of 1964,public law,U.S. Congress,1964-09-03,Caribou Wilderness,https://www.govinfo.gov/content/pkg/PLAW-88publ577/html/PLAW-88publ577.htm,https://www.govinfo.gov/content/pkg/PLAW-88publ577/html/PLAW-88publ577.htm,1 - public law,wilderness-wide,2026-08-04,Statutory text; consult maps and legal descriptions incorporated by reference.
doc-fb79706a7a26,fw-566,,Carrizo Gorge Wilderness — Wilderness Connect profile,interagency profile,Interagency Wilderness Connect,,Carrizo Gorge Wilderness,https://wilderness.net/visit-wilderness/?ID=101,https://wilderness.net/visit-wilderness/,9 - interagency reference,wilderness-wide,2026-08-04,Secondary reference; not statutory or a managing-agency page.
doc-93ab11532289,fw-566,,Public Law 103-433 — California Desert Protection Act of 1994,public law,U.S. Congress,1994-10-31,Carrizo Gorge Wilderness,https://www.govinfo.gov/content/pkg/PLAW-103publ433/html/PLAW-103publ433.htm,https://www.govinfo.gov/content/pkg/PLAW-103publ433/html/PLAW-103publ433.htm,1 - public law,wilderness-wide,2026-08-04,Statutory text; consult maps and legal descriptions incorporated by reference.
doc-f1a53486e444,fw-570,,Carson-Iceberg Wilderness — Wilderness Connect profile,interagency profile,Interagency Wilderness Connect,,Carson-Iceberg Wilderness,https://wilderness.net/visit-wilderness/?ID=102,https://wilderness.net/visit-wilderness/,9 - interagency reference,wilderness-wide,2026-08-04,Secondary reference; not statutory or a managing-agency page.
doc-790d24c70413,fw-570,,Public Law 98-425 — California Wilderness Act of 1984,public law,U.S. Congress,1984-09-28,Carson-Iceberg Wilderness,https://www.govinfo.gov/content/pkg/PLAW-98publ425/html/PLAW-98publ425.htm,https://www.govinfo.gov/content/pkg/PLAW-98publ425/html/PLAW-98publ425.htm,1 - public law,wilderness-wide,2026-08-04,Statutory text; consult maps and legal descriptions incorporated by reference.
doc-6a64904396d9,fw-583,,Castle Crags Wilderness — Wilderness Connect profile,interagency profile,Interagency Wilderness Connect,,Castle Crags Wilderness,https://wilderness.net/visit-wilderness/?ID=103,https://wilderness.net/visit-wilderness/,9 - interagency reference,wilderness-wide,2026-08-04,Secondary reference; not statutory or a managing-agency page.
doc-4040649570c9,fw-583,,Public Law 98-425 — California Wilderness Act of 1984,public law,U.S. Congress,1984-09-28,Castle Crags Wilderness,https://www.govinfo.gov/content/pkg/PLAW-98publ425/html/PLAW-98publ425.htm,https://www.govinfo.gov/content/pkg/PLAW-98publ425/html/PLAW-98publ425.htm,1 - public law,wilderness-wide,2026-08-04,Statutory text; consult maps and legal descriptions incorporated by reference.
doc-a1825bb9c556,fw-611,,Cedar Roughs Wilderness — Wilderness Connect profile,interagency profile,Interagency Wilderness Connect,,Cedar Roughs Wilderness,https://wilderness.net/visit-wilderness/?ID=685,https://wilderness.net/visit-wilderness/,9 - interagency reference,wilderness-wide,2026-08-04,Secondary reference; not statutory or a managing-agency page.
doc-dc51638d61a3,fw-611,,Public Law 109-362 — Northern California Coastal Wild Heritage Wilderness Act,public law,U.S. Congress,2006-10-17,Cedar Roughs Wilderness,https://www.govinfo.gov/content/pkg/PLAW-109publ362/html/PLAW-109publ362.htm,https://www.govinfo.gov/content/pkg/PLAW-109publ362/html/PLAW-109publ362.htm,1 - public law,wilderness-wide,2026-08-04,Statutory text; consult maps and legal descriptions incorporated by reference.
doc-fe4853d0123f,fw-629,,Chanchelulla Wilderness — Wilderness Connect profile,interagency profile,Interagency Wilderness Connect,,Chanchelulla Wilderness,https://wilderness.net/visit-wilderness/?ID=111,https://wilderness.net/visit-wilderness/,9 - interagency reference,wilderness-wide,2026-08-04,Secondary reference; not statutory or a managing-agency page.
doc-c28593594286,fw-629,,Public Law 98-425 — California Wilderness Act of 1984,public law,U.S. Congress,1984-09-28,Chanchelulla Wilderness,https://www.govinfo.gov/content/pkg/PLAW-98publ425/html/PLAW-98publ425.htm,https://www.govinfo.gov/content/pkg/PLAW-98publ425/html/PLAW-98publ425.htm,1 - public law,wilderness-wide,2026-08-04,Statutory text; consult maps and legal descriptions incorporated by reference.
doc-f0335f0a8912,fw-654,,Chemehuevi Mountains Wilderness — Wilderness Connect profile,interagency profile,Interagency Wilderness Connect,,Chemehuevi Mountains Wilderness,https://wilderness.net/visit-wilderness/?ID=116,https://wilderness.net/visit-wilderness/,9 - interagency reference,wilderness-wide,2026-08-04,Secondary reference; not statutory or a managing-agency page.
doc-76ab573eda16,fw-654,,Public Law 103-433 — California Desert Protection Act of 1994,public law,U.S. Congress,1994-10-31,Chemehuevi Mountains Wilderness,https://www.govinfo.gov/content/pkg/PLAW-103publ433/html/PLAW-103publ433.htm,https://www.govinfo.gov/content/pkg/PLAW-103publ433/html/PLAW-103publ433.htm,1 - public law,wilderness-wide,2026-08-04,Statutory text; consult maps and legal descriptions incorporated by reference.
doc-c123036b91ff,fw-678,,Chimney Peak Wilderness — Wilderness Connect profile,interagency profile,Interagency Wilderness Connect,,Chimney Peak Wilderness,https://wilderness.net/visit-wilderness/?ID=117,https://wilderness.net/visit-wilderness/,9 - interagency reference,wilderness-wide,2026-08-04,Secondary reference; not statutory or a managing-agency page.
doc-b481b74f4ff4,fw-678,,Public Law 103-433 — California Desert Protection Act of 1994,public law,U.S. Congress,1994-10-31,Chimney Peak Wilderness,https://www.govinfo.gov/content/pkg/PLAW-103publ433/html/PLAW-103publ433.htm,https://www.govinfo.gov/content/pkg/PLAW-103publ433/html/PLAW-103publ433.htm,1 - public law,wilderness-wide,2026-08-04,Statutory text; consult maps and legal descriptions incorporated by reference.
doc-1200475222c8,fw-695,,Chuckwalla Mountains Wilderness — Wilderness Connect profile,interagency profile,Interagency Wilderness Connect,,Chuckwalla Mountains Wilderness,https://wilderness.net/visit-wilderness/?ID=121,https://wilderness.net/visit-wilderness/,9 - interagency reference,wilderness-wide,2026-08-04,Secondary reference; not statutory or a managing-agency page.
doc-4ff4e0f262af,fw-695,,Public Law 103-433 — California Desert Protection Act of 1994,public law,U.S. Congress,1994-10-31,Chuckwalla Mountains Wilderness,https://www.govinfo.gov/content/pkg/PLAW-103publ433/html/PLAW-103publ433.htm,https://www.govinfo.gov/content/pkg/PLAW-103publ433/html/PLAW-103publ433.htm,1 - public law,wilderness-wide,2026-08-04,Statutory text; consult maps and legal descriptions incorporated by reference.
doc-28d7e361a907,fw-695,,Public Law 111-11 — Omnibus Public Land Management Act of 2009,public law,U.S. Congress,2009-03-30,Chuckwalla Mountains Wilderness,https://www.govinfo.gov/content/pkg/PLAW-111publ11/html/PLAW-111publ11.htm,https://www.govinfo.gov/content/pkg/PLAW-111publ11/html/PLAW-111publ11.htm,1 - public law,wilderness-wide,2026-08-04,Statutory text; consult maps and legal descriptions incorporated by reference.
doc-e83c27800b19,fw-698,,Chumash Wilderness — Wilderness Connect profile,interagency profile,Interagency Wilderness Connect,,Chumash Wilderness,https://wilderness.net/visit-wilderness/?ID=122,https://wilderness.net/visit-wilderness/,9 - interagency reference,wilderness-wide,2026-08-04,Secondary reference; not statutory or a managing-agency page.
doc-93c5420dbbb9,fw-698,,Public Law 102-301 — Los Padres Condor Range and River Protection Act,public law,U.S. Congress,1992-06-19,Chumash Wilderness,https://www.govinfo.gov/content/pkg/PLAW-102publ301/html/PLAW-102publ301.htm,https://www.govinfo.gov/content/pkg/PLAW-102publ301/html/PLAW-102publ301.htm,1 - public law,wilderness-wide,2026-08-04,Statutory text; consult maps and legal descriptions incorporated by reference.
doc-2b8d93f0068c,fw-723,,Cleghorn Lakes Wilderness — Wilderness Connect profile,interagency profile,Interagency Wilderness Connect,,Cleghorn Lakes Wilderness,https://wilderness.net/visit-wilderness/?ID=126,https://wilderness.net/visit-wilderness/,9 - interagency reference,wilderness-wide,2026-08-04,Secondary reference; not statutory or a managing-agency page.
doc-a6b86fc9c384,fw-723,,Public Law 103-433 — California Desert Protection Act of 1994,public law,U.S. Congress,1994-10-31,Cleghorn Lakes Wilderness,https://www.govinfo.gov/content/pkg/PLAW-103publ433/html/PLAW-103publ433.htm,https://www.govinfo.gov/content/pkg/PLAW-103publ433/html/PLAW-103publ433.htm,1 - public law,wilderness-wide,2026-08-04,Statutory text; consult maps and legal descriptions incorporated by reference.
doc-63af4d6a9de0,fw-726,,Clipper Mountain Wilderness — Wilderness Connect profile,interagency profile,Interagency Wilderness Connect,,Clipper Mountain Wilderness,https://wilderness.net/visit-wilderness/?ID=128,https://wilderness.net/visit-wilderness/,9 - interagency reference,wilderness-wide,2026-08-04,Secondary reference; not statutory or a managing-agency page.
doc-f0043153bd37,fw-726,,Public Law 103-433 — California Desert Protection Act of 1994,public law,U.S. Congress,1994-10-31,Clipper Mountain Wilderness,https://www.govinfo.gov/content/pkg/PLAW-103publ433/html/PLAW-103publ433.htm,https://www.govinfo.gov/content/pkg/PLAW-103publ433/html/PLAW-103publ433.htm,1 - public law,wilderness-wide,2026-08-04,Statutory text; consult maps and legal descriptions incorporated by reference.
doc-d405f41d8a5e,fw-786,,Coso Range Wilderness — Wilderness Connect profile,interagency profile,Interagency Wilderness Connect,,Coso Range Wilderness,https://wilderness.net/visit-wilderness/?ID=136,https://wilderness.net/visit-wilderness/,9 - interagency reference,wilderness-wide,2026-08-04,Secondary reference; not statutory or a managing-agency page.
doc-1ba2056cb485,fw-786,,Public Law 103-433 — California Desert Protection Act of 1994,public law,U.S. Congress,1994-10-31,Coso Range Wilderness,https://www.govinfo.gov/content/pkg/PLAW-103publ433/html/PLAW-103publ433.htm,https://www.govinfo.gov/content/pkg/PLAW-103publ433/html/PLAW-103publ433.htm,1 - public law,wilderness-wide,2026-08-04,Statutory text; consult maps and legal descriptions incorporated by reference.
doc-329230e3e75f,fw-802,,Coyote Mountains Wilderness — Wilderness Connect profile,interagency profile,Interagency Wilderness Connect,,Coyote Mountains Wilderness,https://wilderness.net/visit-wilderness/?ID=138,https://wilderness.net/visit-wilderness/,9 - interagency reference,wilderness-wide,2026-08-04,Secondary reference; not statutory or a managing-agency page.
doc-c96b2cefa4a8,fw-802,,Public Law 103-433 — California Desert Protection Act of 1994,public law,U.S. Congress,1994-10-31,Coyote Mountains Wilderness,https://www.govinfo.gov/content/pkg/PLAW-103publ433/html/PLAW-103publ433.htm,https://www.govinfo.gov/content/pkg/PLAW-103publ433/html/PLAW-103publ433.htm,1 - public law,wilderness-wide,2026-08-04,Statutory text; consult maps and legal descriptions incorporated by reference.
doc-3494a1c91e54,fw-802,,Coyote Mountains Wilderness,official wilderness webpage,Bureau of Land Management,,Coyote Mountains Wilderness,https://www.blm.gov/visit/coyote-mountains-wilderness,https://www.blm.gov/visit/coyote-mountains-wilderness,3 - official managing-agency page,wilderness-wide or agency-component as labeled,2026-08-04,Use component-specific language where the page describes only the agency's portion.
doc-f1926d5343ec,fw-830,,Cucamonga Wilderness — Wilderness Connect profile,interagency profile,Interagency Wilderness Connect,,Cucamonga Wilderness,https://wilderness.net/visit-wilderness/?ID=144,https://wilderness.net/visit-wilderness/,9 - interagency reference,wilderness-wide,2026-08-04,Secondary reference; not statutory or a managing-agency page.
doc-64b246bb2cb5,fw-830,,Public Law 88-577 — Wilderness Act of 1964,public law,U.S. Congress,1964-09-03,Cucamonga Wilderness,https://www.govinfo.gov/content/pkg/PLAW-88publ577/html/PLAW-88publ577.htm,https://www.govinfo.gov/content/pkg/PLAW-88publ577/html/PLAW-88publ577.htm,1 - public law,wilderness-wide,2026-08-04,Statutory text; consult maps and legal descriptions incorporated by reference.
doc-f6c6979539fb,fw-862,,Darwin Falls Wilderness — Wilderness Connect profile,interagency profile,Interagency Wilderness Connect,,Darwin Falls Wilderness,https://wilderness.net/visit-wilderness/?ID=149,https://wilderness.net/visit-wilderness/,9 - interagency reference,wilderness-wide,2026-08-04,Secondary reference; not statutory or a managing-agency page.
doc-602cb79918a9,fw-862,,Public Law 103-433 — California Desert Protection Act of 1994,public law,U.S. Congress,1994-10-31,Darwin Falls Wilderness,https://www.govinfo.gov/content/pkg/PLAW-103publ433/html/PLAW-103publ433.htm,https://www.govinfo.gov/content/pkg/PLAW-103publ433/html/PLAW-103publ433.htm,1 - public law,wilderness-wide,2026-08-04,Statutory text; consult maps and legal descriptions incorporated by reference.
doc-b5a918e0e5fd,fw-869,,Dead Mountains Wilderness — Wilderness Connect profile,interagency profile,Interagency Wilderness Connect,,Dead Mountains Wilderness,https://wilderness.net/visit-wilderness/?ID=150,https://wilderness.net/visit-wilderness/,9 - interagency reference,wilderness-wide,2026-08-04,Secondary reference; not statutory or a managing-agency page.
doc-0a3153d65232,fw-869,,Public Law 103-433 — California Desert Protection Act of 1994,public law,U.S. Congress,1994-10-31,Dead Mountains Wilderness,https://www.govinfo.gov/content/pkg/PLAW-103publ433/html/PLAW-103publ433.htm,https://www.govinfo.gov/content/pkg/PLAW-103publ433/html/PLAW-103publ433.htm,1 - public law,wilderness-wide,2026-08-04,Statutory text; consult maps and legal descriptions incorporated by reference.
doc-d51c064231ca,fw-873,,Death Valley Wilderness — Wilderness Connect profile,interagency profile,Interagency Wilderness Connect,,Death Valley Wilderness,https://wilderness.net/visit-wilderness/?ID=151,https://wilderness.net/visit-wilderness/,9 - interagency reference,wilderness-wide,2026-08-04,Secondary reference; not statutory or a managing-agency page.
doc-661eb2f29896,fw-873,,Public Law 103-433 — California Desert Protection Act of 1994,public law,U.S. Congress,1994-10-31,Death Valley Wilderness,https://www.govinfo.gov/content/pkg/PLAW-103publ433/html/PLAW-103publ433.htm,https://www.govinfo.gov/content/pkg/PLAW-103publ433/html/PLAW-103publ433.htm,1 - public law,wilderness-wide,2026-08-04,Statutory text; consult maps and legal descriptions incorporated by reference.
doc-35d7cebad27c,fw-911,,Desolation Wilderness — Wilderness Connect profile,interagency profile,Interagency Wilderness Connect,,Desolation Wilderness,https://wilderness.net/visit-wilderness/?ID=155,https://wilderness.net/visit-wilderness/,9 - interagency reference,wilderness-wide,2026-08-04,Secondary reference; not statutory or a managing-agency page.
doc-e08146341272,fw-911,,Public Law 91-82 — Desolation Wilderness Act,public law,U.S. Congress,1969-10-10,Desolation Wilderness,https://www.govinfo.gov/content/pkg/PLAW-91publ82/html/PLAW-91publ82.htm,https://www.govinfo.gov/content/pkg/PLAW-91publ82/html/PLAW-91publ82.htm,1 - public law,wilderness-wide,2026-08-04,Statutory text; consult maps and legal descriptions incorporated by reference.
doc-fa0570e052b3,fw-928,,Dick Smith Wilderness — Wilderness Connect profile,interagency profile,Interagency Wilderness Connect,,Dick Smith Wilderness,https://wilderness.net/visit-wilderness/?ID=158,https://wilderness.net/visit-wilderness/,9 - interagency reference,wilderness-wide,2026-08-04,Secondary reference; not statutory or a managing-agency page.
doc-486b6e6244b9,fw-928,,Public Law 98-425 — California Wilderness Act of 1984,public law,U.S. Congress,1984-09-28,Dick Smith Wilderness,https://www.govinfo.gov/content/pkg/PLAW-98publ425/html/PLAW-98publ425.htm,https://www.govinfo.gov/content/pkg/PLAW-98publ425/html/PLAW-98publ425.htm,1 - public law,wilderness-wide,2026-08-04,Statutory text; consult maps and legal descriptions incorporated by reference.
doc-a411e36de764,fw-931,,Dinkey Lakes Wilderness — Wilderness Connect profile,interagency profile,Interagency Wilderness Connect,,Dinkey Lakes Wilderness,https://wilderness.net/visit-wilderness/?ID=159,https://wilderness.net/visit-wilderness/,9 - interagency reference,wilderness-wide,2026-08-04,Secondary reference; not statutory or a managing-agency page.
doc-ffa7342af622,fw-931,,Public Law 98-425 — California Wilderness Act of 1984,public law,U.S. Congress,1984-09-28,Dinkey Lakes Wilderness,https://www.govinfo.gov/content/pkg/PLAW-98publ425/html/PLAW-98publ425.htm,https://www.govinfo.gov/content/pkg/PLAW-98publ425/html/PLAW-98publ425.htm,1 - public law,wilderness-wide,2026-08-04,Statutory text; consult maps and legal descriptions incorporated by reference.
doc-8506ecf923ea,fw-943,,Domeland Wilderness — Wilderness Connect profile,interagency profile,Interagency Wilderness Connect,,Domeland Wilderness,https://wilderness.net/visit-wilderness/?ID=162,https://wilderness.net/visit-wilderness/,9 - interagency reference,wilderness-wide,2026-08-04,Secondary reference; not statutory or a managing-agency page.
doc-b437fca12830,fw-943,,Public Law 103-433 — California Desert Protection Act of 1994,public law,U.S. Congress,1994-10-31,Domeland Wilderness,https://www.govinfo.gov/content/pkg/PLAW-103publ433/html/PLAW-103publ433.htm,https://www.govinfo.gov/content/pkg/PLAW-103publ433/html/PLAW-103publ433.htm,1 - public law,wilderness-wide,2026-08-04,Statutory text; consult maps and legal descriptions incorporated by reference.
doc-e7db34989973,fw-943,,Domeland Wilderness,official wilderness webpage,Bureau of Land Management,,Domeland Wilderness,https://www.blm.gov/visit/domeland-wilderness,https://www.blm.gov/visit/domeland-wilderness,3 - official managing-agency page,wilderness-wide or agency-component as labeled,2026-08-04,Use component-specific language where the page describes only the agency's portion.
doc-b9ed20cd5b73,fw-943,,Domeland Wilderness — Sequoia National Forest,official wilderness webpage,U.S. Forest Service,,Domeland Wilderness,https://www.fs.usda.gov/r05/sequoia/recreation/domeland-wilderness,https://www.fs.usda.gov/r05/sequoia/recreation/domeland-wilderness,3 - official managing-agency page,agency component,2026-08-04,Official page for another managing agency's component.
doc-5a6f371bc15c,fw-984,,East Fork High Rock Canyon Wilderness — Wilderness Connect profile,interagency profile,Interagency Wilderness Connect,,East Fork High Rock Canyon Wilderness,https://wilderness.net/visit-wilderness/?ID=172,https://wilderness.net/visit-wilderness/,9 - interagency reference,wilderness-wide,2026-08-04,Secondary reference; not statutory or a managing-agency page.
doc-8d3a5d0b69d6,fw-984,,Public Law 106-554 — Black Rock Desert–High Rock Canyon Emigrant Trails NCA Act of 2000,public law,U.S. Congress,2000-12-21,East Fork High Rock Canyon Wilderness,https://www.govinfo.gov/content/pkg/PLAW-106publ554/html/PLAW-106publ554.htm,https://www.govinfo.gov/content/pkg/PLAW-106publ554/html/PLAW-106publ554.htm,1 - public law,wilderness-wide,2026-08-04,Statutory text; consult maps and legal descriptions incorporated by reference.
doc-f30c86b5210b,fw-984,,East Fork High Rock Canyon Wilderness,official wilderness webpage,Bureau of Land Management,,East Fork High Rock Canyon Wilderness,https://www.blm.gov/visit/east-fork-high-rock-canyon-wilderness,https://www.blm.gov/visit/east-fork-high-rock-canyon-wilderness,3 - official managing-agency page,wilderness-wide or agency-component as labeled,2026-08-04,Use component-specific language where the page describes only the agency's portion.
doc-097a6461a207,fw-1018,,El Paso Mountains Wilderness — Wilderness Connect profile,interagency profile,Interagency Wilderness Connect,,El Paso Mountains Wilderness,https://wilderness.net/visit-wilderness/?ID=174,https://wilderness.net/visit-wilderness/,9 - interagency reference,wilderness-wide,2026-08-04,Secondary reference; not statutory or a managing-agency page.
doc-5f7bda80a8f0,fw-1018,,Public Law 103-433 — California Desert Protection Act of 1994,public law,U.S. Congress,1994-10-31,El Paso Mountains Wilderness,https://www.govinfo.gov/content/pkg/PLAW-103publ433/html/PLAW-103publ433.htm,https://www.govinfo.gov/content/pkg/PLAW-103publ433/html/PLAW-103publ433.htm,1 - public law,wilderness-wide,2026-08-04,Statutory text; consult maps and legal descriptions incorporated by reference.
doc-ae110b43a261,fw-1031,,Elkhorn Ridge Wilderness — Wilderness Connect profile,interagency profile,Interagency Wilderness Connect,,Elkhorn Ridge Wilderness,https://wilderness.net/visit-wilderness/?ID=757,https://wilderness.net/visit-wilderness/,9 - interagency reference,wilderness-wide,2026-08-04,Secondary reference; not statutory or a managing-agency page.
doc-b210e5e5bcea,fw-1031,,Public Law 109-362 — Northern California Coastal Wild Heritage Wilderness Act,public law,U.S. Congress,2006-10-17,Elkhorn Ridge Wilderness,https://www.govinfo.gov/content/pkg/PLAW-109publ362/html/PLAW-109publ362.htm,https://www.govinfo.gov/content/pkg/PLAW-109publ362/html/PLAW-109publ362.htm,1 - public law,wilderness-wide,2026-08-04,Statutory text; consult maps and legal descriptions incorporated by reference.
doc-2ea35c9dc413,fw-1040,,Emigrant Wilderness — Wilderness Connect profile,interagency profile,Interagency Wilderness Connect,,Emigrant Wilderness,https://wilderness.net/visit-wilderness/?ID=177,https://wilderness.net/visit-wilderness/,9 - interagency reference,wilderness-wide,2026-08-04,Secondary reference; not statutory or a managing-agency page.
doc-3e6e10768c12,fw-1040,,Public Law 93-632 — Wilderness designations act,public law,U.S. Congress,1975-01-03,Emigrant Wilderness,https://www.govinfo.gov/content/pkg/PLAW-93publ632/html/PLAW-93publ632.htm,https://www.govinfo.gov/content/pkg/PLAW-93publ632/html/PLAW-93publ632.htm,1 - public law,wilderness-wide,2026-08-04,Statutory text; consult maps and legal descriptions incorporated by reference.
doc-53609e536bd7,fw-1040,,Public Law 98-425 — California Wilderness Act of 1984,public law,U.S. Congress,1984-09-28,Emigrant Wilderness,https://www.govinfo.gov/content/pkg/PLAW-98publ425/html/PLAW-98publ425.htm,https://www.govinfo.gov/content/pkg/PLAW-98publ425/html/PLAW-98publ425.htm,1 - public law,wilderness-wide,2026-08-04,Statutory text; consult maps and legal descriptions incorporated by reference.
doc-a11f1defd026,fw-1099,,Fish Creek Mountains Wilderness — Wilderness Connect profile,interagency profile,Interagency Wilderness Connect,,Fish Creek Mountains Wilderness,https://wilderness.net/visit-wilderness/?ID=183,https://wilderness.net/visit-wilderness/,9 - interagency reference,wilderness-wide,2026-08-04,Secondary reference; not statutory or a managing-agency page.
doc-00388bb9eec8,fw-1099,,Public Law 103-433 — California Desert Protection Act of 1994,public law,U.S. Congress,1994-10-31,Fish Creek Mountains Wilderness,https://www.govinfo.gov/content/pkg/PLAW-103publ433/html/PLAW-103publ433.htm,https://www.govinfo.gov/content/pkg/PLAW-103publ433/html/PLAW-103publ433.htm,1 - public law,wilderness-wide,2026-08-04,Statutory text; consult maps and legal descriptions incorporated by reference.
doc-e86e03d1c5a4,fw-1283,,Funeral Mountains Wilderness — Wilderness Connect profile,interagency profile,Interagency Wilderness Connect,,Funeral Mountains Wilderness,https://wilderness.net/visit-wilderness/?ID=195,https://wilderness.net/visit-wilderness/,9 - interagency reference,wilderness-wide,2026-08-04,Secondary reference; not statutory or a managing-agency page.
doc-304011955ee9,fw-1283,,Public Law 103-433 — California Desert Protection Act of 1994,public law,U.S. Congress,1994-10-31,Funeral Mountains Wilderness,https://www.govinfo.gov/content/pkg/PLAW-103publ433/html/PLAW-103publ433.htm,https://www.govinfo.gov/content/pkg/PLAW-103publ433/html/PLAW-103publ433.htm,1 - public law,wilderness-wide,2026-08-04,Statutory text; consult maps and legal descriptions incorporated by reference.
doc-25c6a114c632,fw-1283,,Funeral Mountains Wilderness,official wilderness webpage,Bureau of Land Management,,Funeral Mountains Wilderness,https://www.blm.gov/visit/funeral-mountains-wilderness,https://www.blm.gov/visit/funeral-mountains-wilderness,3 - official managing-agency page,wilderness-wide or agency-component as labeled,2026-08-04,Use component-specific language where the page describes only the agency's portion.
doc-9e1f3a3bb962,fw-1291,,Garcia Wilderness — Wilderness Connect profile,interagency profile,Interagency Wilderness Connect,,Garcia Wilderness,https://wilderness.net/visit-wilderness/?ID=197,https://wilderness.net/visit-wilderness/,9 - interagency reference,wilderness-wide,2026-08-04,Secondary reference; not statutory or a managing-agency page.
doc-5992b98fb4a1,fw-1291,,Public Law 102-301 — Los Padres Condor Range and River Protection Act,public law,U.S. Congress,1992-06-19,Garcia Wilderness,https://www.govinfo.gov/content/pkg/PLAW-102publ301/html/PLAW-102publ301.htm,https://www.govinfo.gov/content/pkg/PLAW-102publ301/html/PLAW-102publ301.htm,1 - public law,wilderness-wide,2026-08-04,Statutory text; consult maps and legal descriptions incorporated by reference.
doc-0a3a9d4a8f2a,fw-1350,,Golden Trout Wilderness — Wilderness Connect profile,interagency profile,Interagency Wilderness Connect,,Golden Trout Wilderness,https://wilderness.net/visit-wilderness/?ID=210,https://wilderness.net/visit-wilderness/,9 - interagency reference,wilderness-wide,2026-08-04,Secondary reference; not statutory or a managing-agency page.
doc-02d95f08f985,fw-1350,,Public Law 95-237 — Endangered American Wilderness Act of 1978,public law,U.S. Congress,1978-02-24,Golden Trout Wilderness,https://www.govinfo.gov/content/pkg/PLAW-95publ237/html/PLAW-95publ237.htm,https://www.govinfo.gov/content/pkg/PLAW-95publ237/html/PLAW-95publ237.htm,1 - public law,wilderness-wide,2026-08-04,Statutory text; consult maps and legal descriptions incorporated by reference.
doc-ce39ade7121b,fw-1351,,Golden Valley Wilderness — Wilderness Connect profile,interagency profile,Interagency Wilderness Connect,,Golden Valley Wilderness,https://wilderness.net/visit-wilderness/?ID=211,https://wilderness.net/visit-wilderness/,9 - interagency reference,wilderness-wide,2026-08-04,Secondary reference; not statutory or a managing-agency page.
doc-f9aa2dd3a266,fw-1351,,Public Law 103-433 — California Desert Protection Act of 1994,public law,U.S. Congress,1994-10-31,Golden Valley Wilderness,https://www.govinfo.gov/content/pkg/PLAW-103publ433/html/PLAW-103publ433.htm,https://www.govinfo.gov/content/pkg/PLAW-103publ433/html/PLAW-103publ433.htm,1 - public law,wilderness-wide,2026-08-04,Statutory text; consult maps and legal descriptions incorporated by reference.
doc-76107dff0348,fw-1385,,Granite Chief Wilderness — Wilderness Connect profile,interagency profile,Interagency Wilderness Connect,,Granite Chief Wilderness,https://wilderness.net/visit-wilderness/?ID=214,https://wilderness.net/visit-wilderness/,9 - interagency reference,wilderness-wide,2026-08-04,Secondary reference; not statutory or a managing-agency page.
doc-604831b57719,fw-1385,,Public Law 98-425 — California Wilderness Act of 1984,public law,U.S. Congress,1984-09-28,Granite Chief Wilderness,https://www.govinfo.gov/content/pkg/PLAW-98publ425/html/PLAW-98publ425.htm,https://www.govinfo.gov/content/pkg/PLAW-98publ425/html/PLAW-98publ425.htm,1 - public law,wilderness-wide,2026-08-04,Statutory text; consult maps and legal descriptions incorporated by reference.
doc-1883ac9fc8ea,fw-1388,,Granite Mountain Wilderness — Wilderness Connect profile,interagency profile,Interagency Wilderness Connect,,Granite Mountain Wilderness,https://wilderness.net/visit-wilderness/?ID=726,https://wilderness.net/visit-wilderness/,9 - interagency reference,wilderness-wide,2026-08-04,Secondary reference; not statutory or a managing-agency page.
doc-510f47e49199,fw-1388,,Public Law 111-11 — Omnibus Public Land Management Act of 2009,public law,U.S. Congress,2009-03-30,Granite Mountain Wilderness,https://www.govinfo.gov/content/pkg/PLAW-111publ11/html/PLAW-111publ11.htm,https://www.govinfo.gov/content/pkg/PLAW-111publ11/html/PLAW-111publ11.htm,1 - public law,wilderness-wide,2026-08-04,Statutory text; consult maps and legal descriptions incorporated by reference.
doc-bd26700fd236,fw-1395,,Grass Valley Wilderness — Wilderness Connect profile,interagency profile,Interagency Wilderness Connect,,Grass Valley Wilderness,https://wilderness.net/visit-wilderness/?ID=217,https://wilderness.net/visit-wilderness/,9 - interagency reference,wilderness-wide,2026-08-04,Secondary reference; not statutory or a managing-agency page.
doc-3a6f9c706926,fw-1395,,Public Law 103-433 — California Desert Protection Act of 1994,public law,U.S. Congress,1994-10-31,Grass Valley Wilderness,https://www.govinfo.gov/content/pkg/PLAW-103publ433/html/PLAW-103publ433.htm,https://www.govinfo.gov/content/pkg/PLAW-103publ433/html/PLAW-103publ433.htm,1 - public law,wilderness-wide,2026-08-04,Statutory text; consult maps and legal descriptions incorporated by reference.
doc-207efe0a4f3e,fw-1395,,Grass Valley Wilderness,official wilderness webpage,Bureau of Land Management,,Grass Valley Wilderness,https://www.blm.gov/visit/grass-valley-wilderness,https://www.blm.gov/visit/grass-valley-wilderness,3 - official managing-agency page,wilderness-wide or agency-component as labeled,2026-08-04,Use component-specific language where the page describes only the agency's portion.
doc-b72768ad272a,fw-4546,,Great Falls Basin Wilderness — Wilderness Connect profile,interagency profile,Interagency Wilderness Connect,,Great Falls Basin Wilderness,https://wilderness.net/visit-wilderness/?ID=769,https://wilderness.net/visit-wilderness/,9 - interagency reference,wilderness-wide,2026-08-04,Secondary reference; not statutory or a managing-agency page.
doc-1a7a0c9d765e,fw-4546,,"Public Law 116-9 — John D. Dingell, Jr. Conservation, Management, and Recreation Act",public law,U.S. Congress,2019-03-12,Great Falls Basin Wilderness,https://www.govinfo.gov/content/pkg/PLAW-116publ9/html/PLAW-116publ9.htm,https://www.govinfo.gov/content/pkg/PLAW-116publ9/html/PLAW-116publ9.htm,1 - public law,wilderness-wide,2026-08-04,Statutory text; consult maps and legal descriptions incorporated by reference.
doc-dd497a923ad4,fw-1460,,Hain Wilderness — Wilderness Connect profile,interagency profile,Interagency Wilderness Connect,,Hain Wilderness,https://wilderness.net/visit-wilderness/?ID=461,https://wilderness.net/visit-wilderness/,9 - interagency reference,wilderness-wide,2026-08-04,Secondary reference; not statutory or a managing-agency page.
doc-d9c79c75c63e,fw-1460,,Public Law 94-557 — Wilderness designations act,public law,U.S. Congress,1976-10-19,Hain Wilderness,https://www.govinfo.gov/content/pkg/PLAW-94publ557/html/PLAW-94publ557.htm,https://www.govinfo.gov/content/pkg/PLAW-94publ557/html/PLAW-94publ557.htm,1 - public law,wilderness-wide,2026-08-04,Statutory text; consult maps and legal descriptions incorporated by reference.
doc-a158a9b5d59e,fw-1460,,Public Law 107-370 — Big Sur Wilderness and Conservation Act of 2002,public law,U.S. Congress,2002-12-19,Hain Wilderness,https://www.govinfo.gov/content/pkg/PLAW-107publ370/html/PLAW-107publ370.htm,https://www.govinfo.gov/content/pkg/PLAW-107publ370/html/PLAW-107publ370.htm,1 - public law,wilderness-wide,2026-08-04,Statutory text; consult maps and legal descriptions incorporated by reference.
doc-1366e3abe6ef,fw-1489,,Hauser Wilderness — Wilderness Connect profile,interagency profile,Interagency Wilderness Connect,,Hauser Wilderness,https://wilderness.net/visit-wilderness/?ID=232,https://wilderness.net/visit-wilderness/,9 - interagency reference,wilderness-wide,2026-08-04,Secondary reference; not statutory or a managing-agency page.
doc-d81f3debf267,fw-1489,,Public Law 98-425 — California Wilderness Act of 1984,public law,U.S. Congress,1984-09-28,Hauser Wilderness,https://www.govinfo.gov/content/pkg/PLAW-98publ425/html/PLAW-98publ425.htm,https://www.govinfo.gov/content/pkg/PLAW-98publ425/html/PLAW-98publ425.htm,1 - public law,wilderness-wide,2026-08-04,Statutory text; consult maps and legal descriptions incorporated by reference.
doc-e2084a641770,fw-1491,,Havasu Wilderness — Wilderness Connect profile,interagency profile,Interagency Wilderness Connect,,Havasu Wilderness,https://wilderness.net/visit-wilderness/?ID=233,https://wilderness.net/visit-wilderness/,9 - interagency reference,wilderness-wide,2026-08-04,Secondary reference; not statutory or a managing-agency page.
doc-801e535c3b9d,fw-1491,,Public Law 103-433 — California Desert Protection Act of 1994,public law,U.S. Congress,1994-10-31,Havasu Wilderness,https://www.govinfo.gov/content/pkg/PLAW-103publ433/html/PLAW-103publ433.htm,https://www.govinfo.gov/content/pkg/PLAW-103publ433/html/PLAW-103publ433.htm,1 - public law,wilderness-wide,2026-08-04,Statutory text; consult maps and legal descriptions incorporated by reference.
doc-e9605d306232,fw-1527,,High Rock Canyon Wilderness — Wilderness Connect profile,interagency profile,Interagency Wilderness Connect,,High Rock Canyon Wilderness,https://wilderness.net/visit-wilderness/?ID=244,https://wilderness.net/visit-wilderness/,9 - interagency reference,wilderness-wide,2026-08-04,Secondary reference; not statutory or a managing-agency page.
doc-bf24cfc55166,fw-1527,,Public Law 106-554 — Black Rock Desert–High Rock Canyon Emigrant Trails NCA Act of 2000,public law,U.S. Congress,2000-12-21,High Rock Canyon Wilderness,https://www.govinfo.gov/content/pkg/PLAW-106publ554/html/PLAW-106publ554.htm,https://www.govinfo.gov/content/pkg/PLAW-106publ554/html/PLAW-106publ554.htm,1 - public law,wilderness-wide,2026-08-04,Statutory text; consult maps and legal descriptions incorporated by reference.
doc-2b88f1fe0885,fw-1543,,Hollow Hills Wilderness — Wilderness Connect profile,interagency profile,Interagency Wilderness Connect,,Hollow Hills Wilderness,https://wilderness.net/visit-wilderness/?ID=247,https://wilderness.net/visit-wilderness/,9 - interagency reference,wilderness-wide,2026-08-04,Secondary reference; not statutory or a managing-agency page.
doc-1d6ffb229512,fw-1543,,Public Law 103-433 — California Desert Protection Act of 1994,public law,U.S. Congress,1994-10-31,Hollow Hills Wilderness,https://www.govinfo.gov/content/pkg/PLAW-103publ433/html/PLAW-103publ433.htm,https://www.govinfo.gov/content/pkg/PLAW-103publ433/html/PLAW-103publ433.htm,1 - public law,wilderness-wide,2026-08-04,Statutory text; consult maps and legal descriptions incorporated by reference.
doc-7f6d7158eda5,fw-1562,,Hoover Wilderness — Wilderness Connect profile,interagency profile,Interagency Wilderness Connect,,Hoover Wilderness,https://wilderness.net/visit-wilderness/?ID=249,https://wilderness.net/visit-wilderness/,9 - interagency reference,wilderness-wide,2026-08-04,Secondary reference; not statutory or a managing-agency page.
doc-4482e364b3ed,fw-1562,,Public Law 88-577 — Wilderness Act of 1964,public law,U.S. Congress,1964-09-03,Hoover Wilderness,https://www.govinfo.gov/content/pkg/PLAW-88publ577/html/PLAW-88publ577.htm,https://www.govinfo.gov/content/pkg/PLAW-88publ577/html/PLAW-88publ577.htm,1 - public law,wilderness-wide,2026-08-04,Statutory text; consult maps and legal descriptions incorporated by reference.
doc-a717b7c2772c,fw-1562,,Public Law 111-11 — Omnibus Public Land Management Act of 2009,public law,U.S. Congress,2009-03-30,Hoover Wilderness,https://www.govinfo.gov/content/pkg/PLAW-111publ11/html/PLAW-111publ11.htm,https://www.govinfo.gov/content/pkg/PLAW-111publ11/html/PLAW-111publ11.htm,1 - public law,wilderness-wide,2026-08-04,Statutory text; consult maps and legal descriptions incorporated by reference.
doc-326e5ddfd031,fw-1611,,Ibex Wilderness — Wilderness Connect profile,interagency profile,Interagency Wilderness Connect,,Ibex Wilderness,https://wilderness.net/visit-wilderness/?ID=256,https://wilderness.net/visit-wilderness/,9 - interagency reference,wilderness-wide,2026-08-04,Secondary reference; not statutory or a managing-agency page.
doc-75e7316d0cf9,fw-1611,,Public Law 103-433 — California Desert Protection Act of 1994,public law,U.S. Congress,1994-10-31,Ibex Wilderness,https://www.govinfo.gov/content/pkg/PLAW-103publ433/html/PLAW-103publ433.htm,https://www.govinfo.gov/content/pkg/PLAW-103publ433/html/PLAW-103publ433.htm,1 - public law,wilderness-wide,2026-08-04,Statutory text; consult maps and legal descriptions incorporated by reference.
doc-e128d3b6abf2,fw-1623,,Imperial Refuge Wilderness — Wilderness Connect profile,interagency profile,Interagency Wilderness Connect,,Imperial Refuge Wilderness,https://wilderness.net/visit-wilderness/?ID=257,https://wilderness.net/visit-wilderness/,9 - interagency reference,wilderness-wide,2026-08-04,Secondary reference; not statutory or a managing-agency page.
doc-ff6822809909,fw-1623,,Public Law 103-433 — California Desert Protection Act of 1994,public law,U.S. Congress,1994-10-31,Imperial Refuge Wilderness,https://www.govinfo.gov/content/pkg/PLAW-103publ433/html/PLAW-103publ433.htm,https://www.govinfo.gov/content/pkg/PLAW-103publ433/html/PLAW-103publ433.htm,1 - public law,wilderness-wide,2026-08-04,Statutory text; consult maps and legal descriptions incorporated by reference.
doc-d70f587ab8ef,fw-1631,,Indian Pass Wilderness — Wilderness Connect profile,interagency profile,Interagency Wilderness Connect,,Indian Pass Wilderness,https://wilderness.net/visit-wilderness/?ID=260,https://wilderness.net/visit-wilderness/,9 - interagency reference,wilderness-wide,2026-08-04,Secondary reference; not statutory or a managing-agency page.
doc-d6636cc09452,fw-1631,,Public Law 103-433 — California Desert Protection Act of 1994,public law,U.S. Congress,1994-10-31,Indian Pass Wilderness,https://www.govinfo.gov/content/pkg/PLAW-103publ433/html/PLAW-103publ433.htm,https://www.govinfo.gov/content/pkg/PLAW-103publ433/html/PLAW-103publ433.htm,1 - public law,wilderness-wide,2026-08-04,Statutory text; consult maps and legal descriptions incorporated by reference.
doc-fd3d5a716191,fw-1641,,Inyo Mountains Wilderness — Wilderness Connect profile,interagency profile,Interagency Wilderness Connect,,Inyo Mountains Wilderness,https://wilderness.net/visit-wilderness/?ID=263,https://wilderness.net/visit-wilderness/,9 - interagency reference,wilderness-wide,2026-08-04,Secondary reference; not statutory or a managing-agency page.
doc-a364f8024e3c,fw-1641,,Public Law 103-433 — California Desert Protection Act of 1994,public law,U.S. Congress,1994-10-31,Inyo Mountains Wilderness,https://www.govinfo.gov/content/pkg/PLAW-103publ433/html/PLAW-103publ433.htm,https://www.govinfo.gov/content/pkg/PLAW-103publ433/html/PLAW-103publ433.htm,1 - public law,wilderness-wide,2026-08-04,Statutory text; consult maps and legal descriptions incorporated by reference.
doc-ea3c9e8cbe86,fw-1651,,Ishi Wilderness — Wilderness Connect profile,interagency profile,Interagency Wilderness Connect,,Ishi Wilderness,https://wilderness.net/visit-wilderness/?ID=266,https://wilderness.net/visit-wilderness/,9 - interagency reference,wilderness-wide,2026-08-04,Secondary reference; not statutory or a managing-agency page.
doc-95ee884018c1,fw-1651,,Public Law 98-425 — California Wilderness Act of 1984,public law,U.S. Congress,1984-09-28,Ishi Wilderness,https://www.govinfo.gov/content/pkg/PLAW-98publ425/html/PLAW-98publ425.htm,https://www.govinfo.gov/content/pkg/PLAW-98publ425/html/PLAW-98publ425.htm,1 - public law,wilderness-wide,2026-08-04,Statutory text; consult maps and legal descriptions incorporated by reference.
doc-3bd12b795fef,fw-1667,,Jacumba Wilderness — Wilderness Connect profile,interagency profile,Interagency Wilderness Connect,,Jacumba Wilderness,https://wilderness.net/visit-wilderness/?ID=271,https://wilderness.net/visit-wilderness/,9 - interagency reference,wilderness-wide,2026-08-04,Secondary reference; not statutory or a managing-agency page.
doc-866718b3b7a3,fw-1667,,Public Law 103-433 — California Desert Protection Act of 1994,public law,U.S. Congress,1994-10-31,Jacumba Wilderness,https://www.govinfo.gov/content/pkg/PLAW-103publ433/html/PLAW-103publ433.htm,https://www.govinfo.gov/content/pkg/PLAW-103publ433/html/PLAW-103publ433.htm,1 - public law,wilderness-wide,2026-08-04,Statutory text; consult maps and legal descriptions incorporated by reference.
doc-5ff7a1c19ce0,fw-1687,,Jennie Lakes Wilderness — Wilderness Connect profile,interagency profile,Interagency Wilderness Connect,,Jennie Lakes Wilderness,https://wilderness.net/visit-wilderness/?ID=276,https://wilderness.net/visit-wilderness/,9 - interagency reference,wilderness-wide,2026-08-04,Secondary reference; not statutory or a managing-agency page.
doc-dd1187ac03da,fw-1687,,Public Law 98-425 — California Wilderness Act of 1984,public law,U.S. Congress,1984-09-28,Jennie Lakes Wilderness,https://www.govinfo.gov/content/pkg/PLAW-98publ425/html/PLAW-98publ425.htm,https://www.govinfo.gov/content/pkg/PLAW-98publ425/html/PLAW-98publ425.htm,1 - public law,wilderness-wide,2026-08-04,Statutory text; consult maps and legal descriptions incorporated by reference.
doc-aa2521c16b32,fw-1704,,John Krebs Wilderness — Wilderness Connect profile,interagency profile,Interagency Wilderness Connect,,John Krebs Wilderness,https://wilderness.net/visit-wilderness/?ID=728,https://wilderness.net/visit-wilderness/,9 - interagency reference,wilderness-wide,2026-08-04,Secondary reference; not statutory or a managing-agency page.
doc-4108b3ce7ef5,fw-1704,,Public Law 111-11 — Omnibus Public Land Management Act of 2009,public law,U.S. Congress,2009-03-30,John Krebs Wilderness,https://www.govinfo.gov/content/pkg/PLAW-111publ11/html/PLAW-111publ11.htm,https://www.govinfo.gov/content/pkg/PLAW-111publ11/html/PLAW-111publ11.htm,1 - public law,wilderness-wide,2026-08-04,Statutory text; consult maps and legal descriptions incorporated by reference.
doc-8db35d6a0d91,fw-1706,,John Muir Wilderness — Wilderness Connect profile,interagency profile,Interagency Wilderness Connect,,John Muir Wilderness,https://wilderness.net/visit-wilderness/?ID=278,https://wilderness.net/visit-wilderness/,9 - interagency reference,wilderness-wide,2026-08-04,Secondary reference; not statutory or a managing-agency page.
doc-8e0b82f574e7,fw-1706,,Public Law 98-425 — California Wilderness Act of 1984,public law,U.S. Congress,1984-09-28,John Muir Wilderness,https://www.govinfo.gov/content/pkg/PLAW-98publ425/html/PLAW-98publ425.htm,https://www.govinfo.gov/content/pkg/PLAW-98publ425/html/PLAW-98publ425.htm,1 - public law,wilderness-wide,2026-08-04,Statutory text; consult maps and legal descriptions incorporated by reference.
doc-f05c75b3ba44,fw-1706,,Public Law 111-11 — Omnibus Public Land Management Act of 2009,public law,U.S. Congress,2009-03-30,John Muir Wilderness,https://www.govinfo.gov/content/pkg/PLAW-111publ11/html/PLAW-111publ11.htm,https://www.govinfo.gov/content/pkg/PLAW-111publ11/html/PLAW-111publ11.htm,1 - public law,wilderness-wide,2026-08-04,Statutory text; consult maps and legal descriptions incorporated by reference.
doc-fa2613bf366d,fw-1706,,High Sierra Hikers Association v. Powell,court opinion,"U.S. District Court, Northern District of California",2001-01-01,John Muir Wilderness,https://law.justia.com/cases/federal/district-courts/FSupp2/150/1023/2468348/,https://law.justia.com/cases/federal/district-courts/FSupp2/150/1023/2468348/,11 - court opinion / legal database,wilderness-wide issue,2026-08-04,"Challenge involving Forest Service commercial packstock permitting, NEPA, and Wilderness Act issues in the Ansel Adams and John Muir Wildernesses. Citation: 150 F. Supp. 2d 1023; docket: C-00-01239-EDL."
doc-33fdd1fa1d5c,fw-1706,,High Sierra Hikers Association v. Blackwell,court opinion,U.S. Court of Appeals for the Ninth Circuit,2004-01-01,John Muir Wilderness,https://law.justia.com/cases/federal/appellate-courts/F3/390/630/506649/,https://law.justia.com/cases/federal/appellate-courts/F3/390/630/506649/,11 - court opinion / legal database,wilderness-wide issue,2026-08-04,"Appeal concerning Forest Service commercial packstock permits, NEPA analysis, and Wilderness Act constraints affecting the Ansel Adams and John Muir Wildernesses. Citation: 390 F.3d 630; docket: 02-15504."
doc-d54a23adb7ec,fw-1720,,Joshua Tree Wilderness — Wilderness Connect profile,interagency profile,Interagency Wilderness Connect,,Joshua Tree Wilderness,https://wilderness.net/visit-wilderness/?ID=279,https://wilderness.net/visit-wilderness/,9 - interagency reference,wilderness-wide,2026-08-04,Secondary reference; not statutory or a managing-agency page.
doc-a581cffa8b4d,fw-1720,,Public Law 94-567 — National Park System wilderness designations,public law,U.S. Congress,1976-10-20,Joshua Tree Wilderness,https://www.govinfo.gov/content/pkg/PLAW-94publ567/html/PLAW-94publ567.htm,https://www.govinfo.gov/content/pkg/PLAW-94publ567/html/PLAW-94publ567.htm,1 - public law,wilderness-wide,2026-08-04,Statutory text; consult maps and legal descriptions incorporated by reference.
doc-929209abd33e,fw-1720,,Public Law 103-433 — California Desert Protection Act of 1994,public law,U.S. Congress,1994-10-31,Joshua Tree Wilderness,https://www.govinfo.gov/content/pkg/PLAW-103publ433/html/PLAW-103publ433.htm,https://www.govinfo.gov/content/pkg/PLAW-103publ433/html/PLAW-103publ433.htm,1 - public law,wilderness-wide,2026-08-04,Statutory text; consult maps and legal descriptions incorporated by reference.
doc-0854bd9f9bdf,fw-1720,,Public Law 111-11 — Omnibus Public Land Management Act of 2009,public law,U.S. Congress,2009-03-30,Joshua Tree Wilderness,https://www.govinfo.gov/content/pkg/PLAW-111publ11/html/PLAW-111publ11.htm,https://www.govinfo.gov/content/pkg/PLAW-111publ11/html/PLAW-111publ11.htm,1 - public law,wilderness-wide,2026-08-04,Statutory text; consult maps and legal descriptions incorporated by reference.
doc-b5b6baaa2e1c,fw-1720,,Joshua Tree National Park Wilderness,official wilderness webpage,National Park Service,,Joshua Tree Wilderness,https://www.nps.gov/jotr/learn/wilderness.htm,https://www.nps.gov/jotr/learn/wilderness.htm,3 - official managing-agency page,wilderness-wide or agency-component as labeled,2026-08-04,Use component-specific language where the page describes only the agency's portion.
doc-53e75d7d9d2d,fw-1720,,Joshua Tree National Park Wilderness Stewardship Plan and Environmental Assessment,wilderness management plan,National Park Service,2022-01-01,Joshua Tree Wilderness,https://parkplanning.nps.gov/document.cfm?parkID=310&projectID=63961&documentID=117971,https://parkplanning.nps.gov/projectHome.cfm?projectID=63961,5 - official management document,wilderness-wide,2026-08-04,Current status and amendments should be rechecked before relying on visitor rules.
doc-fbc1cebf093a,fw-1734,,Kaiser Wilderness — Wilderness Connect profile,interagency profile,Interagency Wilderness Connect,,Kaiser Wilderness,https://wilderness.net/visit-wilderness/?ID=286,https://wilderness.net/visit-wilderness/,9 - interagency reference,wilderness-wide,2026-08-04,Secondary reference; not statutory or a managing-agency page.
doc-b49fc232dabc,fw-1734,,Public Law 94-557 — Wilderness designations act,public law,U.S. Congress,1976-10-19,Kaiser Wilderness,https://www.govinfo.gov/content/pkg/PLAW-94publ557/html/PLAW-94publ557.htm,https://www.govinfo.gov/content/pkg/PLAW-94publ557/html/PLAW-94publ557.htm,1 - public law,wilderness-wide,2026-08-04,Statutory text; consult maps and legal descriptions incorporated by reference.
doc-f82e1d21923d,fw-1763,,Kelso Dunes Wilderness — Wilderness Connect profile,interagency profile,Interagency Wilderness Connect,,Kelso Dunes Wilderness,https://wilderness.net/visit-wilderness/?ID=291,https://wilderness.net/visit-wilderness/,9 - interagency reference,wilderness-wide,2026-08-04,Secondary reference; not statutory or a managing-agency page.
doc-962fd751d8d0,fw-1763,,Public Law 103-433 — California Desert Protection Act of 1994,public law,U.S. Congress,1994-10-31,Kelso Dunes Wilderness,https://www.govinfo.gov/content/pkg/PLAW-103publ433/html/PLAW-103publ433.htm,https://www.govinfo.gov/content/pkg/PLAW-103publ433/html/PLAW-103publ433.htm,1 - public law,wilderness-wide,2026-08-04,Statutory text; consult maps and legal descriptions incorporated by reference.
doc-ed55a4cb69bc,fw-1778,,Kiavah Wilderness — Wilderness Connect profile,interagency profile,Interagency Wilderness Connect,,Kiavah Wilderness,https://wilderness.net/visit-wilderness/?ID=294,https://wilderness.net/visit-wilderness/,9 - interagency reference,wilderness-wide,2026-08-04,Secondary reference; not statutory or a managing-agency page.
doc-63c759bf546b,fw-1778,,Public Law 103-433 — California Desert Protection Act of 1994,public law,U.S. Congress,1994-10-31,Kiavah Wilderness,https://www.govinfo.gov/content/pkg/PLAW-103publ433/html/PLAW-103publ433.htm,https://www.govinfo.gov/content/pkg/PLAW-103publ433/html/PLAW-103publ433.htm,1 - public law,wilderness-wide,2026-08-04,Statutory text; consult maps and legal descriptions incorporated by reference.
doc-0cd431fb8ae9,fw-1778,,Kiavah Wilderness,official wilderness webpage,Bureau of Land Management,,Kiavah Wilderness,https://www.blm.gov/visit/kiavah-wilderness,https://www.blm.gov/visit/kiavah-wilderness,3 - official managing-agency page,wilderness-wide or agency-component as labeled,2026-08-04,Use component-specific language where the page describes only the agency's portion.
doc-863edfcb676b,fw-1787,,King Range Wilderness — Wilderness Connect profile,interagency profile,Interagency Wilderness Connect,,King Range Wilderness,https://wilderness.net/visit-wilderness/?ID=687,https://wilderness.net/visit-wilderness/,9 - interagency reference,wilderness-wide,2026-08-04,Secondary reference; not statutory or a managing-agency page.
doc-89a90108a70f,fw-1787,,Public Law 109-362 — Northern California Coastal Wild Heritage Wilderness Act,public law,U.S. Congress,2006-10-17,King Range Wilderness,https://www.govinfo.gov/content/pkg/PLAW-109publ362/html/PLAW-109publ362.htm,https://www.govinfo.gov/content/pkg/PLAW-109publ362/html/PLAW-109publ362.htm,1 - public law,wilderness-wide,2026-08-04,Statutory text; consult maps and legal descriptions incorporated by reference.
doc-5ba3a6715d83,fw-1792,,Kingston Range Wilderness — Wilderness Connect profile,interagency profile,Interagency Wilderness Connect,,Kingston Range Wilderness,https://wilderness.net/visit-wilderness/?ID=296,https://wilderness.net/visit-wilderness/,9 - interagency reference,wilderness-wide,2026-08-04,Secondary reference; not statutory or a managing-agency page.
doc-c13515c079d1,fw-1792,,Public Law 103-433 — California Desert Protection Act of 1994,public law,U.S. Congress,1994-10-31,Kingston Range Wilderness,https://www.govinfo.gov/content/pkg/PLAW-103publ433/html/PLAW-103publ433.htm,https://www.govinfo.gov/content/pkg/PLAW-103publ433/html/PLAW-103publ433.htm,1 - public law,wilderness-wide,2026-08-04,Statutory text; consult maps and legal descriptions incorporated by reference.
doc-31ea41b65c87,fw-1899,,Lassen Volcanic Wilderness — Wilderness Connect profile,interagency profile,Interagency Wilderness Connect,,Lassen Volcanic Wilderness,https://wilderness.net/visit-wilderness/?ID=309,https://wilderness.net/visit-wilderness/,9 - interagency reference,wilderness-wide,2026-08-04,Secondary reference; not statutory or a managing-agency page.
doc-11122b6b0b2e,fw-1899,,Public Law 92-510 — Lassen Volcanic Wilderness designation,public law,U.S. Congress,1972-10-19,Lassen Volcanic Wilderness,https://www.govinfo.gov/content/pkg/PLAW-92publ510/html/PLAW-92publ510.htm,https://www.govinfo.gov/content/pkg/PLAW-92publ510/html/PLAW-92publ510.htm,1 - public law,wilderness-wide,2026-08-04,Statutory text; consult maps and legal descriptions incorporated by reference.
doc-5b73a4bd3b12,fw-1899,,Lassen Volcanic Wilderness,official wilderness webpage,National Park Service,,Lassen Volcanic Wilderness,https://www.nps.gov/lavo/learn/nature/wilderness.htm,https://www.nps.gov/lavo/learn/nature/wilderness.htm,3 - official managing-agency page,wilderness-wide or agency-component as labeled,2026-08-04,Use component-specific language where the page describes only the agency's portion.
doc-472acf1f9fb4,fw-1899,,Lassen Volcanic National Park General Management Plan,general management plan,National Park Service,2003-01-01,Lassen Volcanic Wilderness,https://www.nps.gov/lavo/learn/management/upload/lavo-gmp.pdf,https://www.nps.gov/lavo/learn/management/planning.htm,5 - official management document,wilderness-wide,2026-08-04,Current status and amendments should be rechecked before relying on visitor rules.
doc-95e69c7b5105,fw-1905,,Lava Beds Wilderness — Wilderness Connect profile,interagency profile,Interagency Wilderness Connect,,Lava Beds Wilderness,https://wilderness.net/visit-wilderness/?ID=313,https://wilderness.net/visit-wilderness/,9 - interagency reference,wilderness-wide,2026-08-04,Secondary reference; not statutory or a managing-agency page.
doc-ddd997bc6440,fw-1905,,Public Law 92-493 — Lava Beds Wilderness designation,public law,U.S. Congress,1972-10-13,Lava Beds Wilderness,https://www.govinfo.gov/content/pkg/PLAW-92publ493/html/PLAW-92publ493.htm,https://www.govinfo.gov/content/pkg/PLAW-92publ493/html/PLAW-92publ493.htm,1 - public law,wilderness-wide,2026-08-04,Statutory text; consult maps and legal descriptions incorporated by reference.
doc-7ec9256b7c1b,fw-1905,,Lava Beds Wilderness,official wilderness webpage,National Park Service,,Lava Beds Wilderness,https://www.nps.gov/labe/learn/nature/wilderness.htm,https://www.nps.gov/labe/learn/nature/wilderness.htm,3 - official managing-agency page,wilderness-wide or agency-component as labeled,2026-08-04,Use component-specific language where the page describes only the agency's portion.
doc-b0af98d41d2f,fw-1905,,Lava Beds National Monument Foundation Document,foundation document,National Park Service,2017-01-01,Lava Beds Wilderness,https://www.nps.gov/labe/learn/management/upload/labe-foundation-document-overview.pdf,https://www.nps.gov/labe/learn/management/planning.htm,5 - official management document,wilderness-wide,2026-08-04,Current status and amendments should be rechecked before relying on visitor rules.
doc-82b40c46d0c9,fw-1947,,Little Chuckwalla Mountains Wilderness — Wilderness Connect profile,interagency profile,Interagency Wilderness Connect,,Little Chuckwalla Mountains Wilderness,https://wilderness.net/visit-wilderness/?ID=320,https://wilderness.net/visit-wilderness/,9 - interagency reference,wilderness-wide,2026-08-04,Secondary reference; not statutory or a managing-agency page.
doc-1a6022b3baa6,fw-1947,,Public Law 103-433 — California Desert Protection Act of 1994,public law,U.S. Congress,1994-10-31,Little Chuckwalla Mountains Wilderness,https://www.govinfo.gov/content/pkg/PLAW-103publ433/html/PLAW-103publ433.htm,https://www.govinfo.gov/content/pkg/PLAW-103publ433/html/PLAW-103publ433.htm,1 - public law,wilderness-wide,2026-08-04,Statutory text; consult maps and legal descriptions incorporated by reference.
doc-6946d9bec88a,fw-1955,,Little High Rock Canyon Wilderness — Wilderness Connect profile,interagency profile,Interagency Wilderness Connect,,Little High Rock Canyon Wilderness,https://wilderness.net/visit-wilderness/?ID=323,https://wilderness.net/visit-wilderness/,9 - interagency reference,wilderness-wide,2026-08-04,Secondary reference; not statutory or a managing-agency page.
doc-b5c06ad73c71,fw-1955,,Public Law 106-554 — Black Rock Desert–High Rock Canyon Emigrant Trails NCA Act of 2000,public law,U.S. Congress,2000-12-21,Little High Rock Canyon Wilderness,https://www.govinfo.gov/content/pkg/PLAW-106publ554/html/PLAW-106publ554.htm,https://www.govinfo.gov/content/pkg/PLAW-106publ554/html/PLAW-106publ554.htm,1 - public law,wilderness-wide,2026-08-04,Statutory text; consult maps and legal descriptions incorporated by reference.
doc-718494642ab6,fw-1963,,Little Picacho Wilderness — Wilderness Connect profile,interagency profile,Interagency Wilderness Connect,,Little Picacho Wilderness,https://wilderness.net/visit-wilderness/?ID=326,https://wilderness.net/visit-wilderness/,9 - interagency reference,wilderness-wide,2026-08-04,Secondary reference; not statutory or a managing-agency page.
doc-de96bdb87ac1,fw-1963,,Public Law 103-433 — California Desert Protection Act of 1994,public law,U.S. Congress,1994-10-31,Little Picacho Wilderness,https://www.govinfo.gov/content/pkg/PLAW-103publ433/html/PLAW-103publ433.htm,https://www.govinfo.gov/content/pkg/PLAW-103publ433/html/PLAW-103publ433.htm,1 - public law,wilderness-wide,2026-08-04,Statutory text; consult maps and legal descriptions incorporated by reference.
doc-ad18baf0edf2,fw-1963,,Little Picacho Wilderness,official wilderness webpage,Bureau of Land Management,,Little Picacho Wilderness,https://www.blm.gov/visit/little-picacho-wilderness,https://www.blm.gov/visit/little-picacho-wilderness,3 - official managing-agency page,wilderness-wide or agency-component as labeled,2026-08-04,Use component-specific language where the page describes only the agency's portion.
doc-acf9972692e6,fw-2041,,Machesna Mountain Wilderness — Wilderness Connect profile,interagency profile,Interagency Wilderness Connect,,Machesna Mountain Wilderness,https://wilderness.net/visit-wilderness/?ID=335,https://wilderness.net/visit-wilderness/,9 - interagency reference,wilderness-wide,2026-08-04,Secondary reference; not statutory or a managing-agency page.
doc-cc489df740e5,fw-2041,,Public Law 98-425 — California Wilderness Act of 1984,public law,U.S. Congress,1984-09-28,Machesna Mountain Wilderness,https://www.govinfo.gov/content/pkg/PLAW-98publ425/html/PLAW-98publ425.htm,https://www.govinfo.gov/content/pkg/PLAW-98publ425/html/PLAW-98publ425.htm,1 - public law,wilderness-wide,2026-08-04,Statutory text; consult maps and legal descriptions incorporated by reference.
doc-51d857fdb1c8,fw-2046,,Magic Mountain Wilderness — Wilderness Connect profile,interagency profile,Interagency Wilderness Connect,,Magic Mountain Wilderness,https://wilderness.net/visit-wilderness/?ID=732,https://wilderness.net/visit-wilderness/,9 - interagency reference,wilderness-wide,2026-08-04,Secondary reference; not statutory or a managing-agency page.
doc-43ede8a3d386,fw-2046,,Public Law 111-11 — Omnibus Public Land Management Act of 2009,public law,U.S. Congress,2009-03-30,Magic Mountain Wilderness,https://www.govinfo.gov/content/pkg/PLAW-111publ11/html/PLAW-111publ11.htm,https://www.govinfo.gov/content/pkg/PLAW-111publ11/html/PLAW-111publ11.htm,1 - public law,wilderness-wide,2026-08-04,Statutory text; consult maps and legal descriptions incorporated by reference.
doc-e3f719cb382a,fw-2058,,Malpais Mesa Wilderness — Wilderness Connect profile,interagency profile,Interagency Wilderness Connect,,Malpais Mesa Wilderness,https://wilderness.net/visit-wilderness/?ID=337,https://wilderness.net/visit-wilderness/,9 - interagency reference,wilderness-wide,2026-08-04,Secondary reference; not statutory or a managing-agency page.
doc-6ecce3086dec,fw-2058,,Public Law 103-433 — California Desert Protection Act of 1994,public law,U.S. Congress,1994-10-31,Malpais Mesa Wilderness,https://www.govinfo.gov/content/pkg/PLAW-103publ433/html/PLAW-103publ433.htm,https://www.govinfo.gov/content/pkg/PLAW-103publ433/html/PLAW-103publ433.htm,1 - public law,wilderness-wide,2026-08-04,Statutory text; consult maps and legal descriptions incorporated by reference.
doc-4d7aae154b26,fw-2058,,Malpais Mesa Wilderness,official wilderness webpage,Bureau of Land Management,,Malpais Mesa Wilderness,https://www.blm.gov/visit/malpais-mesa-wilderness,https://www.blm.gov/visit/malpais-mesa-wilderness,3 - official managing-agency page,wilderness-wide or agency-component as labeled,2026-08-04,Use component-specific language where the page describes only the agency's portion.
doc-ea5512e0ec81,fw-2066,,Manly Peak Wilderness — Wilderness Connect profile,interagency profile,Interagency Wilderness Connect,,Manly Peak Wilderness,https://wilderness.net/visit-wilderness/?ID=338,https://wilderness.net/visit-wilderness/,9 - interagency reference,wilderness-wide,2026-08-04,Secondary reference; not statutory or a managing-agency page.
doc-07bc42b62b97,fw-2066,,Public Law 103-433 — California Desert Protection Act of 1994,public law,U.S. Congress,1994-10-31,Manly Peak Wilderness,https://www.govinfo.gov/content/pkg/PLAW-103publ433/html/PLAW-103publ433.htm,https://www.govinfo.gov/content/pkg/PLAW-103publ433/html/PLAW-103publ433.htm,1 - public law,wilderness-wide,2026-08-04,Statutory text; consult maps and legal descriptions incorporated by reference.
doc-064b89902154,fw-2077,,Marble Mountain Wilderness — Wilderness Connect profile,interagency profile,Interagency Wilderness Connect,,Marble Mountain Wilderness,https://wilderness.net/visit-wilderness/?ID=340,https://wilderness.net/visit-wilderness/,9 - interagency reference,wilderness-wide,2026-08-04,Secondary reference; not statutory or a managing-agency page.
doc-b56de391c0e3,fw-2077,,Public Law 98-425 — California Wilderness Act of 1984,public law,U.S. Congress,1984-09-28,Marble Mountain Wilderness,https://www.govinfo.gov/content/pkg/PLAW-98publ425/html/PLAW-98publ425.htm,https://www.govinfo.gov/content/pkg/PLAW-98publ425/html/PLAW-98publ425.htm,1 - public law,wilderness-wide,2026-08-04,Statutory text; consult maps and legal descriptions incorporated by reference.
doc-ee1063224dc1,fw-2108,,Matilija Wilderness — Wilderness Connect profile,interagency profile,Interagency Wilderness Connect,,Matilija Wilderness,https://wilderness.net/visit-wilderness/?ID=345,https://wilderness.net/visit-wilderness/,9 - interagency reference,wilderness-wide,2026-08-04,Secondary reference; not statutory or a managing-agency page.
doc-1ee61a9982b4,fw-2108,,Public Law 102-301 — Los Padres Condor Range and River Protection Act,public law,U.S. Congress,1992-06-19,Matilija Wilderness,https://www.govinfo.gov/content/pkg/PLAW-102publ301/html/PLAW-102publ301.htm,https://www.govinfo.gov/content/pkg/PLAW-102publ301/html/PLAW-102publ301.htm,1 - public law,wilderness-wide,2026-08-04,Statutory text; consult maps and legal descriptions incorporated by reference.
doc-97f5e52884df,fw-2143,,Mecca Hills Wilderness — Wilderness Connect profile,interagency profile,Interagency Wilderness Connect,,Mecca Hills Wilderness,https://wilderness.net/visit-wilderness/?ID=349,https://wilderness.net/visit-wilderness/,9 - interagency reference,wilderness-wide,2026-08-04,Secondary reference; not statutory or a managing-agency page.
doc-40cc328f7afc,fw-2143,,Public Law 103-433 — California Desert Protection Act of 1994,public law,U.S. Congress,1994-10-31,Mecca Hills Wilderness,https://www.govinfo.gov/content/pkg/PLAW-103publ433/html/PLAW-103publ433.htm,https://www.govinfo.gov/content/pkg/PLAW-103publ433/html/PLAW-103publ433.htm,1 - public law,wilderness-wide,2026-08-04,Statutory text; consult maps and legal descriptions incorporated by reference.
doc-57330366091e,fw-2143,,Mecca Hills Wilderness,official wilderness webpage,Bureau of Land Management,,Mecca Hills Wilderness,https://www.blm.gov/visit/mecca-hills-wilderness,https://www.blm.gov/visit/mecca-hills-wilderness,3 - official managing-agency page,wilderness-wide or agency-component as labeled,2026-08-04,Use component-specific language where the page describes only the agency's portion.
doc-3b8f1b521afe,fw-2169,,Mesquite Wilderness — Wilderness Connect profile,interagency profile,Interagency Wilderness Connect,,Mesquite Wilderness,https://wilderness.net/visit-wilderness/?ID=353,https://wilderness.net/visit-wilderness/,9 - interagency reference,wilderness-wide,2026-08-04,Secondary reference; not statutory or a managing-agency page.
doc-c045ce13427e,fw-2169,,Public Law 103-433 — California Desert Protection Act of 1994,public law,U.S. Congress,1994-10-31,Mesquite Wilderness,https://www.govinfo.gov/content/pkg/PLAW-103publ433/html/PLAW-103publ433.htm,https://www.govinfo.gov/content/pkg/PLAW-103publ433/html/PLAW-103publ433.htm,1 - public law,wilderness-wide,2026-08-04,Statutory text; consult maps and legal descriptions incorporated by reference.
doc-3742b6318a42,fw-4548,,Milpitas Wash Wilderness — Wilderness Connect profile,interagency profile,Interagency Wilderness Connect,,Milpitas Wash Wilderness,https://wilderness.net/visit-wilderness/?ID=771,https://wilderness.net/visit-wilderness/,9 - interagency reference,wilderness-wide,2026-08-04,Secondary reference; not statutory or a managing-agency page.
doc-a657710d0cf7,fw-4548,,"Public Law 116-9 — John D. Dingell, Jr. Conservation, Management, and Recreation Act",public law,U.S. Congress,2019-03-12,Milpitas Wash Wilderness,https://www.govinfo.gov/content/pkg/PLAW-116publ9/html/PLAW-116publ9.htm,https://www.govinfo.gov/content/pkg/PLAW-116publ9/html/PLAW-116publ9.htm,1 - public law,wilderness-wide,2026-08-04,Statutory text; consult maps and legal descriptions incorporated by reference.
doc-30ca0ea83e69,fw-2227,,Mojave Wilderness — Wilderness Connect profile,interagency profile,Interagency Wilderness Connect,,Mojave Wilderness,https://wilderness.net/visit-wilderness/?ID=362,https://wilderness.net/visit-wilderness/,9 - interagency reference,wilderness-wide,2026-08-04,Secondary reference; not statutory or a managing-agency page.
doc-5c626f97b161,fw-2227,,Public Law 103-433 — California Desert Protection Act of 1994,public law,U.S. Congress,1994-10-31,Mojave Wilderness,https://www.govinfo.gov/content/pkg/PLAW-103publ433/html/PLAW-103publ433.htm,https://www.govinfo.gov/content/pkg/PLAW-103publ433/html/PLAW-103publ433.htm,1 - public law,wilderness-wide,2026-08-04,Statutory text; consult maps and legal descriptions incorporated by reference.
doc-ad6878ccc5cb,fw-2228,,Mokelumne Wilderness — Wilderness Connect profile,interagency profile,Interagency Wilderness Connect,,Mokelumne Wilderness,https://wilderness.net/visit-wilderness/?ID=363,https://wilderness.net/visit-wilderness/,9 - interagency reference,wilderness-wide,2026-08-04,Secondary reference; not statutory or a managing-agency page.
doc-1ac6b8102435,fw-2228,,Public Law 88-577 — Wilderness Act of 1964,public law,U.S. Congress,1964-09-03,Mokelumne Wilderness,https://www.govinfo.gov/content/pkg/PLAW-88publ577/html/PLAW-88publ577.htm,https://www.govinfo.gov/content/pkg/PLAW-88publ577/html/PLAW-88publ577.htm,1 - public law,wilderness-wide,2026-08-04,Statutory text; consult maps and legal descriptions incorporated by reference.
doc-73072712dc04,fw-2230,,Monarch Wilderness — Wilderness Connect profile,interagency profile,Interagency Wilderness Connect,,Monarch Wilderness,https://wilderness.net/visit-wilderness/?ID=365,https://wilderness.net/visit-wilderness/,9 - interagency reference,wilderness-wide,2026-08-04,Secondary reference; not statutory or a managing-agency page.
doc-53b34f10cd36,fw-2230,,Public Law 98-425 — California Wilderness Act of 1984,public law,U.S. Congress,1984-09-28,Monarch Wilderness,https://www.govinfo.gov/content/pkg/PLAW-98publ425/html/PLAW-98publ425.htm,https://www.govinfo.gov/content/pkg/PLAW-98publ425/html/PLAW-98publ425.htm,1 - public law,wilderness-wide,2026-08-04,Statutory text; consult maps and legal descriptions incorporated by reference.
doc-73a04d7aa160,fw-2280,,Mount Lassic Wilderness — Wilderness Connect profile,interagency profile,Interagency Wilderness Connect,,Mount Lassic Wilderness,https://wilderness.net/visit-wilderness/?ID=683,https://wilderness.net/visit-wilderness/,9 - interagency reference,wilderness-wide,2026-08-04,Secondary reference; not statutory or a managing-agency page.
doc-bf349ce9286c,fw-2280,,Public Law 109-362 — Northern California Coastal Wild Heritage Wilderness Act,public law,U.S. Congress,2006-10-17,Mount Lassic Wilderness,https://www.govinfo.gov/content/pkg/PLAW-109publ362/html/PLAW-109publ362.htm,https://www.govinfo.gov/content/pkg/PLAW-109publ362/html/PLAW-109publ362.htm,1 - public law,wilderness-wide,2026-08-04,Statutory text; consult maps and legal descriptions incorporated by reference.
doc-60fa5a02aa31,fw-2294,,Mount Rose Wilderness — Wilderness Connect profile,interagency profile,Interagency Wilderness Connect,,Mount Rose Wilderness,https://wilderness.net/visit-wilderness/?ID=396,https://wilderness.net/visit-wilderness/,9 - interagency reference,wilderness-wide,2026-08-04,Secondary reference; not statutory or a managing-agency page.
doc-6d8aa46caa5f,fw-2294,,Public Law 101-195 — Nevada Wilderness Protection Act of 1989,public law,U.S. Congress,1989-12-05,Mount Rose Wilderness,https://www.govinfo.gov/content/pkg/PLAW-101publ195/html/PLAW-101publ195.htm,https://www.govinfo.gov/content/pkg/PLAW-101publ195/html/PLAW-101publ195.htm,1 - public law,wilderness-wide,2026-08-04,Statutory text; consult maps and legal descriptions incorporated by reference.
doc-b0afaa199ff4,fw-2296,,Mount Shasta Wilderness — Wilderness Connect profile,interagency profile,Interagency Wilderness Connect,,Mount Shasta Wilderness,https://wilderness.net/visit-wilderness/?ID=397,https://wilderness.net/visit-wilderness/,9 - interagency reference,wilderness-wide,2026-08-04,Secondary reference; not statutory or a managing-agency page.
doc-79157460471b,fw-2296,,Public Law 98-425 — California Wilderness Act of 1984,public law,U.S. Congress,1984-09-28,Mount Shasta Wilderness,https://www.govinfo.gov/content/pkg/PLAW-98publ425/html/PLAW-98publ425.htm,https://www.govinfo.gov/content/pkg/PLAW-98publ425/html/PLAW-98publ425.htm,1 - public law,wilderness-wide,2026-08-04,Statutory text; consult maps and legal descriptions incorporated by reference.
doc-0f336e2ce28c,fw-2484,,Newberry Mountains Wilderness — Wilderness Connect profile,interagency profile,Interagency Wilderness Connect,,Newberry Mountains Wilderness,https://wilderness.net/visit-wilderness/?ID=408,https://wilderness.net/visit-wilderness/,9 - interagency reference,wilderness-wide,2026-08-04,Secondary reference; not statutory or a managing-agency page.
doc-fc55ccd7c68d,fw-2484,,Public Law 103-433 — California Desert Protection Act of 1994,public law,U.S. Congress,1994-10-31,Newberry Mountains Wilderness,https://www.govinfo.gov/content/pkg/PLAW-103publ433/html/PLAW-103publ433.htm,https://www.govinfo.gov/content/pkg/PLAW-103publ433/html/PLAW-103publ433.htm,1 - public law,wilderness-wide,2026-08-04,Statutory text; consult maps and legal descriptions incorporated by reference.
doc-d81c2aa7ff22,fw-2515,,Nopah Range Wilderness — Wilderness Connect profile,interagency profile,Interagency Wilderness Connect,,Nopah Range Wilderness,https://wilderness.net/visit-wilderness/?ID=411,https://wilderness.net/visit-wilderness/,9 - interagency reference,wilderness-wide,2026-08-04,Secondary reference; not statutory or a managing-agency page.
doc-d4c9f2f8b99f,fw-2515,,Public Law 103-433 — California Desert Protection Act of 1994,public law,U.S. Congress,1994-10-31,Nopah Range Wilderness,https://www.govinfo.gov/content/pkg/PLAW-103publ433/html/PLAW-103publ433.htm,https://www.govinfo.gov/content/pkg/PLAW-103publ433/html/PLAW-103publ433.htm,1 - public law,wilderness-wide,2026-08-04,Statutory text; consult maps and legal descriptions incorporated by reference.
doc-25ea4e5db2c1,fw-2515,,Nopah Range Wilderness,official wilderness webpage,Bureau of Land Management,,Nopah Range Wilderness,https://www.blm.gov/visit/nopah-range-wilderness,https://www.blm.gov/visit/nopah-range-wilderness,3 - official managing-agency page,wilderness-wide or agency-component as labeled,2026-08-04,Use component-specific language where the page describes only the agency's portion.
doc-2cc78ccb5354,fw-2522,,North Algodones Dunes Wilderness — Wilderness Connect profile,interagency profile,Interagency Wilderness Connect,,North Algodones Dunes Wilderness,https://wilderness.net/visit-wilderness/?ID=415,https://wilderness.net/visit-wilderness/,9 - interagency reference,wilderness-wide,2026-08-04,Secondary reference; not statutory or a managing-agency page.
doc-daf142f36c67,fw-2522,,Public Law 103-433 — California Desert Protection Act of 1994,public law,U.S. Congress,1994-10-31,North Algodones Dunes Wilderness,https://www.govinfo.gov/content/pkg/PLAW-103publ433/html/PLAW-103publ433.htm,https://www.govinfo.gov/content/pkg/PLAW-103publ433/html/PLAW-103publ433.htm,1 - public law,wilderness-wide,2026-08-04,Statutory text; consult maps and legal descriptions incorporated by reference.
doc-334adfefd6c0,fw-2544,,North Fork Wilderness — Wilderness Connect profile,interagency profile,Interagency Wilderness Connect,,North Fork Wilderness,https://wilderness.net/visit-wilderness/?ID=417,https://wilderness.net/visit-wilderness/,9 - interagency reference,wilderness-wide,2026-08-04,Secondary reference; not statutory or a managing-agency page.
doc-74d2fe0c9e39,fw-2544,,Public Law 98-425 — California Wilderness Act of 1984,public law,U.S. Congress,1984-09-28,North Fork Wilderness,https://www.govinfo.gov/content/pkg/PLAW-98publ425/html/PLAW-98publ425.htm,https://www.govinfo.gov/content/pkg/PLAW-98publ425/html/PLAW-98publ425.htm,1 - public law,wilderness-wide,2026-08-04,Statutory text; consult maps and legal descriptions incorporated by reference.
doc-fe5314767ef0,fw-2550,,North Mesquite Mountains Wilderness — Wilderness Connect profile,interagency profile,Interagency Wilderness Connect,,North Mesquite Mountains Wilderness,https://wilderness.net/visit-wilderness/?ID=423,https://wilderness.net/visit-wilderness/,9 - interagency reference,wilderness-wide,2026-08-04,Secondary reference; not statutory or a managing-agency page.
doc-1b28bbdca27c,fw-2550,,Public Law 103-433 — California Desert Protection Act of 1994,public law,U.S. Congress,1994-10-31,North Mesquite Mountains Wilderness,https://www.govinfo.gov/content/pkg/PLAW-103publ433/html/PLAW-103publ433.htm,https://www.govinfo.gov/content/pkg/PLAW-103publ433/html/PLAW-103publ433.htm,1 - public law,wilderness-wide,2026-08-04,Statutory text; consult maps and legal descriptions incorporated by reference.
doc-69d4e7ea0c2d,fw-2599,,Old Woman Mountains Wilderness — Wilderness Connect profile,interagency profile,Interagency Wilderness Connect,,Old Woman Mountains Wilderness,https://wilderness.net/visit-wilderness/?ID=427,https://wilderness.net/visit-wilderness/,9 - interagency reference,wilderness-wide,2026-08-04,Secondary reference; not statutory or a managing-agency page.
doc-ec8f8d9c967d,fw-2599,,Public Law 103-433 — California Desert Protection Act of 1994,public law,U.S. Congress,1994-10-31,Old Woman Mountains Wilderness,https://www.govinfo.gov/content/pkg/PLAW-103publ433/html/PLAW-103publ433.htm,https://www.govinfo.gov/content/pkg/PLAW-103publ433/html/PLAW-103publ433.htm,1 - public law,wilderness-wide,2026-08-04,Statutory text; consult maps and legal descriptions incorporated by reference.
doc-3956e0782cfc,fw-2631,,Orocopia Mountains Wilderness — Wilderness Connect profile,interagency profile,Interagency Wilderness Connect,,Orocopia Mountains Wilderness,https://wilderness.net/visit-wilderness/?ID=432,https://wilderness.net/visit-wilderness/,9 - interagency reference,wilderness-wide,2026-08-04,Secondary reference; not statutory or a managing-agency page.
doc-ea15d76af5bc,fw-2631,,Public Law 103-433 — California Desert Protection Act of 1994,public law,U.S. Congress,1994-10-31,Orocopia Mountains Wilderness,https://www.govinfo.gov/content/pkg/PLAW-103publ433/html/PLAW-103publ433.htm,https://www.govinfo.gov/content/pkg/PLAW-103publ433/html/PLAW-103publ433.htm,1 - public law,wilderness-wide,2026-08-04,Statutory text; consult maps and legal descriptions incorporated by reference.
doc-36d4684a6aa6,fw-2631,,Public Law 111-11 — Omnibus Public Land Management Act of 2009,public law,U.S. Congress,2009-03-30,Orocopia Mountains Wilderness,https://www.govinfo.gov/content/pkg/PLAW-111publ11/html/PLAW-111publ11.htm,https://www.govinfo.gov/content/pkg/PLAW-111publ11/html/PLAW-111publ11.htm,1 - public law,wilderness-wide,2026-08-04,Statutory text; consult maps and legal descriptions incorporated by reference.
doc-17e3016a1e9f,fw-2636,,Otay Mountain Wilderness — Wilderness Connect profile,interagency profile,Interagency Wilderness Connect,,Otay Mountain Wilderness,https://wilderness.net/visit-wilderness/?ID=433,https://wilderness.net/visit-wilderness/,9 - interagency reference,wilderness-wide,2026-08-04,Secondary reference; not statutory or a managing-agency page.
doc-735a67558558,fw-2636,,Public Law 106-145 — Otay Mountain Wilderness Act of 1999,public law,U.S. Congress,1999-12-09,Otay Mountain Wilderness,https://www.govinfo.gov/content/pkg/PLAW-106publ145/html/PLAW-106publ145.htm,https://www.govinfo.gov/content/pkg/PLAW-106publ145/html/PLAW-106publ145.htm,1 - public law,wilderness-wide,2026-08-04,Statutory text; consult maps and legal descriptions incorporated by reference.
doc-c6d931d13d06,fw-2646,,Owens Peak Wilderness — Wilderness Connect profile,interagency profile,Interagency Wilderness Connect,,Owens Peak Wilderness,https://wilderness.net/visit-wilderness/?ID=435,https://wilderness.net/visit-wilderness/,9 - interagency reference,wilderness-wide,2026-08-04,Secondary reference; not statutory or a managing-agency page.
doc-034b0f64f15b,fw-2646,,Public Law 103-433 — California Desert Protection Act of 1994,public law,U.S. Congress,1994-10-31,Owens Peak Wilderness,https://www.govinfo.gov/content/pkg/PLAW-103publ433/html/PLAW-103publ433.htm,https://www.govinfo.gov/content/pkg/PLAW-103publ433/html/PLAW-103publ433.htm,1 - public law,wilderness-wide,2026-08-04,Statutory text; consult maps and legal descriptions incorporated by reference.
doc-d44b628f14ed,fw-2648,,Owens River Headwaters Wilderness — Wilderness Connect profile,interagency profile,Interagency Wilderness Connect,,Owens River Headwaters Wilderness,https://wilderness.net/visit-wilderness/?ID=735,https://wilderness.net/visit-wilderness/,9 - interagency reference,wilderness-wide,2026-08-04,Secondary reference; not statutory or a managing-agency page.
doc-c14f0d7f5825,fw-2648,,Public Law 111-11 — Omnibus Public Land Management Act of 2009,public law,U.S. Congress,2009-03-30,Owens River Headwaters Wilderness,https://www.govinfo.gov/content/pkg/PLAW-111publ11/html/PLAW-111publ11.htm,https://www.govinfo.gov/content/pkg/PLAW-111publ11/html/PLAW-111publ11.htm,1 - public law,wilderness-wide,2026-08-04,Statutory text; consult maps and legal descriptions incorporated by reference.
doc-8ff30411868e,fw-2670,,Pahrump Valley Wilderness — Wilderness Connect profile,interagency profile,Interagency Wilderness Connect,,Pahrump Valley Wilderness,https://wilderness.net/visit-wilderness/?ID=437,https://wilderness.net/visit-wilderness/,9 - interagency reference,wilderness-wide,2026-08-04,Secondary reference; not statutory or a managing-agency page.
doc-b0c5e9cdcb15,fw-2670,,Public Law 103-433 — California Desert Protection Act of 1994,public law,U.S. Congress,1994-10-31,Pahrump Valley Wilderness,https://www.govinfo.gov/content/pkg/PLAW-103publ433/html/PLAW-103publ433.htm,https://www.govinfo.gov/content/pkg/PLAW-103publ433/html/PLAW-103publ433.htm,1 - public law,wilderness-wide,2026-08-04,Statutory text; consult maps and legal descriptions incorporated by reference.
doc-53394d7d5e7c,fw-2676,,Palen/McCoy Wilderness — Wilderness Connect profile,interagency profile,Interagency Wilderness Connect,,Palen/McCoy Wilderness,https://wilderness.net/visit-wilderness/?ID=441,https://wilderness.net/visit-wilderness/,9 - interagency reference,wilderness-wide,2026-08-04,Secondary reference; not statutory or a managing-agency page.
doc-26900360181a,fw-2676,,Public Law 103-433 — California Desert Protection Act of 1994,public law,U.S. Congress,1994-10-31,Palen/McCoy Wilderness,https://www.govinfo.gov/content/pkg/PLAW-103publ433/html/PLAW-103publ433.htm,https://www.govinfo.gov/content/pkg/PLAW-103publ433/html/PLAW-103publ433.htm,1 - public law,wilderness-wide,2026-08-04,Statutory text; consult maps and legal descriptions incorporated by reference.
doc-aa7a0b8bca63,fw-2676,,Public Law 111-11 — Omnibus Public Land Management Act of 2009,public law,U.S. Congress,2009-03-30,Palen/McCoy Wilderness,https://www.govinfo.gov/content/pkg/PLAW-111publ11/html/PLAW-111publ11.htm,https://www.govinfo.gov/content/pkg/PLAW-111publ11/html/PLAW-111publ11.htm,1 - public law,wilderness-wide,2026-08-04,Statutory text; consult maps and legal descriptions incorporated by reference.
doc-73fc73ec4286,fw-2680,,Palo Verde Mountains Wilderness — Wilderness Connect profile,interagency profile,Interagency Wilderness Connect,,Palo Verde Mountains Wilderness,https://wilderness.net/visit-wilderness/?ID=442,https://wilderness.net/visit-wilderness/,9 - interagency reference,wilderness-wide,2026-08-04,Secondary reference; not statutory or a managing-agency page.
doc-7cd9f1baadd3,fw-2680,,Public Law 103-433 — California Desert Protection Act of 1994,public law,U.S. Congress,1994-10-31,Palo Verde Mountains Wilderness,https://www.govinfo.gov/content/pkg/PLAW-103publ433/html/PLAW-103publ433.htm,https://www.govinfo.gov/content/pkg/PLAW-103publ433/html/PLAW-103publ433.htm,1 - public law,wilderness-wide,2026-08-04,Statutory text; consult maps and legal descriptions incorporated by reference.
doc-53a67dff1fe2,fw-2680,,Palo Verde Mountains Wilderness,official wilderness webpage,Bureau of Land Management,,Palo Verde Mountains Wilderness,https://www.blm.gov/visit/palo-verde-mountains-wilderness,https://www.blm.gov/visit/palo-verde-mountains-wilderness,3 - official managing-agency page,wilderness-wide or agency-component as labeled,2026-08-04,Use component-specific language where the page describes only the agency's portion.
doc-cf47502f5926,fw-2751,,Phillip Burton Wilderness — Wilderness Connect profile,interagency profile,Interagency Wilderness Connect,,Phillip Burton Wilderness,https://wilderness.net/visit-wilderness/?ID=455,https://wilderness.net/visit-wilderness/,9 - interagency reference,wilderness-wide,2026-08-04,Secondary reference; not statutory or a managing-agency page.
doc-b570e828fa7c,fw-2751,,Public Law 94-557 — Wilderness designations act,public law,U.S. Congress,1976-10-19,Phillip Burton Wilderness,https://www.govinfo.gov/content/pkg/PLAW-94publ557/html/PLAW-94publ557.htm,https://www.govinfo.gov/content/pkg/PLAW-94publ557/html/PLAW-94publ557.htm,1 - public law,wilderness-wide,2026-08-04,Statutory text; consult maps and legal descriptions incorporated by reference.
doc-efa50de9b49a,fw-2754,,Picacho Peak Wilderness — Wilderness Connect profile,interagency profile,Interagency Wilderness Connect,,Picacho Peak Wilderness,https://wilderness.net/visit-wilderness/?ID=456,https://wilderness.net/visit-wilderness/,9 - interagency reference,wilderness-wide,2026-08-04,Secondary reference; not statutory or a managing-agency page.
doc-87b8631aa5b5,fw-2754,,Public Law 103-433 — California Desert Protection Act of 1994,public law,U.S. Congress,1994-10-31,Picacho Peak Wilderness,https://www.govinfo.gov/content/pkg/PLAW-103publ433/html/PLAW-103publ433.htm,https://www.govinfo.gov/content/pkg/PLAW-103publ433/html/PLAW-103publ433.htm,1 - public law,wilderness-wide,2026-08-04,Statutory text; consult maps and legal descriptions incorporated by reference.
doc-0a549bd8eb4b,fw-2770,,Pine Creek Wilderness — Wilderness Connect profile,interagency profile,Interagency Wilderness Connect,,Pine Creek Wilderness,https://wilderness.net/visit-wilderness/?ID=457,https://wilderness.net/visit-wilderness/,9 - interagency reference,wilderness-wide,2026-08-04,Secondary reference; not statutory or a managing-agency page.
doc-16c7388752e2,fw-2770,,Public Law 98-425 — California Wilderness Act of 1984,public law,U.S. Congress,1984-09-28,Pine Creek Wilderness,https://www.govinfo.gov/content/pkg/PLAW-98publ425/html/PLAW-98publ425.htm,https://www.govinfo.gov/content/pkg/PLAW-98publ425/html/PLAW-98publ425.htm,1 - public law,wilderness-wide,2026-08-04,Statutory text; consult maps and legal descriptions incorporated by reference.
doc-6fa32b94fb29,fw-2785,,Pinto Mountains Wilderness — Wilderness Connect profile,interagency profile,Interagency Wilderness Connect,,Pinto Mountains Wilderness,https://wilderness.net/visit-wilderness/?ID=737,https://wilderness.net/visit-wilderness/,9 - interagency reference,wilderness-wide,2026-08-04,Secondary reference; not statutory or a managing-agency page.
doc-8a4c3218d44e,fw-2785,,Public Law 111-11 — Omnibus Public Land Management Act of 2009,public law,U.S. Congress,2009-03-30,Pinto Mountains Wilderness,https://www.govinfo.gov/content/pkg/PLAW-111publ11/html/PLAW-111publ11.htm,https://www.govinfo.gov/content/pkg/PLAW-111publ11/html/PLAW-111publ11.htm,1 - public law,wilderness-wide,2026-08-04,Statutory text; consult maps and legal descriptions incorporated by reference.
doc-3a49ce755a34,fw-2789,,Piper Mountain Wilderness — Wilderness Connect profile,interagency profile,Interagency Wilderness Connect,,Piper Mountain Wilderness,https://wilderness.net/visit-wilderness/?ID=463,https://wilderness.net/visit-wilderness/,9 - interagency reference,wilderness-wide,2026-08-04,Secondary reference; not statutory or a managing-agency page.
doc-367b046c36c9,fw-2789,,Public Law 103-433 — California Desert Protection Act of 1994,public law,U.S. Congress,1994-10-31,Piper Mountain Wilderness,https://www.govinfo.gov/content/pkg/PLAW-103publ433/html/PLAW-103publ433.htm,https://www.govinfo.gov/content/pkg/PLAW-103publ433/html/PLAW-103publ433.htm,1 - public law,wilderness-wide,2026-08-04,Statutory text; consult maps and legal descriptions incorporated by reference.
doc-6f7c07f23245,fw-2797,,Piute Mountains Wilderness — Wilderness Connect profile,interagency profile,Interagency Wilderness Connect,,Piute Mountains Wilderness,https://wilderness.net/visit-wilderness/?ID=464,https://wilderness.net/visit-wilderness/,9 - interagency reference,wilderness-wide,2026-08-04,Secondary reference; not statutory or a managing-agency page.
doc-9758256057c8,fw-2797,,Public Law 103-433 — California Desert Protection Act of 1994,public law,U.S. Congress,1994-10-31,Piute Mountains Wilderness,https://www.govinfo.gov/content/pkg/PLAW-103publ433/html/PLAW-103publ433.htm,https://www.govinfo.gov/content/pkg/PLAW-103publ433/html/PLAW-103publ433.htm,1 - public law,wilderness-wide,2026-08-04,Statutory text; consult maps and legal descriptions incorporated by reference.
doc-f9b06f365444,fw-2806,,Pleasant View Ridge Wilderness — Wilderness Connect profile,interagency profile,Interagency Wilderness Connect,,Pleasant View Ridge Wilderness,https://wilderness.net/visit-wilderness/?ID=738,https://wilderness.net/visit-wilderness/,9 - interagency reference,wilderness-wide,2026-08-04,Secondary reference; not statutory or a managing-agency page.
doc-f6727b5a893f,fw-2806,,Public Law 111-11 — Omnibus Public Land Management Act of 2009,public law,U.S. Congress,2009-03-30,Pleasant View Ridge Wilderness,https://www.govinfo.gov/content/pkg/PLAW-111publ11/html/PLAW-111publ11.htm,https://www.govinfo.gov/content/pkg/PLAW-111publ11/html/PLAW-111publ11.htm,1 - public law,wilderness-wide,2026-08-04,Statutory text; consult maps and legal descriptions incorporated by reference.
doc-c7eaea40ef93,fw-2917,,Red Buttes Wilderness — Wilderness Connect profile,interagency profile,Interagency Wilderness Connect,,Red Buttes Wilderness,https://wilderness.net/visit-wilderness/?ID=487,https://wilderness.net/visit-wilderness/,9 - interagency reference,wilderness-wide,2026-08-04,Secondary reference; not statutory or a managing-agency page.
doc-dc1d39ba8f69,fw-2917,,Public Law 98-425 — California Wilderness Act of 1984,public law,U.S. Congress,1984-09-28,Red Buttes Wilderness,https://www.govinfo.gov/content/pkg/PLAW-98publ425/html/PLAW-98publ425.htm,https://www.govinfo.gov/content/pkg/PLAW-98publ425/html/PLAW-98publ425.htm,1 - public law,wilderness-wide,2026-08-04,Statutory text; consult maps and legal descriptions incorporated by reference.
doc-7e0bc440b765,fw-2946,,Resting Spring Range Wilderness — Wilderness Connect profile,interagency profile,Interagency Wilderness Connect,,Resting Spring Range Wilderness,https://wilderness.net/visit-wilderness/?ID=491,https://wilderness.net/visit-wilderness/,9 - interagency reference,wilderness-wide,2026-08-04,Secondary reference; not statutory or a managing-agency page.
doc-faab158edb0b,fw-2946,,Public Law 103-433 — California Desert Protection Act of 1994,public law,U.S. Congress,1994-10-31,Resting Spring Range Wilderness,https://www.govinfo.gov/content/pkg/PLAW-103publ433/html/PLAW-103publ433.htm,https://www.govinfo.gov/content/pkg/PLAW-103publ433/html/PLAW-103publ433.htm,1 - public law,wilderness-wide,2026-08-04,Statutory text; consult maps and legal descriptions incorporated by reference.
doc-dab278e5c3f0,fw-2949,,Rice Valley Wilderness — Wilderness Connect profile,interagency profile,Interagency Wilderness Connect,,Rice Valley Wilderness,https://wilderness.net/visit-wilderness/?ID=492,https://wilderness.net/visit-wilderness/,9 - interagency reference,wilderness-wide,2026-08-04,Secondary reference; not statutory or a managing-agency page.
doc-5beea61c8c13,fw-2949,,Public Law 103-433 — California Desert Protection Act of 1994,public law,U.S. Congress,1994-10-31,Rice Valley Wilderness,https://www.govinfo.gov/content/pkg/PLAW-103publ433/html/PLAW-103publ433.htm,https://www.govinfo.gov/content/pkg/PLAW-103publ433/html/PLAW-103publ433.htm,1 - public law,wilderness-wide,2026-08-04,Statutory text; consult maps and legal descriptions incorporated by reference.
doc-6e597f8d5d13,fw-2972,,Riverside Mountains Wilderness — Wilderness Connect profile,interagency profile,Interagency Wilderness Connect,,Riverside Mountains Wilderness,https://wilderness.net/visit-wilderness/?ID=497,https://wilderness.net/visit-wilderness/,9 - interagency reference,wilderness-wide,2026-08-04,Secondary reference; not statutory or a managing-agency page.
doc-6fda0e086409,fw-2972,,Public Law 103-433 — California Desert Protection Act of 1994,public law,U.S. Congress,1994-10-31,Riverside Mountains Wilderness,https://www.govinfo.gov/content/pkg/PLAW-103publ433/html/PLAW-103publ433.htm,https://www.govinfo.gov/content/pkg/PLAW-103publ433/html/PLAW-103publ433.htm,1 - public law,wilderness-wide,2026-08-04,Statutory text; consult maps and legal descriptions incorporated by reference.
doc-a03d4e84432e,fw-2990,,Rocks and Islands Wilderness — Wilderness Connect profile,interagency profile,Interagency Wilderness Connect,,Rocks and Islands Wilderness,https://wilderness.net/visit-wilderness/?ID=703,https://wilderness.net/visit-wilderness/,9 - interagency reference,wilderness-wide,2026-08-04,Secondary reference; not statutory or a managing-agency page.
doc-8f2c5c8c6ceb,fw-2990,,Public Law 109-362 — Northern California Coastal Wild Heritage Wilderness Act,public law,U.S. Congress,2006-10-17,Rocks and Islands Wilderness,https://www.govinfo.gov/content/pkg/PLAW-109publ362/html/PLAW-109publ362.htm,https://www.govinfo.gov/content/pkg/PLAW-109publ362/html/PLAW-109publ362.htm,1 - public law,wilderness-wide,2026-08-04,Statutory text; consult maps and legal descriptions incorporated by reference.
doc-ccf60a6bd344,fw-3002,,Rodman Mountains Wilderness — Wilderness Connect profile,interagency profile,Interagency Wilderness Connect,,Rodman Mountains Wilderness,https://wilderness.net/visit-wilderness/?ID=501,https://wilderness.net/visit-wilderness/,9 - interagency reference,wilderness-wide,2026-08-04,Secondary reference; not statutory or a managing-agency page.
doc-223ae8d12893,fw-3002,,Public Law 103-433 — California Desert Protection Act of 1994,public law,U.S. Congress,1994-10-31,Rodman Mountains Wilderness,https://www.govinfo.gov/content/pkg/PLAW-103publ433/html/PLAW-103publ433.htm,https://www.govinfo.gov/content/pkg/PLAW-103publ433/html/PLAW-103publ433.htm,1 - public law,wilderness-wide,2026-08-04,Statutory text; consult maps and legal descriptions incorporated by reference.
doc-765d082b600c,fw-3029,,Russian Wilderness — Wilderness Connect profile,interagency profile,Interagency Wilderness Connect,,Russian Wilderness,https://wilderness.net/visit-wilderness/?ID=507,https://wilderness.net/visit-wilderness/,9 - interagency reference,wilderness-wide,2026-08-04,Secondary reference; not statutory or a managing-agency page.
doc-7c4e3a0285c5,fw-3029,,Public Law 98-425 — California Wilderness Act of 1984,public law,U.S. Congress,1984-09-28,Russian Wilderness,https://www.govinfo.gov/content/pkg/PLAW-98publ425/html/PLAW-98publ425.htm,https://www.govinfo.gov/content/pkg/PLAW-98publ425/html/PLAW-98publ425.htm,1 - public law,wilderness-wide,2026-08-04,Statutory text; consult maps and legal descriptions incorporated by reference.
doc-c364192480f4,fw-3036,,Sacatar Trail Wilderness — Wilderness Connect profile,interagency profile,Interagency Wilderness Connect,,Sacatar Trail Wilderness,https://wilderness.net/visit-wilderness/?ID=508,https://wilderness.net/visit-wilderness/,9 - interagency reference,wilderness-wide,2026-08-04,Secondary reference; not statutory or a managing-agency page.
doc-d5abe43be598,fw-3036,,Public Law 103-433 — California Desert Protection Act of 1994,public law,U.S. Congress,1994-10-31,Sacatar Trail Wilderness,https://www.govinfo.gov/content/pkg/PLAW-103publ433/html/PLAW-103publ433.htm,https://www.govinfo.gov/content/pkg/PLAW-103publ433/html/PLAW-103publ433.htm,1 - public law,wilderness-wide,2026-08-04,Statutory text; consult maps and legal descriptions incorporated by reference.
doc-9a1c8d37cb14,fw-3044,,Saddle Peak Hills Wilderness — Wilderness Connect profile,interagency profile,Interagency Wilderness Connect,,Saddle Peak Hills Wilderness,https://wilderness.net/visit-wilderness/?ID=510,https://wilderness.net/visit-wilderness/,9 - interagency reference,wilderness-wide,2026-08-04,Secondary reference; not statutory or a managing-agency page.
doc-b9b26216ffc9,fw-3044,,Public Law 103-433 — California Desert Protection Act of 1994,public law,U.S. Congress,1994-10-31,Saddle Peak Hills Wilderness,https://www.govinfo.gov/content/pkg/PLAW-103publ433/html/PLAW-103publ433.htm,https://www.govinfo.gov/content/pkg/PLAW-103publ433/html/PLAW-103publ433.htm,1 - public law,wilderness-wide,2026-08-04,Statutory text; consult maps and legal descriptions incorporated by reference.
doc-14c93d6b19df,fw-3099,,San Gabriel Wilderness — Wilderness Connect profile,interagency profile,Interagency Wilderness Connect,,San Gabriel Wilderness,https://wilderness.net/visit-wilderness/?ID=520,https://wilderness.net/visit-wilderness/,9 - interagency reference,wilderness-wide,2026-08-04,Secondary reference; not statutory or a managing-agency page.
doc-e6fd3fb46af3,fw-3099,,Public Law 90-318 — San Gabriel Wilderness Act,public law,U.S. Congress,1968-06-01,San Gabriel Wilderness,https://www.govinfo.gov/content/pkg/PLAW-90publ318/html/PLAW-90publ318.htm,https://www.govinfo.gov/content/pkg/PLAW-90publ318/html/PLAW-90publ318.htm,1 - public law,wilderness-wide,2026-08-04,Statutory text; consult maps and legal descriptions incorporated by reference.
doc-a8c9ce580b13,fw-3100,,San Gorgonio Wilderness — Wilderness Connect profile,interagency profile,Interagency Wilderness Connect,,San Gorgonio Wilderness,https://wilderness.net/visit-wilderness/?ID=521,https://wilderness.net/visit-wilderness/,9 - interagency reference,wilderness-wide,2026-08-04,Secondary reference; not statutory or a managing-agency page.
doc-75d40dc4810a,fw-3100,,Public Law 103-433 — California Desert Protection Act of 1994,public law,U.S. Congress,1994-10-31,San Gorgonio Wilderness,https://www.govinfo.gov/content/pkg/PLAW-103publ433/html/PLAW-103publ433.htm,https://www.govinfo.gov/content/pkg/PLAW-103publ433/html/PLAW-103publ433.htm,1 - public law,wilderness-wide,2026-08-04,Statutory text; consult maps and legal descriptions incorporated by reference.
doc-70982c0bb6d1,fw-3102,,San Jacinto Wilderness — Wilderness Connect profile,interagency profile,Interagency Wilderness Connect,,San Jacinto Wilderness,https://wilderness.net/visit-wilderness/?ID=522,https://wilderness.net/visit-wilderness/,9 - interagency reference,wilderness-wide,2026-08-04,Secondary reference; not statutory or a managing-agency page.
doc-d211270fd77e,fw-3102,,Public Law 88-577 — Wilderness Act of 1964,public law,U.S. Congress,1964-09-03,San Jacinto Wilderness,https://www.govinfo.gov/content/pkg/PLAW-88publ577/html/PLAW-88publ577.htm,https://www.govinfo.gov/content/pkg/PLAW-88publ577/html/PLAW-88publ577.htm,1 - public law,wilderness-wide,2026-08-04,Statutory text; consult maps and legal descriptions incorporated by reference.
doc-5717c2b9cadc,fw-3114,,San Mateo Canyon Wilderness — Wilderness Connect profile,interagency profile,Interagency Wilderness Connect,,San Mateo Canyon Wilderness,https://wilderness.net/visit-wilderness/?ID=524,https://wilderness.net/visit-wilderness/,9 - interagency reference,wilderness-wide,2026-08-04,Secondary reference; not statutory or a managing-agency page.
doc-8766694ee423,fw-3114,,Public Law 98-425 — California Wilderness Act of 1984,public law,U.S. Congress,1984-09-28,San Mateo Canyon Wilderness,https://www.govinfo.gov/content/pkg/PLAW-98publ425/html/PLAW-98publ425.htm,https://www.govinfo.gov/content/pkg/PLAW-98publ425/html/PLAW-98publ425.htm,1 - public law,wilderness-wide,2026-08-04,Statutory text; consult maps and legal descriptions incorporated by reference.
doc-76678c5c957b,fw-3122,,San Rafael Wilderness — Wilderness Connect profile,interagency profile,Interagency Wilderness Connect,,San Rafael Wilderness,https://wilderness.net/visit-wilderness/?ID=526,https://wilderness.net/visit-wilderness/,9 - interagency reference,wilderness-wide,2026-08-04,Secondary reference; not statutory or a managing-agency page.
doc-428fefb6ff67,fw-3122,,Public Law 90-271 — San Rafael Wilderness Act,public law,U.S. Congress,1968-03-21,San Rafael Wilderness,https://www.govinfo.gov/content/pkg/PLAW-90publ271/html/PLAW-90publ271.htm,https://www.govinfo.gov/content/pkg/PLAW-90publ271/html/PLAW-90publ271.htm,1 - public law,wilderness-wide,2026-08-04,Statutory text; consult maps and legal descriptions incorporated by reference.
doc-c4895a5e49bd,fw-3141,,Sanhedrin Wilderness — Wilderness Connect profile,interagency profile,Interagency Wilderness Connect,,Sanhedrin Wilderness,https://wilderness.net/visit-wilderness/?ID=681,https://wilderness.net/visit-wilderness/,9 - interagency reference,wilderness-wide,2026-08-04,Secondary reference; not statutory or a managing-agency page.
doc-153dc59f2706,fw-3141,,Public Law 109-362 — Northern California Coastal Wild Heritage Wilderness Act,public law,U.S. Congress,2006-10-17,Sanhedrin Wilderness,https://www.govinfo.gov/content/pkg/PLAW-109publ362/html/PLAW-109publ362.htm,https://www.govinfo.gov/content/pkg/PLAW-109publ362/html/PLAW-109publ362.htm,1 - public law,wilderness-wide,2026-08-04,Statutory text; consult maps and legal descriptions incorporated by reference.
doc-dcbfd1823004,fw-3148,,Santa Lucia Wilderness — Wilderness Connect profile,interagency profile,Interagency Wilderness Connect,,Santa Lucia Wilderness,https://wilderness.net/visit-wilderness/?ID=530,https://wilderness.net/visit-wilderness/,9 - interagency reference,wilderness-wide,2026-08-04,Secondary reference; not statutory or a managing-agency page.
doc-b94ff5c64596,fw-3148,,Public Law 95-237 — Endangered American Wilderness Act of 1978,public law,U.S. Congress,1978-02-24,Santa Lucia Wilderness,https://www.govinfo.gov/content/pkg/PLAW-95publ237/html/PLAW-95publ237.htm,https://www.govinfo.gov/content/pkg/PLAW-95publ237/html/PLAW-95publ237.htm,1 - public law,wilderness-wide,2026-08-04,Statutory text; consult maps and legal descriptions incorporated by reference.
doc-6beb832ad1c2,fw-3154,,Santa Rosa Wilderness — Wilderness Connect profile,interagency profile,Interagency Wilderness Connect,,Santa Rosa Wilderness,https://wilderness.net/visit-wilderness/?ID=531,https://wilderness.net/visit-wilderness/,9 - interagency reference,wilderness-wide,2026-08-04,Secondary reference; not statutory or a managing-agency page.
doc-1d1390f085c2,fw-3154,,Public Law 103-433 — California Desert Protection Act of 1994,public law,U.S. Congress,1994-10-31,Santa Rosa Wilderness,https://www.govinfo.gov/content/pkg/PLAW-103publ433/html/PLAW-103publ433.htm,https://www.govinfo.gov/content/pkg/PLAW-103publ433/html/PLAW-103publ433.htm,1 - public law,wilderness-wide,2026-08-04,Statutory text; consult maps and legal descriptions incorporated by reference.
doc-210bb48a9cfe,fw-3154,,Public Law 111-11 — Omnibus Public Land Management Act of 2009,public law,U.S. Congress,2009-03-30,Santa Rosa Wilderness,https://www.govinfo.gov/content/pkg/PLAW-111publ11/html/PLAW-111publ11.htm,https://www.govinfo.gov/content/pkg/PLAW-111publ11/html/PLAW-111publ11.htm,1 - public law,wilderness-wide,2026-08-04,Statutory text; consult maps and legal descriptions incorporated by reference.
doc-9974534bf8d9,fw-3154,,Santa Rosa Wilderness,official wilderness webpage,Bureau of Land Management,,Santa Rosa Wilderness,https://www.blm.gov/visit/santa-rosa-wilderness,https://www.blm.gov/visit/santa-rosa-wilderness,3 - official managing-agency page,wilderness-wide or agency-component as labeled,2026-08-04,Use component-specific language where the page describes only the agency's portion.
doc-af2f2ee26278,fw-3179,,Sawtooth Mountains Wilderness — Wilderness Connect profile,interagency profile,Interagency Wilderness Connect,,Sawtooth Mountains Wilderness,https://wilderness.net/visit-wilderness/?ID=537,https://wilderness.net/visit-wilderness/,9 - interagency reference,wilderness-wide,2026-08-04,Secondary reference; not statutory or a managing-agency page.
doc-68de409bcbe4,fw-3179,,Public Law 103-433 — California Desert Protection Act of 1994,public law,U.S. Congress,1994-10-31,Sawtooth Mountains Wilderness,https://www.govinfo.gov/content/pkg/PLAW-103publ433/html/PLAW-103publ433.htm,https://www.govinfo.gov/content/pkg/PLAW-103publ433/html/PLAW-103publ433.htm,1 - public law,wilderness-wide,2026-08-04,Statutory text; consult maps and legal descriptions incorporated by reference.
doc-1c7e9118b7e6,fw-3213,,Sequoia-Kings Canyon Wilderness — Wilderness Connect profile,interagency profile,Interagency Wilderness Connect,,Sequoia-Kings Canyon Wilderness,https://wilderness.net/visit-wilderness/?ID=543,https://wilderness.net/visit-wilderness/,9 - interagency reference,wilderness-wide,2026-08-04,Secondary reference; not statutory or a managing-agency page.
doc-2313b290cedb,fw-3213,,Public Law 98-425 — California Wilderness Act of 1984,public law,U.S. Congress,1984-09-28,Sequoia-Kings Canyon Wilderness,https://www.govinfo.gov/content/pkg/PLAW-98publ425/html/PLAW-98publ425.htm,https://www.govinfo.gov/content/pkg/PLAW-98publ425/html/PLAW-98publ425.htm,1 - public law,wilderness-wide,2026-08-04,Statutory text; consult maps and legal descriptions incorporated by reference.
doc-40178d068e6a,fw-3213,,Public Law 111-11 — Omnibus Public Land Management Act of 2009,public law,U.S. Congress,2009-03-30,Sequoia-Kings Canyon Wilderness,https://www.govinfo.gov/content/pkg/PLAW-111publ11/html/PLAW-111publ11.htm,https://www.govinfo.gov/content/pkg/PLAW-111publ11/html/PLAW-111publ11.htm,1 - public law,wilderness-wide,2026-08-04,Statutory text; consult maps and legal descriptions incorporated by reference.
doc-3e85a40bafaf,fw-3217,,Sespe Wilderness — Wilderness Connect profile,interagency profile,Interagency Wilderness Connect,,Sespe Wilderness,https://wilderness.net/visit-wilderness/?ID=544,https://wilderness.net/visit-wilderness/,9 - interagency reference,wilderness-wide,2026-08-04,Secondary reference; not statutory or a managing-agency page.
doc-ecdea910d415,fw-3217,,Public Law 102-301 — Los Padres Condor Range and River Protection Act,public law,U.S. Congress,1992-06-19,Sespe Wilderness,https://www.govinfo.gov/content/pkg/PLAW-102publ301/html/PLAW-102publ301.htm,https://www.govinfo.gov/content/pkg/PLAW-102publ301/html/PLAW-102publ301.htm,1 - public law,wilderness-wide,2026-08-04,Statutory text; consult maps and legal descriptions incorporated by reference.
doc-ddbfbf5f9b66,fw-3240,,Sheep Mountain Wilderness — Wilderness Connect profile,interagency profile,Interagency Wilderness Connect,,Sheep Mountain Wilderness,https://wilderness.net/visit-wilderness/?ID=546,https://wilderness.net/visit-wilderness/,9 - interagency reference,wilderness-wide,2026-08-04,Secondary reference; not statutory or a managing-agency page.
doc-777bfece3197,fw-3240,,Public Law 98-425 — California Wilderness Act of 1984,public law,U.S. Congress,1984-09-28,Sheep Mountain Wilderness,https://www.govinfo.gov/content/pkg/PLAW-98publ425/html/PLAW-98publ425.htm,https://www.govinfo.gov/content/pkg/PLAW-98publ425/html/PLAW-98publ425.htm,1 - public law,wilderness-wide,2026-08-04,Statutory text; consult maps and legal descriptions incorporated by reference.
doc-5025f917ccf6,fw-3245,,Sheephole Valley Wilderness — Wilderness Connect profile,interagency profile,Interagency Wilderness Connect,,Sheephole Valley Wilderness,https://wilderness.net/visit-wilderness/?ID=548,https://wilderness.net/visit-wilderness/,9 - interagency reference,wilderness-wide,2026-08-04,Secondary reference; not statutory or a managing-agency page.
doc-69aa4f4838bc,fw-3245,,Public Law 103-433 — California Desert Protection Act of 1994,public law,U.S. Congress,1994-10-31,Sheephole Valley Wilderness,https://www.govinfo.gov/content/pkg/PLAW-103publ433/html/PLAW-103publ433.htm,https://www.govinfo.gov/content/pkg/PLAW-103publ433/html/PLAW-103publ433.htm,1 - public law,wilderness-wide,2026-08-04,Statutory text; consult maps and legal descriptions incorporated by reference.
doc-e720c9c42268,fw-3293,,Silver Peak Wilderness — Wilderness Connect profile,interagency profile,Interagency Wilderness Connect,,Silver Peak Wilderness,https://wilderness.net/visit-wilderness/?ID=554,https://wilderness.net/visit-wilderness/,9 - interagency reference,wilderness-wide,2026-08-04,Secondary reference; not statutory or a managing-agency page.
doc-e5d7a48c4bb2,fw-3293,,Public Law 102-301 — Los Padres Condor Range and River Protection Act,public law,U.S. Congress,1992-06-19,Silver Peak Wilderness,https://www.govinfo.gov/content/pkg/PLAW-102publ301/html/PLAW-102publ301.htm,https://www.govinfo.gov/content/pkg/PLAW-102publ301/html/PLAW-102publ301.htm,1 - public law,wilderness-wide,2026-08-04,Statutory text; consult maps and legal descriptions incorporated by reference.
doc-f9f0623345b8,fw-3299,,Siskiyou Wilderness — Wilderness Connect profile,interagency profile,Interagency Wilderness Connect,,Siskiyou Wilderness,https://wilderness.net/visit-wilderness/?ID=557,https://wilderness.net/visit-wilderness/,9 - interagency reference,wilderness-wide,2026-08-04,Secondary reference; not statutory or a managing-agency page.
doc-1a3159bf5ac7,fw-3299,,Public Law 98-425 — California Wilderness Act of 1984,public law,U.S. Congress,1984-09-28,Siskiyou Wilderness,https://www.govinfo.gov/content/pkg/PLAW-98publ425/html/PLAW-98publ425.htm,https://www.govinfo.gov/content/pkg/PLAW-98publ425/html/PLAW-98publ425.htm,1 - public law,wilderness-wide,2026-08-04,Statutory text; consult maps and legal descriptions incorporated by reference.
doc-2dfd5ecc93d6,fw-3299,,Public Law 109-362 — Northern California Coastal Wild Heritage Wilderness Act,public law,U.S. Congress,2006-10-17,Siskiyou Wilderness,https://www.govinfo.gov/content/pkg/PLAW-109publ362/html/PLAW-109publ362.htm,https://www.govinfo.gov/content/pkg/PLAW-109publ362/html/PLAW-109publ362.htm,1 - public law,wilderness-wide,2026-08-04,Statutory text; consult maps and legal descriptions incorporated by reference.
doc-998f9f361365,fw-3322,,Snow Mountain Wilderness — Wilderness Connect profile,interagency profile,Interagency Wilderness Connect,,Snow Mountain Wilderness,https://wilderness.net/visit-wilderness/?ID=559,https://wilderness.net/visit-wilderness/,9 - interagency reference,wilderness-wide,2026-08-04,Secondary reference; not statutory or a managing-agency page.
doc-5f23aad948c3,fw-3322,,Public Law 98-425 — California Wilderness Act of 1984,public law,U.S. Congress,1984-09-28,Snow Mountain Wilderness,https://www.govinfo.gov/content/pkg/PLAW-98publ425/html/PLAW-98publ425.htm,https://www.govinfo.gov/content/pkg/PLAW-98publ425/html/PLAW-98publ425.htm,1 - public law,wilderness-wide,2026-08-04,Statutory text; consult maps and legal descriptions incorporated by reference.
doc-29f1e1ec9ffb,fw-3322,,Public Law 109-362 — Northern California Coastal Wild Heritage Wilderness Act,public law,U.S. Congress,2006-10-17,Snow Mountain Wilderness,https://www.govinfo.gov/content/pkg/PLAW-109publ362/html/PLAW-109publ362.htm,https://www.govinfo.gov/content/pkg/PLAW-109publ362/html/PLAW-109publ362.htm,1 - public law,wilderness-wide,2026-08-04,Statutory text; consult maps and legal descriptions incorporated by reference.
doc-a916a02b7229,fw-4547,,Soda Mountains Wilderness — Wilderness Connect profile,interagency profile,Interagency Wilderness Connect,,Soda Mountains Wilderness,https://wilderness.net/visit-wilderness/?ID=770,https://wilderness.net/visit-wilderness/,9 - interagency reference,wilderness-wide,2026-08-04,Secondary reference; not statutory or a managing-agency page.
doc-acb6ead3bb83,fw-4547,,"Public Law 116-9 — John D. Dingell, Jr. Conservation, Management, and Recreation Act",public law,U.S. Congress,2019-03-12,Soda Mountains Wilderness,https://www.govinfo.gov/content/pkg/PLAW-116publ9/html/PLAW-116publ9.htm,https://www.govinfo.gov/content/pkg/PLAW-116publ9/html/PLAW-116publ9.htm,1 - public law,wilderness-wide,2026-08-04,Statutory text; consult maps and legal descriptions incorporated by reference.
doc-85cb16290844,fw-3340,,South Fork Eel River Wilderness — Wilderness Connect profile,interagency profile,Interagency Wilderness Connect,,South Fork Eel River Wilderness,https://wilderness.net/visit-wilderness/?ID=686,https://wilderness.net/visit-wilderness/,9 - interagency reference,wilderness-wide,2026-08-04,Secondary reference; not statutory or a managing-agency page.
doc-f9267f797973,fw-3340,,Public Law 109-362 — Northern California Coastal Wild Heritage Wilderness Act,public law,U.S. Congress,2006-10-17,South Fork Eel River Wilderness,https://www.govinfo.gov/content/pkg/PLAW-109publ362/html/PLAW-109publ362.htm,https://www.govinfo.gov/content/pkg/PLAW-109publ362/html/PLAW-109publ362.htm,1 - public law,wilderness-wide,2026-08-04,Statutory text; consult maps and legal descriptions incorporated by reference.
doc-cbd1e4258caf,fw-3344,,South Fork San Jacinto Wilderness — Wilderness Connect profile,interagency profile,Interagency Wilderness Connect,,South Fork San Jacinto Wilderness,https://wilderness.net/visit-wilderness/?ID=749,https://wilderness.net/visit-wilderness/,9 - interagency reference,wilderness-wide,2026-08-04,Secondary reference; not statutory or a managing-agency page.
doc-a75829f8ae8c,fw-3344,,Public Law 111-11 — Omnibus Public Land Management Act of 2009,public law,U.S. Congress,2009-03-30,South Fork San Jacinto Wilderness,https://www.govinfo.gov/content/pkg/PLAW-111publ11/html/PLAW-111publ11.htm,https://www.govinfo.gov/content/pkg/PLAW-111publ11/html/PLAW-111publ11.htm,1 - public law,wilderness-wide,2026-08-04,Statutory text; consult maps and legal descriptions incorporated by reference.
doc-1590cd26c490,fw-3352,,South Nopah Range Wilderness — Wilderness Connect profile,interagency profile,Interagency Wilderness Connect,,South Nopah Range Wilderness,https://wilderness.net/visit-wilderness/?ID=566,https://wilderness.net/visit-wilderness/,9 - interagency reference,wilderness-wide,2026-08-04,Secondary reference; not statutory or a managing-agency page.
doc-7b5823a6a3ce,fw-3352,,Public Law 103-433 — California Desert Protection Act of 1994,public law,U.S. Congress,1994-10-31,South Nopah Range Wilderness,https://www.govinfo.gov/content/pkg/PLAW-103publ433/html/PLAW-103publ433.htm,https://www.govinfo.gov/content/pkg/PLAW-103publ433/html/PLAW-103publ433.htm,1 - public law,wilderness-wide,2026-08-04,Statutory text; consult maps and legal descriptions incorporated by reference.
doc-df0f93fc7e0a,fw-3360,,South Sierra Wilderness — Wilderness Connect profile,interagency profile,Interagency Wilderness Connect,,South Sierra Wilderness,https://wilderness.net/visit-wilderness/?ID=569,https://wilderness.net/visit-wilderness/,9 - interagency reference,wilderness-wide,2026-08-04,Secondary reference; not statutory or a managing-agency page.
doc-338744ab2244,fw-3360,,Public Law 98-425 — California Wilderness Act of 1984,public law,U.S. Congress,1984-09-28,South Sierra Wilderness,https://www.govinfo.gov/content/pkg/PLAW-98publ425/html/PLAW-98publ425.htm,https://www.govinfo.gov/content/pkg/PLAW-98publ425/html/PLAW-98publ425.htm,1 - public law,wilderness-wide,2026-08-04,Statutory text; consult maps and legal descriptions incorporated by reference.
doc-25268f56d410,fw-3362,,South Warner Wilderness — Wilderness Connect profile,interagency profile,Interagency Wilderness Connect,,South Warner Wilderness,https://wilderness.net/visit-wilderness/?ID=570,https://wilderness.net/visit-wilderness/,9 - interagency reference,wilderness-wide,2026-08-04,Secondary reference; not statutory or a managing-agency page.
doc-89e0e966ead5,fw-3362,,Public Law 88-577 — Wilderness Act of 1964,public law,U.S. Congress,1964-09-03,South Warner Wilderness,https://www.govinfo.gov/content/pkg/PLAW-88publ577/html/PLAW-88publ577.htm,https://www.govinfo.gov/content/pkg/PLAW-88publ577/html/PLAW-88publ577.htm,1 - public law,wilderness-wide,2026-08-04,Statutory text; consult maps and legal descriptions incorporated by reference.
doc-001bbded3e64,fw-3400,,Stateline Wilderness — Wilderness Connect profile,interagency profile,Interagency Wilderness Connect,,Stateline Wilderness,https://wilderness.net/visit-wilderness/?ID=575,https://wilderness.net/visit-wilderness/,9 - interagency reference,wilderness-wide,2026-08-04,Secondary reference; not statutory or a managing-agency page.
doc-b3ef1e350787,fw-3400,,Public Law 103-433 — California Desert Protection Act of 1994,public law,U.S. Congress,1994-10-31,Stateline Wilderness,https://www.govinfo.gov/content/pkg/PLAW-103publ433/html/PLAW-103publ433.htm,https://www.govinfo.gov/content/pkg/PLAW-103publ433/html/PLAW-103publ433.htm,1 - public law,wilderness-wide,2026-08-04,Statutory text; consult maps and legal descriptions incorporated by reference.
doc-cb2aa50b56b8,fw-3410,,Stepladder Mountains Wilderness — Wilderness Connect profile,interagency profile,Interagency Wilderness Connect,,Stepladder Mountains Wilderness,https://wilderness.net/visit-wilderness/?ID=578,https://wilderness.net/visit-wilderness/,9 - interagency reference,wilderness-wide,2026-08-04,Secondary reference; not statutory or a managing-agency page.
doc-c69bc4bf417d,fw-3410,,Public Law 103-433 — California Desert Protection Act of 1994,public law,U.S. Congress,1994-10-31,Stepladder Mountains Wilderness,https://www.govinfo.gov/content/pkg/PLAW-103publ433/html/PLAW-103publ433.htm,https://www.govinfo.gov/content/pkg/PLAW-103publ433/html/PLAW-103publ433.htm,1 - public law,wilderness-wide,2026-08-04,Statutory text; consult maps and legal descriptions incorporated by reference.
doc-c2e0a8f25690,fw-3447,,Surprise Canyon Wilderness — Wilderness Connect profile,interagency profile,Interagency Wilderness Connect,,Surprise Canyon Wilderness,https://wilderness.net/visit-wilderness/?ID=584,https://wilderness.net/visit-wilderness/,9 - interagency reference,wilderness-wide,2026-08-04,Secondary reference; not statutory or a managing-agency page.
doc-3dec3f09abe1,fw-3447,,Public Law 103-433 — California Desert Protection Act of 1994,public law,U.S. Congress,1994-10-31,Surprise Canyon Wilderness,https://www.govinfo.gov/content/pkg/PLAW-103publ433/html/PLAW-103publ433.htm,https://www.govinfo.gov/content/pkg/PLAW-103publ433/html/PLAW-103publ433.htm,1 - public law,wilderness-wide,2026-08-04,Statutory text; consult maps and legal descriptions incorporated by reference.
doc-c66c94e251b7,fw-3464,,Sylvania Mountains Wilderness — Wilderness Connect profile,interagency profile,Interagency Wilderness Connect,,Sylvania Mountains Wilderness,https://wilderness.net/visit-wilderness/?ID=589,https://wilderness.net/visit-wilderness/,9 - interagency reference,wilderness-wide,2026-08-04,Secondary reference; not statutory or a managing-agency page.
doc-7705c2e528c3,fw-3464,,Public Law 103-433 — California Desert Protection Act of 1994,public law,U.S. Congress,1994-10-31,Sylvania Mountains Wilderness,https://www.govinfo.gov/content/pkg/PLAW-103publ433/html/PLAW-103publ433.htm,https://www.govinfo.gov/content/pkg/PLAW-103publ433/html/PLAW-103publ433.htm,1 - public law,wilderness-wide,2026-08-04,Statutory text; consult maps and legal descriptions incorporated by reference.
doc-596158809883,fw-3527,,Thousand Lakes Wilderness — Wilderness Connect profile,interagency profile,Interagency Wilderness Connect,,Thousand Lakes Wilderness,https://wilderness.net/visit-wilderness/?ID=599,https://wilderness.net/visit-wilderness/,9 - interagency reference,wilderness-wide,2026-08-04,Secondary reference; not statutory or a managing-agency page.
doc-fdfc300c3918,fw-3527,,Public Law 88-577 — Wilderness Act of 1964,public law,U.S. Congress,1964-09-03,Thousand Lakes Wilderness,https://www.govinfo.gov/content/pkg/PLAW-88publ577/html/PLAW-88publ577.htm,https://www.govinfo.gov/content/pkg/PLAW-88publ577/html/PLAW-88publ577.htm,1 - public law,wilderness-wide,2026-08-04,Statutory text; consult maps and legal descriptions incorporated by reference.
doc-5f5d2183081b,fw-3580,,Trilobite Wilderness — Wilderness Connect profile,interagency profile,Interagency Wilderness Connect,,Trilobite Wilderness,https://wilderness.net/visit-wilderness/?ID=610,https://wilderness.net/visit-wilderness/,9 - interagency reference,wilderness-wide,2026-08-04,Secondary reference; not statutory or a managing-agency page.
doc-d878ddf1aeda,fw-3580,,Public Law 103-433 — California Desert Protection Act of 1994,public law,U.S. Congress,1994-10-31,Trilobite Wilderness,https://www.govinfo.gov/content/pkg/PLAW-103publ433/html/PLAW-103publ433.htm,https://www.govinfo.gov/content/pkg/PLAW-103publ433/html/PLAW-103publ433.htm,1 - public law,wilderness-wide,2026-08-04,Statutory text; consult maps and legal descriptions incorporated by reference.
doc-d29a1f61bac6,fw-3582,,Trinity Alps Wilderness — Wilderness Connect profile,interagency profile,Interagency Wilderness Connect,,Trinity Alps Wilderness,https://wilderness.net/visit-wilderness/?ID=611,https://wilderness.net/visit-wilderness/,9 - interagency reference,wilderness-wide,2026-08-04,Secondary reference; not statutory or a managing-agency page.
doc-b6014531efcc,fw-3582,,Public Law 98-425 — California Wilderness Act of 1984,public law,U.S. Congress,1984-09-28,Trinity Alps Wilderness,https://www.govinfo.gov/content/pkg/PLAW-98publ425/html/PLAW-98publ425.htm,https://www.govinfo.gov/content/pkg/PLAW-98publ425/html/PLAW-98publ425.htm,1 - public law,wilderness-wide,2026-08-04,Statutory text; consult maps and legal descriptions incorporated by reference.
doc-77852f3fac26,fw-3582,,Public Law 109-362 — Northern California Coastal Wild Heritage Wilderness Act,public law,U.S. Congress,2006-10-17,Trinity Alps Wilderness,https://www.govinfo.gov/content/pkg/PLAW-109publ362/html/PLAW-109publ362.htm,https://www.govinfo.gov/content/pkg/PLAW-109publ362/html/PLAW-109publ362.htm,1 - public law,wilderness-wide,2026-08-04,Statutory text; consult maps and legal descriptions incorporated by reference.
doc-90d97dbc68ab,fw-3616,,Turtle Mountains Wilderness — Wilderness Connect profile,interagency profile,Interagency Wilderness Connect,,Turtle Mountains Wilderness,https://wilderness.net/visit-wilderness/?ID=613,https://wilderness.net/visit-wilderness/,9 - interagency reference,wilderness-wide,2026-08-04,Secondary reference; not statutory or a managing-agency page.
doc-40738c75ae3e,fw-3616,,Public Law 103-433 — California Desert Protection Act of 1994,public law,U.S. Congress,1994-10-31,Turtle Mountains Wilderness,https://www.govinfo.gov/content/pkg/PLAW-103publ433/html/PLAW-103publ433.htm,https://www.govinfo.gov/content/pkg/PLAW-103publ433/html/PLAW-103publ433.htm,1 - public law,wilderness-wide,2026-08-04,Statutory text; consult maps and legal descriptions incorporated by reference.
doc-28af942a0037,fw-3695,,Ventana Wilderness — Wilderness Connect profile,interagency profile,Interagency Wilderness Connect,,Ventana Wilderness,https://wilderness.net/visit-wilderness/?ID=625,https://wilderness.net/visit-wilderness/,9 - interagency reference,wilderness-wide,2026-08-04,Secondary reference; not statutory or a managing-agency page.
doc-b3b4fd768205,fw-3695,,Public Law 91-58 — Ventana Wilderness Act,public law,U.S. Congress,1969-08-18,Ventana Wilderness,https://www.govinfo.gov/content/pkg/PLAW-91publ58/html/PLAW-91publ58.htm,https://www.govinfo.gov/content/pkg/PLAW-91publ58/html/PLAW-91publ58.htm,1 - public law,wilderness-wide,2026-08-04,Statutory text; consult maps and legal descriptions incorporated by reference.
doc-334dfe68e8b1,fw-3695,,Public Law 107-370 — Big Sur Wilderness and Conservation Act of 2002,public law,U.S. Congress,2002-12-19,Ventana Wilderness,https://www.govinfo.gov/content/pkg/PLAW-107publ370/html/PLAW-107publ370.htm,https://www.govinfo.gov/content/pkg/PLAW-107publ370/html/PLAW-107publ370.htm,1 - public law,wilderness-wide,2026-08-04,Statutory text; consult maps and legal descriptions incorporated by reference.
doc-64578ef1fed7,fw-3695,,Ventana Wilderness Alliance v. Bradford,court opinion,U.S. Court of Appeals for the Ninth Circuit,2009-01-01,Ventana Wilderness,https://cdn.ca9.uscourts.gov/datastore/memoranda/2009/02/26/07-16467.pdf,https://cdn.ca9.uscourts.gov/datastore/memoranda/2009/02/26/07-16467.pdf,11 - court opinion / legal database,wilderness-wide issue,2026-08-04,"Challenge to Forest Service authorization of grazing on land within the Ventana Wilderness, including the Wilderness Act's grazing exception. Citation: 313 F. App'x 944; docket: 07-16467."
doc-d47a00e272fd,fw-3825,,Whipple Mountains Wilderness — Wilderness Connect profile,interagency profile,Interagency Wilderness Connect,,Whipple Mountains Wilderness,https://wilderness.net/visit-wilderness/?ID=646,https://wilderness.net/visit-wilderness/,9 - interagency reference,wilderness-wide,2026-08-04,Secondary reference; not statutory or a managing-agency page.
doc-d53bfdbd3288,fw-3825,,Public Law 103-433 — California Desert Protection Act of 1994,public law,U.S. Congress,1994-10-31,Whipple Mountains Wilderness,https://www.govinfo.gov/content/pkg/PLAW-103publ433/html/PLAW-103publ433.htm,https://www.govinfo.gov/content/pkg/PLAW-103publ433/html/PLAW-103publ433.htm,1 - public law,wilderness-wide,2026-08-04,Statutory text; consult maps and legal descriptions incorporated by reference.
doc-ff97e56fd27a,fw-3837,,White Mountains Wilderness — Wilderness Connect profile,interagency profile,Interagency Wilderness Connect,,White Mountains Wilderness,https://wilderness.net/visit-wilderness/?ID=754,https://wilderness.net/visit-wilderness/,9 - interagency reference,wilderness-wide,2026-08-04,Secondary reference; not statutory or a managing-agency page.
doc-1b01859bf4c1,fw-3837,,Public Law 111-11 — Omnibus Public Land Management Act of 2009,public law,U.S. Congress,2009-03-30,White Mountains Wilderness,https://www.govinfo.gov/content/pkg/PLAW-111publ11/html/PLAW-111publ11.htm,https://www.govinfo.gov/content/pkg/PLAW-111publ11/html/PLAW-111publ11.htm,1 - public law,wilderness-wide,2026-08-04,Statutory text; consult maps and legal descriptions incorporated by reference.
doc-c231a162b71a,fw-3937,,Yolla Bolly-Middle Eel Wilderness — Wilderness Connect profile,interagency profile,Interagency Wilderness Connect,,Yolla Bolly-Middle Eel Wilderness,https://wilderness.net/visit-wilderness/?ID=661,https://wilderness.net/visit-wilderness/,9 - interagency reference,wilderness-wide,2026-08-04,Secondary reference; not statutory or a managing-agency page.
doc-66807230e356,fw-3937,,Public Law 98-425 — California Wilderness Act of 1984,public law,U.S. Congress,1984-09-28,Yolla Bolly-Middle Eel Wilderness,https://www.govinfo.gov/content/pkg/PLAW-98publ425/html/PLAW-98publ425.htm,https://www.govinfo.gov/content/pkg/PLAW-98publ425/html/PLAW-98publ425.htm,1 - public law,wilderness-wide,2026-08-04,Statutory text; consult maps and legal descriptions incorporated by reference.
doc-a24f701d4a6b,fw-3937,,Public Law 109-362 — Northern California Coastal Wild Heritage Wilderness Act,public law,U.S. Congress,2006-10-17,Yolla Bolly-Middle Eel Wilderness,https://www.govinfo.gov/content/pkg/PLAW-109publ362/html/PLAW-109publ362.htm,https://www.govinfo.gov/content/pkg/PLAW-109publ362/html/PLAW-109publ362.htm,1 - public law,wilderness-wide,2026-08-04,Statutory text; consult maps and legal descriptions incorporated by reference.
doc-2968f13a4916,fw-3944,,Yosemite Wilderness — Wilderness Connect profile,interagency profile,Interagency Wilderness Connect,,Yosemite Wilderness,https://wilderness.net/visit-wilderness/?ID=662,https://wilderness.net/visit-wilderness/,9 - interagency reference,wilderness-wide,2026-08-04,Secondary reference; not statutory or a managing-agency page.
doc-59f8be6dce43,fw-3944,,Public Law 98-425 — California Wilderness Act of 1984,public law,U.S. Congress,1984-09-28,Yosemite Wilderness,https://www.govinfo.gov/content/pkg/PLAW-98publ425/html/PLAW-98publ425.htm,https://www.govinfo.gov/content/pkg/PLAW-98publ425/html/PLAW-98publ425.htm,1 - public law,wilderness-wide,2026-08-04,Statutory text; consult maps and legal descriptions incorporated by reference.
doc-ed7937d799bb,fw-3948,,Yuki Wilderness — Wilderness Connect profile,interagency profile,Interagency Wilderness Connect,,Yuki Wilderness,https://wilderness.net/visit-wilderness/?ID=682,https://wilderness.net/visit-wilderness/,9 - interagency reference,wilderness-wide,2026-08-04,Secondary reference; not statutory or a managing-agency page.
doc-c9a5b832bcbf,fw-3948,,Public Law 109-362 — Northern California Coastal Wild Heritage Wilderness Act,public law,U.S. Congress,2006-10-17,Yuki Wilderness,https://www.govinfo.gov/content/pkg/PLAW-109publ362/html/PLAW-109publ362.htm,https://www.govinfo.gov/content/pkg/PLAW-109publ362/html/PLAW-109publ362.htm,1 - public law,wilderness-wide,2026-08-04,Statutory text; consult maps and legal descriptions incorporated by reference.
doc-e27b9d4990c2,ALL,,BLM CA Federal Wilderness Areas Polygon — FeatureServer,official GIS service,Bureau of Land Management,2023-12-21,California and source-adjacent components,https://gis.blm.gov/caarcgis/rest/services/NCL/BLM_CA_Federal_Wilderness_Polygon/FeatureServer/0,https://gis.blm.gov/caarcgis/rest/services/NCL/BLM_CA_Federal_Wilderness_Polygon/FeatureServer,6 - official GIS service,source-wide,2026-08-04,Authoritative build-time GIS source for BRIM enrichment; state source may differ from national geometry.
doc-a5cbbfb0e45d,ALL,,Wilderness Areas in the United States — FeatureServer,interagency GIS service,Wilderness Connect / interagency,2026-06-24,National,https://services1.arcgis.com/ERdCHt0sNM6dENSD/arcgis/rest/services/Wilderness_Areas_in_the_United_States/FeatureServer/0,https://wilderness.net/practitioners/gis-gps/,9 - interagency reference,source-wide,2026-08-04,"Updated from agency sources; used as a cross-reference, not a replacement for the BLM California layer."
