acec_id,official_acec_name,normalized_acec_name,alternate_names,source_semantic_key,designation_status,designation_status_label,designation_type,designation_types,rna_relationship_status,is_currently_designated,is_proposed_only,is_historical_or_superseded,is_research_natural_area,has_research_natural_area_component,source_component_count,source_polygon_count,multipart_source_count,official_acres,official_acres_source,current_gis_acres,calculated_source_geometry_acres,acreage_difference,acreage_difference_percent,blm_districts,blm_field_offices,source_administrative_unit,source_admin_unit_code,governing_plan_count,current_governing_plans,designation_decision_date,designation_year,designation_authority,designation_document_id,designation_document_url,designation_document_page,designation_history_summary,relevant_and_important_values_summary,value_families,management_direction_summary,access_and_land_status_summary,counties,states,primary_ecoregions,planning_framework,water_resource_relevance,water_resource_relevance_summary,current_official_page_url,direct_official_area_page_status,current_official_map_url,official_map_status,current_plan_url,current_plan_status,current_office_url,office_page_status,implementation_plan_status,access_page_status,research_status,last_verified,record_confidence,unit_summary_short,notes,source_geometry_part_count,supplied_brim_calculated_geometry_acres,supplied_brim_geometry_valid,supplied_brim_geometry_metric_status,source_geometry_provenance
acec-2f049d343b6beb,Afton Canyon,afton canyon,,"afton canyon|CDCA Plan, as amended by DRECP|DOI-BLM-CA-D010-2014-0001-RMP-EIS|2016-09-14|CAD00000",currently_designated_source_layer,Currently mapped as designated,ACEC,ACEC,not_verified,True,False,False,unverified,unverified,1,1,0,,not_researched,9195.314611,9195.314611,0.0,0.0,California Desert District,,California Desert District,CAD00000,1,"CDCA Plan, as amended by DRECP",2016-09-14,2016,BLM land-use planning decision,DOI-BLM-CA-D010-2014-0001-RMP-EIS,https://www.blm.gov/programs/planning-and-nepa/plans-in-development/california/desert-renewable-energy-conservation-plan,,Current statewide source supplies one governing-plan/ROD association; earlier boundary and designation history require plan-level research.,"Cultural resources, Natural processes, Natural systems, and Wildlife resources.",botanical_or_ecological;cultural_archaeological_historic;wildlife_and_habitat,The statewide source identifies special management attention to prevent irreparable damage to those values. Detailed restrictions and exceptions are plan-specific.,"Legal access, ownership, inholdings, and component-specific restrictions were not established from the statewide ACEC layer.",,California,,drecp,no_water_value_identified_in_statewide_source,No fish-resource relevance is coded affirmative in the statewide source; spatial hydrologic context has not been derived.,,not_verified,,statewide_source_map_only,https://www.blm.gov/programs/planning-and-nepa/plans-in-development/california/desert-renewable-energy-conservation-plan,direct_official_plan_or_project_page,https://www.blm.gov/office/california-desert-district-office,official_unit_url_candidate_not_http_validated,not_systematically_researched,not_systematically_researched,statewide_source_audit_complete_plan_level_research_partial,2026-08-05,high_source_identity_medium_semantic_history,"Afton Canyon is represented in the current BLM California designated-ACEC layer under CDCA Plan, as amended by DRECP. The statewide source identifies cultural resources, natural processes, natural systems, and wildlife resources as relevant designation categories. The statewide source identifies special management attention to prevent irreparable damage to those values. Detailed restrictions and exceptions are plan-specific. The mapped boundary is a planning-designation geometry, not an ownership or access boundary.","Detailed ACEC-specific plan pages, maps, prescriptions, land status, access, and related-designation intersections remain a documented research/overlay phase.",1,9195.314610719874,True,equivalent_within_qa_tolerance,user-supplied BRIM acec shapefile; EPSG:3310; original snapshot preserved
acec-c0fa64746ffb35,Alligator Rock,alligator rock,,"alligator rock|CDCA Plan, as amended by amendment #8||2016-09-14|CAD00000",currently_designated_source_layer,Currently mapped as designated,ACEC,ACEC,not_verified,True,False,False,unverified,unverified,1,1,0,,not_researched,7742.300797,7742.300797,0.0,0.0,California Desert District,,California Desert District,CAD00000,1,"CDCA Plan, as amended by amendment #8",2016-09-14,2016,BLM land-use planning decision,,https://www.blm.gov/programs/planning-and-nepa/plans-in-development/california,,Current statewide source supplies one governing-plan/ROD association; earlier boundary and designation history require plan-level research.,"Cultural resources, Historic resources, Scenic values, and Wildlife resources.",cultural_archaeological_historic;scenic;wildlife_and_habitat,The statewide source identifies special management attention to prevent irreparable damage to those values. Detailed restrictions and exceptions are plan-specific.,"Legal access, ownership, inholdings, and component-specific restrictions were not established from the statewide ACEC layer.",,California,,california_desert_other_plan,no_water_value_identified_in_statewide_source,No fish-resource relevance is coded affirmative in the statewide source; spatial hydrologic context has not been derived.,,not_verified,,statewide_source_map_only,https://www.blm.gov/programs/planning-and-nepa/plans-in-development/california,official_california_plan_index_only,https://www.blm.gov/office/california-desert-district-office,official_unit_url_candidate_not_http_validated,not_systematically_researched,not_systematically_researched,statewide_source_audit_complete_plan_level_research_partial,2026-08-05,high_source_identity_medium_semantic_history,"Alligator Rock is represented in the current BLM California designated-ACEC layer under CDCA Plan, as amended by amendment #8. The statewide source identifies cultural resources, historic resources, scenic values, and wildlife resources as relevant designation categories. The statewide source identifies special management attention to prevent irreparable damage to those values. Detailed restrictions and exceptions are plan-specific. The mapped boundary is a planning-designation geometry, not an ownership or access boundary.","Detailed ACEC-specific plan pages, maps, prescriptions, land status, access, and related-designation intersections remain a documented research/overlay phase.",1,7742.300797400003,True,equivalent_within_qa_tolerance,user-supplied BRIM acec shapefile; EPSG:3310; original snapshot preserved
acec-19355b869d75a5,Amargosa North,amargosa north,,"amargosa north|CDCA Plan, as amended by DRECP|DOI-BLM-CA-D010-2014-0001-RMP-EIS|2016-09-14|CAD00000",currently_designated_source_layer,Currently mapped as designated,ACEC,ACEC,not_verified,True,False,False,unverified,unverified,1,1,0,,not_researched,124316.843543,124316.843543,0.0,0.0,California Desert District,,California Desert District,CAD00000,1,"CDCA Plan, as amended by DRECP",2016-09-14,2016,BLM land-use planning decision,DOI-BLM-CA-D010-2014-0001-RMP-EIS,https://www.blm.gov/programs/planning-and-nepa/plans-in-development/california/desert-renewable-energy-conservation-plan,,Current statewide source supplies one governing-plan/ROD association; earlier boundary and designation history require plan-level research.,"Fish or aquatic resources, and Wildlife resources.",water_aquatic;wildlife_and_habitat,The statewide source identifies special management attention to prevent irreparable damage to those values. Detailed restrictions and exceptions are plan-specific.,"Legal access, ownership, inholdings, and component-specific restrictions were not established from the statewide ACEC layer.",,California,,drecp,documented_designation_value,The statewide source identifies fish-resource relevance.,,not_verified,,statewide_source_map_only,https://www.blm.gov/programs/planning-and-nepa/plans-in-development/california/desert-renewable-energy-conservation-plan,direct_official_plan_or_project_page,https://www.blm.gov/office/california-desert-district-office,official_unit_url_candidate_not_http_validated,not_systematically_researched,not_systematically_researched,statewide_source_audit_complete_plan_level_research_partial,2026-08-05,high_source_identity_medium_semantic_history,"Amargosa North is represented in the current BLM California designated-ACEC layer under CDCA Plan, as amended by DRECP. The statewide source identifies fish or aquatic resources, and wildlife resources as relevant designation categories. The statewide source identifies special management attention to prevent irreparable damage to those values. Detailed restrictions and exceptions are plan-specific. The mapped boundary is a planning-designation geometry, not an ownership or access boundary.","Detailed ACEC-specific plan pages, maps, prescriptions, land status, access, and related-designation intersections remain a documented research/overlay phase.",1,124316.84354282577,True,equivalent_within_qa_tolerance,user-supplied BRIM acec shapefile; EPSG:3310; original snapshot preserved
acec-4e6db7be3808b1,Amargosa South,amargosa south,,"amargosa south|CDCA Plan, as amended by DRECP|DOI-BLM-CA-D010-2014-0001-RMP-EIS|2016-09-14|CAD00000",currently_designated_source_layer,Currently mapped as designated,ACEC,ACEC,not_verified,True,False,False,unverified,unverified,1,1,0,,not_researched,161328.085332,161328.085332,0.0,0.0,California Desert District,,California Desert District,CAD00000,1,"CDCA Plan, as amended by DRECP",2016-09-14,2016,BLM land-use planning decision,DOI-BLM-CA-D010-2014-0001-RMP-EIS,https://www.blm.gov/programs/planning-and-nepa/plans-in-development/california/desert-renewable-energy-conservation-plan,,Current statewide source supplies one governing-plan/ROD association; earlier boundary and designation history require plan-level research.,"Fish or aquatic resources, Historic resources, and Wildlife resources.",cultural_archaeological_historic;water_aquatic;wildlife_and_habitat,The statewide source identifies special management attention to prevent irreparable damage to those values. Detailed restrictions and exceptions are plan-specific.,"Legal access, ownership, inholdings, and component-specific restrictions were not established from the statewide ACEC layer.",,California,,drecp,documented_designation_value,The statewide source identifies fish-resource relevance.,,not_verified,,statewide_source_map_only,https://www.blm.gov/programs/planning-and-nepa/plans-in-development/california/desert-renewable-energy-conservation-plan,direct_official_plan_or_project_page,https://www.blm.gov/office/california-desert-district-office,official_unit_url_candidate_not_http_validated,not_systematically_researched,not_systematically_researched,statewide_source_audit_complete_plan_level_research_partial,2026-08-05,high_source_identity_medium_semantic_history,"Amargosa South is represented in the current BLM California designated-ACEC layer under CDCA Plan, as amended by DRECP. The statewide source identifies fish or aquatic resources, historic resources, and wildlife resources as relevant designation categories. The statewide source identifies special management attention to prevent irreparable damage to those values. Detailed restrictions and exceptions are plan-specific. The mapped boundary is a planning-designation geometry, not an ownership or access boundary.","Detailed ACEC-specific plan pages, maps, prescriptions, land status, access, and related-designation intersections remain a documented research/overlay phase.",1,161328.08296418958,True,equivalent_within_qa_tolerance,user-supplied BRIM acec shapefile; EPSG:3310; original snapshot preserved
acec-ef280204ec7b96,Amboy Crater,amboy crater,,amboy crater|CDCA Plan|DOI-BLM-CA-D010-2014-0001-RMP-EIS|2016-09-14|CAD00000,currently_designated_source_layer,Currently mapped as designated,ACEC,ACEC,not_verified,True,False,False,unverified,unverified,1,1,0,,not_researched,639.985018,639.985018,-0.0,-0.0,California Desert District,,California Desert District,CAD00000,1,CDCA Plan,2016-09-14,2016,BLM land-use planning decision,DOI-BLM-CA-D010-2014-0001-RMP-EIS,https://www.blm.gov/programs/planning-and-nepa/plans-in-development/california/desert-renewable-energy-conservation-plan,,Current statewide source supplies one governing-plan/ROD association; earlier boundary and designation history require plan-level research.,"Natural processes, and Scenic values.",botanical_or_ecological;scenic,The statewide source identifies special management attention to prevent irreparable damage to those values. Detailed restrictions and exceptions are plan-specific.,"Legal access, ownership, inholdings, and component-specific restrictions were not established from the statewide ACEC layer.",,California,,drecp,no_water_value_identified_in_statewide_source,No fish-resource relevance is coded affirmative in the statewide source; spatial hydrologic context has not been derived.,,not_verified,,statewide_source_map_only,https://www.blm.gov/programs/planning-and-nepa/plans-in-development/california/desert-renewable-energy-conservation-plan,direct_official_plan_or_project_page,https://www.blm.gov/office/california-desert-district-office,official_unit_url_candidate_not_http_validated,not_systematically_researched,not_systematically_researched,statewide_source_audit_complete_plan_level_research_partial,2026-08-05,high_source_identity_medium_semantic_history,"Amboy Crater is represented in the current BLM California designated-ACEC layer under CDCA Plan. The statewide source identifies natural processes, and scenic values as relevant designation categories. The statewide source identifies special management attention to prevent irreparable damage to those values. Detailed restrictions and exceptions are plan-specific. The mapped boundary is a planning-designation geometry, not an ownership or access boundary.","Detailed ACEC-specific plan pages, maps, prescriptions, land status, access, and related-designation intersections remain a documented research/overlay phase.",1,639.9850182943306,True,equivalent_within_qa_tolerance,user-supplied BRIM acec shapefile; EPSG:3310; original snapshot preserved
acec-2f8b0003630f1d,Ancient Lakeshores - Alkali Sinks,ancient lakeshores alkali sinks,,ancient lakeshores alkali sinks|Bakersfield Resource Management Plan|DOI-BLM-CA-C060-2014-0001-RMP-EIS|2014-12-22|CAC06000,currently_designated_source_layer,Currently mapped as designated,ACEC,ACEC,not_verified,True,False,False,unverified,unverified,1,1,1,,not_researched,402.420484,402.420484,0.0,0.0,Central California District,Bakersfield Field Office,Bakersfield Field Office,CAC06000,1,Bakersfield Resource Management Plan,2014-12-22,2014,BLM land-use planning decision,DOI-BLM-CA-C060-2014-0001-RMP-EIS,https://eplanning.blm.gov/Project-Home/?id=77b9ea95-a7f2-f011-8406-001dd802fdea,,Current statewide source supplies one governing-plan/ROD association; earlier boundary and designation history require plan-level research.,"Cultural resources, Fish or aquatic resources, Historic resources, Natural processes, Natural systems, and Wildlife resources.",botanical_or_ecological;cultural_archaeological_historic;water_aquatic;wildlife_and_habitat,The statewide source identifies special management attention to prevent irreparable damage to those values. Detailed restrictions and exceptions are plan-specific.,"Legal access, ownership, inholdings, and component-specific restrictions were not established from the statewide ACEC layer.",,California,,central_california_plan,documented_designation_value,The statewide source identifies fish-resource relevance.,,not_verified,,statewide_source_map_only,https://eplanning.blm.gov/Project-Home/?id=77b9ea95-a7f2-f011-8406-001dd802fdea,direct_official_plan_or_project_page,https://www.blm.gov/office/bakersfield-field-office,official_unit_url_candidate_not_http_validated,not_systematically_researched,not_systematically_researched,statewide_source_audit_complete_plan_level_research_partial,2026-08-05,high_source_identity_medium_semantic_history,"Ancient Lakeshores - Alkali Sinks is represented in the current BLM California designated-ACEC layer under Bakersfield Resource Management Plan. The statewide source identifies cultural resources, fish or aquatic resources, historic resources, natural processes, natural systems, and wildlife resources as relevant designation categories. The statewide source identifies special management attention to prevent irreparable damage to those values. Detailed restrictions and exceptions are plan-specific. The mapped boundary is a planning-designation geometry, not an ownership or access boundary.","Detailed ACEC-specific plan pages, maps, prescriptions, land status, access, and related-designation intersections remain a documented research/overlay phase.",3,402.4204836392346,True,equivalent_within_qa_tolerance,user-supplied BRIM acec shapefile; EPSG:3310; original snapshot preserved
acec-a9da4ed4f3157a,Ancient Lakeshores - Goose Lake,ancient lakeshores goose lake,,ancient lakeshores goose lake|Bakersfield Resource Management Plan|DOI-BLM-CA-C060-2014-0001-RMP-EIS|2014-12-22|CAC06000,currently_designated_source_layer,Currently mapped as designated,ACEC,ACEC,not_verified,True,False,False,unverified,unverified,1,1,0,,not_researched,40.282013,40.282013,-0.0,-0.0,Central California District,Bakersfield Field Office,Bakersfield Field Office,CAC06000,1,Bakersfield Resource Management Plan,2014-12-22,2014,BLM land-use planning decision,DOI-BLM-CA-C060-2014-0001-RMP-EIS,https://eplanning.blm.gov/Project-Home/?id=77b9ea95-a7f2-f011-8406-001dd802fdea,,Current statewide source supplies one governing-plan/ROD association; earlier boundary and designation history require plan-level research.,"Cultural resources, Fish or aquatic resources, Historic resources, Natural processes, Natural systems, Scenic values, and Wildlife resources.",botanical_or_ecological;cultural_archaeological_historic;scenic;water_aquatic;wildlife_and_habitat,The statewide source identifies special management attention to protect identified relevant and important values and prevent irreparable damage to those values. Detailed restrictions and exceptions are plan-specific.,"Legal access, ownership, inholdings, and component-specific restrictions were not established from the statewide ACEC layer.",,California,,central_california_plan,documented_designation_value,The statewide source identifies fish-resource relevance.,,not_verified,,statewide_source_map_only,https://eplanning.blm.gov/Project-Home/?id=77b9ea95-a7f2-f011-8406-001dd802fdea,direct_official_plan_or_project_page,https://www.blm.gov/office/bakersfield-field-office,official_unit_url_candidate_not_http_validated,not_systematically_researched,not_systematically_researched,statewide_source_audit_complete_plan_level_research_partial,2026-08-05,high_source_identity_medium_semantic_history,"Ancient Lakeshores - Goose Lake is represented in the current BLM California designated-ACEC layer under Bakersfield Resource Management Plan. The statewide source identifies cultural resources, fish or aquatic resources, historic resources, natural processes, natural systems, scenic values, and wildlife resources as relevant designation categories. The statewide source identifies special management attention to protect identified relevant and important values and prevent irreparable damage to those values. Detailed restrictions and exceptions are plan-specific. The mapped boundary is a planning-designation geometry, not an ownership or access boundary.","Detailed ACEC-specific plan pages, maps, prescriptions, land status, access, and related-designation intersections remain a documented research/overlay phase.",1,40.282012830144836,True,equivalent_within_qa_tolerance,user-supplied BRIM acec shapefile; EPSG:3310; original snapshot preserved
acec-b9e89555f6b9bd,Ancient Lakeshores - Sand Ridge,ancient lakeshores sand ridge,,ancient lakeshores sand ridge|Bakersfield Resource Management Plan|DOI-BLM-CA-C060-2014-0001-RMP-EIS|2014-12-22|CAC06000,currently_designated_source_layer,Currently mapped as designated,ACEC,ACEC,not_verified,True,False,False,unverified,unverified,1,1,0,,not_researched,1600.474006,1600.474006,0.0,0.0,Central California District,Bakersfield Field Office,Bakersfield Field Office,CAC06000,1,Bakersfield Resource Management Plan,2014-12-22,2014,BLM land-use planning decision,DOI-BLM-CA-C060-2014-0001-RMP-EIS,https://eplanning.blm.gov/Project-Home/?id=77b9ea95-a7f2-f011-8406-001dd802fdea,,Current statewide source supplies one governing-plan/ROD association; earlier boundary and designation history require plan-level research.,"Fish or aquatic resources, Historic resources, Natural processes, Scenic values, and Wildlife resources.",botanical_or_ecological;cultural_archaeological_historic;scenic;water_aquatic;wildlife_and_habitat,The statewide source identifies special management attention to prevent irreparable damage to those values. Detailed restrictions and exceptions are plan-specific.,"Legal access, ownership, inholdings, and component-specific restrictions were not established from the statewide ACEC layer.",,California,,central_california_plan,documented_designation_value,The statewide source identifies fish-resource relevance.,,not_verified,,statewide_source_map_only,https://eplanning.blm.gov/Project-Home/?id=77b9ea95-a7f2-f011-8406-001dd802fdea,direct_official_plan_or_project_page,https://www.blm.gov/office/bakersfield-field-office,official_unit_url_candidate_not_http_validated,not_systematically_researched,not_systematically_researched,statewide_source_audit_complete_plan_level_research_partial,2026-08-05,high_source_identity_medium_semantic_history,"Ancient Lakeshores - Sand Ridge is represented in the current BLM California designated-ACEC layer under Bakersfield Resource Management Plan. The statewide source identifies fish or aquatic resources, historic resources, natural processes, scenic values, and wildlife resources as relevant designation categories. The statewide source identifies special management attention to prevent irreparable damage to those values. Detailed restrictions and exceptions are plan-specific. The mapped boundary is a planning-designation geometry, not an ownership or access boundary.","Detailed ACEC-specific plan pages, maps, prescriptions, land status, access, and related-designation intersections remain a documented research/overlay phase.",1,1600.474006465794,True,equivalent_within_qa_tolerance,user-supplied BRIM acec shapefile; EPSG:3310; original snapshot preserved
acec-c06f4dd9f79c23,Ash Valley,ash valley,,ash valley|Alturas|DOI-BLM-CA-N020-2008-0001-RMP-EIS|2008-04-17|CAN02000,currently_designated_source_layer,Currently mapped as designated,ACEC,ACEC,not_verified,True,False,False,unverified,unverified,1,1,1,,not_researched,1224.88003,1224.88003,0.0,0.0,Northern California District,Applegate Field Office,Applegate Field Office,CAN02000,1,Alturas,2008-04-17,2008,BLM land-use planning decision,DOI-BLM-CA-N020-2008-0001-RMP-EIS,https://eplanning.blm.gov/Project-Home/?id=e567a393-a7f2-f011-8407-001dd80c29f3,,Current statewide source supplies one governing-plan/ROD association; earlier boundary and designation history require plan-level research.,"Natural processes, and Natural systems.",botanical_or_ecological,The statewide source identifies special management attention to prevent irreparable damage to those values. Detailed restrictions and exceptions are plan-specific.,"Legal access, ownership, inholdings, and component-specific restrictions were not established from the statewide ACEC layer.",,California,,northern_california_other_plan,no_water_value_identified_in_statewide_source,No fish-resource relevance is coded affirmative in the statewide source; spatial hydrologic context has not been derived.,,not_verified,,statewide_source_map_only,https://eplanning.blm.gov/Project-Home/?id=e567a393-a7f2-f011-8407-001dd80c29f3,direct_official_plan_or_project_page,https://www.blm.gov/office/applegate-field-office,official_unit_url_candidate_not_http_validated,not_systematically_researched,not_systematically_researched,statewide_source_audit_complete_plan_level_research_partial,2026-08-05,high_source_identity_medium_semantic_history,"Ash Valley is represented in the current BLM California designated-ACEC layer under Alturas. The statewide source identifies natural processes, and natural systems as relevant designation categories. The statewide source identifies special management attention to prevent irreparable damage to those values. Detailed restrictions and exceptions are plan-specific. The mapped boundary is a planning-designation geometry, not an ownership or access boundary.","Detailed ACEC-specific plan pages, maps, prescriptions, land status, access, and related-designation intersections remain a documented research/overlay phase.",2,1224.8800303599492,True,equivalent_within_qa_tolerance,user-supplied BRIM acec shapefile; EPSG:3310; original snapshot preserved
acec-561918c93985ab,Avawatz Mountains WSA,avawatz mountains wsa,,"avawatz mountains wsa|CDCA Plan, as amended by DRECP||2016-09-14|CAD00000",currently_designated_source_layer,Currently mapped as designated,ACEC,ACEC,not_verified,True,False,False,unverified,unverified,1,1,0,,not_researched,53158.638661,53158.638661,-0.0,-0.0,California Desert District,,California Desert District,CAD00000,1,"CDCA Plan, as amended by DRECP",2016-09-14,2016,BLM land-use planning decision,,https://www.blm.gov/programs/planning-and-nepa/plans-in-development/california,,Current statewide source supplies one governing-plan/ROD association; earlier boundary and designation history require plan-level research.,"Fish or aquatic resources, Natural processes, and Wildlife resources.",botanical_or_ecological;water_aquatic;wildlife_and_habitat,The statewide source identifies special management attention to prevent irreparable damage to those values. Detailed restrictions and exceptions are plan-specific.,"Legal access, ownership, inholdings, and component-specific restrictions were not established from the statewide ACEC layer.",,California,,drecp,documented_designation_value,The statewide source identifies fish-resource relevance.,,not_verified,,statewide_source_map_only,https://www.blm.gov/programs/planning-and-nepa/plans-in-development/california,official_california_plan_index_only,https://www.blm.gov/office/california-desert-district-office,official_unit_url_candidate_not_http_validated,not_systematically_researched,not_systematically_researched,statewide_source_audit_complete_plan_level_research_partial,2026-08-05,high_source_identity_medium_semantic_history,"Avawatz Mountains WSA is represented in the current BLM California designated-ACEC layer under CDCA Plan, as amended by DRECP. The statewide source identifies fish or aquatic resources, natural processes, and wildlife resources as relevant designation categories. The statewide source identifies special management attention to prevent irreparable damage to those values. Detailed restrictions and exceptions are plan-specific. The mapped boundary is a planning-designation geometry, not an ownership or access boundary.","Detailed ACEC-specific plan pages, maps, prescriptions, land status, access, and related-designation intersections remain a documented research/overlay phase.",1,53158.63866116484,True,equivalent_within_qa_tolerance,user-supplied BRIM acec shapefile; EPSG:3310; original snapshot preserved
acec-93b33768f0933f,Ayers Rock,ayers rock,,"ayers rock|CDCA Plan, as amended by DRECP||2016-09-14|CAD00000",currently_designated_source_layer,Currently mapped as designated,ACEC,ACEC,not_verified,True,False,False,unverified,unverified,1,1,0,,not_researched,1525.820354,1525.820354,-0.0,-0.0,California Desert District,,California Desert District,CAD00000,1,"CDCA Plan, as amended by DRECP",2016-09-14,2016,BLM land-use planning decision,,https://www.blm.gov/programs/planning-and-nepa/plans-in-development/california,,Current statewide source supplies one governing-plan/ROD association; earlier boundary and designation history require plan-level research.,"Cultural resources, Historic resources, Natural processes, Scenic values, and Wildlife resources.",botanical_or_ecological;cultural_archaeological_historic;scenic;wildlife_and_habitat,The statewide source identifies special management attention to prevent irreparable damage to those values. Detailed restrictions and exceptions are plan-specific.,"Legal access, ownership, inholdings, and component-specific restrictions were not established from the statewide ACEC layer.",,California,,drecp,no_water_value_identified_in_statewide_source,No fish-resource relevance is coded affirmative in the statewide source; spatial hydrologic context has not been derived.,,not_verified,,statewide_source_map_only,https://www.blm.gov/programs/planning-and-nepa/plans-in-development/california,official_california_plan_index_only,https://www.blm.gov/office/california-desert-district-office,official_unit_url_candidate_not_http_validated,not_systematically_researched,not_systematically_researched,statewide_source_audit_complete_plan_level_research_partial,2026-08-05,high_source_identity_medium_semantic_history,"Ayers Rock is represented in the current BLM California designated-ACEC layer under CDCA Plan, as amended by DRECP. The statewide source identifies cultural resources, historic resources, natural processes, scenic values, and wildlife resources as relevant designation categories. The statewide source identifies special management attention to prevent irreparable damage to those values. Detailed restrictions and exceptions are plan-specific. The mapped boundary is a planning-designation geometry, not an ownership or access boundary.","Detailed ACEC-specific plan pages, maps, prescriptions, land status, access, and related-designation intersections remain a documented research/overlay phase.",1,1525.8203544706887,True,equivalent_within_qa_tolerance,user-supplied BRIM acec shapefile; EPSG:3310; original snapshot preserved
acec-68fcb84cbd80e5,Bagby Serpentine,bagby serpentine,,bagby serpentine|Sierra|DOI-BLM-CA-C080-2007-0001-RMP-EIS|2008-02-01|CAC08000,currently_designated_source_layer,Currently mapped as designated,ACEC,ACEC,not_verified,True,False,False,unverified,unverified,1,1,1,,not_researched,5787.086729,5787.086729,-0.0,-0.0,Central California District,Mother Lode Field Office,Mother Lode Field Office,CAC08000,1,Sierra,2008-02-01,2008,BLM land-use planning decision,DOI-BLM-CA-C080-2007-0001-RMP-EIS,https://eplanning.blm.gov/eplanning-ui/project/72554/510,,Current statewide source supplies one governing-plan/ROD association; earlier boundary and designation history require plan-level research.,"Natural processes, and Natural systems.",botanical_or_ecological,The statewide source identifies special management attention to prevent irreparable damage to those values. Detailed restrictions and exceptions are plan-specific.,"Legal access, ownership, inholdings, and component-specific restrictions were not established from the statewide ACEC layer.",,California,,central_california_plan,no_water_value_identified_in_statewide_source,No fish-resource relevance is coded affirmative in the statewide source; spatial hydrologic context has not been derived.,,not_verified,,statewide_source_map_only,https://eplanning.blm.gov/eplanning-ui/project/72554/510,direct_official_plan_or_project_page,https://www.blm.gov/office/mother-lode-field-office,official_unit_url_candidate_not_http_validated,not_systematically_researched,not_systematically_researched,statewide_source_audit_complete_plan_level_research_partial,2026-08-05,high_source_identity_medium_semantic_history,"Bagby Serpentine is represented in the current BLM California designated-ACEC layer under Sierra. The statewide source identifies natural processes, and natural systems as relevant designation categories. The statewide source identifies special management attention to prevent irreparable damage to those values. Detailed restrictions and exceptions are plan-specific. The mapped boundary is a planning-designation geometry, not an ownership or access boundary.","Detailed ACEC-specific plan pages, maps, prescriptions, land status, access, and related-designation intersections remain a documented research/overlay phase.",2,5787.08672939184,True,equivalent_within_qa_tolerance,user-supplied BRIM acec shapefile; EPSG:3310; original snapshot preserved
acec-7ecf54790be880,Barstow Woolly Sunflower,barstow woolly sunflower,,"barstow woolly sunflower|CDCA Plan, as amended by DRECP|DOI-BLM-CA-D010-2014-0001-RMP-EIS|2016-09-14|CAD00000",currently_designated_source_layer,Currently mapped as designated,ACEC,ACEC,not_verified,True,False,False,unverified,unverified,1,1,0,,not_researched,36343.813541,36343.813541,-0.0,-0.0,California Desert District,,California Desert District,CAD00000,1,"CDCA Plan, as amended by DRECP",2016-09-14,2016,BLM land-use planning decision,DOI-BLM-CA-D010-2014-0001-RMP-EIS,https://www.blm.gov/programs/planning-and-nepa/plans-in-development/california/desert-renewable-energy-conservation-plan,,Current statewide source supplies one governing-plan/ROD association; earlier boundary and designation history require plan-level research.,"Fish or aquatic resources, and Wildlife resources.",water_aquatic;wildlife_and_habitat,The statewide source identifies special management attention to prevent irreparable damage to those values. Detailed restrictions and exceptions are plan-specific.,"Legal access, ownership, inholdings, and component-specific restrictions were not established from the statewide ACEC layer.",,California,,drecp,documented_designation_value,The statewide source identifies fish-resource relevance.,,not_verified,,statewide_source_map_only,https://www.blm.gov/programs/planning-and-nepa/plans-in-development/california/desert-renewable-energy-conservation-plan,direct_official_plan_or_project_page,https://www.blm.gov/office/california-desert-district-office,official_unit_url_candidate_not_http_validated,not_systematically_researched,not_systematically_researched,statewide_source_audit_complete_plan_level_research_partial,2026-08-05,high_source_identity_medium_semantic_history,"Barstow Woolly Sunflower is represented in the current BLM California designated-ACEC layer under CDCA Plan, as amended by DRECP. The statewide source identifies fish or aquatic resources, and wildlife resources as relevant designation categories. The statewide source identifies special management attention to prevent irreparable damage to those values. Detailed restrictions and exceptions are plan-specific. The mapped boundary is a planning-designation geometry, not an ownership or access boundary.","Detailed ACEC-specific plan pages, maps, prescriptions, land status, access, and related-designation intersections remain a documented research/overlay phase.",1,36343.81354097248,True,equivalent_within_qa_tolerance,user-supplied BRIM acec shapefile; EPSG:3310; original snapshot preserved
acec-f4fe1725df2d38,Bedrock Spring,bedrock spring,,"bedrock spring|CDCA Plan, as amended by DRECP||2016-09-14|CAD00000",currently_designated_source_layer,Currently mapped as designated,ACEC,ACEC,not_verified,True,False,False,unverified,unverified,1,1,0,,not_researched,441.730282,441.730282,-0.0,-0.0,California Desert District,,California Desert District,CAD00000,1,"CDCA Plan, as amended by DRECP",2016-09-14,2016,BLM land-use planning decision,,https://www.blm.gov/programs/planning-and-nepa/plans-in-development/california,,Current statewide source supplies one governing-plan/ROD association; earlier boundary and designation history require plan-level research.,"Cultural resources, Historic resources, and Scenic values.",cultural_archaeological_historic;scenic,The statewide source identifies special management attention to prevent irreparable damage to those values. Detailed restrictions and exceptions are plan-specific.,"Legal access, ownership, inholdings, and component-specific restrictions were not established from the statewide ACEC layer.",,California,,drecp,no_water_value_identified_in_statewide_source,No fish-resource relevance is coded affirmative in the statewide source; spatial hydrologic context has not been derived.,,not_verified,,statewide_source_map_only,https://www.blm.gov/programs/planning-and-nepa/plans-in-development/california,official_california_plan_index_only,https://www.blm.gov/office/california-desert-district-office,official_unit_url_candidate_not_http_validated,not_systematically_researched,not_systematically_researched,statewide_source_audit_complete_plan_level_research_partial,2026-08-05,high_source_identity_medium_semantic_history,"Bedrock Spring is represented in the current BLM California designated-ACEC layer under CDCA Plan, as amended by DRECP. The statewide source identifies cultural resources, historic resources, and scenic values as relevant designation categories. The statewide source identifies special management attention to prevent irreparable damage to those values. Detailed restrictions and exceptions are plan-specific. The mapped boundary is a planning-designation geometry, not an ownership or access boundary.","Detailed ACEC-specific plan pages, maps, prescriptions, land status, access, and related-designation intersections remain a documented research/overlay phase.",1,441.73028201066415,True,equivalent_within_qa_tolerance,user-supplied BRIM acec shapefile; EPSG:3310; original snapshot preserved
acec-0f1980c7239423,Beegum Creek Gorge,beegum creek gorge,,beegum creek gorge|Northwest California Integrated Plan|DOI-BLM-CA-N060-2021-0012-RMP-EIS|2024-11-06|CAN06000,currently_designated_source_layer,Currently mapped as designated,ACEC,ACEC,not_verified,True,False,False,unverified,unverified,1,1,0,,not_researched,4486.276209,4486.276209,0.0,0.0,Northern California District,Redding Field Office,Redding Field Office,CAN06000,1,Northwest California Integrated Plan,2024-11-06,2024,BLM land-use planning decision,DOI-BLM-CA-N060-2021-0012-RMP-EIS,https://www.blm.gov/programs/planning-and-nepa/plans-in-development/california/northwest-california-integrated-rmp,,Current statewide source supplies one governing-plan/ROD association; earlier boundary and designation history require plan-level research.,"Fish or aquatic resources, Natural processes, Natural systems, and Wildlife resources.",botanical_or_ecological;water_aquatic;wildlife_and_habitat,The statewide source identifies special management attention to protect identified relevant and important values and prevent irreparable damage to those values. Detailed restrictions and exceptions are plan-specific.,"Legal access, ownership, inholdings, and component-specific restrictions were not established from the statewide ACEC layer.",,California,,northwest_california_integrated_plan,documented_designation_value,The statewide source identifies fish-resource relevance.,,not_verified,,statewide_source_map_only,https://www.blm.gov/programs/planning-and-nepa/plans-in-development/california/northwest-california-integrated-rmp,direct_official_plan_or_project_page,https://www.blm.gov/office/redding-field-office,official_unit_url_candidate_not_http_validated,not_systematically_researched,not_systematically_researched,statewide_source_audit_complete_plan_level_research_partial,2026-08-05,high_source_identity_medium_semantic_history,"Beegum Creek Gorge is represented in the current BLM California designated-ACEC layer under Northwest California Integrated Plan. The statewide source identifies fish or aquatic resources, natural processes, natural systems, and wildlife resources as relevant designation categories. The statewide source identifies special management attention to protect identified relevant and important values and prevent irreparable damage to those values. Detailed restrictions and exceptions are plan-specific. The mapped boundary is a planning-designation geometry, not an ownership or access boundary.","Detailed ACEC-specific plan pages, maps, prescriptions, land status, access, and related-designation intersections remain a documented research/overlay phase.",1,4486.276209455359,True,equivalent_within_qa_tolerance,user-supplied BRIM acec shapefile; EPSG:3310; original snapshot preserved
acec-a13d189a605166,Bendire's Thrasher,bendire s thrasher,,"bendire s thrasher|CDCA Plan, as amended by DRECP|DOI-BLM-CA-D010-2014-0001-RMP-EIS|2016-09-14|CAD00000",currently_designated_source_layer,Currently mapped as designated,ACEC,ACEC,not_verified,True,False,False,unverified,unverified,1,1,0,,not_researched,9780.459904,9780.459904,-0.0,-0.0,California Desert District,,California Desert District,CAD00000,1,"CDCA Plan, as amended by DRECP",2016-09-14,2016,BLM land-use planning decision,DOI-BLM-CA-D010-2014-0001-RMP-EIS,https://www.blm.gov/programs/planning-and-nepa/plans-in-development/california/desert-renewable-energy-conservation-plan,,Current statewide source supplies one governing-plan/ROD association; earlier boundary and designation history require plan-level research.,Wildlife resources.,wildlife_and_habitat,The statewide source identifies special management attention to prevent irreparable damage to those values. Detailed restrictions and exceptions are plan-specific.,"Legal access, ownership, inholdings, and component-specific restrictions were not established from the statewide ACEC layer.",,California,,drecp,no_water_value_identified_in_statewide_source,No fish-resource relevance is coded affirmative in the statewide source; spatial hydrologic context has not been derived.,,not_verified,,statewide_source_map_only,https://www.blm.gov/programs/planning-and-nepa/plans-in-development/california/desert-renewable-energy-conservation-plan,direct_official_plan_or_project_page,https://www.blm.gov/office/california-desert-district-office,official_unit_url_candidate_not_http_validated,not_systematically_researched,not_systematically_researched,statewide_source_audit_complete_plan_level_research_partial,2026-08-05,high_source_identity_medium_semantic_history,"Bendire's Thrasher is represented in the current BLM California designated-ACEC layer under CDCA Plan, as amended by DRECP. The statewide source identifies wildlife resources as relevant designation categories. The statewide source identifies special management attention to prevent irreparable damage to those values. Detailed restrictions and exceptions are plan-specific. The mapped boundary is a planning-designation geometry, not an ownership or access boundary.","Detailed ACEC-specific plan pages, maps, prescriptions, land status, access, and related-designation intersections remain a documented research/overlay phase.",1,9780.45990383212,True,equivalent_within_qa_tolerance,user-supplied BRIM acec shapefile; EPSG:3310; original snapshot preserved
acec-33bf7ea8bb1f42,Big Morongo Canyon,big morongo canyon,,"big morongo canyon|CDCA Plan, as amended by DRECP|DOI-BLM-CA-D010-2014-0001-RMP-EIS|2016-09-14|CAD00000",currently_designated_source_layer,Currently mapped as designated,ACEC,ACEC,not_verified,True,False,False,unverified,unverified,1,1,0,,not_researched,28274.65267,28274.65267,0.0,0.0,California Desert District,,California Desert District,CAD00000,1,"CDCA Plan, as amended by DRECP",2016-09-14,2016,BLM land-use planning decision,DOI-BLM-CA-D010-2014-0001-RMP-EIS,https://www.blm.gov/programs/planning-and-nepa/plans-in-development/california/desert-renewable-energy-conservation-plan,,Current statewide source supplies one governing-plan/ROD association; earlier boundary and designation history require plan-level research.,"Cultural resources, Historic resources, Natural processes, Natural systems, and Wildlife resources.",botanical_or_ecological;cultural_archaeological_historic;wildlife_and_habitat,The statewide source identifies special management attention to prevent irreparable damage to those values. Detailed restrictions and exceptions are plan-specific.,"Legal access, ownership, inholdings, and component-specific restrictions were not established from the statewide ACEC layer.",,California,,drecp,no_water_value_identified_in_statewide_source,No fish-resource relevance is coded affirmative in the statewide source; spatial hydrologic context has not been derived.,,not_verified,,statewide_source_map_only,https://www.blm.gov/programs/planning-and-nepa/plans-in-development/california/desert-renewable-energy-conservation-plan,direct_official_plan_or_project_page,https://www.blm.gov/office/california-desert-district-office,official_unit_url_candidate_not_http_validated,not_systematically_researched,not_systematically_researched,statewide_source_audit_complete_plan_level_research_partial,2026-08-05,high_source_identity_medium_semantic_history,"Big Morongo Canyon is represented in the current BLM California designated-ACEC layer under CDCA Plan, as amended by DRECP. The statewide source identifies cultural resources, historic resources, natural processes, natural systems, and wildlife resources as relevant designation categories. The statewide source identifies special management attention to prevent irreparable damage to those values. Detailed restrictions and exceptions are plan-specific. The mapped boundary is a planning-designation geometry, not an ownership or access boundary.","Detailed ACEC-specific plan pages, maps, prescriptions, land status, access, and related-designation intersections remain a documented research/overlay phase.",1,28274.65267031786,True,equivalent_within_qa_tolerance,user-supplied BRIM acec shapefile; EPSG:3310; original snapshot preserved
acec-f360b0cdf8ad6b,Big Rock Creek Wash,big rock creek wash,,"big rock creek wash|CDCA Plan, as amended by DRECP||2016-09-14|CAD00000",currently_designated_source_layer,Currently mapped as designated,ACEC,ACEC,not_verified,True,False,False,unverified,unverified,1,1,0,,not_researched,309.147795,309.147795,0.0,0.0,California Desert District,,California Desert District,CAD00000,1,"CDCA Plan, as amended by DRECP",2016-09-14,2016,BLM land-use planning decision,,https://www.blm.gov/programs/planning-and-nepa/plans-in-development/california,,Current statewide source supplies one governing-plan/ROD association; earlier boundary and designation history require plan-level research.,"Natural processes, Natural systems, and Wildlife resources.",botanical_or_ecological;wildlife_and_habitat,The statewide source identifies special management attention to prevent irreparable damage to those values. Detailed restrictions and exceptions are plan-specific.,"Legal access, ownership, inholdings, and component-specific restrictions were not established from the statewide ACEC layer.",,California,,drecp,no_water_value_identified_in_statewide_source,No fish-resource relevance is coded affirmative in the statewide source; spatial hydrologic context has not been derived.,,not_verified,,statewide_source_map_only,https://www.blm.gov/programs/planning-and-nepa/plans-in-development/california,official_california_plan_index_only,https://www.blm.gov/office/california-desert-district-office,official_unit_url_candidate_not_http_validated,not_systematically_researched,not_systematically_researched,statewide_source_audit_complete_plan_level_research_partial,2026-08-05,high_source_identity_medium_semantic_history,"Big Rock Creek Wash is represented in the current BLM California designated-ACEC layer under CDCA Plan, as amended by DRECP. The statewide source identifies natural processes, natural systems, and wildlife resources as relevant designation categories. The statewide source identifies special management attention to prevent irreparable damage to those values. Detailed restrictions and exceptions are plan-specific. The mapped boundary is a planning-designation geometry, not an ownership or access boundary.","Detailed ACEC-specific plan pages, maps, prescriptions, land status, access, and related-designation intersections remain a documented research/overlay phase.",1,309.1477950061604,True,equivalent_within_qa_tolerance,user-supplied BRIM acec shapefile; EPSG:3310; original snapshot preserved
acec-177cabde2d30a6,Bigelow Cholla,bigelow cholla,,"bigelow cholla|CDCA Plan, as amended by DRECP|DOI-BLM-CA-D010-2014-0001-RMP-EIS|2016-09-14|CAD00000",currently_designated_source_layer,Currently mapped as designated,ACEC,ACEC,not_verified,True,False,False,unverified,unverified,1,1,0,,not_researched,5748.595937,5748.595937,-0.0,-0.0,California Desert District,,California Desert District,CAD00000,1,"CDCA Plan, as amended by DRECP",2016-09-14,2016,BLM land-use planning decision,DOI-BLM-CA-D010-2014-0001-RMP-EIS,https://www.blm.gov/programs/planning-and-nepa/plans-in-development/california/desert-renewable-energy-conservation-plan,,Current statewide source supplies one governing-plan/ROD association; earlier boundary and designation history require plan-level research.,Scenic values.,scenic,The statewide source identifies special management attention to prevent irreparable damage to those values. Detailed restrictions and exceptions are plan-specific.,"Legal access, ownership, inholdings, and component-specific restrictions were not established from the statewide ACEC layer.",,California,,drecp,no_water_value_identified_in_statewide_source,No fish-resource relevance is coded affirmative in the statewide source; spatial hydrologic context has not been derived.,,not_verified,,statewide_source_map_only,https://www.blm.gov/programs/planning-and-nepa/plans-in-development/california/desert-renewable-energy-conservation-plan,direct_official_plan_or_project_page,https://www.blm.gov/office/california-desert-district-office,official_unit_url_candidate_not_http_validated,not_systematically_researched,not_systematically_researched,statewide_source_audit_complete_plan_level_research_partial,2026-08-05,high_source_identity_medium_semantic_history,"Bigelow Cholla is represented in the current BLM California designated-ACEC layer under CDCA Plan, as amended by DRECP. The statewide source identifies scenic values as relevant designation categories. The statewide source identifies special management attention to prevent irreparable damage to those values. Detailed restrictions and exceptions are plan-specific. The mapped boundary is a planning-designation geometry, not an ownership or access boundary.","Detailed ACEC-specific plan pages, maps, prescriptions, land status, access, and related-designation intersections remain a documented research/overlay phase.",1,5748.595936564519,True,equivalent_within_qa_tolerance,user-supplied BRIM acec shapefile; EPSG:3310; original snapshot preserved
acec-a6554e12b6c54d,Bitner,bitner,,bitner|Surprise|DOI-BLM-CA-N020-2008-0002-RMP-EIS|2008-04-17|CAN02000,currently_designated_source_layer,Currently mapped as designated,ACEC,ACEC,not_verified,True,False,False,unverified,unverified,1,1,0,,not_researched,1923.961785,1923.961785,-0.0,-0.0,Northern California District,Applegate Field Office,Applegate Field Office,CAN02000,1,Surprise,2008-04-17,2008,BLM land-use planning decision,DOI-BLM-CA-N020-2008-0002-RMP-EIS,https://eplanning.blm.gov/eplanning-ui/project/65663/510,,Current statewide source supplies one governing-plan/ROD association; earlier boundary and designation history require plan-level research.,"Cultural resources, Historic resources, and Wildlife resources.",cultural_archaeological_historic;wildlife_and_habitat,The statewide source identifies special management attention to prevent irreparable damage to those values. Detailed restrictions and exceptions are plan-specific.,"Legal access, ownership, inholdings, and component-specific restrictions were not established from the statewide ACEC layer.",,California,,northern_california_other_plan,no_water_value_identified_in_statewide_source,No fish-resource relevance is coded affirmative in the statewide source; spatial hydrologic context has not been derived.,,not_verified,,statewide_source_map_only,https://eplanning.blm.gov/eplanning-ui/project/65663/510,direct_official_plan_or_project_page,https://www.blm.gov/office/applegate-field-office,official_unit_url_candidate_not_http_validated,not_systematically_researched,not_systematically_researched,statewide_source_audit_complete_plan_level_research_partial,2026-08-05,high_source_identity_medium_semantic_history,"Bitner is represented in the current BLM California designated-ACEC layer under Surprise. The statewide source identifies cultural resources, historic resources, and wildlife resources as relevant designation categories. The statewide source identifies special management attention to prevent irreparable damage to those values. Detailed restrictions and exceptions are plan-specific. The mapped boundary is a planning-designation geometry, not an ownership or access boundary.","Detailed ACEC-specific plan pages, maps, prescriptions, land status, access, and related-designation intersections remain a documented research/overlay phase.",1,1923.9617854005082,True,equivalent_within_qa_tolerance,user-supplied BRIM acec shapefile; EPSG:3310; original snapshot preserved
acec-c2ede1fbe96ae9,Bitter Creek,bitter creek,,bitter creek|Bakersfield Resource Management Plan|DOI-BLM-CA-C060-2014-0001-RMP-EIS|2014-12-22|CAC06000,currently_designated_source_layer,Currently mapped as designated,ACEC,ACEC,not_verified,True,False,False,unverified,unverified,1,1,1,,not_researched,1025.365037,1025.365037,0.0,0.0,Central California District,Bakersfield Field Office,Bakersfield Field Office,CAC06000,1,Bakersfield Resource Management Plan,2014-12-22,2014,BLM land-use planning decision,DOI-BLM-CA-C060-2014-0001-RMP-EIS,https://eplanning.blm.gov/Project-Home/?id=77b9ea95-a7f2-f011-8406-001dd802fdea,,Current statewide source supplies one governing-plan/ROD association; earlier boundary and designation history require plan-level research.,"Fish or aquatic resources, and Wildlife resources.",water_aquatic;wildlife_and_habitat,The statewide source identifies special management attention to prevent irreparable damage to those values. Detailed restrictions and exceptions are plan-specific.,"Legal access, ownership, inholdings, and component-specific restrictions were not established from the statewide ACEC layer.",,California,,central_california_plan,documented_designation_value,The statewide source identifies fish-resource relevance.,,not_verified,,statewide_source_map_only,https://eplanning.blm.gov/Project-Home/?id=77b9ea95-a7f2-f011-8406-001dd802fdea,direct_official_plan_or_project_page,https://www.blm.gov/office/bakersfield-field-office,official_unit_url_candidate_not_http_validated,not_systematically_researched,not_systematically_researched,statewide_source_audit_complete_plan_level_research_partial,2026-08-05,high_source_identity_medium_semantic_history,"Bitter Creek is represented in the current BLM California designated-ACEC layer under Bakersfield Resource Management Plan. The statewide source identifies fish or aquatic resources, and wildlife resources as relevant designation categories. The statewide source identifies special management attention to prevent irreparable damage to those values. Detailed restrictions and exceptions are plan-specific. The mapped boundary is a planning-designation geometry, not an ownership or access boundary.","Detailed ACEC-specific plan pages, maps, prescriptions, land status, access, and related-designation intersections remain a documented research/overlay phase.",4,1025.3650366879542,True,equivalent_within_qa_tolerance,user-supplied BRIM acec shapefile; EPSG:3310; original snapshot preserved
acec-00193cda945bde,Black Forest,black forest,,black forest|Ukiah|DOI-BLM-CA-C050-2006-0001-RMP-EIS|2006-09-25|CAC05000,currently_designated_source_layer,Currently mapped as designated,ACEC,ACEC,not_verified,True,False,False,unverified,unverified,1,1,0,,not_researched,254.195044,254.195044,0.0,0.0,Central California District,Ukiah Field Office,Ukiah Field Office,CAC05000,1,Ukiah,2006-09-25,2006,BLM land-use planning decision,DOI-BLM-CA-C050-2006-0001-RMP-EIS,https://www.blm.gov/programs/planning-and-nepa/plans-in-development/california,,Current statewide source supplies one governing-plan/ROD association; earlier boundary and designation history require plan-level research.,"Scenic values, and Wildlife resources.",scenic;wildlife_and_habitat,The statewide source identifies special management attention to prevent irreparable damage to those values. Detailed restrictions and exceptions are plan-specific.,"Legal access, ownership, inholdings, and component-specific restrictions were not established from the statewide ACEC layer.",,California,,central_california_plan,no_water_value_identified_in_statewide_source,No fish-resource relevance is coded affirmative in the statewide source; spatial hydrologic context has not been derived.,,not_verified,,statewide_source_map_only,https://www.blm.gov/programs/planning-and-nepa/plans-in-development/california,official_california_plan_index_only,https://www.blm.gov/office/ukiah-field-office,official_unit_url_candidate_not_http_validated,not_systematically_researched,not_systematically_researched,statewide_source_audit_complete_plan_level_research_partial,2026-08-05,high_source_identity_medium_semantic_history,"Black Forest is represented in the current BLM California designated-ACEC layer under Ukiah. The statewide source identifies scenic values, and wildlife resources as relevant designation categories. The statewide source identifies special management attention to prevent irreparable damage to those values. Detailed restrictions and exceptions are plan-specific. The mapped boundary is a planning-designation geometry, not an ownership or access boundary.","Detailed ACEC-specific plan pages, maps, prescriptions, land status, access, and related-designation intersections remain a documented research/overlay phase.",1,254.19504405733315,True,equivalent_within_qa_tolerance,user-supplied BRIM acec shapefile; EPSG:3310; original snapshot preserved
acec-7869140086b800,Black Mountain,black mountain,,"black mountain|CDCA Plan, as amended by DRECP|DOI-BLM-CA-D010-2014-0001-RMP-EIS|2016-09-14|CAD00000",currently_designated_source_layer,Currently mapped as designated,ACEC,ACEC,not_verified,True,False,False,unverified,unverified,1,1,0,,not_researched,61721.33095,61721.33095,-0.0,-0.0,California Desert District,,California Desert District,CAD00000,1,"CDCA Plan, as amended by DRECP",2016-09-14,2016,BLM land-use planning decision,DOI-BLM-CA-D010-2014-0001-RMP-EIS,https://www.blm.gov/programs/planning-and-nepa/plans-in-development/california/desert-renewable-energy-conservation-plan,,Current statewide source supplies one governing-plan/ROD association; earlier boundary and designation history require plan-level research.,"Cultural resources, Historic resources, Natural processes, Natural systems, and Wildlife resources.",botanical_or_ecological;cultural_archaeological_historic;wildlife_and_habitat,The statewide source identifies special management attention to prevent irreparable damage to those values. Detailed restrictions and exceptions are plan-specific.,"Legal access, ownership, inholdings, and component-specific restrictions were not established from the statewide ACEC layer.",,California,,drecp,no_water_value_identified_in_statewide_source,No fish-resource relevance is coded affirmative in the statewide source; spatial hydrologic context has not been derived.,,not_verified,,statewide_source_map_only,https://www.blm.gov/programs/planning-and-nepa/plans-in-development/california/desert-renewable-energy-conservation-plan,direct_official_plan_or_project_page,https://www.blm.gov/office/california-desert-district-office,official_unit_url_candidate_not_http_validated,not_systematically_researched,not_systematically_researched,statewide_source_audit_complete_plan_level_research_partial,2026-08-05,high_source_identity_medium_semantic_history,"Black Mountain is represented in the current BLM California designated-ACEC layer under CDCA Plan, as amended by DRECP. The statewide source identifies cultural resources, historic resources, natural processes, natural systems, and wildlife resources as relevant designation categories. The statewide source identifies special management attention to prevent irreparable damage to those values. Detailed restrictions and exceptions are plan-specific. The mapped boundary is a planning-designation geometry, not an ownership or access boundary.","Detailed ACEC-specific plan pages, maps, prescriptions, land status, access, and related-designation intersections remain a documented research/overlay phase.",1,61721.33095015148,True,equivalent_within_qa_tolerance,user-supplied BRIM acec shapefile; EPSG:3310; original snapshot preserved
acec-2ab872f3c0b997,Black Mountain,black mountain,,black mountain|Northwest California Integrated Plan|DOI-BLM-CA-N060-2021-0012-RMP-EIS|2024-11-06|CAN06000,currently_designated_source_layer,Currently mapped as designated,ACEC,ACEC,not_verified,True,False,False,unverified,unverified,1,1,1,,not_researched,1124.249752,1124.249752,-0.0,-0.0,Northern California District,Redding Field Office,Redding Field Office,CAN06000,1,Northwest California Integrated Plan,2024-11-06,2024,BLM land-use planning decision,DOI-BLM-CA-N060-2021-0012-RMP-EIS,https://www.blm.gov/programs/planning-and-nepa/plans-in-development/california/northwest-california-integrated-rmp,,Current statewide source supplies one governing-plan/ROD association; earlier boundary and designation history require plan-level research.,"Cultural resources, Historic resources, Natural processes, and Natural systems.",botanical_or_ecological;cultural_archaeological_historic,The statewide source identifies special management attention to prevent irreparable damage to those values. Detailed restrictions and exceptions are plan-specific.,"Legal access, ownership, inholdings, and component-specific restrictions were not established from the statewide ACEC layer.",,California,,northwest_california_integrated_plan,no_water_value_identified_in_statewide_source,No fish-resource relevance is coded affirmative in the statewide source; spatial hydrologic context has not been derived.,,not_verified,,statewide_source_map_only,https://www.blm.gov/programs/planning-and-nepa/plans-in-development/california/northwest-california-integrated-rmp,direct_official_plan_or_project_page,https://www.blm.gov/office/redding-field-office,official_unit_url_candidate_not_http_validated,not_systematically_researched,not_systematically_researched,statewide_source_audit_complete_plan_level_research_partial,2026-08-05,high_source_identity_medium_semantic_history,"Black Mountain is represented in the current BLM California designated-ACEC layer under Northwest California Integrated Plan. The statewide source identifies cultural resources, historic resources, natural processes, and natural systems as relevant designation categories. The statewide source identifies special management attention to prevent irreparable damage to those values. Detailed restrictions and exceptions are plan-specific. The mapped boundary is a planning-designation geometry, not an ownership or access boundary.","Detailed ACEC-specific plan pages, maps, prescriptions, land status, access, and related-designation intersections remain a documented research/overlay phase.",2,1124.2497515825185,True,equivalent_within_qa_tolerance,user-supplied BRIM acec shapefile; EPSG:3310; original snapshot preserved
acec-d5bb49931e8ca7,Blue Ridge,blue ridge,,blue ridge|Bakersfield Resource Management Plan|DOI-BLM-CA-C060-2014-0001-RMP-EIS|2014-12-22|CAC06000,currently_designated_source_layer,Currently mapped as designated,ACEC,ACEC,not_verified,True,False,False,unverified,unverified,1,1,0,,not_researched,11064.0595,11064.0595,-0.0,-0.0,Central California District,Bakersfield Field Office,Bakersfield Field Office,CAC06000,1,Bakersfield Resource Management Plan,2014-12-22,2014,BLM land-use planning decision,DOI-BLM-CA-C060-2014-0001-RMP-EIS,https://eplanning.blm.gov/Project-Home/?id=77b9ea95-a7f2-f011-8406-001dd802fdea,,Current statewide source supplies one governing-plan/ROD association; earlier boundary and designation history require plan-level research.,Wildlife resources.,wildlife_and_habitat,The statewide source identifies special management attention to prevent irreparable damage to those values. Detailed restrictions and exceptions are plan-specific.,"Legal access, ownership, inholdings, and component-specific restrictions were not established from the statewide ACEC layer.",,California,,central_california_plan,no_water_value_identified_in_statewide_source,No fish-resource relevance is coded affirmative in the statewide source; spatial hydrologic context has not been derived.,,not_verified,,statewide_source_map_only,https://eplanning.blm.gov/Project-Home/?id=77b9ea95-a7f2-f011-8406-001dd802fdea,direct_official_plan_or_project_page,https://www.blm.gov/office/bakersfield-field-office,official_unit_url_candidate_not_http_validated,not_systematically_researched,not_systematically_researched,statewide_source_audit_complete_plan_level_research_partial,2026-08-05,high_source_identity_medium_semantic_history,"Blue Ridge is represented in the current BLM California designated-ACEC layer under Bakersfield Resource Management Plan. The statewide source identifies wildlife resources as relevant designation categories. The statewide source identifies special management attention to prevent irreparable damage to those values. Detailed restrictions and exceptions are plan-specific. The mapped boundary is a planning-designation geometry, not an ownership or access boundary.","Detailed ACEC-specific plan pages, maps, prescriptions, land status, access, and related-designation intersections remain a documented research/overlay phase.",1,11064.059499720284,True,equivalent_within_qa_tolerance,user-supplied BRIM acec shapefile; EPSG:3310; original snapshot preserved
acec-03567a718268db,Bodie Bowl,bodie bowl,,bodie bowl|Bishop|DOI-BLM-CA-C070-1993-0001-RPM-EIS|1993-03-26|CAC07000,currently_designated_source_layer,Currently mapped as designated,ACEC,ACEC,not_verified,True,False,False,unverified,unverified,1,1,0,,not_researched,7268.05292,7268.05292,-0.0,-0.0,Central California District,Bishop Field Office,Bishop Field Office,CAC07000,1,Bishop,1993-03-26,1993,BLM land-use planning decision,DOI-BLM-CA-C070-1993-0001-RPM-EIS,https://eplanning.blm.gov/Project-Home/?id=dd68a393-a7f2-f011-8407-001dd80c29f3,,Current statewide source supplies one governing-plan/ROD association; earlier boundary and designation history require plan-level research.,"Cultural resources, Historic resources, and Scenic values.",cultural_archaeological_historic;scenic,The statewide source identifies special management attention to prevent irreparable damage to those values. Detailed restrictions and exceptions are plan-specific.,"Legal access, ownership, inholdings, and component-specific restrictions were not established from the statewide ACEC layer.",,California,,central_california_plan,no_water_value_identified_in_statewide_source,No fish-resource relevance is coded affirmative in the statewide source; spatial hydrologic context has not been derived.,,not_verified,,statewide_source_map_only,https://eplanning.blm.gov/Project-Home/?id=dd68a393-a7f2-f011-8407-001dd80c29f3,direct_official_plan_or_project_page,https://www.blm.gov/office/bishop-field-office,official_unit_url_candidate_not_http_validated,not_systematically_researched,not_systematically_researched,statewide_source_audit_complete_plan_level_research_partial,2026-08-05,high_source_identity_medium_semantic_history,"Bodie Bowl is represented in the current BLM California designated-ACEC layer under Bishop. The statewide source identifies cultural resources, historic resources, and scenic values as relevant designation categories. The statewide source identifies special management attention to prevent irreparable damage to those values. Detailed restrictions and exceptions are plan-specific. The mapped boundary is a planning-designation geometry, not an ownership or access boundary.","Detailed ACEC-specific plan pages, maps, prescriptions, land status, access, and related-designation intersections remain a documented research/overlay phase.",1,7268.0529203409005,True,equivalent_within_qa_tolerance,user-supplied BRIM acec shapefile; EPSG:3310; original snapshot preserved
acec-ba901b38eac683,Brisbane Valley Monkey Flower,brisbane valley monkey flower,,"brisbane valley monkey flower|CDCA Plan, as amended by DRECP|DOI-BLM-CA-D010-2014-0001-RMP-EIS|2016-09-14|CAD00000",currently_designated_source_layer,Currently mapped as designated,ACEC,ACEC,not_verified,True,False,False,unverified,unverified,1,1,0,,not_researched,17980.823625,17980.823625,-0.0,-0.0,California Desert District,,California Desert District,CAD00000,1,"CDCA Plan, as amended by DRECP",2016-09-14,2016,BLM land-use planning decision,DOI-BLM-CA-D010-2014-0001-RMP-EIS,https://www.blm.gov/programs/planning-and-nepa/plans-in-development/california/desert-renewable-energy-conservation-plan,,Current statewide source supplies one governing-plan/ROD association; earlier boundary and designation history require plan-level research.,"Natural processes, Natural systems, and Wildlife resources.",botanical_or_ecological;wildlife_and_habitat,The statewide source identifies special management attention to prevent irreparable damage to those values. Detailed restrictions and exceptions are plan-specific.,"Legal access, ownership, inholdings, and component-specific restrictions were not established from the statewide ACEC layer.",,California,,drecp,no_water_value_identified_in_statewide_source,No fish-resource relevance is coded affirmative in the statewide source; spatial hydrologic context has not been derived.,,not_verified,,statewide_source_map_only,https://www.blm.gov/programs/planning-and-nepa/plans-in-development/california/desert-renewable-energy-conservation-plan,direct_official_plan_or_project_page,https://www.blm.gov/office/california-desert-district-office,official_unit_url_candidate_not_http_validated,not_systematically_researched,not_systematically_researched,statewide_source_audit_complete_plan_level_research_partial,2026-08-05,high_source_identity_medium_semantic_history,"Brisbane Valley Monkey Flower is represented in the current BLM California designated-ACEC layer under CDCA Plan, as amended by DRECP. The statewide source identifies natural processes, natural systems, and wildlife resources as relevant designation categories. The statewide source identifies special management attention to prevent irreparable damage to those values. Detailed restrictions and exceptions are plan-specific. The mapped boundary is a planning-designation geometry, not an ownership or access boundary.","Detailed ACEC-specific plan pages, maps, prescriptions, land status, access, and related-designation intersections remain a documented research/overlay phase.",1,17980.823625242967,True,equivalent_within_qa_tolerance,user-supplied BRIM acec shapefile; EPSG:3310; original snapshot preserved
acec-f37bb01a4504d9,Bristol,bristol,,"bristol|CDCA Plan, as amended by DRECP|DOI-BLM-CA-D010-2014-0001-RMP-EIS|2016-09-14|CAD00000",currently_designated_source_layer,Currently mapped as designated,ACEC,ACEC,not_verified,True,False,False,unverified,unverified,1,1,0,,not_researched,236295.990611,236295.990611,0.0,0.0,California Desert District,,California Desert District,CAD00000,1,"CDCA Plan, as amended by DRECP",2016-09-14,2016,BLM land-use planning decision,DOI-BLM-CA-D010-2014-0001-RMP-EIS,https://www.blm.gov/programs/planning-and-nepa/plans-in-development/california/desert-renewable-energy-conservation-plan,,Current statewide source supplies one governing-plan/ROD association; earlier boundary and designation history require plan-level research.,Cultural resources.,cultural_archaeological_historic,The statewide source identifies special management attention to prevent irreparable damage to those values. Detailed restrictions and exceptions are plan-specific.,"Legal access, ownership, inholdings, and component-specific restrictions were not established from the statewide ACEC layer.",,California,,drecp,no_water_value_identified_in_statewide_source,No fish-resource relevance is coded affirmative in the statewide source; spatial hydrologic context has not been derived.,,not_verified,,statewide_source_map_only,https://www.blm.gov/programs/planning-and-nepa/plans-in-development/california/desert-renewable-energy-conservation-plan,direct_official_plan_or_project_page,https://www.blm.gov/office/california-desert-district-office,official_unit_url_candidate_not_http_validated,not_systematically_researched,not_systematically_researched,statewide_source_audit_complete_plan_level_research_partial,2026-08-05,high_source_identity_medium_semantic_history,"Bristol is represented in the current BLM California designated-ACEC layer under CDCA Plan, as amended by DRECP. The statewide source identifies cultural resources as relevant designation categories. The statewide source identifies special management attention to prevent irreparable damage to those values. Detailed restrictions and exceptions are plan-specific. The mapped boundary is a planning-designation geometry, not an ownership or access boundary.","Detailed ACEC-specific plan pages, maps, prescriptions, land status, access, and related-designation intersections remain a documented research/overlay phase.",1,236295.99061050653,True,equivalent_within_qa_tolerance,user-supplied BRIM acec shapefile; EPSG:3310; original snapshot preserved
acec-3381f3f57cca46,Buffalo Creek Canyons,buffalo creek canyons,,buffalo creek canyons|Eagle Lake|DOI-BLM-CA-N050-2008-0002-RMP-EIS|2008-04-17|CAN05000,currently_designated_source_layer,Currently mapped as designated,ACEC,ACEC,not_verified,True,False,False,unverified,unverified,1,1,1,,not_researched,35663.34065,35663.34065,0.0,0.0,Northern California District,Eagle Lake Field Office,Eagle Lake Field Office,CAN05000,1,Eagle Lake,2008-04-17,2008,BLM land-use planning decision,DOI-BLM-CA-N050-2008-0002-RMP-EIS,https://eplanning.blm.gov/eplanning-ui/project/69341/510,,Current statewide source supplies one governing-plan/ROD association; earlier boundary and designation history require plan-level research.,"Cultural resources, Historic resources, and Scenic values.",cultural_archaeological_historic;scenic,The statewide source identifies special management attention to protect identified relevant and important values. Detailed restrictions and exceptions are plan-specific.,"Legal access, ownership, inholdings, and component-specific restrictions were not established from the statewide ACEC layer.",,California,,northern_california_other_plan,no_water_value_identified_in_statewide_source,No fish-resource relevance is coded affirmative in the statewide source; spatial hydrologic context has not been derived.,,not_verified,,statewide_source_map_only,https://eplanning.blm.gov/eplanning-ui/project/69341/510,direct_official_plan_or_project_page,https://www.blm.gov/office/eagle-lake-field-office,official_unit_url_candidate_not_http_validated,not_systematically_researched,not_systematically_researched,statewide_source_audit_complete_plan_level_research_partial,2026-08-05,high_source_identity_medium_semantic_history,"Buffalo Creek Canyons is represented in the current BLM California designated-ACEC layer under Eagle Lake. The statewide source identifies cultural resources, historic resources, and scenic values as relevant designation categories. The statewide source identifies special management attention to protect identified relevant and important values. Detailed restrictions and exceptions are plan-specific. The mapped boundary is a planning-designation geometry, not an ownership or access boundary.","Detailed ACEC-specific plan pages, maps, prescriptions, land status, access, and related-designation intersections remain a documented research/overlay phase.",3,35663.340650086924,False,equivalent_within_qa_tolerance,user-supplied BRIM acec shapefile; EPSG:3310; original snapshot preserved
acec-1cf1a1ebf233c7,Butte Creek,butte creek,,butte creek|Northwest California Integrated Plan|DOI-BLM-CA-N060-2021-0012-RMP-EIS|2024-11-06|CAN03000,currently_designated_source_layer,Currently mapped as designated,ACEC,ACEC,not_verified,True,False,False,unverified,unverified,1,1,1,,not_researched,2298.274107,2298.274107,-0.0,-0.0,Northern California District,Arcata Field Office,Arcata Field Office,CAN03000,1,Northwest California Integrated Plan,2024-11-06,2024,BLM land-use planning decision,DOI-BLM-CA-N060-2021-0012-RMP-EIS,https://www.blm.gov/programs/planning-and-nepa/plans-in-development/california/northwest-california-integrated-rmp,,Current statewide source supplies one governing-plan/ROD association; earlier boundary and designation history require plan-level research.,"Fish or aquatic resources, Natural processes, Natural systems, and Wildlife resources.",botanical_or_ecological;water_aquatic;wildlife_and_habitat,The statewide source identifies special management attention to prevent irreparable damage to those values. Detailed restrictions and exceptions are plan-specific.,"Legal access, ownership, inholdings, and component-specific restrictions were not established from the statewide ACEC layer.",,California,,northwest_california_integrated_plan,documented_designation_value,The statewide source identifies fish-resource relevance.,,not_verified,,statewide_source_map_only,https://www.blm.gov/programs/planning-and-nepa/plans-in-development/california/northwest-california-integrated-rmp,direct_official_plan_or_project_page,https://www.blm.gov/office/arcata-field-office,official_unit_url_candidate_not_http_validated,not_systematically_researched,not_systematically_researched,statewide_source_audit_complete_plan_level_research_partial,2026-08-05,high_source_identity_medium_semantic_history,"Butte Creek is represented in the current BLM California designated-ACEC layer under Northwest California Integrated Plan. The statewide source identifies fish or aquatic resources, natural processes, natural systems, and wildlife resources as relevant designation categories. The statewide source identifies special management attention to prevent irreparable damage to those values. Detailed restrictions and exceptions are plan-specific. The mapped boundary is a planning-designation geometry, not an ownership or access boundary.","Detailed ACEC-specific plan pages, maps, prescriptions, land status, access, and related-designation intersections remain a documented research/overlay phase.",3,2298.274106994306,True,equivalent_within_qa_tolerance,user-supplied BRIM acec shapefile; EPSG:3310; original snapshot preserved
acec-a09cae5f49457b,Cache Creek Corridor,cache creek corridor,,cache creek corridor|Ukiah|DOI-BLM-CA-C050-2006-0001-RMP-EIS|2006-09-25|CAC05000,currently_designated_source_layer,Currently mapped as designated,ACEC,ACEC,not_verified,True,False,False,unverified,unverified,1,1,0,,not_researched,19764.310977,19764.310977,0.0,0.0,Central California District,Ukiah Field Office,Ukiah Field Office,CAC05000,1,Ukiah,2006-09-25,2006,BLM land-use planning decision,DOI-BLM-CA-C050-2006-0001-RMP-EIS,https://www.blm.gov/programs/planning-and-nepa/plans-in-development/california,,Current statewide source supplies one governing-plan/ROD association; earlier boundary and designation history require plan-level research.,"Cultural resources, Historic resources, and Wildlife resources.",cultural_archaeological_historic;wildlife_and_habitat,The statewide source identifies special management attention to prevent irreparable damage to those values. Detailed restrictions and exceptions are plan-specific.,"Legal access, ownership, inholdings, and component-specific restrictions were not established from the statewide ACEC layer.",,California,,central_california_plan,no_water_value_identified_in_statewide_source,No fish-resource relevance is coded affirmative in the statewide source; spatial hydrologic context has not been derived.,,not_verified,,statewide_source_map_only,https://www.blm.gov/programs/planning-and-nepa/plans-in-development/california,official_california_plan_index_only,https://www.blm.gov/office/ukiah-field-office,official_unit_url_candidate_not_http_validated,not_systematically_researched,not_systematically_researched,statewide_source_audit_complete_plan_level_research_partial,2026-08-05,high_source_identity_medium_semantic_history,"Cache Creek Corridor is represented in the current BLM California designated-ACEC layer under Ukiah. The statewide source identifies cultural resources, historic resources, and wildlife resources as relevant designation categories. The statewide source identifies special management attention to prevent irreparable damage to those values. Detailed restrictions and exceptions are plan-specific. The mapped boundary is a planning-designation geometry, not an ownership or access boundary.","Detailed ACEC-specific plan pages, maps, prescriptions, land status, access, and related-designation intersections remain a documented research/overlay phase.",1,19764.310977176243,True,equivalent_within_qa_tolerance,user-supplied BRIM acec shapefile; EPSG:3310; original snapshot preserved
acec-0a081bfa7bfd65,Cadiz Valley,cadiz valley,,"cadiz valley|CDCA Plan, as amended by DRECP|DOI-BLM-CA-D010-2014-0001-RMP-EIS|2016-09-14|CAD00000",currently_designated_source_layer,Currently mapped as designated,ACEC,ACEC,not_verified,True,False,False,unverified,unverified,1,1,0,,not_researched,211428.425087,211428.425087,0.0,0.0,California Desert District,,California Desert District,CAD00000,1,"CDCA Plan, as amended by DRECP",2016-09-14,2016,BLM land-use planning decision,DOI-BLM-CA-D010-2014-0001-RMP-EIS,https://www.blm.gov/programs/planning-and-nepa/plans-in-development/california/desert-renewable-energy-conservation-plan,,Current statewide source supplies one governing-plan/ROD association; earlier boundary and designation history require plan-level research.,Wildlife resources.,wildlife_and_habitat,The statewide source identifies special management attention to prevent irreparable damage to those values. Detailed restrictions and exceptions are plan-specific.,"Legal access, ownership, inholdings, and component-specific restrictions were not established from the statewide ACEC layer.",,California,,drecp,no_water_value_identified_in_statewide_source,No fish-resource relevance is coded affirmative in the statewide source; spatial hydrologic context has not been derived.,,not_verified,,statewide_source_map_only,https://www.blm.gov/programs/planning-and-nepa/plans-in-development/california/desert-renewable-energy-conservation-plan,direct_official_plan_or_project_page,https://www.blm.gov/office/california-desert-district-office,official_unit_url_candidate_not_http_validated,not_systematically_researched,not_systematically_researched,statewide_source_audit_complete_plan_level_research_partial,2026-08-05,high_source_identity_medium_semantic_history,"Cadiz Valley is represented in the current BLM California designated-ACEC layer under CDCA Plan, as amended by DRECP. The statewide source identifies wildlife resources as relevant designation categories. The statewide source identifies special management attention to prevent irreparable damage to those values. Detailed restrictions and exceptions are plan-specific. The mapped boundary is a planning-designation geometry, not an ownership or access boundary.","Detailed ACEC-specific plan pages, maps, prescriptions, land status, access, and related-designation intersections remain a documented research/overlay phase.",1,211428.42508692655,True,equivalent_within_qa_tolerance,user-supplied BRIM acec shapefile; EPSG:3310; original snapshot preserved
acec-a639e3210a97b6,Cady Mountains WSA,cady mountains wsa,,"cady mountains wsa|CDCA Plan, as amended by DRECP|DOI-BLM-CA-D010-2014-0001-RMP-EIS|2016-09-14|CAD00000",currently_designated_source_layer,Currently mapped as designated,ACEC,ACEC,not_verified,True,False,False,unverified,unverified,1,1,1,,not_researched,117643.446835,117643.446835,-0.0,-0.0,California Desert District,,California Desert District,CAD00000,1,"CDCA Plan, as amended by DRECP",2016-09-14,2016,BLM land-use planning decision,DOI-BLM-CA-D010-2014-0001-RMP-EIS,https://www.blm.gov/programs/planning-and-nepa/plans-in-development/california/desert-renewable-energy-conservation-plan,,Current statewide source supplies one governing-plan/ROD association; earlier boundary and designation history require plan-level research.,"Cultural resources, Historic resources, Natural systems, Scenic values, and Wildlife resources.",botanical_or_ecological;cultural_archaeological_historic;scenic;wildlife_and_habitat,The statewide source identifies special management attention to prevent irreparable damage to those values. Detailed restrictions and exceptions are plan-specific.,"Legal access, ownership, inholdings, and component-specific restrictions were not established from the statewide ACEC layer.",,California,,drecp,no_water_value_identified_in_statewide_source,No fish-resource relevance is coded affirmative in the statewide source; spatial hydrologic context has not been derived.,,not_verified,,statewide_source_map_only,https://www.blm.gov/programs/planning-and-nepa/plans-in-development/california/desert-renewable-energy-conservation-plan,direct_official_plan_or_project_page,https://www.blm.gov/office/california-desert-district-office,official_unit_url_candidate_not_http_validated,not_systematically_researched,not_systematically_researched,statewide_source_audit_complete_plan_level_research_partial,2026-08-05,high_source_identity_medium_semantic_history,"Cady Mountains WSA is represented in the current BLM California designated-ACEC layer under CDCA Plan, as amended by DRECP. The statewide source identifies cultural resources, historic resources, natural systems, scenic values, and wildlife resources as relevant designation categories. The statewide source identifies special management attention to prevent irreparable damage to those values. Detailed restrictions and exceptions are plan-specific. The mapped boundary is a planning-designation geometry, not an ownership or access boundary.","Detailed ACEC-specific plan pages, maps, prescriptions, land status, access, and related-designation intersections remain a documented research/overlay phase.",2,117643.4468353304,True,equivalent_within_qa_tolerance,user-supplied BRIM acec shapefile; EPSG:3310; original snapshot preserved
acec-3c786027a440fe,Calico Early Man Site,calico early man site,,"calico early man site|CDCA Plan, as amended by DRECP|DOI-BLM-CA-D010-2014-0001-RMP-EIS|2016-09-14|CAD00000",currently_designated_source_layer,Currently mapped as designated,ACEC,ACEC,not_verified,True,False,False,unverified,unverified,1,1,0,,not_researched,899.304746,899.304746,0.0,0.0,California Desert District,,California Desert District,CAD00000,1,"CDCA Plan, as amended by DRECP",2016-09-14,2016,BLM land-use planning decision,DOI-BLM-CA-D010-2014-0001-RMP-EIS,https://www.blm.gov/programs/planning-and-nepa/plans-in-development/california/desert-renewable-energy-conservation-plan,,Current statewide source supplies one governing-plan/ROD association; earlier boundary and designation history require plan-level research.,"Cultural resources, and Historic resources.",cultural_archaeological_historic,The statewide source identifies special management attention to prevent irreparable damage to those values. Detailed restrictions and exceptions are plan-specific.,"Legal access, ownership, inholdings, and component-specific restrictions were not established from the statewide ACEC layer.",,California,,drecp,no_water_value_identified_in_statewide_source,No fish-resource relevance is coded affirmative in the statewide source; spatial hydrologic context has not been derived.,,not_verified,,statewide_source_map_only,https://www.blm.gov/programs/planning-and-nepa/plans-in-development/california/desert-renewable-energy-conservation-plan,direct_official_plan_or_project_page,https://www.blm.gov/office/california-desert-district-office,official_unit_url_candidate_not_http_validated,not_systematically_researched,not_systematically_researched,statewide_source_audit_complete_plan_level_research_partial,2026-08-05,high_source_identity_medium_semantic_history,"Calico Early Man Site is represented in the current BLM California designated-ACEC layer under CDCA Plan, as amended by DRECP. The statewide source identifies cultural resources, and historic resources as relevant designation categories. The statewide source identifies special management attention to prevent irreparable damage to those values. Detailed restrictions and exceptions are plan-specific. The mapped boundary is a planning-designation geometry, not an ownership or access boundary.","Detailed ACEC-specific plan pages, maps, prescriptions, land status, access, and related-designation intersections remain a documented research/overlay phase.",1,899.3047464961452,True,equivalent_within_qa_tolerance,user-supplied BRIM acec shapefile; EPSG:3310; original snapshot preserved
acec-49ae8a9483cae3,Carbonate Endemic Plants RNA,carbonate endemic plants rna,,"carbonate endemic plants rna|CDCA Plan, as amended by DRECP|DOI-BLM-CA-D010-2014-0001-RMP-EIS|2016-09-14|CAD00000",currently_designated_source_layer,Currently mapped as designated,ACEC,ACEC,research_candidate_from_source_name_only,True,False,False,unverified,unverified,1,1,0,,not_researched,6394.661138,6394.661138,0.0,0.0,California Desert District,,California Desert District,CAD00000,1,"CDCA Plan, as amended by DRECP",2016-09-14,2016,BLM land-use planning decision,DOI-BLM-CA-D010-2014-0001-RMP-EIS,https://www.blm.gov/programs/planning-and-nepa/plans-in-development/california/desert-renewable-energy-conservation-plan,,Current statewide source supplies one governing-plan/ROD association; earlier boundary and designation history require plan-level research.,"Natural processes, Natural systems, and Wildlife resources.",botanical_or_ecological;wildlife_and_habitat,The statewide source identifies special management attention to prevent irreparable damage to those values. Detailed restrictions and exceptions are plan-specific.,"Legal access, ownership, inholdings, and component-specific restrictions were not established from the statewide ACEC layer.",,California,,drecp,no_water_value_identified_in_statewide_source,No fish-resource relevance is coded affirmative in the statewide source; spatial hydrologic context has not been derived.,,not_verified,,statewide_source_map_only,https://www.blm.gov/programs/planning-and-nepa/plans-in-development/california/desert-renewable-energy-conservation-plan,direct_official_plan_or_project_page,https://www.blm.gov/office/california-desert-district-office,official_unit_url_candidate_not_http_validated,not_systematically_researched,not_systematically_researched,statewide_source_audit_complete_plan_level_research_partial,2026-08-05,high_source_identity_medium_semantic_history,"Carbonate Endemic Plants RNA is represented in the current BLM California designated-ACEC layer under CDCA Plan, as amended by DRECP. The statewide source identifies natural processes, natural systems, and wildlife resources as relevant designation categories. The statewide source identifies special management attention to prevent irreparable damage to those values. Detailed restrictions and exceptions are plan-specific. The mapped boundary is a planning-designation geometry, not an ownership or access boundary.","Detailed ACEC-specific plan pages, maps, prescriptions, land status, access, and related-designation intersections remain a documented research/overlay phase.",1,6394.6611375762195,True,equivalent_within_qa_tolerance,user-supplied BRIM acec shapefile; EPSG:3310; original snapshot preserved
acec-0ad4c72e6ddd32,Castle Mountain,castle mountain,,"castle mountain|CDCA Plan, as amended by DRECP|DOI-BLM-CA-D010-2014-0001-RMP-EIS|2016-09-14|CAD00000",currently_designated_source_layer,Currently mapped as designated,ACEC,ACEC,not_verified,True,False,False,unverified,unverified,1,1,1,,not_researched,3695.106852,3695.106852,0.0,0.0,California Desert District,,California Desert District,CAD00000,1,"CDCA Plan, as amended by DRECP",2016-09-14,2016,BLM land-use planning decision,DOI-BLM-CA-D010-2014-0001-RMP-EIS,https://www.blm.gov/programs/planning-and-nepa/plans-in-development/california/desert-renewable-energy-conservation-plan,,Current statewide source supplies one governing-plan/ROD association; earlier boundary and designation history require plan-level research.,"Cultural resources, Historic resources, and Wildlife resources.",cultural_archaeological_historic;wildlife_and_habitat,The statewide source identifies special management attention to prevent irreparable damage to those values. Detailed restrictions and exceptions are plan-specific.,"Legal access, ownership, inholdings, and component-specific restrictions were not established from the statewide ACEC layer.",,California,,drecp,no_water_value_identified_in_statewide_source,No fish-resource relevance is coded affirmative in the statewide source; spatial hydrologic context has not been derived.,,not_verified,,statewide_source_map_only,https://www.blm.gov/programs/planning-and-nepa/plans-in-development/california/desert-renewable-energy-conservation-plan,direct_official_plan_or_project_page,https://www.blm.gov/office/california-desert-district-office,official_unit_url_candidate_not_http_validated,not_systematically_researched,not_systematically_researched,statewide_source_audit_complete_plan_level_research_partial,2026-08-05,high_source_identity_medium_semantic_history,"Castle Mountain is represented in the current BLM California designated-ACEC layer under CDCA Plan, as amended by DRECP. The statewide source identifies cultural resources, historic resources, and wildlife resources as relevant designation categories. The statewide source identifies special management attention to prevent irreparable damage to those values. Detailed restrictions and exceptions are plan-specific. The mapped boundary is a planning-designation geometry, not an ownership or access boundary.","Detailed ACEC-specific plan pages, maps, prescriptions, land status, access, and related-designation intersections remain a documented research/overlay phase.",2,3695.106851906328,True,equivalent_within_qa_tolerance,user-supplied BRIM acec shapefile; EPSG:3310; original snapshot preserved
acec-f680b1c98dcff6,Cedar Canyon,cedar canyon,,cedar canyon|South Coast||1994-05-26|CAD06000,currently_designated_source_layer,Currently mapped as designated,ACEC,ACEC,not_verified,True,False,False,unverified,unverified,1,1,0,,not_researched,1002.273982,1002.273982,0.0,0.0,California Desert District,Palm Springs-South Coast Field Office,Palm Springs-South Coast Field Office,CAD06000,1,South Coast,1994-05-26,1994,BLM land-use planning decision,,https://www.blm.gov/programs/planning-and-nepa/plans-in-development/california,,Current statewide source supplies one governing-plan/ROD association; earlier boundary and designation history require plan-level research.,"Natural processes, Natural systems, and Wildlife resources.",botanical_or_ecological;wildlife_and_habitat,The statewide source identifies special management attention to prevent irreparable damage to those values. Detailed restrictions and exceptions are plan-specific.,"Legal access, ownership, inholdings, and component-specific restrictions were not established from the statewide ACEC layer.",,California,,california_desert_other_plan,no_water_value_identified_in_statewide_source,No fish-resource relevance is coded affirmative in the statewide source; spatial hydrologic context has not been derived.,,not_verified,,statewide_source_map_only,https://www.blm.gov/programs/planning-and-nepa/plans-in-development/california,official_california_plan_index_only,https://www.blm.gov/office/palm-springs-south-coast-field-office,official_unit_url_candidate_not_http_validated,not_systematically_researched,not_systematically_researched,statewide_source_audit_complete_plan_level_research_partial,2026-08-05,high_source_identity_medium_semantic_history,"Cedar Canyon is represented in the current BLM California designated-ACEC layer under South Coast. The statewide source identifies natural processes, natural systems, and wildlife resources as relevant designation categories. The statewide source identifies special management attention to prevent irreparable damage to those values. Detailed restrictions and exceptions are plan-specific. The mapped boundary is a planning-designation geometry, not an ownership or access boundary.","Detailed ACEC-specific plan pages, maps, prescriptions, land status, access, and related-designation intersections remain a documented research/overlay phase.",1,1002.2739823757556,True,equivalent_within_qa_tolerance,user-supplied BRIM acec shapefile; EPSG:3310; original snapshot preserved
acec-e5890cac99d9d9,Cedar Roughs,cedar roughs,,cedar roughs|Ukiah|DOI-BLM-CA-C050-2006-0001-RMP-EIS|2006-09-25|CAC05000,currently_designated_source_layer,Currently mapped as designated,ACEC,ACEC,not_verified,True,False,False,unverified,unverified,1,1,1,,not_researched,6379.426046,6379.426046,-0.0,-0.0,Central California District,Ukiah Field Office,Ukiah Field Office,CAC05000,1,Ukiah,2006-09-25,2006,BLM land-use planning decision,DOI-BLM-CA-C050-2006-0001-RMP-EIS,https://www.blm.gov/programs/planning-and-nepa/plans-in-development/california,,Current statewide source supplies one governing-plan/ROD association; earlier boundary and designation history require plan-level research.,"Natural processes, and Natural systems.",botanical_or_ecological,The statewide source identifies special management attention to prevent irreparable damage to those values. Detailed restrictions and exceptions are plan-specific.,"Legal access, ownership, inholdings, and component-specific restrictions were not established from the statewide ACEC layer.",,California,,central_california_plan,no_water_value_identified_in_statewide_source,No fish-resource relevance is coded affirmative in the statewide source; spatial hydrologic context has not been derived.,,not_verified,,statewide_source_map_only,https://www.blm.gov/programs/planning-and-nepa/plans-in-development/california,official_california_plan_index_only,https://www.blm.gov/office/ukiah-field-office,official_unit_url_candidate_not_http_validated,not_systematically_researched,not_systematically_researched,statewide_source_audit_complete_plan_level_research_partial,2026-08-05,high_source_identity_medium_semantic_history,"Cedar Roughs is represented in the current BLM California designated-ACEC layer under Ukiah. The statewide source identifies natural processes, and natural systems as relevant designation categories. The statewide source identifies special management attention to prevent irreparable damage to those values. Detailed restrictions and exceptions are plan-specific. The mapped boundary is a planning-designation geometry, not an ownership or access boundary.","Detailed ACEC-specific plan pages, maps, prescriptions, land status, access, and related-designation intersections remain a documented research/overlay phase.",4,6379.42604560196,False,equivalent_within_qa_tolerance,user-supplied BRIM acec shapefile; EPSG:3310; original snapshot preserved
acec-4bbef8a811db7d,Cedars,cedars,,cedars|Ukiah|DOI-BLM-CA-C050-2006-0001-RMP-EIS|2006-09-25|CAC05000,currently_designated_source_layer,Currently mapped as designated,ACEC,ACEC,not_verified,True,False,False,unverified,unverified,1,1,0,,not_researched,1557.59532,1557.59532,-0.0,-0.0,Central California District,Ukiah Field Office,Ukiah Field Office,CAC05000,1,Ukiah,2006-09-25,2006,BLM land-use planning decision,DOI-BLM-CA-C050-2006-0001-RMP-EIS,https://www.blm.gov/programs/planning-and-nepa/plans-in-development/california,,Current statewide source supplies one governing-plan/ROD association; earlier boundary and designation history require plan-level research.,"Scenic values, and Wildlife resources.",scenic;wildlife_and_habitat,The statewide source identifies special management attention to prevent irreparable damage to those values. Detailed restrictions and exceptions are plan-specific.,"Legal access, ownership, inholdings, and component-specific restrictions were not established from the statewide ACEC layer.",,California,,central_california_plan,no_water_value_identified_in_statewide_source,No fish-resource relevance is coded affirmative in the statewide source; spatial hydrologic context has not been derived.,,not_verified,,statewide_source_map_only,https://www.blm.gov/programs/planning-and-nepa/plans-in-development/california,official_california_plan_index_only,https://www.blm.gov/office/ukiah-field-office,official_unit_url_candidate_not_http_validated,not_systematically_researched,not_systematically_researched,statewide_source_audit_complete_plan_level_research_partial,2026-08-05,high_source_identity_medium_semantic_history,"Cedars is represented in the current BLM California designated-ACEC layer under Ukiah. The statewide source identifies scenic values, and wildlife resources as relevant designation categories. The statewide source identifies special management attention to prevent irreparable damage to those values. Detailed restrictions and exceptions are plan-specific. The mapped boundary is a planning-designation geometry, not an ownership or access boundary.","Detailed ACEC-specific plan pages, maps, prescriptions, land status, access, and related-designation intersections remain a documented research/overlay phase.",1,1557.5953199948651,True,equivalent_within_qa_tolerance,user-supplied BRIM acec shapefile; EPSG:3310; original snapshot preserved
acec-967b6d4855cd38,Cerro Gordo,cerro gordo,,"cerro gordo|CDCA Plan, as amended by DRECP||2016-09-14|CAD00000",currently_designated_source_layer,Currently mapped as designated,ACEC,ACEC,not_verified,True,False,False,unverified,unverified,1,1,0,,not_researched,10464.027601,10464.027601,-0.0,-0.0,California Desert District,,California Desert District,CAD00000,1,"CDCA Plan, as amended by DRECP",2016-09-14,2016,BLM land-use planning decision,,https://www.blm.gov/programs/planning-and-nepa/plans-in-development/california,,Current statewide source supplies one governing-plan/ROD association; earlier boundary and designation history require plan-level research.,"Cultural resources, Historic resources, Natural processes, Natural systems, and Wildlife resources.",botanical_or_ecological;cultural_archaeological_historic;wildlife_and_habitat,The statewide source identifies special management attention to prevent irreparable damage to those values. Detailed restrictions and exceptions are plan-specific.,"Legal access, ownership, inholdings, and component-specific restrictions were not established from the statewide ACEC layer.",,California,,drecp,no_water_value_identified_in_statewide_source,No fish-resource relevance is coded affirmative in the statewide source; spatial hydrologic context has not been derived.,,not_verified,,statewide_source_map_only,https://www.blm.gov/programs/planning-and-nepa/plans-in-development/california,official_california_plan_index_only,https://www.blm.gov/office/california-desert-district-office,official_unit_url_candidate_not_http_validated,not_systematically_researched,not_systematically_researched,statewide_source_audit_complete_plan_level_research_partial,2026-08-05,high_source_identity_medium_semantic_history,"Cerro Gordo is represented in the current BLM California designated-ACEC layer under CDCA Plan, as amended by DRECP. The statewide source identifies cultural resources, historic resources, natural processes, natural systems, and wildlife resources as relevant designation categories. The statewide source identifies special management attention to prevent irreparable damage to those values. Detailed restrictions and exceptions are plan-specific. The mapped boundary is a planning-designation geometry, not an ownership or access boundary.","Detailed ACEC-specific plan pages, maps, prescriptions, land status, access, and related-designation intersections remain a documented research/overlay phase.",1,10464.027601362794,True,equivalent_within_qa_tolerance,user-supplied BRIM acec shapefile; EPSG:3310; original snapshot preserved
acec-07e809c436333a,Cerro Gordo WSA,cerro gordo wsa,,"cerro gordo wsa|Bishop RMP, as amended by DRECP|DOI-BLM-CA-D010-2014-0001-RMP-EIS|2016-09-14|CAC07000",currently_designated_source_layer,Currently mapped as designated,ACEC,ACEC,not_verified,True,False,False,unverified,unverified,1,1,0,,not_researched,626.275917,626.275917,0.0,0.0,Central California District,Bishop Field Office,Bishop Field Office,CAC07000,1,"Bishop RMP, as amended by DRECP",2016-09-14,2016,BLM land-use planning decision,DOI-BLM-CA-D010-2014-0001-RMP-EIS,https://www.blm.gov/programs/planning-and-nepa/plans-in-development/california/desert-renewable-energy-conservation-plan,,Current statewide source supplies one governing-plan/ROD association; earlier boundary and designation history require plan-level research.,"Cultural resources, Historic resources, Natural processes, Natural systems, Scenic values, and Wildlife resources.",botanical_or_ecological;cultural_archaeological_historic;scenic;wildlife_and_habitat,The statewide source identifies special management attention to prevent irreparable damage to those values. Detailed restrictions and exceptions are plan-specific.,"Legal access, ownership, inholdings, and component-specific restrictions were not established from the statewide ACEC layer.",,California,,drecp,no_water_value_identified_in_statewide_source,No fish-resource relevance is coded affirmative in the statewide source; spatial hydrologic context has not been derived.,,not_verified,,statewide_source_map_only,https://www.blm.gov/programs/planning-and-nepa/plans-in-development/california/desert-renewable-energy-conservation-plan,direct_official_plan_or_project_page,https://www.blm.gov/office/bishop-field-office,official_unit_url_candidate_not_http_validated,not_systematically_researched,not_systematically_researched,statewide_source_audit_complete_plan_level_research_partial,2026-08-05,high_source_identity_medium_semantic_history,"Cerro Gordo WSA is represented in the current BLM California designated-ACEC layer under Bishop RMP, as amended by DRECP. The statewide source identifies cultural resources, historic resources, natural processes, natural systems, scenic values, and wildlife resources as relevant designation categories. The statewide source identifies special management attention to prevent irreparable damage to those values. Detailed restrictions and exceptions are plan-specific. The mapped boundary is a planning-designation geometry, not an ownership or access boundary.","Detailed ACEC-specific plan pages, maps, prescriptions, land status, access, and related-designation intersections remain a documented research/overlay phase.",1,626.2759174159501,True,equivalent_within_qa_tolerance,user-supplied BRIM acec shapefile; EPSG:3310; original snapshot preserved
acec-942d89735941b1,Chemehuevi,chemehuevi,,"chemehuevi|CDCA Plan, as amended by NEMO|DOI-BLM-CA-D010-2014-0001-RMP-EIS|2016-09-14|CAD00000",currently_designated_source_layer,Currently mapped as designated,ACEC,ACEC,not_verified,True,False,False,unverified,unverified,1,1,0,,not_researched,924200.299055,924200.299055,0.0,0.0,California Desert District,,California Desert District,CAD00000,1,"CDCA Plan, as amended by NEMO",2016-09-14,2016,BLM land-use planning decision,DOI-BLM-CA-D010-2014-0001-RMP-EIS,https://www.blm.gov/programs/planning-and-nepa/plans-in-development/california/desert-renewable-energy-conservation-plan,,Current statewide source supplies one governing-plan/ROD association; earlier boundary and designation history require plan-level research.,"Cultural resources, Historic resources, Scenic values, and Wildlife resources.",cultural_archaeological_historic;scenic;wildlife_and_habitat,The statewide source identifies special management attention to prevent irreparable damage to those values. Detailed restrictions and exceptions are plan-specific.,"Legal access, ownership, inholdings, and component-specific restrictions were not established from the statewide ACEC layer.",,California,,drecp,no_water_value_identified_in_statewide_source,No fish-resource relevance is coded affirmative in the statewide source; spatial hydrologic context has not been derived.,,not_verified,,statewide_source_map_only,https://www.blm.gov/programs/planning-and-nepa/plans-in-development/california/desert-renewable-energy-conservation-plan,direct_official_plan_or_project_page,https://www.blm.gov/office/california-desert-district-office,official_unit_url_candidate_not_http_validated,not_systematically_researched,not_systematically_researched,statewide_source_audit_complete_plan_level_research_partial,2026-08-05,high_source_identity_medium_semantic_history,"Chemehuevi is represented in the current BLM California designated-ACEC layer under CDCA Plan, as amended by NEMO. The statewide source identifies cultural resources, historic resources, scenic values, and wildlife resources as relevant designation categories. The statewide source identifies special management attention to prevent irreparable damage to those values. Detailed restrictions and exceptions are plan-specific. The mapped boundary is a planning-designation geometry, not an ownership or access boundary.","Detailed ACEC-specific plan pages, maps, prescriptions, land status, access, and related-designation intersections remain a documented research/overlay phase.",1,924200.2990549126,True,equivalent_within_qa_tolerance,user-supplied BRIM acec shapefile; EPSG:3310; original snapshot preserved
acec-b8422dcaf6e42b,Chico Martinez,chico martinez,,chico martinez|Bakersfield Resource Management Plan|DOI-BLM-CA-C060-2014-0001-RMP-EIS|2014-12-22|CAC06000,currently_designated_source_layer,Currently mapped as designated,ACEC,ACEC,not_verified,True,False,False,unverified,unverified,1,1,1,,not_researched,4614.411605,4614.411605,-0.0,-0.0,Central California District,Bakersfield Field Office,Bakersfield Field Office,CAC06000,1,Bakersfield Resource Management Plan,2014-12-22,2014,BLM land-use planning decision,DOI-BLM-CA-C060-2014-0001-RMP-EIS,https://eplanning.blm.gov/Project-Home/?id=77b9ea95-a7f2-f011-8406-001dd802fdea,,Current statewide source supplies one governing-plan/ROD association; earlier boundary and designation history require plan-level research.,"Cultural resources, Historic resources, Natural processes, Natural systems, and Wildlife resources.",botanical_or_ecological;cultural_archaeological_historic;wildlife_and_habitat,The statewide source identifies special management attention to prevent irreparable damage to those values. Detailed restrictions and exceptions are plan-specific.,"Legal access, ownership, inholdings, and component-specific restrictions were not established from the statewide ACEC layer.",,California,,central_california_plan,no_water_value_identified_in_statewide_source,No fish-resource relevance is coded affirmative in the statewide source; spatial hydrologic context has not been derived.,,not_verified,,statewide_source_map_only,https://eplanning.blm.gov/Project-Home/?id=77b9ea95-a7f2-f011-8406-001dd802fdea,direct_official_plan_or_project_page,https://www.blm.gov/office/bakersfield-field-office,official_unit_url_candidate_not_http_validated,not_systematically_researched,not_systematically_researched,statewide_source_audit_complete_plan_level_research_partial,2026-08-05,high_source_identity_medium_semantic_history,"Chico Martinez is represented in the current BLM California designated-ACEC layer under Bakersfield Resource Management Plan. The statewide source identifies cultural resources, historic resources, natural processes, natural systems, and wildlife resources as relevant designation categories. The statewide source identifies special management attention to prevent irreparable damage to those values. Detailed restrictions and exceptions are plan-specific. The mapped boundary is a planning-designation geometry, not an ownership or access boundary.","Detailed ACEC-specific plan pages, maps, prescriptions, land status, access, and related-designation intersections remain a documented research/overlay phase.",3,4614.41160500325,True,equivalent_within_qa_tolerance,user-supplied BRIM acec shapefile; EPSG:3310; original snapshot preserved
acec-f6df95a7521adf,Chuckwalla,chuckwalla,,"chuckwalla|CDCA as amended, DRECP amendment|DOI-BLM-CA-D010-2014-0001-RMP-EIS|2016-09-14|CAD00000",currently_designated_source_layer,Currently mapped as designated,ACEC,ACEC,not_verified,True,False,False,unverified,unverified,1,1,1,,not_researched,649065.67183,649065.67183,0.0,0.0,California Desert District,,California Desert District,CAD00000,1,"CDCA as amended, DRECP amendment",2016-09-14,2016,BLM land-use planning decision,DOI-BLM-CA-D010-2014-0001-RMP-EIS,https://www.blm.gov/programs/planning-and-nepa/plans-in-development/california/desert-renewable-energy-conservation-plan,,Current statewide source supplies one governing-plan/ROD association; earlier boundary and designation history require plan-level research.,"Cultural resources, Historic resources, Natural processes, Natural systems, Scenic values, and Wildlife resources.",botanical_or_ecological;cultural_archaeological_historic;scenic;wildlife_and_habitat,The statewide source identifies special management attention to prevent irreparable damage to those values. Detailed restrictions and exceptions are plan-specific.,"Legal access, ownership, inholdings, and component-specific restrictions were not established from the statewide ACEC layer.",,California,,drecp,no_water_value_identified_in_statewide_source,No fish-resource relevance is coded affirmative in the statewide source; spatial hydrologic context has not been derived.,,not_verified,,statewide_source_map_only,https://www.blm.gov/programs/planning-and-nepa/plans-in-development/california/desert-renewable-energy-conservation-plan,direct_official_plan_or_project_page,https://www.blm.gov/office/california-desert-district-office,official_unit_url_candidate_not_http_validated,not_systematically_researched,not_systematically_researched,statewide_source_audit_complete_plan_level_research_partial,2026-08-05,high_source_identity_medium_semantic_history,"Chuckwalla is represented in the current BLM California designated-ACEC layer under CDCA as amended, DRECP amendment. The statewide source identifies cultural resources, historic resources, natural processes, natural systems, scenic values, and wildlife resources as relevant designation categories. The statewide source identifies special management attention to prevent irreparable damage to those values. Detailed restrictions and exceptions are plan-specific. The mapped boundary is a planning-designation geometry, not an ownership or access boundary.","Detailed ACEC-specific plan pages, maps, prescriptions, land status, access, and related-designation intersections remain a documented research/overlay phase.",3,649065.6718302687,False,equivalent_within_qa_tolerance,user-supplied BRIM acec shapefile; EPSG:3310; original snapshot preserved
acec-e3030589272cd2,Chuckwalla Valley Dune Thicket,chuckwalla valley dune thicket,,"chuckwalla valley dune thicket|CDCA Plan, as amended, later amended by DRECP||2016-09-14|CAD00000",currently_designated_source_layer,Currently mapped as designated,ACEC,ACEC,not_verified,True,False,False,unverified,unverified,1,1,0,,not_researched,2278.025792,2278.025792,0.0,0.0,California Desert District,,California Desert District,CAD00000,1,"CDCA Plan, as amended, later amended by DRECP ",2016-09-14,2016,BLM land-use planning decision,,https://www.blm.gov/programs/planning-and-nepa/plans-in-development/california,,Current statewide source supplies one governing-plan/ROD association; earlier boundary and designation history require plan-level research.,"Cultural resources, Historic resources, Natural processes, and Natural systems.",botanical_or_ecological;cultural_archaeological_historic,The statewide source identifies special management attention to prevent irreparable damage to those values. Detailed restrictions and exceptions are plan-specific.,"Legal access, ownership, inholdings, and component-specific restrictions were not established from the statewide ACEC layer.",,California,,drecp,no_water_value_identified_in_statewide_source,No fish-resource relevance is coded affirmative in the statewide source; spatial hydrologic context has not been derived.,,not_verified,,statewide_source_map_only,https://www.blm.gov/programs/planning-and-nepa/plans-in-development/california,official_california_plan_index_only,https://www.blm.gov/office/california-desert-district-office,official_unit_url_candidate_not_http_validated,not_systematically_researched,not_systematically_researched,statewide_source_audit_complete_plan_level_research_partial,2026-08-05,high_source_identity_medium_semantic_history,"Chuckwalla Valley Dune Thicket is represented in the current BLM California designated-ACEC layer under CDCA Plan, as amended, later amended by DRECP . The statewide source identifies cultural resources, historic resources, natural processes, and natural systems as relevant designation categories. The statewide source identifies special management attention to prevent irreparable damage to those values. Detailed restrictions and exceptions are plan-specific. The mapped boundary is a planning-designation geometry, not an ownership or access boundary.","Detailed ACEC-specific plan pages, maps, prescriptions, land status, access, and related-designation intersections remain a documented research/overlay phase.",1,2278.0257916367764,True,equivalent_within_qa_tolerance,user-supplied BRIM acec shapefile; EPSG:3310; original snapshot preserved
acec-eefba2002e5d17,Chuckwalla to Chemehuevi tortoise linkage,chuckwalla to chemehuevi tortoise linkage,,"chuckwalla to chemehuevi tortoise linkage|CDCA Plan, as amended, later amended by DRECP|DOI-BLM-CA-D010-2014-0001-RMP-EIS|2016-09-14|CAD00000",currently_designated_source_layer,Currently mapped as designated,ACEC,ACEC,not_verified,True,False,False,unverified,unverified,1,1,0,,not_researched,372965.044085,372965.044085,0.0,0.0,California Desert District,,California Desert District,CAD00000,1,"CDCA Plan, as amended, later amended by DRECP ",2016-09-14,2016,BLM land-use planning decision,DOI-BLM-CA-D010-2014-0001-RMP-EIS,https://www.blm.gov/programs/planning-and-nepa/plans-in-development/california/desert-renewable-energy-conservation-plan,,Current statewide source supplies one governing-plan/ROD association; earlier boundary and designation history require plan-level research.,"Cultural resources, Historic resources, Natural processes, Natural systems, Scenic values, and Wildlife resources.",botanical_or_ecological;cultural_archaeological_historic;scenic;wildlife_and_habitat,The statewide source identifies special management attention to prevent irreparable damage to those values. Detailed restrictions and exceptions are plan-specific.,"Legal access, ownership, inholdings, and component-specific restrictions were not established from the statewide ACEC layer.",,California,,drecp,no_water_value_identified_in_statewide_source,No fish-resource relevance is coded affirmative in the statewide source; spatial hydrologic context has not been derived.,,not_verified,,statewide_source_map_only,https://www.blm.gov/programs/planning-and-nepa/plans-in-development/california/desert-renewable-energy-conservation-plan,direct_official_plan_or_project_page,https://www.blm.gov/office/california-desert-district-office,official_unit_url_candidate_not_http_validated,not_systematically_researched,not_systematically_researched,statewide_source_audit_complete_plan_level_research_partial,2026-08-05,high_source_identity_medium_semantic_history,"Chuckwalla to Chemehuevi tortoise linkage is represented in the current BLM California designated-ACEC layer under CDCA Plan, as amended, later amended by DRECP . The statewide source identifies cultural resources, historic resources, natural processes, natural systems, scenic values, and wildlife resources as relevant designation categories. The statewide source identifies special management attention to prevent irreparable damage to those values. Detailed restrictions and exceptions are plan-specific. The mapped boundary is a planning-designation geometry, not an ownership or access boundary.","Detailed ACEC-specific plan pages, maps, prescriptions, land status, access, and related-designation intersections remain a documented research/overlay phase.",1,372965.0437971363,True,equivalent_within_qa_tolerance,user-supplied BRIM acec shapefile; EPSG:3310; original snapshot preserved
acec-b6771a30b09496,Clear Creek Serpentine,clear creek serpentine,,clear creek serpentine|Clear Creek Management Area RMP|DOI-BLM-CA-C090-2012-0013-EIS|2014-02-04|CAC09000,currently_designated_source_layer,Currently mapped as designated,ACEC,ACEC,not_verified,True,False,False,unverified,unverified,1,1,1,,not_researched,29146.021216,29146.021216,0.0,0.0,Central California District,Central Coast Field Office,Central Coast Field Office,CAC09000,1,Clear Creek Management Area RMP,2014-02-04,2014,BLM land-use planning decision,DOI-BLM-CA-C090-2012-0013-EIS,https://eplanning.blm.gov/eplanning-ui/project/68803/510,,Current statewide source supplies one governing-plan/ROD association; earlier boundary and designation history require plan-level research.,"Cultural resources, Historic resources, Natural hazards or public safety, Natural processes, Natural systems, Scenic values, and Wildlife resources.",botanical_or_ecological;cultural_archaeological_historic;other_or_unresolved;scenic;wildlife_and_habitat,The statewide source identifies special management attention to protect identified relevant and important values and prevent irreparable damage to those values. Detailed restrictions and exceptions are plan-specific.,"Legal access, ownership, inholdings, and component-specific restrictions were not established from the statewide ACEC layer.",,California,,central_california_plan,no_water_value_identified_in_statewide_source,No fish-resource relevance is coded affirmative in the statewide source; spatial hydrologic context has not been derived.,,not_verified,,statewide_source_map_only,https://eplanning.blm.gov/eplanning-ui/project/68803/510,direct_official_plan_or_project_page,https://www.blm.gov/office/central-coast-field-office,official_unit_url_candidate_not_http_validated,not_systematically_researched,not_systematically_researched,statewide_source_audit_complete_plan_level_research_partial,2026-08-05,high_source_identity_medium_semantic_history,"Clear Creek Serpentine is represented in the current BLM California designated-ACEC layer under Clear Creek Management Area RMP. The statewide source identifies cultural resources, historic resources, natural hazards or public safety, natural processes, natural systems, scenic values, and wildlife resources as relevant designation categories. The statewide source identifies special management attention to protect identified relevant and important values and prevent irreparable damage to those values. Detailed restrictions and exceptions are plan-specific. The mapped boundary is a planning-designation geometry, not an ownership or access boundary.","Detailed ACEC-specific plan pages, maps, prescriptions, land status, access, and related-designation intersections remain a documented research/overlay phase.",2,29146.021216166508,False,equivalent_within_qa_tolerance,user-supplied BRIM acec shapefile; EPSG:3310; original snapshot preserved
acec-5b8a4b901701dc,Coachella Valley Fringe-toed Lizard,coachella valley fringe toed lizard,,"coachella valley fringe toed lizard|CDCA Plan, as amended by amendment #2 (1984) and amendment #3 (1989/1990)||2016-09-14|CAD00000",currently_designated_source_layer,Currently mapped as designated,ACEC,ACEC,not_verified,True,False,False,unverified,unverified,1,1,1,,not_researched,11633.570444,11633.570444,0.0,0.0,California Desert District,,California Desert District,CAD00000,1,"CDCA Plan, as amended by amendment #2 (1984) and amendment #3 (1989/1990) ",2016-09-14,2016,BLM land-use planning decision,,https://www.blm.gov/programs/planning-and-nepa/plans-in-development/california,,Current statewide source supplies one governing-plan/ROD association; earlier boundary and designation history require plan-level research.,"Cultural resources, Fish or aquatic resources, Historic resources, Natural processes, Natural systems, Scenic values, and Wildlife resources.",botanical_or_ecological;cultural_archaeological_historic;scenic;water_aquatic;wildlife_and_habitat,The statewide source identifies special management attention to prevent irreparable damage to those values. Detailed restrictions and exceptions are plan-specific.,"Legal access, ownership, inholdings, and component-specific restrictions were not established from the statewide ACEC layer.",,California,,california_desert_other_plan,documented_designation_value,The statewide source identifies fish-resource relevance.,,not_verified,,statewide_source_map_only,https://www.blm.gov/programs/planning-and-nepa/plans-in-development/california,official_california_plan_index_only,https://www.blm.gov/office/california-desert-district-office,official_unit_url_candidate_not_http_validated,not_systematically_researched,not_systematically_researched,statewide_source_audit_complete_plan_level_research_partial,2026-08-05,high_source_identity_medium_semantic_history,"Coachella Valley Fringe-toed Lizard is represented in the current BLM California designated-ACEC layer under CDCA Plan, as amended by amendment #2 (1984) and amendment #3 (1989/1990) . The statewide source identifies cultural resources, fish or aquatic resources, historic resources, natural processes, natural systems, scenic values, and wildlife resources as relevant designation categories. The statewide source identifies special management attention to prevent irreparable damage to those values. Detailed restrictions and exceptions are plan-specific. The mapped boundary is a planning-designation geometry, not an ownership or access boundary.","Detailed ACEC-specific plan pages, maps, prescriptions, land status, access, and related-designation intersections remain a documented research/overlay phase.",7,11633.57044388664,False,equivalent_within_qa_tolerance,user-supplied BRIM acec shapefile; EPSG:3310; original snapshot preserved
acec-d5c6e9b559f032,Compensation Lands,compensation lands,,compensation lands|Bakersfield Resource Management Plan|DOI-BLM-CA-C060-2014-0001-RMP-EIS|2014-12-22|CAC06000,currently_designated_source_layer,Currently mapped as designated,ACEC,ACEC,not_verified,True,False,False,unverified,unverified,1,1,1,,not_researched,281.210448,281.210448,0.0,0.0,Central California District,Bakersfield Field Office,Bakersfield Field Office,CAC06000,1,Bakersfield Resource Management Plan,2014-12-22,2014,BLM land-use planning decision,DOI-BLM-CA-C060-2014-0001-RMP-EIS,https://eplanning.blm.gov/Project-Home/?id=77b9ea95-a7f2-f011-8406-001dd802fdea,,Current statewide source supplies one governing-plan/ROD association; earlier boundary and designation history require plan-level research.,"Fish or aquatic resources, Natural processes, Natural systems, and Wildlife resources.",botanical_or_ecological;water_aquatic;wildlife_and_habitat,The statewide source identifies special management attention to protect identified relevant and important values. Detailed restrictions and exceptions are plan-specific.,"Legal access, ownership, inholdings, and component-specific restrictions were not established from the statewide ACEC layer.",,California,,central_california_plan,documented_designation_value,The statewide source identifies fish-resource relevance.,,not_verified,,statewide_source_map_only,https://eplanning.blm.gov/Project-Home/?id=77b9ea95-a7f2-f011-8406-001dd802fdea,direct_official_plan_or_project_page,https://www.blm.gov/office/bakersfield-field-office,official_unit_url_candidate_not_http_validated,not_systematically_researched,not_systematically_researched,statewide_source_audit_complete_plan_level_research_partial,2026-08-05,high_source_identity_medium_semantic_history,"Compensation Lands is represented in the current BLM California designated-ACEC layer under Bakersfield Resource Management Plan. The statewide source identifies fish or aquatic resources, natural processes, natural systems, and wildlife resources as relevant designation categories. The statewide source identifies special management attention to protect identified relevant and important values. Detailed restrictions and exceptions are plan-specific. The mapped boundary is a planning-designation geometry, not an ownership or access boundary.","Detailed ACEC-specific plan pages, maps, prescriptions, land status, access, and related-designation intersections remain a documented research/overlay phase.",4,281.2104479690716,True,equivalent_within_qa_tolerance,user-supplied BRIM acec shapefile; EPSG:3310; original snapshot preserved
acec-03ec5d2a34cc80,Conglomerate Mesa,conglomerate mesa,,"conglomerate mesa|CDCA Plan, as amended by DRECP||2016-09-14|CAD00000",currently_designated_source_layer,Currently mapped as designated,ACEC,ACEC,not_verified,True,False,False,unverified,unverified,1,1,0,,not_researched,1725.351382,1725.351382,-0.0,-0.0,California Desert District,,California Desert District,CAD00000,1,"CDCA Plan, as amended by DRECP",2016-09-14,2016,BLM land-use planning decision,,https://www.blm.gov/programs/planning-and-nepa/plans-in-development/california,,Current statewide source supplies one governing-plan/ROD association; earlier boundary and designation history require plan-level research.,"Cultural resources, Historic resources, Natural processes, Natural systems, and Scenic values.",botanical_or_ecological;cultural_archaeological_historic;scenic,The statewide source identifies special management attention to prevent irreparable damage to those values. Detailed restrictions and exceptions are plan-specific.,"Legal access, ownership, inholdings, and component-specific restrictions were not established from the statewide ACEC layer.",,California,,drecp,no_water_value_identified_in_statewide_source,No fish-resource relevance is coded affirmative in the statewide source; spatial hydrologic context has not been derived.,,not_verified,,statewide_source_map_only,https://www.blm.gov/programs/planning-and-nepa/plans-in-development/california,official_california_plan_index_only,https://www.blm.gov/office/california-desert-district-office,official_unit_url_candidate_not_http_validated,not_systematically_researched,not_systematically_researched,statewide_source_audit_complete_plan_level_research_partial,2026-08-05,high_source_identity_medium_semantic_history,"Conglomerate Mesa is represented in the current BLM California designated-ACEC layer under CDCA Plan, as amended by DRECP. The statewide source identifies cultural resources, historic resources, natural processes, natural systems, and scenic values as relevant designation categories. The statewide source identifies special management attention to prevent irreparable damage to those values. Detailed restrictions and exceptions are plan-specific. The mapped boundary is a planning-designation geometry, not an ownership or access boundary.","Detailed ACEC-specific plan pages, maps, prescriptions, land status, access, and related-designation intersections remain a documented research/overlay phase.",1,1725.3513818527708,True,equivalent_within_qa_tolerance,user-supplied BRIM acec shapefile; EPSG:3310; original snapshot preserved
acec-a876ae3f36b69f,Conway Summit,conway summit,,conway summit|Bishop|DOI-BLM-CA-C070-1993-0001-RMP-EIS|1993-03-26|CAC07000,currently_designated_source_layer,Currently mapped as designated,ACEC,ACEC,not_verified,True,False,False,unverified,unverified,1,1,0,,not_researched,2845.437446,2845.437446,-0.0,-0.0,Central California District,Bishop Field Office,Bishop Field Office,CAC07000,1,Bishop,1993-03-26,1993,BLM land-use planning decision,DOI-BLM-CA-C070-1993-0001-RMP-EIS,https://eplanning.blm.gov/Project-Home/?id=dd68a393-a7f2-f011-8407-001dd80c29f3,,Current statewide source supplies one governing-plan/ROD association; earlier boundary and designation history require plan-level research.,"Natural processes, Natural systems, Scenic values, and Wildlife resources.",botanical_or_ecological;scenic;wildlife_and_habitat,The statewide source identifies special management attention to prevent irreparable damage to those values. Detailed restrictions and exceptions are plan-specific.,"Legal access, ownership, inholdings, and component-specific restrictions were not established from the statewide ACEC layer.",,California,,central_california_plan,no_water_value_identified_in_statewide_source,No fish-resource relevance is coded affirmative in the statewide source; spatial hydrologic context has not been derived.,,not_verified,,statewide_source_map_only,https://eplanning.blm.gov/Project-Home/?id=dd68a393-a7f2-f011-8407-001dd80c29f3,direct_official_plan_or_project_page,https://www.blm.gov/office/bishop-field-office,official_unit_url_candidate_not_http_validated,not_systematically_researched,not_systematically_researched,statewide_source_audit_complete_plan_level_research_partial,2026-08-05,high_source_identity_medium_semantic_history,"Conway Summit is represented in the current BLM California designated-ACEC layer under Bishop. The statewide source identifies natural processes, natural systems, scenic values, and wildlife resources as relevant designation categories. The statewide source identifies special management attention to prevent irreparable damage to those values. Detailed restrictions and exceptions are plan-specific. The mapped boundary is a planning-designation geometry, not an ownership or access boundary.","Detailed ACEC-specific plan pages, maps, prescriptions, land status, access, and related-designation intersections remain a documented research/overlay phase.",1,2845.437446353138,True,equivalent_within_qa_tolerance,user-supplied BRIM acec shapefile; EPSG:3310; original snapshot preserved
acec-178e8ebea9723c,Coolgardie Mesa,coolgardie mesa,,"coolgardie mesa|CDCA Plan, as amended by DRECP|DOI-BLM-CA-D010-2014-0001-RMP-EIS|2016-09-14|CAD00000",currently_designated_source_layer,Currently mapped as designated,ACEC,ACEC,not_verified,True,False,False,unverified,unverified,1,1,0,,not_researched,13253.424427,13253.424427,-0.0,-0.0,California Desert District,,California Desert District,CAD00000,1,"CDCA Plan, as amended by DRECP",2016-09-14,2016,BLM land-use planning decision,DOI-BLM-CA-D010-2014-0001-RMP-EIS,https://www.blm.gov/programs/planning-and-nepa/plans-in-development/california/desert-renewable-energy-conservation-plan,,Current statewide source supplies one governing-plan/ROD association; earlier boundary and designation history require plan-level research.,"Natural processes, Natural systems, and Wildlife resources.",botanical_or_ecological;wildlife_and_habitat,The statewide source identifies special management attention to prevent irreparable damage to those values. Detailed restrictions and exceptions are plan-specific.,"Legal access, ownership, inholdings, and component-specific restrictions were not established from the statewide ACEC layer.",,California,,drecp,no_water_value_identified_in_statewide_source,No fish-resource relevance is coded affirmative in the statewide source; spatial hydrologic context has not been derived.,,not_verified,,statewide_source_map_only,https://www.blm.gov/programs/planning-and-nepa/plans-in-development/california/desert-renewable-energy-conservation-plan,direct_official_plan_or_project_page,https://www.blm.gov/office/california-desert-district-office,official_unit_url_candidate_not_http_validated,not_systematically_researched,not_systematically_researched,statewide_source_audit_complete_plan_level_research_partial,2026-08-05,high_source_identity_medium_semantic_history,"Coolgardie Mesa is represented in the current BLM California designated-ACEC layer under CDCA Plan, as amended by DRECP. The statewide source identifies natural processes, natural systems, and wildlife resources as relevant designation categories. The statewide source identifies special management attention to prevent irreparable damage to those values. Detailed restrictions and exceptions are plan-specific. The mapped boundary is a planning-designation geometry, not an ownership or access boundary.","Detailed ACEC-specific plan pages, maps, prescriptions, land status, access, and related-designation intersections remain a documented research/overlay phase.",1,13253.424426974752,True,equivalent_within_qa_tolerance,user-supplied BRIM acec shapefile; EPSG:3310; original snapshot preserved
acec-1a2274a209ecac,Corn Springs,corn springs,,"corn springs|CDCA Plan, as amended by DRECP||2016-09-14|CAD00000",currently_designated_source_layer,Currently mapped as designated,ACEC,ACEC,not_verified,True,False,False,unverified,unverified,1,1,0,,not_researched,2462.400818,2462.400818,0.0,0.0,California Desert District,,California Desert District,CAD00000,1,"CDCA Plan, as amended by DRECP",2016-09-14,2016,BLM land-use planning decision,,https://www.blm.gov/programs/planning-and-nepa/plans-in-development/california,,Current statewide source supplies one governing-plan/ROD association; earlier boundary and designation history require plan-level research.,"Cultural resources, Historic resources, Natural processes, Natural systems, Scenic values, and Wildlife resources.",botanical_or_ecological;cultural_archaeological_historic;scenic;wildlife_and_habitat,The statewide source identifies special management attention to prevent irreparable damage to those values. Detailed restrictions and exceptions are plan-specific.,"Legal access, ownership, inholdings, and component-specific restrictions were not established from the statewide ACEC layer.",,California,,drecp,no_water_value_identified_in_statewide_source,No fish-resource relevance is coded affirmative in the statewide source; spatial hydrologic context has not been derived.,,not_verified,,statewide_source_map_only,https://www.blm.gov/programs/planning-and-nepa/plans-in-development/california,official_california_plan_index_only,https://www.blm.gov/office/california-desert-district-office,official_unit_url_candidate_not_http_validated,not_systematically_researched,not_systematically_researched,statewide_source_audit_complete_plan_level_research_partial,2026-08-05,high_source_identity_medium_semantic_history,"Corn Springs is represented in the current BLM California designated-ACEC layer under CDCA Plan, as amended by DRECP. The statewide source identifies cultural resources, historic resources, natural processes, natural systems, scenic values, and wildlife resources as relevant designation categories. The statewide source identifies special management attention to prevent irreparable damage to those values. Detailed restrictions and exceptions are plan-specific. The mapped boundary is a planning-designation geometry, not an ownership or access boundary.","Detailed ACEC-specific plan pages, maps, prescriptions, land status, access, and related-designation intersections remain a documented research/overlay phase.",1,2462.400817859932,True,equivalent_within_qa_tolerance,user-supplied BRIM acec shapefile; EPSG:3310; original snapshot preserved
acec-93fa7f39d38b25,Corning Vernal Pools,corning vernal pools,,corning vernal pools|Northwest California Integrated Plan|DOI-BLM-CA-N060-2021-0012-RMP-EIS|2024-11-06|CAN06000,currently_designated_source_layer,Currently mapped as designated,ACEC,ACEC,not_verified,True,False,False,unverified,unverified,1,1,0,,not_researched,173.064965,173.064965,0.0,0.0,Northern California District,Redding Field Office,Redding Field Office,CAN06000,1,Northwest California Integrated Plan,2024-11-06,2024,BLM land-use planning decision,DOI-BLM-CA-N060-2021-0012-RMP-EIS,https://www.blm.gov/programs/planning-and-nepa/plans-in-development/california/northwest-california-integrated-rmp,,Current statewide source supplies one governing-plan/ROD association; earlier boundary and designation history require plan-level research.,"Natural processes, Natural systems, and Wildlife resources.",botanical_or_ecological;wildlife_and_habitat,The statewide source identifies special management attention to prevent irreparable damage to those values. Detailed restrictions and exceptions are plan-specific.,"Legal access, ownership, inholdings, and component-specific restrictions were not established from the statewide ACEC layer.",,California,,northwest_california_integrated_plan,no_water_value_identified_in_statewide_source,No fish-resource relevance is coded affirmative in the statewide source; spatial hydrologic context has not been derived.,,not_verified,,statewide_source_map_only,https://www.blm.gov/programs/planning-and-nepa/plans-in-development/california/northwest-california-integrated-rmp,direct_official_plan_or_project_page,https://www.blm.gov/office/redding-field-office,official_unit_url_candidate_not_http_validated,not_systematically_researched,not_systematically_researched,statewide_source_audit_complete_plan_level_research_partial,2026-08-05,high_source_identity_medium_semantic_history,"Corning Vernal Pools is represented in the current BLM California designated-ACEC layer under Northwest California Integrated Plan. The statewide source identifies natural processes, natural systems, and wildlife resources as relevant designation categories. The statewide source identifies special management attention to prevent irreparable damage to those values. Detailed restrictions and exceptions are plan-specific. The mapped boundary is a planning-designation geometry, not an ownership or access boundary.","Detailed ACEC-specific plan pages, maps, prescriptions, land status, access, and related-designation intersections remain a documented research/overlay phase.",1,173.0649645354719,True,equivalent_within_qa_tolerance,user-supplied BRIM acec shapefile; EPSG:3310; original snapshot preserved
acec-98a6137ae90fa3,Cosumnes River,cosumnes river,,cosumnes river|Sierra|DOI-BLM-CA-C080-2007-0001-RMP-EIS|2008-02-01|CAC08000,currently_designated_source_layer,Currently mapped as designated,ACEC,ACEC,not_verified,True,False,False,unverified,unverified,1,1,1,,not_researched,2032.951101,2032.951101,-0.0,-0.0,Central California District,Mother Lode Field Office,Mother Lode Field Office,CAC08000,1,Sierra,2008-02-01,2008,BLM land-use planning decision,DOI-BLM-CA-C080-2007-0001-RMP-EIS,https://eplanning.blm.gov/eplanning-ui/project/72554/510,,Current statewide source supplies one governing-plan/ROD association; earlier boundary and designation history require plan-level research.,"Natural processes, Natural systems, and Wildlife resources.",botanical_or_ecological;wildlife_and_habitat,The statewide source identifies special management attention to prevent irreparable damage to those values. Detailed restrictions and exceptions are plan-specific.,"Legal access, ownership, inholdings, and component-specific restrictions were not established from the statewide ACEC layer.",,California,,central_california_plan,no_water_value_identified_in_statewide_source,No fish-resource relevance is coded affirmative in the statewide source; spatial hydrologic context has not been derived.,,not_verified,,statewide_source_map_only,https://eplanning.blm.gov/eplanning-ui/project/72554/510,direct_official_plan_or_project_page,https://www.blm.gov/office/mother-lode-field-office,official_unit_url_candidate_not_http_validated,not_systematically_researched,not_systematically_researched,statewide_source_audit_complete_plan_level_research_partial,2026-08-05,high_source_identity_medium_semantic_history,"Cosumnes River is represented in the current BLM California designated-ACEC layer under Sierra. The statewide source identifies natural processes, natural systems, and wildlife resources as relevant designation categories. The statewide source identifies special management attention to prevent irreparable damage to those values. Detailed restrictions and exceptions are plan-specific. The mapped boundary is a planning-designation geometry, not an ownership or access boundary.","Detailed ACEC-specific plan pages, maps, prescriptions, land status, access, and related-designation intersections remain a documented research/overlay phase.",4,2032.951101121473,False,equivalent_within_qa_tolerance,user-supplied BRIM acec shapefile; EPSG:3310; original snapshot preserved
acec-3a20d59207e54e,Coyote Mountains Fossil Site,coyote mountains fossil site,,"coyote mountains fossil site|CDCA Plan, as amended, DRECP amendment|DOI-BLM-CA-D010-1980-0001-RMP-EIS|1980-12-12|CAD00000",currently_designated_source_layer,Currently mapped as designated,ACEC,ACEC,not_verified,True,False,False,unverified,unverified,1,1,0,,not_researched,5875.865987,5875.865987,0.0,0.0,California Desert District,,California Desert District,CAD00000,1,"CDCA Plan, as amended, DRECP amendment",1980-12-12,1980,BLM land-use planning decision,DOI-BLM-CA-D010-1980-0001-RMP-EIS,https://eplanning.blm.gov/eplanning-ui/project/66949/510,,Current statewide source supplies one governing-plan/ROD association; earlier boundary and designation history require plan-level research.,"Cultural resources, Historic resources, Natural processes, Natural systems, and Wildlife resources.",botanical_or_ecological;cultural_archaeological_historic;wildlife_and_habitat,The statewide source identifies special management attention to prevent irreparable damage to those values. Detailed restrictions and exceptions are plan-specific.,"Legal access, ownership, inholdings, and component-specific restrictions were not established from the statewide ACEC layer.",,California,,drecp,no_water_value_identified_in_statewide_source,No fish-resource relevance is coded affirmative in the statewide source; spatial hydrologic context has not been derived.,,not_verified,,statewide_source_map_only,https://eplanning.blm.gov/eplanning-ui/project/66949/510,direct_official_plan_or_project_page,https://www.blm.gov/office/california-desert-district-office,official_unit_url_candidate_not_http_validated,not_systematically_researched,not_systematically_researched,statewide_source_audit_complete_plan_level_research_partial,2026-08-05,high_source_identity_medium_semantic_history,"Coyote Mountains Fossil Site is represented in the current BLM California designated-ACEC layer under CDCA Plan, as amended, DRECP amendment. The statewide source identifies cultural resources, historic resources, natural processes, natural systems, and wildlife resources as relevant designation categories. The statewide source identifies special management attention to prevent irreparable damage to those values. Detailed restrictions and exceptions are plan-specific. The mapped boundary is a planning-designation geometry, not an ownership or access boundary.","Detailed ACEC-specific plan pages, maps, prescriptions, land status, access, and related-designation intersections remain a documented research/overlay phase.",1,5875.865987116075,True,equivalent_within_qa_tolerance,user-supplied BRIM acec shapefile; EPSG:3310; original snapshot preserved
acec-de4d49c5d889e6,Crater Mountain,crater mountain,,crater mountain|Bishop|DOI-BLM-CA-C070-1993-0001-RMP-EIS|1993-03-26|CAC07000,currently_designated_source_layer,Currently mapped as designated,ACEC,ACEC,not_verified,True,False,False,unverified,unverified,1,1,0,,not_researched,5765.894612,5765.894608,4e-06,0.0,Central California District,Bishop Field Office,Bishop Field Office,CAC07000,1,Bishop,1993-03-26,1993,BLM land-use planning decision,DOI-BLM-CA-C070-1993-0001-RMP-EIS,https://eplanning.blm.gov/Project-Home/?id=dd68a393-a7f2-f011-8407-001dd80c29f3,,Current statewide source supplies one governing-plan/ROD association; earlier boundary and designation history require plan-level research.,"Natural systems, and Scenic values.",botanical_or_ecological;scenic,The statewide source identifies special management attention to prevent irreparable damage to those values. Detailed restrictions and exceptions are plan-specific.,"Legal access, ownership, inholdings, and component-specific restrictions were not established from the statewide ACEC layer.",,California,,central_california_plan,no_water_value_identified_in_statewide_source,No fish-resource relevance is coded affirmative in the statewide source; spatial hydrologic context has not been derived.,,not_verified,,statewide_source_map_only,https://eplanning.blm.gov/Project-Home/?id=dd68a393-a7f2-f011-8407-001dd80c29f3,direct_official_plan_or_project_page,https://www.blm.gov/office/bishop-field-office,official_unit_url_candidate_not_http_validated,not_systematically_researched,not_systematically_researched,statewide_source_audit_complete_plan_level_research_partial,2026-08-05,high_source_identity_medium_semantic_history,"Crater Mountain is represented in the current BLM California designated-ACEC layer under Bishop. The statewide source identifies natural systems, and scenic values as relevant designation categories. The statewide source identifies special management attention to prevent irreparable damage to those values. Detailed restrictions and exceptions are plan-specific. The mapped boundary is a planning-designation geometry, not an ownership or access boundary.","Detailed ACEC-specific plan pages, maps, prescriptions, land status, access, and related-designation intersections remain a documented research/overlay phase.",1,5771.853106957459,True,material_metric_difference,user-supplied BRIM acec shapefile; EPSG:3310; original snapshot preserved
acec-eff7540c4ac147,Cronese Basin,cronese basin,,"cronese basin|CDCA Plan, as amended by DRECP|DOI-BLM-CA-D010-2014-0001-RMP-EIS|2016-09-14|CAD00000",currently_designated_source_layer,Currently mapped as designated,ACEC,ACEC,not_verified,True,False,False,unverified,unverified,1,1,0,,not_researched,10201.259697,10201.259697,-0.0,-0.0,California Desert District,,California Desert District,CAD00000,1,"CDCA Plan, as amended by DRECP",2016-09-14,2016,BLM land-use planning decision,DOI-BLM-CA-D010-2014-0001-RMP-EIS,https://www.blm.gov/programs/planning-and-nepa/plans-in-development/california/desert-renewable-energy-conservation-plan,,Current statewide source supplies one governing-plan/ROD association; earlier boundary and designation history require plan-level research.,"Cultural resources, and Historic resources.",cultural_archaeological_historic,The statewide source identifies special management attention to prevent irreparable damage to those values. Detailed restrictions and exceptions are plan-specific.,"Legal access, ownership, inholdings, and component-specific restrictions were not established from the statewide ACEC layer.",,California,,drecp,no_water_value_identified_in_statewide_source,No fish-resource relevance is coded affirmative in the statewide source; spatial hydrologic context has not been derived.,,not_verified,,statewide_source_map_only,https://www.blm.gov/programs/planning-and-nepa/plans-in-development/california/desert-renewable-energy-conservation-plan,direct_official_plan_or_project_page,https://www.blm.gov/office/california-desert-district-office,official_unit_url_candidate_not_http_validated,not_systematically_researched,not_systematically_researched,statewide_source_audit_complete_plan_level_research_partial,2026-08-05,high_source_identity_medium_semantic_history,"Cronese Basin is represented in the current BLM California designated-ACEC layer under CDCA Plan, as amended by DRECP. The statewide source identifies cultural resources, and historic resources as relevant designation categories. The statewide source identifies special management attention to prevent irreparable damage to those values. Detailed restrictions and exceptions are plan-specific. The mapped boundary is a planning-designation geometry, not an ownership or access boundary.","Detailed ACEC-specific plan pages, maps, prescriptions, land status, access, and related-designation intersections remain a documented research/overlay phase.",1,10201.259696554725,True,equivalent_within_qa_tolerance,user-supplied BRIM acec shapefile; EPSG:3310; original snapshot preserved
acec-bd22db1dcbf017,Cypress Mountain,cypress mountain,,cypress mountain|Bakersfield Resource Management Plan|DOI-BLM-CA-C060-2014-0001-RMP-EIS|2014-12-22|CAC06000,currently_designated_source_layer,Currently mapped as designated,ACEC,ACEC,not_verified,True,False,False,unverified,unverified,1,1,0,,not_researched,3036.498781,3036.498781,0.0,0.0,Central California District,Bakersfield Field Office,Bakersfield Field Office,CAC06000,1,Bakersfield Resource Management Plan,2014-12-22,2014,BLM land-use planning decision,DOI-BLM-CA-C060-2014-0001-RMP-EIS,https://eplanning.blm.gov/Project-Home/?id=77b9ea95-a7f2-f011-8406-001dd802fdea,,Current statewide source supplies one governing-plan/ROD association; earlier boundary and designation history require plan-level research.,"Natural processes, and Natural systems.",botanical_or_ecological,The statewide source identifies special management attention to prevent irreparable damage to those values. Detailed restrictions and exceptions are plan-specific.,"Legal access, ownership, inholdings, and component-specific restrictions were not established from the statewide ACEC layer.",,California,,central_california_plan,no_water_value_identified_in_statewide_source,No fish-resource relevance is coded affirmative in the statewide source; spatial hydrologic context has not been derived.,,not_verified,,statewide_source_map_only,https://eplanning.blm.gov/Project-Home/?id=77b9ea95-a7f2-f011-8406-001dd802fdea,direct_official_plan_or_project_page,https://www.blm.gov/office/bakersfield-field-office,official_unit_url_candidate_not_http_validated,not_systematically_researched,not_systematically_researched,statewide_source_audit_complete_plan_level_research_partial,2026-08-05,high_source_identity_medium_semantic_history,"Cypress Mountain is represented in the current BLM California designated-ACEC layer under Bakersfield Resource Management Plan. The statewide source identifies natural processes, and natural systems as relevant designation categories. The statewide source identifies special management attention to prevent irreparable damage to those values. Detailed restrictions and exceptions are plan-specific. The mapped boundary is a planning-designation geometry, not an ownership or access boundary.","Detailed ACEC-specific plan pages, maps, prescriptions, land status, access, and related-designation intersections remain a documented research/overlay phase.",1,3036.4987805496307,True,equivalent_within_qa_tolerance,user-supplied BRIM acec shapefile; EPSG:3310; original snapshot preserved
acec-5996b04f506863,Cyrus Canyon,cyrus canyon,,cyrus canyon|Bakersfield Resource Management Plan|DOI-BLM-CA-C060-2014-0001-RMP-EIS|2014-12-22|CAC06000,currently_designated_source_layer,Currently mapped as designated,ACEC,ACEC,not_verified,True,False,False,unverified,unverified,1,1,0,,not_researched,4422.952363,4422.952363,0.0,0.0,Central California District,Bakersfield Field Office,Bakersfield Field Office,CAC06000,1,Bakersfield Resource Management Plan,2014-12-22,2014,BLM land-use planning decision,DOI-BLM-CA-C060-2014-0001-RMP-EIS,https://eplanning.blm.gov/Project-Home/?id=77b9ea95-a7f2-f011-8406-001dd802fdea,,Current statewide source supplies one governing-plan/ROD association; earlier boundary and designation history require plan-level research.,"Natural processes, and Natural systems.",botanical_or_ecological,The statewide source identifies special management attention to prevent irreparable damage to those values. Detailed restrictions and exceptions are plan-specific.,"Legal access, ownership, inholdings, and component-specific restrictions were not established from the statewide ACEC layer.",,California,,central_california_plan,no_water_value_identified_in_statewide_source,No fish-resource relevance is coded affirmative in the statewide source; spatial hydrologic context has not been derived.,,not_verified,,statewide_source_map_only,https://eplanning.blm.gov/Project-Home/?id=77b9ea95-a7f2-f011-8406-001dd802fdea,direct_official_plan_or_project_page,https://www.blm.gov/office/bakersfield-field-office,official_unit_url_candidate_not_http_validated,not_systematically_researched,not_systematically_researched,statewide_source_audit_complete_plan_level_research_partial,2026-08-05,high_source_identity_medium_semantic_history,"Cyrus Canyon is represented in the current BLM California designated-ACEC layer under Bakersfield Resource Management Plan. The statewide source identifies natural processes, and natural systems as relevant designation categories. The statewide source identifies special management attention to prevent irreparable damage to those values. Detailed restrictions and exceptions are plan-specific. The mapped boundary is a planning-designation geometry, not an ownership or access boundary.","Detailed ACEC-specific plan pages, maps, prescriptions, land status, access, and related-designation intersections remain a documented research/overlay phase.",1,4422.952362707689,True,equivalent_within_qa_tolerance,user-supplied BRIM acec shapefile; EPSG:3310; original snapshot preserved
acec-90e93d7b70aff7,Dagget Ridge Monkey Flower,dagget ridge monkey flower,,"dagget ridge monkey flower|CDCA Plan, as amended by DRECP|DOI-BLM-CA-D010-2014-0001-RMP-EIS|2016-09-14|CAD00000",currently_designated_source_layer,Currently mapped as designated,ACEC,ACEC,not_verified,True,False,False,unverified,unverified,1,1,1,,not_researched,35799.983016,35799.983016,-0.0,-0.0,California Desert District,,California Desert District,CAD00000,1,"CDCA Plan, as amended by DRECP",2016-09-14,2016,BLM land-use planning decision,DOI-BLM-CA-D010-2014-0001-RMP-EIS,https://www.blm.gov/programs/planning-and-nepa/plans-in-development/california/desert-renewable-energy-conservation-plan,,Current statewide source supplies one governing-plan/ROD association; earlier boundary and designation history require plan-level research.,"Natural processes, Natural systems, Scenic values, and Wildlife resources.",botanical_or_ecological;scenic;wildlife_and_habitat,The statewide source identifies special management attention to prevent irreparable damage to those values. Detailed restrictions and exceptions are plan-specific.,"Legal access, ownership, inholdings, and component-specific restrictions were not established from the statewide ACEC layer.",,California,,drecp,no_water_value_identified_in_statewide_source,No fish-resource relevance is coded affirmative in the statewide source; spatial hydrologic context has not been derived.,,not_verified,,statewide_source_map_only,https://www.blm.gov/programs/planning-and-nepa/plans-in-development/california/desert-renewable-energy-conservation-plan,direct_official_plan_or_project_page,https://www.blm.gov/office/california-desert-district-office,official_unit_url_candidate_not_http_validated,not_systematically_researched,not_systematically_researched,statewide_source_audit_complete_plan_level_research_partial,2026-08-05,high_source_identity_medium_semantic_history,"Dagget Ridge Monkey Flower is represented in the current BLM California designated-ACEC layer under CDCA Plan, as amended by DRECP. The statewide source identifies natural processes, natural systems, scenic values, and wildlife resources as relevant designation categories. The statewide source identifies special management attention to prevent irreparable damage to those values. Detailed restrictions and exceptions are plan-specific. The mapped boundary is a planning-designation geometry, not an ownership or access boundary.","Detailed ACEC-specific plan pages, maps, prescriptions, land status, access, and related-designation intersections remain a documented research/overlay phase.",2,35799.98301582289,True,equivalent_within_qa_tolerance,user-supplied BRIM acec shapefile; EPSG:3310; original snapshot preserved
acec-11ad70d626345d,Dead Mountains,dead mountains,,"dead mountains|CDCA Plan, as amended by DRECP|DOI-BLM-CA-D010-2014-0001-RMP-EIS|2016-09-14|CAD00000",currently_designated_source_layer,Currently mapped as designated,ACEC,ACEC,not_verified,True,False,False,unverified,unverified,1,1,0,,not_researched,28563.263451,28563.263451,-0.0,-0.0,California Desert District,,California Desert District,CAD00000,1,"CDCA Plan, as amended by DRECP",2016-09-14,2016,BLM land-use planning decision,DOI-BLM-CA-D010-2014-0001-RMP-EIS,https://www.blm.gov/programs/planning-and-nepa/plans-in-development/california/desert-renewable-energy-conservation-plan,,Current statewide source supplies one governing-plan/ROD association; earlier boundary and designation history require plan-level research.,"Cultural resources, Scenic values, and Wildlife resources.",cultural_archaeological_historic;scenic;wildlife_and_habitat,The statewide source identifies special management attention to protect identified relevant and important values. Detailed restrictions and exceptions are plan-specific.,"Legal access, ownership, inholdings, and component-specific restrictions were not established from the statewide ACEC layer.",,California,,drecp,no_water_value_identified_in_statewide_source,No fish-resource relevance is coded affirmative in the statewide source; spatial hydrologic context has not been derived.,,not_verified,,statewide_source_map_only,https://www.blm.gov/programs/planning-and-nepa/plans-in-development/california/desert-renewable-energy-conservation-plan,direct_official_plan_or_project_page,https://www.blm.gov/office/california-desert-district-office,official_unit_url_candidate_not_http_validated,not_systematically_researched,not_systematically_researched,statewide_source_audit_complete_plan_level_research_partial,2026-08-05,high_source_identity_medium_semantic_history,"Dead Mountains is represented in the current BLM California designated-ACEC layer under CDCA Plan, as amended by DRECP. The statewide source identifies cultural resources, scenic values, and wildlife resources as relevant designation categories. The statewide source identifies special management attention to protect identified relevant and important values. Detailed restrictions and exceptions are plan-specific. The mapped boundary is a planning-designation geometry, not an ownership or access boundary.","Detailed ACEC-specific plan pages, maps, prescriptions, land status, access, and related-designation intersections remain a documented research/overlay phase.",1,28563.26345132454,True,equivalent_within_qa_tolerance,user-supplied BRIM acec shapefile; EPSG:3310; original snapshot preserved
acec-1c307d9c6029b1,Deadmans Flat,deadmans flat,,deadmans flat|Sierra|DOI-BLM-CA-C080-2007-0001-RMP-EIS|2008-02-01|CAC08000,currently_designated_source_layer,Currently mapped as designated,ACEC,ACEC,not_verified,True,False,False,unverified,unverified,1,1,1,,not_researched,744.598217,744.598217,-0.0,-0.0,Central California District,Mother Lode Field Office,Mother Lode Field Office,CAC08000,1,Sierra,2008-02-01,2008,BLM land-use planning decision,DOI-BLM-CA-C080-2007-0001-RMP-EIS,https://eplanning.blm.gov/eplanning-ui/project/72554/510,,Current statewide source supplies one governing-plan/ROD association; earlier boundary and designation history require plan-level research.,"Natural processes, and Natural systems.",botanical_or_ecological,The statewide source identifies special management attention to prevent irreparable damage to those values. Detailed restrictions and exceptions are plan-specific.,"Legal access, ownership, inholdings, and component-specific restrictions were not established from the statewide ACEC layer.",,California,,central_california_plan,no_water_value_identified_in_statewide_source,No fish-resource relevance is coded affirmative in the statewide source; spatial hydrologic context has not been derived.,,not_verified,,statewide_source_map_only,https://eplanning.blm.gov/eplanning-ui/project/72554/510,direct_official_plan_or_project_page,https://www.blm.gov/office/mother-lode-field-office,official_unit_url_candidate_not_http_validated,not_systematically_researched,not_systematically_researched,statewide_source_audit_complete_plan_level_research_partial,2026-08-05,high_source_identity_medium_semantic_history,"Deadmans Flat is represented in the current BLM California designated-ACEC layer under Sierra. The statewide source identifies natural processes, and natural systems as relevant designation categories. The statewide source identifies special management attention to prevent irreparable damage to those values. Detailed restrictions and exceptions are plan-specific. The mapped boundary is a planning-designation geometry, not an ownership or access boundary.","Detailed ACEC-specific plan pages, maps, prescriptions, land status, access, and related-designation intersections remain a documented research/overlay phase.",5,744.5982172914544,True,equivalent_within_qa_tolerance,user-supplied BRIM acec shapefile; EPSG:3310; original snapshot preserved
acec-44eff1e0aa93e7,Death Valley 17 WSA,death valley 17 wsa,,"death valley 17 wsa|CDCA Plan, as amended by DRECP||2016-09-14|CAD00000",currently_designated_source_layer,Currently mapped as designated,ACEC,ACEC,not_verified,True,False,False,unverified,unverified,1,1,0,,not_researched,21080.593705,21080.593705,0.0,0.0,California Desert District,,California Desert District,CAD00000,1,"CDCA Plan, as amended by DRECP",2016-09-14,2016,BLM land-use planning decision,,https://www.blm.gov/programs/planning-and-nepa/plans-in-development/california,,Current statewide source supplies one governing-plan/ROD association; earlier boundary and designation history require plan-level research.,"Cultural resources, Historic resources, Natural processes, Natural systems, and Wildlife resources.",botanical_or_ecological;cultural_archaeological_historic;wildlife_and_habitat,The statewide source identifies special management attention to prevent irreparable damage to those values. Detailed restrictions and exceptions are plan-specific.,"Legal access, ownership, inholdings, and component-specific restrictions were not established from the statewide ACEC layer.",,California,,drecp,no_water_value_identified_in_statewide_source,No fish-resource relevance is coded affirmative in the statewide source; spatial hydrologic context has not been derived.,,not_verified,,statewide_source_map_only,https://www.blm.gov/programs/planning-and-nepa/plans-in-development/california,official_california_plan_index_only,https://www.blm.gov/office/california-desert-district-office,official_unit_url_candidate_not_http_validated,not_systematically_researched,not_systematically_researched,statewide_source_audit_complete_plan_level_research_partial,2026-08-05,high_source_identity_medium_semantic_history,"Death Valley 17 WSA is represented in the current BLM California designated-ACEC layer under CDCA Plan, as amended by DRECP. The statewide source identifies cultural resources, historic resources, natural processes, natural systems, and wildlife resources as relevant designation categories. The statewide source identifies special management attention to prevent irreparable damage to those values. Detailed restrictions and exceptions are plan-specific. The mapped boundary is a planning-designation geometry, not an ownership or access boundary.","Detailed ACEC-specific plan pages, maps, prescriptions, land status, access, and related-designation intersections remain a documented research/overlay phase.",1,21080.593705479045,True,equivalent_within_qa_tolerance,user-supplied BRIM acec shapefile; EPSG:3310; original snapshot preserved
acec-bef60dbaeef6d9,Deer Creek,deer creek,,deer creek|Northwest California Integrated Plan|DOI-BLM-CA-N060-2021-0012-RMP-EIS|2024-11-06|CAN06000,currently_designated_source_layer,Currently mapped as designated,ACEC,ACEC,not_verified,True,False,False,unverified,unverified,1,1,1,,not_researched,567.401353,567.401353,0.0,0.0,Northern California District,Redding Field Office,Redding Field Office,CAN06000,1,Northwest California Integrated Plan,2024-11-06,2024,BLM land-use planning decision,DOI-BLM-CA-N060-2021-0012-RMP-EIS,https://www.blm.gov/programs/planning-and-nepa/plans-in-development/california/northwest-california-integrated-rmp,,Current statewide source supplies one governing-plan/ROD association; earlier boundary and designation history require plan-level research.,"Cultural resources, Fish or aquatic resources, Historic resources, Scenic values, and Wildlife resources.",cultural_archaeological_historic;scenic;water_aquatic;wildlife_and_habitat,The statewide source identifies special management attention to prevent irreparable damage to those values. Detailed restrictions and exceptions are plan-specific.,"Legal access, ownership, inholdings, and component-specific restrictions were not established from the statewide ACEC layer.",,California,,northwest_california_integrated_plan,documented_designation_value,The statewide source identifies fish-resource relevance.,,not_verified,,statewide_source_map_only,https://www.blm.gov/programs/planning-and-nepa/plans-in-development/california/northwest-california-integrated-rmp,direct_official_plan_or_project_page,https://www.blm.gov/office/redding-field-office,official_unit_url_candidate_not_http_validated,not_systematically_researched,not_systematically_researched,statewide_source_audit_complete_plan_level_research_partial,2026-08-05,high_source_identity_medium_semantic_history,"Deer Creek is represented in the current BLM California designated-ACEC layer under Northwest California Integrated Plan. The statewide source identifies cultural resources, fish or aquatic resources, historic resources, scenic values, and wildlife resources as relevant designation categories. The statewide source identifies special management attention to prevent irreparable damage to those values. Detailed restrictions and exceptions are plan-specific. The mapped boundary is a planning-designation geometry, not an ownership or access boundary.","Detailed ACEC-specific plan pages, maps, prescriptions, land status, access, and related-designation intersections remain a documented research/overlay phase.",4,567.4013528377949,True,equivalent_within_qa_tolerance,user-supplied BRIM acec shapefile; EPSG:3310; original snapshot preserved
acec-56983aa76a6050,Denning Springs,denning springs,,"denning springs|CDCA Plan, as amended by DRECP|DOI-BLM-CA-D010-2014-0001-RMP-EIS|2016-09-14|CAD00000",currently_designated_source_layer,Currently mapped as designated,ACEC,ACEC,not_verified,True,False,False,unverified,unverified,1,1,0,,not_researched,445.728974,445.728974,0.0,0.0,California Desert District,,California Desert District,CAD00000,1,"CDCA Plan, as amended by DRECP",2016-09-14,2016,BLM land-use planning decision,DOI-BLM-CA-D010-2014-0001-RMP-EIS,https://www.blm.gov/programs/planning-and-nepa/plans-in-development/california/desert-renewable-energy-conservation-plan,,Current statewide source supplies one governing-plan/ROD association; earlier boundary and designation history require plan-level research.,"Cultural resources, and Historic resources.",cultural_archaeological_historic,The statewide source identifies special management attention to prevent irreparable damage to those values. Detailed restrictions and exceptions are plan-specific.,"Legal access, ownership, inholdings, and component-specific restrictions were not established from the statewide ACEC layer.",,California,,drecp,no_water_value_identified_in_statewide_source,No fish-resource relevance is coded affirmative in the statewide source; spatial hydrologic context has not been derived.,,not_verified,,statewide_source_map_only,https://www.blm.gov/programs/planning-and-nepa/plans-in-development/california/desert-renewable-energy-conservation-plan,direct_official_plan_or_project_page,https://www.blm.gov/office/california-desert-district-office,official_unit_url_candidate_not_http_validated,not_systematically_researched,not_systematically_researched,statewide_source_audit_complete_plan_level_research_partial,2026-08-05,high_source_identity_medium_semantic_history,"Denning Springs is represented in the current BLM California designated-ACEC layer under CDCA Plan, as amended by DRECP. The statewide source identifies cultural resources, and historic resources as relevant designation categories. The statewide source identifies special management attention to prevent irreparable damage to those values. Detailed restrictions and exceptions are plan-specific. The mapped boundary is a planning-designation geometry, not an ownership or access boundary.","Detailed ACEC-specific plan pages, maps, prescriptions, land status, access, and related-designation intersections remain a documented research/overlay phase.",1,445.72897352769075,True,equivalent_within_qa_tolerance,user-supplied BRIM acec shapefile; EPSG:3310; original snapshot preserved
acec-88e3a418c2424c,Desert Lily Preserve,desert lily preserve,,"desert lily preserve|CDCA Plan, as amended by DRECP||2016-09-14|CAD00000",currently_designated_source_layer,Currently mapped as designated,ACEC,ACEC,not_verified,True,False,False,unverified,unverified,1,1,0,,not_researched,2059.081436,2059.081436,-0.0,-0.0,California Desert District,,California Desert District,CAD00000,1,"CDCA Plan, as amended by DRECP",2016-09-14,2016,BLM land-use planning decision,,https://www.blm.gov/programs/planning-and-nepa/plans-in-development/california,,Current statewide source supplies one governing-plan/ROD association; earlier boundary and designation history require plan-level research.,"Natural processes, Natural systems, and Scenic values.",botanical_or_ecological;scenic,The statewide source identifies special management attention to prevent irreparable damage to those values. Detailed restrictions and exceptions are plan-specific.,"Legal access, ownership, inholdings, and component-specific restrictions were not established from the statewide ACEC layer.",,California,,drecp,no_water_value_identified_in_statewide_source,No fish-resource relevance is coded affirmative in the statewide source; spatial hydrologic context has not been derived.,,not_verified,,statewide_source_map_only,https://www.blm.gov/programs/planning-and-nepa/plans-in-development/california,official_california_plan_index_only,https://www.blm.gov/office/california-desert-district-office,official_unit_url_candidate_not_http_validated,not_systematically_researched,not_systematically_researched,statewide_source_audit_complete_plan_level_research_partial,2026-08-05,high_source_identity_medium_semantic_history,"Desert Lily Preserve is represented in the current BLM California designated-ACEC layer under CDCA Plan, as amended by DRECP. The statewide source identifies natural processes, natural systems, and scenic values as relevant designation categories. The statewide source identifies special management attention to prevent irreparable damage to those values. Detailed restrictions and exceptions are plan-specific. The mapped boundary is a planning-designation geometry, not an ownership or access boundary.","Detailed ACEC-specific plan pages, maps, prescriptions, land status, access, and related-designation intersections remain a documented research/overlay phase.",1,2059.0814357313893,True,equivalent_within_qa_tolerance,user-supplied BRIM acec shapefile; EPSG:3310; original snapshot preserved
acec-cdb2e8b5bcad21,Desert Tortoise Research Natural Area,desert tortoise research natural area,,"desert tortoise research natural area|CDCA Plan, as amended by DRECP||2016-09-14|CAD00000",currently_designated_source_layer,Currently mapped as designated,ACEC,ACEC,research_candidate_from_source_name_only,True,False,False,unverified,unverified,1,1,0,,not_researched,25346.103593,25346.103593,-0.0,-0.0,California Desert District,,California Desert District,CAD00000,1,"CDCA Plan, as amended by DRECP",2016-09-14,2016,BLM land-use planning decision,,https://www.blm.gov/programs/planning-and-nepa/plans-in-development/california,,Current statewide source supplies one governing-plan/ROD association; earlier boundary and designation history require plan-level research.,"Natural processes, Natural systems, and Wildlife resources.",botanical_or_ecological;wildlife_and_habitat,The statewide source identifies special management attention to prevent irreparable damage to those values. Detailed restrictions and exceptions are plan-specific.,"Legal access, ownership, inholdings, and component-specific restrictions were not established from the statewide ACEC layer.",,California,,drecp,no_water_value_identified_in_statewide_source,No fish-resource relevance is coded affirmative in the statewide source; spatial hydrologic context has not been derived.,,not_verified,,statewide_source_map_only,https://www.blm.gov/programs/planning-and-nepa/plans-in-development/california,official_california_plan_index_only,https://www.blm.gov/office/california-desert-district-office,official_unit_url_candidate_not_http_validated,not_systematically_researched,not_systematically_researched,statewide_source_audit_complete_plan_level_research_partial,2026-08-05,high_source_identity_medium_semantic_history,"Desert Tortoise Research Natural Area is represented in the current BLM California designated-ACEC layer under CDCA Plan, as amended by DRECP. The statewide source identifies natural processes, natural systems, and wildlife resources as relevant designation categories. The statewide source identifies special management attention to prevent irreparable damage to those values. Detailed restrictions and exceptions are plan-specific. The mapped boundary is a planning-designation geometry, not an ownership or access boundary.","Detailed ACEC-specific plan pages, maps, prescriptions, land status, access, and related-designation intersections remain a documented research/overlay phase.",1,25346.103592973017,True,equivalent_within_qa_tolerance,user-supplied BRIM acec shapefile; EPSG:3310; original snapshot preserved
acec-8592ffba7bec30,Dos Palmas,dos palmas,,"dos palmas|CDCA Plan, as amended by DRECP||2016-09-14|CAD00000",currently_designated_source_layer,Currently mapped as designated,ACEC,ACEC,not_verified,True,False,False,unverified,unverified,1,1,0,,not_researched,15119.711404,15119.711404,0.0,0.0,California Desert District,,California Desert District,CAD00000,1,"CDCA Plan, as amended by DRECP",2016-09-14,2016,BLM land-use planning decision,,https://www.blm.gov/programs/planning-and-nepa/plans-in-development/california,,Current statewide source supplies one governing-plan/ROD association; earlier boundary and designation history require plan-level research.,"Cultural resources, Fish or aquatic resources, Historic resources, Natural processes, Natural systems, and Wildlife resources.",botanical_or_ecological;cultural_archaeological_historic;water_aquatic;wildlife_and_habitat,The statewide source identifies special management attention to prevent irreparable damage to those values. Detailed restrictions and exceptions are plan-specific.,"Legal access, ownership, inholdings, and component-specific restrictions were not established from the statewide ACEC layer.",,California,,drecp,documented_designation_value,The statewide source identifies fish-resource relevance.,,not_verified,,statewide_source_map_only,https://www.blm.gov/programs/planning-and-nepa/plans-in-development/california,official_california_plan_index_only,https://www.blm.gov/office/california-desert-district-office,official_unit_url_candidate_not_http_validated,not_systematically_researched,not_systematically_researched,statewide_source_audit_complete_plan_level_research_partial,2026-08-05,high_source_identity_medium_semantic_history,"Dos Palmas is represented in the current BLM California designated-ACEC layer under CDCA Plan, as amended by DRECP. The statewide source identifies cultural resources, fish or aquatic resources, historic resources, natural processes, natural systems, and wildlife resources as relevant designation categories. The statewide source identifies special management attention to prevent irreparable damage to those values. Detailed restrictions and exceptions are plan-specific. The mapped boundary is a planning-designation geometry, not an ownership or access boundary.","Detailed ACEC-specific plan pages, maps, prescriptions, land status, access, and related-designation intersections remain a documented research/overlay phase.",1,15119.711403818537,True,equivalent_within_qa_tolerance,user-supplied BRIM acec shapefile; EPSG:3310; original snapshot preserved
acec-e71f61490a4558,Dutch Flat/Indian Hill RNA,dutch flat indian hill rna,,dutch flat indian hill rna|Sierra|DOI-BLM-CA-C080-2007-0001-RMP-EIS|2008-02-01|CAC08000,currently_designated_source_layer,Currently mapped as designated,ACEC,ACEC,research_candidate_from_source_name_only,True,False,False,unverified,unverified,1,1,1,,not_researched,317.132668,317.132668,-0.0,-0.0,Central California District,Mother Lode Field Office,Mother Lode Field Office,CAC08000,1,Sierra,2008-02-01,2008,BLM land-use planning decision,DOI-BLM-CA-C080-2007-0001-RMP-EIS,https://eplanning.blm.gov/eplanning-ui/project/72554/510,,Current statewide source supplies one governing-plan/ROD association; earlier boundary and designation history require plan-level research.,"Natural processes, and Natural systems.",botanical_or_ecological,The statewide source identifies special management attention to prevent irreparable damage to those values. Detailed restrictions and exceptions are plan-specific.,"Legal access, ownership, inholdings, and component-specific restrictions were not established from the statewide ACEC layer.",,California,,central_california_plan,no_water_value_identified_in_statewide_source,No fish-resource relevance is coded affirmative in the statewide source; spatial hydrologic context has not been derived.,,not_verified,,statewide_source_map_only,https://eplanning.blm.gov/eplanning-ui/project/72554/510,direct_official_plan_or_project_page,https://www.blm.gov/office/mother-lode-field-office,official_unit_url_candidate_not_http_validated,not_systematically_researched,not_systematically_researched,statewide_source_audit_complete_plan_level_research_partial,2026-08-05,high_source_identity_medium_semantic_history,"Dutch Flat/Indian Hill RNA is represented in the current BLM California designated-ACEC layer under Sierra. The statewide source identifies natural processes, and natural systems as relevant designation categories. The statewide source identifies special management attention to prevent irreparable damage to those values. Detailed restrictions and exceptions are plan-specific. The mapped boundary is a planning-designation geometry, not an ownership or access boundary.","Detailed ACEC-specific plan pages, maps, prescriptions, land status, access, and related-designation intersections remain a documented research/overlay phase.",3,317.1326678937923,True,equivalent_within_qa_tolerance,user-supplied BRIM acec shapefile; EPSG:3310; original snapshot preserved
acec-bb20419abef121,Eagle Lake Basin,eagle lake basin,,eagle lake basin|Eagle Lake|DOI-BLM-CA-N050-2008-0002-RMP-EIS|2008-04-17|CAN05000,currently_designated_source_layer,Currently mapped as designated,ACEC,ACEC,not_verified,True,False,False,unverified,unverified,1,1,1,,not_researched,32032.595675,32032.595675,0.0,0.0,Northern California District,Eagle Lake Field Office,Eagle Lake Field Office,CAN05000,1,Eagle Lake,2008-04-17,2008,BLM land-use planning decision,DOI-BLM-CA-N050-2008-0002-RMP-EIS,https://eplanning.blm.gov/eplanning-ui/project/69341/510,,Current statewide source supplies one governing-plan/ROD association; earlier boundary and designation history require plan-level research.,"Cultural resources, Fish or aquatic resources, Historic resources, Scenic values, and Wildlife resources.",cultural_archaeological_historic;scenic;water_aquatic;wildlife_and_habitat,The statewide source identifies special management attention to protect identified relevant and important values. Detailed restrictions and exceptions are plan-specific.,"Legal access, ownership, inholdings, and component-specific restrictions were not established from the statewide ACEC layer.",,California,,northern_california_other_plan,documented_designation_value,The statewide source identifies fish-resource relevance.,,not_verified,,statewide_source_map_only,https://eplanning.blm.gov/eplanning-ui/project/69341/510,direct_official_plan_or_project_page,https://www.blm.gov/office/eagle-lake-field-office,official_unit_url_candidate_not_http_validated,not_systematically_researched,not_systematically_researched,statewide_source_audit_complete_plan_level_research_partial,2026-08-05,high_source_identity_medium_semantic_history,"Eagle Lake Basin is represented in the current BLM California designated-ACEC layer under Eagle Lake. The statewide source identifies cultural resources, fish or aquatic resources, historic resources, scenic values, and wildlife resources as relevant designation categories. The statewide source identifies special management attention to protect identified relevant and important values. Detailed restrictions and exceptions are plan-specific. The mapped boundary is a planning-designation geometry, not an ownership or access boundary.","Detailed ACEC-specific plan pages, maps, prescriptions, land status, access, and related-designation intersections remain a documented research/overlay phase.",20,32032.595674538657,False,equivalent_within_qa_tolerance,user-supplied BRIM acec shapefile; EPSG:3310; original snapshot preserved
acec-6dfe9441073c8e,Eagles Flyway,eagles flyway,,"eagles flyway|CDCA Plan, as amended by DRECP||2016-09-14|CAD00000",currently_designated_source_layer,Currently mapped as designated,ACEC,ACEC,not_verified,True,False,False,unverified,unverified,1,1,0,,not_researched,11905.73515,11905.73515,0.0,0.0,California Desert District,,California Desert District,CAD00000,1,"CDCA Plan, as amended by DRECP",2016-09-14,2016,BLM land-use planning decision,,https://www.blm.gov/programs/planning-and-nepa/plans-in-development/california,,Current statewide source supplies one governing-plan/ROD association; earlier boundary and designation history require plan-level research.,"Natural processes, Natural systems, and Scenic values.",botanical_or_ecological;scenic,The statewide source identifies special management attention to prevent irreparable damage to those values. Detailed restrictions and exceptions are plan-specific.,"Legal access, ownership, inholdings, and component-specific restrictions were not established from the statewide ACEC layer.",,California,,drecp,no_water_value_identified_in_statewide_source,No fish-resource relevance is coded affirmative in the statewide source; spatial hydrologic context has not been derived.,,not_verified,,statewide_source_map_only,https://www.blm.gov/programs/planning-and-nepa/plans-in-development/california,official_california_plan_index_only,https://www.blm.gov/office/california-desert-district-office,official_unit_url_candidate_not_http_validated,not_systematically_researched,not_systematically_researched,statewide_source_audit_complete_plan_level_research_partial,2026-08-05,high_source_identity_medium_semantic_history,"Eagles Flyway is represented in the current BLM California designated-ACEC layer under CDCA Plan, as amended by DRECP. The statewide source identifies natural processes, natural systems, and scenic values as relevant designation categories. The statewide source identifies special management attention to prevent irreparable damage to those values. Detailed restrictions and exceptions are plan-specific. The mapped boundary is a planning-designation geometry, not an ownership or access boundary.","Detailed ACEC-specific plan pages, maps, prescriptions, land status, access, and related-designation intersections remain a documented research/overlay phase.",1,11905.735149546821,True,equivalent_within_qa_tolerance,user-supplied BRIM acec shapefile; EPSG:3310; original snapshot preserved
acec-1fe131d30ed452,East Mesa,east mesa,,"east mesa|CDCA Plan, as amended, DRECP amendment|DOI-BLM-CA-D010-1980-0001-RMP-EIS|1980-12-12|CAD00000",currently_designated_source_layer,Currently mapped as designated,ACEC,ACEC,not_verified,True,False,False,unverified,unverified,1,1,1,,not_researched,94183.275872,94183.275872,-0.0,-0.0,California Desert District,,California Desert District,CAD00000,1,"CDCA Plan, as amended, DRECP amendment",1980-12-12,1980,BLM land-use planning decision,DOI-BLM-CA-D010-1980-0001-RMP-EIS,https://eplanning.blm.gov/eplanning-ui/project/66949/510,,Current statewide source supplies one governing-plan/ROD association; earlier boundary and designation history require plan-level research.,"Cultural resources, Historic resources, Natural processes, Natural systems, and Wildlife resources.",botanical_or_ecological;cultural_archaeological_historic;wildlife_and_habitat,The statewide source identifies special management attention to prevent irreparable damage to those values. Detailed restrictions and exceptions are plan-specific.,"Legal access, ownership, inholdings, and component-specific restrictions were not established from the statewide ACEC layer.",,California,,drecp,no_water_value_identified_in_statewide_source,No fish-resource relevance is coded affirmative in the statewide source; spatial hydrologic context has not been derived.,,not_verified,,statewide_source_map_only,https://eplanning.blm.gov/eplanning-ui/project/66949/510,direct_official_plan_or_project_page,https://www.blm.gov/office/california-desert-district-office,official_unit_url_candidate_not_http_validated,not_systematically_researched,not_systematically_researched,statewide_source_audit_complete_plan_level_research_partial,2026-08-05,high_source_identity_medium_semantic_history,"East Mesa is represented in the current BLM California designated-ACEC layer under CDCA Plan, as amended, DRECP amendment. The statewide source identifies cultural resources, historic resources, natural processes, natural systems, and wildlife resources as relevant designation categories. The statewide source identifies special management attention to prevent irreparable damage to those values. Detailed restrictions and exceptions are plan-specific. The mapped boundary is a planning-designation geometry, not an ownership or access boundary.","Detailed ACEC-specific plan pages, maps, prescriptions, land status, access, and related-designation intersections remain a documented research/overlay phase.",2,94183.27587153399,True,equivalent_within_qa_tolerance,user-supplied BRIM acec shapefile; EPSG:3310; original snapshot preserved
acec-0816659292b860,Eden Valley,eden valley,,eden valley|Northwest California Integrated Plan|DOI-BLM-CA-N060-2021-0012-RMP-EIS|2024-11-06|CAN03000,currently_designated_source_layer,Currently mapped as designated,ACEC,ACEC,not_verified,True,False,False,unverified,unverified,1,1,0,,not_researched,10814.059512,10814.059512,-0.0,-0.0,Northern California District,Arcata Field Office,Arcata Field Office,CAN03000,1,Northwest California Integrated Plan,2024-11-06,2024,BLM land-use planning decision,DOI-BLM-CA-N060-2021-0012-RMP-EIS,https://www.blm.gov/programs/planning-and-nepa/plans-in-development/california/northwest-california-integrated-rmp,,Current statewide source supplies one governing-plan/ROD association; earlier boundary and designation history require plan-level research.,"Fish or aquatic resources, Natural processes, Natural systems, and Wildlife resources.",botanical_or_ecological;water_aquatic;wildlife_and_habitat,The statewide source identifies special management attention to prevent irreparable damage to those values. Detailed restrictions and exceptions are plan-specific.,"Legal access, ownership, inholdings, and component-specific restrictions were not established from the statewide ACEC layer.",,California,,northwest_california_integrated_plan,documented_designation_value,The statewide source identifies fish-resource relevance.,,not_verified,,statewide_source_map_only,https://www.blm.gov/programs/planning-and-nepa/plans-in-development/california/northwest-california-integrated-rmp,direct_official_plan_or_project_page,https://www.blm.gov/office/arcata-field-office,official_unit_url_candidate_not_http_validated,not_systematically_researched,not_systematically_researched,statewide_source_audit_complete_plan_level_research_partial,2026-08-05,high_source_identity_medium_semantic_history,"Eden Valley is represented in the current BLM California designated-ACEC layer under Northwest California Integrated Plan. The statewide source identifies fish or aquatic resources, natural processes, natural systems, and wildlife resources as relevant designation categories. The statewide source identifies special management attention to prevent irreparable damage to those values. Detailed restrictions and exceptions are plan-specific. The mapped boundary is a planning-designation geometry, not an ownership or access boundary.","Detailed ACEC-specific plan pages, maps, prescriptions, land status, access, and related-designation intersections remain a documented research/overlay phase.",1,10814.059511843967,False,equivalent_within_qa_tolerance,user-supplied BRIM acec shapefile; EPSG:3310; original snapshot preserved
acec-0e71475d6309f6,El Paso to Golden,el paso to golden,,"el paso to golden|CDCA Plan, as amended by DRECP||2016-09-14|CAD00000",currently_designated_source_layer,Currently mapped as designated,ACEC,ACEC,not_verified,True,False,False,unverified,unverified,1,1,0,,not_researched,63372.462124,63372.462124,-0.0,-0.0,California Desert District,,California Desert District,CAD00000,1,"CDCA Plan, as amended by DRECP",2016-09-14,2016,BLM land-use planning decision,,https://www.blm.gov/programs/planning-and-nepa/plans-in-development/california,,Current statewide source supplies one governing-plan/ROD association; earlier boundary and designation history require plan-level research.,"Natural processes, Natural systems, and Scenic values.",botanical_or_ecological;scenic,The statewide source identifies special management attention to prevent irreparable damage to those values. Detailed restrictions and exceptions are plan-specific.,"Legal access, ownership, inholdings, and component-specific restrictions were not established from the statewide ACEC layer.",,California,,drecp,no_water_value_identified_in_statewide_source,No fish-resource relevance is coded affirmative in the statewide source; spatial hydrologic context has not been derived.,,not_verified,,statewide_source_map_only,https://www.blm.gov/programs/planning-and-nepa/plans-in-development/california,official_california_plan_index_only,https://www.blm.gov/office/california-desert-district-office,official_unit_url_candidate_not_http_validated,not_systematically_researched,not_systematically_researched,statewide_source_audit_complete_plan_level_research_partial,2026-08-05,high_source_identity_medium_semantic_history,"El Paso to Golden is represented in the current BLM California designated-ACEC layer under CDCA Plan, as amended by DRECP. The statewide source identifies natural processes, natural systems, and scenic values as relevant designation categories. The statewide source identifies special management attention to prevent irreparable damage to those values. Detailed restrictions and exceptions are plan-specific. The mapped boundary is a planning-designation geometry, not an ownership or access boundary.","Detailed ACEC-specific plan pages, maps, prescriptions, land status, access, and related-designation intersections remain a documented research/overlay phase.",1,63372.46212354229,True,equivalent_within_qa_tolerance,user-supplied BRIM acec shapefile; EPSG:3310; original snapshot preserved
acec-57790de833c6bf,Emigrant Trails,emigrant trails,,emigrant trails|Alturas|DOI-BLM-CA-N020-2008-0001-RMP-EIS|2008-04-17|CAN02000,currently_designated_source_layer,Currently mapped as designated,ACEC,ACEC,not_verified,True,False,False,unverified,unverified,1,1,1,,not_researched,1677.68186,1677.68186,0.0,0.0,Northern California District,Applegate Field Office,Applegate Field Office,CAN02000,1,Alturas,2008-04-17,2008,BLM land-use planning decision,DOI-BLM-CA-N020-2008-0001-RMP-EIS,https://eplanning.blm.gov/Project-Home/?id=e567a393-a7f2-f011-8407-001dd80c29f3,,Current statewide source supplies one governing-plan/ROD association; earlier boundary and designation history require plan-level research.,"Cultural resources, Fish or aquatic resources, Historic resources, Natural processes, Natural systems, Scenic values, and Wildlife resources.",botanical_or_ecological;cultural_archaeological_historic;scenic;water_aquatic;wildlife_and_habitat,The statewide source identifies special management attention to prevent irreparable damage to those values. Detailed restrictions and exceptions are plan-specific.,"Legal access, ownership, inholdings, and component-specific restrictions were not established from the statewide ACEC layer.",,California,,northern_california_other_plan,documented_designation_value,The statewide source identifies fish-resource relevance.,,not_verified,,statewide_source_map_only,https://eplanning.blm.gov/Project-Home/?id=e567a393-a7f2-f011-8407-001dd80c29f3,direct_official_plan_or_project_page,https://www.blm.gov/office/applegate-field-office,official_unit_url_candidate_not_http_validated,not_systematically_researched,not_systematically_researched,statewide_source_audit_complete_plan_level_research_partial,2026-08-05,high_source_identity_medium_semantic_history,"Emigrant Trails is represented in the current BLM California designated-ACEC layer under Alturas. The statewide source identifies cultural resources, fish or aquatic resources, historic resources, natural processes, natural systems, scenic values, and wildlife resources as relevant designation categories. The statewide source identifies special management attention to prevent irreparable damage to those values. Detailed restrictions and exceptions are plan-specific. The mapped boundary is a planning-designation geometry, not an ownership or access boundary.","Detailed ACEC-specific plan pages, maps, prescriptions, land status, access, and related-designation intersections remain a documented research/overlay phase.",5,1677.681859565356,True,equivalent_within_qa_tolerance,user-supplied BRIM acec shapefile; EPSG:3310; original snapshot preserved
acec-cad1fda48e9eb6,Erskine Creek,erskine creek,,erskine creek|Bakersfield Resource Management Plan|DOI-BLM-CA-C060-2014-0001-RMP-EIS|2014-12-22|CAC06000,currently_designated_source_layer,Currently mapped as designated,ACEC,ACEC,not_verified,True,False,False,unverified,unverified,1,1,0,,not_researched,4146.132307,4146.132307,0.0,0.0,Central California District,Bakersfield Field Office,Bakersfield Field Office,CAC06000,1,Bakersfield Resource Management Plan,2014-12-22,2014,BLM land-use planning decision,DOI-BLM-CA-C060-2014-0001-RMP-EIS,https://eplanning.blm.gov/Project-Home/?id=77b9ea95-a7f2-f011-8406-001dd802fdea,,Current statewide source supplies one governing-plan/ROD association; earlier boundary and designation history require plan-level research.,"Natural processes, Natural systems, and Wildlife resources.",botanical_or_ecological;wildlife_and_habitat,The statewide source identifies special management attention to prevent irreparable damage to those values. Detailed restrictions and exceptions are plan-specific.,"Legal access, ownership, inholdings, and component-specific restrictions were not established from the statewide ACEC layer.",,California,,central_california_plan,no_water_value_identified_in_statewide_source,No fish-resource relevance is coded affirmative in the statewide source; spatial hydrologic context has not been derived.,,not_verified,,statewide_source_map_only,https://eplanning.blm.gov/Project-Home/?id=77b9ea95-a7f2-f011-8406-001dd802fdea,direct_official_plan_or_project_page,https://www.blm.gov/office/bakersfield-field-office,official_unit_url_candidate_not_http_validated,not_systematically_researched,not_systematically_researched,statewide_source_audit_complete_plan_level_research_partial,2026-08-05,high_source_identity_medium_semantic_history,"Erskine Creek is represented in the current BLM California designated-ACEC layer under Bakersfield Resource Management Plan. The statewide source identifies natural processes, natural systems, and wildlife resources as relevant designation categories. The statewide source identifies special management attention to prevent irreparable damage to those values. Detailed restrictions and exceptions are plan-specific. The mapped boundary is a planning-designation geometry, not an ownership or access boundary.","Detailed ACEC-specific plan pages, maps, prescriptions, land status, access, and related-designation intersections remain a documented research/overlay phase.",1,4146.132306896125,True,equivalent_within_qa_tolerance,user-supplied BRIM acec shapefile; EPSG:3310; original snapshot preserved
acec-6930ea9dede380,Fish Slough,fish slough,,fish slough|Bishop|DOI-BLM-CA-C070-1993-0001-RMP-EIS|1993-03-26|CAC07000,currently_designated_source_layer,Currently mapped as designated,ACEC,ACEC,not_verified,True,False,False,unverified,unverified,1,1,0,,not_researched,39447.950093,39447.950093,0.0,0.0,Central California District,Bishop Field Office,Bishop Field Office,CAC07000,1,Bishop,1993-03-26,1993,BLM land-use planning decision,DOI-BLM-CA-C070-1993-0001-RMP-EIS,https://eplanning.blm.gov/Project-Home/?id=dd68a393-a7f2-f011-8407-001dd80c29f3,,Current statewide source supplies one governing-plan/ROD association; earlier boundary and designation history require plan-level research.,"Cultural resources, Fish or aquatic resources, Historic resources, Natural processes, Natural systems, and Scenic values.",botanical_or_ecological;cultural_archaeological_historic;scenic;water_aquatic,The statewide source identifies special management attention to prevent irreparable damage to those values. Detailed restrictions and exceptions are plan-specific.,"Legal access, ownership, inholdings, and component-specific restrictions were not established from the statewide ACEC layer.",,California,,central_california_plan,documented_designation_value,The statewide source identifies fish-resource relevance.,,not_verified,,statewide_source_map_only,https://eplanning.blm.gov/Project-Home/?id=dd68a393-a7f2-f011-8407-001dd80c29f3,direct_official_plan_or_project_page,https://www.blm.gov/office/bishop-field-office,official_unit_url_candidate_not_http_validated,not_systematically_researched,not_systematically_researched,statewide_source_audit_complete_plan_level_research_partial,2026-08-05,high_source_identity_medium_semantic_history,"Fish Slough is represented in the current BLM California designated-ACEC layer under Bishop. The statewide source identifies cultural resources, fish or aquatic resources, historic resources, natural processes, natural systems, and scenic values as relevant designation categories. The statewide source identifies special management attention to prevent irreparable damage to those values. Detailed restrictions and exceptions are plan-specific. The mapped boundary is a planning-designation geometry, not an ownership or access boundary.","Detailed ACEC-specific plan pages, maps, prescriptions, land status, access, and related-designation intersections remain a documented research/overlay phase.",1,39447.95009330948,True,equivalent_within_qa_tolerance,user-supplied BRIM acec shapefile; EPSG:3310; original snapshot preserved
acec-6b0bfc8e7385f1,Forks of Butte Creek,forks of butte creek,,forks of butte creek|Northwest California Integrated Plan|DOI-BLM-CA-N060-2021-0012-RMP-EIS|2024-11-06|CAN06000,currently_designated_source_layer,Currently mapped as designated,ACEC,ACEC,not_verified,True,False,False,unverified,unverified,1,1,1,,not_researched,2901.181035,2901.181035,-0.0,-0.0,Northern California District,Redding Field Office,Redding Field Office,CAN06000,1,Northwest California Integrated Plan,2024-11-06,2024,BLM land-use planning decision,DOI-BLM-CA-N060-2021-0012-RMP-EIS,https://www.blm.gov/programs/planning-and-nepa/plans-in-development/california/northwest-california-integrated-rmp,,Current statewide source supplies one governing-plan/ROD association; earlier boundary and designation history require plan-level research.,"Cultural resources, Fish or aquatic resources, Historic resources, Natural processes, Natural systems, and Scenic values.",botanical_or_ecological;cultural_archaeological_historic;scenic;water_aquatic,The statewide source identifies special management attention to prevent irreparable damage to those values. Detailed restrictions and exceptions are plan-specific.,"Legal access, ownership, inholdings, and component-specific restrictions were not established from the statewide ACEC layer.",,California,,northwest_california_integrated_plan,documented_designation_value,The statewide source identifies fish-resource relevance.,,not_verified,,statewide_source_map_only,https://www.blm.gov/programs/planning-and-nepa/plans-in-development/california/northwest-california-integrated-rmp,direct_official_plan_or_project_page,https://www.blm.gov/office/redding-field-office,official_unit_url_candidate_not_http_validated,not_systematically_researched,not_systematically_researched,statewide_source_audit_complete_plan_level_research_partial,2026-08-05,high_source_identity_medium_semantic_history,"Forks of Butte Creek is represented in the current BLM California designated-ACEC layer under Northwest California Integrated Plan. The statewide source identifies cultural resources, fish or aquatic resources, historic resources, natural processes, natural systems, and scenic values as relevant designation categories. The statewide source identifies special management attention to prevent irreparable damage to those values. Detailed restrictions and exceptions are plan-specific. The mapped boundary is a planning-designation geometry, not an ownership or access boundary.","Detailed ACEC-specific plan pages, maps, prescriptions, land status, access, and related-designation intersections remain a documented research/overlay phase.",10,2901.1810345411336,True,equivalent_within_qa_tolerance,user-supplied BRIM acec shapefile; EPSG:3310; original snapshot preserved
acec-a2c380fb602c87,Fort Ord Public Lands,fort ord public lands,,fort ord public lands|Hollister|DOI-BLM-CA-C090-2006-0021-EIS|2007-09-07|CAC09000,currently_designated_source_layer,Currently mapped as designated,ACEC,ACEC,not_verified,True,False,False,unverified,unverified,1,1,1,,not_researched,7265.291002,7265.291002,-0.0,-0.0,Central California District,Central Coast Field Office,Central Coast Field Office,CAC09000,1,Hollister,2007-09-07,2007,BLM land-use planning decision,DOI-BLM-CA-C090-2006-0021-EIS,https://eplanning.blm.gov/eplanning-ui/project/68795/510,,Current statewide source supplies one governing-plan/ROD association; earlier boundary and designation history require plan-level research.,"Natural processes, Natural systems, and Wildlife resources.",botanical_or_ecological;wildlife_and_habitat,The statewide source identifies special management attention to protect identified relevant and important values and prevent irreparable damage to those values. Detailed restrictions and exceptions are plan-specific.,"Legal access, ownership, inholdings, and component-specific restrictions were not established from the statewide ACEC layer.",,California,,central_california_plan,no_water_value_identified_in_statewide_source,No fish-resource relevance is coded affirmative in the statewide source; spatial hydrologic context has not been derived.,,not_verified,,statewide_source_map_only,https://eplanning.blm.gov/eplanning-ui/project/68795/510,direct_official_plan_or_project_page,https://www.blm.gov/office/central-coast-field-office,official_unit_url_candidate_not_http_validated,not_systematically_researched,not_systematically_researched,statewide_source_audit_complete_plan_level_research_partial,2026-08-05,high_source_identity_medium_semantic_history,"Fort Ord Public Lands is represented in the current BLM California designated-ACEC layer under Hollister. The statewide source identifies natural processes, natural systems, and wildlife resources as relevant designation categories. The statewide source identifies special management attention to protect identified relevant and important values and prevent irreparable damage to those values. Detailed restrictions and exceptions are plan-specific. The mapped boundary is a planning-designation geometry, not an ownership or access boundary.","Detailed ACEC-specific plan pages, maps, prescriptions, land status, access, and related-designation intersections remain a documented research/overlay phase.",2,7265.291001673429,True,equivalent_within_qa_tolerance,user-supplied BRIM acec shapefile; EPSG:3310; original snapshot preserved
acec-c97ed0cdfcbdae,Fossil Falls,fossil falls,,"fossil falls|CDCA Plan, as amended by DRECP||2016-09-14|CAD00000",currently_designated_source_layer,Currently mapped as designated,ACEC,ACEC,not_verified,True,False,False,unverified,unverified,1,1,0,,not_researched,1662.302357,1662.302357,-0.0,-0.0,California Desert District,,California Desert District,CAD00000,1,"CDCA Plan, as amended by DRECP",2016-09-14,2016,BLM land-use planning decision,,https://www.blm.gov/programs/planning-and-nepa/plans-in-development/california,,Current statewide source supplies one governing-plan/ROD association; earlier boundary and designation history require plan-level research.,"Cultural resources, Historic resources, Natural processes, and Natural systems.",botanical_or_ecological;cultural_archaeological_historic,The statewide source identifies special management attention to prevent irreparable damage to those values. Detailed restrictions and exceptions are plan-specific.,"Legal access, ownership, inholdings, and component-specific restrictions were not established from the statewide ACEC layer.",,California,,drecp,no_water_value_identified_in_statewide_source,No fish-resource relevance is coded affirmative in the statewide source; spatial hydrologic context has not been derived.,,not_verified,,statewide_source_map_only,https://www.blm.gov/programs/planning-and-nepa/plans-in-development/california,official_california_plan_index_only,https://www.blm.gov/office/california-desert-district-office,official_unit_url_candidate_not_http_validated,not_systematically_researched,not_systematically_researched,statewide_source_audit_complete_plan_level_research_partial,2026-08-05,high_source_identity_medium_semantic_history,"Fossil Falls is represented in the current BLM California designated-ACEC layer under CDCA Plan, as amended by DRECP. The statewide source identifies cultural resources, historic resources, natural processes, and natural systems as relevant designation categories. The statewide source identifies special management attention to prevent irreparable damage to those values. Detailed restrictions and exceptions are plan-specific. The mapped boundary is a planning-designation geometry, not an ownership or access boundary.","Detailed ACEC-specific plan pages, maps, prescriptions, land status, access, and related-designation intersections remain a documented research/overlay phase.",1,1662.3023566503107,True,equivalent_within_qa_tolerance,user-supplied BRIM acec shapefile; EPSG:3310; original snapshot preserved
acec-0acef5ecce6ce0,Fremont-Kramer,fremont kramer,,"fremont kramer|CDCA Plan, as amended by DRECP|DOI-BLM-CA-D010-2014-0001-RMP-EIS|2016-09-14|CAD00000",currently_designated_source_layer,Currently mapped as designated,ACEC,ACEC,not_verified,True,False,False,unverified,unverified,1,1,1,,not_researched,409826.093498,409826.093498,0.0,0.0,California Desert District,,California Desert District,CAD00000,1,"CDCA Plan, as amended by DRECP",2016-09-14,2016,BLM land-use planning decision,DOI-BLM-CA-D010-2014-0001-RMP-EIS,https://www.blm.gov/programs/planning-and-nepa/plans-in-development/california/desert-renewable-energy-conservation-plan,,Current statewide source supplies one governing-plan/ROD association; earlier boundary and designation history require plan-level research.,"Natural processes, Natural systems, and Wildlife resources.",botanical_or_ecological;wildlife_and_habitat,The statewide source identifies special management attention to prevent irreparable damage to those values. Detailed restrictions and exceptions are plan-specific.,"Legal access, ownership, inholdings, and component-specific restrictions were not established from the statewide ACEC layer.",,California,,drecp,no_water_value_identified_in_statewide_source,No fish-resource relevance is coded affirmative in the statewide source; spatial hydrologic context has not been derived.,,not_verified,,statewide_source_map_only,https://www.blm.gov/programs/planning-and-nepa/plans-in-development/california/desert-renewable-energy-conservation-plan,direct_official_plan_or_project_page,https://www.blm.gov/office/california-desert-district-office,official_unit_url_candidate_not_http_validated,not_systematically_researched,not_systematically_researched,statewide_source_audit_complete_plan_level_research_partial,2026-08-05,high_source_identity_medium_semantic_history,"Fremont-Kramer is represented in the current BLM California designated-ACEC layer under CDCA Plan, as amended by DRECP. The statewide source identifies natural processes, natural systems, and wildlife resources as relevant designation categories. The statewide source identifies special management attention to prevent irreparable damage to those values. Detailed restrictions and exceptions are plan-specific. The mapped boundary is a planning-designation geometry, not an ownership or access boundary.","Detailed ACEC-specific plan pages, maps, prescriptions, land status, access, and related-designation intersections remain a documented research/overlay phase.",12,409826.09349845455,True,equivalent_within_qa_tolerance,user-supplied BRIM acec shapefile; EPSG:3310; original snapshot preserved
acec-ecc59f84dbe438,Gilham Butte,gilham butte,,gilham butte|Northwest California Integrated Plan|DOI-BLM-CA-N060-2021-0012-RMP-EIS|2024-11-06|CAN03000,currently_designated_source_layer,Currently mapped as designated,ACEC,ACEC,not_verified,True,False,False,unverified,unverified,1,1,1,,not_researched,9339.316955,9339.316955,0.0,0.0,Northern California District,Arcata Field Office,Arcata Field Office,CAN03000,1,Northwest California Integrated Plan,2024-11-06,2024,BLM land-use planning decision,DOI-BLM-CA-N060-2021-0012-RMP-EIS,https://www.blm.gov/programs/planning-and-nepa/plans-in-development/california/northwest-california-integrated-rmp,,Current statewide source supplies one governing-plan/ROD association; earlier boundary and designation history require plan-level research.,"Natural processes, and Natural systems.",botanical_or_ecological,The statewide source identifies special management attention to prevent irreparable damage to those values. Detailed restrictions and exceptions are plan-specific.,"Legal access, ownership, inholdings, and component-specific restrictions were not established from the statewide ACEC layer.",,California,,northwest_california_integrated_plan,no_water_value_identified_in_statewide_source,No fish-resource relevance is coded affirmative in the statewide source; spatial hydrologic context has not been derived.,,not_verified,,statewide_source_map_only,https://www.blm.gov/programs/planning-and-nepa/plans-in-development/california/northwest-california-integrated-rmp,direct_official_plan_or_project_page,https://www.blm.gov/office/arcata-field-office,official_unit_url_candidate_not_http_validated,not_systematically_researched,not_systematically_researched,statewide_source_audit_complete_plan_level_research_partial,2026-08-05,high_source_identity_medium_semantic_history,"Gilham Butte is represented in the current BLM California designated-ACEC layer under Northwest California Integrated Plan. The statewide source identifies natural processes, and natural systems as relevant designation categories. The statewide source identifies special management attention to prevent irreparable damage to those values. Detailed restrictions and exceptions are plan-specific. The mapped boundary is a planning-designation geometry, not an ownership or access boundary.","Detailed ACEC-specific plan pages, maps, prescriptions, land status, access, and related-designation intersections remain a documented research/overlay phase.",6,9339.316954807022,True,equivalent_within_qa_tolerance,user-supplied BRIM acec shapefile; EPSG:3310; original snapshot preserved
acec-3c49275da2ff7c,Granite Mountain Corridor,granite mountain corridor,,"granite mountain corridor|CDCA Plan, as amended by DRECP|DOI-BLM-CA-D010-2014-0001-RMP-EIS|2016-09-14|CAD00000",currently_designated_source_layer,Currently mapped as designated,ACEC,ACEC,not_verified,True,False,False,unverified,unverified,1,1,0,,not_researched,60174.998388,60174.998388,-0.0,-0.0,California Desert District,,California Desert District,CAD00000,1,"CDCA Plan, as amended by DRECP",2016-09-14,2016,BLM land-use planning decision,DOI-BLM-CA-D010-2014-0001-RMP-EIS,https://www.blm.gov/programs/planning-and-nepa/plans-in-development/california/desert-renewable-energy-conservation-plan,,Current statewide source supplies one governing-plan/ROD association; earlier boundary and designation history require plan-level research.,"Natural processes, Natural systems, Scenic values, and Wildlife resources.",botanical_or_ecological;scenic;wildlife_and_habitat,The statewide source identifies special management attention to prevent irreparable damage to those values. Detailed restrictions and exceptions are plan-specific.,"Legal access, ownership, inholdings, and component-specific restrictions were not established from the statewide ACEC layer.",,California,,drecp,no_water_value_identified_in_statewide_source,No fish-resource relevance is coded affirmative in the statewide source; spatial hydrologic context has not been derived.,,not_verified,,statewide_source_map_only,https://www.blm.gov/programs/planning-and-nepa/plans-in-development/california/desert-renewable-energy-conservation-plan,direct_official_plan_or_project_page,https://www.blm.gov/office/california-desert-district-office,official_unit_url_candidate_not_http_validated,not_systematically_researched,not_systematically_researched,statewide_source_audit_complete_plan_level_research_partial,2026-08-05,high_source_identity_medium_semantic_history,"Granite Mountain Corridor is represented in the current BLM California designated-ACEC layer under CDCA Plan, as amended by DRECP. The statewide source identifies natural processes, natural systems, scenic values, and wildlife resources as relevant designation categories. The statewide source identifies special management attention to prevent irreparable damage to those values. Detailed restrictions and exceptions are plan-specific. The mapped boundary is a planning-designation geometry, not an ownership or access boundary.","Detailed ACEC-specific plan pages, maps, prescriptions, land status, access, and related-designation intersections remain a documented research/overlay phase.",1,60174.9983878035,True,equivalent_within_qa_tolerance,user-supplied BRIM acec shapefile; EPSG:3310; original snapshot preserved
acec-6af14f22098d02,Grass Valley Creek,grass valley creek,,grass valley creek|Northwest California Integrated Plan|DOI-BLM-CA-N060-2021-0012-RMP-EIS|2024-11-06|CAN06000,currently_designated_source_layer,Currently mapped as designated,ACEC,ACEC,not_verified,True,False,False,unverified,unverified,1,1,0,,not_researched,19575.426317,19575.426317,0.0,0.0,Northern California District,Redding Field Office,Redding Field Office,CAN06000,1,Northwest California Integrated Plan,2024-11-06,2024,BLM land-use planning decision,DOI-BLM-CA-N060-2021-0012-RMP-EIS,https://www.blm.gov/programs/planning-and-nepa/plans-in-development/california/northwest-california-integrated-rmp,,Current statewide source supplies one governing-plan/ROD association; earlier boundary and designation history require plan-level research.,"Fish or aquatic resources, Natural processes, Natural systems, and Wildlife resources.",botanical_or_ecological;water_aquatic;wildlife_and_habitat,The statewide source identifies special management attention to prevent irreparable damage to those values. Detailed restrictions and exceptions are plan-specific.,"Legal access, ownership, inholdings, and component-specific restrictions were not established from the statewide ACEC layer.",,California,,northwest_california_integrated_plan,documented_designation_value,The statewide source identifies fish-resource relevance.,,not_verified,,statewide_source_map_only,https://www.blm.gov/programs/planning-and-nepa/plans-in-development/california/northwest-california-integrated-rmp,direct_official_plan_or_project_page,https://www.blm.gov/office/redding-field-office,official_unit_url_candidate_not_http_validated,not_systematically_researched,not_systematically_researched,statewide_source_audit_complete_plan_level_research_partial,2026-08-05,high_source_identity_medium_semantic_history,"Grass Valley Creek is represented in the current BLM California designated-ACEC layer under Northwest California Integrated Plan. The statewide source identifies fish or aquatic resources, natural processes, natural systems, and wildlife resources as relevant designation categories. The statewide source identifies special management attention to prevent irreparable damage to those values. Detailed restrictions and exceptions are plan-specific. The mapped boundary is a planning-designation geometry, not an ownership or access boundary.","Detailed ACEC-specific plan pages, maps, prescriptions, land status, access, and related-designation intersections remain a documented research/overlay phase.",1,19575.426317236008,False,equivalent_within_qa_tolerance,user-supplied BRIM acec shapefile; EPSG:3310; original snapshot preserved
acec-f85e7284dc76d3,Great Falls Basin,great falls basin,,"great falls basin|CDCA Plan, as amended by DRECP||2016-09-14|CAD00000",currently_designated_source_layer,Currently mapped as designated,ACEC,ACEC,not_verified,True,False,False,unverified,unverified,1,1,0,,not_researched,11093.707584,11093.707584,0.0,0.0,California Desert District,,California Desert District,CAD00000,1,"CDCA Plan, as amended by DRECP",2016-09-14,2016,BLM land-use planning decision,,https://www.blm.gov/programs/planning-and-nepa/plans-in-development/california,,Current statewide source supplies one governing-plan/ROD association; earlier boundary and designation history require plan-level research.,"Natural processes, Natural systems, Scenic values, and Wildlife resources.",botanical_or_ecological;scenic;wildlife_and_habitat,The statewide source identifies special management attention to prevent irreparable damage to those values. Detailed restrictions and exceptions are plan-specific.,"Legal access, ownership, inholdings, and component-specific restrictions were not established from the statewide ACEC layer.",,California,,drecp,no_water_value_identified_in_statewide_source,No fish-resource relevance is coded affirmative in the statewide source; spatial hydrologic context has not been derived.,,not_verified,,statewide_source_map_only,https://www.blm.gov/programs/planning-and-nepa/plans-in-development/california,official_california_plan_index_only,https://www.blm.gov/office/california-desert-district-office,official_unit_url_candidate_not_http_validated,not_systematically_researched,not_systematically_researched,statewide_source_audit_complete_plan_level_research_partial,2026-08-05,high_source_identity_medium_semantic_history,"Great Falls Basin is represented in the current BLM California designated-ACEC layer under CDCA Plan, as amended by DRECP. The statewide source identifies natural processes, natural systems, scenic values, and wildlife resources as relevant designation categories. The statewide source identifies special management attention to prevent irreparable damage to those values. Detailed restrictions and exceptions are plan-specific. The mapped boundary is a planning-designation geometry, not an ownership or access boundary.","Detailed ACEC-specific plan pages, maps, prescriptions, land status, access, and related-designation intersections remain a documented research/overlay phase.",1,11093.707583886808,True,equivalent_within_qa_tolerance,user-supplied BRIM acec shapefile; EPSG:3310; original snapshot preserved
acec-928e4d8fcf9b05,Halloran Wash,halloran wash,,"halloran wash|CDCA Plan, as amended by Plan 29|DOI-BLM-CA-D010-2014-0001-RMP-EIS|2016-09-14|CAD00000",currently_designated_source_layer,Currently mapped as designated,ACEC,ACEC,not_verified,True,False,False,unverified,unverified,1,1,0,,not_researched,1744.28541,1744.28541,0.0,0.0,California Desert District,,California Desert District,CAD00000,1,"CDCA Plan, as amended by Plan 29",2016-09-14,2016,BLM land-use planning decision,DOI-BLM-CA-D010-2014-0001-RMP-EIS,https://www.blm.gov/programs/planning-and-nepa/plans-in-development/california/desert-renewable-energy-conservation-plan,,Current statewide source supplies one governing-plan/ROD association; earlier boundary and designation history require plan-level research.,Cultural resources.,cultural_archaeological_historic,The statewide source identifies special management attention to prevent irreparable damage to those values. Detailed restrictions and exceptions are plan-specific.,"Legal access, ownership, inholdings, and component-specific restrictions were not established from the statewide ACEC layer.",,California,,drecp,no_water_value_identified_in_statewide_source,No fish-resource relevance is coded affirmative in the statewide source; spatial hydrologic context has not been derived.,,not_verified,,statewide_source_map_only,https://www.blm.gov/programs/planning-and-nepa/plans-in-development/california/desert-renewable-energy-conservation-plan,direct_official_plan_or_project_page,https://www.blm.gov/office/california-desert-district-office,official_unit_url_candidate_not_http_validated,not_systematically_researched,not_systematically_researched,statewide_source_audit_complete_plan_level_research_partial,2026-08-05,high_source_identity_medium_semantic_history,"Halloran Wash is represented in the current BLM California designated-ACEC layer under CDCA Plan, as amended by Plan 29. The statewide source identifies cultural resources as relevant designation categories. The statewide source identifies special management attention to prevent irreparable damage to those values. Detailed restrictions and exceptions are plan-specific. The mapped boundary is a planning-designation geometry, not an ownership or access boundary.","Detailed ACEC-specific plan pages, maps, prescriptions, land status, access, and related-designation intersections remain a documented research/overlay phase.",1,1744.2854097075603,True,equivalent_within_qa_tolerance,user-supplied BRIM acec shapefile; EPSG:3310; original snapshot preserved
acec-45c758783b978f,Harper Dry Lake,harper dry lake,,"harper dry lake|CDCA Plan, as amended by DRECP|DOI-BLM-CA-D010-2014-0001-RMP-EIS|2016-09-14|CAD00000",currently_designated_source_layer,Currently mapped as designated,ACEC,ACEC,not_verified,True,False,False,unverified,unverified,1,1,0,,not_researched,485.016598,485.016598,0.0,0.0,California Desert District,,California Desert District,CAD00000,1,"CDCA Plan, as amended by DRECP",2016-09-14,2016,BLM land-use planning decision,DOI-BLM-CA-D010-2014-0001-RMP-EIS,https://www.blm.gov/programs/planning-and-nepa/plans-in-development/california/desert-renewable-energy-conservation-plan,,Current statewide source supplies one governing-plan/ROD association; earlier boundary and designation history require plan-level research.,"Natural processes, Natural systems, and Wildlife resources.",botanical_or_ecological;wildlife_and_habitat,The statewide source identifies special management attention to prevent irreparable damage to those values. Detailed restrictions and exceptions are plan-specific.,"Legal access, ownership, inholdings, and component-specific restrictions were not established from the statewide ACEC layer.",,California,,drecp,no_water_value_identified_in_statewide_source,No fish-resource relevance is coded affirmative in the statewide source; spatial hydrologic context has not been derived.,,not_verified,,statewide_source_map_only,https://www.blm.gov/programs/planning-and-nepa/plans-in-development/california/desert-renewable-energy-conservation-plan,direct_official_plan_or_project_page,https://www.blm.gov/office/california-desert-district-office,official_unit_url_candidate_not_http_validated,not_systematically_researched,not_systematically_researched,statewide_source_audit_complete_plan_level_research_partial,2026-08-05,high_source_identity_medium_semantic_history,"Harper Dry Lake is represented in the current BLM California designated-ACEC layer under CDCA Plan, as amended by DRECP. The statewide source identifies natural processes, natural systems, and wildlife resources as relevant designation categories. The statewide source identifies special management attention to prevent irreparable damage to those values. Detailed restrictions and exceptions are plan-specific. The mapped boundary is a planning-designation geometry, not an ownership or access boundary.","Detailed ACEC-specific plan pages, maps, prescriptions, land status, access, and related-designation intersections remain a documented research/overlay phase.",1,485.0165976054099,True,equivalent_within_qa_tolerance,user-supplied BRIM acec shapefile; EPSG:3310; original snapshot preserved
acec-e2b2eb0370dc09,Hawes Corner,hawes corner,,hawes corner|Northwest California Integrated Plan|DOI-BLM-CA-N060-2021-0012-RMP-EIS|2024-11-06|CAN06000,currently_designated_source_layer,Currently mapped as designated,ACEC,ACEC,not_verified,True,False,False,unverified,unverified,1,1,0,,not_researched,37.994718,37.994718,-0.0,-0.0,Northern California District,Redding Field Office,Redding Field Office,CAN06000,1,Northwest California Integrated Plan,2024-11-06,2024,BLM land-use planning decision,DOI-BLM-CA-N060-2021-0012-RMP-EIS,https://www.blm.gov/programs/planning-and-nepa/plans-in-development/california/northwest-california-integrated-rmp,,Current statewide source supplies one governing-plan/ROD association; earlier boundary and designation history require plan-level research.,"Natural processes, Natural systems, and Wildlife resources.",botanical_or_ecological;wildlife_and_habitat,The statewide source identifies special management attention to prevent irreparable damage to those values. Detailed restrictions and exceptions are plan-specific.,"Legal access, ownership, inholdings, and component-specific restrictions were not established from the statewide ACEC layer.",,California,,northwest_california_integrated_plan,no_water_value_identified_in_statewide_source,No fish-resource relevance is coded affirmative in the statewide source; spatial hydrologic context has not been derived.,,not_verified,,statewide_source_map_only,https://www.blm.gov/programs/planning-and-nepa/plans-in-development/california/northwest-california-integrated-rmp,direct_official_plan_or_project_page,https://www.blm.gov/office/redding-field-office,official_unit_url_candidate_not_http_validated,not_systematically_researched,not_systematically_researched,statewide_source_audit_complete_plan_level_research_partial,2026-08-05,high_source_identity_medium_semantic_history,"Hawes Corner is represented in the current BLM California designated-ACEC layer under Northwest California Integrated Plan. The statewide source identifies natural processes, natural systems, and wildlife resources as relevant designation categories. The statewide source identifies special management attention to prevent irreparable damage to those values. Detailed restrictions and exceptions are plan-specific. The mapped boundary is a planning-designation geometry, not an ownership or access boundary.","Detailed ACEC-specific plan pages, maps, prescriptions, land status, access, and related-designation intersections remain a documented research/overlay phase.",1,37.99471844468418,True,equivalent_within_qa_tolerance,user-supplied BRIM acec shapefile; EPSG:3310; original snapshot preserved
acec-5102ee29c1279f,Hopper Mountain,hopper mountain,,hopper mountain|Bakersfield Resource Management Plan|DOI-BLM-CA-C060-2014-0001-RMP-EIS|2014-12-22|CAC06000,currently_designated_source_layer,Currently mapped as designated,ACEC,ACEC,not_verified,True,False,False,unverified,unverified,1,1,1,,not_researched,4518.135223,4518.135223,0.0,0.0,Central California District,Bakersfield Field Office,Bakersfield Field Office,CAC06000,1,Bakersfield Resource Management Plan,2014-12-22,2014,BLM land-use planning decision,DOI-BLM-CA-C060-2014-0001-RMP-EIS,https://eplanning.blm.gov/Project-Home/?id=77b9ea95-a7f2-f011-8406-001dd802fdea,,Current statewide source supplies one governing-plan/ROD association; earlier boundary and designation history require plan-level research.,Wildlife resources.,wildlife_and_habitat,The statewide source identifies special management attention to prevent irreparable damage to those values. Detailed restrictions and exceptions are plan-specific.,"Legal access, ownership, inholdings, and component-specific restrictions were not established from the statewide ACEC layer.",,California,,central_california_plan,no_water_value_identified_in_statewide_source,No fish-resource relevance is coded affirmative in the statewide source; spatial hydrologic context has not been derived.,,not_verified,,statewide_source_map_only,https://eplanning.blm.gov/Project-Home/?id=77b9ea95-a7f2-f011-8406-001dd802fdea,direct_official_plan_or_project_page,https://www.blm.gov/office/bakersfield-field-office,official_unit_url_candidate_not_http_validated,not_systematically_researched,not_systematically_researched,statewide_source_audit_complete_plan_level_research_partial,2026-08-05,high_source_identity_medium_semantic_history,"Hopper Mountain is represented in the current BLM California designated-ACEC layer under Bakersfield Resource Management Plan. The statewide source identifies wildlife resources as relevant designation categories. The statewide source identifies special management attention to prevent irreparable damage to those values. Detailed restrictions and exceptions are plan-specific. The mapped boundary is a planning-designation geometry, not an ownership or access boundary.","Detailed ACEC-specific plan pages, maps, prescriptions, land status, access, and related-designation intersections remain a documented research/overlay phase.",18,4518.1352229995955,True,equivalent_within_qa_tolerance,user-supplied BRIM acec shapefile; EPSG:3310; original snapshot preserved
acec-0af8c68f714a17,Horse Canyon,horse canyon,,horse canyon|Bakersfield Resource Management Plan|DOI-BLM-CA-C060-2014-0001-RMP-EIS|2014-12-22|CAC06000,currently_designated_source_layer,Currently mapped as designated,ACEC,ACEC,not_verified,True,False,False,unverified,unverified,1,1,0,,not_researched,6892.337317,6892.337317,0.0,0.0,Central California District,Bakersfield Field Office,Bakersfield Field Office,CAC06000,1,Bakersfield Resource Management Plan,2014-12-22,2014,BLM land-use planning decision,DOI-BLM-CA-C060-2014-0001-RMP-EIS,https://eplanning.blm.gov/Project-Home/?id=77b9ea95-a7f2-f011-8406-001dd802fdea,,Current statewide source supplies one governing-plan/ROD association; earlier boundary and designation history require plan-level research.,"Cultural resources, Historic resources, Natural processes, and Natural systems.",botanical_or_ecological;cultural_archaeological_historic,The statewide source identifies special management attention to prevent irreparable damage to those values. Detailed restrictions and exceptions are plan-specific.,"Legal access, ownership, inholdings, and component-specific restrictions were not established from the statewide ACEC layer.",,California,,central_california_plan,no_water_value_identified_in_statewide_source,No fish-resource relevance is coded affirmative in the statewide source; spatial hydrologic context has not been derived.,,not_verified,,statewide_source_map_only,https://eplanning.blm.gov/Project-Home/?id=77b9ea95-a7f2-f011-8406-001dd802fdea,direct_official_plan_or_project_page,https://www.blm.gov/office/bakersfield-field-office,official_unit_url_candidate_not_http_validated,not_systematically_researched,not_systematically_researched,statewide_source_audit_complete_plan_level_research_partial,2026-08-05,high_source_identity_medium_semantic_history,"Horse Canyon is represented in the current BLM California designated-ACEC layer under Bakersfield Resource Management Plan. The statewide source identifies cultural resources, historic resources, natural processes, and natural systems as relevant designation categories. The statewide source identifies special management attention to prevent irreparable damage to those values. Detailed restrictions and exceptions are plan-specific. The mapped boundary is a planning-designation geometry, not an ownership or access boundary.","Detailed ACEC-specific plan pages, maps, prescriptions, land status, access, and related-designation intersections remain a documented research/overlay phase.",1,6892.337317465132,True,equivalent_within_qa_tolerance,user-supplied BRIM acec shapefile; EPSG:3310; original snapshot preserved
acec-509418a6c2d75d,Iaqua Buttes,iaqua buttes,,iaqua buttes|Northwest California Integrated Plan|DOI-BLM-CA-N060-2021-0012-RMP-EIS|2024-11-06|CAN03000,currently_designated_source_layer,Currently mapped as designated,ACEC,ACEC,not_verified,True,False,False,unverified,unverified,1,1,1,,not_researched,1111.59827,1111.59827,0.0,0.0,Northern California District,Arcata Field Office,Arcata Field Office,CAN03000,1,Northwest California Integrated Plan,2024-11-06,2024,BLM land-use planning decision,DOI-BLM-CA-N060-2021-0012-RMP-EIS,https://www.blm.gov/programs/planning-and-nepa/plans-in-development/california/northwest-california-integrated-rmp,,Current statewide source supplies one governing-plan/ROD association; earlier boundary and designation history require plan-level research.,"Natural processes, and Natural systems.",botanical_or_ecological,The statewide source identifies special management attention to prevent irreparable damage to those values. Detailed restrictions and exceptions are plan-specific.,"Legal access, ownership, inholdings, and component-specific restrictions were not established from the statewide ACEC layer.",,California,,northwest_california_integrated_plan,no_water_value_identified_in_statewide_source,No fish-resource relevance is coded affirmative in the statewide source; spatial hydrologic context has not been derived.,,not_verified,,statewide_source_map_only,https://www.blm.gov/programs/planning-and-nepa/plans-in-development/california/northwest-california-integrated-rmp,direct_official_plan_or_project_page,https://www.blm.gov/office/arcata-field-office,official_unit_url_candidate_not_http_validated,not_systematically_researched,not_systematically_researched,statewide_source_audit_complete_plan_level_research_partial,2026-08-05,high_source_identity_medium_semantic_history,"Iaqua Buttes is represented in the current BLM California designated-ACEC layer under Northwest California Integrated Plan. The statewide source identifies natural processes, and natural systems as relevant designation categories. The statewide source identifies special management attention to prevent irreparable damage to those values. Detailed restrictions and exceptions are plan-specific. The mapped boundary is a planning-designation geometry, not an ownership or access boundary.","Detailed ACEC-specific plan pages, maps, prescriptions, land status, access, and related-designation intersections remain a documented research/overlay phase.",6,1111.5982698382413,True,equivalent_within_qa_tolerance,user-supplied BRIM acec shapefile; EPSG:3310; original snapshot preserved
acec-091e00f0dd8853,In-Ko-Pah Mountains,in ko pah mountains,,in ko pah mountains|Eastern San Diego County MFP||2008-10-01|CAD07000,currently_designated_source_layer,Currently mapped as designated,ACEC,ACEC,not_verified,True,False,False,unverified,unverified,1,1,0,,not_researched,9763.991412,9763.991412,-0.0,-0.0,California Desert District,El Centro Field Office,El Centro Field Office,CAD07000,1,Eastern San Diego County MFP,2008-10-01,2008,BLM land-use planning decision,,https://www.blm.gov/programs/planning-and-nepa/plans-in-development/california,,Current statewide source supplies one governing-plan/ROD association; earlier boundary and designation history require plan-level research.,"Cultural resources, Historic resources, Natural processes, Natural systems, and Wildlife resources.",botanical_or_ecological;cultural_archaeological_historic;wildlife_and_habitat,The statewide source identifies special management attention to prevent irreparable damage to those values. Detailed restrictions and exceptions are plan-specific.,"Legal access, ownership, inholdings, and component-specific restrictions were not established from the statewide ACEC layer.",,California,,california_desert_other_plan,no_water_value_identified_in_statewide_source,No fish-resource relevance is coded affirmative in the statewide source; spatial hydrologic context has not been derived.,,not_verified,,statewide_source_map_only,https://www.blm.gov/programs/planning-and-nepa/plans-in-development/california,official_california_plan_index_only,https://www.blm.gov/office/el-centro-field-office,official_unit_url_candidate_not_http_validated,not_systematically_researched,not_systematically_researched,statewide_source_audit_complete_plan_level_research_partial,2026-08-05,high_source_identity_medium_semantic_history,"In-Ko-Pah Mountains is represented in the current BLM California designated-ACEC layer under Eastern San Diego County MFP. The statewide source identifies cultural resources, historic resources, natural processes, natural systems, and wildlife resources as relevant designation categories. The statewide source identifies special management attention to prevent irreparable damage to those values. Detailed restrictions and exceptions are plan-specific. The mapped boundary is a planning-designation geometry, not an ownership or access boundary.","Detailed ACEC-specific plan pages, maps, prescriptions, land status, access, and related-designation intersections remain a documented research/overlay phase.",1,9763.991412241676,True,equivalent_within_qa_tolerance,user-supplied BRIM acec shapefile; EPSG:3310; original snapshot preserved
acec-903e84da97e457,Independence Creek WSA,independence creek wsa,,"independence creek wsa|Bishop RMP, as amended by DRECP|DOI-BLM-CA-D010-2014-0001-RMP-EIS|2016-09-14|CAC07000",currently_designated_source_layer,Currently mapped as designated,ACEC,ACEC,not_verified,True,False,False,unverified,unverified,1,1,0,,not_researched,6480.473093,6480.473093,0.0,0.0,Central California District,Bishop Field Office,Bishop Field Office,CAC07000,1,"Bishop RMP, as amended by DRECP",2016-09-14,2016,BLM land-use planning decision,DOI-BLM-CA-D010-2014-0001-RMP-EIS,https://www.blm.gov/programs/planning-and-nepa/plans-in-development/california/desert-renewable-energy-conservation-plan,,Current statewide source supplies one governing-plan/ROD association; earlier boundary and designation history require plan-level research.,"Natural processes, Natural systems, Scenic values, and Wildlife resources.",botanical_or_ecological;scenic;wildlife_and_habitat,The statewide source identifies special management attention to prevent irreparable damage to those values. Detailed restrictions and exceptions are plan-specific.,"Legal access, ownership, inholdings, and component-specific restrictions were not established from the statewide ACEC layer.",,California,,drecp,no_water_value_identified_in_statewide_source,No fish-resource relevance is coded affirmative in the statewide source; spatial hydrologic context has not been derived.,,not_verified,,statewide_source_map_only,https://www.blm.gov/programs/planning-and-nepa/plans-in-development/california/desert-renewable-energy-conservation-plan,direct_official_plan_or_project_page,https://www.blm.gov/office/bishop-field-office,official_unit_url_candidate_not_http_validated,not_systematically_researched,not_systematically_researched,statewide_source_audit_complete_plan_level_research_partial,2026-08-05,high_source_identity_medium_semantic_history,"Independence Creek WSA is represented in the current BLM California designated-ACEC layer under Bishop RMP, as amended by DRECP. The statewide source identifies natural processes, natural systems, scenic values, and wildlife resources as relevant designation categories. The statewide source identifies special management attention to prevent irreparable damage to those values. Detailed restrictions and exceptions are plan-specific. The mapped boundary is a planning-designation geometry, not an ownership or access boundary.","Detailed ACEC-specific plan pages, maps, prescriptions, land status, access, and related-designation intersections remain a documented research/overlay phase.",1,6480.4730932052435,True,equivalent_within_qa_tolerance,user-supplied BRIM acec shapefile; EPSG:3310; original snapshot preserved
acec-3204989a2e2142,Indian Pass,indian pass,,"indian pass|CDCA Plan, as amended, DRECP amendment|DOI-BLM-CA-D010-1980-0001-RMP-EIS|1980-12-12|CAD00000",currently_designated_source_layer,Currently mapped as designated,ACEC,ACEC,not_verified,True,False,False,unverified,unverified,1,1,0,,not_researched,1886.543127,1886.543127,0.0,0.0,California Desert District,,California Desert District,CAD00000,1,"CDCA Plan, as amended, DRECP amendment",1980-12-12,1980,BLM land-use planning decision,DOI-BLM-CA-D010-1980-0001-RMP-EIS,https://eplanning.blm.gov/eplanning-ui/project/66949/510,,Current statewide source supplies one governing-plan/ROD association; earlier boundary and designation history require plan-level research.,"Cultural resources, Historic resources, Natural processes, Natural systems, Scenic values, and Wildlife resources.",botanical_or_ecological;cultural_archaeological_historic;scenic;wildlife_and_habitat,The statewide source identifies special management attention to prevent irreparable damage to those values. Detailed restrictions and exceptions are plan-specific.,"Legal access, ownership, inholdings, and component-specific restrictions were not established from the statewide ACEC layer.",,California,,drecp,no_water_value_identified_in_statewide_source,No fish-resource relevance is coded affirmative in the statewide source; spatial hydrologic context has not been derived.,,not_verified,,statewide_source_map_only,https://eplanning.blm.gov/eplanning-ui/project/66949/510,direct_official_plan_or_project_page,https://www.blm.gov/office/california-desert-district-office,official_unit_url_candidate_not_http_validated,not_systematically_researched,not_systematically_researched,statewide_source_audit_complete_plan_level_research_partial,2026-08-05,high_source_identity_medium_semantic_history,"Indian Pass is represented in the current BLM California designated-ACEC layer under CDCA Plan, as amended, DRECP amendment. The statewide source identifies cultural resources, historic resources, natural processes, natural systems, scenic values, and wildlife resources as relevant designation categories. The statewide source identifies special management attention to prevent irreparable damage to those values. Detailed restrictions and exceptions are plan-specific. The mapped boundary is a planning-designation geometry, not an ownership or access boundary.","Detailed ACEC-specific plan pages, maps, prescriptions, land status, access, and related-designation intersections remain a documented research/overlay phase.",1,1886.5431270294046,True,equivalent_within_qa_tolerance,user-supplied BRIM acec shapefile; EPSG:3310; original snapshot preserved
acec-2c13bde9fcc4fa,Indian Valley,indian valley,,indian valley|Ukiah|DOI-BLM-CA-C050-2006-0001-RMP-EIS|2006-09-25|CAC05000,currently_designated_source_layer,Currently mapped as designated,ACEC,ACEC,not_verified,True,False,False,unverified,unverified,1,1,0,,not_researched,100.846567,100.846567,0.0,0.0,Central California District,Ukiah Field Office,Ukiah Field Office,CAC05000,1,Ukiah,2006-09-25,2006,BLM land-use planning decision,DOI-BLM-CA-C050-2006-0001-RMP-EIS,https://www.blm.gov/programs/planning-and-nepa/plans-in-development/california,,Current statewide source supplies one governing-plan/ROD association; earlier boundary and designation history require plan-level research.,Wildlife resources.,wildlife_and_habitat,The statewide source identifies special management attention to prevent irreparable damage to those values. Detailed restrictions and exceptions are plan-specific.,"Legal access, ownership, inholdings, and component-specific restrictions were not established from the statewide ACEC layer.",,California,,central_california_plan,no_water_value_identified_in_statewide_source,No fish-resource relevance is coded affirmative in the statewide source; spatial hydrologic context has not been derived.,,not_verified,,statewide_source_map_only,https://www.blm.gov/programs/planning-and-nepa/plans-in-development/california,official_california_plan_index_only,https://www.blm.gov/office/ukiah-field-office,official_unit_url_candidate_not_http_validated,not_systematically_researched,not_systematically_researched,statewide_source_audit_complete_plan_level_research_partial,2026-08-05,high_source_identity_medium_semantic_history,"Indian Valley is represented in the current BLM California designated-ACEC layer under Ukiah. The statewide source identifies wildlife resources as relevant designation categories. The statewide source identifies special management attention to prevent irreparable damage to those values. Detailed restrictions and exceptions are plan-specific. The mapped boundary is a planning-designation geometry, not an ownership or access boundary.","Detailed ACEC-specific plan pages, maps, prescriptions, land status, access, and related-designation intersections remain a documented research/overlay phase.",1,100.84656733700432,True,equivalent_within_qa_tolerance,user-supplied BRIM acec shapefile; EPSG:3310; original snapshot preserved
acec-bbeaa1285514c3,Ione Manzanita,ione manzanita,,ione manzanita|Sierra|DOI-BLM-CA-C080-2007-0001-RMP-EIS|2008-02-01|CAC08000,currently_designated_source_layer,Currently mapped as designated,ACEC,ACEC,not_verified,True,False,False,unverified,unverified,1,1,1,,not_researched,273.570325,273.570325,-0.0,-0.0,Central California District,Mother Lode Field Office,Mother Lode Field Office,CAC08000,1,Sierra,2008-02-01,2008,BLM land-use planning decision,DOI-BLM-CA-C080-2007-0001-RMP-EIS,https://eplanning.blm.gov/eplanning-ui/project/72554/510,,Current statewide source supplies one governing-plan/ROD association; earlier boundary and designation history require plan-level research.,"Natural processes, and Natural systems.",botanical_or_ecological,The statewide source identifies special management attention to prevent irreparable damage to those values. Detailed restrictions and exceptions are plan-specific.,"Legal access, ownership, inholdings, and component-specific restrictions were not established from the statewide ACEC layer.",,California,,central_california_plan,no_water_value_identified_in_statewide_source,No fish-resource relevance is coded affirmative in the statewide source; spatial hydrologic context has not been derived.,,not_verified,,statewide_source_map_only,https://eplanning.blm.gov/eplanning-ui/project/72554/510,direct_official_plan_or_project_page,https://www.blm.gov/office/mother-lode-field-office,official_unit_url_candidate_not_http_validated,not_systematically_researched,not_systematically_researched,statewide_source_audit_complete_plan_level_research_partial,2026-08-05,high_source_identity_medium_semantic_history,"Ione Manzanita is represented in the current BLM California designated-ACEC layer under Sierra. The statewide source identifies natural processes, and natural systems as relevant designation categories. The statewide source identifies special management attention to prevent irreparable damage to those values. Detailed restrictions and exceptions are plan-specific. The mapped boundary is a planning-designation geometry, not an ownership or access boundary.","Detailed ACEC-specific plan pages, maps, prescriptions, land status, access, and related-designation intersections remain a documented research/overlay phase.",5,273.57032485268564,True,equivalent_within_qa_tolerance,user-supplied BRIM acec shapefile; EPSG:3310; original snapshot preserved
acec-542efdb5fef0f5,Ione Tertiary Oxisol Soil,ione tertiary oxisol soil,,ione tertiary oxisol soil|Sierra|DOI-BLM-CA-C080-2007-0001-RMP-EIS|2008-02-01|CAC08000,currently_designated_source_layer,Currently mapped as designated,ACEC,ACEC,not_verified,True,False,False,unverified,unverified,1,1,0,,not_researched,92.256398,92.256398,-0.0,-0.0,Central California District,Mother Lode Field Office,Mother Lode Field Office,CAC08000,1,Sierra,2008-02-01,2008,BLM land-use planning decision,DOI-BLM-CA-C080-2007-0001-RMP-EIS,https://eplanning.blm.gov/eplanning-ui/project/72554/510,,Current statewide source supplies one governing-plan/ROD association; earlier boundary and designation history require plan-level research.,"Natural processes, and Natural systems.",botanical_or_ecological,The statewide source identifies special management attention to prevent irreparable damage to those values. Detailed restrictions and exceptions are plan-specific.,"Legal access, ownership, inholdings, and component-specific restrictions were not established from the statewide ACEC layer.",,California,,central_california_plan,no_water_value_identified_in_statewide_source,No fish-resource relevance is coded affirmative in the statewide source; spatial hydrologic context has not been derived.,,not_verified,,statewide_source_map_only,https://eplanning.blm.gov/eplanning-ui/project/72554/510,direct_official_plan_or_project_page,https://www.blm.gov/office/mother-lode-field-office,official_unit_url_candidate_not_http_validated,not_systematically_researched,not_systematically_researched,statewide_source_audit_complete_plan_level_research_partial,2026-08-05,high_source_identity_medium_semantic_history,"Ione Tertiary Oxisol Soil is represented in the current BLM California designated-ACEC layer under Sierra. The statewide source identifies natural processes, and natural systems as relevant designation categories. The statewide source identifies special management attention to prevent irreparable damage to those values. Detailed restrictions and exceptions are plan-specific. The mapped boundary is a planning-designation geometry, not an ownership or access boundary.","Detailed ACEC-specific plan pages, maps, prescriptions, land status, access, and related-designation intersections remain a documented research/overlay phase.",1,92.25639792399582,True,equivalent_within_qa_tolerance,user-supplied BRIM acec shapefile; EPSG:3310; original snapshot preserved
acec-e57347bdd98060,Ivanpah,ivanpah,,"ivanpah|CDCA Plan, as amended by DRECP|DOI-BLM-CA-D010-2014-0001-RMP-EIS|2016-09-14|CAD00000",currently_designated_source_layer,Currently mapped as designated,ACEC,ACEC,not_verified,True,False,False,unverified,unverified,1,1,1,,not_researched,86427.606856,86427.606856,0.0,0.0,California Desert District,,California Desert District,CAD00000,1,"CDCA Plan, as amended by DRECP",2016-09-14,2016,BLM land-use planning decision,DOI-BLM-CA-D010-2014-0001-RMP-EIS,https://www.blm.gov/programs/planning-and-nepa/plans-in-development/california/desert-renewable-energy-conservation-plan,,Current statewide source supplies one governing-plan/ROD association; earlier boundary and designation history require plan-level research.,Wildlife resources.,wildlife_and_habitat,The statewide source identifies special management attention to prevent irreparable damage to those values. Detailed restrictions and exceptions are plan-specific.,"Legal access, ownership, inholdings, and component-specific restrictions were not established from the statewide ACEC layer.",,California,,drecp,no_water_value_identified_in_statewide_source,No fish-resource relevance is coded affirmative in the statewide source; spatial hydrologic context has not been derived.,,not_verified,,statewide_source_map_only,https://www.blm.gov/programs/planning-and-nepa/plans-in-development/california/desert-renewable-energy-conservation-plan,direct_official_plan_or_project_page,https://www.blm.gov/office/california-desert-district-office,official_unit_url_candidate_not_http_validated,not_systematically_researched,not_systematically_researched,statewide_source_audit_complete_plan_level_research_partial,2026-08-05,high_source_identity_medium_semantic_history,"Ivanpah is represented in the current BLM California designated-ACEC layer under CDCA Plan, as amended by DRECP. The statewide source identifies wildlife resources as relevant designation categories. The statewide source identifies special management attention to prevent irreparable damage to those values. Detailed restrictions and exceptions are plan-specific. The mapped boundary is a planning-designation geometry, not an ownership or access boundary.","Detailed ACEC-specific plan pages, maps, prescriptions, land status, access, and related-designation intersections remain a documented research/overlay phase.",4,86427.61172516985,True,equivalent_within_qa_tolerance,user-supplied BRIM acec shapefile; EPSG:3310; original snapshot preserved
acec-b2e5dc6ec9bda5,Jawbone/Butterbredt,jawbone butterbredt,,"jawbone butterbredt|CDCA Plan, as amended by DRECP||2016-09-14|CAD00000",currently_designated_source_layer,Currently mapped as designated,ACEC,ACEC,not_verified,True,False,False,unverified,unverified,1,1,1,,not_researched,190513.171004,190513.171004,-0.0,-0.0,California Desert District,,California Desert District,CAD00000,1,"CDCA Plan, as amended by DRECP",2016-09-14,2016,BLM land-use planning decision,,https://www.blm.gov/programs/planning-and-nepa/plans-in-development/california,,Current statewide source supplies one governing-plan/ROD association; earlier boundary and designation history require plan-level research.,"Cultural resources, Historic resources, Natural processes, Natural systems, Scenic values, and Wildlife resources.",botanical_or_ecological;cultural_archaeological_historic;scenic;wildlife_and_habitat,The statewide source identifies special management attention to prevent irreparable damage to those values. Detailed restrictions and exceptions are plan-specific.,"Legal access, ownership, inholdings, and component-specific restrictions were not established from the statewide ACEC layer.",,California,,drecp,no_water_value_identified_in_statewide_source,No fish-resource relevance is coded affirmative in the statewide source; spatial hydrologic context has not been derived.,,not_verified,,statewide_source_map_only,https://www.blm.gov/programs/planning-and-nepa/plans-in-development/california,official_california_plan_index_only,https://www.blm.gov/office/california-desert-district-office,official_unit_url_candidate_not_http_validated,not_systematically_researched,not_systematically_researched,statewide_source_audit_complete_plan_level_research_partial,2026-08-05,high_source_identity_medium_semantic_history,"Jawbone/Butterbredt is represented in the current BLM California designated-ACEC layer under CDCA Plan, as amended by DRECP. The statewide source identifies cultural resources, historic resources, natural processes, natural systems, scenic values, and wildlife resources as relevant designation categories. The statewide source identifies special management attention to prevent irreparable damage to those values. Detailed restrictions and exceptions are plan-specific. The mapped boundary is a planning-designation geometry, not an ownership or access boundary.","Detailed ACEC-specific plan pages, maps, prescriptions, land status, access, and related-designation intersections remain a documented research/overlay phase.",4,190513.17100418467,False,equivalent_within_qa_tolerance,user-supplied BRIM acec shapefile; EPSG:3310; original snapshot preserved
acec-13aefba9833e50,Joaquin Rocks,joaquin rocks,,joaquin rocks|Hollister|DOI-BLM-CA-C090-2006-0021-EIS|2007-09-07|CAC09000,currently_designated_source_layer,Currently mapped as designated,ACEC,ACEC,not_verified,True,False,False,unverified,unverified,1,1,0,,not_researched,7302.693207,7302.693207,-0.0,-0.0,Central California District,Central Coast Field Office,Central Coast Field Office,CAC09000,1,Hollister,2007-09-07,2007,BLM land-use planning decision,DOI-BLM-CA-C090-2006-0021-EIS,https://eplanning.blm.gov/eplanning-ui/project/68795/510,,Current statewide source supplies one governing-plan/ROD association; earlier boundary and designation history require plan-level research.,"Cultural resources, Historic resources, Scenic values, and Wildlife resources.",cultural_archaeological_historic;scenic;wildlife_and_habitat,The statewide source identifies special management attention to protect identified relevant and important values and prevent irreparable damage to those values. Detailed restrictions and exceptions are plan-specific.,"Legal access, ownership, inholdings, and component-specific restrictions were not established from the statewide ACEC layer.",,California,,central_california_plan,no_water_value_identified_in_statewide_source,No fish-resource relevance is coded affirmative in the statewide source; spatial hydrologic context has not been derived.,,not_verified,,statewide_source_map_only,https://eplanning.blm.gov/eplanning-ui/project/68795/510,direct_official_plan_or_project_page,https://www.blm.gov/office/central-coast-field-office,official_unit_url_candidate_not_http_validated,not_systematically_researched,not_systematically_researched,statewide_source_audit_complete_plan_level_research_partial,2026-08-05,high_source_identity_medium_semantic_history,"Joaquin Rocks is represented in the current BLM California designated-ACEC layer under Hollister. The statewide source identifies cultural resources, historic resources, scenic values, and wildlife resources as relevant designation categories. The statewide source identifies special management attention to protect identified relevant and important values and prevent irreparable damage to those values. Detailed restrictions and exceptions are plan-specific. The mapped boundary is a planning-designation geometry, not an ownership or access boundary.","Detailed ACEC-specific plan pages, maps, prescriptions, land status, access, and related-designation intersections remain a documented research/overlay phase.",1,7302.693207373688,True,equivalent_within_qa_tolerance,user-supplied BRIM acec shapefile; EPSG:3310; original snapshot preserved
acec-f597a32b0f2e2f,Johnson Canyon,johnson canyon,,johnson canyon|South Coast||1994-05-26|CAD06000,currently_designated_source_layer,Currently mapped as designated,ACEC,ACEC,not_verified,True,False,False,unverified,unverified,1,1,0,,not_researched,3985.010966,3985.010966,-0.0,-0.0,California Desert District,Palm Springs-South Coast Field Office,Palm Springs-South Coast Field Office,CAD06000,1,South Coast,1994-05-26,1994,BLM land-use planning decision,,https://www.blm.gov/programs/planning-and-nepa/plans-in-development/california,,Current statewide source supplies one governing-plan/ROD association; earlier boundary and designation history require plan-level research.,"Natural processes, and Natural systems.",botanical_or_ecological,The statewide source identifies special management attention to prevent irreparable damage to those values. Detailed restrictions and exceptions are plan-specific.,"Legal access, ownership, inholdings, and component-specific restrictions were not established from the statewide ACEC layer.",,California,,california_desert_other_plan,no_water_value_identified_in_statewide_source,No fish-resource relevance is coded affirmative in the statewide source; spatial hydrologic context has not been derived.,,not_verified,,statewide_source_map_only,https://www.blm.gov/programs/planning-and-nepa/plans-in-development/california,official_california_plan_index_only,https://www.blm.gov/office/palm-springs-south-coast-field-office,official_unit_url_candidate_not_http_validated,not_systematically_researched,not_systematically_researched,statewide_source_audit_complete_plan_level_research_partial,2026-08-05,high_source_identity_medium_semantic_history,"Johnson Canyon is represented in the current BLM California designated-ACEC layer under South Coast. The statewide source identifies natural processes, and natural systems as relevant designation categories. The statewide source identifies special management attention to prevent irreparable damage to those values. Detailed restrictions and exceptions are plan-specific. The mapped boundary is a planning-designation geometry, not an ownership or access boundary.","Detailed ACEC-specific plan pages, maps, prescriptions, land status, access, and related-designation intersections remain a documented research/overlay phase.",1,3985.0109656004647,True,equivalent_within_qa_tolerance,user-supplied BRIM acec shapefile; EPSG:3310; original snapshot preserved
acec-ebea38b48ec039,Juniper Flats,juniper flats,,"juniper flats|CDCA Plan, as amended by DRECP|DOI-BLM-CA-D010-2014-0001-RMP-EIS|2016-09-14|CAD00000",currently_designated_source_layer,Currently mapped as designated,ACEC,ACEC,not_verified,True,False,False,unverified,unverified,1,1,0,,not_researched,2387.197225,2387.197225,0.0,0.0,California Desert District,,California Desert District,CAD00000,1,"CDCA Plan, as amended by DRECP",2016-09-14,2016,BLM land-use planning decision,DOI-BLM-CA-D010-2014-0001-RMP-EIS,https://www.blm.gov/programs/planning-and-nepa/plans-in-development/california/desert-renewable-energy-conservation-plan,,Current statewide source supplies one governing-plan/ROD association; earlier boundary and designation history require plan-level research.,"Cultural resources, Historic resources, Natural processes, and Natural systems.",botanical_or_ecological;cultural_archaeological_historic,The statewide source identifies special management attention to prevent irreparable damage to those values. Detailed restrictions and exceptions are plan-specific.,"Legal access, ownership, inholdings, and component-specific restrictions were not established from the statewide ACEC layer.",,California,,drecp,no_water_value_identified_in_statewide_source,No fish-resource relevance is coded affirmative in the statewide source; spatial hydrologic context has not been derived.,,not_verified,,statewide_source_map_only,https://www.blm.gov/programs/planning-and-nepa/plans-in-development/california/desert-renewable-energy-conservation-plan,direct_official_plan_or_project_page,https://www.blm.gov/office/california-desert-district-office,official_unit_url_candidate_not_http_validated,not_systematically_researched,not_systematically_researched,statewide_source_audit_complete_plan_level_research_partial,2026-08-05,high_source_identity_medium_semantic_history,"Juniper Flats is represented in the current BLM California designated-ACEC layer under CDCA Plan, as amended by DRECP. The statewide source identifies cultural resources, historic resources, natural processes, and natural systems as relevant designation categories. The statewide source identifies special management attention to prevent irreparable damage to those values. Detailed restrictions and exceptions are plan-specific. The mapped boundary is a planning-designation geometry, not an ownership or access boundary.","Detailed ACEC-specific plan pages, maps, prescriptions, land status, access, and related-designation intersections remain a documented research/overlay phase.",1,2387.1972249496084,True,equivalent_within_qa_tolerance,user-supplied BRIM acec shapefile; EPSG:3310; original snapshot preserved
acec-7f8e02e30d8ba1,Kaweah,kaweah,,kaweah|Bakersfield Resource Management Plan|DOI-BLM-CA-C060-2014-0001-RMP-EIS|2014-12-22|CAC06000,currently_designated_source_layer,Currently mapped as designated,ACEC,ACEC,not_verified,True,False,False,unverified,unverified,1,1,1,,not_researched,33595.291523,33595.291523,0.0,0.0,Central California District,Bakersfield Field Office,Bakersfield Field Office,CAC06000,1,Bakersfield Resource Management Plan,2014-12-22,2014,BLM land-use planning decision,DOI-BLM-CA-C060-2014-0001-RMP-EIS,https://eplanning.blm.gov/Project-Home/?id=77b9ea95-a7f2-f011-8406-001dd802fdea,,Current statewide source supplies one governing-plan/ROD association; earlier boundary and designation history require plan-level research.,"Historic resources, Natural processes, Natural systems, and Wildlife resources.",botanical_or_ecological;cultural_archaeological_historic;wildlife_and_habitat,The statewide source identifies special management attention to prevent irreparable damage to those values. Detailed restrictions and exceptions are plan-specific.,"Legal access, ownership, inholdings, and component-specific restrictions were not established from the statewide ACEC layer.",,California,,central_california_plan,no_water_value_identified_in_statewide_source,No fish-resource relevance is coded affirmative in the statewide source; spatial hydrologic context has not been derived.,,not_verified,,statewide_source_map_only,https://eplanning.blm.gov/Project-Home/?id=77b9ea95-a7f2-f011-8406-001dd802fdea,direct_official_plan_or_project_page,https://www.blm.gov/office/bakersfield-field-office,official_unit_url_candidate_not_http_validated,not_systematically_researched,not_systematically_researched,statewide_source_audit_complete_plan_level_research_partial,2026-08-05,high_source_identity_medium_semantic_history,"Kaweah is represented in the current BLM California designated-ACEC layer under Bakersfield Resource Management Plan. The statewide source identifies historic resources, natural processes, natural systems, and wildlife resources as relevant designation categories. The statewide source identifies special management attention to prevent irreparable damage to those values. Detailed restrictions and exceptions are plan-specific. The mapped boundary is a planning-designation geometry, not an ownership or access boundary.","Detailed ACEC-specific plan pages, maps, prescriptions, land status, access, and related-designation intersections remain a documented research/overlay phase.",2,33595.29152261648,True,equivalent_within_qa_tolerance,user-supplied BRIM acec shapefile; EPSG:3310; original snapshot preserved
acec-7c3af1e43a9f14,Kettleman Hills,kettleman hills,,kettleman hills|Bakersfield Resource Management Plan|DOI-BLM-CA-C060-2014-0001-RMP-EIS|2014-12-22|CAC06000,currently_designated_source_layer,Currently mapped as designated,ACEC,ACEC,not_verified,True,False,False,unverified,unverified,1,1,1,,not_researched,28813.28171,28813.28171,-0.0,-0.0,Central California District,Bakersfield Field Office,Bakersfield Field Office,CAC06000,1,Bakersfield Resource Management Plan,2014-12-22,2014,BLM land-use planning decision,DOI-BLM-CA-C060-2014-0001-RMP-EIS,https://eplanning.blm.gov/Project-Home/?id=77b9ea95-a7f2-f011-8406-001dd802fdea,,Current statewide source supplies one governing-plan/ROD association; earlier boundary and designation history require plan-level research.,"Natural processes, Natural systems, and Wildlife resources.",botanical_or_ecological;wildlife_and_habitat,The statewide source identifies special management attention to prevent irreparable damage to those values. Detailed restrictions and exceptions are plan-specific.,"Legal access, ownership, inholdings, and component-specific restrictions were not established from the statewide ACEC layer.",,California,,central_california_plan,no_water_value_identified_in_statewide_source,No fish-resource relevance is coded affirmative in the statewide source; spatial hydrologic context has not been derived.,,not_verified,,statewide_source_map_only,https://eplanning.blm.gov/Project-Home/?id=77b9ea95-a7f2-f011-8406-001dd802fdea,direct_official_plan_or_project_page,https://www.blm.gov/office/bakersfield-field-office,official_unit_url_candidate_not_http_validated,not_systematically_researched,not_systematically_researched,statewide_source_audit_complete_plan_level_research_partial,2026-08-05,high_source_identity_medium_semantic_history,"Kettleman Hills is represented in the current BLM California designated-ACEC layer under Bakersfield Resource Management Plan. The statewide source identifies natural processes, natural systems, and wildlife resources as relevant designation categories. The statewide source identifies special management attention to prevent irreparable damage to those values. Detailed restrictions and exceptions are plan-specific. The mapped boundary is a planning-designation geometry, not an ownership or access boundary.","Detailed ACEC-specific plan pages, maps, prescriptions, land status, access, and related-designation intersections remain a documented research/overlay phase.",3,28813.281710383566,True,equivalent_within_qa_tolerance,user-supplied BRIM acec shapefile; EPSG:3310; original snapshot preserved
acec-fe0e17f592b671,Keynot Peak,keynot peak,,keynot peak|Bishop|DOI-BLM-CA-C070-1993-0001-RMP-EIS|1993-03-26|CAC07000,currently_designated_source_layer,Currently mapped as designated,ACEC,ACEC,not_verified,True,False,False,unverified,unverified,1,1,0,,not_researched,2163.574131,2163.574131,-0.0,-0.0,Central California District,Bishop Field Office,Bishop Field Office,CAC07000,1,Bishop,1993-03-26,1993,BLM land-use planning decision,DOI-BLM-CA-C070-1993-0001-RMP-EIS,https://eplanning.blm.gov/Project-Home/?id=dd68a393-a7f2-f011-8407-001dd80c29f3,,Current statewide source supplies one governing-plan/ROD association; earlier boundary and designation history require plan-level research.,"Natural processes, Natural systems, and Scenic values.",botanical_or_ecological;scenic,The statewide source identifies special management attention to prevent irreparable damage to those values. Detailed restrictions and exceptions are plan-specific.,"Legal access, ownership, inholdings, and component-specific restrictions were not established from the statewide ACEC layer.",,California,,central_california_plan,no_water_value_identified_in_statewide_source,No fish-resource relevance is coded affirmative in the statewide source; spatial hydrologic context has not been derived.,,not_verified,,statewide_source_map_only,https://eplanning.blm.gov/Project-Home/?id=dd68a393-a7f2-f011-8407-001dd80c29f3,direct_official_plan_or_project_page,https://www.blm.gov/office/bishop-field-office,official_unit_url_candidate_not_http_validated,not_systematically_researched,not_systematically_researched,statewide_source_audit_complete_plan_level_research_partial,2026-08-05,high_source_identity_medium_semantic_history,"Keynot Peak is represented in the current BLM California designated-ACEC layer under Bishop. The statewide source identifies natural processes, natural systems, and scenic values as relevant designation categories. The statewide source identifies special management attention to prevent irreparable damage to those values. Detailed restrictions and exceptions are plan-specific. The mapped boundary is a planning-designation geometry, not an ownership or access boundary.","Detailed ACEC-specific plan pages, maps, prescriptions, land status, access, and related-designation intersections remain a documented research/overlay phase.",1,2163.5741312641535,True,equivalent_within_qa_tolerance,user-supplied BRIM acec shapefile; EPSG:3310; original snapshot preserved
acec-4db1cd77d45177,Kingston Range,kingston range,,"kingston range|CDCA Plan, as amended by DRECP|DOI-BLM-CA-D010-2014-0001-RMP-EIS|2016-09-14|CAD00000",currently_designated_source_layer,Currently mapped as designated,ACEC,ACEC,not_verified,True,False,False,unverified,unverified,1,1,0,,not_researched,19631.797855,19631.797855,-0.0,-0.0,California Desert District,,California Desert District,CAD00000,1,"CDCA Plan, as amended by DRECP",2016-09-14,2016,BLM land-use planning decision,DOI-BLM-CA-D010-2014-0001-RMP-EIS,https://www.blm.gov/programs/planning-and-nepa/plans-in-development/california/desert-renewable-energy-conservation-plan,,Current statewide source supplies one governing-plan/ROD association; earlier boundary and designation history require plan-level research.,"Natural processes, Natural systems, Scenic values, and Wildlife resources.",botanical_or_ecological;scenic;wildlife_and_habitat,The statewide source identifies special management attention to prevent irreparable damage to those values. Detailed restrictions and exceptions are plan-specific.,"Legal access, ownership, inholdings, and component-specific restrictions were not established from the statewide ACEC layer.",,California,,drecp,no_water_value_identified_in_statewide_source,No fish-resource relevance is coded affirmative in the statewide source; spatial hydrologic context has not been derived.,,not_verified,,statewide_source_map_only,https://www.blm.gov/programs/planning-and-nepa/plans-in-development/california/desert-renewable-energy-conservation-plan,direct_official_plan_or_project_page,https://www.blm.gov/office/california-desert-district-office,official_unit_url_candidate_not_http_validated,not_systematically_researched,not_systematically_researched,statewide_source_audit_complete_plan_level_research_partial,2026-08-05,high_source_identity_medium_semantic_history,"Kingston Range is represented in the current BLM California designated-ACEC layer under CDCA Plan, as amended by DRECP. The statewide source identifies natural processes, natural systems, scenic values, and wildlife resources as relevant designation categories. The statewide source identifies special management attention to prevent irreparable damage to those values. Detailed restrictions and exceptions are plan-specific. The mapped boundary is a planning-designation geometry, not an ownership or access boundary.","Detailed ACEC-specific plan pages, maps, prescriptions, land status, access, and related-designation intersections remain a documented research/overlay phase.",1,19631.797854824,True,equivalent_within_qa_tolerance,user-supplied BRIM acec shapefile; EPSG:3310; original snapshot preserved
acec-c6832fe4fe69ff,Kingston Range WSA,kingston range wsa,,"kingston range wsa|CDCA Plan, as amended by DRECP|DOI-BLM-CA-D010-2014-0001-RMP-EIS|2016-09-14|CAD00000",currently_designated_source_layer,Currently mapped as designated,ACEC,ACEC,not_verified,True,False,False,unverified,unverified,1,1,0,,not_researched,42370.700974,42370.700974,-0.0,-0.0,California Desert District,,California Desert District,CAD00000,1,"CDCA Plan, as amended by DRECP",2016-09-14,2016,BLM land-use planning decision,DOI-BLM-CA-D010-2014-0001-RMP-EIS,https://www.blm.gov/programs/planning-and-nepa/plans-in-development/california/desert-renewable-energy-conservation-plan,,Current statewide source supplies one governing-plan/ROD association; earlier boundary and designation history require plan-level research.,"Natural processes, Natural systems, and Wildlife resources.",botanical_or_ecological;wildlife_and_habitat,The statewide source identifies special management attention to prevent irreparable damage to those values. Detailed restrictions and exceptions are plan-specific.,"Legal access, ownership, inholdings, and component-specific restrictions were not established from the statewide ACEC layer.",,California,,drecp,no_water_value_identified_in_statewide_source,No fish-resource relevance is coded affirmative in the statewide source; spatial hydrologic context has not been derived.,,not_verified,,statewide_source_map_only,https://www.blm.gov/programs/planning-and-nepa/plans-in-development/california/desert-renewable-energy-conservation-plan,direct_official_plan_or_project_page,https://www.blm.gov/office/california-desert-district-office,official_unit_url_candidate_not_http_validated,not_systematically_researched,not_systematically_researched,statewide_source_audit_complete_plan_level_research_partial,2026-08-05,high_source_identity_medium_semantic_history,"Kingston Range WSA is represented in the current BLM California designated-ACEC layer under CDCA Plan, as amended by DRECP. The statewide source identifies natural processes, natural systems, and wildlife resources as relevant designation categories. The statewide source identifies special management attention to prevent irreparable damage to those values. Detailed restrictions and exceptions are plan-specific. The mapped boundary is a planning-designation geometry, not an ownership or access boundary.","Detailed ACEC-specific plan pages, maps, prescriptions, land status, access, and related-designation intersections remain a documented research/overlay phase.",1,42370.70097430107,True,equivalent_within_qa_tolerance,user-supplied BRIM acec shapefile; EPSG:3310; original snapshot preserved
acec-7fb78c567b62dd,Knoxville,knoxville,,knoxville|Ukiah|DOI-BLM-CA-C050-2006-0001-RMP-EIS|2006-09-25|CAC05000,currently_designated_source_layer,Currently mapped as designated,ACEC,ACEC,not_verified,True,False,False,unverified,unverified,1,1,1,,not_researched,4262.640759,4262.640759,-0.0,-0.0,Central California District,Ukiah Field Office,Ukiah Field Office,CAC05000,1,Ukiah,2006-09-25,2006,BLM land-use planning decision,DOI-BLM-CA-C050-2006-0001-RMP-EIS,https://www.blm.gov/programs/planning-and-nepa/plans-in-development/california,,Current statewide source supplies one governing-plan/ROD association; earlier boundary and designation history require plan-level research.,"Cultural resources, Natural processes, Natural systems, and Wildlife resources.",botanical_or_ecological;cultural_archaeological_historic;wildlife_and_habitat,The statewide source identifies special management attention to prevent irreparable damage to those values. Detailed restrictions and exceptions are plan-specific.,"Legal access, ownership, inholdings, and component-specific restrictions were not established from the statewide ACEC layer.",,California,,central_california_plan,no_water_value_identified_in_statewide_source,No fish-resource relevance is coded affirmative in the statewide source; spatial hydrologic context has not been derived.,,not_verified,,statewide_source_map_only,https://www.blm.gov/programs/planning-and-nepa/plans-in-development/california,official_california_plan_index_only,https://www.blm.gov/office/ukiah-field-office,official_unit_url_candidate_not_http_validated,not_systematically_researched,not_systematically_researched,statewide_source_audit_complete_plan_level_research_partial,2026-08-05,high_source_identity_medium_semantic_history,"Knoxville is represented in the current BLM California designated-ACEC layer under Ukiah. The statewide source identifies cultural resources, natural processes, natural systems, and wildlife resources as relevant designation categories. The statewide source identifies special management attention to prevent irreparable damage to those values. Detailed restrictions and exceptions are plan-specific. The mapped boundary is a planning-designation geometry, not an ownership or access boundary.","Detailed ACEC-specific plan pages, maps, prescriptions, land status, access, and related-designation intersections remain a documented research/overlay phase.",5,4262.640758691193,True,equivalent_within_qa_tolerance,user-supplied BRIM acec shapefile; EPSG:3310; original snapshot preserved
acec-453bbfcefcd2b8,Kuchamaa,kuchamaa,,kuchamaa|South Coast||1994-05-26|CAD06000,currently_designated_source_layer,Currently mapped as designated,ACEC,ACEC,not_verified,True,False,False,unverified,unverified,1,1,1,,not_researched,1294.486665,1294.486665,-0.0,-0.0,California Desert District,Palm Springs-South Coast Field Office,Palm Springs-South Coast Field Office,CAD06000,1,South Coast,1994-05-26,1994,BLM land-use planning decision,,https://www.blm.gov/programs/planning-and-nepa/plans-in-development/california,,Current statewide source supplies one governing-plan/ROD association; earlier boundary and designation history require plan-level research.,"Cultural resources, and Historic resources.",cultural_archaeological_historic,The statewide source identifies special management attention to prevent irreparable damage to those values. Detailed restrictions and exceptions are plan-specific.,"Legal access, ownership, inholdings, and component-specific restrictions were not established from the statewide ACEC layer.",,California,,california_desert_other_plan,no_water_value_identified_in_statewide_source,No fish-resource relevance is coded affirmative in the statewide source; spatial hydrologic context has not been derived.,,not_verified,,statewide_source_map_only,https://www.blm.gov/programs/planning-and-nepa/plans-in-development/california,official_california_plan_index_only,https://www.blm.gov/office/palm-springs-south-coast-field-office,official_unit_url_candidate_not_http_validated,not_systematically_researched,not_systematically_researched,statewide_source_audit_complete_plan_level_research_partial,2026-08-05,high_source_identity_medium_semantic_history,"Kuchamaa is represented in the current BLM California designated-ACEC layer under South Coast. The statewide source identifies cultural resources, and historic resources as relevant designation categories. The statewide source identifies special management attention to prevent irreparable damage to those values. Detailed restrictions and exceptions are plan-specific. The mapped boundary is a planning-designation geometry, not an ownership or access boundary.","Detailed ACEC-specific plan pages, maps, prescriptions, land status, access, and related-designation intersections remain a documented research/overlay phase.",2,1294.4866647337658,True,equivalent_within_qa_tolerance,user-supplied BRIM acec shapefile; EPSG:3310; original snapshot preserved
acec-28ccd8cdd03efe,Lacks Creek,lacks creek,,lacks creek|Northwest California Integrated Plan|DOI-BLM-CA-N060-2021-0012-RMP-EIS|2024-11-06|CAN03000,currently_designated_source_layer,Currently mapped as designated,ACEC,ACEC,not_verified,True,False,False,unverified,unverified,1,1,1,,not_researched,2267.597077,2267.597077,0.0,0.0,Northern California District,Arcata Field Office,Arcata Field Office,CAN03000,1,Northwest California Integrated Plan,2024-11-06,2024,BLM land-use planning decision,DOI-BLM-CA-N060-2021-0012-RMP-EIS,https://www.blm.gov/programs/planning-and-nepa/plans-in-development/california/northwest-california-integrated-rmp,,Current statewide source supplies one governing-plan/ROD association; earlier boundary and designation history require plan-level research.,"Natural processes, and Natural systems.",botanical_or_ecological,The statewide source identifies special management attention to prevent irreparable damage to those values. Detailed restrictions and exceptions are plan-specific.,"Legal access, ownership, inholdings, and component-specific restrictions were not established from the statewide ACEC layer.",,California,,northwest_california_integrated_plan,no_water_value_identified_in_statewide_source,No fish-resource relevance is coded affirmative in the statewide source; spatial hydrologic context has not been derived.,,not_verified,,statewide_source_map_only,https://www.blm.gov/programs/planning-and-nepa/plans-in-development/california/northwest-california-integrated-rmp,direct_official_plan_or_project_page,https://www.blm.gov/office/arcata-field-office,official_unit_url_candidate_not_http_validated,not_systematically_researched,not_systematically_researched,statewide_source_audit_complete_plan_level_research_partial,2026-08-05,high_source_identity_medium_semantic_history,"Lacks Creek is represented in the current BLM California designated-ACEC layer under Northwest California Integrated Plan. The statewide source identifies natural processes, and natural systems as relevant designation categories. The statewide source identifies special management attention to prevent irreparable damage to those values. Detailed restrictions and exceptions are plan-specific. The mapped boundary is a planning-designation geometry, not an ownership or access boundary.","Detailed ACEC-specific plan pages, maps, prescriptions, land status, access, and related-designation intersections remain a documented research/overlay phase.",2,2267.597076735108,True,equivalent_within_qa_tolerance,user-supplied BRIM acec shapefile; EPSG:3310; original snapshot preserved
acec-35f6ced14506e5,Lake Cahuilla - A,lake cahuilla a,,"lake cahuilla a|CDCA Plan, as amended, DRECP amendment|DOI-BLM-CA-D010-1980-0001-RMP-EIS|1980-12-12|CAD00000",currently_designated_source_layer,Currently mapped as designated,ACEC,ACEC,not_verified,True,False,False,unverified,unverified,1,1,0,,not_researched,1231.546801,1231.546801,-0.0,-0.0,California Desert District,,California Desert District,CAD00000,1,"CDCA Plan, as amended, DRECP amendment",1980-12-12,1980,BLM land-use planning decision,DOI-BLM-CA-D010-1980-0001-RMP-EIS,https://eplanning.blm.gov/eplanning-ui/project/66949/510,,Current statewide source supplies one governing-plan/ROD association; earlier boundary and designation history require plan-level research.,"Cultural resources, Historic resources, Natural processes, Natural systems, and Wildlife resources.",botanical_or_ecological;cultural_archaeological_historic;wildlife_and_habitat,The statewide source identifies special management attention to prevent irreparable damage to those values. Detailed restrictions and exceptions are plan-specific.,"Legal access, ownership, inholdings, and component-specific restrictions were not established from the statewide ACEC layer.",,California,,drecp,no_water_value_identified_in_statewide_source,No fish-resource relevance is coded affirmative in the statewide source; spatial hydrologic context has not been derived.,,not_verified,,statewide_source_map_only,https://eplanning.blm.gov/eplanning-ui/project/66949/510,direct_official_plan_or_project_page,https://www.blm.gov/office/california-desert-district-office,official_unit_url_candidate_not_http_validated,not_systematically_researched,not_systematically_researched,statewide_source_audit_complete_plan_level_research_partial,2026-08-05,high_source_identity_medium_semantic_history,"Lake Cahuilla - A is represented in the current BLM California designated-ACEC layer under CDCA Plan, as amended, DRECP amendment. The statewide source identifies cultural resources, historic resources, natural processes, natural systems, and wildlife resources as relevant designation categories. The statewide source identifies special management attention to prevent irreparable damage to those values. Detailed restrictions and exceptions are plan-specific. The mapped boundary is a planning-designation geometry, not an ownership or access boundary.","Detailed ACEC-specific plan pages, maps, prescriptions, land status, access, and related-designation intersections remain a documented research/overlay phase.",1,1231.5468007431243,True,equivalent_within_qa_tolerance,user-supplied BRIM acec shapefile; EPSG:3310; original snapshot preserved
acec-821ed0c1f6554b,Lake Cahuilla - B,lake cahuilla b,,"lake cahuilla b|CDCA Plan, as amended, DRECP amendment|DOI-BLM-CA-D010-1980-0001-RMP-EIS|1980-12-12|CAD00000",currently_designated_source_layer,Currently mapped as designated,ACEC,ACEC,not_verified,True,False,False,unverified,unverified,1,1,0,,not_researched,2528.585051,2528.585051,-0.0,-0.0,California Desert District,,California Desert District,CAD00000,1,"CDCA Plan, as amended, DRECP amendment",1980-12-12,1980,BLM land-use planning decision,DOI-BLM-CA-D010-1980-0001-RMP-EIS,https://eplanning.blm.gov/eplanning-ui/project/66949/510,,Current statewide source supplies one governing-plan/ROD association; earlier boundary and designation history require plan-level research.,"Cultural resources, Historic resources, Natural processes, Natural systems, and Wildlife resources.",botanical_or_ecological;cultural_archaeological_historic;wildlife_and_habitat,The statewide source identifies special management attention to prevent irreparable damage to those values. Detailed restrictions and exceptions are plan-specific.,"Legal access, ownership, inholdings, and component-specific restrictions were not established from the statewide ACEC layer.",,California,,drecp,no_water_value_identified_in_statewide_source,No fish-resource relevance is coded affirmative in the statewide source; spatial hydrologic context has not been derived.,,not_verified,,statewide_source_map_only,https://eplanning.blm.gov/eplanning-ui/project/66949/510,direct_official_plan_or_project_page,https://www.blm.gov/office/california-desert-district-office,official_unit_url_candidate_not_http_validated,not_systematically_researched,not_systematically_researched,statewide_source_audit_complete_plan_level_research_partial,2026-08-05,high_source_identity_medium_semantic_history,"Lake Cahuilla - B is represented in the current BLM California designated-ACEC layer under CDCA Plan, as amended, DRECP amendment. The statewide source identifies cultural resources, historic resources, natural processes, natural systems, and wildlife resources as relevant designation categories. The statewide source identifies special management attention to prevent irreparable damage to those values. Detailed restrictions and exceptions are plan-specific. The mapped boundary is a planning-designation geometry, not an ownership or access boundary.","Detailed ACEC-specific plan pages, maps, prescriptions, land status, access, and related-designation intersections remain a documented research/overlay phase.",1,2528.585050703203,True,equivalent_within_qa_tolerance,user-supplied BRIM acec shapefile; EPSG:3310; original snapshot preserved
acec-d7139601420d37,Lake Cahuilla - C,lake cahuilla c,,"lake cahuilla c|CDCA Plan, as amended, DRECP amendment|DOI-BLM-CA-D010-1980-0001-RMP-EIS|1980-12-12|CAD00000",currently_designated_source_layer,Currently mapped as designated,ACEC,ACEC,not_verified,True,False,False,unverified,unverified,1,1,0,,not_researched,5594.589538,5594.589538,-0.0,-0.0,California Desert District,,California Desert District,CAD00000,1,"CDCA Plan, as amended, DRECP amendment",1980-12-12,1980,BLM land-use planning decision,DOI-BLM-CA-D010-1980-0001-RMP-EIS,https://eplanning.blm.gov/eplanning-ui/project/66949/510,,Current statewide source supplies one governing-plan/ROD association; earlier boundary and designation history require plan-level research.,"Cultural resources, Historic resources, Natural processes, Natural systems, and Wildlife resources.",botanical_or_ecological;cultural_archaeological_historic;wildlife_and_habitat,The statewide source identifies special management attention to prevent irreparable damage to those values. Detailed restrictions and exceptions are plan-specific.,"Legal access, ownership, inholdings, and component-specific restrictions were not established from the statewide ACEC layer.",,California,,drecp,no_water_value_identified_in_statewide_source,No fish-resource relevance is coded affirmative in the statewide source; spatial hydrologic context has not been derived.,,not_verified,,statewide_source_map_only,https://eplanning.blm.gov/eplanning-ui/project/66949/510,direct_official_plan_or_project_page,https://www.blm.gov/office/california-desert-district-office,official_unit_url_candidate_not_http_validated,not_systematically_researched,not_systematically_researched,statewide_source_audit_complete_plan_level_research_partial,2026-08-05,high_source_identity_medium_semantic_history,"Lake Cahuilla - C is represented in the current BLM California designated-ACEC layer under CDCA Plan, as amended, DRECP amendment. The statewide source identifies cultural resources, historic resources, natural processes, natural systems, and wildlife resources as relevant designation categories. The statewide source identifies special management attention to prevent irreparable damage to those values. Detailed restrictions and exceptions are plan-specific. The mapped boundary is a planning-designation geometry, not an ownership or access boundary.","Detailed ACEC-specific plan pages, maps, prescriptions, land status, access, and related-designation intersections remain a documented research/overlay phase.",1,5594.589538381936,True,equivalent_within_qa_tolerance,user-supplied BRIM acec shapefile; EPSG:3310; original snapshot preserved
acec-e5c050a3f7a22c,Lake Cahuilla - D,lake cahuilla d,,"lake cahuilla d|CDCA Plan, as amended, DRECP amendment|DOI-BLM-CA-D010-1980-0001-RMP-EIS|1980-12-12|CAD00000",currently_designated_source_layer,Currently mapped as designated,ACEC,ACEC,not_verified,True,False,False,unverified,unverified,1,1,0,,not_researched,4724.113903,4724.113903,0.0,0.0,California Desert District,,California Desert District,CAD00000,1,"CDCA Plan, as amended, DRECP amendment",1980-12-12,1980,BLM land-use planning decision,DOI-BLM-CA-D010-1980-0001-RMP-EIS,https://eplanning.blm.gov/eplanning-ui/project/66949/510,,Current statewide source supplies one governing-plan/ROD association; earlier boundary and designation history require plan-level research.,"Cultural resources, Historic resources, Natural processes, Natural systems, and Wildlife resources.",botanical_or_ecological;cultural_archaeological_historic;wildlife_and_habitat,The statewide source identifies special management attention to prevent irreparable damage to those values. Detailed restrictions and exceptions are plan-specific.,"Legal access, ownership, inholdings, and component-specific restrictions were not established from the statewide ACEC layer.",,California,,drecp,no_water_value_identified_in_statewide_source,No fish-resource relevance is coded affirmative in the statewide source; spatial hydrologic context has not been derived.,,not_verified,,statewide_source_map_only,https://eplanning.blm.gov/eplanning-ui/project/66949/510,direct_official_plan_or_project_page,https://www.blm.gov/office/california-desert-district-office,official_unit_url_candidate_not_http_validated,not_systematically_researched,not_systematically_researched,statewide_source_audit_complete_plan_level_research_partial,2026-08-05,high_source_identity_medium_semantic_history,"Lake Cahuilla - D is represented in the current BLM California designated-ACEC layer under CDCA Plan, as amended, DRECP amendment. The statewide source identifies cultural resources, historic resources, natural processes, natural systems, and wildlife resources as relevant designation categories. The statewide source identifies special management attention to prevent irreparable damage to those values. Detailed restrictions and exceptions are plan-specific. The mapped boundary is a planning-designation geometry, not an ownership or access boundary.","Detailed ACEC-specific plan pages, maps, prescriptions, land status, access, and related-designation intersections remain a documented research/overlay phase.",1,4724.11390310952,True,equivalent_within_qa_tolerance,user-supplied BRIM acec shapefile; EPSG:3310; original snapshot preserved
acec-e6c2af6a943c42,Lake Cahuilla Shoreline,lake cahuilla shoreline,,"lake cahuilla shoreline|CDCA Plan, as amended, DRECP amendment|DOI-BLM-CA-D010-1980-0001-RMP-EIS|1980-12-12|CAD00000",currently_designated_source_layer,Currently mapped as designated,ACEC,ACEC,not_verified,True,False,False,unverified,unverified,1,1,1,,not_researched,11879.435238,11879.435238,-0.0,-0.0,California Desert District,,California Desert District,CAD00000,1,"CDCA Plan, as amended, DRECP amendment",1980-12-12,1980,BLM land-use planning decision,DOI-BLM-CA-D010-1980-0001-RMP-EIS,https://eplanning.blm.gov/eplanning-ui/project/66949/510,,Current statewide source supplies one governing-plan/ROD association; earlier boundary and designation history require plan-level research.,"Cultural resources, Historic resources, Natural processes, Natural systems, and Wildlife resources.",botanical_or_ecological;cultural_archaeological_historic;wildlife_and_habitat,The statewide source identifies special management attention to prevent irreparable damage to those values. Detailed restrictions and exceptions are plan-specific.,"Legal access, ownership, inholdings, and component-specific restrictions were not established from the statewide ACEC layer.",,California,,drecp,no_water_value_identified_in_statewide_source,No fish-resource relevance is coded affirmative in the statewide source; spatial hydrologic context has not been derived.,,not_verified,,statewide_source_map_only,https://eplanning.blm.gov/eplanning-ui/project/66949/510,direct_official_plan_or_project_page,https://www.blm.gov/office/california-desert-district-office,official_unit_url_candidate_not_http_validated,not_systematically_researched,not_systematically_researched,statewide_source_audit_complete_plan_level_research_partial,2026-08-05,high_source_identity_medium_semantic_history,"Lake Cahuilla Shoreline is represented in the current BLM California designated-ACEC layer under CDCA Plan, as amended, DRECP amendment. The statewide source identifies cultural resources, historic resources, natural processes, natural systems, and wildlife resources as relevant designation categories. The statewide source identifies special management attention to prevent irreparable damage to those values. Detailed restrictions and exceptions are plan-specific. The mapped boundary is a planning-designation geometry, not an ownership or access boundary.","Detailed ACEC-specific plan pages, maps, prescriptions, land status, access, and related-designation intersections remain a documented research/overlay phase.",3,11879.435237971724,False,equivalent_within_qa_tolerance,user-supplied BRIM acec shapefile; EPSG:3310; original snapshot preserved
acec-44648eb1139d38,Last Chance Canyon,last chance canyon,,"last chance canyon|CDCA Plan, as amended by DRECP||2016-09-14|CAD00000",currently_designated_source_layer,Currently mapped as designated,ACEC,ACEC,not_verified,True,False,False,unverified,unverified,1,1,0,,not_researched,5934.205006,5934.205006,0.0,0.0,California Desert District,,California Desert District,CAD00000,1,"CDCA Plan, as amended by DRECP",2016-09-14,2016,BLM land-use planning decision,,https://www.blm.gov/programs/planning-and-nepa/plans-in-development/california,,Current statewide source supplies one governing-plan/ROD association; earlier boundary and designation history require plan-level research.,"Historic resources, Natural processes, Natural systems, and Scenic values.",botanical_or_ecological;cultural_archaeological_historic;scenic,The statewide source identifies special management attention to prevent irreparable damage to those values. Detailed restrictions and exceptions are plan-specific.,"Legal access, ownership, inholdings, and component-specific restrictions were not established from the statewide ACEC layer.",,California,,drecp,no_water_value_identified_in_statewide_source,No fish-resource relevance is coded affirmative in the statewide source; spatial hydrologic context has not been derived.,,not_verified,,statewide_source_map_only,https://www.blm.gov/programs/planning-and-nepa/plans-in-development/california,official_california_plan_index_only,https://www.blm.gov/office/california-desert-district-office,official_unit_url_candidate_not_http_validated,not_systematically_researched,not_systematically_researched,statewide_source_audit_complete_plan_level_research_partial,2026-08-05,high_source_identity_medium_semantic_history,"Last Chance Canyon is represented in the current BLM California designated-ACEC layer under CDCA Plan, as amended by DRECP. The statewide source identifies historic resources, natural processes, natural systems, and scenic values as relevant designation categories. The statewide source identifies special management attention to prevent irreparable damage to those values. Detailed restrictions and exceptions are plan-specific. The mapped boundary is a planning-designation geometry, not an ownership or access boundary.","Detailed ACEC-specific plan pages, maps, prescriptions, land status, access, and related-designation intersections remain a documented research/overlay phase.",1,5934.20500562883,True,equivalent_within_qa_tolerance,user-supplied BRIM acec shapefile; EPSG:3310; original snapshot preserved
acec-13046e763ce21f,Limestone Salamander,limestone salamander,,limestone salamander|Sierra|DOI-BLM-CA-C080-2007-0001-RMP-EIS|2008-02-01|CAC08000,currently_designated_source_layer,Currently mapped as designated,ACEC,ACEC,not_verified,True,False,False,unverified,unverified,1,1,1,,not_researched,2179.40184,2179.40184,0.0,0.0,Central California District,Mother Lode Field Office,Mother Lode Field Office,CAC08000,1,Sierra,2008-02-01,2008,BLM land-use planning decision,DOI-BLM-CA-C080-2007-0001-RMP-EIS,https://eplanning.blm.gov/eplanning-ui/project/72554/510,,Current statewide source supplies one governing-plan/ROD association; earlier boundary and designation history require plan-level research.,"Natural systems, and Wildlife resources.",botanical_or_ecological;wildlife_and_habitat,The statewide source identifies special management attention to prevent irreparable damage to those values. Detailed restrictions and exceptions are plan-specific.,"Legal access, ownership, inholdings, and component-specific restrictions were not established from the statewide ACEC layer.",,California,,central_california_plan,no_water_value_identified_in_statewide_source,No fish-resource relevance is coded affirmative in the statewide source; spatial hydrologic context has not been derived.,,not_verified,,statewide_source_map_only,https://eplanning.blm.gov/eplanning-ui/project/72554/510,direct_official_plan_or_project_page,https://www.blm.gov/office/mother-lode-field-office,official_unit_url_candidate_not_http_validated,not_systematically_researched,not_systematically_researched,statewide_source_audit_complete_plan_level_research_partial,2026-08-05,high_source_identity_medium_semantic_history,"Limestone Salamander is represented in the current BLM California designated-ACEC layer under Sierra. The statewide source identifies natural systems, and wildlife resources as relevant designation categories. The statewide source identifies special management attention to prevent irreparable damage to those values. Detailed restrictions and exceptions are plan-specific. The mapped boundary is a planning-designation geometry, not an ownership or access boundary.","Detailed ACEC-specific plan pages, maps, prescriptions, land status, access, and related-designation intersections remain a documented research/overlay phase.",17,2179.401840475206,True,equivalent_within_qa_tolerance,user-supplied BRIM acec shapefile; EPSG:3310; original snapshot preserved
acec-992f147c29afe1,Lokern-Buena Vista,lokern buena vista,,lokern buena vista|Bakersfield Resource Management Plan|DOI-BLM-CA-C060-2014-0001-RMP-EIS|2014-12-22|CAC06000,currently_designated_source_layer,Currently mapped as designated,ACEC,ACEC,not_verified,True,False,False,unverified,unverified,1,1,1,,not_researched,69388.885734,69388.885734,-0.0,-0.0,Central California District,Bakersfield Field Office,Bakersfield Field Office,CAC06000,1,Bakersfield Resource Management Plan,2014-12-22,2014,BLM land-use planning decision,DOI-BLM-CA-C060-2014-0001-RMP-EIS,https://eplanning.blm.gov/Project-Home/?id=77b9ea95-a7f2-f011-8406-001dd802fdea,,Current statewide source supplies one governing-plan/ROD association; earlier boundary and designation history require plan-level research.,"Natural processes, Natural systems, and Wildlife resources.",botanical_or_ecological;wildlife_and_habitat,The statewide source identifies special management attention to prevent irreparable damage to those values. Detailed restrictions and exceptions are plan-specific.,"Legal access, ownership, inholdings, and component-specific restrictions were not established from the statewide ACEC layer.",,California,,central_california_plan,no_water_value_identified_in_statewide_source,No fish-resource relevance is coded affirmative in the statewide source; spatial hydrologic context has not been derived.,,not_verified,,statewide_source_map_only,https://eplanning.blm.gov/Project-Home/?id=77b9ea95-a7f2-f011-8406-001dd802fdea,direct_official_plan_or_project_page,https://www.blm.gov/office/bakersfield-field-office,official_unit_url_candidate_not_http_validated,not_systematically_researched,not_systematically_researched,statewide_source_audit_complete_plan_level_research_partial,2026-08-05,high_source_identity_medium_semantic_history,"Lokern-Buena Vista is represented in the current BLM California designated-ACEC layer under Bakersfield Resource Management Plan. The statewide source identifies natural processes, natural systems, and wildlife resources as relevant designation categories. The statewide source identifies special management attention to prevent irreparable damage to those values. Detailed restrictions and exceptions are plan-specific. The mapped boundary is a planning-designation geometry, not an ownership or access boundary.","Detailed ACEC-specific plan pages, maps, prescriptions, land status, access, and related-designation intersections remain a documented research/overlay phase.",2,69388.88573370228,True,equivalent_within_qa_tolerance,user-supplied BRIM acec shapefile; EPSG:3310; original snapshot preserved
acec-2b90609859ce74,Los Osos,los osos,,los osos|Bakersfield Resource Management Plan|DOI-BLM-CA-C060-2014-0001-RMP-EIS|2014-12-22|CAC06000,currently_designated_source_layer,Currently mapped as designated,ACEC,ACEC,not_verified,True,False,False,unverified,unverified,1,1,0,,not_researched,4.702207,4.702207,0.0,0.0,Central California District,Bakersfield Field Office,Bakersfield Field Office,CAC06000,1,Bakersfield Resource Management Plan,2014-12-22,2014,BLM land-use planning decision,DOI-BLM-CA-C060-2014-0001-RMP-EIS,https://eplanning.blm.gov/Project-Home/?id=77b9ea95-a7f2-f011-8406-001dd802fdea,,Current statewide source supplies one governing-plan/ROD association; earlier boundary and designation history require plan-level research.,"Cultural resources, Historic resources, Natural processes, Natural systems, and Wildlife resources.",botanical_or_ecological;cultural_archaeological_historic;wildlife_and_habitat,The statewide source identifies special management attention to prevent irreparable damage to those values. Detailed restrictions and exceptions are plan-specific.,"Legal access, ownership, inholdings, and component-specific restrictions were not established from the statewide ACEC layer.",,California,,central_california_plan,no_water_value_identified_in_statewide_source,No fish-resource relevance is coded affirmative in the statewide source; spatial hydrologic context has not been derived.,,not_verified,,statewide_source_map_only,https://eplanning.blm.gov/Project-Home/?id=77b9ea95-a7f2-f011-8406-001dd802fdea,direct_official_plan_or_project_page,https://www.blm.gov/office/bakersfield-field-office,official_unit_url_candidate_not_http_validated,not_systematically_researched,not_systematically_researched,statewide_source_audit_complete_plan_level_research_partial,2026-08-05,high_source_identity_medium_semantic_history,"Los Osos is represented in the current BLM California designated-ACEC layer under Bakersfield Resource Management Plan. The statewide source identifies cultural resources, historic resources, natural processes, natural systems, and wildlife resources as relevant designation categories. The statewide source identifies special management attention to prevent irreparable damage to those values. Detailed restrictions and exceptions are plan-specific. The mapped boundary is a planning-designation geometry, not an ownership or access boundary.","Detailed ACEC-specific plan pages, maps, prescriptions, land status, access, and related-designation intersections remain a documented research/overlay phase.",1,4.702206599252303,True,equivalent_within_qa_tolerance,user-supplied BRIM acec shapefile; EPSG:3310; original snapshot preserved
acec-c825ac751c4b6c,Lost Valley,lost valley,,lost valley|Ukiah|DOI-BLM-CA-C050-2006-0001-RMP-EIS|2006-09-25|CAC05000,currently_designated_source_layer,Currently mapped as designated,ACEC,ACEC,not_verified,True,False,False,unverified,unverified,1,1,0,,not_researched,39.167322,39.167322,0.0,0.0,Central California District,Ukiah Field Office,Ukiah Field Office,CAC05000,1,Ukiah,2006-09-25,2006,BLM land-use planning decision,DOI-BLM-CA-C050-2006-0001-RMP-EIS,https://www.blm.gov/programs/planning-and-nepa/plans-in-development/california,,Current statewide source supplies one governing-plan/ROD association; earlier boundary and designation history require plan-level research.,"Natural processes, Natural systems, and Wildlife resources.",botanical_or_ecological;wildlife_and_habitat,The statewide source identifies special management attention to prevent irreparable damage to those values. Detailed restrictions and exceptions are plan-specific.,"Legal access, ownership, inholdings, and component-specific restrictions were not established from the statewide ACEC layer.",,California,,central_california_plan,no_water_value_identified_in_statewide_source,No fish-resource relevance is coded affirmative in the statewide source; spatial hydrologic context has not been derived.,,not_verified,,statewide_source_map_only,https://www.blm.gov/programs/planning-and-nepa/plans-in-development/california,official_california_plan_index_only,https://www.blm.gov/office/ukiah-field-office,official_unit_url_candidate_not_http_validated,not_systematically_researched,not_systematically_researched,statewide_source_audit_complete_plan_level_research_partial,2026-08-05,high_source_identity_medium_semantic_history,"Lost Valley is represented in the current BLM California designated-ACEC layer under Ukiah. The statewide source identifies natural processes, natural systems, and wildlife resources as relevant designation categories. The statewide source identifies special management attention to prevent irreparable damage to those values. Detailed restrictions and exceptions are plan-specific. The mapped boundary is a planning-designation geometry, not an ownership or access boundary.","Detailed ACEC-specific plan pages, maps, prescriptions, land status, access, and related-designation intersections remain a documented research/overlay phase.",1,39.16732169702685,True,equivalent_within_qa_tolerance,user-supplied BRIM acec shapefile; EPSG:3310; original snapshot preserved
acec-dd295da0d03980,Lower Smoke Creek,lower smoke creek,,lower smoke creek|Eagle Lake|DOI-BLM-CA-N050-2008-0002-RMP-EIS|2008-04-17|CAN05000,currently_designated_source_layer,Currently mapped as designated,ACEC,ACEC,not_verified,True,False,False,unverified,unverified,1,1,0,,not_researched,894.210079,894.210079,0.0,0.0,Northern California District,Eagle Lake Field Office,Eagle Lake Field Office,CAN05000,1,Eagle Lake,2008-04-17,2008,BLM land-use planning decision,DOI-BLM-CA-N050-2008-0002-RMP-EIS,https://eplanning.blm.gov/eplanning-ui/project/69341/510,,Current statewide source supplies one governing-plan/ROD association; earlier boundary and designation history require plan-level research.,"Cultural resources, Fish or aquatic resources, Historic resources, Natural processes, Natural systems, Scenic values, and Wildlife resources.",botanical_or_ecological;cultural_archaeological_historic;scenic;water_aquatic;wildlife_and_habitat,The statewide source identifies special management attention to protect identified relevant and important values. Detailed restrictions and exceptions are plan-specific.,"Legal access, ownership, inholdings, and component-specific restrictions were not established from the statewide ACEC layer.",,California,,northern_california_other_plan,documented_designation_value,The statewide source identifies fish-resource relevance.,,not_verified,,statewide_source_map_only,https://eplanning.blm.gov/eplanning-ui/project/69341/510,direct_official_plan_or_project_page,https://www.blm.gov/office/eagle-lake-field-office,official_unit_url_candidate_not_http_validated,not_systematically_researched,not_systematically_researched,statewide_source_audit_complete_plan_level_research_partial,2026-08-05,high_source_identity_medium_semantic_history,"Lower Smoke Creek is represented in the current BLM California designated-ACEC layer under Eagle Lake. The statewide source identifies cultural resources, fish or aquatic resources, historic resources, natural processes, natural systems, scenic values, and wildlife resources as relevant designation categories. The statewide source identifies special management attention to protect identified relevant and important values. Detailed restrictions and exceptions are plan-specific. The mapped boundary is a planning-designation geometry, not an ownership or access boundary.","Detailed ACEC-specific plan pages, maps, prescriptions, land status, access, and related-designation intersections remain a documented research/overlay phase.",1,894.2100786282925,True,equivalent_within_qa_tolerance,user-supplied BRIM acec shapefile; EPSG:3310; original snapshot preserved
acec-e9e3b76fe04173,Ma-le'l Dunes,ma le l dunes,,ma le l dunes|Northwest California Integrated Plan|DOI-BLM-CA-N060-2021-0012-RMP-EIS|2024-11-06|CAN03000,currently_designated_source_layer,Currently mapped as designated,ACEC,ACEC,not_verified,True,False,False,unverified,unverified,1,1,0,,not_researched,180.585659,180.585659,0.0,0.0,Northern California District,Arcata Field Office,Arcata Field Office,CAN03000,1,Northwest California Integrated Plan,2024-11-06,2024,BLM land-use planning decision,DOI-BLM-CA-N060-2021-0012-RMP-EIS,https://www.blm.gov/programs/planning-and-nepa/plans-in-development/california/northwest-california-integrated-rmp,,Current statewide source supplies one governing-plan/ROD association; earlier boundary and designation history require plan-level research.,"Cultural resources, Historic resources, Natural processes, and Natural systems.",botanical_or_ecological;cultural_archaeological_historic,The statewide source identifies special management attention to prevent irreparable damage to those values. Detailed restrictions and exceptions are plan-specific.,"Legal access, ownership, inholdings, and component-specific restrictions were not established from the statewide ACEC layer.",,California,,northwest_california_integrated_plan,no_water_value_identified_in_statewide_source,No fish-resource relevance is coded affirmative in the statewide source; spatial hydrologic context has not been derived.,,not_verified,,statewide_source_map_only,https://www.blm.gov/programs/planning-and-nepa/plans-in-development/california/northwest-california-integrated-rmp,direct_official_plan_or_project_page,https://www.blm.gov/office/arcata-field-office,official_unit_url_candidate_not_http_validated,not_systematically_researched,not_systematically_researched,statewide_source_audit_complete_plan_level_research_partial,2026-08-05,high_source_identity_medium_semantic_history,"Ma-le'l Dunes is represented in the current BLM California designated-ACEC layer under Northwest California Integrated Plan. The statewide source identifies cultural resources, historic resources, natural processes, and natural systems as relevant designation categories. The statewide source identifies special management attention to prevent irreparable damage to those values. Detailed restrictions and exceptions are plan-specific. The mapped boundary is a planning-designation geometry, not an ownership or access boundary.","Detailed ACEC-specific plan pages, maps, prescriptions, land status, access, and related-designation intersections remain a documented research/overlay phase.",1,180.58565925984877,True,equivalent_within_qa_tolerance,user-supplied BRIM acec shapefile; EPSG:3310; original snapshot preserved
acec-029d324461b4fd,Manix,manix,,"manix|CDCA Plan, as amended by DRECP|DOI-BLM-CA-D010-2014-0001-RMP-EIS|2016-09-14|CAD00000",currently_designated_source_layer,Currently mapped as designated,ACEC,ACEC,not_verified,True,False,False,unverified,unverified,1,1,0,,not_researched,2902.229549,2902.229549,0.0,0.0,California Desert District,,California Desert District,CAD00000,1,"CDCA Plan, as amended by DRECP",2016-09-14,2016,BLM land-use planning decision,DOI-BLM-CA-D010-2014-0001-RMP-EIS,https://www.blm.gov/programs/planning-and-nepa/plans-in-development/california/desert-renewable-energy-conservation-plan,,Current statewide source supplies one governing-plan/ROD association; earlier boundary and designation history require plan-level research.,"Cultural resources, Historic resources, Natural processes, Natural systems, Scenic values, and Wildlife resources.",botanical_or_ecological;cultural_archaeological_historic;scenic;wildlife_and_habitat,The statewide source identifies special management attention to prevent irreparable damage to those values. Detailed restrictions and exceptions are plan-specific.,"Legal access, ownership, inholdings, and component-specific restrictions were not established from the statewide ACEC layer.",,California,,drecp,no_water_value_identified_in_statewide_source,No fish-resource relevance is coded affirmative in the statewide source; spatial hydrologic context has not been derived.,,not_verified,,statewide_source_map_only,https://www.blm.gov/programs/planning-and-nepa/plans-in-development/california/desert-renewable-energy-conservation-plan,direct_official_plan_or_project_page,https://www.blm.gov/office/california-desert-district-office,official_unit_url_candidate_not_http_validated,not_systematically_researched,not_systematically_researched,statewide_source_audit_complete_plan_level_research_partial,2026-08-05,high_source_identity_medium_semantic_history,"Manix is represented in the current BLM California designated-ACEC layer under CDCA Plan, as amended by DRECP. The statewide source identifies cultural resources, historic resources, natural processes, natural systems, scenic values, and wildlife resources as relevant designation categories. The statewide source identifies special management attention to prevent irreparable damage to those values. Detailed restrictions and exceptions are plan-specific. The mapped boundary is a planning-designation geometry, not an ownership or access boundary.","Detailed ACEC-specific plan pages, maps, prescriptions, land status, access, and related-designation intersections remain a documented research/overlay phase.",1,2902.2295492856133,True,equivalent_within_qa_tolerance,user-supplied BRIM acec shapefile; EPSG:3310; original snapshot preserved
acec-0db5fa64bf3ed1,Manzanar,manzanar,,"manzanar|Bishop RMP, as amended by DRECP|DOI-BLM-CA-D010-2014-0001-RMP-EIS|2016-09-14|CAC07000",currently_designated_source_layer,Currently mapped as designated,ACEC,ACEC,not_verified,True,False,False,unverified,unverified,1,1,0,,not_researched,572.507848,572.507848,0.0,0.0,Central California District,Bishop Field Office,Bishop Field Office,CAC07000,1,"Bishop RMP, as amended by DRECP",2016-09-14,2016,BLM land-use planning decision,DOI-BLM-CA-D010-2014-0001-RMP-EIS,https://www.blm.gov/programs/planning-and-nepa/plans-in-development/california/desert-renewable-energy-conservation-plan,,Current statewide source supplies one governing-plan/ROD association; earlier boundary and designation history require plan-level research.,"Cultural resources, Historic resources, and Scenic values.",cultural_archaeological_historic;scenic,The statewide source identifies special management attention to prevent irreparable damage to those values. Detailed restrictions and exceptions are plan-specific.,"Legal access, ownership, inholdings, and component-specific restrictions were not established from the statewide ACEC layer.",,California,,drecp,no_water_value_identified_in_statewide_source,No fish-resource relevance is coded affirmative in the statewide source; spatial hydrologic context has not been derived.,,not_verified,,statewide_source_map_only,https://www.blm.gov/programs/planning-and-nepa/plans-in-development/california/desert-renewable-energy-conservation-plan,direct_official_plan_or_project_page,https://www.blm.gov/office/bishop-field-office,official_unit_url_candidate_not_http_validated,not_systematically_researched,not_systematically_researched,statewide_source_audit_complete_plan_level_research_partial,2026-08-05,high_source_identity_medium_semantic_history,"Manzanar is represented in the current BLM California designated-ACEC layer under Bishop RMP, as amended by DRECP. The statewide source identifies cultural resources, historic resources, and scenic values as relevant designation categories. The statewide source identifies special management attention to prevent irreparable damage to those values. Detailed restrictions and exceptions are plan-specific. The mapped boundary is a planning-designation geometry, not an ownership or access boundary.","Detailed ACEC-specific plan pages, maps, prescriptions, land status, access, and related-designation intersections remain a documented research/overlay phase.",1,572.5078481476917,True,equivalent_within_qa_tolerance,user-supplied BRIM acec shapefile; EPSG:3310; original snapshot preserved
acec-f36059a52d6337,Marble Mountain Fossil Bed,marble mountain fossil bed,,"marble mountain fossil bed|CDCA Plan, as amended by DRECP|DOI-BLM-CA-D010-2014-0001-RMP-EIS|2016-09-14|CAD00000",currently_designated_source_layer,Currently mapped as designated,ACEC,ACEC,not_verified,True,False,False,unverified,unverified,1,1,0,,not_researched,231.571785,231.571785,-0.0,-0.0,California Desert District,,California Desert District,CAD00000,1,"CDCA Plan, as amended by DRECP",2016-09-14,2016,BLM land-use planning decision,DOI-BLM-CA-D010-2014-0001-RMP-EIS,https://www.blm.gov/programs/planning-and-nepa/plans-in-development/california/desert-renewable-energy-conservation-plan,,Current statewide source supplies one governing-plan/ROD association; earlier boundary and designation history require plan-level research.,"Historic resources, and Natural systems.",botanical_or_ecological;cultural_archaeological_historic,The statewide source identifies special management attention to protect identified relevant and important values. Detailed restrictions and exceptions are plan-specific.,"Legal access, ownership, inholdings, and component-specific restrictions were not established from the statewide ACEC layer.",,California,,drecp,no_water_value_identified_in_statewide_source,No fish-resource relevance is coded affirmative in the statewide source; spatial hydrologic context has not been derived.,,not_verified,,statewide_source_map_only,https://www.blm.gov/programs/planning-and-nepa/plans-in-development/california/desert-renewable-energy-conservation-plan,direct_official_plan_or_project_page,https://www.blm.gov/office/california-desert-district-office,official_unit_url_candidate_not_http_validated,not_systematically_researched,not_systematically_researched,statewide_source_audit_complete_plan_level_research_partial,2026-08-05,high_source_identity_medium_semantic_history,"Marble Mountain Fossil Bed is represented in the current BLM California designated-ACEC layer under CDCA Plan, as amended by DRECP. The statewide source identifies historic resources, and natural systems as relevant designation categories. The statewide source identifies special management attention to protect identified relevant and important values. Detailed restrictions and exceptions are plan-specific. The mapped boundary is a planning-designation geometry, not an ownership or access boundary.","Detailed ACEC-specific plan pages, maps, prescriptions, land status, access, and related-designation intersections remain a documented research/overlay phase.",1,231.5717850833219,True,equivalent_within_qa_tolerance,user-supplied BRIM acec shapefile; EPSG:3310; original snapshot preserved
acec-59613849770fce,Massacre Rim,massacre rim,,massacre rim|Surprise|DOI-BLM-CA-N020-2008-0002-RMP-EIS|2008-04-17|CAN02000,currently_designated_source_layer,Currently mapped as designated,ACEC,ACEC,not_verified,True,False,False,unverified,unverified,1,1,0,,not_researched,48422.954003,47990.806227,432.147776,0.892444,Northern California District,Applegate Field Office,Applegate Field Office,CAN02000,1,Surprise,2008-04-17,2008,BLM land-use planning decision,DOI-BLM-CA-N020-2008-0002-RMP-EIS,https://eplanning.blm.gov/eplanning-ui/project/65663/510,,Current statewide source supplies one governing-plan/ROD association; earlier boundary and designation history require plan-level research.,"Cultural resources, Historic resources, and Wildlife resources.",cultural_archaeological_historic;wildlife_and_habitat,The statewide source identifies special management attention to prevent irreparable damage to those values. Detailed restrictions and exceptions are plan-specific.,"Legal access, ownership, inholdings, and component-specific restrictions were not established from the statewide ACEC layer.",,California,,northern_california_other_plan,no_water_value_identified_in_statewide_source,No fish-resource relevance is coded affirmative in the statewide source; spatial hydrologic context has not been derived.,,not_verified,,statewide_source_map_only,https://eplanning.blm.gov/eplanning-ui/project/65663/510,direct_official_plan_or_project_page,https://www.blm.gov/office/applegate-field-office,official_unit_url_candidate_not_http_validated,not_systematically_researched,not_systematically_researched,statewide_source_audit_complete_plan_level_research_partial,2026-08-05,high_source_identity_medium_semantic_history,"Massacre Rim is represented in the current BLM California designated-ACEC layer under Surprise. The statewide source identifies cultural resources, historic resources, and wildlife resources as relevant designation categories. The statewide source identifies special management attention to prevent irreparable damage to those values. Detailed restrictions and exceptions are plan-specific. The mapped boundary is a planning-designation geometry, not an ownership or access boundary.","Detailed ACEC-specific plan pages, maps, prescriptions, land status, access, and related-designation intersections remain a documented research/overlay phase.",1,47990.80622691302,True,equivalent_within_qa_tolerance,user-supplied BRIM acec shapefile; EPSG:3310; original snapshot preserved
acec-e7b7796f0ade7a,Mattole Beach,mattole beach,,mattole beach|King Range NCA|DOI-BLM-CA-N030-2005-0001-RMP-EIS|2005-05-11|CAN03000,currently_designated_source_layer,Currently mapped as designated,ACEC,ACEC,not_verified,True,False,False,unverified,unverified,1,1,0,,not_researched,797.806422,797.806422,0.0,0.0,Northern California District,Arcata Field Office,Arcata Field Office,CAN03000,1,King Range NCA,2005-05-11,2005,BLM land-use planning decision,DOI-BLM-CA-N030-2005-0001-RMP-EIS,https://eplanning.blm.gov/Project-Home/?id=924ca39a-a7f2-f011-8407-001dd803d067,,Current statewide source supplies one governing-plan/ROD association; earlier boundary and designation history require plan-level research.,"Cultural resources, Historic resources, Natural processes, Natural systems, and Wildlife resources.",botanical_or_ecological;cultural_archaeological_historic;wildlife_and_habitat,The statewide source identifies special management attention to prevent irreparable damage to those values. Detailed restrictions and exceptions are plan-specific.,"Legal access, ownership, inholdings, and component-specific restrictions were not established from the statewide ACEC layer.",,California,,northern_california_other_plan,no_water_value_identified_in_statewide_source,No fish-resource relevance is coded affirmative in the statewide source; spatial hydrologic context has not been derived.,,not_verified,,statewide_source_map_only,https://eplanning.blm.gov/Project-Home/?id=924ca39a-a7f2-f011-8407-001dd803d067,direct_official_plan_or_project_page,https://www.blm.gov/office/arcata-field-office,official_unit_url_candidate_not_http_validated,not_systematically_researched,not_systematically_researched,statewide_source_audit_complete_plan_level_research_partial,2026-08-05,high_source_identity_medium_semantic_history,"Mattole Beach is represented in the current BLM California designated-ACEC layer under King Range NCA. The statewide source identifies cultural resources, historic resources, natural processes, natural systems, and wildlife resources as relevant designation categories. The statewide source identifies special management attention to prevent irreparable damage to those values. Detailed restrictions and exceptions are plan-specific. The mapped boundary is a planning-designation geometry, not an ownership or access boundary.","Detailed ACEC-specific plan pages, maps, prescriptions, land status, access, and related-designation intersections remain a documented research/overlay phase.",1,797.8064215165437,True,equivalent_within_qa_tolerance,user-supplied BRIM acec shapefile; EPSG:3310; original snapshot preserved
acec-0f04a118816070,McCoy Valley,mccoy valley,,"mccoy valley|CDCA Plan, as amended by DRECP||2016-09-14|CAD00000",currently_designated_source_layer,Currently mapped as designated,ACEC,ACEC,not_verified,True,False,False,unverified,unverified,1,1,1,,not_researched,30553.742151,30553.742151,-0.0,-0.0,California Desert District,,California Desert District,CAD00000,1,"CDCA Plan, as amended by DRECP",2016-09-14,2016,BLM land-use planning decision,,https://www.blm.gov/programs/planning-and-nepa/plans-in-development/california,,Current statewide source supplies one governing-plan/ROD association; earlier boundary and designation history require plan-level research.,"Natural processes, Natural systems, and Wildlife resources.",botanical_or_ecological;wildlife_and_habitat,The statewide source identifies special management attention to prevent irreparable damage to those values. Detailed restrictions and exceptions are plan-specific.,"Legal access, ownership, inholdings, and component-specific restrictions were not established from the statewide ACEC layer.",,California,,drecp,no_water_value_identified_in_statewide_source,No fish-resource relevance is coded affirmative in the statewide source; spatial hydrologic context has not been derived.,,not_verified,,statewide_source_map_only,https://www.blm.gov/programs/planning-and-nepa/plans-in-development/california,official_california_plan_index_only,https://www.blm.gov/office/california-desert-district-office,official_unit_url_candidate_not_http_validated,not_systematically_researched,not_systematically_researched,statewide_source_audit_complete_plan_level_research_partial,2026-08-05,high_source_identity_medium_semantic_history,"McCoy Valley is represented in the current BLM California designated-ACEC layer under CDCA Plan, as amended by DRECP. The statewide source identifies natural processes, natural systems, and wildlife resources as relevant designation categories. The statewide source identifies special management attention to prevent irreparable damage to those values. Detailed restrictions and exceptions are plan-specific. The mapped boundary is a planning-designation geometry, not an ownership or access boundary.","Detailed ACEC-specific plan pages, maps, prescriptions, land status, access, and related-designation intersections remain a documented research/overlay phase.",2,30553.74215130418,True,equivalent_within_qa_tolerance,user-supplied BRIM acec shapefile; EPSG:3310; original snapshot preserved
acec-22fd99f1f52a11,McCoy Wash,mccoy wash,,"mccoy wash|CDCA Plan, as amended by DRECP||2016-09-14|CAD00000",currently_designated_source_layer,Currently mapped as designated,ACEC,ACEC,not_verified,True,False,False,unverified,unverified,1,1,0,,not_researched,7834.388864,7834.388864,0.0,0.0,California Desert District,,California Desert District,CAD00000,1,"CDCA Plan, as amended by DRECP",2016-09-14,2016,BLM land-use planning decision,,https://www.blm.gov/programs/planning-and-nepa/plans-in-development/california,,Current statewide source supplies one governing-plan/ROD association; earlier boundary and designation history require plan-level research.,"Natural processes, and Natural systems.",botanical_or_ecological,The statewide source identifies special management attention to prevent irreparable damage to those values. Detailed restrictions and exceptions are plan-specific.,"Legal access, ownership, inholdings, and component-specific restrictions were not established from the statewide ACEC layer.",,California,,drecp,no_water_value_identified_in_statewide_source,No fish-resource relevance is coded affirmative in the statewide source; spatial hydrologic context has not been derived.,,not_verified,,statewide_source_map_only,https://www.blm.gov/programs/planning-and-nepa/plans-in-development/california,official_california_plan_index_only,https://www.blm.gov/office/california-desert-district-office,official_unit_url_candidate_not_http_validated,not_systematically_researched,not_systematically_researched,statewide_source_audit_complete_plan_level_research_partial,2026-08-05,high_source_identity_medium_semantic_history,"McCoy Wash is represented in the current BLM California designated-ACEC layer under CDCA Plan, as amended by DRECP. The statewide source identifies natural processes, and natural systems as relevant designation categories. The statewide source identifies special management attention to prevent irreparable damage to those values. Detailed restrictions and exceptions are plan-specific. The mapped boundary is a planning-designation geometry, not an ownership or access boundary.","Detailed ACEC-specific plan pages, maps, prescriptions, land status, access, and related-designation intersections remain a documented research/overlay phase.",1,7834.388864479379,True,equivalent_within_qa_tolerance,user-supplied BRIM acec shapefile; EPSG:3310; original snapshot preserved
acec-29f7d98ecf0deb,Merced River,merced river,,merced river|Sierra|DOI-BLM-CA-C080-2007-0001-RMP-EIS|2008-02-01|CAC08000,currently_designated_source_layer,Currently mapped as designated,ACEC,ACEC,not_verified,True,False,False,unverified,unverified,1,1,0,,not_researched,3809.839694,3809.839694,0.0,0.0,Central California District,Mother Lode Field Office,Mother Lode Field Office,CAC08000,1,Sierra,2008-02-01,2008,BLM land-use planning decision,DOI-BLM-CA-C080-2007-0001-RMP-EIS,https://eplanning.blm.gov/eplanning-ui/project/72554/510,,Current statewide source supplies one governing-plan/ROD association; earlier boundary and designation history require plan-level research.,"Natural systems, and Scenic values.",botanical_or_ecological;scenic,The statewide source identifies special management attention to prevent irreparable damage to those values. Detailed restrictions and exceptions are plan-specific.,"Legal access, ownership, inholdings, and component-specific restrictions were not established from the statewide ACEC layer.",,California,,central_california_plan,no_water_value_identified_in_statewide_source,No fish-resource relevance is coded affirmative in the statewide source; spatial hydrologic context has not been derived.,,not_verified,,statewide_source_map_only,https://eplanning.blm.gov/eplanning-ui/project/72554/510,direct_official_plan_or_project_page,https://www.blm.gov/office/mother-lode-field-office,official_unit_url_candidate_not_http_validated,not_systematically_researched,not_systematically_researched,statewide_source_audit_complete_plan_level_research_partial,2026-08-05,high_source_identity_medium_semantic_history,"Merced River is represented in the current BLM California designated-ACEC layer under Sierra. The statewide source identifies natural systems, and scenic values as relevant designation categories. The statewide source identifies special management attention to prevent irreparable damage to those values. Detailed restrictions and exceptions are plan-specific. The mapped boundary is a planning-designation geometry, not an ownership or access boundary.","Detailed ACEC-specific plan pages, maps, prescriptions, land status, access, and related-designation intersections remain a documented research/overlay phase.",1,3809.8396937684333,True,equivalent_within_qa_tolerance,user-supplied BRIM acec shapefile; EPSG:3310; original snapshot preserved
acec-7383a744119409,Mesquite Hills/Crucero,mesquite hills crucero,,"mesquite hills crucero|CDCA Plan, as amended by DRECP|DOI-BLM-CA-D010-2014-0001-RMP-EIS|2016-09-14|CAD00000",currently_designated_source_layer,Currently mapped as designated,ACEC,ACEC,not_verified,True,False,False,unverified,unverified,1,1,1,,not_researched,5031.336412,5031.336412,-0.0,-0.0,California Desert District,,California Desert District,CAD00000,1,"CDCA Plan, as amended by DRECP",2016-09-14,2016,BLM land-use planning decision,DOI-BLM-CA-D010-2014-0001-RMP-EIS,https://www.blm.gov/programs/planning-and-nepa/plans-in-development/california/desert-renewable-energy-conservation-plan,,Current statewide source supplies one governing-plan/ROD association; earlier boundary and designation history require plan-level research.,"Cultural resources, Historic resources, Natural processes, Natural systems, Scenic values, and Wildlife resources.",botanical_or_ecological;cultural_archaeological_historic;scenic;wildlife_and_habitat,The statewide source identifies special management attention to prevent irreparable damage to those values. Detailed restrictions and exceptions are plan-specific.,"Legal access, ownership, inholdings, and component-specific restrictions were not established from the statewide ACEC layer.",,California,,drecp,no_water_value_identified_in_statewide_source,No fish-resource relevance is coded affirmative in the statewide source; spatial hydrologic context has not been derived.,,not_verified,,statewide_source_map_only,https://www.blm.gov/programs/planning-and-nepa/plans-in-development/california/desert-renewable-energy-conservation-plan,direct_official_plan_or_project_page,https://www.blm.gov/office/california-desert-district-office,official_unit_url_candidate_not_http_validated,not_systematically_researched,not_systematically_researched,statewide_source_audit_complete_plan_level_research_partial,2026-08-05,high_source_identity_medium_semantic_history,"Mesquite Hills/Crucero is represented in the current BLM California designated-ACEC layer under CDCA Plan, as amended by DRECP. The statewide source identifies cultural resources, historic resources, natural processes, natural systems, scenic values, and wildlife resources as relevant designation categories. The statewide source identifies special management attention to prevent irreparable damage to those values. Detailed restrictions and exceptions are plan-specific. The mapped boundary is a planning-designation geometry, not an ownership or access boundary.","Detailed ACEC-specific plan pages, maps, prescriptions, land status, access, and related-designation intersections remain a documented research/overlay phase.",2,5031.336412204071,False,equivalent_within_qa_tolerance,user-supplied BRIM acec shapefile; EPSG:3310; original snapshot preserved
acec-7e432c5901abe6,Mesquite Lake,mesquite lake,,"mesquite lake|CDCA Plan, as amended by DRECP|DOI-BLM-CA-D010-2014-0001-RMP-EIS|2016-09-14|CAD00000",currently_designated_source_layer,Currently mapped as designated,ACEC,ACEC,not_verified,True,False,False,unverified,unverified,1,1,0,,not_researched,6760.968327,6760.968327,0.0,0.0,California Desert District,,California Desert District,CAD00000,1,"CDCA Plan, as amended by DRECP",2016-09-14,2016,BLM land-use planning decision,DOI-BLM-CA-D010-2014-0001-RMP-EIS,https://www.blm.gov/programs/planning-and-nepa/plans-in-development/california/desert-renewable-energy-conservation-plan,,Current statewide source supplies one governing-plan/ROD association; earlier boundary and designation history require plan-level research.,Cultural resources.,cultural_archaeological_historic,The statewide source identifies special management attention to prevent irreparable damage to those values. Detailed restrictions and exceptions are plan-specific.,"Legal access, ownership, inholdings, and component-specific restrictions were not established from the statewide ACEC layer.",,California,,drecp,no_water_value_identified_in_statewide_source,No fish-resource relevance is coded affirmative in the statewide source; spatial hydrologic context has not been derived.,,not_verified,,statewide_source_map_only,https://www.blm.gov/programs/planning-and-nepa/plans-in-development/california/desert-renewable-energy-conservation-plan,direct_official_plan_or_project_page,https://www.blm.gov/office/california-desert-district-office,official_unit_url_candidate_not_http_validated,not_systematically_researched,not_systematically_researched,statewide_source_audit_complete_plan_level_research_partial,2026-08-05,high_source_identity_medium_semantic_history,"Mesquite Lake is represented in the current BLM California designated-ACEC layer under CDCA Plan, as amended by DRECP. The statewide source identifies cultural resources as relevant designation categories. The statewide source identifies special management attention to prevent irreparable damage to those values. Detailed restrictions and exceptions are plan-specific. The mapped boundary is a planning-designation geometry, not an ownership or access boundary.","Detailed ACEC-specific plan pages, maps, prescriptions, land status, access, and related-designation intersections remain a documented research/overlay phase.",1,6760.968326676326,True,equivalent_within_qa_tolerance,user-supplied BRIM acec shapefile; EPSG:3310; original snapshot preserved
acec-2f6a2aa00acde4,Middle Knob,middle knob,,"middle knob|CDCA Plan, as amended by DRECP||2016-09-14|CAD00000",currently_designated_source_layer,Currently mapped as designated,ACEC,ACEC,not_verified,True,False,False,unverified,unverified,1,1,1,,not_researched,20532.569801,20532.569801,0.0,0.0,California Desert District,,California Desert District,CAD00000,1,"CDCA Plan, as amended by DRECP",2016-09-14,2016,BLM land-use planning decision,,https://www.blm.gov/programs/planning-and-nepa/plans-in-development/california,,Current statewide source supplies one governing-plan/ROD association; earlier boundary and designation history require plan-level research.,"Natural processes, and Natural systems.",botanical_or_ecological,The statewide source identifies special management attention to prevent irreparable damage to those values. Detailed restrictions and exceptions are plan-specific.,"Legal access, ownership, inholdings, and component-specific restrictions were not established from the statewide ACEC layer.",,California,,drecp,no_water_value_identified_in_statewide_source,No fish-resource relevance is coded affirmative in the statewide source; spatial hydrologic context has not been derived.,,not_verified,,statewide_source_map_only,https://www.blm.gov/programs/planning-and-nepa/plans-in-development/california,official_california_plan_index_only,https://www.blm.gov/office/california-desert-district-office,official_unit_url_candidate_not_http_validated,not_systematically_researched,not_systematically_researched,statewide_source_audit_complete_plan_level_research_partial,2026-08-05,high_source_identity_medium_semantic_history,"Middle Knob is represented in the current BLM California designated-ACEC layer under CDCA Plan, as amended by DRECP. The statewide source identifies natural processes, and natural systems as relevant designation categories. The statewide source identifies special management attention to prevent irreparable damage to those values. Detailed restrictions and exceptions are plan-specific. The mapped boundary is a planning-designation geometry, not an ownership or access boundary.","Detailed ACEC-specific plan pages, maps, prescriptions, land status, access, and related-designation intersections remain a documented research/overlay phase.",2,20532.569801257596,True,equivalent_within_qa_tolerance,user-supplied BRIM acec shapefile; EPSG:3310; original snapshot preserved
acec-5a013344bad657,Mill Creek,mill creek,,mill creek|King Range NCA|DOI-BLM-CA-N030-2005-0001-RMP-EIS|2005-05-11|CAN03000,currently_designated_source_layer,Currently mapped as designated,ACEC,ACEC,not_verified,True,False,False,unverified,unverified,1,1,0,,not_researched,948.346061,948.346061,-0.0,-0.0,Northern California District,Arcata Field Office,Arcata Field Office,CAN03000,1,King Range NCA,2005-05-11,2005,BLM land-use planning decision,DOI-BLM-CA-N030-2005-0001-RMP-EIS,https://eplanning.blm.gov/Project-Home/?id=924ca39a-a7f2-f011-8407-001dd803d067,,Current statewide source supplies one governing-plan/ROD association; earlier boundary and designation history require plan-level research.,"Fish or aquatic resources, Natural processes, and Natural systems.",botanical_or_ecological;water_aquatic,The statewide source identifies special management attention to prevent irreparable damage to those values. Detailed restrictions and exceptions are plan-specific.,"Legal access, ownership, inholdings, and component-specific restrictions were not established from the statewide ACEC layer.",,California,,northern_california_other_plan,documented_designation_value,The statewide source identifies fish-resource relevance.,,not_verified,,statewide_source_map_only,https://eplanning.blm.gov/Project-Home/?id=924ca39a-a7f2-f011-8407-001dd803d067,direct_official_plan_or_project_page,https://www.blm.gov/office/arcata-field-office,official_unit_url_candidate_not_http_validated,not_systematically_researched,not_systematically_researched,statewide_source_audit_complete_plan_level_research_partial,2026-08-05,high_source_identity_medium_semantic_history,"Mill Creek is represented in the current BLM California designated-ACEC layer under King Range NCA. The statewide source identifies fish or aquatic resources, natural processes, and natural systems as relevant designation categories. The statewide source identifies special management attention to prevent irreparable damage to those values. Detailed restrictions and exceptions are plan-specific. The mapped boundary is a planning-designation geometry, not an ownership or access boundary.","Detailed ACEC-specific plan pages, maps, prescriptions, land status, access, and related-designation intersections remain a documented research/overlay phase.",1,948.3460608400744,True,equivalent_within_qa_tolerance,user-supplied BRIM acec shapefile; EPSG:3310; original snapshot preserved
acec-8cb6d52ea6add9,Million Dollar Spring,million dollar spring,,million dollar spring|South Coast||1994-05-26|CAD06000,currently_designated_source_layer,Currently mapped as designated,ACEC,ACEC,not_verified,True,False,False,unverified,unverified,1,1,0,,not_researched,6353.058933,6353.058933,-0.0,-0.0,California Desert District,Palm Springs-South Coast Field Office,Palm Springs-South Coast Field Office,CAD06000,1,South Coast,1994-05-26,1994,BLM land-use planning decision,,https://www.blm.gov/programs/planning-and-nepa/plans-in-development/california,,Current statewide source supplies one governing-plan/ROD association; earlier boundary and designation history require plan-level research.,"Natural processes, and Natural systems.",botanical_or_ecological,The statewide source identifies special management attention to prevent irreparable damage to those values. Detailed restrictions and exceptions are plan-specific.,"Legal access, ownership, inholdings, and component-specific restrictions were not established from the statewide ACEC layer.",,California,,california_desert_other_plan,no_water_value_identified_in_statewide_source,No fish-resource relevance is coded affirmative in the statewide source; spatial hydrologic context has not been derived.,,not_verified,,statewide_source_map_only,https://www.blm.gov/programs/planning-and-nepa/plans-in-development/california,official_california_plan_index_only,https://www.blm.gov/office/palm-springs-south-coast-field-office,official_unit_url_candidate_not_http_validated,not_systematically_researched,not_systematically_researched,statewide_source_audit_complete_plan_level_research_partial,2026-08-05,high_source_identity_medium_semantic_history,"Million Dollar Spring is represented in the current BLM California designated-ACEC layer under South Coast. The statewide source identifies natural processes, and natural systems as relevant designation categories. The statewide source identifies special management attention to prevent irreparable damage to those values. Detailed restrictions and exceptions are plan-specific. The mapped boundary is a planning-designation geometry, not an ownership or access boundary.","Detailed ACEC-specific plan pages, maps, prescriptions, land status, access, and related-designation intersections remain a documented research/overlay phase.",1,6353.058933043917,True,equivalent_within_qa_tolerance,user-supplied BRIM acec shapefile; EPSG:3310; original snapshot preserved
acec-a8362b58c810cc,Mohave Ground Squirrel ,mohave ground squirrel,,"mohave ground squirrel|CDCA Plan, as amended by DRECP||2016-09-14|CAD00000",currently_designated_source_layer,Currently mapped as designated,ACEC,ACEC,not_verified,True,False,False,unverified,unverified,1,1,1,,not_researched,213299.034464,213299.034464,0.0,0.0,California Desert District,,California Desert District,CAD00000,1,"CDCA Plan, as amended by DRECP",2016-09-14,2016,BLM land-use planning decision,,https://www.blm.gov/programs/planning-and-nepa/plans-in-development/california,,Current statewide source supplies one governing-plan/ROD association; earlier boundary and designation history require plan-level research.,"Natural processes, Natural systems, and Wildlife resources.",botanical_or_ecological;wildlife_and_habitat,The statewide source identifies special management attention to prevent irreparable damage to those values. Detailed restrictions and exceptions are plan-specific.,"Legal access, ownership, inholdings, and component-specific restrictions were not established from the statewide ACEC layer.",,California,,drecp,no_water_value_identified_in_statewide_source,No fish-resource relevance is coded affirmative in the statewide source; spatial hydrologic context has not been derived.,,not_verified,,statewide_source_map_only,https://www.blm.gov/programs/planning-and-nepa/plans-in-development/california,official_california_plan_index_only,https://www.blm.gov/office/california-desert-district-office,official_unit_url_candidate_not_http_validated,not_systematically_researched,not_systematically_researched,statewide_source_audit_complete_plan_level_research_partial,2026-08-05,high_source_identity_medium_semantic_history,"Mohave Ground Squirrel  is represented in the current BLM California designated-ACEC layer under CDCA Plan, as amended by DRECP. The statewide source identifies natural processes, natural systems, and wildlife resources as relevant designation categories. The statewide source identifies special management attention to prevent irreparable damage to those values. Detailed restrictions and exceptions are plan-specific. The mapped boundary is a planning-designation geometry, not an ownership or access boundary.","Detailed ACEC-specific plan pages, maps, prescriptions, land status, access, and related-designation intersections remain a documented research/overlay phase.",18,213299.0341299262,False,equivalent_within_qa_tolerance,user-supplied BRIM acec shapefile; EPSG:3310; original snapshot preserved
acec-7bc05b2c8b0ab3,Mojave Fishhook Cactus,mojave fishhook cactus,,"mojave fishhook cactus|CDCA Plan, as amended by DRECP|DOI-BLM-CA-D010-2014-0001-RMP-EIS|2016-09-14|CAD00000",currently_designated_source_layer,Currently mapped as designated,ACEC,ACEC,not_verified,True,False,False,unverified,unverified,1,1,1,,not_researched,636.872574,636.872574,0.0,0.0,California Desert District,,California Desert District,CAD00000,1,"CDCA Plan, as amended by DRECP",2016-09-14,2016,BLM land-use planning decision,DOI-BLM-CA-D010-2014-0001-RMP-EIS,https://www.blm.gov/programs/planning-and-nepa/plans-in-development/california/desert-renewable-energy-conservation-plan,,Current statewide source supplies one governing-plan/ROD association; earlier boundary and designation history require plan-level research.,"Natural processes, Natural systems, and Wildlife resources.",botanical_or_ecological;wildlife_and_habitat,The statewide source identifies special management attention to prevent irreparable damage to those values. Detailed restrictions and exceptions are plan-specific.,"Legal access, ownership, inholdings, and component-specific restrictions were not established from the statewide ACEC layer.",,California,,drecp,no_water_value_identified_in_statewide_source,No fish-resource relevance is coded affirmative in the statewide source; spatial hydrologic context has not been derived.,,not_verified,,statewide_source_map_only,https://www.blm.gov/programs/planning-and-nepa/plans-in-development/california/desert-renewable-energy-conservation-plan,direct_official_plan_or_project_page,https://www.blm.gov/office/california-desert-district-office,official_unit_url_candidate_not_http_validated,not_systematically_researched,not_systematically_researched,statewide_source_audit_complete_plan_level_research_partial,2026-08-05,high_source_identity_medium_semantic_history,"Mojave Fishhook Cactus is represented in the current BLM California designated-ACEC layer under CDCA Plan, as amended by DRECP. The statewide source identifies natural processes, natural systems, and wildlife resources as relevant designation categories. The statewide source identifies special management attention to prevent irreparable damage to those values. Detailed restrictions and exceptions are plan-specific. The mapped boundary is a planning-designation geometry, not an ownership or access boundary.","Detailed ACEC-specific plan pages, maps, prescriptions, land status, access, and related-designation intersections remain a documented research/overlay phase.",2,636.8725740695124,True,equivalent_within_qa_tolerance,user-supplied BRIM acec shapefile; EPSG:3310; original snapshot preserved
acec-ffb5fd99225d29,Mojave Fringe-toed Lizard,mojave fringe toed lizard,,"mojave fringe toed lizard|CDCA Plan, as amended by DRECP|DOI-BLM-CA-D010-2014-0001-RMP-EIS|2016-09-14|CAD00000",currently_designated_source_layer,Currently mapped as designated,ACEC,ACEC,not_verified,True,False,False,unverified,unverified,1,1,1,,not_researched,24677.788192,24677.788192,0.0,0.0,California Desert District,,California Desert District,CAD00000,1,"CDCA Plan, as amended by DRECP",2016-09-14,2016,BLM land-use planning decision,DOI-BLM-CA-D010-2014-0001-RMP-EIS,https://www.blm.gov/programs/planning-and-nepa/plans-in-development/california/desert-renewable-energy-conservation-plan,,Current statewide source supplies one governing-plan/ROD association; earlier boundary and designation history require plan-level research.,"Natural processes, Natural systems, Scenic values, and Wildlife resources.",botanical_or_ecological;scenic;wildlife_and_habitat,The statewide source identifies special management attention to prevent irreparable damage to those values. Detailed restrictions and exceptions are plan-specific.,"Legal access, ownership, inholdings, and component-specific restrictions were not established from the statewide ACEC layer.",,California,,drecp,no_water_value_identified_in_statewide_source,No fish-resource relevance is coded affirmative in the statewide source; spatial hydrologic context has not been derived.,,not_verified,,statewide_source_map_only,https://www.blm.gov/programs/planning-and-nepa/plans-in-development/california/desert-renewable-energy-conservation-plan,direct_official_plan_or_project_page,https://www.blm.gov/office/california-desert-district-office,official_unit_url_candidate_not_http_validated,not_systematically_researched,not_systematically_researched,statewide_source_audit_complete_plan_level_research_partial,2026-08-05,high_source_identity_medium_semantic_history,"Mojave Fringe-toed Lizard is represented in the current BLM California designated-ACEC layer under CDCA Plan, as amended by DRECP. The statewide source identifies natural processes, natural systems, scenic values, and wildlife resources as relevant designation categories. The statewide source identifies special management attention to prevent irreparable damage to those values. Detailed restrictions and exceptions are plan-specific. The mapped boundary is a planning-designation geometry, not an ownership or access boundary.","Detailed ACEC-specific plan pages, maps, prescriptions, land status, access, and related-designation intersections remain a documented research/overlay phase.",10,24677.7881922571,True,equivalent_within_qa_tolerance,user-supplied BRIM acec shapefile; EPSG:3310; original snapshot preserved
acec-17177cc0a3f19c,Mopah Spring,mopah spring,,"mopah spring|CDCA Plan, as amended by Plan 75|DOI-BLM-CA-D010-2014-0001-RMP-EIS|2016-09-14|CAD00000",currently_designated_source_layer,Currently mapped as designated,ACEC,ACEC,not_verified,True,False,False,unverified,unverified,1,1,0,,not_researched,1921.844696,1921.844696,-0.0,-0.0,California Desert District,,California Desert District,CAD00000,1,"CDCA Plan, as amended by Plan 75",2016-09-14,2016,BLM land-use planning decision,DOI-BLM-CA-D010-2014-0001-RMP-EIS,https://www.blm.gov/programs/planning-and-nepa/plans-in-development/california/desert-renewable-energy-conservation-plan,,Current statewide source supplies one governing-plan/ROD association; earlier boundary and designation history require plan-level research.,"Cultural resources, and Natural systems.",botanical_or_ecological;cultural_archaeological_historic,The statewide source identifies special management attention to protect identified relevant and important values. Detailed restrictions and exceptions are plan-specific.,"Legal access, ownership, inholdings, and component-specific restrictions were not established from the statewide ACEC layer.",,California,,drecp,no_water_value_identified_in_statewide_source,No fish-resource relevance is coded affirmative in the statewide source; spatial hydrologic context has not been derived.,,not_verified,,statewide_source_map_only,https://www.blm.gov/programs/planning-and-nepa/plans-in-development/california/desert-renewable-energy-conservation-plan,direct_official_plan_or_project_page,https://www.blm.gov/office/california-desert-district-office,official_unit_url_candidate_not_http_validated,not_systematically_researched,not_systematically_researched,statewide_source_audit_complete_plan_level_research_partial,2026-08-05,high_source_identity_medium_semantic_history,"Mopah Spring is represented in the current BLM California designated-ACEC layer under CDCA Plan, as amended by Plan 75. The statewide source identifies cultural resources, and natural systems as relevant designation categories. The statewide source identifies special management attention to protect identified relevant and important values. Detailed restrictions and exceptions are plan-specific. The mapped boundary is a planning-designation geometry, not an ownership or access boundary.","Detailed ACEC-specific plan pages, maps, prescriptions, land status, access, and related-designation intersections remain a documented research/overlay phase.",1,1921.8446958406207,True,equivalent_within_qa_tolerance,user-supplied BRIM acec shapefile; EPSG:3310; original snapshot preserved
acec-459ef256536f51,Mount Dome,mount dome,,mount dome|Alturas|DOI-BLM-CA-N020-2008-0001-RMP-EIS|2008-04-17|CAN02000,currently_designated_source_layer,Currently mapped as designated,ACEC,ACEC,not_verified,True,False,False,unverified,unverified,1,1,0,,not_researched,1510.254821,1510.254821,-0.0,-0.0,Northern California District,Applegate Field Office,Applegate Field Office,CAN02000,1,Alturas,2008-04-17,2008,BLM land-use planning decision,DOI-BLM-CA-N020-2008-0001-RMP-EIS,https://eplanning.blm.gov/Project-Home/?id=e567a393-a7f2-f011-8407-001dd80c29f3,,Current statewide source supplies one governing-plan/ROD association; earlier boundary and designation history require plan-level research.,"Natural processes, Natural systems, Scenic values, and Wildlife resources.",botanical_or_ecological;scenic;wildlife_and_habitat,The statewide source identifies special management attention to prevent irreparable damage to those values. Detailed restrictions and exceptions are plan-specific.,"Legal access, ownership, inholdings, and component-specific restrictions were not established from the statewide ACEC layer.",,California,,northern_california_other_plan,no_water_value_identified_in_statewide_source,No fish-resource relevance is coded affirmative in the statewide source; spatial hydrologic context has not been derived.,,not_verified,,statewide_source_map_only,https://eplanning.blm.gov/Project-Home/?id=e567a393-a7f2-f011-8407-001dd80c29f3,direct_official_plan_or_project_page,https://www.blm.gov/office/applegate-field-office,official_unit_url_candidate_not_http_validated,not_systematically_researched,not_systematically_researched,statewide_source_audit_complete_plan_level_research_partial,2026-08-05,high_source_identity_medium_semantic_history,"Mount Dome is represented in the current BLM California designated-ACEC layer under Alturas. The statewide source identifies natural processes, natural systems, scenic values, and wildlife resources as relevant designation categories. The statewide source identifies special management attention to prevent irreparable damage to those values. Detailed restrictions and exceptions are plan-specific. The mapped boundary is a planning-designation geometry, not an ownership or access boundary.","Detailed ACEC-specific plan pages, maps, prescriptions, land status, access, and related-designation intersections remain a documented research/overlay phase.",1,1510.2548207700536,True,equivalent_within_qa_tolerance,user-supplied BRIM acec shapefile; EPSG:3310; original snapshot preserved
acec-e5fdbe5b590cc4,Mountain Pass Dinosaur Trackway,mountain pass dinosaur trackway,,"mountain pass dinosaur trackway|CDCA Plan, as amended by DRECP|DOI-BLM-CA-D010-2014-0001-RMP-EIS|2016-09-14|CAD00000",currently_designated_source_layer,Currently mapped as designated,ACEC,ACEC,not_verified,True,False,False,unverified,unverified,1,1,0,,not_researched,595.892418,595.892418,-0.0,-0.0,California Desert District,,California Desert District,CAD00000,1,"CDCA Plan, as amended by DRECP",2016-09-14,2016,BLM land-use planning decision,DOI-BLM-CA-D010-2014-0001-RMP-EIS,https://www.blm.gov/programs/planning-and-nepa/plans-in-development/california/desert-renewable-energy-conservation-plan,,Current statewide source supplies one governing-plan/ROD association; earlier boundary and designation history require plan-level research.,Historic resources.,cultural_archaeological_historic,The statewide source identifies special management attention to protect identified relevant and important values. Detailed restrictions and exceptions are plan-specific.,"Legal access, ownership, inholdings, and component-specific restrictions were not established from the statewide ACEC layer.",,California,,drecp,no_water_value_identified_in_statewide_source,No fish-resource relevance is coded affirmative in the statewide source; spatial hydrologic context has not been derived.,,not_verified,,statewide_source_map_only,https://www.blm.gov/programs/planning-and-nepa/plans-in-development/california/desert-renewable-energy-conservation-plan,direct_official_plan_or_project_page,https://www.blm.gov/office/california-desert-district-office,official_unit_url_candidate_not_http_validated,not_systematically_researched,not_systematically_researched,statewide_source_audit_complete_plan_level_research_partial,2026-08-05,high_source_identity_medium_semantic_history,"Mountain Pass Dinosaur Trackway is represented in the current BLM California designated-ACEC layer under CDCA Plan, as amended by DRECP. The statewide source identifies historic resources as relevant designation categories. The statewide source identifies special management attention to protect identified relevant and important values. Detailed restrictions and exceptions are plan-specific. The mapped boundary is a planning-designation geometry, not an ownership or access boundary.","Detailed ACEC-specific plan pages, maps, prescriptions, land status, access, and related-designation intersections remain a documented research/overlay phase.",1,595.8924183500294,True,equivalent_within_qa_tolerance,user-supplied BRIM acec shapefile; EPSG:3310; original snapshot preserved
acec-7555038d7fe3db,Mountain Peaks,mountain peaks,,mountain peaks|Alturas|DOI-BLM-CA-N020-2008-0001-RMP-EIS|2008-04-17|CAN02000,currently_designated_source_layer,Currently mapped as designated,ACEC,ACEC,not_verified,True,False,False,unverified,unverified,1,1,1,,not_researched,3799.951052,3799.951052,-0.0,-0.0,Northern California District,Applegate Field Office,Applegate Field Office,CAN02000,1,Alturas,2008-04-17,2008,BLM land-use planning decision,DOI-BLM-CA-N020-2008-0001-RMP-EIS,https://eplanning.blm.gov/Project-Home/?id=e567a393-a7f2-f011-8407-001dd80c29f3,,Current statewide source supplies one governing-plan/ROD association; earlier boundary and designation history require plan-level research.,"Natural processes, Natural systems, Scenic values, and Wildlife resources.",botanical_or_ecological;scenic;wildlife_and_habitat,The statewide source identifies special management attention to prevent irreparable damage to those values. Detailed restrictions and exceptions are plan-specific.,"Legal access, ownership, inholdings, and component-specific restrictions were not established from the statewide ACEC layer.",,California,,northern_california_other_plan,no_water_value_identified_in_statewide_source,No fish-resource relevance is coded affirmative in the statewide source; spatial hydrologic context has not been derived.,,not_verified,,statewide_source_map_only,https://eplanning.blm.gov/Project-Home/?id=e567a393-a7f2-f011-8407-001dd80c29f3,direct_official_plan_or_project_page,https://www.blm.gov/office/applegate-field-office,official_unit_url_candidate_not_http_validated,not_systematically_researched,not_systematically_researched,statewide_source_audit_complete_plan_level_research_partial,2026-08-05,high_source_identity_medium_semantic_history,"Mountain Peaks is represented in the current BLM California designated-ACEC layer under Alturas. The statewide source identifies natural processes, natural systems, scenic values, and wildlife resources as relevant designation categories. The statewide source identifies special management attention to prevent irreparable damage to those values. Detailed restrictions and exceptions are plan-specific. The mapped boundary is a planning-designation geometry, not an ownership or access boundary.","Detailed ACEC-specific plan pages, maps, prescriptions, land status, access, and related-designation intersections remain a documented research/overlay phase.",2,3799.951051570292,True,equivalent_within_qa_tolerance,user-supplied BRIM acec shapefile; EPSG:3310; original snapshot preserved
acec-ff9476c993c7fd,Mule McCoy Linkage,mule mccoy linkage,,"mule mccoy linkage|CDCA Plan, as amended, DRECP amendment|DOI-BLM-CA-D010-1980-0001-RMP-EIS|1980-12-12|CAD00000",currently_designated_source_layer,Currently mapped as designated,ACEC,ACEC,not_verified,True,False,False,unverified,unverified,1,1,1,,not_researched,60260.958349,60260.958349,-0.0,-0.0,California Desert District,,California Desert District,CAD00000,1,"CDCA Plan, as amended, DRECP amendment",1980-12-12,1980,BLM land-use planning decision,DOI-BLM-CA-D010-1980-0001-RMP-EIS,https://eplanning.blm.gov/eplanning-ui/project/66949/510,,Current statewide source supplies one governing-plan/ROD association; earlier boundary and designation history require plan-level research.,"Cultural resources, Historic resources, Natural processes, Natural systems, and Wildlife resources.",botanical_or_ecological;cultural_archaeological_historic;wildlife_and_habitat,The statewide source identifies special management attention to prevent irreparable damage to those values. Detailed restrictions and exceptions are plan-specific.,"Legal access, ownership, inholdings, and component-specific restrictions were not established from the statewide ACEC layer.",,California,,drecp,no_water_value_identified_in_statewide_source,No fish-resource relevance is coded affirmative in the statewide source; spatial hydrologic context has not been derived.,,not_verified,,statewide_source_map_only,https://eplanning.blm.gov/eplanning-ui/project/66949/510,direct_official_plan_or_project_page,https://www.blm.gov/office/california-desert-district-office,official_unit_url_candidate_not_http_validated,not_systematically_researched,not_systematically_researched,statewide_source_audit_complete_plan_level_research_partial,2026-08-05,high_source_identity_medium_semantic_history,"Mule McCoy Linkage is represented in the current BLM California designated-ACEC layer under CDCA Plan, as amended, DRECP amendment. The statewide source identifies cultural resources, historic resources, natural processes, natural systems, and wildlife resources as relevant designation categories. The statewide source identifies special management attention to prevent irreparable damage to those values. Detailed restrictions and exceptions are plan-specific. The mapped boundary is a planning-designation geometry, not an ownership or access boundary.","Detailed ACEC-specific plan pages, maps, prescriptions, land status, access, and related-designation intersections remain a documented research/overlay phase.",2,60260.958348780296,True,equivalent_within_qa_tolerance,user-supplied BRIM acec shapefile; EPSG:3310; original snapshot preserved
acec-9ab358b15b0c00,Mule Mountains,mule mountains,,"mule mountains|CDCA Plan, as amended by DRECP||2016-09-14|CAD00000",currently_designated_source_layer,Currently mapped as designated,ACEC,ACEC,not_verified,True,False,False,unverified,unverified,1,1,0,,not_researched,4090.870328,4090.870328,-0.0,-0.0,California Desert District,,California Desert District,CAD00000,1,"CDCA Plan, as amended by DRECP",2016-09-14,2016,BLM land-use planning decision,,https://www.blm.gov/programs/planning-and-nepa/plans-in-development/california,,Current statewide source supplies one governing-plan/ROD association; earlier boundary and designation history require plan-level research.,"Cultural resources, Historic resources, Natural processes, and Natural systems.",botanical_or_ecological;cultural_archaeological_historic,The statewide source identifies special management attention to prevent irreparable damage to those values. Detailed restrictions and exceptions are plan-specific.,"Legal access, ownership, inholdings, and component-specific restrictions were not established from the statewide ACEC layer.",,California,,drecp,no_water_value_identified_in_statewide_source,No fish-resource relevance is coded affirmative in the statewide source; spatial hydrologic context has not been derived.,,not_verified,,statewide_source_map_only,https://www.blm.gov/programs/planning-and-nepa/plans-in-development/california,official_california_plan_index_only,https://www.blm.gov/office/california-desert-district-office,official_unit_url_candidate_not_http_validated,not_systematically_researched,not_systematically_researched,statewide_source_audit_complete_plan_level_research_partial,2026-08-05,high_source_identity_medium_semantic_history,"Mule Mountains is represented in the current BLM California designated-ACEC layer under CDCA Plan, as amended by DRECP. The statewide source identifies cultural resources, historic resources, natural processes, and natural systems as relevant designation categories. The statewide source identifies special management attention to prevent irreparable damage to those values. Detailed restrictions and exceptions are plan-specific. The mapped boundary is a planning-designation geometry, not an ownership or access boundary.","Detailed ACEC-specific plan pages, maps, prescriptions, land status, access, and related-designation intersections remain a documented research/overlay phase.",1,4090.870327840676,True,equivalent_within_qa_tolerance,user-supplied BRIM acec shapefile; EPSG:3310; original snapshot preserved
acec-cf2a037802c4f0,Nissenan Manzanita,nissenan manzanita,,nissenan manzanita|Sierra|DOI-BLM-CA-C080-2007-0001-RMP-EIS|2008-02-01|CAC08000,currently_designated_source_layer,Currently mapped as designated,ACEC,ACEC,not_verified,True,False,False,unverified,unverified,1,1,0,,not_researched,130.34921,130.34921,0.0,0.0,Central California District,Mother Lode Field Office,Mother Lode Field Office,CAC08000,1,Sierra,2008-02-01,2008,BLM land-use planning decision,DOI-BLM-CA-C080-2007-0001-RMP-EIS,https://eplanning.blm.gov/eplanning-ui/project/72554/510,,Current statewide source supplies one governing-plan/ROD association; earlier boundary and designation history require plan-level research.,"Natural processes, and Natural systems.",botanical_or_ecological,The statewide source identifies special management attention to prevent irreparable damage to those values. Detailed restrictions and exceptions are plan-specific.,"Legal access, ownership, inholdings, and component-specific restrictions were not established from the statewide ACEC layer.",,California,,central_california_plan,no_water_value_identified_in_statewide_source,No fish-resource relevance is coded affirmative in the statewide source; spatial hydrologic context has not been derived.,,not_verified,,statewide_source_map_only,https://eplanning.blm.gov/eplanning-ui/project/72554/510,direct_official_plan_or_project_page,https://www.blm.gov/office/mother-lode-field-office,official_unit_url_candidate_not_http_validated,not_systematically_researched,not_systematically_researched,statewide_source_audit_complete_plan_level_research_partial,2026-08-05,high_source_identity_medium_semantic_history,"Nissenan Manzanita is represented in the current BLM California designated-ACEC layer under Sierra. The statewide source identifies natural processes, and natural systems as relevant designation categories. The statewide source identifies special management attention to prevent irreparable damage to those values. Detailed restrictions and exceptions are plan-specific. The mapped boundary is a planning-designation geometry, not an ownership or access boundary.","Detailed ACEC-specific plan pages, maps, prescriptions, land status, access, and related-designation intersections remain a documented research/overlay phase.",1,130.34920976578417,True,equivalent_within_qa_tolerance,user-supplied BRIM acec shapefile; EPSG:3310; original snapshot preserved
acec-7dae56cb4e1e91,North Dry Valley,north dry valley,,north dry valley|Eagle Lake|DOI-BLM-CA-N050-2008-0002-RMP-EIS|2008-04-17|CAN05000,currently_designated_source_layer,Currently mapped as designated,ACEC,ACEC,not_verified,True,False,False,unverified,unverified,1,1,0,,not_researched,10264.722598,10264.722598,0.0,0.0,Northern California District,Eagle Lake Field Office,Eagle Lake Field Office,CAN05000,1,Eagle Lake,2008-04-17,2008,BLM land-use planning decision,DOI-BLM-CA-N050-2008-0002-RMP-EIS,https://eplanning.blm.gov/eplanning-ui/project/69341/510,,Current statewide source supplies one governing-plan/ROD association; earlier boundary and designation history require plan-level research.,"Cultural resources, Fish or aquatic resources, Natural systems, Scenic values, and Wildlife resources.",botanical_or_ecological;cultural_archaeological_historic;scenic;water_aquatic;wildlife_and_habitat,The statewide source identifies special management attention to protect identified relevant and important values. Detailed restrictions and exceptions are plan-specific.,"Legal access, ownership, inholdings, and component-specific restrictions were not established from the statewide ACEC layer.",,California,,northern_california_other_plan,documented_designation_value,The statewide source identifies fish-resource relevance.,,not_verified,,statewide_source_map_only,https://eplanning.blm.gov/eplanning-ui/project/69341/510,direct_official_plan_or_project_page,https://www.blm.gov/office/eagle-lake-field-office,official_unit_url_candidate_not_http_validated,not_systematically_researched,not_systematically_researched,statewide_source_audit_complete_plan_level_research_partial,2026-08-05,high_source_identity_medium_semantic_history,"North Dry Valley is represented in the current BLM California designated-ACEC layer under Eagle Lake. The statewide source identifies cultural resources, fish or aquatic resources, natural systems, scenic values, and wildlife resources as relevant designation categories. The statewide source identifies special management attention to protect identified relevant and important values. Detailed restrictions and exceptions are plan-specific. The mapped boundary is a planning-designation geometry, not an ownership or access boundary.","Detailed ACEC-specific plan pages, maps, prescriptions, land status, access, and related-designation intersections remain a documented research/overlay phase.",1,10264.722597729778,True,equivalent_within_qa_tolerance,user-supplied BRIM acec shapefile; EPSG:3310; original snapshot preserved
acec-32606f71621fa0,North Fork Cosumnes River,north fork cosumnes river,,north fork cosumnes river|Sierra|DOI-BLM-CA-C080-2007-0001-RMP-EIS|2008-02-01|CAC08000,currently_designated_source_layer,Currently mapped as designated,ACEC,ACEC,not_verified,True,False,False,unverified,unverified,1,1,1,,not_researched,1135.730391,1135.730391,0.0,0.0,Central California District,Mother Lode Field Office,Mother Lode Field Office,CAC08000,1,Sierra,2008-02-01,2008,BLM land-use planning decision,DOI-BLM-CA-C080-2007-0001-RMP-EIS,https://eplanning.blm.gov/eplanning-ui/project/72554/510,,Current statewide source supplies one governing-plan/ROD association; earlier boundary and designation history require plan-level research.,"Natural processes, Natural systems, and Scenic values.",botanical_or_ecological;scenic,The statewide source identifies special management attention to prevent irreparable damage to those values. Detailed restrictions and exceptions are plan-specific.,"Legal access, ownership, inholdings, and component-specific restrictions were not established from the statewide ACEC layer.",,California,,central_california_plan,no_water_value_identified_in_statewide_source,No fish-resource relevance is coded affirmative in the statewide source; spatial hydrologic context has not been derived.,,not_verified,,statewide_source_map_only,https://eplanning.blm.gov/eplanning-ui/project/72554/510,direct_official_plan_or_project_page,https://www.blm.gov/office/mother-lode-field-office,official_unit_url_candidate_not_http_validated,not_systematically_researched,not_systematically_researched,statewide_source_audit_complete_plan_level_research_partial,2026-08-05,high_source_identity_medium_semantic_history,"North Fork Cosumnes River is represented in the current BLM California designated-ACEC layer under Sierra. The statewide source identifies natural processes, natural systems, and scenic values as relevant designation categories. The statewide source identifies special management attention to prevent irreparable damage to those values. Detailed restrictions and exceptions are plan-specific. The mapped boundary is a planning-designation geometry, not an ownership or access boundary.","Detailed ACEC-specific plan pages, maps, prescriptions, land status, access, and related-designation intersections remain a documented research/overlay phase.",9,1135.7303912657906,True,equivalent_within_qa_tolerance,user-supplied BRIM acec shapefile; EPSG:3310; original snapshot preserved
acec-77c324f5d7499a,North Fork Eel,north fork eel,,north fork eel|Northwest California Integrated Plan|DOI-BLM-CA-N060-2021-0012-RMP-EIS|2024-11-06|CAN03000,currently_designated_source_layer,Currently mapped as designated,ACEC,ACEC,not_verified,True,False,False,unverified,unverified,1,1,0,,not_researched,500.05176,500.05176,0.0,0.0,Northern California District,Arcata Field Office,Arcata Field Office,CAN03000,1,Northwest California Integrated Plan,2024-11-06,2024,BLM land-use planning decision,DOI-BLM-CA-N060-2021-0012-RMP-EIS,https://www.blm.gov/programs/planning-and-nepa/plans-in-development/california/northwest-california-integrated-rmp,,Current statewide source supplies one governing-plan/ROD association; earlier boundary and designation history require plan-level research.,"Historic resources, Natural hazards or public safety, Natural processes, Natural systems, and Wildlife resources.",botanical_or_ecological;cultural_archaeological_historic;other_or_unresolved;wildlife_and_habitat,The statewide source identifies special management attention to protect identified relevant and important values and prevent irreparable damage to those values. Detailed restrictions and exceptions are plan-specific.,"Legal access, ownership, inholdings, and component-specific restrictions were not established from the statewide ACEC layer.",,California,,northwest_california_integrated_plan,no_water_value_identified_in_statewide_source,No fish-resource relevance is coded affirmative in the statewide source; spatial hydrologic context has not been derived.,,not_verified,,statewide_source_map_only,https://www.blm.gov/programs/planning-and-nepa/plans-in-development/california/northwest-california-integrated-rmp,direct_official_plan_or_project_page,https://www.blm.gov/office/arcata-field-office,official_unit_url_candidate_not_http_validated,not_systematically_researched,not_systematically_researched,statewide_source_audit_complete_plan_level_research_partial,2026-08-05,high_source_identity_medium_semantic_history,"North Fork Eel is represented in the current BLM California designated-ACEC layer under Northwest California Integrated Plan. The statewide source identifies historic resources, natural hazards or public safety, natural processes, natural systems, and wildlife resources as relevant designation categories. The statewide source identifies special management attention to protect identified relevant and important values and prevent irreparable damage to those values. Detailed restrictions and exceptions are plan-specific. The mapped boundary is a planning-designation geometry, not an ownership or access boundary.","Detailed ACEC-specific plan pages, maps, prescriptions, land status, access, and related-designation intersections remain a documented research/overlay phase.",1,500.05175960955705,True,equivalent_within_qa_tolerance,user-supplied BRIM acec shapefile; EPSG:3310; original snapshot preserved
acec-335cfd344ff221,North Table Mountain ,north table mountain,,north table mountain|Northwest California Integrated Plan|DOI-BLM-CA-N060-2021-0012-RMP-EIS|2024-11-06|CAN06000,currently_designated_source_layer,Currently mapped as designated,ACEC,ACEC,not_verified,True,False,False,unverified,unverified,1,1,0,,not_researched,53.153349,53.153349,0.0,0.0,Northern California District,Redding Field Office,Redding Field Office,CAN06000,1,Northwest California Integrated Plan,2024-11-06,2024,BLM land-use planning decision,DOI-BLM-CA-N060-2021-0012-RMP-EIS,https://www.blm.gov/programs/planning-and-nepa/plans-in-development/california/northwest-california-integrated-rmp,,Current statewide source supplies one governing-plan/ROD association; earlier boundary and designation history require plan-level research.,"Natural processes, and Natural systems.",botanical_or_ecological,The statewide source identifies special management attention to prevent irreparable damage to those values. Detailed restrictions and exceptions are plan-specific.,"Legal access, ownership, inholdings, and component-specific restrictions were not established from the statewide ACEC layer.",,California,,northwest_california_integrated_plan,no_water_value_identified_in_statewide_source,No fish-resource relevance is coded affirmative in the statewide source; spatial hydrologic context has not been derived.,,not_verified,,statewide_source_map_only,https://www.blm.gov/programs/planning-and-nepa/plans-in-development/california/northwest-california-integrated-rmp,direct_official_plan_or_project_page,https://www.blm.gov/office/redding-field-office,official_unit_url_candidate_not_http_validated,not_systematically_researched,not_systematically_researched,statewide_source_audit_complete_plan_level_research_partial,2026-08-05,high_source_identity_medium_semantic_history,"North Table Mountain  is represented in the current BLM California designated-ACEC layer under Northwest California Integrated Plan. The statewide source identifies natural processes, and natural systems as relevant designation categories. The statewide source identifies special management attention to prevent irreparable damage to those values. Detailed restrictions and exceptions are plan-specific. The mapped boundary is a planning-designation geometry, not an ownership or access boundary.","Detailed ACEC-specific plan pages, maps, prescriptions, land status, access, and related-designation intersections remain a documented research/overlay phase.",1,53.153348696241636,True,equivalent_within_qa_tolerance,user-supplied BRIM acec shapefile; EPSG:3310; original snapshot preserved
acec-0a67662d845f3a,Northen Lucerne Wildlife Linkage,northen lucerne wildlife linkage,,"northen lucerne wildlife linkage|CDCA Plan, as amended by DRECP|DOI-BLM-CA-D010-2014-0001-RMP-EIS|2016-09-14|CAD00000",currently_designated_source_layer,Currently mapped as designated,ACEC,ACEC,not_verified,True,False,False,unverified,unverified,1,1,0,,not_researched,42451.595307,42451.595307,0.0,0.0,California Desert District,,California Desert District,CAD00000,1,"CDCA Plan, as amended by DRECP",2016-09-14,2016,BLM land-use planning decision,DOI-BLM-CA-D010-2014-0001-RMP-EIS,https://www.blm.gov/programs/planning-and-nepa/plans-in-development/california/desert-renewable-energy-conservation-plan,,Current statewide source supplies one governing-plan/ROD association; earlier boundary and designation history require plan-level research.,"Natural processes, Natural systems, Scenic values, and Wildlife resources.",botanical_or_ecological;scenic;wildlife_and_habitat,The statewide source identifies special management attention to prevent irreparable damage to those values. Detailed restrictions and exceptions are plan-specific.,"Legal access, ownership, inholdings, and component-specific restrictions were not established from the statewide ACEC layer.",,California,,drecp,no_water_value_identified_in_statewide_source,No fish-resource relevance is coded affirmative in the statewide source; spatial hydrologic context has not been derived.,,not_verified,,statewide_source_map_only,https://www.blm.gov/programs/planning-and-nepa/plans-in-development/california/desert-renewable-energy-conservation-plan,direct_official_plan_or_project_page,https://www.blm.gov/office/california-desert-district-office,official_unit_url_candidate_not_http_validated,not_systematically_researched,not_systematically_researched,statewide_source_audit_complete_plan_level_research_partial,2026-08-05,high_source_identity_medium_semantic_history,"Northen Lucerne Wildlife Linkage is represented in the current BLM California designated-ACEC layer under CDCA Plan, as amended by DRECP. The statewide source identifies natural processes, natural systems, scenic values, and wildlife resources as relevant designation categories. The statewide source identifies special management attention to prevent irreparable damage to those values. Detailed restrictions and exceptions are plan-specific. The mapped boundary is a planning-designation geometry, not an ownership or access boundary.","Detailed ACEC-specific plan pages, maps, prescriptions, land status, access, and related-designation intersections remain a documented research/overlay phase.",1,42451.5953068067,True,equivalent_within_qa_tolerance,user-supplied BRIM acec shapefile; EPSG:3310; original snapshot preserved
acec-50fe1926fe83c0,Ocotillo,ocotillo,,"ocotillo|CDCA Plan, as amended, DRECP amendment|DOI-BLM-CA-D010-1980-0001-RMP-EIS|1980-12-12|CAD00000",currently_designated_source_layer,Currently mapped as designated,ACEC,ACEC,not_verified,True,False,False,unverified,unverified,1,1,1,,not_researched,14908.18577,14908.18577,0.0,0.0,California Desert District,,California Desert District,CAD00000,1,"CDCA Plan, as amended, DRECP amendment",1980-12-12,1980,BLM land-use planning decision,DOI-BLM-CA-D010-1980-0001-RMP-EIS,https://eplanning.blm.gov/eplanning-ui/project/66949/510,,Current statewide source supplies one governing-plan/ROD association; earlier boundary and designation history require plan-level research.,"Cultural resources, Historic resources, Natural processes, Natural systems, and Wildlife resources.",botanical_or_ecological;cultural_archaeological_historic;wildlife_and_habitat,The statewide source identifies special management attention to prevent irreparable damage to those values. Detailed restrictions and exceptions are plan-specific.,"Legal access, ownership, inholdings, and component-specific restrictions were not established from the statewide ACEC layer.",,California,,drecp,no_water_value_identified_in_statewide_source,No fish-resource relevance is coded affirmative in the statewide source; spatial hydrologic context has not been derived.,,not_verified,,statewide_source_map_only,https://eplanning.blm.gov/eplanning-ui/project/66949/510,direct_official_plan_or_project_page,https://www.blm.gov/office/california-desert-district-office,official_unit_url_candidate_not_http_validated,not_systematically_researched,not_systematically_researched,statewide_source_audit_complete_plan_level_research_partial,2026-08-05,high_source_identity_medium_semantic_history,"Ocotillo is represented in the current BLM California designated-ACEC layer under CDCA Plan, as amended, DRECP amendment. The statewide source identifies cultural resources, historic resources, natural processes, natural systems, and wildlife resources as relevant designation categories. The statewide source identifies special management attention to prevent irreparable damage to those values. Detailed restrictions and exceptions are plan-specific. The mapped boundary is a planning-designation geometry, not an ownership or access boundary.","Detailed ACEC-specific plan pages, maps, prescriptions, land status, access, and related-designation intersections remain a documented research/overlay phase.",2,14908.185769659787,True,equivalent_within_qa_tolerance,user-supplied BRIM acec shapefile; EPSG:3310; original snapshot preserved
acec-be1782fac080fa,Olancha Greasewood,olancha greasewood,,"olancha greasewood|CDCA Plan, as amended by DRECP||2016-09-14|CAD00000",currently_designated_source_layer,Currently mapped as designated,ACEC,ACEC,not_verified,True,False,False,unverified,unverified,1,1,0,,not_researched,29344.520524,29344.520524,0.0,0.0,California Desert District,,California Desert District,CAD00000,1,"CDCA Plan, as amended by DRECP",2016-09-14,2016,BLM land-use planning decision,,https://www.blm.gov/programs/planning-and-nepa/plans-in-development/california,,Current statewide source supplies one governing-plan/ROD association; earlier boundary and designation history require plan-level research.,"Natural processes, and Natural systems.",botanical_or_ecological,The statewide source identifies special management attention to prevent irreparable damage to those values. Detailed restrictions and exceptions are plan-specific.,"Legal access, ownership, inholdings, and component-specific restrictions were not established from the statewide ACEC layer.",,California,,drecp,no_water_value_identified_in_statewide_source,No fish-resource relevance is coded affirmative in the statewide source; spatial hydrologic context has not been derived.,,not_verified,,statewide_source_map_only,https://www.blm.gov/programs/planning-and-nepa/plans-in-development/california,official_california_plan_index_only,https://www.blm.gov/office/california-desert-district-office,official_unit_url_candidate_not_http_validated,not_systematically_researched,not_systematically_researched,statewide_source_audit_complete_plan_level_research_partial,2026-08-05,high_source_identity_medium_semantic_history,"Olancha Greasewood is represented in the current BLM California designated-ACEC layer under CDCA Plan, as amended by DRECP. The statewide source identifies natural processes, and natural systems as relevant designation categories. The statewide source identifies special management attention to prevent irreparable damage to those values. Detailed restrictions and exceptions are plan-specific. The mapped boundary is a planning-designation geometry, not an ownership or access boundary.","Detailed ACEC-specific plan pages, maps, prescriptions, land status, access, and related-designation intersections remain a documented research/overlay phase.",1,29344.520523976804,True,equivalent_within_qa_tolerance,user-supplied BRIM acec shapefile; EPSG:3310; original snapshot preserved
acec-0084f188f1b409,Old Growth Juniper,old growth juniper,,old growth juniper|Alturas|DOI-BLM-CA-N020-2008-0001-RMP-EIS|2008-04-17|CAN02000,currently_designated_source_layer,Currently mapped as designated,ACEC,ACEC,not_verified,True,False,False,unverified,unverified,1,1,1,,not_researched,3145.968339,3145.968339,-0.0,-0.0,Northern California District,Applegate Field Office,Applegate Field Office,CAN02000,1,Alturas,2008-04-17,2008,BLM land-use planning decision,DOI-BLM-CA-N020-2008-0001-RMP-EIS,https://eplanning.blm.gov/Project-Home/?id=e567a393-a7f2-f011-8407-001dd80c29f3,,Current statewide source supplies one governing-plan/ROD association; earlier boundary and designation history require plan-level research.,"Cultural resources, Fish or aquatic resources, Historic resources, Natural processes, Natural systems, Scenic values, and Wildlife resources.",botanical_or_ecological;cultural_archaeological_historic;scenic;water_aquatic;wildlife_and_habitat,The statewide source identifies special management attention to prevent irreparable damage to those values. Detailed restrictions and exceptions are plan-specific.,"Legal access, ownership, inholdings, and component-specific restrictions were not established from the statewide ACEC layer.",,California,,northern_california_other_plan,documented_designation_value,The statewide source identifies fish-resource relevance.,,not_verified,,statewide_source_map_only,https://eplanning.blm.gov/Project-Home/?id=e567a393-a7f2-f011-8407-001dd80c29f3,direct_official_plan_or_project_page,https://www.blm.gov/office/applegate-field-office,official_unit_url_candidate_not_http_validated,not_systematically_researched,not_systematically_researched,statewide_source_audit_complete_plan_level_research_partial,2026-08-05,high_source_identity_medium_semantic_history,"Old Growth Juniper is represented in the current BLM California designated-ACEC layer under Alturas. The statewide source identifies cultural resources, fish or aquatic resources, historic resources, natural processes, natural systems, scenic values, and wildlife resources as relevant designation categories. The statewide source identifies special management attention to prevent irreparable damage to those values. Detailed restrictions and exceptions are plan-specific. The mapped boundary is a planning-designation geometry, not an ownership or access boundary.","Detailed ACEC-specific plan pages, maps, prescriptions, land status, access, and related-designation intersections remain a documented research/overlay phase.",2,3145.9683391228805,True,equivalent_within_qa_tolerance,user-supplied BRIM acec shapefile; EPSG:3310; original snapshot preserved
acec-63e4d346ca50ac,Old Woman Springs Wildlife Linkage,old woman springs wildlife linkage,,"old woman springs wildlife linkage|CDCA Plan, as amended by DRECP|DOI-BLM-CA-D010-2014-0001-RMP-EIS|2016-09-14|CAD00000",currently_designated_source_layer,Currently mapped as designated,ACEC,ACEC,not_verified,True,False,False,unverified,unverified,1,1,0,,not_researched,61170.603705,61170.603706,-0.0,-0.0,California Desert District,,California Desert District,CAD00000,1,"CDCA Plan, as amended by DRECP",2016-09-14,2016,BLM land-use planning decision,DOI-BLM-CA-D010-2014-0001-RMP-EIS,https://www.blm.gov/programs/planning-and-nepa/plans-in-development/california/desert-renewable-energy-conservation-plan,,Current statewide source supplies one governing-plan/ROD association; earlier boundary and designation history require plan-level research.,"Natural processes, Natural systems, and Wildlife resources.",botanical_or_ecological;wildlife_and_habitat,The statewide source identifies special management attention to prevent irreparable damage to those values. Detailed restrictions and exceptions are plan-specific.,"Legal access, ownership, inholdings, and component-specific restrictions were not established from the statewide ACEC layer.",,California,,drecp,no_water_value_identified_in_statewide_source,No fish-resource relevance is coded affirmative in the statewide source; spatial hydrologic context has not been derived.,,not_verified,,statewide_source_map_only,https://www.blm.gov/programs/planning-and-nepa/plans-in-development/california/desert-renewable-energy-conservation-plan,direct_official_plan_or_project_page,https://www.blm.gov/office/california-desert-district-office,official_unit_url_candidate_not_http_validated,not_systematically_researched,not_systematically_researched,statewide_source_audit_complete_plan_level_research_partial,2026-08-05,high_source_identity_medium_semantic_history,"Old Woman Springs Wildlife Linkage is represented in the current BLM California designated-ACEC layer under CDCA Plan, as amended by DRECP. The statewide source identifies natural processes, natural systems, and wildlife resources as relevant designation categories. The statewide source identifies special management attention to prevent irreparable damage to those values. Detailed restrictions and exceptions are plan-specific. The mapped boundary is a planning-designation geometry, not an ownership or access boundary.","Detailed ACEC-specific plan pages, maps, prescriptions, land status, access, and related-designation intersections remain a documented research/overlay phase.",1,61170.60370550328,True,equivalent_within_qa_tolerance,user-supplied BRIM acec shapefile; EPSG:3310; original snapshot preserved
acec-163713939580c4,Ord-Rodman,ord rodman,,"ord rodman|CDCA Plan, as amended by DRECP|DOI-BLM-CA-D010-2014-0001-RMP-EIS|2016-09-14|CAD00000",currently_designated_source_layer,Currently mapped as designated,ACEC,ACEC,not_verified,True,False,False,unverified,unverified,1,1,0,,not_researched,239473.920676,239473.920676,-0.0,-0.0,California Desert District,,California Desert District,CAD00000,1,"CDCA Plan, as amended by DRECP",2016-09-14,2016,BLM land-use planning decision,DOI-BLM-CA-D010-2014-0001-RMP-EIS,https://www.blm.gov/programs/planning-and-nepa/plans-in-development/california/desert-renewable-energy-conservation-plan,,Current statewide source supplies one governing-plan/ROD association; earlier boundary and designation history require plan-level research.,"Natural processes, Natural systems, Scenic values, and Wildlife resources.",botanical_or_ecological;scenic;wildlife_and_habitat,The statewide source identifies special management attention to prevent irreparable damage to those values. Detailed restrictions and exceptions are plan-specific.,"Legal access, ownership, inholdings, and component-specific restrictions were not established from the statewide ACEC layer.",,California,,drecp,no_water_value_identified_in_statewide_source,No fish-resource relevance is coded affirmative in the statewide source; spatial hydrologic context has not been derived.,,not_verified,,statewide_source_map_only,https://www.blm.gov/programs/planning-and-nepa/plans-in-development/california/desert-renewable-energy-conservation-plan,direct_official_plan_or_project_page,https://www.blm.gov/office/california-desert-district-office,official_unit_url_candidate_not_http_validated,not_systematically_researched,not_systematically_researched,statewide_source_audit_complete_plan_level_research_partial,2026-08-05,high_source_identity_medium_semantic_history,"Ord-Rodman is represented in the current BLM California designated-ACEC layer under CDCA Plan, as amended by DRECP. The statewide source identifies natural processes, natural systems, scenic values, and wildlife resources as relevant designation categories. The statewide source identifies special management attention to prevent irreparable damage to those values. Detailed restrictions and exceptions are plan-specific. The mapped boundary is a planning-designation geometry, not an ownership or access boundary.","Detailed ACEC-specific plan pages, maps, prescriptions, land status, access, and related-designation intersections remain a documented research/overlay phase.",1,239473.92067562218,True,equivalent_within_qa_tolerance,user-supplied BRIM acec shapefile; EPSG:3310; original snapshot preserved
acec-1c87be40f18100,Owens Lake,owens lake,,"owens lake|Bishop RMP, as amended by DRECP|DOI-BLM-CA-D010-2014-0001-RMP-EIS|2016-09-14|CAC07000",currently_designated_source_layer,Currently mapped as designated,ACEC,ACEC,not_verified,True,False,False,unverified,unverified,1,1,1,,not_researched,22256.577808,22256.577808,-0.0,-0.0,Central California District,Bishop Field Office,Bishop Field Office,CAC07000,1,"Bishop RMP, as amended by DRECP",2016-09-14,2016,BLM land-use planning decision,DOI-BLM-CA-D010-2014-0001-RMP-EIS,https://www.blm.gov/programs/planning-and-nepa/plans-in-development/california/desert-renewable-energy-conservation-plan,,Current statewide source supplies one governing-plan/ROD association; earlier boundary and designation history require plan-level research.,"Cultural resources, Historic resources, Natural processes, Natural systems, Scenic values, and Wildlife resources.",botanical_or_ecological;cultural_archaeological_historic;scenic;wildlife_and_habitat,The statewide source identifies special management attention to prevent irreparable damage to those values. Detailed restrictions and exceptions are plan-specific.,"Legal access, ownership, inholdings, and component-specific restrictions were not established from the statewide ACEC layer.",,California,,drecp,no_water_value_identified_in_statewide_source,No fish-resource relevance is coded affirmative in the statewide source; spatial hydrologic context has not been derived.,,not_verified,,statewide_source_map_only,https://www.blm.gov/programs/planning-and-nepa/plans-in-development/california/desert-renewable-energy-conservation-plan,direct_official_plan_or_project_page,https://www.blm.gov/office/bishop-field-office,official_unit_url_candidate_not_http_validated,not_systematically_researched,not_systematically_researched,statewide_source_audit_complete_plan_level_research_partial,2026-08-05,high_source_identity_medium_semantic_history,"Owens Lake is represented in the current BLM California designated-ACEC layer under Bishop RMP, as amended by DRECP. The statewide source identifies cultural resources, historic resources, natural processes, natural systems, scenic values, and wildlife resources as relevant designation categories. The statewide source identifies special management attention to prevent irreparable damage to those values. Detailed restrictions and exceptions are plan-specific. The mapped boundary is a planning-designation geometry, not an ownership or access boundary.","Detailed ACEC-specific plan pages, maps, prescriptions, land status, access, and related-designation intersections remain a documented research/overlay phase.",11,22256.577807921774,True,equivalent_within_qa_tolerance,user-supplied BRIM acec shapefile; EPSG:3310; original snapshot preserved
acec-be7c4d3409891b,Palen Dry Lake,palen dry lake,,"palen dry lake|CDCA Plan, as amended by DRECP||2016-09-14|CAD00000",currently_designated_source_layer,Currently mapped as designated,ACEC,ACEC,not_verified,True,False,False,unverified,unverified,1,1,0,,not_researched,3636.265146,3636.265146,-0.0,-0.0,California Desert District,,California Desert District,CAD00000,1,"CDCA Plan, as amended by DRECP",2016-09-14,2016,BLM land-use planning decision,,https://www.blm.gov/programs/planning-and-nepa/plans-in-development/california,,Current statewide source supplies one governing-plan/ROD association; earlier boundary and designation history require plan-level research.,"Cultural resources, Historic resources, Natural processes, Natural systems, and Scenic values.",botanical_or_ecological;cultural_archaeological_historic;scenic,The statewide source identifies special management attention to prevent irreparable damage to those values. Detailed restrictions and exceptions are plan-specific.,"Legal access, ownership, inholdings, and component-specific restrictions were not established from the statewide ACEC layer.",,California,,drecp,no_water_value_identified_in_statewide_source,No fish-resource relevance is coded affirmative in the statewide source; spatial hydrologic context has not been derived.,,not_verified,,statewide_source_map_only,https://www.blm.gov/programs/planning-and-nepa/plans-in-development/california,official_california_plan_index_only,https://www.blm.gov/office/california-desert-district-office,official_unit_url_candidate_not_http_validated,not_systematically_researched,not_systematically_researched,statewide_source_audit_complete_plan_level_research_partial,2026-08-05,high_source_identity_medium_semantic_history,"Palen Dry Lake is represented in the current BLM California designated-ACEC layer under CDCA Plan, as amended by DRECP. The statewide source identifies cultural resources, historic resources, natural processes, natural systems, and scenic values as relevant designation categories. The statewide source identifies special management attention to prevent irreparable damage to those values. Detailed restrictions and exceptions are plan-specific. The mapped boundary is a planning-designation geometry, not an ownership or access boundary.","Detailed ACEC-specific plan pages, maps, prescriptions, land status, access, and related-designation intersections remain a documented research/overlay phase.",1,3636.265145700494,True,equivalent_within_qa_tolerance,user-supplied BRIM acec shapefile; EPSG:3310; original snapshot preserved
acec-c92a8cb916758b,Palen Ford,palen ford,,"palen ford|CDCA Plan, as amended by DRECP||2016-09-14|CAD00000",currently_designated_source_layer,Currently mapped as designated,ACEC,ACEC,not_verified,True,False,False,unverified,unverified,1,1,1,,not_researched,54936.352916,54936.352916,-0.0,-0.0,California Desert District,,California Desert District,CAD00000,1,"CDCA Plan, as amended by DRECP",2016-09-14,2016,BLM land-use planning decision,,https://www.blm.gov/programs/planning-and-nepa/plans-in-development/california,,Current statewide source supplies one governing-plan/ROD association; earlier boundary and designation history require plan-level research.,"Cultural resources, Historic resources, Natural processes, Natural systems, and Wildlife resources.",botanical_or_ecological;cultural_archaeological_historic;wildlife_and_habitat,The statewide source identifies special management attention to prevent irreparable damage to those values. Detailed restrictions and exceptions are plan-specific.,"Legal access, ownership, inholdings, and component-specific restrictions were not established from the statewide ACEC layer.",,California,,drecp,no_water_value_identified_in_statewide_source,No fish-resource relevance is coded affirmative in the statewide source; spatial hydrologic context has not been derived.,,not_verified,,statewide_source_map_only,https://www.blm.gov/programs/planning-and-nepa/plans-in-development/california,official_california_plan_index_only,https://www.blm.gov/office/california-desert-district-office,official_unit_url_candidate_not_http_validated,not_systematically_researched,not_systematically_researched,statewide_source_audit_complete_plan_level_research_partial,2026-08-05,high_source_identity_medium_semantic_history,"Palen Ford is represented in the current BLM California designated-ACEC layer under CDCA Plan, as amended by DRECP. The statewide source identifies cultural resources, historic resources, natural processes, natural systems, and wildlife resources as relevant designation categories. The statewide source identifies special management attention to prevent irreparable damage to those values. Detailed restrictions and exceptions are plan-specific. The mapped boundary is a planning-designation geometry, not an ownership or access boundary.","Detailed ACEC-specific plan pages, maps, prescriptions, land status, access, and related-designation intersections remain a documented research/overlay phase.",5,54936.35291597206,True,equivalent_within_qa_tolerance,user-supplied BRIM acec shapefile; EPSG:3310; original snapshot preserved
acec-43678d9e1efd28,Panamint Lake,panamint lake,,"panamint lake|CDCA Plan, as amended by DRECP||2016-09-14|CAD00000",currently_designated_source_layer,Currently mapped as designated,ACEC,ACEC,not_verified,True,False,False,unverified,unverified,1,1,0,,not_researched,23105.570039,23105.570039,0.0,0.0,California Desert District,,California Desert District,CAD00000,1,"CDCA Plan, as amended by DRECP",2016-09-14,2016,BLM land-use planning decision,,https://www.blm.gov/programs/planning-and-nepa/plans-in-development/california,,Current statewide source supplies one governing-plan/ROD association; earlier boundary and designation history require plan-level research.,"Cultural resources, Historic resources, Natural processes, Natural systems, and Wildlife resources.",botanical_or_ecological;cultural_archaeological_historic;wildlife_and_habitat,The statewide source identifies special management attention to prevent irreparable damage to those values. Detailed restrictions and exceptions are plan-specific.,"Legal access, ownership, inholdings, and component-specific restrictions were not established from the statewide ACEC layer.",,California,,drecp,no_water_value_identified_in_statewide_source,No fish-resource relevance is coded affirmative in the statewide source; spatial hydrologic context has not been derived.,,not_verified,,statewide_source_map_only,https://www.blm.gov/programs/planning-and-nepa/plans-in-development/california,official_california_plan_index_only,https://www.blm.gov/office/california-desert-district-office,official_unit_url_candidate_not_http_validated,not_systematically_researched,not_systematically_researched,statewide_source_audit_complete_plan_level_research_partial,2026-08-05,high_source_identity_medium_semantic_history,"Panamint Lake is represented in the current BLM California designated-ACEC layer under CDCA Plan, as amended by DRECP. The statewide source identifies cultural resources, historic resources, natural processes, natural systems, and wildlife resources as relevant designation categories. The statewide source identifies special management attention to prevent irreparable damage to those values. Detailed restrictions and exceptions are plan-specific. The mapped boundary is a planning-designation geometry, not an ownership or access boundary.","Detailed ACEC-specific plan pages, maps, prescriptions, land status, access, and related-designation intersections remain a documented research/overlay phase.",1,23105.570039469305,True,equivalent_within_qa_tolerance,user-supplied BRIM acec shapefile; EPSG:3310; original snapshot preserved
acec-cbae284ab714d2,Panamints and Argus,panamints and argus,,"panamints and argus|CDCA Plan, as amended by DRECP||2016-09-14|CAD00000",currently_designated_source_layer,Currently mapped as designated,ACEC,ACEC,not_verified,True,False,False,unverified,unverified,1,1,1,,not_researched,104523.11272,104523.11272,-0.0,-0.0,California Desert District,,California Desert District,CAD00000,1,"CDCA Plan, as amended by DRECP",2016-09-14,2016,BLM land-use planning decision,,https://www.blm.gov/programs/planning-and-nepa/plans-in-development/california,,Current statewide source supplies one governing-plan/ROD association; earlier boundary and designation history require plan-level research.,"Cultural resources, Historic resources, Natural processes, Natural systems, and Wildlife resources.",botanical_or_ecological;cultural_archaeological_historic;wildlife_and_habitat,The statewide source identifies special management attention to prevent irreparable damage to those values. Detailed restrictions and exceptions are plan-specific.,"Legal access, ownership, inholdings, and component-specific restrictions were not established from the statewide ACEC layer.",,California,,drecp,no_water_value_identified_in_statewide_source,No fish-resource relevance is coded affirmative in the statewide source; spatial hydrologic context has not been derived.,,not_verified,,statewide_source_map_only,https://www.blm.gov/programs/planning-and-nepa/plans-in-development/california,official_california_plan_index_only,https://www.blm.gov/office/california-desert-district-office,official_unit_url_candidate_not_http_validated,not_systematically_researched,not_systematically_researched,statewide_source_audit_complete_plan_level_research_partial,2026-08-05,high_source_identity_medium_semantic_history,"Panamints and Argus is represented in the current BLM California designated-ACEC layer under CDCA Plan, as amended by DRECP. The statewide source identifies cultural resources, historic resources, natural processes, natural systems, and wildlife resources as relevant designation categories. The statewide source identifies special management attention to prevent irreparable damage to those values. Detailed restrictions and exceptions are plan-specific. The mapped boundary is a planning-designation geometry, not an ownership or access boundary.","Detailed ACEC-specific plan pages, maps, prescriptions, land status, access, and related-designation intersections remain a documented research/overlay phase.",3,104523.11272040437,True,equivalent_within_qa_tolerance,user-supplied BRIM acec shapefile; EPSG:3310; original snapshot preserved
acec-3470fc550ec680,Panoche/Coalinga,panoche coalinga,,panoche coalinga|Hollister|DOI-BLM-CA-C090-2006-0021-EIS|2007-09-07|CAC09000,currently_designated_source_layer,Currently mapped as designated,ACEC,ACEC,not_verified,True,False,False,unverified,unverified,1,1,1,,not_researched,55209.608943,55209.608943,0.0,0.0,Central California District,Central Coast Field Office,Central Coast Field Office,CAC09000,1,Hollister,2007-09-07,2007,BLM land-use planning decision,DOI-BLM-CA-C090-2006-0021-EIS,https://eplanning.blm.gov/eplanning-ui/project/68795/510,,Current statewide source supplies one governing-plan/ROD association; earlier boundary and designation history require plan-level research.,"Cultural resources, Historic resources, Natural processes, Natural systems, and Wildlife resources.",botanical_or_ecological;cultural_archaeological_historic;wildlife_and_habitat,The statewide source identifies special management attention to protect identified relevant and important values and prevent irreparable damage to those values. Detailed restrictions and exceptions are plan-specific.,"Legal access, ownership, inholdings, and component-specific restrictions were not established from the statewide ACEC layer.",,California,,central_california_plan,no_water_value_identified_in_statewide_source,No fish-resource relevance is coded affirmative in the statewide source; spatial hydrologic context has not been derived.,,not_verified,,statewide_source_map_only,https://eplanning.blm.gov/eplanning-ui/project/68795/510,direct_official_plan_or_project_page,https://www.blm.gov/office/central-coast-field-office,official_unit_url_candidate_not_http_validated,not_systematically_researched,not_systematically_researched,statewide_source_audit_complete_plan_level_research_partial,2026-08-05,high_source_identity_medium_semantic_history,"Panoche/Coalinga is represented in the current BLM California designated-ACEC layer under Hollister. The statewide source identifies cultural resources, historic resources, natural processes, natural systems, and wildlife resources as relevant designation categories. The statewide source identifies special management attention to protect identified relevant and important values and prevent irreparable damage to those values. Detailed restrictions and exceptions are plan-specific. The mapped boundary is a planning-designation geometry, not an ownership or access boundary.","Detailed ACEC-specific plan pages, maps, prescriptions, land status, access, and related-designation intersections remain a documented research/overlay phase.",65,55209.608942786996,True,equivalent_within_qa_tolerance,user-supplied BRIM acec shapefile; EPSG:3310; original snapshot preserved
acec-eb5af440a93840,Parish's Phacelia,parish s phacelia,,"parish s phacelia|CDCA Plan, as amended by DRECP|DOI-BLM-CA-D010-2014-0001-RMP-EIS|2016-09-14|CAD00000",currently_designated_source_layer,Currently mapped as designated,ACEC,ACEC,not_verified,True,False,False,unverified,unverified,1,1,0,,not_researched,898.614447,898.614447,-0.0,-0.0,California Desert District,,California Desert District,CAD00000,1,"CDCA Plan, as amended by DRECP",2016-09-14,2016,BLM land-use planning decision,DOI-BLM-CA-D010-2014-0001-RMP-EIS,https://www.blm.gov/programs/planning-and-nepa/plans-in-development/california/desert-renewable-energy-conservation-plan,,Current statewide source supplies one governing-plan/ROD association; earlier boundary and designation history require plan-level research.,"Natural processes, Natural systems, and Wildlife resources.",botanical_or_ecological;wildlife_and_habitat,The statewide source identifies special management attention to prevent irreparable damage to those values. Detailed restrictions and exceptions are plan-specific.,"Legal access, ownership, inholdings, and component-specific restrictions were not established from the statewide ACEC layer.",,California,,drecp,no_water_value_identified_in_statewide_source,No fish-resource relevance is coded affirmative in the statewide source; spatial hydrologic context has not been derived.,,not_verified,,statewide_source_map_only,https://www.blm.gov/programs/planning-and-nepa/plans-in-development/california/desert-renewable-energy-conservation-plan,direct_official_plan_or_project_page,https://www.blm.gov/office/california-desert-district-office,official_unit_url_candidate_not_http_validated,not_systematically_researched,not_systematically_researched,statewide_source_audit_complete_plan_level_research_partial,2026-08-05,high_source_identity_medium_semantic_history,"Parish's Phacelia is represented in the current BLM California designated-ACEC layer under CDCA Plan, as amended by DRECP. The statewide source identifies natural processes, natural systems, and wildlife resources as relevant designation categories. The statewide source identifies special management attention to prevent irreparable damage to those values. Detailed restrictions and exceptions are plan-specific. The mapped boundary is a planning-designation geometry, not an ownership or access boundary.","Detailed ACEC-specific plan pages, maps, prescriptions, land status, access, and related-designation intersections remain a documented research/overlay phase.",1,898.614446781142,True,equivalent_within_qa_tolerance,user-supplied BRIM acec shapefile; EPSG:3310; original snapshot preserved
acec-84c0ee829f9e7a,Patton Military Camps,patton military camps,,"patton military camps|CDCA Plan, as amended by Plan 52|DOI-BLM-CA-D010-2014-0001-RMP-EIS|2016-09-14|CAD00000",currently_designated_source_layer,Currently mapped as designated,ACEC,ACEC,not_verified,True,False,False,unverified,unverified,1,1,1,,not_researched,20409.996237,20409.996237,-0.0,-0.0,California Desert District,,California Desert District,CAD00000,1,"CDCA Plan, as amended by Plan 52",2016-09-14,2016,BLM land-use planning decision,DOI-BLM-CA-D010-2014-0001-RMP-EIS,https://www.blm.gov/programs/planning-and-nepa/plans-in-development/california/desert-renewable-energy-conservation-plan,,Current statewide source supplies one governing-plan/ROD association; earlier boundary and designation history require plan-level research.,Historic resources.,cultural_archaeological_historic,The statewide source identifies special management attention to prevent irreparable damage to those values. Detailed restrictions and exceptions are plan-specific.,"Legal access, ownership, inholdings, and component-specific restrictions were not established from the statewide ACEC layer.",,California,,drecp,no_water_value_identified_in_statewide_source,No fish-resource relevance is coded affirmative in the statewide source; spatial hydrologic context has not been derived.,,not_verified,,statewide_source_map_only,https://www.blm.gov/programs/planning-and-nepa/plans-in-development/california/desert-renewable-energy-conservation-plan,direct_official_plan_or_project_page,https://www.blm.gov/office/california-desert-district-office,official_unit_url_candidate_not_http_validated,not_systematically_researched,not_systematically_researched,statewide_source_audit_complete_plan_level_research_partial,2026-08-05,high_source_identity_medium_semantic_history,"Patton Military Camps is represented in the current BLM California designated-ACEC layer under CDCA Plan, as amended by Plan 52. The statewide source identifies historic resources as relevant designation categories. The statewide source identifies special management attention to prevent irreparable damage to those values. Detailed restrictions and exceptions are plan-specific. The mapped boundary is a planning-designation geometry, not an ownership or access boundary.","Detailed ACEC-specific plan pages, maps, prescriptions, land status, access, and related-designation intersections remain a documented research/overlay phase.",4,20409.996236801257,True,equivalent_within_qa_tolerance,user-supplied BRIM acec shapefile; EPSG:3310; original snapshot preserved
acec-d74831f0661474,Picacho,picacho,,"picacho|CDCA Plan, as amendment, DRECP amendment|DOI-BLM-CA-D010-1980-0001-RMP-EIS|1980-12-12|CAD00000",currently_designated_source_layer,Currently mapped as designated,ACEC,ACEC,not_verified,True,False,False,unverified,unverified,1,1,1,,not_researched,197148.065329,197148.065329,-0.0,-0.0,California Desert District,,California Desert District,CAD00000,1,"CDCA Plan, as amendment, DRECP amendment",1980-12-12,1980,BLM land-use planning decision,DOI-BLM-CA-D010-1980-0001-RMP-EIS,https://eplanning.blm.gov/eplanning-ui/project/66949/510,,Current statewide source supplies one governing-plan/ROD association; earlier boundary and designation history require plan-level research.,"Cultural resources, Historic resources, Natural processes, Natural systems, Scenic values, and Wildlife resources.",botanical_or_ecological;cultural_archaeological_historic;scenic;wildlife_and_habitat,The statewide source identifies special management attention to prevent irreparable damage to those values. Detailed restrictions and exceptions are plan-specific.,"Legal access, ownership, inholdings, and component-specific restrictions were not established from the statewide ACEC layer.",,California,,drecp,no_water_value_identified_in_statewide_source,No fish-resource relevance is coded affirmative in the statewide source; spatial hydrologic context has not been derived.,,not_verified,,statewide_source_map_only,https://eplanning.blm.gov/eplanning-ui/project/66949/510,direct_official_plan_or_project_page,https://www.blm.gov/office/california-desert-district-office,official_unit_url_candidate_not_http_validated,not_systematically_researched,not_systematically_researched,statewide_source_audit_complete_plan_level_research_partial,2026-08-05,high_source_identity_medium_semantic_history,"Picacho is represented in the current BLM California designated-ACEC layer under CDCA Plan, as amendment, DRECP amendment. The statewide source identifies cultural resources, historic resources, natural processes, natural systems, scenic values, and wildlife resources as relevant designation categories. The statewide source identifies special management attention to prevent irreparable damage to those values. Detailed restrictions and exceptions are plan-specific. The mapped boundary is a planning-designation geometry, not an ownership or access boundary.","Detailed ACEC-specific plan pages, maps, prescriptions, land status, access, and related-designation intersections remain a documented research/overlay phase.",2,197148.06532903004,True,equivalent_within_qa_tolerance,user-supplied BRIM acec shapefile; EPSG:3310; original snapshot preserved
acec-3aa2b7a0265f41,Pilot Knob,pilot knob,,"pilot knob|CDCA Plan, as amended, DRECP amendment|DOI-BLM-CA-D010-1980-0001-RMP-EIS|1980-12-12|CAD00000",currently_designated_source_layer,Currently mapped as designated,ACEC,ACEC,not_verified,True,False,False,unverified,unverified,1,1,0,,not_researched,867.553559,867.553559,-0.0,-0.0,California Desert District,,California Desert District,CAD00000,1,"CDCA Plan, as amended, DRECP amendment",1980-12-12,1980,BLM land-use planning decision,DOI-BLM-CA-D010-1980-0001-RMP-EIS,https://eplanning.blm.gov/eplanning-ui/project/66949/510,,Current statewide source supplies one governing-plan/ROD association; earlier boundary and designation history require plan-level research.,"Cultural resources, Historic resources, Natural processes, Natural systems, Scenic values, and Wildlife resources.",botanical_or_ecological;cultural_archaeological_historic;scenic;wildlife_and_habitat,The statewide source identifies special management attention to prevent irreparable damage to those values. Detailed restrictions and exceptions are plan-specific.,"Legal access, ownership, inholdings, and component-specific restrictions were not established from the statewide ACEC layer.",,California,,drecp,no_water_value_identified_in_statewide_source,No fish-resource relevance is coded affirmative in the statewide source; spatial hydrologic context has not been derived.,,not_verified,,statewide_source_map_only,https://eplanning.blm.gov/eplanning-ui/project/66949/510,direct_official_plan_or_project_page,https://www.blm.gov/office/california-desert-district-office,official_unit_url_candidate_not_http_validated,not_systematically_researched,not_systematically_researched,statewide_source_audit_complete_plan_level_research_partial,2026-08-05,high_source_identity_medium_semantic_history,"Pilot Knob is represented in the current BLM California designated-ACEC layer under CDCA Plan, as amended, DRECP amendment. The statewide source identifies cultural resources, historic resources, natural processes, natural systems, scenic values, and wildlife resources as relevant designation categories. The statewide source identifies special management attention to prevent irreparable damage to those values. Detailed restrictions and exceptions are plan-specific. The mapped boundary is a planning-designation geometry, not an ownership or access boundary.","Detailed ACEC-specific plan pages, maps, prescriptions, land status, access, and related-designation intersections remain a documented research/overlay phase.",1,867.553558823463,True,equivalent_within_qa_tolerance,user-supplied BRIM acec shapefile; EPSG:3310; original snapshot preserved
acec-40eb9c2dfe7510,Pine Dunes,pine dunes,,pine dunes|Eagle Lake|DOI-BLM-CA-N050-2008-0002-RMP-EIS|2008-04-17|CAN05000,currently_designated_source_layer,Currently mapped as designated,ACEC,ACEC,not_verified,True,False,False,unverified,unverified,1,1,1,,not_researched,2860.587715,2860.587715,0.0,0.0,Northern California District,Eagle Lake Field Office,Eagle Lake Field Office,CAN05000,1,Eagle Lake,2008-04-17,2008,BLM land-use planning decision,DOI-BLM-CA-N050-2008-0002-RMP-EIS,https://eplanning.blm.gov/eplanning-ui/project/69341/510,,Current statewide source supplies one governing-plan/ROD association; earlier boundary and designation history require plan-level research.,Natural systems.,botanical_or_ecological,The statewide source identifies special management attention to protect identified relevant and important values. Detailed restrictions and exceptions are plan-specific.,"Legal access, ownership, inholdings, and component-specific restrictions were not established from the statewide ACEC layer.",,California,,northern_california_other_plan,no_water_value_identified_in_statewide_source,No fish-resource relevance is coded affirmative in the statewide source; spatial hydrologic context has not been derived.,,not_verified,,statewide_source_map_only,https://eplanning.blm.gov/eplanning-ui/project/69341/510,direct_official_plan_or_project_page,https://www.blm.gov/office/eagle-lake-field-office,official_unit_url_candidate_not_http_validated,not_systematically_researched,not_systematically_researched,statewide_source_audit_complete_plan_level_research_partial,2026-08-05,high_source_identity_medium_semantic_history,"Pine Dunes is represented in the current BLM California designated-ACEC layer under Eagle Lake. The statewide source identifies natural systems as relevant designation categories. The statewide source identifies special management attention to protect identified relevant and important values. Detailed restrictions and exceptions are plan-specific. The mapped boundary is a planning-designation geometry, not an ownership or access boundary.","Detailed ACEC-specific plan pages, maps, prescriptions, land status, access, and related-designation intersections remain a documented research/overlay phase.",4,2860.5877145858512,True,equivalent_within_qa_tolerance,user-supplied BRIM acec shapefile; EPSG:3310; original snapshot preserved
acec-50393d70bf37b1,Pine Hill,pine hill,,pine hill|Sierra|DOI-BLM-CA-C080-2007-0001-RMP-EIS|2008-02-01|CAC08000,currently_designated_source_layer,Currently mapped as designated,ACEC,ACEC,not_verified,True,False,False,unverified,unverified,1,1,1,,not_researched,3277.23416,3277.23416,-0.0,-0.0,Central California District,Mother Lode Field Office,Mother Lode Field Office,CAC08000,1,Sierra,2008-02-01,2008,BLM land-use planning decision,DOI-BLM-CA-C080-2007-0001-RMP-EIS,https://eplanning.blm.gov/eplanning-ui/project/72554/510,,Current statewide source supplies one governing-plan/ROD association; earlier boundary and designation history require plan-level research.,"Natural processes, and Natural systems.",botanical_or_ecological,The statewide source identifies special management attention to prevent irreparable damage to those values. Detailed restrictions and exceptions are plan-specific.,"Legal access, ownership, inholdings, and component-specific restrictions were not established from the statewide ACEC layer.",,California,,central_california_plan,no_water_value_identified_in_statewide_source,No fish-resource relevance is coded affirmative in the statewide source; spatial hydrologic context has not been derived.,,not_verified,,statewide_source_map_only,https://eplanning.blm.gov/eplanning-ui/project/72554/510,direct_official_plan_or_project_page,https://www.blm.gov/office/mother-lode-field-office,official_unit_url_candidate_not_http_validated,not_systematically_researched,not_systematically_researched,statewide_source_audit_complete_plan_level_research_partial,2026-08-05,high_source_identity_medium_semantic_history,"Pine Hill is represented in the current BLM California designated-ACEC layer under Sierra. The statewide source identifies natural processes, and natural systems as relevant designation categories. The statewide source identifies special management attention to prevent irreparable damage to those values. Detailed restrictions and exceptions are plan-specific. The mapped boundary is a planning-designation geometry, not an ownership or access boundary.","Detailed ACEC-specific plan pages, maps, prescriptions, land status, access, and related-designation intersections remain a documented research/overlay phase.",13,3277.234159803362,True,equivalent_within_qa_tolerance,user-supplied BRIM acec shapefile; EPSG:3310; original snapshot preserved
acec-fddd72e60b1552,Pinto Mountains,pinto mountains,,"pinto mountains|CDCA Plan, as amended by DRECP|DOI-BLM-CA-D010-2014-0001-RMP-EIS|2016-09-14|CAD00000",currently_designated_source_layer,Currently mapped as designated,ACEC,ACEC,not_verified,True,False,False,unverified,unverified,1,1,0,,not_researched,115540.351661,115540.351661,0.0,0.0,California Desert District,,California Desert District,CAD00000,1,"CDCA Plan, as amended by DRECP",2016-09-14,2016,BLM land-use planning decision,DOI-BLM-CA-D010-2014-0001-RMP-EIS,https://www.blm.gov/programs/planning-and-nepa/plans-in-development/california/desert-renewable-energy-conservation-plan,,Current statewide source supplies one governing-plan/ROD association; earlier boundary and designation history require plan-level research.,"Natural processes, Natural systems, and Wildlife resources.",botanical_or_ecological;wildlife_and_habitat,The statewide source identifies special management attention to prevent irreparable damage to those values. Detailed restrictions and exceptions are plan-specific.,"Legal access, ownership, inholdings, and component-specific restrictions were not established from the statewide ACEC layer.",,California,,drecp,no_water_value_identified_in_statewide_source,No fish-resource relevance is coded affirmative in the statewide source; spatial hydrologic context has not been derived.,,not_verified,,statewide_source_map_only,https://www.blm.gov/programs/planning-and-nepa/plans-in-development/california/desert-renewable-energy-conservation-plan,direct_official_plan_or_project_page,https://www.blm.gov/office/california-desert-district-office,official_unit_url_candidate_not_http_validated,not_systematically_researched,not_systematically_researched,statewide_source_audit_complete_plan_level_research_partial,2026-08-05,high_source_identity_medium_semantic_history,"Pinto Mountains is represented in the current BLM California designated-ACEC layer under CDCA Plan, as amended by DRECP. The statewide source identifies natural processes, natural systems, and wildlife resources as relevant designation categories. The statewide source identifies special management attention to prevent irreparable damage to those values. Detailed restrictions and exceptions are plan-specific. The mapped boundary is a planning-designation geometry, not an ownership or access boundary.","Detailed ACEC-specific plan pages, maps, prescriptions, land status, access, and related-designation intersections remain a documented research/overlay phase.",1,115540.35464083949,True,equivalent_within_qa_tolerance,user-supplied BRIM acec shapefile; EPSG:3310; original snapshot preserved
acec-a42bfe37fea94f,Pipes Canyon,pipes canyon,,"pipes canyon|CDCA Plan, as amended by DRECP|DOI-BLM-CA-D010-2014-0001-RMP-EIS|2016-09-14|CAD00000",currently_designated_source_layer,Currently mapped as designated,ACEC,ACEC,not_verified,True,False,False,unverified,unverified,1,1,0,,not_researched,59829.639094,59829.639094,-0.0,-0.0,California Desert District,,California Desert District,CAD00000,1,"CDCA Plan, as amended by DRECP",2016-09-14,2016,BLM land-use planning decision,DOI-BLM-CA-D010-2014-0001-RMP-EIS,https://www.blm.gov/programs/planning-and-nepa/plans-in-development/california/desert-renewable-energy-conservation-plan,,Current statewide source supplies one governing-plan/ROD association; earlier boundary and designation history require plan-level research.,"Cultural resources, and Historic resources.",cultural_archaeological_historic,The statewide source identifies special management attention to protect identified relevant and important values. Detailed restrictions and exceptions are plan-specific.,"Legal access, ownership, inholdings, and component-specific restrictions were not established from the statewide ACEC layer.",,California,,drecp,no_water_value_identified_in_statewide_source,No fish-resource relevance is coded affirmative in the statewide source; spatial hydrologic context has not been derived.,,not_verified,,statewide_source_map_only,https://www.blm.gov/programs/planning-and-nepa/plans-in-development/california/desert-renewable-energy-conservation-plan,direct_official_plan_or_project_page,https://www.blm.gov/office/california-desert-district-office,official_unit_url_candidate_not_http_validated,not_systematically_researched,not_systematically_researched,statewide_source_audit_complete_plan_level_research_partial,2026-08-05,high_source_identity_medium_semantic_history,"Pipes Canyon is represented in the current BLM California designated-ACEC layer under CDCA Plan, as amended by DRECP. The statewide source identifies cultural resources, and historic resources as relevant designation categories. The statewide source identifies special management attention to protect identified relevant and important values. Detailed restrictions and exceptions are plan-specific. The mapped boundary is a planning-designation geometry, not an ownership or access boundary.","Detailed ACEC-specific plan pages, maps, prescriptions, land status, access, and related-designation intersections remain a documented research/overlay phase.",1,59829.639093561505,True,equivalent_within_qa_tolerance,user-supplied BRIM acec shapefile; EPSG:3310; original snapshot preserved
acec-f36ce6f5a67354,Pisgah,pisgah,,"pisgah|CDCA Plan, as amended by DRECP|DOI-BLM-CA-D010-2014-0001-RMP-EIS|2016-09-14|CAD00000",currently_designated_source_layer,Currently mapped as designated,ACEC,ACEC,not_verified,True,False,False,unverified,unverified,1,1,0,,not_researched,53884.357958,53884.357958,0.0,0.0,California Desert District,,California Desert District,CAD00000,1,"CDCA Plan, as amended by DRECP",2016-09-14,2016,BLM land-use planning decision,DOI-BLM-CA-D010-2014-0001-RMP-EIS,https://www.blm.gov/programs/planning-and-nepa/plans-in-development/california/desert-renewable-energy-conservation-plan,,Current statewide source supplies one governing-plan/ROD association; earlier boundary and designation history require plan-level research.,"Natural processes, Natural systems, and Wildlife resources.",botanical_or_ecological;wildlife_and_habitat,The statewide source identifies special management attention to prevent irreparable damage to those values. Detailed restrictions and exceptions are plan-specific.,"Legal access, ownership, inholdings, and component-specific restrictions were not established from the statewide ACEC layer.",,California,,drecp,no_water_value_identified_in_statewide_source,No fish-resource relevance is coded affirmative in the statewide source; spatial hydrologic context has not been derived.,,not_verified,,statewide_source_map_only,https://www.blm.gov/programs/planning-and-nepa/plans-in-development/california/desert-renewable-energy-conservation-plan,direct_official_plan_or_project_page,https://www.blm.gov/office/california-desert-district-office,official_unit_url_candidate_not_http_validated,not_systematically_researched,not_systematically_researched,statewide_source_audit_complete_plan_level_research_partial,2026-08-05,high_source_identity_medium_semantic_history,"Pisgah is represented in the current BLM California designated-ACEC layer under CDCA Plan, as amended by DRECP. The statewide source identifies natural processes, natural systems, and wildlife resources as relevant designation categories. The statewide source identifies special management attention to prevent irreparable damage to those values. Detailed restrictions and exceptions are plan-specific. The mapped boundary is a planning-designation geometry, not an ownership or access boundary.","Detailed ACEC-specific plan pages, maps, prescriptions, land status, access, and related-designation intersections remain a documented research/overlay phase.",1,53884.35795826887,True,equivalent_within_qa_tolerance,user-supplied BRIM acec shapefile; EPSG:3310; original snapshot preserved
acec-b662662b90103e,Piute Cypress,piute cypress,,piute cypress|Bakersfield Resource Management Plan|DOI-BLM-CA-C060-2014-0001-RMP-EIS|2014-12-22|CAD00000,currently_designated_source_layer,Currently mapped as designated,ACEC,ACEC,not_verified,True,False,False,unverified,unverified,1,1,1,,not_researched,2509.886792,2509.886792,-0.0,-0.0,California Desert District,,California Desert District,CAD00000,1,Bakersfield Resource Management Plan,2014-12-22,2014,BLM land-use planning decision,DOI-BLM-CA-C060-2014-0001-RMP-EIS,https://eplanning.blm.gov/Project-Home/?id=77b9ea95-a7f2-f011-8406-001dd802fdea,,Current statewide source supplies one governing-plan/ROD association; earlier boundary and designation history require plan-level research.,"Natural processes, Natural systems, and Scenic values.",botanical_or_ecological;scenic,The statewide source identifies special management attention to prevent irreparable damage to those values. Detailed restrictions and exceptions are plan-specific.,"Legal access, ownership, inholdings, and component-specific restrictions were not established from the statewide ACEC layer.",,California,,california_desert_other_plan,no_water_value_identified_in_statewide_source,No fish-resource relevance is coded affirmative in the statewide source; spatial hydrologic context has not been derived.,,not_verified,,statewide_source_map_only,https://eplanning.blm.gov/Project-Home/?id=77b9ea95-a7f2-f011-8406-001dd802fdea,direct_official_plan_or_project_page,https://www.blm.gov/office/california-desert-district-office,official_unit_url_candidate_not_http_validated,not_systematically_researched,not_systematically_researched,statewide_source_audit_complete_plan_level_research_partial,2026-08-05,high_source_identity_medium_semantic_history,"Piute Cypress is represented in the current BLM California designated-ACEC layer under Bakersfield Resource Management Plan. The statewide source identifies natural processes, natural systems, and scenic values as relevant designation categories. The statewide source identifies special management attention to prevent irreparable damage to those values. Detailed restrictions and exceptions are plan-specific. The mapped boundary is a planning-designation geometry, not an ownership or access boundary.","Detailed ACEC-specific plan pages, maps, prescriptions, land status, access, and related-designation intersections remain a documented research/overlay phase.",3,2509.886792101547,True,equivalent_within_qa_tolerance,user-supplied BRIM acec shapefile; EPSG:3310; original snapshot preserved
acec-bb02e878544f98,Piute-Fenner,piute fenner,,"piute fenner|CDCA Plan, as amended by DRECP|DOI-BLM-CA-D010-2014-0001-RMP-EIS|2016-09-14|CAD00000",currently_designated_source_layer,Currently mapped as designated,ACEC,ACEC,not_verified,True,False,False,unverified,unverified,1,1,0,,not_researched,178838.057246,178838.057246,-0.0,-0.0,California Desert District,,California Desert District,CAD00000,1,"CDCA Plan, as amended by DRECP",2016-09-14,2016,BLM land-use planning decision,DOI-BLM-CA-D010-2014-0001-RMP-EIS,https://www.blm.gov/programs/planning-and-nepa/plans-in-development/california/desert-renewable-energy-conservation-plan,,Current statewide source supplies one governing-plan/ROD association; earlier boundary and designation history require plan-level research.,"Cultural resources, Historic resources, and Wildlife resources.",cultural_archaeological_historic;wildlife_and_habitat,The statewide source identifies special management attention to protect identified relevant and important values. Detailed restrictions and exceptions are plan-specific.,"Legal access, ownership, inholdings, and component-specific restrictions were not established from the statewide ACEC layer.",,California,,drecp,no_water_value_identified_in_statewide_source,No fish-resource relevance is coded affirmative in the statewide source; spatial hydrologic context has not been derived.,,not_verified,,statewide_source_map_only,https://www.blm.gov/programs/planning-and-nepa/plans-in-development/california/desert-renewable-energy-conservation-plan,direct_official_plan_or_project_page,https://www.blm.gov/office/california-desert-district-office,official_unit_url_candidate_not_http_validated,not_systematically_researched,not_systematically_researched,statewide_source_audit_complete_plan_level_research_partial,2026-08-05,high_source_identity_medium_semantic_history,"Piute-Fenner is represented in the current BLM California designated-ACEC layer under CDCA Plan, as amended by DRECP. The statewide source identifies cultural resources, historic resources, and wildlife resources as relevant designation categories. The statewide source identifies special management attention to protect identified relevant and important values. Detailed restrictions and exceptions are plan-specific. The mapped boundary is a planning-designation geometry, not an ownership or access boundary.","Detailed ACEC-specific plan pages, maps, prescriptions, land status, access, and related-designation intersections remain a documented research/overlay phase.",1,178838.05724554157,True,equivalent_within_qa_tolerance,user-supplied BRIM acec shapefile; EPSG:3310; original snapshot preserved
acec-902721956da5cf,Plank Road,plank road,,"plank road|CDCA, as amended, ISDRA||1980-12-12|CAD00000",currently_designated_source_layer,Currently mapped as designated,ACEC,ACEC,not_verified,True,False,False,unverified,unverified,1,1,1,,not_researched,416.031127,416.031127,-0.0,-0.0,California Desert District,,California Desert District,CAD00000,1,"CDCA, as amended, ISDRA",1980-12-12,1980,BLM land-use planning decision,,https://www.blm.gov/programs/planning-and-nepa/plans-in-development/california,,Current statewide source supplies one governing-plan/ROD association; earlier boundary and designation history require plan-level research.,"Cultural resources, Historic resources, Natural processes, Natural systems, and Wildlife resources.",botanical_or_ecological;cultural_archaeological_historic;wildlife_and_habitat,The statewide source identifies special management attention to prevent irreparable damage to those values. Detailed restrictions and exceptions are plan-specific.,"Legal access, ownership, inholdings, and component-specific restrictions were not established from the statewide ACEC layer.",,California,,california_desert_other_plan,no_water_value_identified_in_statewide_source,No fish-resource relevance is coded affirmative in the statewide source; spatial hydrologic context has not been derived.,,not_verified,,statewide_source_map_only,https://www.blm.gov/programs/planning-and-nepa/plans-in-development/california,official_california_plan_index_only,https://www.blm.gov/office/california-desert-district-office,official_unit_url_candidate_not_http_validated,not_systematically_researched,not_systematically_researched,statewide_source_audit_complete_plan_level_research_partial,2026-08-05,high_source_identity_medium_semantic_history,"Plank Road is represented in the current BLM California designated-ACEC layer under CDCA, as amended, ISDRA. The statewide source identifies cultural resources, historic resources, natural processes, natural systems, and wildlife resources as relevant designation categories. The statewide source identifies special management attention to prevent irreparable damage to those values. Detailed restrictions and exceptions are plan-specific. The mapped boundary is a planning-designation geometry, not an ownership or access boundary.","Detailed ACEC-specific plan pages, maps, prescriptions, land status, access, and related-designation intersections remain a documented research/overlay phase.",2,416.0311273442358,True,equivalent_within_qa_tolerance,user-supplied BRIM acec shapefile; EPSG:3310; original snapshot preserved
acec-b2d2dd7db35a89,Point Sal,point sal,,point sal|Bakersfield Resource Management Plan|DOI-BLM-CA-C060-2014-0001-RMP-EIS|2014-12-22|CAC06000,currently_designated_source_layer,Currently mapped as designated,ACEC,ACEC,not_verified,True,False,False,unverified,unverified,1,1,0,,not_researched,81.753225,81.753225,-0.0,-0.0,Central California District,Bakersfield Field Office,Bakersfield Field Office,CAC06000,1,Bakersfield Resource Management Plan,2014-12-22,2014,BLM land-use planning decision,DOI-BLM-CA-C060-2014-0001-RMP-EIS,https://eplanning.blm.gov/Project-Home/?id=77b9ea95-a7f2-f011-8406-001dd802fdea,,Current statewide source supplies one governing-plan/ROD association; earlier boundary and designation history require plan-level research.,"Cultural resources, Fish or aquatic resources, Historic resources, Natural processes, Natural systems, and Wildlife resources.",botanical_or_ecological;cultural_archaeological_historic;water_aquatic;wildlife_and_habitat,The statewide source identifies special management attention to prevent irreparable damage to those values. Detailed restrictions and exceptions are plan-specific.,"Legal access, ownership, inholdings, and component-specific restrictions were not established from the statewide ACEC layer.",,California,,central_california_plan,documented_designation_value,The statewide source identifies fish-resource relevance.,,not_verified,,statewide_source_map_only,https://eplanning.blm.gov/Project-Home/?id=77b9ea95-a7f2-f011-8406-001dd802fdea,direct_official_plan_or_project_page,https://www.blm.gov/office/bakersfield-field-office,official_unit_url_candidate_not_http_validated,not_systematically_researched,not_systematically_researched,statewide_source_audit_complete_plan_level_research_partial,2026-08-05,high_source_identity_medium_semantic_history,"Point Sal is represented in the current BLM California designated-ACEC layer under Bakersfield Resource Management Plan. The statewide source identifies cultural resources, fish or aquatic resources, historic resources, natural processes, natural systems, and wildlife resources as relevant designation categories. The statewide source identifies special management attention to prevent irreparable damage to those values. Detailed restrictions and exceptions are plan-specific. The mapped boundary is a planning-designation geometry, not an ownership or access boundary.","Detailed ACEC-specific plan pages, maps, prescriptions, land status, access, and related-designation intersections remain a documented research/overlay phase.",1,81.75322485217058,True,equivalent_within_qa_tolerance,user-supplied BRIM acec shapefile; EPSG:3310; original snapshot preserved
acec-ba7bf31678aaf4,Potrero,potrero,,potrero|South Coast||1994-05-26|CAD06000,currently_designated_source_layer,Currently mapped as designated,ACEC,ACEC,not_verified,True,False,False,unverified,unverified,1,1,0,,not_researched,12972.327206,12972.327206,0.0,0.0,California Desert District,Palm Springs-South Coast Field Office,Palm Springs-South Coast Field Office,CAD06000,1,South Coast,1994-05-26,1994,BLM land-use planning decision,,https://www.blm.gov/programs/planning-and-nepa/plans-in-development/california,,Current statewide source supplies one governing-plan/ROD association; earlier boundary and designation history require plan-level research.,"Natural hazards or public safety, Natural processes, Natural systems, and Wildlife resources.",botanical_or_ecological;other_or_unresolved;wildlife_and_habitat,The statewide source identifies special management attention to prevent irreparable damage to those values. Detailed restrictions and exceptions are plan-specific.,"Legal access, ownership, inholdings, and component-specific restrictions were not established from the statewide ACEC layer.",,California,,california_desert_other_plan,no_water_value_identified_in_statewide_source,No fish-resource relevance is coded affirmative in the statewide source; spatial hydrologic context has not been derived.,,not_verified,,statewide_source_map_only,https://www.blm.gov/programs/planning-and-nepa/plans-in-development/california,official_california_plan_index_only,https://www.blm.gov/office/palm-springs-south-coast-field-office,official_unit_url_candidate_not_http_validated,not_systematically_researched,not_systematically_researched,statewide_source_audit_complete_plan_level_research_partial,2026-08-05,high_source_identity_medium_semantic_history,"Potrero is represented in the current BLM California designated-ACEC layer under South Coast. The statewide source identifies natural hazards or public safety, natural processes, natural systems, and wildlife resources as relevant designation categories. The statewide source identifies special management attention to prevent irreparable damage to those values. Detailed restrictions and exceptions are plan-specific. The mapped boundary is a planning-designation geometry, not an ownership or access boundary.","Detailed ACEC-specific plan pages, maps, prescriptions, land status, access, and related-designation intersections remain a documented research/overlay phase.",1,12972.327205618158,True,equivalent_within_qa_tolerance,user-supplied BRIM acec shapefile; EPSG:3310; original snapshot preserved
acec-8c9f3f2745077b,Rahilly-Gravelly,rahilly gravelly,,rahilly gravelly|Surprise|DOI-BLM-CA-N020-2008-0002-RMP-EIS|2008-04-17|CAN02000,currently_designated_source_layer,Currently mapped as designated,ACEC,ACEC,not_verified,True,False,False,unverified,unverified,1,1,0,,not_researched,955.797539,955.797539,-0.0,-0.0,Northern California District,Applegate Field Office,Applegate Field Office,CAN02000,1,Surprise,2008-04-17,2008,BLM land-use planning decision,DOI-BLM-CA-N020-2008-0002-RMP-EIS,https://eplanning.blm.gov/eplanning-ui/project/65663/510,,Current statewide source supplies one governing-plan/ROD association; earlier boundary and designation history require plan-level research.,"Cultural resources, Historic resources, Natural processes, Natural systems, and Wildlife resources.",botanical_or_ecological;cultural_archaeological_historic;wildlife_and_habitat,The statewide source identifies special management attention to prevent irreparable damage to those values. Detailed restrictions and exceptions are plan-specific.,"Legal access, ownership, inholdings, and component-specific restrictions were not established from the statewide ACEC layer.",,California,,northern_california_other_plan,no_water_value_identified_in_statewide_source,No fish-resource relevance is coded affirmative in the statewide source; spatial hydrologic context has not been derived.,,not_verified,,statewide_source_map_only,https://eplanning.blm.gov/eplanning-ui/project/65663/510,direct_official_plan_or_project_page,https://www.blm.gov/office/applegate-field-office,official_unit_url_candidate_not_http_validated,not_systematically_researched,not_systematically_researched,statewide_source_audit_complete_plan_level_research_partial,2026-08-05,high_source_identity_medium_semantic_history,"Rahilly-Gravelly is represented in the current BLM California designated-ACEC layer under Surprise. The statewide source identifies cultural resources, historic resources, natural processes, natural systems, and wildlife resources as relevant designation categories. The statewide source identifies special management attention to prevent irreparable damage to those values. Detailed restrictions and exceptions are plan-specific. The mapped boundary is a planning-designation geometry, not an ownership or access boundary.","Detailed ACEC-specific plan pages, maps, prescriptions, land status, access, and related-designation intersections remain a documented research/overlay phase.",1,955.7975387906796,True,equivalent_within_qa_tolerance,user-supplied BRIM acec shapefile; EPSG:3310; original snapshot preserved
acec-c24aacac3dc76a,Rainbow Basin/Owl Canyon,rainbow basin owl canyon,,"rainbow basin owl canyon|CDCA Plan, as amended by DRECP|DOI-BLM-CA-D010-2014-0001-RMP-EIS|2016-09-14|CAD00000",currently_designated_source_layer,Currently mapped as designated,ACEC,ACEC,not_verified,True,False,False,unverified,unverified,1,1,0,,not_researched,4103.579992,4103.579992,-0.0,-0.0,California Desert District,,California Desert District,CAD00000,1,"CDCA Plan, as amended by DRECP",2016-09-14,2016,BLM land-use planning decision,DOI-BLM-CA-D010-2014-0001-RMP-EIS,https://www.blm.gov/programs/planning-and-nepa/plans-in-development/california/desert-renewable-energy-conservation-plan,,Current statewide source supplies one governing-plan/ROD association; earlier boundary and designation history require plan-level research.,"Historic resources, Natural processes, Natural systems, Scenic values, and Wildlife resources.",botanical_or_ecological;cultural_archaeological_historic;scenic;wildlife_and_habitat,The statewide source identifies special management attention to prevent irreparable damage to those values. Detailed restrictions and exceptions are plan-specific.,"Legal access, ownership, inholdings, and component-specific restrictions were not established from the statewide ACEC layer.",,California,,drecp,no_water_value_identified_in_statewide_source,No fish-resource relevance is coded affirmative in the statewide source; spatial hydrologic context has not been derived.,,not_verified,,statewide_source_map_only,https://www.blm.gov/programs/planning-and-nepa/plans-in-development/california/desert-renewable-energy-conservation-plan,direct_official_plan_or_project_page,https://www.blm.gov/office/california-desert-district-office,official_unit_url_candidate_not_http_validated,not_systematically_researched,not_systematically_researched,statewide_source_audit_complete_plan_level_research_partial,2026-08-05,high_source_identity_medium_semantic_history,"Rainbow Basin/Owl Canyon is represented in the current BLM California designated-ACEC layer under CDCA Plan, as amended by DRECP. The statewide source identifies historic resources, natural processes, natural systems, scenic values, and wildlife resources as relevant designation categories. The statewide source identifies special management attention to prevent irreparable damage to those values. Detailed restrictions and exceptions are plan-specific. The mapped boundary is a planning-designation geometry, not an ownership or access boundary.","Detailed ACEC-specific plan pages, maps, prescriptions, land status, access, and related-designation intersections remain a documented research/overlay phase.",1,4103.579991940849,True,equivalent_within_qa_tolerance,user-supplied BRIM acec shapefile; EPSG:3310; original snapshot preserved
acec-e07a71acec298e,Red Hills,red hills,,red hills|Sierra|DOI-BLM-CA-C080-2007-0001-RMP-EIS|2008-02-01|CAC08000,currently_designated_source_layer,Currently mapped as designated,ACEC,ACEC,not_verified,True,False,False,unverified,unverified,1,1,1,,not_researched,9919.644034,9919.644034,0.0,0.0,Central California District,Mother Lode Field Office,Mother Lode Field Office,CAC08000,1,Sierra,2008-02-01,2008,BLM land-use planning decision,DOI-BLM-CA-C080-2007-0001-RMP-EIS,https://eplanning.blm.gov/eplanning-ui/project/72554/510,,Current statewide source supplies one governing-plan/ROD association; earlier boundary and designation history require plan-level research.,"Natural systems, and Scenic values.",botanical_or_ecological;scenic,The statewide source identifies special management attention to prevent irreparable damage to those values. Detailed restrictions and exceptions are plan-specific.,"Legal access, ownership, inholdings, and component-specific restrictions were not established from the statewide ACEC layer.",,California,,central_california_plan,no_water_value_identified_in_statewide_source,No fish-resource relevance is coded affirmative in the statewide source; spatial hydrologic context has not been derived.,,not_verified,,statewide_source_map_only,https://eplanning.blm.gov/eplanning-ui/project/72554/510,direct_official_plan_or_project_page,https://www.blm.gov/office/mother-lode-field-office,official_unit_url_candidate_not_http_validated,not_systematically_researched,not_systematically_researched,statewide_source_audit_complete_plan_level_research_partial,2026-08-05,high_source_identity_medium_semantic_history,"Red Hills is represented in the current BLM California designated-ACEC layer under Sierra. The statewide source identifies natural systems, and scenic values as relevant designation categories. The statewide source identifies special management attention to prevent irreparable damage to those values. Detailed restrictions and exceptions are plan-specific. The mapped boundary is a planning-designation geometry, not an ownership or access boundary.","Detailed ACEC-specific plan pages, maps, prescriptions, land status, access, and related-designation intersections remain a documented research/overlay phase.",3,9919.644034215708,True,equivalent_within_qa_tolerance,user-supplied BRIM acec shapefile; EPSG:3310; original snapshot preserved
acec-afcd1e696aa3a1,Red Mountain Spring,red mountain spring,,"red mountain spring|CDCA Plan, as amended by DRECP||2016-09-14|CAD00000",currently_designated_source_layer,Currently mapped as designated,ACEC,ACEC,not_verified,True,False,False,unverified,unverified,1,1,0,,not_researched,717.722137,717.722137,-0.0,-0.0,California Desert District,,California Desert District,CAD00000,1,"CDCA Plan, as amended by DRECP",2016-09-14,2016,BLM land-use planning decision,,https://www.blm.gov/programs/planning-and-nepa/plans-in-development/california,,Current statewide source supplies one governing-plan/ROD association; earlier boundary and designation history require plan-level research.,"Cultural resources, Historic resources, Natural processes, and Natural systems.",botanical_or_ecological;cultural_archaeological_historic,The statewide source identifies special management attention to prevent irreparable damage to those values. Detailed restrictions and exceptions are plan-specific.,"Legal access, ownership, inholdings, and component-specific restrictions were not established from the statewide ACEC layer.",,California,,drecp,no_water_value_identified_in_statewide_source,No fish-resource relevance is coded affirmative in the statewide source; spatial hydrologic context has not been derived.,,not_verified,,statewide_source_map_only,https://www.blm.gov/programs/planning-and-nepa/plans-in-development/california,official_california_plan_index_only,https://www.blm.gov/office/california-desert-district-office,official_unit_url_candidate_not_http_validated,not_systematically_researched,not_systematically_researched,statewide_source_audit_complete_plan_level_research_partial,2026-08-05,high_source_identity_medium_semantic_history,"Red Mountain Spring is represented in the current BLM California designated-ACEC layer under CDCA Plan, as amended by DRECP. The statewide source identifies cultural resources, historic resources, natural processes, and natural systems as relevant designation categories. The statewide source identifies special management attention to prevent irreparable damage to those values. Detailed restrictions and exceptions are plan-specific. The mapped boundary is a planning-designation geometry, not an ownership or access boundary.","Detailed ACEC-specific plan pages, maps, prescriptions, land status, access, and related-designation intersections remain a documented research/overlay phase.",1,717.7221371045906,True,equivalent_within_qa_tolerance,user-supplied BRIM acec shapefile; EPSG:3310; original snapshot preserved
acec-d716ed657cb21c,Rodman Mountains Cultural Area,rodman mountains cultural area,,"rodman mountains cultural area|CDCA Plan, as amended by DRECP|DOI-BLM-CA-D010-2014-0001-RMP-EIS|2016-09-14|CAD00000",currently_designated_source_layer,Currently mapped as designated,ACEC,ACEC,not_verified,True,False,False,unverified,unverified,1,1,0,,not_researched,6208.180623,6208.180623,-0.0,-0.0,California Desert District,,California Desert District,CAD00000,1,"CDCA Plan, as amended by DRECP",2016-09-14,2016,BLM land-use planning decision,DOI-BLM-CA-D010-2014-0001-RMP-EIS,https://www.blm.gov/programs/planning-and-nepa/plans-in-development/california/desert-renewable-energy-conservation-plan,,Current statewide source supplies one governing-plan/ROD association; earlier boundary and designation history require plan-level research.,"Cultural resources, Historic resources, and Natural systems.",botanical_or_ecological;cultural_archaeological_historic,The statewide source identifies special management attention to prevent irreparable damage to those values. Detailed restrictions and exceptions are plan-specific.,"Legal access, ownership, inholdings, and component-specific restrictions were not established from the statewide ACEC layer.",,California,,drecp,no_water_value_identified_in_statewide_source,No fish-resource relevance is coded affirmative in the statewide source; spatial hydrologic context has not been derived.,,not_verified,,statewide_source_map_only,https://www.blm.gov/programs/planning-and-nepa/plans-in-development/california/desert-renewable-energy-conservation-plan,direct_official_plan_or_project_page,https://www.blm.gov/office/california-desert-district-office,official_unit_url_candidate_not_http_validated,not_systematically_researched,not_systematically_researched,statewide_source_audit_complete_plan_level_research_partial,2026-08-05,high_source_identity_medium_semantic_history,"Rodman Mountains Cultural Area is represented in the current BLM California designated-ACEC layer under CDCA Plan, as amended by DRECP. The statewide source identifies cultural resources, historic resources, and natural systems as relevant designation categories. The statewide source identifies special management attention to prevent irreparable damage to those values. Detailed restrictions and exceptions are plan-specific. The mapped boundary is a planning-designation geometry, not an ownership or access boundary.","Detailed ACEC-specific plan pages, maps, prescriptions, land status, access, and related-designation intersections remain a documented research/overlay phase.",1,6208.180623113726,True,equivalent_within_qa_tolerance,user-supplied BRIM acec shapefile; EPSG:3310; original snapshot preserved
acec-6dbf594aa4759f,Rose Spring,rose spring,,"rose spring|CDCA Plan, as amended by DRECP||2016-09-14|CAD00000",currently_designated_source_layer,Currently mapped as designated,ACEC,ACEC,not_verified,True,False,False,unverified,unverified,1,1,0,,not_researched,838.15924,838.15924,0.0,0.0,California Desert District,,California Desert District,CAD00000,1,"CDCA Plan, as amended by DRECP",2016-09-14,2016,BLM land-use planning decision,,https://www.blm.gov/programs/planning-and-nepa/plans-in-development/california,,Current statewide source supplies one governing-plan/ROD association; earlier boundary and designation history require plan-level research.,"Cultural resources, Historic resources, Natural processes, Natural systems, and Wildlife resources.",botanical_or_ecological;cultural_archaeological_historic;wildlife_and_habitat,The statewide source identifies special management attention to prevent irreparable damage to those values. Detailed restrictions and exceptions are plan-specific.,"Legal access, ownership, inholdings, and component-specific restrictions were not established from the statewide ACEC layer.",,California,,drecp,no_water_value_identified_in_statewide_source,No fish-resource relevance is coded affirmative in the statewide source; spatial hydrologic context has not been derived.,,not_verified,,statewide_source_map_only,https://www.blm.gov/programs/planning-and-nepa/plans-in-development/california,official_california_plan_index_only,https://www.blm.gov/office/california-desert-district-office,official_unit_url_candidate_not_http_validated,not_systematically_researched,not_systematically_researched,statewide_source_audit_complete_plan_level_research_partial,2026-08-05,high_source_identity_medium_semantic_history,"Rose Spring is represented in the current BLM California designated-ACEC layer under CDCA Plan, as amended by DRECP. The statewide source identifies cultural resources, historic resources, natural processes, natural systems, and wildlife resources as relevant designation categories. The statewide source identifies special management attention to prevent irreparable damage to those values. Detailed restrictions and exceptions are plan-specific. The mapped boundary is a planning-designation geometry, not an ownership or access boundary.","Detailed ACEC-specific plan pages, maps, prescriptions, land status, access, and related-designation intersections remain a documented research/overlay phase.",1,838.1592403362108,True,equivalent_within_qa_tolerance,user-supplied BRIM acec shapefile; EPSG:3310; original snapshot preserved
acec-65416e4b1c1b18,Sacramento Island,sacramento island,,sacramento island|Northwest California Integrated Plan|DOI-BLM-CA-N060-2021-0012-RMP-EIS|2024-11-06|CAN06000,currently_designated_source_layer,Currently mapped as designated,ACEC,ACEC,not_verified,True,False,False,unverified,unverified,1,1,0,,not_researched,90.728924,90.728924,0.0,0.0,Northern California District,Redding Field Office,Redding Field Office,CAN06000,1,Northwest California Integrated Plan,2024-11-06,2024,BLM land-use planning decision,DOI-BLM-CA-N060-2021-0012-RMP-EIS,https://www.blm.gov/programs/planning-and-nepa/plans-in-development/california/northwest-california-integrated-rmp,,Current statewide source supplies one governing-plan/ROD association; earlier boundary and designation history require plan-level research.,"Natural processes, Natural systems, and Wildlife resources.",botanical_or_ecological;wildlife_and_habitat,The statewide source identifies special management attention to prevent irreparable damage to those values. Detailed restrictions and exceptions are plan-specific.,"Legal access, ownership, inholdings, and component-specific restrictions were not established from the statewide ACEC layer.",,California,,northwest_california_integrated_plan,no_water_value_identified_in_statewide_source,No fish-resource relevance is coded affirmative in the statewide source; spatial hydrologic context has not been derived.,,not_verified,,statewide_source_map_only,https://www.blm.gov/programs/planning-and-nepa/plans-in-development/california/northwest-california-integrated-rmp,direct_official_plan_or_project_page,https://www.blm.gov/office/redding-field-office,official_unit_url_candidate_not_http_validated,not_systematically_researched,not_systematically_researched,statewide_source_audit_complete_plan_level_research_partial,2026-08-05,high_source_identity_medium_semantic_history,"Sacramento Island is represented in the current BLM California designated-ACEC layer under Northwest California Integrated Plan. The statewide source identifies natural processes, natural systems, and wildlife resources as relevant designation categories. The statewide source identifies special management attention to prevent irreparable damage to those values. Detailed restrictions and exceptions are plan-specific. The mapped boundary is a planning-designation geometry, not an ownership or access boundary.","Detailed ACEC-specific plan pages, maps, prescriptions, land status, access, and related-designation intersections remain a documented research/overlay phase.",1,90.72892428989188,True,equivalent_within_qa_tolerance,user-supplied BRIM acec shapefile; EPSG:3310; original snapshot preserved
acec-8344867ebac242,Sacramento River Bend,sacramento river bend,,sacramento river bend|Northwest California Integrated Plan|DOI-BLM-CA-N060-2021-0012-RMP-EIS|2024-11-06|CAN06000,currently_designated_source_layer,Currently mapped as designated,ACEC,ACEC,not_verified,True,False,False,unverified,unverified,1,1,1,,not_researched,20431.261347,20431.261347,-0.0,-0.0,Northern California District,Redding Field Office,Redding Field Office,CAN06000,1,Northwest California Integrated Plan,2024-11-06,2024,BLM land-use planning decision,DOI-BLM-CA-N060-2021-0012-RMP-EIS,https://www.blm.gov/programs/planning-and-nepa/plans-in-development/california/northwest-california-integrated-rmp,,Current statewide source supplies one governing-plan/ROD association; earlier boundary and designation history require plan-level research.,"Cultural resources, Historic resources, Natural processes, Natural systems, and Wildlife resources.",botanical_or_ecological;cultural_archaeological_historic;wildlife_and_habitat,The statewide source identifies special management attention to prevent irreparable damage to those values. Detailed restrictions and exceptions are plan-specific.,"Legal access, ownership, inholdings, and component-specific restrictions were not established from the statewide ACEC layer.",,California,,northwest_california_integrated_plan,no_water_value_identified_in_statewide_source,No fish-resource relevance is coded affirmative in the statewide source; spatial hydrologic context has not been derived.,,not_verified,,statewide_source_map_only,https://www.blm.gov/programs/planning-and-nepa/plans-in-development/california/northwest-california-integrated-rmp,direct_official_plan_or_project_page,https://www.blm.gov/office/redding-field-office,official_unit_url_candidate_not_http_validated,not_systematically_researched,not_systematically_researched,statewide_source_audit_complete_plan_level_research_partial,2026-08-05,high_source_identity_medium_semantic_history,"Sacramento River Bend is represented in the current BLM California designated-ACEC layer under Northwest California Integrated Plan. The statewide source identifies cultural resources, historic resources, natural processes, natural systems, and wildlife resources as relevant designation categories. The statewide source identifies special management attention to prevent irreparable damage to those values. Detailed restrictions and exceptions are plan-specific. The mapped boundary is a planning-designation geometry, not an ownership or access boundary.","Detailed ACEC-specific plan pages, maps, prescriptions, land status, access, and related-designation intersections remain a documented research/overlay phase.",13,20431.261346941243,True,equivalent_within_qa_tolerance,user-supplied BRIM acec shapefile; EPSG:3310; original snapshot preserved
acec-de1c95a68f104b,Salinas River,salinas river,,salinas river|Bakersfield Resource Management Plan|DOI-BLM-CA-C060-2014-0001-RMP-EIS|2014-12-22|CAC06000,currently_designated_source_layer,Currently mapped as designated,ACEC,ACEC,not_verified,True,False,False,unverified,unverified,1,1,0,,not_researched,2347.288005,2347.288005,0.0,0.0,Central California District,Bakersfield Field Office,Bakersfield Field Office,CAC06000,1,Bakersfield Resource Management Plan,2014-12-22,2014,BLM land-use planning decision,DOI-BLM-CA-C060-2014-0001-RMP-EIS,https://eplanning.blm.gov/Project-Home/?id=77b9ea95-a7f2-f011-8406-001dd802fdea,,Current statewide source supplies one governing-plan/ROD association; earlier boundary and designation history require plan-level research.,"Fish or aquatic resources, Natural processes, Natural systems, and Wildlife resources.",botanical_or_ecological;water_aquatic;wildlife_and_habitat,The statewide source identifies special management attention to prevent irreparable damage to those values. Detailed restrictions and exceptions are plan-specific.,"Legal access, ownership, inholdings, and component-specific restrictions were not established from the statewide ACEC layer.",,California,,central_california_plan,documented_designation_value,The statewide source identifies fish-resource relevance.,,not_verified,,statewide_source_map_only,https://eplanning.blm.gov/Project-Home/?id=77b9ea95-a7f2-f011-8406-001dd802fdea,direct_official_plan_or_project_page,https://www.blm.gov/office/bakersfield-field-office,official_unit_url_candidate_not_http_validated,not_systematically_researched,not_systematically_researched,statewide_source_audit_complete_plan_level_research_partial,2026-08-05,high_source_identity_medium_semantic_history,"Salinas River is represented in the current BLM California designated-ACEC layer under Bakersfield Resource Management Plan. The statewide source identifies fish or aquatic resources, natural processes, natural systems, and wildlife resources as relevant designation categories. The statewide source identifies special management attention to prevent irreparable damage to those values. Detailed restrictions and exceptions are plan-specific. The mapped boundary is a planning-designation geometry, not an ownership or access boundary.","Detailed ACEC-specific plan pages, maps, prescriptions, land status, access, and related-designation intersections remain a documented research/overlay phase.",1,2347.2880048070606,True,equivalent_within_qa_tolerance,user-supplied BRIM acec shapefile; EPSG:3310; original snapshot preserved
acec-a52f3e1b23cfc9,Saline Valley,saline valley,,"saline valley|CDCA Plan, as amended by DRECP||2016-09-14|CAD00000",currently_designated_source_layer,Currently mapped as designated,ACEC,ACEC,not_verified,True,False,False,unverified,unverified,1,1,0,,not_researched,1390.311866,1390.311866,0.0,0.0,California Desert District,,California Desert District,CAD00000,1,"CDCA Plan, as amended by DRECP",2016-09-14,2016,BLM land-use planning decision,,https://www.blm.gov/programs/planning-and-nepa/plans-in-development/california,,Current statewide source supplies one governing-plan/ROD association; earlier boundary and designation history require plan-level research.,"Cultural resources, Historic resources, Natural processes, and Natural systems.",botanical_or_ecological;cultural_archaeological_historic,The statewide source identifies special management attention to prevent irreparable damage to those values. Detailed restrictions and exceptions are plan-specific.,"Legal access, ownership, inholdings, and component-specific restrictions were not established from the statewide ACEC layer.",,California,,drecp,no_water_value_identified_in_statewide_source,No fish-resource relevance is coded affirmative in the statewide source; spatial hydrologic context has not been derived.,,not_verified,,statewide_source_map_only,https://www.blm.gov/programs/planning-and-nepa/plans-in-development/california,official_california_plan_index_only,https://www.blm.gov/office/california-desert-district-office,official_unit_url_candidate_not_http_validated,not_systematically_researched,not_systematically_researched,statewide_source_audit_complete_plan_level_research_partial,2026-08-05,high_source_identity_medium_semantic_history,"Saline Valley is represented in the current BLM California designated-ACEC layer under CDCA Plan, as amended by DRECP. The statewide source identifies cultural resources, historic resources, natural processes, and natural systems as relevant designation categories. The statewide source identifies special management attention to prevent irreparable damage to those values. Detailed restrictions and exceptions are plan-specific. The mapped boundary is a planning-designation geometry, not an ownership or access boundary.","Detailed ACEC-specific plan pages, maps, prescriptions, land status, access, and related-designation intersections remain a documented research/overlay phase.",1,1390.3118655350502,True,equivalent_within_qa_tolerance,user-supplied BRIM acec shapefile; EPSG:3310; original snapshot preserved
acec-80ab2d5dc567ea,Salt Creek Hills,salt creek hills,,"salt creek hills|CDCA Plan, as amended by DRECP|DOI-BLM-CA-D010-2014-0001-RMP-EIS|2016-09-14|CAD00000",currently_designated_source_layer,Currently mapped as designated,ACEC,ACEC,not_verified,True,False,False,unverified,unverified,1,1,0,,not_researched,2206.724156,2206.724156,0.0,0.0,California Desert District,,California Desert District,CAD00000,1,"CDCA Plan, as amended by DRECP",2016-09-14,2016,BLM land-use planning decision,DOI-BLM-CA-D010-2014-0001-RMP-EIS,https://www.blm.gov/programs/planning-and-nepa/plans-in-development/california/desert-renewable-energy-conservation-plan,,Current statewide source supplies one governing-plan/ROD association; earlier boundary and designation history require plan-level research.,"Cultural resources, Historic resources, Natural processes, Natural systems, and Wildlife resources.",botanical_or_ecological;cultural_archaeological_historic;wildlife_and_habitat,The statewide source identifies special management attention to prevent irreparable damage to those values. Detailed restrictions and exceptions are plan-specific.,"Legal access, ownership, inholdings, and component-specific restrictions were not established from the statewide ACEC layer.",,California,,drecp,no_water_value_identified_in_statewide_source,No fish-resource relevance is coded affirmative in the statewide source; spatial hydrologic context has not been derived.,,not_verified,,statewide_source_map_only,https://www.blm.gov/programs/planning-and-nepa/plans-in-development/california/desert-renewable-energy-conservation-plan,direct_official_plan_or_project_page,https://www.blm.gov/office/california-desert-district-office,official_unit_url_candidate_not_http_validated,not_systematically_researched,not_systematically_researched,statewide_source_audit_complete_plan_level_research_partial,2026-08-05,high_source_identity_medium_semantic_history,"Salt Creek Hills is represented in the current BLM California designated-ACEC layer under CDCA Plan, as amended by DRECP. The statewide source identifies cultural resources, historic resources, natural processes, natural systems, and wildlife resources as relevant designation categories. The statewide source identifies special management attention to prevent irreparable damage to those values. Detailed restrictions and exceptions are plan-specific. The mapped boundary is a planning-designation geometry, not an ownership or access boundary.","Detailed ACEC-specific plan pages, maps, prescriptions, land status, access, and related-designation intersections remain a documented research/overlay phase.",1,2206.7241561277156,True,equivalent_within_qa_tolerance,user-supplied BRIM acec shapefile; EPSG:3310; original snapshot preserved
acec-d96bbcd4a96783,Salton Sea Hazardous,salton sea hazardous,,"salton sea hazardous|CDCA Plan, as amended, DRECP amendment|DOI-BLM-CA-D010-1980-0001-RMP-EIS|1980-12-12|CAD00000",currently_designated_source_layer,Currently mapped as designated,ACEC,ACEC,not_verified,True,False,False,unverified,unverified,1,1,0,,not_researched,7253.695997,7253.695997,-0.0,-0.0,California Desert District,,California Desert District,CAD00000,1,"CDCA Plan, as amended, DRECP amendment",1980-12-12,1980,BLM land-use planning decision,DOI-BLM-CA-D010-1980-0001-RMP-EIS,https://eplanning.blm.gov/eplanning-ui/project/66949/510,,Current statewide source supplies one governing-plan/ROD association; earlier boundary and designation history require plan-level research.,Natural hazards or public safety.,other_or_unresolved,The statewide source identifies special management attention to protect identified relevant and important values. Detailed restrictions and exceptions are plan-specific.,"Legal access, ownership, inholdings, and component-specific restrictions were not established from the statewide ACEC layer.",,California,,drecp,no_water_value_identified_in_statewide_source,No fish-resource relevance is coded affirmative in the statewide source; spatial hydrologic context has not been derived.,,not_verified,,statewide_source_map_only,https://eplanning.blm.gov/eplanning-ui/project/66949/510,direct_official_plan_or_project_page,https://www.blm.gov/office/california-desert-district-office,official_unit_url_candidate_not_http_validated,not_systematically_researched,not_systematically_researched,statewide_source_audit_complete_plan_level_research_partial,2026-08-05,high_source_identity_medium_semantic_history,"Salton Sea Hazardous is represented in the current BLM California designated-ACEC layer under CDCA Plan, as amended, DRECP amendment. The statewide source identifies natural hazards or public safety as relevant designation categories. The statewide source identifies special management attention to protect identified relevant and important values. Detailed restrictions and exceptions are plan-specific. The mapped boundary is a planning-designation geometry, not an ownership or access boundary.","Detailed ACEC-specific plan pages, maps, prescriptions, land status, access, and related-designation intersections remain a documented research/overlay phase.",1,7253.695997044619,True,equivalent_within_qa_tolerance,user-supplied BRIM acec shapefile; EPSG:3310; original snapshot preserved
acec-a139ef01241894,San Sebastian Marsh/San Felipe Creek,san sebastian marsh san felipe creek,,"san sebastian marsh san felipe creek|CDCA Plan, as amended, DRECP amendment|DOI-BLM-CA-D010-1980-0001-RMP-EIS|1980-12-12|CAD00000",currently_designated_source_layer,Currently mapped as designated,ACEC,ACEC,not_verified,True,False,False,unverified,unverified,1,1,1,,not_researched,6583.578171,6583.578171,0.0,0.0,California Desert District,,California Desert District,CAD00000,1,"CDCA Plan, as amended, DRECP amendment",1980-12-12,1980,BLM land-use planning decision,DOI-BLM-CA-D010-1980-0001-RMP-EIS,https://eplanning.blm.gov/eplanning-ui/project/66949/510,,Current statewide source supplies one governing-plan/ROD association; earlier boundary and designation history require plan-level research.,"Cultural resources, Fish or aquatic resources, Historic resources, Natural processes, Natural systems, and Wildlife resources.",botanical_or_ecological;cultural_archaeological_historic;water_aquatic;wildlife_and_habitat,The statewide source identifies special management attention to prevent irreparable damage to those values. Detailed restrictions and exceptions are plan-specific.,"Legal access, ownership, inholdings, and component-specific restrictions were not established from the statewide ACEC layer.",,California,,drecp,documented_designation_value,The statewide source identifies fish-resource relevance.,,not_verified,,statewide_source_map_only,https://eplanning.blm.gov/eplanning-ui/project/66949/510,direct_official_plan_or_project_page,https://www.blm.gov/office/california-desert-district-office,official_unit_url_candidate_not_http_validated,not_systematically_researched,not_systematically_researched,statewide_source_audit_complete_plan_level_research_partial,2026-08-05,high_source_identity_medium_semantic_history,"San Sebastian Marsh/San Felipe Creek is represented in the current BLM California designated-ACEC layer under CDCA Plan, as amended, DRECP amendment. The statewide source identifies cultural resources, fish or aquatic resources, historic resources, natural processes, natural systems, and wildlife resources as relevant designation categories. The statewide source identifies special management attention to prevent irreparable damage to those values. Detailed restrictions and exceptions are plan-specific. The mapped boundary is a planning-designation geometry, not an ownership or access boundary.","Detailed ACEC-specific plan pages, maps, prescriptions, land status, access, and related-designation intersections remain a documented research/overlay phase.",11,6583.578170568549,True,equivalent_within_qa_tolerance,user-supplied BRIM acec shapefile; EPSG:3310; original snapshot preserved
acec-19799591ba4545,Sand Canyon,sand canyon,,"sand canyon|CDCA Plan, as amended by DRECP||2016-09-14|CAD00000",currently_designated_source_layer,Currently mapped as designated,ACEC,ACEC,not_verified,True,False,False,unverified,unverified,1,1,0,,not_researched,2628.729995,2628.729995,0.0,0.0,California Desert District,,California Desert District,CAD00000,1,"CDCA Plan, as amended by DRECP",2016-09-14,2016,BLM land-use planning decision,,https://www.blm.gov/programs/planning-and-nepa/plans-in-development/california,,Current statewide source supplies one governing-plan/ROD association; earlier boundary and designation history require plan-level research.,"Natural processes, Natural systems, and Wildlife resources.",botanical_or_ecological;wildlife_and_habitat,The statewide source identifies special management attention to prevent irreparable damage to those values. Detailed restrictions and exceptions are plan-specific.,"Legal access, ownership, inholdings, and component-specific restrictions were not established from the statewide ACEC layer.",,California,,drecp,no_water_value_identified_in_statewide_source,No fish-resource relevance is coded affirmative in the statewide source; spatial hydrologic context has not been derived.,,not_verified,,statewide_source_map_only,https://www.blm.gov/programs/planning-and-nepa/plans-in-development/california,official_california_plan_index_only,https://www.blm.gov/office/california-desert-district-office,official_unit_url_candidate_not_http_validated,not_systematically_researched,not_systematically_researched,statewide_source_audit_complete_plan_level_research_partial,2026-08-05,high_source_identity_medium_semantic_history,"Sand Canyon is represented in the current BLM California designated-ACEC layer under CDCA Plan, as amended by DRECP. The statewide source identifies natural processes, natural systems, and wildlife resources as relevant designation categories. The statewide source identifies special management attention to prevent irreparable damage to those values. Detailed restrictions and exceptions are plan-specific. The mapped boundary is a planning-designation geometry, not an ownership or access boundary.","Detailed ACEC-specific plan pages, maps, prescriptions, land status, access, and related-designation intersections remain a documented research/overlay phase.",1,2628.729994505382,True,equivalent_within_qa_tolerance,user-supplied BRIM acec shapefile; EPSG:3310; original snapshot preserved
acec-24e55012f8d038,Santa Ana River Wash,santa ana river wash,,santa ana river wash|South Coast||1994-05-26|CAD06000,currently_designated_source_layer,Currently mapped as designated,ACEC,ACEC,not_verified,True,False,False,unverified,unverified,1,1,1,,not_researched,756.391321,756.391321,0.0,0.0,California Desert District,Palm Springs-South Coast Field Office,Palm Springs-South Coast Field Office,CAD06000,1,South Coast,1994-05-26,1994,BLM land-use planning decision,,https://www.blm.gov/programs/planning-and-nepa/plans-in-development/california,,Current statewide source supplies one governing-plan/ROD association; earlier boundary and designation history require plan-level research.,"Natural processes, and Natural systems.",botanical_or_ecological,The statewide source identifies special management attention to prevent irreparable damage to those values. Detailed restrictions and exceptions are plan-specific.,"Legal access, ownership, inholdings, and component-specific restrictions were not established from the statewide ACEC layer.",,California,,california_desert_other_plan,no_water_value_identified_in_statewide_source,No fish-resource relevance is coded affirmative in the statewide source; spatial hydrologic context has not been derived.,,not_verified,,statewide_source_map_only,https://www.blm.gov/programs/planning-and-nepa/plans-in-development/california,official_california_plan_index_only,https://www.blm.gov/office/palm-springs-south-coast-field-office,official_unit_url_candidate_not_http_validated,not_systematically_researched,not_systematically_researched,statewide_source_audit_complete_plan_level_research_partial,2026-08-05,high_source_identity_medium_semantic_history,"Santa Ana River Wash is represented in the current BLM California designated-ACEC layer under South Coast. The statewide source identifies natural processes, and natural systems as relevant designation categories. The statewide source identifies special management attention to prevent irreparable damage to those values. Detailed restrictions and exceptions are plan-specific. The mapped boundary is a planning-designation geometry, not an ownership or access boundary.","Detailed ACEC-specific plan pages, maps, prescriptions, land status, access, and related-designation intersections remain a documented research/overlay phase.",3,756.3913205697056,True,equivalent_within_qa_tolerance,user-supplied BRIM acec shapefile; EPSG:3310; original snapshot preserved
acec-fd15faa00160c7,Santa Margarita Ecological Reserve,santa margarita ecological reserve,,santa margarita ecological reserve|South Coast||1994-05-26|CAD06000,currently_designated_source_layer,Currently mapped as designated,ACEC,ACEC,not_verified,True,False,False,unverified,unverified,1,1,0,,not_researched,5548.963313,5548.963313,-0.0,-0.0,California Desert District,Palm Springs-South Coast Field Office,Palm Springs-South Coast Field Office,CAD06000,1,South Coast,1994-05-26,1994,BLM land-use planning decision,,https://www.blm.gov/programs/planning-and-nepa/plans-in-development/california,,Current statewide source supplies one governing-plan/ROD association; earlier boundary and designation history require plan-level research.,"Natural processes, Natural systems, and Wildlife resources.",botanical_or_ecological;wildlife_and_habitat,The statewide source identifies special management attention to prevent irreparable damage to those values. Detailed restrictions and exceptions are plan-specific.,"Legal access, ownership, inholdings, and component-specific restrictions were not established from the statewide ACEC layer.",,California,,california_desert_other_plan,no_water_value_identified_in_statewide_source,No fish-resource relevance is coded affirmative in the statewide source; spatial hydrologic context has not been derived.,,not_verified,,statewide_source_map_only,https://www.blm.gov/programs/planning-and-nepa/plans-in-development/california,official_california_plan_index_only,https://www.blm.gov/office/palm-springs-south-coast-field-office,official_unit_url_candidate_not_http_validated,not_systematically_researched,not_systematically_researched,statewide_source_audit_complete_plan_level_research_partial,2026-08-05,high_source_identity_medium_semantic_history,"Santa Margarita Ecological Reserve is represented in the current BLM California designated-ACEC layer under South Coast. The statewide source identifies natural processes, natural systems, and wildlife resources as relevant designation categories. The statewide source identifies special management attention to prevent irreparable damage to those values. Detailed restrictions and exceptions are plan-specific. The mapped boundary is a planning-designation geometry, not an ownership or access boundary.","Detailed ACEC-specific plan pages, maps, prescriptions, land status, access, and related-designation intersections remain a documented research/overlay phase.",1,5548.963312783415,True,equivalent_within_qa_tolerance,user-supplied BRIM acec shapefile; EPSG:3310; original snapshot preserved
acec-767f8bc7520d68,Santos Manuel ,santos manuel,,"santos manuel|CDCA Plan, as amended by DRECP|DOI-BLM-CA-D010-2014-0001-RMP-EIS|2016-09-14|CAD00000",currently_designated_source_layer,Currently mapped as designated,ACEC,ACEC,not_verified,True,False,False,unverified,unverified,1,1,0,,not_researched,40151.411407,40151.411407,-0.0,-0.0,California Desert District,,California Desert District,CAD00000,1,"CDCA Plan, as amended by DRECP",2016-09-14,2016,BLM land-use planning decision,DOI-BLM-CA-D010-2014-0001-RMP-EIS,https://www.blm.gov/programs/planning-and-nepa/plans-in-development/california/desert-renewable-energy-conservation-plan,,Current statewide source supplies one governing-plan/ROD association; earlier boundary and designation history require plan-level research.,"Cultural resources, Historic resources, Natural processes, Natural systems, and Wildlife resources.",botanical_or_ecological;cultural_archaeological_historic;wildlife_and_habitat,The statewide source identifies special management attention to prevent irreparable damage to those values. Detailed restrictions and exceptions are plan-specific.,"Legal access, ownership, inholdings, and component-specific restrictions were not established from the statewide ACEC layer.",,California,,drecp,no_water_value_identified_in_statewide_source,No fish-resource relevance is coded affirmative in the statewide source; spatial hydrologic context has not been derived.,,not_verified,,statewide_source_map_only,https://www.blm.gov/programs/planning-and-nepa/plans-in-development/california/desert-renewable-energy-conservation-plan,direct_official_plan_or_project_page,https://www.blm.gov/office/california-desert-district-office,official_unit_url_candidate_not_http_validated,not_systematically_researched,not_systematically_researched,statewide_source_audit_complete_plan_level_research_partial,2026-08-05,high_source_identity_medium_semantic_history,"Santos Manuel  is represented in the current BLM California designated-ACEC layer under CDCA Plan, as amended by DRECP. The statewide source identifies cultural resources, historic resources, natural processes, natural systems, and wildlife resources as relevant designation categories. The statewide source identifies special management attention to prevent irreparable damage to those values. Detailed restrictions and exceptions are plan-specific. The mapped boundary is a planning-designation geometry, not an ownership or access boundary.","Detailed ACEC-specific plan pages, maps, prescriptions, land status, access, and related-designation intersections remain a documented research/overlay phase.",1,40151.411407241154,True,equivalent_within_qa_tolerance,user-supplied BRIM acec shapefile; EPSG:3310; original snapshot preserved
acec-463a6667a6e4b9,Shadow Valley,shadow valley,,"shadow valley|CDCA Plan, as amended by DRECP|DOI-BLM-CA-D010-2014-0001-RMP-EIS|2016-09-14|CAD00000",currently_designated_source_layer,Currently mapped as designated,ACEC,ACEC,not_verified,True,False,False,unverified,unverified,1,1,0,,not_researched,211613.786153,211613.786153,-0.0,-0.0,California Desert District,,California Desert District,CAD00000,1,"CDCA Plan, as amended by DRECP",2016-09-14,2016,BLM land-use planning decision,DOI-BLM-CA-D010-2014-0001-RMP-EIS,https://www.blm.gov/programs/planning-and-nepa/plans-in-development/california/desert-renewable-energy-conservation-plan,,Current statewide source supplies one governing-plan/ROD association; earlier boundary and designation history require plan-level research.,"Cultural resources, Historic resources, Natural processes, Natural systems, Scenic values, and Wildlife resources.",botanical_or_ecological;cultural_archaeological_historic;scenic;wildlife_and_habitat,The statewide source identifies special management attention to prevent irreparable damage to those values. Detailed restrictions and exceptions are plan-specific.,"Legal access, ownership, inholdings, and component-specific restrictions were not established from the statewide ACEC layer.",,California,,drecp,no_water_value_identified_in_statewide_source,No fish-resource relevance is coded affirmative in the statewide source; spatial hydrologic context has not been derived.,,not_verified,,statewide_source_map_only,https://www.blm.gov/programs/planning-and-nepa/plans-in-development/california/desert-renewable-energy-conservation-plan,direct_official_plan_or_project_page,https://www.blm.gov/office/california-desert-district-office,official_unit_url_candidate_not_http_validated,not_systematically_researched,not_systematically_researched,statewide_source_audit_complete_plan_level_research_partial,2026-08-05,high_source_identity_medium_semantic_history,"Shadow Valley is represented in the current BLM California designated-ACEC layer under CDCA Plan, as amended by DRECP. The statewide source identifies cultural resources, historic resources, natural processes, natural systems, scenic values, and wildlife resources as relevant designation categories. The statewide source identifies special management attention to prevent irreparable damage to those values. Detailed restrictions and exceptions are plan-specific. The mapped boundary is a planning-designation geometry, not an ownership or access boundary.","Detailed ACEC-specific plan pages, maps, prescriptions, land status, access, and related-designation intersections remain a documented research/overlay phase.",1,211613.78318174713,True,equivalent_within_qa_tolerance,user-supplied BRIM acec shapefile; EPSG:3310; original snapshot preserved
acec-3b7ae60a0f48f8,Shasta and Klamath River Canyon,shasta and klamath river canyon,,shasta and klamath river canyon|Northwest California Integrated Plan|DOI-BLM-CA-N060-2021-0012-RMP-EIS|2024-11-06|CAN06000,currently_designated_source_layer,Currently mapped as designated,ACEC,ACEC,not_verified,True,False,False,unverified,unverified,1,1,1,,not_researched,1271.169712,1271.169712,-0.0,-0.0,Northern California District,Redding Field Office,Redding Field Office,CAN06000,1,Northwest California Integrated Plan,2024-11-06,2024,BLM land-use planning decision,DOI-BLM-CA-N060-2021-0012-RMP-EIS,https://www.blm.gov/programs/planning-and-nepa/plans-in-development/california/northwest-california-integrated-rmp,,Current statewide source supplies one governing-plan/ROD association; earlier boundary and designation history require plan-level research.,"Cultural resources, and Historic resources.",cultural_archaeological_historic,The statewide source identifies special management attention to prevent irreparable damage to those values. Detailed restrictions and exceptions are plan-specific.,"Legal access, ownership, inholdings, and component-specific restrictions were not established from the statewide ACEC layer.",,California,,northwest_california_integrated_plan,no_water_value_identified_in_statewide_source,No fish-resource relevance is coded affirmative in the statewide source; spatial hydrologic context has not been derived.,,not_verified,,statewide_source_map_only,https://www.blm.gov/programs/planning-and-nepa/plans-in-development/california/northwest-california-integrated-rmp,direct_official_plan_or_project_page,https://www.blm.gov/office/redding-field-office,official_unit_url_candidate_not_http_validated,not_systematically_researched,not_systematically_researched,statewide_source_audit_complete_plan_level_research_partial,2026-08-05,high_source_identity_medium_semantic_history,"Shasta and Klamath River Canyon is represented in the current BLM California designated-ACEC layer under Northwest California Integrated Plan. The statewide source identifies cultural resources, and historic resources as relevant designation categories. The statewide source identifies special management attention to prevent irreparable damage to those values. Detailed restrictions and exceptions are plan-specific. The mapped boundary is a planning-designation geometry, not an ownership or access boundary.","Detailed ACEC-specific plan pages, maps, prescriptions, land status, access, and related-designation intersections remain a documented research/overlay phase.",3,1271.1697120504732,True,equivalent_within_qa_tolerance,user-supplied BRIM acec shapefile; EPSG:3310; original snapshot preserved
acec-f6ff8a97744b0b,Sheep Rock,sheep rock,,sheep rock|Northwest California Integrated Plan|DOI-BLM-CA-N060-2021-0012-RMP-EIS|2024-11-06|CAN06000,currently_designated_source_layer,Currently mapped as designated,ACEC,ACEC,not_verified,True,False,False,unverified,unverified,1,1,1,,not_researched,1410.956795,1410.956795,-0.0,-0.0,Northern California District,Redding Field Office,Redding Field Office,CAN06000,1,Northwest California Integrated Plan,2024-11-06,2024,BLM land-use planning decision,DOI-BLM-CA-N060-2021-0012-RMP-EIS,https://www.blm.gov/programs/planning-and-nepa/plans-in-development/california/northwest-california-integrated-rmp,,Current statewide source supplies one governing-plan/ROD association; earlier boundary and designation history require plan-level research.,"Cultural resources, Historic resources, Natural processes, Natural systems, and Wildlife resources.",botanical_or_ecological;cultural_archaeological_historic;wildlife_and_habitat,The statewide source identifies special management attention to prevent irreparable damage to those values. Detailed restrictions and exceptions are plan-specific.,"Legal access, ownership, inholdings, and component-specific restrictions were not established from the statewide ACEC layer.",,California,,northwest_california_integrated_plan,no_water_value_identified_in_statewide_source,No fish-resource relevance is coded affirmative in the statewide source; spatial hydrologic context has not been derived.,,not_verified,,statewide_source_map_only,https://www.blm.gov/programs/planning-and-nepa/plans-in-development/california/northwest-california-integrated-rmp,direct_official_plan_or_project_page,https://www.blm.gov/office/redding-field-office,official_unit_url_candidate_not_http_validated,not_systematically_researched,not_systematically_researched,statewide_source_audit_complete_plan_level_research_partial,2026-08-05,high_source_identity_medium_semantic_history,"Sheep Rock is represented in the current BLM California designated-ACEC layer under Northwest California Integrated Plan. The statewide source identifies cultural resources, historic resources, natural processes, natural systems, and wildlife resources as relevant designation categories. The statewide source identifies special management attention to prevent irreparable damage to those values. Detailed restrictions and exceptions are plan-specific. The mapped boundary is a planning-designation geometry, not an ownership or access boundary.","Detailed ACEC-specific plan pages, maps, prescriptions, land status, access, and related-designation intersections remain a documented research/overlay phase.",3,1410.956794681481,True,equivalent_within_qa_tolerance,user-supplied BRIM acec shapefile; EPSG:3310; original snapshot preserved
acec-990ad47d85b85d,Short Canyon,short canyon,,"short canyon|CDCA Plan, as amended by DRECP||2016-09-14|CAD00000",currently_designated_source_layer,Currently mapped as designated,ACEC,ACEC,not_verified,True,False,False,unverified,unverified,1,1,0,,not_researched,754.212542,754.212542,-0.0,-0.0,California Desert District,,California Desert District,CAD00000,1,"CDCA Plan, as amended by DRECP",2016-09-14,2016,BLM land-use planning decision,,https://www.blm.gov/programs/planning-and-nepa/plans-in-development/california,,Current statewide source supplies one governing-plan/ROD association; earlier boundary and designation history require plan-level research.,"Natural processes, and Natural systems.",botanical_or_ecological,The statewide source identifies special management attention to prevent irreparable damage to those values. Detailed restrictions and exceptions are plan-specific.,"Legal access, ownership, inholdings, and component-specific restrictions were not established from the statewide ACEC layer.",,California,,drecp,no_water_value_identified_in_statewide_source,No fish-resource relevance is coded affirmative in the statewide source; spatial hydrologic context has not been derived.,,not_verified,,statewide_source_map_only,https://www.blm.gov/programs/planning-and-nepa/plans-in-development/california,official_california_plan_index_only,https://www.blm.gov/office/california-desert-district-office,official_unit_url_candidate_not_http_validated,not_systematically_researched,not_systematically_researched,statewide_source_audit_complete_plan_level_research_partial,2026-08-05,high_source_identity_medium_semantic_history,"Short Canyon is represented in the current BLM California designated-ACEC layer under CDCA Plan, as amended by DRECP. The statewide source identifies natural processes, and natural systems as relevant designation categories. The statewide source identifies special management attention to prevent irreparable damage to those values. Detailed restrictions and exceptions are plan-specific. The mapped boundary is a planning-designation geometry, not an ownership or access boundary.","Detailed ACEC-specific plan pages, maps, prescriptions, land status, access, and related-designation intersections remain a documented research/overlay phase.",1,754.2125419131266,True,equivalent_within_qa_tolerance,user-supplied BRIM acec shapefile; EPSG:3310; original snapshot preserved
acec-f38758c79248ff,Sierra Canyons,sierra canyons,,"sierra canyons|CDCA Plan, as amended by DRECP||2016-09-14|CAD00000",currently_designated_source_layer,Currently mapped as designated,ACEC,ACEC,not_verified,True,False,False,unverified,unverified,1,1,1,,not_researched,28607.700097,28607.700097,0.0,0.0,California Desert District,,California Desert District,CAD00000,1,"CDCA Plan, as amended by DRECP",2016-09-14,2016,BLM land-use planning decision,,https://www.blm.gov/programs/planning-and-nepa/plans-in-development/california,,Current statewide source supplies one governing-plan/ROD association; earlier boundary and designation history require plan-level research.,"Cultural resources, Historic resources, Natural processes, Natural systems, Scenic values, and Wildlife resources.",botanical_or_ecological;cultural_archaeological_historic;scenic;wildlife_and_habitat,The statewide source identifies special management attention to prevent irreparable damage to those values. Detailed restrictions and exceptions are plan-specific.,"Legal access, ownership, inholdings, and component-specific restrictions were not established from the statewide ACEC layer.",,California,,drecp,no_water_value_identified_in_statewide_source,No fish-resource relevance is coded affirmative in the statewide source; spatial hydrologic context has not been derived.,,not_verified,,statewide_source_map_only,https://www.blm.gov/programs/planning-and-nepa/plans-in-development/california,official_california_plan_index_only,https://www.blm.gov/office/california-desert-district-office,official_unit_url_candidate_not_http_validated,not_systematically_researched,not_systematically_researched,statewide_source_audit_complete_plan_level_research_partial,2026-08-05,high_source_identity_medium_semantic_history,"Sierra Canyons is represented in the current BLM California designated-ACEC layer under CDCA Plan, as amended by DRECP. The statewide source identifies cultural resources, historic resources, natural processes, natural systems, scenic values, and wildlife resources as relevant designation categories. The statewide source identifies special management attention to prevent irreparable damage to those values. Detailed restrictions and exceptions are plan-specific. The mapped boundary is a planning-designation geometry, not an ownership or access boundary.","Detailed ACEC-specific plan pages, maps, prescriptions, land status, access, and related-designation intersections remain a documented research/overlay phase.",3,28607.692295062796,True,equivalent_within_qa_tolerance,user-supplied BRIM acec shapefile; EPSG:3310; original snapshot preserved
acec-dd783204130494,Singer Geoglyphs,singer geoglyphs,,"singer geoglyphs|CDCA, as amended, DRECP amendment|DOI-BLM-CA-D010-1980-0001-RMP-EIS|1980-12-12|CAD00000",currently_designated_source_layer,Currently mapped as designated,ACEC,ACEC,not_verified,True,False,False,unverified,unverified,1,1,0,,not_researched,1853.165338,1853.165338,-0.0,-0.0,California Desert District,,California Desert District,CAD00000,1,"CDCA, as amended, DRECP amendment",1980-12-12,1980,BLM land-use planning decision,DOI-BLM-CA-D010-1980-0001-RMP-EIS,https://eplanning.blm.gov/eplanning-ui/project/66949/510,,Current statewide source supplies one governing-plan/ROD association; earlier boundary and designation history require plan-level research.,"Cultural resources, Historic resources, Natural processes, Natural systems, and Wildlife resources.",botanical_or_ecological;cultural_archaeological_historic;wildlife_and_habitat,The statewide source identifies special management attention to prevent irreparable damage to those values. Detailed restrictions and exceptions are plan-specific.,"Legal access, ownership, inholdings, and component-specific restrictions were not established from the statewide ACEC layer.",,California,,drecp,no_water_value_identified_in_statewide_source,No fish-resource relevance is coded affirmative in the statewide source; spatial hydrologic context has not been derived.,,not_verified,,statewide_source_map_only,https://eplanning.blm.gov/eplanning-ui/project/66949/510,direct_official_plan_or_project_page,https://www.blm.gov/office/california-desert-district-office,official_unit_url_candidate_not_http_validated,not_systematically_researched,not_systematically_researched,statewide_source_audit_complete_plan_level_research_partial,2026-08-05,high_source_identity_medium_semantic_history,"Singer Geoglyphs is represented in the current BLM California designated-ACEC layer under CDCA, as amended, DRECP amendment. The statewide source identifies cultural resources, historic resources, natural processes, natural systems, and wildlife resources as relevant designation categories. The statewide source identifies special management attention to prevent irreparable damage to those values. Detailed restrictions and exceptions are plan-specific. The mapped boundary is a planning-designation geometry, not an ownership or access boundary.","Detailed ACEC-specific plan pages, maps, prescriptions, land status, access, and related-designation intersections remain a documented research/overlay phase.",1,1853.1653376004124,True,equivalent_within_qa_tolerance,user-supplied BRIM acec shapefile; EPSG:3310; original snapshot preserved
acec-5a176005bfc20b,Slinkard Valley,slinkard valley,,slinkard valley|Bishop|DOI-BLM-CA-C070-1993-0001-RMP-EIS|1993-03-26|CAC07000,currently_designated_source_layer,Currently mapped as designated,ACEC,ACEC,not_verified,True,False,False,unverified,unverified,1,1,0,,not_researched,16649.813746,16649.813746,0.0,0.0,Central California District,Bishop Field Office,Bishop Field Office,CAC07000,1,Bishop,1993-03-26,1993,BLM land-use planning decision,DOI-BLM-CA-C070-1993-0001-RMP-EIS,https://eplanning.blm.gov/Project-Home/?id=dd68a393-a7f2-f011-8407-001dd80c29f3,,Current statewide source supplies one governing-plan/ROD association; earlier boundary and designation history require plan-level research.,"Natural processes, Natural systems, Scenic values, and Wildlife resources.",botanical_or_ecological;scenic;wildlife_and_habitat,The statewide source identifies special management attention to prevent irreparable damage to those values. Detailed restrictions and exceptions are plan-specific.,"Legal access, ownership, inholdings, and component-specific restrictions were not established from the statewide ACEC layer.",,California,,central_california_plan,no_water_value_identified_in_statewide_source,No fish-resource relevance is coded affirmative in the statewide source; spatial hydrologic context has not been derived.,,not_verified,,statewide_source_map_only,https://eplanning.blm.gov/Project-Home/?id=dd68a393-a7f2-f011-8407-001dd80c29f3,direct_official_plan_or_project_page,https://www.blm.gov/office/bishop-field-office,official_unit_url_candidate_not_http_validated,not_systematically_researched,not_systematically_researched,statewide_source_audit_complete_plan_level_research_partial,2026-08-05,high_source_identity_medium_semantic_history,"Slinkard Valley is represented in the current BLM California designated-ACEC layer under Bishop. The statewide source identifies natural processes, natural systems, scenic values, and wildlife resources as relevant designation categories. The statewide source identifies special management attention to prevent irreparable damage to those values. Detailed restrictions and exceptions are plan-specific. The mapped boundary is a planning-designation geometry, not an ownership or access boundary.","Detailed ACEC-specific plan pages, maps, prescriptions, land status, access, and related-designation intersections remain a documented research/overlay phase.",1,16649.813746028747,True,equivalent_within_qa_tolerance,user-supplied BRIM acec shapefile; EPSG:3310; original snapshot preserved
acec-a26e29826790bb,Soda Mountains Expansion,soda mountains expansion,,"soda mountains expansion|CDCA Plan, as amended by DRECP|DOI-BLM-CA-D010-2014-0001-RMP-EIS|2016-09-14|CAD00000",currently_designated_source_layer,Currently mapped as designated,ACEC,ACEC,not_verified,True,False,False,unverified,unverified,1,1,0,,not_researched,18817.261924,18817.261924,0.0,0.0,California Desert District,,California Desert District,CAD00000,1,"CDCA Plan, as amended by DRECP",2016-09-14,2016,BLM land-use planning decision,DOI-BLM-CA-D010-2014-0001-RMP-EIS,https://www.blm.gov/programs/planning-and-nepa/plans-in-development/california/desert-renewable-energy-conservation-plan,,Current statewide source supplies one governing-plan/ROD association; earlier boundary and designation history require plan-level research.,"Cultural resources, Historic resources, Natural processes, Natural systems, and Wildlife resources.",botanical_or_ecological;cultural_archaeological_historic;wildlife_and_habitat,The statewide source identifies special management attention to prevent irreparable damage to those values. Detailed restrictions and exceptions are plan-specific.,"Legal access, ownership, inholdings, and component-specific restrictions were not established from the statewide ACEC layer.",,California,,drecp,no_water_value_identified_in_statewide_source,No fish-resource relevance is coded affirmative in the statewide source; spatial hydrologic context has not been derived.,,not_verified,,statewide_source_map_only,https://www.blm.gov/programs/planning-and-nepa/plans-in-development/california/desert-renewable-energy-conservation-plan,direct_official_plan_or_project_page,https://www.blm.gov/office/california-desert-district-office,official_unit_url_candidate_not_http_validated,not_systematically_researched,not_systematically_researched,statewide_source_audit_complete_plan_level_research_partial,2026-08-05,high_source_identity_medium_semantic_history,"Soda Mountains Expansion is represented in the current BLM California designated-ACEC layer under CDCA Plan, as amended by DRECP. The statewide source identifies cultural resources, historic resources, natural processes, natural systems, and wildlife resources as relevant designation categories. The statewide source identifies special management attention to prevent irreparable damage to those values. Detailed restrictions and exceptions are plan-specific. The mapped boundary is a planning-designation geometry, not an ownership or access boundary.","Detailed ACEC-specific plan pages, maps, prescriptions, land status, access, and related-designation intersections remain a documented research/overlay phase.",1,18817.26192386618,True,equivalent_within_qa_tolerance,user-supplied BRIM acec shapefile; EPSG:3310; original snapshot preserved
acec-567f19f3c713d7,Soda Mountains WSA,soda mountains wsa,,"soda mountains wsa|CDCA Plan, as amended by DRECP|DOI-BLM-CA-D010-2014-0001-RMP-EIS|2016-09-14|CAD00000",currently_designated_source_layer,Currently mapped as designated,ACEC,ACEC,not_verified,True,False,False,unverified,unverified,1,1,1,,not_researched,93118.806814,93118.806814,-0.0,-0.0,California Desert District,,California Desert District,CAD00000,1,"CDCA Plan, as amended by DRECP",2016-09-14,2016,BLM land-use planning decision,DOI-BLM-CA-D010-2014-0001-RMP-EIS,https://www.blm.gov/programs/planning-and-nepa/plans-in-development/california/desert-renewable-energy-conservation-plan,,Current statewide source supplies one governing-plan/ROD association; earlier boundary and designation history require plan-level research.,"Natural processes, Natural systems, and Wildlife resources.",botanical_or_ecological;wildlife_and_habitat,The statewide source identifies special management attention to prevent irreparable damage to those values. Detailed restrictions and exceptions are plan-specific.,"Legal access, ownership, inholdings, and component-specific restrictions were not established from the statewide ACEC layer.",,California,,drecp,no_water_value_identified_in_statewide_source,No fish-resource relevance is coded affirmative in the statewide source; spatial hydrologic context has not been derived.,,not_verified,,statewide_source_map_only,https://www.blm.gov/programs/planning-and-nepa/plans-in-development/california/desert-renewable-energy-conservation-plan,direct_official_plan_or_project_page,https://www.blm.gov/office/california-desert-district-office,official_unit_url_candidate_not_http_validated,not_systematically_researched,not_systematically_researched,statewide_source_audit_complete_plan_level_research_partial,2026-08-05,high_source_identity_medium_semantic_history,"Soda Mountains WSA is represented in the current BLM California designated-ACEC layer under CDCA Plan, as amended by DRECP. The statewide source identifies natural processes, natural systems, and wildlife resources as relevant designation categories. The statewide source identifies special management attention to prevent irreparable damage to those values. Detailed restrictions and exceptions are plan-specific. The mapped boundary is a planning-designation geometry, not an ownership or access boundary.","Detailed ACEC-specific plan pages, maps, prescriptions, land status, access, and related-designation intersections remain a documented research/overlay phase.",2,93118.80681396373,True,equivalent_within_qa_tolerance,user-supplied BRIM acec shapefile; EPSG:3310; original snapshot preserved
acec-597fbdb2c879fa,Soggy Dry Lake Creosote Rings,soggy dry lake creosote rings,,"soggy dry lake creosote rings|CDCA Plan, as amended by DRECP|DOI-BLM-CA-D010-2014-0001-RMP-EIS|2016-09-14|CAD00000",currently_designated_source_layer,Currently mapped as designated,ACEC,ACEC,not_verified,True,False,False,unverified,unverified,1,1,0,,not_researched,186.183203,186.183203,0.0,0.0,California Desert District,,California Desert District,CAD00000,1,"CDCA Plan, as amended by DRECP",2016-09-14,2016,BLM land-use planning decision,DOI-BLM-CA-D010-2014-0001-RMP-EIS,https://www.blm.gov/programs/planning-and-nepa/plans-in-development/california/desert-renewable-energy-conservation-plan,,Current statewide source supplies one governing-plan/ROD association; earlier boundary and designation history require plan-level research.,"Natural processes, Natural systems, and Wildlife resources.",botanical_or_ecological;wildlife_and_habitat,The statewide source identifies special management attention to prevent irreparable damage to those values. Detailed restrictions and exceptions are plan-specific.,"Legal access, ownership, inholdings, and component-specific restrictions were not established from the statewide ACEC layer.",,California,,drecp,no_water_value_identified_in_statewide_source,No fish-resource relevance is coded affirmative in the statewide source; spatial hydrologic context has not been derived.,,not_verified,,statewide_source_map_only,https://www.blm.gov/programs/planning-and-nepa/plans-in-development/california/desert-renewable-energy-conservation-plan,direct_official_plan_or_project_page,https://www.blm.gov/office/california-desert-district-office,official_unit_url_candidate_not_http_validated,not_systematically_researched,not_systematically_researched,statewide_source_audit_complete_plan_level_research_partial,2026-08-05,high_source_identity_medium_semantic_history,"Soggy Dry Lake Creosote Rings is represented in the current BLM California designated-ACEC layer under CDCA Plan, as amended by DRECP. The statewide source identifies natural processes, natural systems, and wildlife resources as relevant designation categories. The statewide source identifies special management attention to prevent irreparable damage to those values. Detailed restrictions and exceptions are plan-specific. The mapped boundary is a planning-designation geometry, not an ownership or access boundary.","Detailed ACEC-specific plan pages, maps, prescriptions, land status, access, and related-designation intersections remain a documented research/overlay phase.",1,186.1832034280095,True,equivalent_within_qa_tolerance,user-supplied BRIM acec shapefile; EPSG:3310; original snapshot preserved
acec-b365df2948c9b1,Southern Inyo WSA,southern inyo wsa,,"southern inyo wsa|Bishop RMP, as amended by DRECP|DOI-BLM-CA-D010-2014-0001-RMP-EIS|2016-09-14|CAC07000",currently_designated_source_layer,Currently mapped as designated,ACEC,ACEC,not_verified,True,False,False,unverified,unverified,1,1,1,,not_researched,2808.365007,2808.365007,-0.0,-0.0,Central California District,Bishop Field Office,Bishop Field Office,CAC07000,1,"Bishop RMP, as amended by DRECP",2016-09-14,2016,BLM land-use planning decision,DOI-BLM-CA-D010-2014-0001-RMP-EIS,https://www.blm.gov/programs/planning-and-nepa/plans-in-development/california/desert-renewable-energy-conservation-plan,,Current statewide source supplies one governing-plan/ROD association; earlier boundary and designation history require plan-level research.,"Natural processes, Natural systems, and Wildlife resources.",botanical_or_ecological;wildlife_and_habitat,The statewide source identifies special management attention to prevent irreparable damage to those values. Detailed restrictions and exceptions are plan-specific.,"Legal access, ownership, inholdings, and component-specific restrictions were not established from the statewide ACEC layer.",,California,,drecp,no_water_value_identified_in_statewide_source,No fish-resource relevance is coded affirmative in the statewide source; spatial hydrologic context has not been derived.,,not_verified,,statewide_source_map_only,https://www.blm.gov/programs/planning-and-nepa/plans-in-development/california/desert-renewable-energy-conservation-plan,direct_official_plan_or_project_page,https://www.blm.gov/office/bishop-field-office,official_unit_url_candidate_not_http_validated,not_systematically_researched,not_systematically_researched,statewide_source_audit_complete_plan_level_research_partial,2026-08-05,high_source_identity_medium_semantic_history,"Southern Inyo WSA is represented in the current BLM California designated-ACEC layer under Bishop RMP, as amended by DRECP. The statewide source identifies natural processes, natural systems, and wildlife resources as relevant designation categories. The statewide source identifies special management attention to prevent irreparable damage to those values. Detailed restrictions and exceptions are plan-specific. The mapped boundary is a planning-designation geometry, not an ownership or access boundary.","Detailed ACEC-specific plan pages, maps, prescriptions, land status, access, and related-designation intersections remain a documented research/overlay phase.",2,2808.365007180614,True,equivalent_within_qa_tolerance,user-supplied BRIM acec shapefile; EPSG:3310; original snapshot preserved
acec-cdc94bb3501f9f,Spivey Pond,spivey pond,,spivey pond|Sierra|DOI-BLM-CA-C080-2007-0001-RMP-EIS|2008-02-01|CAC08000,currently_designated_source_layer,Currently mapped as designated,ACEC,ACEC,not_verified,True,False,False,unverified,unverified,1,1,0,,not_researched,54.480672,54.480672,0.0,0.0,Central California District,Mother Lode Field Office,Mother Lode Field Office,CAC08000,1,Sierra,2008-02-01,2008,BLM land-use planning decision,DOI-BLM-CA-C080-2007-0001-RMP-EIS,https://eplanning.blm.gov/eplanning-ui/project/72554/510,,Current statewide source supplies one governing-plan/ROD association; earlier boundary and designation history require plan-level research.,"Natural processes, Natural systems, and Wildlife resources.",botanical_or_ecological;wildlife_and_habitat,The statewide source identifies special management attention to prevent irreparable damage to those values. Detailed restrictions and exceptions are plan-specific.,"Legal access, ownership, inholdings, and component-specific restrictions were not established from the statewide ACEC layer.",,California,,central_california_plan,no_water_value_identified_in_statewide_source,No fish-resource relevance is coded affirmative in the statewide source; spatial hydrologic context has not been derived.,,not_verified,,statewide_source_map_only,https://eplanning.blm.gov/eplanning-ui/project/72554/510,direct_official_plan_or_project_page,https://www.blm.gov/office/mother-lode-field-office,official_unit_url_candidate_not_http_validated,not_systematically_researched,not_systematically_researched,statewide_source_audit_complete_plan_level_research_partial,2026-08-05,high_source_identity_medium_semantic_history,"Spivey Pond is represented in the current BLM California designated-ACEC layer under Sierra. The statewide source identifies natural processes, natural systems, and wildlife resources as relevant designation categories. The statewide source identifies special management attention to prevent irreparable damage to those values. Detailed restrictions and exceptions are plan-specific. The mapped boundary is a planning-designation geometry, not an ownership or access boundary.","Detailed ACEC-specific plan pages, maps, prescriptions, land status, access, and related-designation intersections remain a documented research/overlay phase.",1,54.480671797734196,True,equivalent_within_qa_tolerance,user-supplied BRIM acec shapefile; EPSG:3310; original snapshot preserved
acec-352e68a6096bd8,Steam Well,steam well,,"steam well|CDCA Plan, as amended by DRECP||2016-09-14|CAD00000",currently_designated_source_layer,Currently mapped as designated,ACEC,ACEC,not_verified,True,False,False,unverified,unverified,1,1,0,,not_researched,40.561509,40.561509,0.0,0.0,California Desert District,,California Desert District,CAD00000,1,"CDCA Plan, as amended by DRECP",2016-09-14,2016,BLM land-use planning decision,,https://www.blm.gov/programs/planning-and-nepa/plans-in-development/california,,Current statewide source supplies one governing-plan/ROD association; earlier boundary and designation history require plan-level research.,"Cultural resources, Historic resources, Natural processes, and Natural systems.",botanical_or_ecological;cultural_archaeological_historic,The statewide source identifies special management attention to prevent irreparable damage to those values. Detailed restrictions and exceptions are plan-specific.,"Legal access, ownership, inholdings, and component-specific restrictions were not established from the statewide ACEC layer.",,California,,drecp,no_water_value_identified_in_statewide_source,No fish-resource relevance is coded affirmative in the statewide source; spatial hydrologic context has not been derived.,,not_verified,,statewide_source_map_only,https://www.blm.gov/programs/planning-and-nepa/plans-in-development/california,official_california_plan_index_only,https://www.blm.gov/office/california-desert-district-office,official_unit_url_candidate_not_http_validated,not_systematically_researched,not_systematically_researched,statewide_source_audit_complete_plan_level_research_partial,2026-08-05,high_source_identity_medium_semantic_history,"Steam Well is represented in the current BLM California designated-ACEC layer under CDCA Plan, as amended by DRECP. The statewide source identifies cultural resources, historic resources, natural processes, and natural systems as relevant designation categories. The statewide source identifies special management attention to prevent irreparable damage to those values. Detailed restrictions and exceptions are plan-specific. The mapped boundary is a planning-designation geometry, not an ownership or access boundary.","Detailed ACEC-specific plan pages, maps, prescriptions, land status, access, and related-designation intersections remain a documented research/overlay phase.",1,40.561508688672134,True,equivalent_within_qa_tolerance,user-supplied BRIM acec shapefile; EPSG:3310; original snapshot preserved
acec-7c32cc0106ad1f,Stornetta,stornetta,,stornetta|Ukiah|DOI-BLM-CA-C050-2006-0001-RMP-EIS|2006-09-25|CAC05000,currently_designated_source_layer,Currently mapped as designated,ACEC,ACEC,not_verified,True,False,False,unverified,unverified,1,1,0,,not_researched,885.310724,885.310724,-0.0,-0.0,Central California District,Ukiah Field Office,Ukiah Field Office,CAC05000,1,Ukiah,2006-09-25,2006,BLM land-use planning decision,DOI-BLM-CA-C050-2006-0001-RMP-EIS,https://www.blm.gov/programs/planning-and-nepa/plans-in-development/california,,Current statewide source supplies one governing-plan/ROD association; earlier boundary and designation history require plan-level research.,"Fish or aquatic resources, and Wildlife resources.",water_aquatic;wildlife_and_habitat,The statewide source identifies special management attention to prevent irreparable damage to those values. Detailed restrictions and exceptions are plan-specific.,"Legal access, ownership, inholdings, and component-specific restrictions were not established from the statewide ACEC layer.",,California,,central_california_plan,documented_designation_value,The statewide source identifies fish-resource relevance.,,not_verified,,statewide_source_map_only,https://www.blm.gov/programs/planning-and-nepa/plans-in-development/california,official_california_plan_index_only,https://www.blm.gov/office/ukiah-field-office,official_unit_url_candidate_not_http_validated,not_systematically_researched,not_systematically_researched,statewide_source_audit_complete_plan_level_research_partial,2026-08-05,high_source_identity_medium_semantic_history,"Stornetta is represented in the current BLM California designated-ACEC layer under Ukiah. The statewide source identifies fish or aquatic resources, and wildlife resources as relevant designation categories. The statewide source identifies special management attention to prevent irreparable damage to those values. Detailed restrictions and exceptions are plan-specific. The mapped boundary is a planning-designation geometry, not an ownership or access boundary.","Detailed ACEC-specific plan pages, maps, prescriptions, land status, access, and related-designation intersections remain a documented research/overlay phase.",1,885.3107243312147,True,equivalent_within_qa_tolerance,user-supplied BRIM acec shapefile; EPSG:3310; original snapshot preserved
acec-895932450c9410,Superior-Cronese,superior cronese,,"superior cronese|CDCA Plan, as amended by DRECP|DOI-BLM-CA-D010-2014-0001-RMP-EIS|2016-09-14|CAD00000",currently_designated_source_layer,Currently mapped as designated,ACEC,ACEC,not_verified,True,False,False,unverified,unverified,1,1,1,,not_researched,518461.433911,518461.433911,-0.0,-0.0,California Desert District,,California Desert District,CAD00000,1,"CDCA Plan, as amended by DRECP",2016-09-14,2016,BLM land-use planning decision,DOI-BLM-CA-D010-2014-0001-RMP-EIS,https://www.blm.gov/programs/planning-and-nepa/plans-in-development/california/desert-renewable-energy-conservation-plan,,Current statewide source supplies one governing-plan/ROD association; earlier boundary and designation history require plan-level research.,"Natural processes, Natural systems, and Wildlife resources.",botanical_or_ecological;wildlife_and_habitat,The statewide source identifies special management attention to prevent irreparable damage to those values. Detailed restrictions and exceptions are plan-specific.,"Legal access, ownership, inholdings, and component-specific restrictions were not established from the statewide ACEC layer.",,California,,drecp,no_water_value_identified_in_statewide_source,No fish-resource relevance is coded affirmative in the statewide source; spatial hydrologic context has not been derived.,,not_verified,,statewide_source_map_only,https://www.blm.gov/programs/planning-and-nepa/plans-in-development/california/desert-renewable-energy-conservation-plan,direct_official_plan_or_project_page,https://www.blm.gov/office/california-desert-district-office,official_unit_url_candidate_not_http_validated,not_systematically_researched,not_systematically_researched,statewide_source_audit_complete_plan_level_research_partial,2026-08-05,high_source_identity_medium_semantic_history,"Superior-Cronese is represented in the current BLM California designated-ACEC layer under CDCA Plan, as amended by DRECP. The statewide source identifies natural processes, natural systems, and wildlife resources as relevant designation categories. The statewide source identifies special management attention to prevent irreparable damage to those values. Detailed restrictions and exceptions are plan-specific. The mapped boundary is a planning-designation geometry, not an ownership or access boundary.","Detailed ACEC-specific plan pages, maps, prescriptions, land status, access, and related-designation intersections remain a documented research/overlay phase.",2,518461.4339110115,True,equivalent_within_qa_tolerance,user-supplied BRIM acec shapefile; EPSG:3310; original snapshot preserved
acec-68e7e5ca595c4e,Surprise Canyon,surprise canyon,,"surprise canyon|CDCA Plan, as amended by DRECP||2016-09-14|CAD00000",currently_designated_source_layer,Currently mapped as designated,ACEC,ACEC,not_verified,True,False,False,unverified,unverified,1,1,0,,not_researched,4642.658863,4642.658863,0.0,0.0,California Desert District,,California Desert District,CAD00000,1,"CDCA Plan, as amended by DRECP",2016-09-14,2016,BLM land-use planning decision,,https://www.blm.gov/programs/planning-and-nepa/plans-in-development/california,,Current statewide source supplies one governing-plan/ROD association; earlier boundary and designation history require plan-level research.,"Cultural resources, Historic resources, Natural processes, Natural systems, and Wildlife resources.",botanical_or_ecological;cultural_archaeological_historic;wildlife_and_habitat,The statewide source identifies special management attention to prevent irreparable damage to those values. Detailed restrictions and exceptions are plan-specific.,"Legal access, ownership, inholdings, and component-specific restrictions were not established from the statewide ACEC layer.",,California,,drecp,no_water_value_identified_in_statewide_source,No fish-resource relevance is coded affirmative in the statewide source; spatial hydrologic context has not been derived.,,not_verified,,statewide_source_map_only,https://www.blm.gov/programs/planning-and-nepa/plans-in-development/california,official_california_plan_index_only,https://www.blm.gov/office/california-desert-district-office,official_unit_url_candidate_not_http_validated,not_systematically_researched,not_systematically_researched,statewide_source_audit_complete_plan_level_research_partial,2026-08-05,high_source_identity_medium_semantic_history,"Surprise Canyon is represented in the current BLM California designated-ACEC layer under CDCA Plan, as amended by DRECP. The statewide source identifies cultural resources, historic resources, natural processes, natural systems, and wildlife resources as relevant designation categories. The statewide source identifies special management attention to prevent irreparable damage to those values. Detailed restrictions and exceptions are plan-specific. The mapped boundary is a planning-designation geometry, not an ownership or access boundary.","Detailed ACEC-specific plan pages, maps, prescriptions, land status, access, and related-designation intersections remain a documented research/overlay phase.",1,4642.658863236736,True,equivalent_within_qa_tolerance,user-supplied BRIM acec shapefile; EPSG:3310; original snapshot preserved
acec-cb322417fa5793,Susan River,susan river,,susan river|Eagle Lake|DOI-BLM-CA-N050-2008-0002-RMP-EIS|2008-04-17|CAN05000,currently_designated_source_layer,Currently mapped as designated,ACEC,ACEC,not_verified,True,False,False,unverified,unverified,1,1,1,,not_researched,2489.90039,2489.90039,-0.0,-0.0,Northern California District,Eagle Lake Field Office,Eagle Lake Field Office,CAN05000,1,Eagle Lake,2008-04-17,2008,BLM land-use planning decision,DOI-BLM-CA-N050-2008-0002-RMP-EIS,https://eplanning.blm.gov/eplanning-ui/project/69341/510,,Current statewide source supplies one governing-plan/ROD association; earlier boundary and designation history require plan-level research.,"Fish or aquatic resources, Historic resources, Natural systems, Scenic values, and Wildlife resources.",botanical_or_ecological;cultural_archaeological_historic;scenic;water_aquatic;wildlife_and_habitat,The statewide source identifies special management attention to protect identified relevant and important values. Detailed restrictions and exceptions are plan-specific.,"Legal access, ownership, inholdings, and component-specific restrictions were not established from the statewide ACEC layer.",,California,,northern_california_other_plan,documented_designation_value,The statewide source identifies fish-resource relevance.,,not_verified,,statewide_source_map_only,https://eplanning.blm.gov/eplanning-ui/project/69341/510,direct_official_plan_or_project_page,https://www.blm.gov/office/eagle-lake-field-office,official_unit_url_candidate_not_http_validated,not_systematically_researched,not_systematically_researched,statewide_source_audit_complete_plan_level_research_partial,2026-08-05,high_source_identity_medium_semantic_history,"Susan River is represented in the current BLM California designated-ACEC layer under Eagle Lake. The statewide source identifies fish or aquatic resources, historic resources, natural systems, scenic values, and wildlife resources as relevant designation categories. The statewide source identifies special management attention to protect identified relevant and important values. Detailed restrictions and exceptions are plan-specific. The mapped boundary is a planning-designation geometry, not an ownership or access boundary.","Detailed ACEC-specific plan pages, maps, prescriptions, land status, access, and related-designation intersections remain a documented research/overlay phase.",4,2489.9003903219686,True,equivalent_within_qa_tolerance,user-supplied BRIM acec shapefile; EPSG:3310; original snapshot preserved
acec-3f8988d80d2645,Swasey Drive,swasey drive,,swasey drive|Northwest California Integrated Plan|DOI-BLM-CA-N060-2021-0012-RMP-EIS|2024-11-06|CAN06000,currently_designated_source_layer,Currently mapped as designated,ACEC,ACEC,not_verified,True,False,False,unverified,unverified,1,1,0,,not_researched,468.569581,468.569581,-0.0,-0.0,Northern California District,Redding Field Office,Redding Field Office,CAN06000,1,Northwest California Integrated Plan,2024-11-06,2024,BLM land-use planning decision,DOI-BLM-CA-N060-2021-0012-RMP-EIS,https://www.blm.gov/programs/planning-and-nepa/plans-in-development/california/northwest-california-integrated-rmp,,Current statewide source supplies one governing-plan/ROD association; earlier boundary and designation history require plan-level research.,"Cultural resources, and Historic resources.",cultural_archaeological_historic,The statewide source identifies special management attention to prevent irreparable damage to those values. Detailed restrictions and exceptions are plan-specific.,"Legal access, ownership, inholdings, and component-specific restrictions were not established from the statewide ACEC layer.",,California,,northwest_california_integrated_plan,no_water_value_identified_in_statewide_source,No fish-resource relevance is coded affirmative in the statewide source; spatial hydrologic context has not been derived.,,not_verified,,statewide_source_map_only,https://www.blm.gov/programs/planning-and-nepa/plans-in-development/california/northwest-california-integrated-rmp,direct_official_plan_or_project_page,https://www.blm.gov/office/redding-field-office,official_unit_url_candidate_not_http_validated,not_systematically_researched,not_systematically_researched,statewide_source_audit_complete_plan_level_research_partial,2026-08-05,high_source_identity_medium_semantic_history,"Swasey Drive is represented in the current BLM California designated-ACEC layer under Northwest California Integrated Plan. The statewide source identifies cultural resources, and historic resources as relevant designation categories. The statewide source identifies special management attention to prevent irreparable damage to those values. Detailed restrictions and exceptions are plan-specific. The mapped boundary is a planning-designation geometry, not an ownership or access boundary.","Detailed ACEC-specific plan pages, maps, prescriptions, land status, access, and related-designation intersections remain a documented research/overlay phase.",1,468.56958137491597,True,equivalent_within_qa_tolerance,user-supplied BRIM acec shapefile; EPSG:3310; original snapshot preserved
acec-db1c025620ee95,Symmes Creek WSA,symmes creek wsa,,"symmes creek wsa|Bishop RMP, as amended by DRECP|DOI-BLM-CA-D010-2014-0001-RMP-EIS|2016-09-14|CAC07000",currently_designated_source_layer,Currently mapped as designated,ACEC,ACEC,not_verified,True,False,False,unverified,unverified,1,1,0,,not_researched,8371.54791,8371.54791,-0.0,-0.0,Central California District,Bishop Field Office,Bishop Field Office,CAC07000,1,"Bishop RMP, as amended by DRECP",2016-09-14,2016,BLM land-use planning decision,DOI-BLM-CA-D010-2014-0001-RMP-EIS,https://www.blm.gov/programs/planning-and-nepa/plans-in-development/california/desert-renewable-energy-conservation-plan,,Current statewide source supplies one governing-plan/ROD association; earlier boundary and designation history require plan-level research.,"Historic resources, Natural processes, Natural systems, Scenic values, and Wildlife resources.",botanical_or_ecological;cultural_archaeological_historic;scenic;wildlife_and_habitat,The statewide source identifies special management attention to prevent irreparable damage to those values. Detailed restrictions and exceptions are plan-specific.,"Legal access, ownership, inholdings, and component-specific restrictions were not established from the statewide ACEC layer.",,California,,drecp,no_water_value_identified_in_statewide_source,No fish-resource relevance is coded affirmative in the statewide source; spatial hydrologic context has not been derived.,,not_verified,,statewide_source_map_only,https://www.blm.gov/programs/planning-and-nepa/plans-in-development/california/desert-renewable-energy-conservation-plan,direct_official_plan_or_project_page,https://www.blm.gov/office/bishop-field-office,official_unit_url_candidate_not_http_validated,not_systematically_researched,not_systematically_researched,statewide_source_audit_complete_plan_level_research_partial,2026-08-05,high_source_identity_medium_semantic_history,"Symmes Creek WSA is represented in the current BLM California designated-ACEC layer under Bishop RMP, as amended by DRECP. The statewide source identifies historic resources, natural processes, natural systems, scenic values, and wildlife resources as relevant designation categories. The statewide source identifies special management attention to prevent irreparable damage to those values. Detailed restrictions and exceptions are plan-specific. The mapped boundary is a planning-designation geometry, not an ownership or access boundary.","Detailed ACEC-specific plan pages, maps, prescriptions, land status, access, and related-designation intersections remain a documented research/overlay phase.",1,8371.547909553361,True,equivalent_within_qa_tolerance,user-supplied BRIM acec shapefile; EPSG:3310; original snapshot preserved
acec-8b7205a710bcf7,Table Mountain,table mountain,,table mountain|Eastern San Diego County MFP||2008-10-01|CAD07000,currently_designated_source_layer,Currently mapped as designated,ACEC,ACEC,not_verified,True,False,False,unverified,unverified,1,1,0,,not_researched,5218.391547,5218.391547,0.0,0.0,California Desert District,El Centro Field Office,El Centro Field Office,CAD07000,1,Eastern San Diego County MFP,2008-10-01,2008,BLM land-use planning decision,,https://www.blm.gov/programs/planning-and-nepa/plans-in-development/california,,Current statewide source supplies one governing-plan/ROD association; earlier boundary and designation history require plan-level research.,"Cultural resources, Historic resources, Natural processes, Natural systems, and Wildlife resources.",botanical_or_ecological;cultural_archaeological_historic;wildlife_and_habitat,The statewide source identifies special management attention to prevent irreparable damage to those values. Detailed restrictions and exceptions are plan-specific.,"Legal access, ownership, inholdings, and component-specific restrictions were not established from the statewide ACEC layer.",,California,,california_desert_other_plan,no_water_value_identified_in_statewide_source,No fish-resource relevance is coded affirmative in the statewide source; spatial hydrologic context has not been derived.,,not_verified,,statewide_source_map_only,https://www.blm.gov/programs/planning-and-nepa/plans-in-development/california,official_california_plan_index_only,https://www.blm.gov/office/el-centro-field-office,official_unit_url_candidate_not_http_validated,not_systematically_researched,not_systematically_researched,statewide_source_audit_complete_plan_level_research_partial,2026-08-05,high_source_identity_medium_semantic_history,"Table Mountain is represented in the current BLM California designated-ACEC layer under Eastern San Diego County MFP. The statewide source identifies cultural resources, historic resources, natural processes, natural systems, and wildlife resources as relevant designation categories. The statewide source identifies special management attention to prevent irreparable damage to those values. Detailed restrictions and exceptions are plan-specific. The mapped boundary is a planning-designation geometry, not an ownership or access boundary.","Detailed ACEC-specific plan pages, maps, prescriptions, land status, access, and related-designation intersections remain a documented research/overlay phase.",1,5218.391547269003,True,equivalent_within_qa_tolerance,user-supplied BRIM acec shapefile; EPSG:3310; original snapshot preserved
acec-bb8e39bb718d14,Tierra Redonda,tierra redonda,,tierra redonda|Bakersfield Resource Management Plan|DOI-BLM-CA-C060-2014-0001-RMP-EIS|2014-12-22|CAC06000,currently_designated_source_layer,Currently mapped as designated,ACEC,ACEC,not_verified,True,False,False,unverified,unverified,1,1,0,,not_researched,1312.36471,1312.36471,-0.0,-0.0,Central California District,Bakersfield Field Office,Bakersfield Field Office,CAC06000,1,Bakersfield Resource Management Plan,2014-12-22,2014,BLM land-use planning decision,DOI-BLM-CA-C060-2014-0001-RMP-EIS,https://eplanning.blm.gov/Project-Home/?id=77b9ea95-a7f2-f011-8406-001dd802fdea,,Current statewide source supplies one governing-plan/ROD association; earlier boundary and designation history require plan-level research.,"Natural processes, and Natural systems.",botanical_or_ecological,The statewide source identifies special management attention to prevent irreparable damage to those values. Detailed restrictions and exceptions are plan-specific.,"Legal access, ownership, inholdings, and component-specific restrictions were not established from the statewide ACEC layer.",,California,,central_california_plan,no_water_value_identified_in_statewide_source,No fish-resource relevance is coded affirmative in the statewide source; spatial hydrologic context has not been derived.,,not_verified,,statewide_source_map_only,https://eplanning.blm.gov/Project-Home/?id=77b9ea95-a7f2-f011-8406-001dd802fdea,direct_official_plan_or_project_page,https://www.blm.gov/office/bakersfield-field-office,official_unit_url_candidate_not_http_validated,not_systematically_researched,not_systematically_researched,statewide_source_audit_complete_plan_level_research_partial,2026-08-05,high_source_identity_medium_semantic_history,"Tierra Redonda is represented in the current BLM California designated-ACEC layer under Bakersfield Resource Management Plan. The statewide source identifies natural processes, and natural systems as relevant designation categories. The statewide source identifies special management attention to prevent irreparable damage to those values. Detailed restrictions and exceptions are plan-specific. The mapped boundary is a planning-designation geometry, not an ownership or access boundary.","Detailed ACEC-specific plan pages, maps, prescriptions, land status, access, and related-designation intersections remain a documented research/overlay phase.",1,1312.364709621832,True,equivalent_within_qa_tolerance,user-supplied BRIM acec shapefile; EPSG:3310; original snapshot preserved
acec-ed38a295261e2f,Timbered Crater WSA,timbered crater wsa,,timbered crater wsa|Alturas|DOI-BLM-CA-N020-2008-0001-RMP-EIS|2008-04-17|CAN02000,currently_designated_source_layer,Currently mapped as designated,ACEC,ACEC,not_verified,True,False,False,unverified,unverified,1,1,0,,not_researched,18051.421978,18051.421978,-0.0,-0.0,Northern California District,Applegate Field Office,Applegate Field Office,CAN02000,1,Alturas,2008-04-17,2008,BLM land-use planning decision,DOI-BLM-CA-N020-2008-0001-RMP-EIS,https://eplanning.blm.gov/Project-Home/?id=e567a393-a7f2-f011-8407-001dd80c29f3,,Current statewide source supplies one governing-plan/ROD association; earlier boundary and designation history require plan-level research.,"Natural processes, and Natural systems.",botanical_or_ecological,The statewide source identifies special management attention to prevent irreparable damage to those values. Detailed restrictions and exceptions are plan-specific.,"Legal access, ownership, inholdings, and component-specific restrictions were not established from the statewide ACEC layer.",,California,,northern_california_other_plan,no_water_value_identified_in_statewide_source,No fish-resource relevance is coded affirmative in the statewide source; spatial hydrologic context has not been derived.,,not_verified,,statewide_source_map_only,https://eplanning.blm.gov/Project-Home/?id=e567a393-a7f2-f011-8407-001dd80c29f3,direct_official_plan_or_project_page,https://www.blm.gov/office/applegate-field-office,official_unit_url_candidate_not_http_validated,not_systematically_researched,not_systematically_researched,statewide_source_audit_complete_plan_level_research_partial,2026-08-05,high_source_identity_medium_semantic_history,"Timbered Crater WSA is represented in the current BLM California designated-ACEC layer under Alturas. The statewide source identifies natural processes, and natural systems as relevant designation categories. The statewide source identifies special management attention to prevent irreparable damage to those values. Detailed restrictions and exceptions are plan-specific. The mapped boundary is a planning-designation geometry, not an ownership or access boundary.","Detailed ACEC-specific plan pages, maps, prescriptions, land status, access, and related-designation intersections remain a documented research/overlay phase.",1,18051.421978012444,True,equivalent_within_qa_tolerance,user-supplied BRIM acec shapefile; EPSG:3310; original snapshot preserved
acec-2b56b7d087bc72,Travertine Hot Springs,travertine hot springs,,travertine hot springs|Bishop|DOI-BLM-CA-C070-1993-0001-RMP-EIS|1993-03-26|CAC07000,currently_designated_source_layer,Currently mapped as designated,ACEC,ACEC,not_verified,True,False,False,unverified,unverified,1,1,0,,not_researched,161.954903,161.954903,0.0,0.0,Central California District,Bishop Field Office,Bishop Field Office,CAC07000,1,Bishop,1993-03-26,1993,BLM land-use planning decision,DOI-BLM-CA-C070-1993-0001-RMP-EIS,https://eplanning.blm.gov/Project-Home/?id=dd68a393-a7f2-f011-8407-001dd80c29f3,,Current statewide source supplies one governing-plan/ROD association; earlier boundary and designation history require plan-level research.,"Cultural resources, Natural processes, and Natural systems.",botanical_or_ecological;cultural_archaeological_historic,The statewide source identifies special management attention to prevent irreparable damage to those values. Detailed restrictions and exceptions are plan-specific.,"Legal access, ownership, inholdings, and component-specific restrictions were not established from the statewide ACEC layer.",,California,,central_california_plan,no_water_value_identified_in_statewide_source,No fish-resource relevance is coded affirmative in the statewide source; spatial hydrologic context has not been derived.,,not_verified,,statewide_source_map_only,https://eplanning.blm.gov/Project-Home/?id=dd68a393-a7f2-f011-8407-001dd80c29f3,direct_official_plan_or_project_page,https://www.blm.gov/office/bishop-field-office,official_unit_url_candidate_not_http_validated,not_systematically_researched,not_systematically_researched,statewide_source_audit_complete_plan_level_research_partial,2026-08-05,high_source_identity_medium_semantic_history,"Travertine Hot Springs is represented in the current BLM California designated-ACEC layer under Bishop. The statewide source identifies cultural resources, natural processes, and natural systems as relevant designation categories. The statewide source identifies special management attention to prevent irreparable damage to those values. Detailed restrictions and exceptions are plan-specific. The mapped boundary is a planning-designation geometry, not an ownership or access boundary.","Detailed ACEC-specific plan pages, maps, prescriptions, land status, access, and related-designation intersections remain a documented research/overlay phase.",1,161.95490343940867,True,equivalent_within_qa_tolerance,user-supplied BRIM acec shapefile; EPSG:3310; original snapshot preserved
acec-76697c022d953b,Trona Pinnacles,trona pinnacles,,"trona pinnacles|CDCA Plan, as amended by DRECP||2016-09-14|CAD00000",currently_designated_source_layer,Currently mapped as designated,ACEC,ACEC,not_verified,True,False,False,unverified,unverified,1,1,0,,not_researched,4057.777891,4057.777891,0.0,0.0,California Desert District,,California Desert District,CAD00000,1,"CDCA Plan, as amended by DRECP",2016-09-14,2016,BLM land-use planning decision,,https://www.blm.gov/programs/planning-and-nepa/plans-in-development/california,,Current statewide source supplies one governing-plan/ROD association; earlier boundary and designation history require plan-level research.,"Natural processes, Natural systems, and Scenic values.",botanical_or_ecological;scenic,The statewide source identifies special management attention to prevent irreparable damage to those values. Detailed restrictions and exceptions are plan-specific.,"Legal access, ownership, inholdings, and component-specific restrictions were not established from the statewide ACEC layer.",,California,,drecp,no_water_value_identified_in_statewide_source,No fish-resource relevance is coded affirmative in the statewide source; spatial hydrologic context has not been derived.,,not_verified,,statewide_source_map_only,https://www.blm.gov/programs/planning-and-nepa/plans-in-development/california,official_california_plan_index_only,https://www.blm.gov/office/california-desert-district-office,official_unit_url_candidate_not_http_validated,not_systematically_researched,not_systematically_researched,statewide_source_audit_complete_plan_level_research_partial,2026-08-05,high_source_identity_medium_semantic_history,"Trona Pinnacles is represented in the current BLM California designated-ACEC layer under CDCA Plan, as amended by DRECP. The statewide source identifies natural processes, natural systems, and scenic values as relevant designation categories. The statewide source identifies special management attention to prevent irreparable damage to those values. Detailed restrictions and exceptions are plan-specific. The mapped boundary is a planning-designation geometry, not an ownership or access boundary.","Detailed ACEC-specific plan pages, maps, prescriptions, land status, access, and related-designation intersections remain a documented research/overlay phase.",1,4057.777890985323,True,equivalent_within_qa_tolerance,user-supplied BRIM acec shapefile; EPSG:3310; original snapshot preserved
acec-3377f0ee1fcbb1,Turtle Mountains,turtle mountains,,"turtle mountains|CDCA Plan, as amended by DRECP|DOI-BLM-CA-D010-2014-0001-RMP-EIS|2016-09-14|CAD00000",currently_designated_source_layer,Currently mapped as designated,ACEC,ACEC,not_verified,True,False,False,unverified,unverified,1,1,0,,not_researched,51980.122327,51980.122327,0.0,0.0,California Desert District,,California Desert District,CAD00000,1,"CDCA Plan, as amended by DRECP",2016-09-14,2016,BLM land-use planning decision,DOI-BLM-CA-D010-2014-0001-RMP-EIS,https://www.blm.gov/programs/planning-and-nepa/plans-in-development/california/desert-renewable-energy-conservation-plan,,Current statewide source supplies one governing-plan/ROD association; earlier boundary and designation history require plan-level research.,"Cultural resources, Natural processes, Natural systems, and Scenic values.",botanical_or_ecological;cultural_archaeological_historic;scenic,The statewide source identifies special management attention to prevent irreparable damage to those values. Detailed restrictions and exceptions are plan-specific.,"Legal access, ownership, inholdings, and component-specific restrictions were not established from the statewide ACEC layer.",,California,,drecp,no_water_value_identified_in_statewide_source,No fish-resource relevance is coded affirmative in the statewide source; spatial hydrologic context has not been derived.,,not_verified,,statewide_source_map_only,https://www.blm.gov/programs/planning-and-nepa/plans-in-development/california/desert-renewable-energy-conservation-plan,direct_official_plan_or_project_page,https://www.blm.gov/office/california-desert-district-office,official_unit_url_candidate_not_http_validated,not_systematically_researched,not_systematically_researched,statewide_source_audit_complete_plan_level_research_partial,2026-08-05,high_source_identity_medium_semantic_history,"Turtle Mountains is represented in the current BLM California designated-ACEC layer under CDCA Plan, as amended by DRECP. The statewide source identifies cultural resources, natural processes, natural systems, and scenic values as relevant designation categories. The statewide source identifies special management attention to prevent irreparable damage to those values. Detailed restrictions and exceptions are plan-specific. The mapped boundary is a planning-designation geometry, not an ownership or access boundary.","Detailed ACEC-specific plan pages, maps, prescriptions, land status, access, and related-designation intersections remain a documented research/overlay phase.",1,51980.12232717936,True,equivalent_within_qa_tolerance,user-supplied BRIM acec shapefile; EPSG:3310; original snapshot preserved
acec-24f5924ae9f5cc,Upper Burney Dry Lake and Baker Cypress,upper burney dry lake and baker cypress,,upper burney dry lake and baker cypress|Northwest California Integrated Plan|DOI-BLM-CA-N060-2021-0012-RMP-EIS|2024-11-06|CAN06000,currently_designated_source_layer,Currently mapped as designated,ACEC,ACEC,not_verified,True,False,False,unverified,unverified,1,1,1,,not_researched,208.978798,208.978798,0.0,0.0,Northern California District,Redding Field Office,Redding Field Office,CAN06000,1,Northwest California Integrated Plan,2024-11-06,2024,BLM land-use planning decision,DOI-BLM-CA-N060-2021-0012-RMP-EIS,https://www.blm.gov/programs/planning-and-nepa/plans-in-development/california/northwest-california-integrated-rmp,,Current statewide source supplies one governing-plan/ROD association; earlier boundary and designation history require plan-level research.,"Natural processes, and Natural systems.",botanical_or_ecological,The statewide source identifies special management attention to prevent irreparable damage to those values. Detailed restrictions and exceptions are plan-specific.,"Legal access, ownership, inholdings, and component-specific restrictions were not established from the statewide ACEC layer.",,California,,northwest_california_integrated_plan,no_water_value_identified_in_statewide_source,No fish-resource relevance is coded affirmative in the statewide source; spatial hydrologic context has not been derived.,,not_verified,,statewide_source_map_only,https://www.blm.gov/programs/planning-and-nepa/plans-in-development/california/northwest-california-integrated-rmp,direct_official_plan_or_project_page,https://www.blm.gov/office/redding-field-office,official_unit_url_candidate_not_http_validated,not_systematically_researched,not_systematically_researched,statewide_source_audit_complete_plan_level_research_partial,2026-08-05,high_source_identity_medium_semantic_history,"Upper Burney Dry Lake and Baker Cypress is represented in the current BLM California designated-ACEC layer under Northwest California Integrated Plan. The statewide source identifies natural processes, and natural systems as relevant designation categories. The statewide source identifies special management attention to prevent irreparable damage to those values. Detailed restrictions and exceptions are plan-specific. The mapped boundary is a planning-designation geometry, not an ownership or access boundary.","Detailed ACEC-specific plan pages, maps, prescriptions, land status, access, and related-designation intersections remain a documented research/overlay phase.",2,208.9787984168207,True,equivalent_within_qa_tolerance,user-supplied BRIM acec shapefile; EPSG:3310; original snapshot preserved
acec-c1bbe5652a8b4f,Upper Cuyama Valley,upper cuyama valley,,upper cuyama valley|Bakersfield Resource Management Plan|DOI-BLM-CA-C060-2014-0001-RMP-EIS|2014-12-22|CAC06000,currently_designated_source_layer,Currently mapped as designated,ACEC,ACEC,not_verified,True,False,False,unverified,unverified,1,1,1,,not_researched,15628.051547,15628.051547,0.0,0.0,Central California District,Bakersfield Field Office,Bakersfield Field Office,CAC06000,1,Bakersfield Resource Management Plan,2014-12-22,2014,BLM land-use planning decision,DOI-BLM-CA-C060-2014-0001-RMP-EIS,https://eplanning.blm.gov/Project-Home/?id=77b9ea95-a7f2-f011-8406-001dd802fdea,,Current statewide source supplies one governing-plan/ROD association; earlier boundary and designation history require plan-level research.,"Natural processes, Natural systems, and Wildlife resources.",botanical_or_ecological;wildlife_and_habitat,The statewide source identifies special management attention to prevent irreparable damage to those values. Detailed restrictions and exceptions are plan-specific.,"Legal access, ownership, inholdings, and component-specific restrictions were not established from the statewide ACEC layer.",,California,,central_california_plan,no_water_value_identified_in_statewide_source,No fish-resource relevance is coded affirmative in the statewide source; spatial hydrologic context has not been derived.,,not_verified,,statewide_source_map_only,https://eplanning.blm.gov/Project-Home/?id=77b9ea95-a7f2-f011-8406-001dd802fdea,direct_official_plan_or_project_page,https://www.blm.gov/office/bakersfield-field-office,official_unit_url_candidate_not_http_validated,not_systematically_researched,not_systematically_researched,statewide_source_audit_complete_plan_level_research_partial,2026-08-05,high_source_identity_medium_semantic_history,"Upper Cuyama Valley is represented in the current BLM California designated-ACEC layer under Bakersfield Resource Management Plan. The statewide source identifies natural processes, natural systems, and wildlife resources as relevant designation categories. The statewide source identifies special management attention to prevent irreparable damage to those values. Detailed restrictions and exceptions are plan-specific. The mapped boundary is a planning-designation geometry, not an ownership or access boundary.","Detailed ACEC-specific plan pages, maps, prescriptions, land status, access, and related-designation intersections remain a documented research/overlay phase.",5,15628.051547036908,True,equivalent_within_qa_tolerance,user-supplied BRIM acec shapefile; EPSG:3310; original snapshot preserved
acec-29d65400bcc38b,Upper Johnson Valley Yucca Rings,upper johnson valley yucca rings,,"upper johnson valley yucca rings|CDCA Plan, as amended by DRECP|DOI-BLM-CA-D010-2014-0001-RMP-EIS|2016-09-14|CAD00000",currently_designated_source_layer,Currently mapped as designated,ACEC,ACEC,not_verified,True,False,False,unverified,unverified,1,1,0,,not_researched,329.444423,329.444423,-0.0,-0.0,California Desert District,,California Desert District,CAD00000,1,"CDCA Plan, as amended by DRECP",2016-09-14,2016,BLM land-use planning decision,DOI-BLM-CA-D010-2014-0001-RMP-EIS,https://www.blm.gov/programs/planning-and-nepa/plans-in-development/california/desert-renewable-energy-conservation-plan,,Current statewide source supplies one governing-plan/ROD association; earlier boundary and designation history require plan-level research.,"Natural processes, Natural systems, and Wildlife resources.",botanical_or_ecological;wildlife_and_habitat,The statewide source identifies special management attention to prevent irreparable damage to those values. Detailed restrictions and exceptions are plan-specific.,"Legal access, ownership, inholdings, and component-specific restrictions were not established from the statewide ACEC layer.",,California,,drecp,no_water_value_identified_in_statewide_source,No fish-resource relevance is coded affirmative in the statewide source; spatial hydrologic context has not been derived.,,not_verified,,statewide_source_map_only,https://www.blm.gov/programs/planning-and-nepa/plans-in-development/california/desert-renewable-energy-conservation-plan,direct_official_plan_or_project_page,https://www.blm.gov/office/california-desert-district-office,official_unit_url_candidate_not_http_validated,not_systematically_researched,not_systematically_researched,statewide_source_audit_complete_plan_level_research_partial,2026-08-05,high_source_identity_medium_semantic_history,"Upper Johnson Valley Yucca Rings is represented in the current BLM California designated-ACEC layer under CDCA Plan, as amended by DRECP. The statewide source identifies natural processes, natural systems, and wildlife resources as relevant designation categories. The statewide source identifies special management attention to prevent irreparable damage to those values. Detailed restrictions and exceptions are plan-specific. The mapped boundary is a planning-designation geometry, not an ownership or access boundary.","Detailed ACEC-specific plan pages, maps, prescriptions, land status, access, and related-designation intersections remain a documented research/overlay phase.",1,329.4444225531138,True,equivalent_within_qa_tolerance,user-supplied BRIM acec shapefile; EPSG:3310; original snapshot preserved
acec-4e3d7779523f35,Upper Klamath Bench,upper klamath bench,,upper klamath bench|Northwest California Integrated Plan|DOI-BLM-CA-N060-2021-0012-RMP-EIS|2024-11-06|CAN06000,currently_designated_source_layer,Currently mapped as designated,ACEC,ACEC,not_verified,True,False,False,unverified,unverified,1,1,1,,not_researched,88.909288,88.909288,-0.0,-0.0,Northern California District,Redding Field Office,Redding Field Office,CAN06000,1,Northwest California Integrated Plan,2024-11-06,2024,BLM land-use planning decision,DOI-BLM-CA-N060-2021-0012-RMP-EIS,https://www.blm.gov/programs/planning-and-nepa/plans-in-development/california/northwest-california-integrated-rmp,,Current statewide source supplies one governing-plan/ROD association; earlier boundary and designation history require plan-level research.,"Cultural resources, and Historic resources.",cultural_archaeological_historic,The statewide source identifies special management attention to prevent irreparable damage to those values. Detailed restrictions and exceptions are plan-specific.,"Legal access, ownership, inholdings, and component-specific restrictions were not established from the statewide ACEC layer.",,California,,northwest_california_integrated_plan,no_water_value_identified_in_statewide_source,No fish-resource relevance is coded affirmative in the statewide source; spatial hydrologic context has not been derived.,,not_verified,,statewide_source_map_only,https://www.blm.gov/programs/planning-and-nepa/plans-in-development/california/northwest-california-integrated-rmp,direct_official_plan_or_project_page,https://www.blm.gov/office/redding-field-office,official_unit_url_candidate_not_http_validated,not_systematically_researched,not_systematically_researched,statewide_source_audit_complete_plan_level_research_partial,2026-08-05,high_source_identity_medium_semantic_history,"Upper Klamath Bench is represented in the current BLM California designated-ACEC layer under Northwest California Integrated Plan. The statewide source identifies cultural resources, and historic resources as relevant designation categories. The statewide source identifies special management attention to prevent irreparable damage to those values. Detailed restrictions and exceptions are plan-specific. The mapped boundary is a planning-designation geometry, not an ownership or access boundary.","Detailed ACEC-specific plan pages, maps, prescriptions, land status, access, and related-designation intersections remain a documented research/overlay phase.",2,88.90928845025873,True,equivalent_within_qa_tolerance,user-supplied BRIM acec shapefile; EPSG:3310; original snapshot preserved
acec-357a2ccbe0140a,Upper Mattole,upper mattole,,upper mattole|Northwest California Integrated Plan|DOI-BLM-CA-N060-2021-0012-RMP-EIS|2024-11-06|CAN03000,currently_designated_source_layer,Currently mapped as designated,ACEC,ACEC,not_verified,True,False,False,unverified,unverified,1,1,1,,not_researched,459.148762,459.148762,-0.0,-0.0,Northern California District,Arcata Field Office,Arcata Field Office,CAN03000,1,Northwest California Integrated Plan,2024-11-06,2024,BLM land-use planning decision,DOI-BLM-CA-N060-2021-0012-RMP-EIS,https://www.blm.gov/programs/planning-and-nepa/plans-in-development/california/northwest-california-integrated-rmp,,Current statewide source supplies one governing-plan/ROD association; earlier boundary and designation history require plan-level research.,"Fish or aquatic resources, Natural processes, Natural systems, and Wildlife resources.",botanical_or_ecological;water_aquatic;wildlife_and_habitat,The statewide source identifies special management attention to prevent irreparable damage to those values. Detailed restrictions and exceptions are plan-specific.,"Legal access, ownership, inholdings, and component-specific restrictions were not established from the statewide ACEC layer.",,California,,northwest_california_integrated_plan,documented_designation_value,The statewide source identifies fish-resource relevance.,,not_verified,,statewide_source_map_only,https://www.blm.gov/programs/planning-and-nepa/plans-in-development/california/northwest-california-integrated-rmp,direct_official_plan_or_project_page,https://www.blm.gov/office/arcata-field-office,official_unit_url_candidate_not_http_validated,not_systematically_researched,not_systematically_researched,statewide_source_audit_complete_plan_level_research_partial,2026-08-05,high_source_identity_medium_semantic_history,"Upper Mattole is represented in the current BLM California designated-ACEC layer under Northwest California Integrated Plan. The statewide source identifies fish or aquatic resources, natural processes, natural systems, and wildlife resources as relevant designation categories. The statewide source identifies special management attention to prevent irreparable damage to those values. Detailed restrictions and exceptions are plan-specific. The mapped boundary is a planning-designation geometry, not an ownership or access boundary.","Detailed ACEC-specific plan pages, maps, prescriptions, land status, access, and related-designation intersections remain a documented research/overlay phase.",7,459.1487620129715,True,equivalent_within_qa_tolerance,user-supplied BRIM acec shapefile; EPSG:3310; original snapshot preserved
acec-d82f6ef87526c2,Upper McCoy,upper mccoy,,"upper mccoy|CDCA Plan, as amended by DRECP||2016-09-14|CAD00000",currently_designated_source_layer,Currently mapped as designated,ACEC,ACEC,not_verified,True,False,False,unverified,unverified,1,1,0,,not_researched,40627.75533,40627.75533,0.0,0.0,California Desert District,,California Desert District,CAD00000,1,"CDCA Plan, as amended by DRECP",2016-09-14,2016,BLM land-use planning decision,,https://www.blm.gov/programs/planning-and-nepa/plans-in-development/california,,Current statewide source supplies one governing-plan/ROD association; earlier boundary and designation history require plan-level research.,"Cultural resources, Historic resources, Natural processes, Natural systems, and Wildlife resources.",botanical_or_ecological;cultural_archaeological_historic;wildlife_and_habitat,The statewide source identifies special management attention to prevent irreparable damage to those values. Detailed restrictions and exceptions are plan-specific.,"Legal access, ownership, inholdings, and component-specific restrictions were not established from the statewide ACEC layer.",,California,,drecp,no_water_value_identified_in_statewide_source,No fish-resource relevance is coded affirmative in the statewide source; spatial hydrologic context has not been derived.,,not_verified,,statewide_source_map_only,https://www.blm.gov/programs/planning-and-nepa/plans-in-development/california,official_california_plan_index_only,https://www.blm.gov/office/california-desert-district-office,official_unit_url_candidate_not_http_validated,not_systematically_researched,not_systematically_researched,statewide_source_audit_complete_plan_level_research_partial,2026-08-05,high_source_identity_medium_semantic_history,"Upper McCoy is represented in the current BLM California designated-ACEC layer under CDCA Plan, as amended by DRECP. The statewide source identifies cultural resources, historic resources, natural processes, natural systems, and wildlife resources as relevant designation categories. The statewide source identifies special management attention to prevent irreparable damage to those values. Detailed restrictions and exceptions are plan-specific. The mapped boundary is a planning-designation geometry, not an ownership or access boundary.","Detailed ACEC-specific plan pages, maps, prescriptions, land status, access, and related-designation intersections remain a documented research/overlay phase.",1,40627.755329556974,True,equivalent_within_qa_tolerance,user-supplied BRIM acec shapefile; EPSG:3310; original snapshot preserved
acec-efa23557e2005a,Upper and Lower Clear Creek,upper and lower clear creek,,upper and lower clear creek|Northwest California Integrated Plan|DOI-BLM-CA-N060-2021-0012-RMP-EIS|2024-11-06|CAN06000,currently_designated_source_layer,Currently mapped as designated,ACEC,ACEC,not_verified,True,False,False,unverified,unverified,1,1,1,,not_researched,4560.977936,4560.977936,-0.0,-0.0,Northern California District,Redding Field Office,Redding Field Office,CAN06000,1,Northwest California Integrated Plan,2024-11-06,2024,BLM land-use planning decision,DOI-BLM-CA-N060-2021-0012-RMP-EIS,https://www.blm.gov/programs/planning-and-nepa/plans-in-development/california/northwest-california-integrated-rmp,,Current statewide source supplies one governing-plan/ROD association; earlier boundary and designation history require plan-level research.,"Fish or aquatic resources, and Scenic values.",scenic;water_aquatic,The statewide source identifies special management attention to prevent irreparable damage to those values. Detailed restrictions and exceptions are plan-specific.,"Legal access, ownership, inholdings, and component-specific restrictions were not established from the statewide ACEC layer.",,California,,northwest_california_integrated_plan,documented_designation_value,The statewide source identifies fish-resource relevance.,,not_verified,,statewide_source_map_only,https://www.blm.gov/programs/planning-and-nepa/plans-in-development/california/northwest-california-integrated-rmp,direct_official_plan_or_project_page,https://www.blm.gov/office/redding-field-office,official_unit_url_candidate_not_http_validated,not_systematically_researched,not_systematically_researched,statewide_source_audit_complete_plan_level_research_partial,2026-08-05,high_source_identity_medium_semantic_history,"Upper and Lower Clear Creek is represented in the current BLM California designated-ACEC layer under Northwest California Integrated Plan. The statewide source identifies fish or aquatic resources, and scenic values as relevant designation categories. The statewide source identifies special management attention to prevent irreparable damage to those values. Detailed restrictions and exceptions are plan-specific. The mapped boundary is a planning-designation geometry, not an ownership or access boundary.","Detailed ACEC-specific plan pages, maps, prescriptions, land status, access, and related-designation intersections remain a documented research/overlay phase.",10,4560.9779357208345,True,equivalent_within_qa_tolerance,user-supplied BRIM acec shapefile; EPSG:3310; original snapshot preserved
acec-3a59aba8cb5246,Walker Ridge,walker ridge,,walker ridge|Ukiah|DOI-BLM-CA-C050-2006-0001-RMP-EIS|2006-09-25|CAC05000,currently_designated_source_layer,Currently mapped as designated,ACEC,ACEC,not_verified,True,False,False,unverified,unverified,1,1,1,,not_researched,3433.452881,3433.452881,0.0,0.0,Central California District,Ukiah Field Office,Ukiah Field Office,CAC05000,1,Ukiah,2006-09-25,2006,BLM land-use planning decision,DOI-BLM-CA-C050-2006-0001-RMP-EIS,https://www.blm.gov/programs/planning-and-nepa/plans-in-development/california,,Current statewide source supplies one governing-plan/ROD association; earlier boundary and designation history require plan-level research.,"Natural processes, Natural systems, and Wildlife resources.",botanical_or_ecological;wildlife_and_habitat,The statewide source identifies special management attention to prevent irreparable damage to those values. Detailed restrictions and exceptions are plan-specific.,"Legal access, ownership, inholdings, and component-specific restrictions were not established from the statewide ACEC layer.",,California,,central_california_plan,no_water_value_identified_in_statewide_source,No fish-resource relevance is coded affirmative in the statewide source; spatial hydrologic context has not been derived.,,not_verified,,statewide_source_map_only,https://www.blm.gov/programs/planning-and-nepa/plans-in-development/california,official_california_plan_index_only,https://www.blm.gov/office/ukiah-field-office,official_unit_url_candidate_not_http_validated,not_systematically_researched,not_systematically_researched,statewide_source_audit_complete_plan_level_research_partial,2026-08-05,high_source_identity_medium_semantic_history,"Walker Ridge is represented in the current BLM California designated-ACEC layer under Ukiah. The statewide source identifies natural processes, natural systems, and wildlife resources as relevant designation categories. The statewide source identifies special management attention to prevent irreparable damage to those values. Detailed restrictions and exceptions are plan-specific. The mapped boundary is a planning-designation geometry, not an ownership or access boundary.","Detailed ACEC-specific plan pages, maps, prescriptions, land status, access, and related-designation intersections remain a documented research/overlay phase.",4,3433.4528814677683,True,equivalent_within_qa_tolerance,user-supplied BRIM acec shapefile; EPSG:3310; original snapshot preserved
acec-c03b261f133906,Warm Sulfur Springs,warm sulfur springs,,"warm sulfur springs|CDCA Plan, as amended by DRECP||2016-09-14|CAD00000",currently_designated_source_layer,Currently mapped as designated,ACEC,ACEC,not_verified,True,False,False,unverified,unverified,1,1,0,,not_researched,347.599327,347.599327,-0.0,-0.0,California Desert District,,California Desert District,CAD00000,1,"CDCA Plan, as amended by DRECP",2016-09-14,2016,BLM land-use planning decision,,https://www.blm.gov/programs/planning-and-nepa/plans-in-development/california,,Current statewide source supplies one governing-plan/ROD association; earlier boundary and designation history require plan-level research.,"Cultural resources, Historic resources, Natural processes, and Natural systems.",botanical_or_ecological;cultural_archaeological_historic,The statewide source identifies special management attention to prevent irreparable damage to those values. Detailed restrictions and exceptions are plan-specific.,"Legal access, ownership, inholdings, and component-specific restrictions were not established from the statewide ACEC layer.",,California,,drecp,no_water_value_identified_in_statewide_source,No fish-resource relevance is coded affirmative in the statewide source; spatial hydrologic context has not been derived.,,not_verified,,statewide_source_map_only,https://www.blm.gov/programs/planning-and-nepa/plans-in-development/california,official_california_plan_index_only,https://www.blm.gov/office/california-desert-district-office,official_unit_url_candidate_not_http_validated,not_systematically_researched,not_systematically_researched,statewide_source_audit_complete_plan_level_research_partial,2026-08-05,high_source_identity_medium_semantic_history,"Warm Sulfur Springs is represented in the current BLM California designated-ACEC layer under CDCA Plan, as amended by DRECP. The statewide source identifies cultural resources, historic resources, natural processes, and natural systems as relevant designation categories. The statewide source identifies special management attention to prevent irreparable damage to those values. Detailed restrictions and exceptions are plan-specific. The mapped boundary is a planning-designation geometry, not an ownership or access boundary.","Detailed ACEC-specific plan pages, maps, prescriptions, land status, access, and related-designation intersections remain a documented research/overlay phase.",1,347.59932696205885,True,equivalent_within_qa_tolerance,user-supplied BRIM acec shapefile; EPSG:3310; original snapshot preserved
acec-e8b72e19e142f6,West Mesa,west mesa,,"west mesa|CDCA Plan, as amended, DRECP amendment|DOI-BLM-CA-D010-1980-0001-RMP-EIS|1980-12-12|CAD00000",currently_designated_source_layer,Currently mapped as designated,ACEC,ACEC,not_verified,True,False,False,unverified,unverified,1,1,1,,not_researched,100862.978583,100862.978583,0.0,0.0,California Desert District,,California Desert District,CAD00000,1,"CDCA Plan, as amended, DRECP amendment",1980-12-12,1980,BLM land-use planning decision,DOI-BLM-CA-D010-1980-0001-RMP-EIS,https://eplanning.blm.gov/eplanning-ui/project/66949/510,,Current statewide source supplies one governing-plan/ROD association; earlier boundary and designation history require plan-level research.,"Cultural resources, Historic resources, Natural processes, Natural systems, and Wildlife resources.",botanical_or_ecological;cultural_archaeological_historic;wildlife_and_habitat,The statewide source identifies special management attention to prevent irreparable damage to those values. Detailed restrictions and exceptions are plan-specific.,"Legal access, ownership, inholdings, and component-specific restrictions were not established from the statewide ACEC layer.",,California,,drecp,no_water_value_identified_in_statewide_source,No fish-resource relevance is coded affirmative in the statewide source; spatial hydrologic context has not been derived.,,not_verified,,statewide_source_map_only,https://eplanning.blm.gov/eplanning-ui/project/66949/510,direct_official_plan_or_project_page,https://www.blm.gov/office/california-desert-district-office,official_unit_url_candidate_not_http_validated,not_systematically_researched,not_systematically_researched,statewide_source_audit_complete_plan_level_research_partial,2026-08-05,high_source_identity_medium_semantic_history,"West Mesa is represented in the current BLM California designated-ACEC layer under CDCA Plan, as amended, DRECP amendment. The statewide source identifies cultural resources, historic resources, natural processes, natural systems, and wildlife resources as relevant designation categories. The statewide source identifies special management attention to prevent irreparable damage to those values. Detailed restrictions and exceptions are plan-specific. The mapped boundary is a planning-designation geometry, not an ownership or access boundary.","Detailed ACEC-specific plan pages, maps, prescriptions, land status, access, and related-designation intersections remain a documented research/overlay phase.",9,100862.97858289776,False,equivalent_within_qa_tolerance,user-supplied BRIM acec shapefile; EPSG:3310; original snapshot preserved
acec-2b35387302279d,West Paradise,west paradise,,"west paradise|CDCA Plan, as amended by DRECP|DOI-BLM-CA-D010-2014-0001-RMP-EIS|2016-09-14|CAD00000",currently_designated_source_layer,Currently mapped as designated,ACEC,ACEC,not_verified,True,False,False,unverified,unverified,1,1,1,,not_researched,1232.108269,1232.108269,-0.0,-0.0,California Desert District,,California Desert District,CAD00000,1,"CDCA Plan, as amended by DRECP",2016-09-14,2016,BLM land-use planning decision,DOI-BLM-CA-D010-2014-0001-RMP-EIS,https://www.blm.gov/programs/planning-and-nepa/plans-in-development/california/desert-renewable-energy-conservation-plan,,Current statewide source supplies one governing-plan/ROD association; earlier boundary and designation history require plan-level research.,"Natural processes, Natural systems, and Wildlife resources.",botanical_or_ecological;wildlife_and_habitat,The statewide source identifies special management attention to prevent irreparable damage to those values. Detailed restrictions and exceptions are plan-specific.,"Legal access, ownership, inholdings, and component-specific restrictions were not established from the statewide ACEC layer.",,California,,drecp,no_water_value_identified_in_statewide_source,No fish-resource relevance is coded affirmative in the statewide source; spatial hydrologic context has not been derived.,,not_verified,,statewide_source_map_only,https://www.blm.gov/programs/planning-and-nepa/plans-in-development/california/desert-renewable-energy-conservation-plan,direct_official_plan_or_project_page,https://www.blm.gov/office/california-desert-district-office,official_unit_url_candidate_not_http_validated,not_systematically_researched,not_systematically_researched,statewide_source_audit_complete_plan_level_research_partial,2026-08-05,high_source_identity_medium_semantic_history,"West Paradise is represented in the current BLM California designated-ACEC layer under CDCA Plan, as amended by DRECP. The statewide source identifies natural processes, natural systems, and wildlife resources as relevant designation categories. The statewide source identifies special management attention to prevent irreparable damage to those values. Detailed restrictions and exceptions are plan-specific. The mapped boundary is a planning-designation geometry, not an ownership or access boundary.","Detailed ACEC-specific plan pages, maps, prescriptions, land status, access, and related-designation intersections remain a documented research/overlay phase.",3,1232.108268764973,True,equivalent_within_qa_tolerance,user-supplied BRIM acec shapefile; EPSG:3310; original snapshot preserved
acec-1b6b11fb2fa3da,Western Rand Mountains,western rand mountains,,"western rand mountains|CDCA Plan, as amended by DRECP||2016-09-14|CAD00000",currently_designated_source_layer,Currently mapped as designated,ACEC,ACEC,not_verified,True,False,False,unverified,unverified,1,1,0,,not_researched,31897.508,31897.508,-0.0,-0.0,California Desert District,,California Desert District,CAD00000,1,"CDCA Plan, as amended by DRECP",2016-09-14,2016,BLM land-use planning decision,,https://www.blm.gov/programs/planning-and-nepa/plans-in-development/california,,Current statewide source supplies one governing-plan/ROD association; earlier boundary and designation history require plan-level research.,"Natural processes, Natural systems, and Wildlife resources.",botanical_or_ecological;wildlife_and_habitat,The statewide source identifies special management attention to prevent irreparable damage to those values. Detailed restrictions and exceptions are plan-specific.,"Legal access, ownership, inholdings, and component-specific restrictions were not established from the statewide ACEC layer.",,California,,drecp,no_water_value_identified_in_statewide_source,No fish-resource relevance is coded affirmative in the statewide source; spatial hydrologic context has not been derived.,,not_verified,,statewide_source_map_only,https://www.blm.gov/programs/planning-and-nepa/plans-in-development/california,official_california_plan_index_only,https://www.blm.gov/office/california-desert-district-office,official_unit_url_candidate_not_http_validated,not_systematically_researched,not_systematically_researched,statewide_source_audit_complete_plan_level_research_partial,2026-08-05,high_source_identity_medium_semantic_history,"Western Rand Mountains is represented in the current BLM California designated-ACEC layer under CDCA Plan, as amended by DRECP. The statewide source identifies natural processes, natural systems, and wildlife resources as relevant designation categories. The statewide source identifies special management attention to prevent irreparable damage to those values. Detailed restrictions and exceptions are plan-specific. The mapped boundary is a planning-designation geometry, not an ownership or access boundary.","Detailed ACEC-specific plan pages, maps, prescriptions, land status, access, and related-designation intersections remain a documented research/overlay phase.",1,31897.507999831505,True,equivalent_within_qa_tolerance,user-supplied BRIM acec shapefile; EPSG:3310; original snapshot preserved
acec-6d85a6d54632e3,Whipple Mountains,whipple mountains,,"whipple mountains|CDCA Plan, as amended by Plan 53|DOI-BLM-CA-D010-2014-0001-RMP-EIS|2016-09-14|CAD00000",currently_designated_source_layer,Currently mapped as designated,ACEC,ACEC,not_verified,True,False,False,unverified,unverified,1,1,0,,not_researched,3146.828593,3146.828593,0.0,0.0,California Desert District,,California Desert District,CAD00000,1,"CDCA Plan, as amended by Plan 53",2016-09-14,2016,BLM land-use planning decision,DOI-BLM-CA-D010-2014-0001-RMP-EIS,https://www.blm.gov/programs/planning-and-nepa/plans-in-development/california/desert-renewable-energy-conservation-plan,,Current statewide source supplies one governing-plan/ROD association; earlier boundary and designation history require plan-level research.,"Cultural resources, Historic resources, and Scenic values.",cultural_archaeological_historic;scenic,The statewide source identifies special management attention to prevent irreparable damage to those values. Detailed restrictions and exceptions are plan-specific.,"Legal access, ownership, inholdings, and component-specific restrictions were not established from the statewide ACEC layer.",,California,,drecp,no_water_value_identified_in_statewide_source,No fish-resource relevance is coded affirmative in the statewide source; spatial hydrologic context has not been derived.,,not_verified,,statewide_source_map_only,https://www.blm.gov/programs/planning-and-nepa/plans-in-development/california/desert-renewable-energy-conservation-plan,direct_official_plan_or_project_page,https://www.blm.gov/office/california-desert-district-office,official_unit_url_candidate_not_http_validated,not_systematically_researched,not_systematically_researched,statewide_source_audit_complete_plan_level_research_partial,2026-08-05,high_source_identity_medium_semantic_history,"Whipple Mountains is represented in the current BLM California designated-ACEC layer under CDCA Plan, as amended by Plan 53. The statewide source identifies cultural resources, historic resources, and scenic values as relevant designation categories. The statewide source identifies special management attention to prevent irreparable damage to those values. Detailed restrictions and exceptions are plan-specific. The mapped boundary is a planning-designation geometry, not an ownership or access boundary.","Detailed ACEC-specific plan pages, maps, prescriptions, land status, access, and related-designation intersections remain a documented research/overlay phase.",1,3146.8285933774505,True,equivalent_within_qa_tolerance,user-supplied BRIM acec shapefile; EPSG:3310; original snapshot preserved
acec-5d4bd3eb92c832,White Mountain City,white mountain city,,"white mountain city|CDCA Plan, as amended by DRECP||2016-09-14|CAD00000",currently_designated_source_layer,Currently mapped as designated,ACEC,ACEC,not_verified,True,False,False,unverified,unverified,1,1,0,,not_researched,820.304929,820.304929,-0.0,-0.0,California Desert District,,California Desert District,CAD00000,1,"CDCA Plan, as amended by DRECP",2016-09-14,2016,BLM land-use planning decision,,https://www.blm.gov/programs/planning-and-nepa/plans-in-development/california,,Current statewide source supplies one governing-plan/ROD association; earlier boundary and designation history require plan-level research.,"Cultural resources, and Historic resources.",cultural_archaeological_historic,The statewide source identifies special management attention to prevent irreparable damage to those values. Detailed restrictions and exceptions are plan-specific.,"Legal access, ownership, inholdings, and component-specific restrictions were not established from the statewide ACEC layer.",,California,,drecp,no_water_value_identified_in_statewide_source,No fish-resource relevance is coded affirmative in the statewide source; spatial hydrologic context has not been derived.,,not_verified,,statewide_source_map_only,https://www.blm.gov/programs/planning-and-nepa/plans-in-development/california,official_california_plan_index_only,https://www.blm.gov/office/california-desert-district-office,official_unit_url_candidate_not_http_validated,not_systematically_researched,not_systematically_researched,statewide_source_audit_complete_plan_level_research_partial,2026-08-05,high_source_identity_medium_semantic_history,"White Mountain City is represented in the current BLM California designated-ACEC layer under CDCA Plan, as amended by DRECP. The statewide source identifies cultural resources, and historic resources as relevant designation categories. The statewide source identifies special management attention to prevent irreparable damage to those values. Detailed restrictions and exceptions are plan-specific. The mapped boundary is a planning-designation geometry, not an ownership or access boundary.","Detailed ACEC-specific plan pages, maps, prescriptions, land status, access, and related-designation intersections remain a documented research/overlay phase.",1,820.304929020662,True,equivalent_within_qa_tolerance,user-supplied BRIM acec shapefile; EPSG:3310; original snapshot preserved
acec-75b3171ed4c960,White Mountains WSA,white mountains wsa,,"white mountains wsa|CDCA Plan, as amended by DRECP||2016-09-14|CAD00000",currently_designated_source_layer,Currently mapped as designated,ACEC,ACEC,not_verified,True,False,False,unverified,unverified,1,1,1,,not_researched,1664.789128,1664.789128,0.0,0.0,California Desert District,,California Desert District,CAD00000,1,"CDCA Plan, as amended by DRECP",2016-09-14,2016,BLM land-use planning decision,,https://www.blm.gov/programs/planning-and-nepa/plans-in-development/california,,Current statewide source supplies one governing-plan/ROD association; earlier boundary and designation history require plan-level research.,"Cultural resources, Historic resources, Natural processes, and Natural systems.",botanical_or_ecological;cultural_archaeological_historic,The statewide source identifies special management attention to prevent irreparable damage to those values. Detailed restrictions and exceptions are plan-specific.,"Legal access, ownership, inholdings, and component-specific restrictions were not established from the statewide ACEC layer.",,California,,drecp,no_water_value_identified_in_statewide_source,No fish-resource relevance is coded affirmative in the statewide source; spatial hydrologic context has not been derived.,,not_verified,,statewide_source_map_only,https://www.blm.gov/programs/planning-and-nepa/plans-in-development/california,official_california_plan_index_only,https://www.blm.gov/office/california-desert-district-office,official_unit_url_candidate_not_http_validated,not_systematically_researched,not_systematically_researched,statewide_source_audit_complete_plan_level_research_partial,2026-08-05,high_source_identity_medium_semantic_history,"White Mountains WSA is represented in the current BLM California designated-ACEC layer under CDCA Plan, as amended by DRECP. The statewide source identifies cultural resources, historic resources, natural processes, and natural systems as relevant designation categories. The statewide source identifies special management attention to prevent irreparable damage to those values. Detailed restrictions and exceptions are plan-specific. The mapped boundary is a planning-designation geometry, not an ownership or access boundary.","Detailed ACEC-specific plan pages, maps, prescriptions, land status, access, and related-designation intersections remain a documented research/overlay phase.",2,1664.7891277078625,True,equivalent_within_qa_tolerance,user-supplied BRIM acec shapefile; EPSG:3310; original snapshot preserved
acec-09fe4a5bcad4b5,Whitewater Canyon,whitewater canyon,,"whitewater canyon|CDCA Plan, as amended by DRECP||2016-09-14|CAD00000",currently_designated_source_layer,Currently mapped as designated,ACEC,ACEC,not_verified,True,False,False,unverified,unverified,1,1,0,,not_researched,16415.433728,16415.433728,-0.0,-0.0,California Desert District,,California Desert District,CAD00000,1,"CDCA Plan, as amended by DRECP",2016-09-14,2016,BLM land-use planning decision,,https://www.blm.gov/programs/planning-and-nepa/plans-in-development/california,,Current statewide source supplies one governing-plan/ROD association; earlier boundary and designation history require plan-level research.,"Cultural resources, Historic resources, Natural processes, Natural systems, Scenic values, and Wildlife resources.",botanical_or_ecological;cultural_archaeological_historic;scenic;wildlife_and_habitat,The statewide source identifies special management attention to prevent irreparable damage to those values. Detailed restrictions and exceptions are plan-specific.,"Legal access, ownership, inholdings, and component-specific restrictions were not established from the statewide ACEC layer.",,California,,drecp,no_water_value_identified_in_statewide_source,No fish-resource relevance is coded affirmative in the statewide source; spatial hydrologic context has not been derived.,,not_verified,,statewide_source_map_only,https://www.blm.gov/programs/planning-and-nepa/plans-in-development/california,official_california_plan_index_only,https://www.blm.gov/office/california-desert-district-office,official_unit_url_candidate_not_http_validated,not_systematically_researched,not_systematically_researched,statewide_source_audit_complete_plan_level_research_partial,2026-08-05,high_source_identity_medium_semantic_history,"Whitewater Canyon is represented in the current BLM California designated-ACEC layer under CDCA Plan, as amended by DRECP. The statewide source identifies cultural resources, historic resources, natural processes, natural systems, scenic values, and wildlife resources as relevant designation categories. The statewide source identifies special management attention to prevent irreparable damage to those values. Detailed restrictions and exceptions are plan-specific. The mapped boundary is a planning-designation geometry, not an ownership or access boundary.","Detailed ACEC-specific plan pages, maps, prescriptions, land status, access, and related-designation intersections remain a documented research/overlay phase.",1,16415.433727864907,True,equivalent_within_qa_tolerance,user-supplied BRIM acec shapefile; EPSG:3310; original snapshot preserved
acec-0b0d388308cb98,Willis Ridge,willis ridge,,willis ridge|Northwest California Integrated Plan|DOI-BLM-CA-N060-2021-0012-RMP-EIS|2024-11-06|CAN03000,currently_designated_source_layer,Currently mapped as designated,ACEC,ACEC,not_verified,True,False,False,unverified,unverified,1,1,0,,not_researched,3188.11104,3188.11104,-0.0,-0.0,Northern California District,Arcata Field Office,Arcata Field Office,CAN03000,1,Northwest California Integrated Plan,2024-11-06,2024,BLM land-use planning decision,DOI-BLM-CA-N060-2021-0012-RMP-EIS,https://www.blm.gov/programs/planning-and-nepa/plans-in-development/california/northwest-california-integrated-rmp,,Current statewide source supplies one governing-plan/ROD association; earlier boundary and designation history require plan-level research.,"Cultural resources, Fish or aquatic resources, Historic resources, Natural hazards or public safety, Natural processes, Natural systems, and Wildlife resources.",botanical_or_ecological;cultural_archaeological_historic;other_or_unresolved;water_aquatic;wildlife_and_habitat,The statewide source identifies special management attention to protect identified relevant and important values and prevent irreparable damage to those values. Detailed restrictions and exceptions are plan-specific.,"Legal access, ownership, inholdings, and component-specific restrictions were not established from the statewide ACEC layer.",,California,,northwest_california_integrated_plan,documented_designation_value,The statewide source identifies fish-resource relevance.,,not_verified,,statewide_source_map_only,https://www.blm.gov/programs/planning-and-nepa/plans-in-development/california/northwest-california-integrated-rmp,direct_official_plan_or_project_page,https://www.blm.gov/office/arcata-field-office,official_unit_url_candidate_not_http_validated,not_systematically_researched,not_systematically_researched,statewide_source_audit_complete_plan_level_research_partial,2026-08-05,high_source_identity_medium_semantic_history,"Willis Ridge is represented in the current BLM California designated-ACEC layer under Northwest California Integrated Plan. The statewide source identifies cultural resources, fish or aquatic resources, historic resources, natural hazards or public safety, natural processes, natural systems, and wildlife resources as relevant designation categories. The statewide source identifies special management attention to protect identified relevant and important values and prevent irreparable damage to those values. Detailed restrictions and exceptions are plan-specific. The mapped boundary is a planning-designation geometry, not an ownership or access boundary.","Detailed ACEC-specific plan pages, maps, prescriptions, land status, access, and related-designation intersections remain a documented research/overlay phase.",1,3188.1110400031816,True,equivalent_within_qa_tolerance,user-supplied BRIM acec shapefile; EPSG:3310; original snapshot preserved
acec-460f0c52cecfed,Willow Creek,willow creek,,willow creek|Eagle Lake|DOI-BLM-CA-N050-2008-0002-RMP-EIS|2008-04-17|CAN05000,currently_designated_source_layer,Currently mapped as designated,ACEC,ACEC,not_verified,True,False,False,unverified,unverified,1,1,1,,not_researched,2143.345368,2143.345368,-0.0,-0.0,Northern California District,Eagle Lake Field Office,Eagle Lake Field Office,CAN05000,1,Eagle Lake,2008-04-17,2008,BLM land-use planning decision,DOI-BLM-CA-N050-2008-0002-RMP-EIS,https://eplanning.blm.gov/eplanning-ui/project/69341/510,,Current statewide source supplies one governing-plan/ROD association; earlier boundary and designation history require plan-level research.,"Cultural resources, Fish or aquatic resources, Historic resources, Natural systems, Scenic values, and Wildlife resources.",botanical_or_ecological;cultural_archaeological_historic;scenic;water_aquatic;wildlife_and_habitat,The statewide source identifies special management attention to protect identified relevant and important values. Detailed restrictions and exceptions are plan-specific.,"Legal access, ownership, inholdings, and component-specific restrictions were not established from the statewide ACEC layer.",,California,,northern_california_other_plan,documented_designation_value,The statewide source identifies fish-resource relevance.,,not_verified,,statewide_source_map_only,https://eplanning.blm.gov/eplanning-ui/project/69341/510,direct_official_plan_or_project_page,https://www.blm.gov/office/eagle-lake-field-office,official_unit_url_candidate_not_http_validated,not_systematically_researched,not_systematically_researched,statewide_source_audit_complete_plan_level_research_partial,2026-08-05,high_source_identity_medium_semantic_history,"Willow Creek is represented in the current BLM California designated-ACEC layer under Eagle Lake. The statewide source identifies cultural resources, fish or aquatic resources, historic resources, natural systems, scenic values, and wildlife resources as relevant designation categories. The statewide source identifies special management attention to protect identified relevant and important values. Detailed restrictions and exceptions are plan-specific. The mapped boundary is a planning-designation geometry, not an ownership or access boundary.","Detailed ACEC-specific plan pages, maps, prescriptions, land status, access, and related-designation intersections remain a documented research/overlay phase.",5,2143.3453683238654,True,equivalent_within_qa_tolerance,user-supplied BRIM acec shapefile; EPSG:3310; original snapshot preserved
acec-de56c514e59197,Yankee Jim,yankee jim,,yankee jim|Alturas|DOI-BLM-CA-N020-2008-0001-RMP-EIS|2008-04-17|CAN02000,currently_designated_source_layer,Currently mapped as designated,ACEC,ACEC,not_verified,True,False,False,unverified,unverified,1,1,0,,not_researched,1726.109322,1726.109322,0.0,0.0,Northern California District,Applegate Field Office,Applegate Field Office,CAN02000,1,Alturas,2008-04-17,2008,BLM land-use planning decision,DOI-BLM-CA-N020-2008-0001-RMP-EIS,https://eplanning.blm.gov/Project-Home/?id=e567a393-a7f2-f011-8407-001dd80c29f3,,Current statewide source supplies one governing-plan/ROD association; earlier boundary and designation history require plan-level research.,"Cultural resources, Fish or aquatic resources, Historic resources, Natural processes, Natural systems, Scenic values, and Wildlife resources.",botanical_or_ecological;cultural_archaeological_historic;scenic;water_aquatic;wildlife_and_habitat,The statewide source identifies special management attention to prevent irreparable damage to those values. Detailed restrictions and exceptions are plan-specific.,"Legal access, ownership, inholdings, and component-specific restrictions were not established from the statewide ACEC layer.",,California,,northern_california_other_plan,documented_designation_value,The statewide source identifies fish-resource relevance.,,not_verified,,statewide_source_map_only,https://eplanning.blm.gov/Project-Home/?id=e567a393-a7f2-f011-8407-001dd80c29f3,direct_official_plan_or_project_page,https://www.blm.gov/office/applegate-field-office,official_unit_url_candidate_not_http_validated,not_systematically_researched,not_systematically_researched,statewide_source_audit_complete_plan_level_research_partial,2026-08-05,high_source_identity_medium_semantic_history,"Yankee Jim is represented in the current BLM California designated-ACEC layer under Alturas. The statewide source identifies cultural resources, fish or aquatic resources, historic resources, natural processes, natural systems, scenic values, and wildlife resources as relevant designation categories. The statewide source identifies special management attention to prevent irreparable damage to those values. Detailed restrictions and exceptions are plan-specific. The mapped boundary is a planning-designation geometry, not an ownership or access boundary.","Detailed ACEC-specific plan pages, maps, prescriptions, land status, access, and related-designation intersections remain a documented research/overlay phase.",1,1726.10932177614,True,equivalent_within_qa_tolerance,user-supplied BRIM acec shapefile; EPSG:3310; original snapshot preserved
acec-9b03a4735ae0c5,Yuha Basin,yuha basin,,"yuha basin|CDCA Plan, as amended, DRECP amendment|DOI-BLM-CA-D010-1980-0001-RMP-EIS|1980-12-12|CAD00000",currently_designated_source_layer,Currently mapped as designated,ACEC,ACEC,not_verified,True,False,False,unverified,unverified,1,1,0,,not_researched,81579.449361,81579.449361,-0.0,-0.0,California Desert District,,California Desert District,CAD00000,1,"CDCA Plan, as amended, DRECP amendment",1980-12-12,1980,BLM land-use planning decision,DOI-BLM-CA-D010-1980-0001-RMP-EIS,https://eplanning.blm.gov/eplanning-ui/project/66949/510,,Current statewide source supplies one governing-plan/ROD association; earlier boundary and designation history require plan-level research.,"Cultural resources, Historic resources, Natural processes, Natural systems, and Wildlife resources.",botanical_or_ecological;cultural_archaeological_historic;wildlife_and_habitat,The statewide source identifies special management attention to prevent irreparable damage to those values. Detailed restrictions and exceptions are plan-specific.,"Legal access, ownership, inholdings, and component-specific restrictions were not established from the statewide ACEC layer.",,California,,drecp,no_water_value_identified_in_statewide_source,No fish-resource relevance is coded affirmative in the statewide source; spatial hydrologic context has not been derived.,,not_verified,,statewide_source_map_only,https://eplanning.blm.gov/eplanning-ui/project/66949/510,direct_official_plan_or_project_page,https://www.blm.gov/office/california-desert-district-office,official_unit_url_candidate_not_http_validated,not_systematically_researched,not_systematically_researched,statewide_source_audit_complete_plan_level_research_partial,2026-08-05,high_source_identity_medium_semantic_history,"Yuha Basin is represented in the current BLM California designated-ACEC layer under CDCA Plan, as amended, DRECP amendment. The statewide source identifies cultural resources, historic resources, natural processes, natural systems, and wildlife resources as relevant designation categories. The statewide source identifies special management attention to prevent irreparable damage to those values. Detailed restrictions and exceptions are plan-specific. The mapped boundary is a planning-designation geometry, not an ownership or access boundary.","Detailed ACEC-specific plan pages, maps, prescriptions, land status, access, and related-designation intersections remain a documented research/overlay phase.",1,81579.44936069156,True,equivalent_within_qa_tolerance,user-supplied BRIM acec shapefile; EPSG:3310; original snapshot preserved
