acec_id,component_id,planning_action_id,planning_action_type,planning_action_title,planning_action_date,planning_action_status,planning_action_effect,prior_status,resulting_status,boundary_effect,acreage_before,acreage_after,document_id,document_title,document_url,document_page,eplanning_project_id,eplanning_project_url,source_agency,last_verified,confidence,notes
acec-2f049d343b6beb,blmca-4361352e-8ad0-4e17-8819-a66cbe28099b,plan-action-81b6c73dcbdb,governing_land_use_plan_or_amendment,"CDCA Plan, as amended by DRECP",2016-09-14,current_source_association,source identifies ACEC under this planning decision,unresolved,designated,unresolved_without_historical_geometry,,,doc-7de636074288,"CDCA Plan, as amended by DRECP",https://www.blm.gov/programs/planning-and-nepa/plans-in-development/california/desert-renewable-energy-conservation-plan,,DOI-BLM-CA-D010-2014-0001-RMP-EIS,,Bureau of Land Management,2026-08-05,high_source_association; current/supersession review partial,Earlier designation history and later component-level amendments were not systematically extracted.
acec-c0fa64746ffb35,blmca-33ea03d1-a477-4b15-9750-67ffd176ef32,plan-action-a0e1c4192306,governing_land_use_plan_or_amendment,"CDCA Plan, as amended by amendment #8",2016-09-14,current_source_association,source identifies ACEC under this planning decision,unresolved,designated,unresolved_without_historical_geometry,,,doc-f2176bc9b0d9,"CDCA Plan, as amended by amendment #8",https://www.blm.gov/programs/planning-and-nepa/plans-in-development/california,,,,Bureau of Land Management,2026-08-05,high_source_association; current/supersession review partial,Earlier designation history and later component-level amendments were not systematically extracted.
acec-19355b869d75a5,blmca-006bce6f-aff5-4f0c-a926-e4de1bfd5b8f,plan-action-0d79d6899137,governing_land_use_plan_or_amendment,"CDCA Plan, as amended by DRECP",2016-09-14,current_source_association,source identifies ACEC under this planning decision,unresolved,designated,unresolved_without_historical_geometry,,,doc-7de636074288,"CDCA Plan, as amended by DRECP",https://www.blm.gov/programs/planning-and-nepa/plans-in-development/california/desert-renewable-energy-conservation-plan,,DOI-BLM-CA-D010-2014-0001-RMP-EIS,,Bureau of Land Management,2026-08-05,high_source_association; current/supersession review partial,Earlier designation history and later component-level amendments were not systematically extracted.
acec-4e6db7be3808b1,blmca-b200860b-b4ad-40ef-be15-c2a745bb33e2,plan-action-0faf46f701b6,governing_land_use_plan_or_amendment,"CDCA Plan, as amended by DRECP",2016-09-14,current_source_association,source identifies ACEC under this planning decision,unresolved,designated,unresolved_without_historical_geometry,,,doc-7de636074288,"CDCA Plan, as amended by DRECP",https://www.blm.gov/programs/planning-and-nepa/plans-in-development/california/desert-renewable-energy-conservation-plan,,DOI-BLM-CA-D010-2014-0001-RMP-EIS,,Bureau of Land Management,2026-08-05,high_source_association; current/supersession review partial,Earlier designation history and later component-level amendments were not systematically extracted.
acec-ef280204ec7b96,blmca-79903eaf-ce9e-4fb6-949b-ddde809945a4,plan-action-7978706d6578,governing_land_use_plan_or_amendment,CDCA Plan,2016-09-14,current_source_association,source identifies ACEC under this planning decision,unresolved,designated,unresolved_without_historical_geometry,,,doc-bd13b35a93d3,CDCA Plan,https://www.blm.gov/programs/planning-and-nepa/plans-in-development/california/desert-renewable-energy-conservation-plan,,DOI-BLM-CA-D010-2014-0001-RMP-EIS,,Bureau of Land Management,2026-08-05,high_source_association; current/supersession review partial,Earlier designation history and later component-level amendments were not systematically extracted.
acec-2f8b0003630f1d,blmca-ac3f4a95-d2c8-4310-8dd9-efc484933064,plan-action-a3fa466b71c4,governing_land_use_plan_or_amendment,Bakersfield Resource Management Plan,2014-12-22,current_source_association,source identifies ACEC under this planning decision,unresolved,designated,unresolved_without_historical_geometry,,,doc-69af73445cb2,Bakersfield Resource Management Plan,https://eplanning.blm.gov/Project-Home/?id=77b9ea95-a7f2-f011-8406-001dd802fdea,,DOI-BLM-CA-C060-2014-0001-RMP-EIS,https://eplanning.blm.gov/Project-Home/?id=77b9ea95-a7f2-f011-8406-001dd802fdea,Bureau of Land Management,2026-08-05,high_source_association; current/supersession review partial,Earlier designation history and later component-level amendments were not systematically extracted.
acec-a9da4ed4f3157a,blmca-313b320c-6c4c-437f-a307-eec9ce706511,plan-action-f12d29380971,governing_land_use_plan_or_amendment,Bakersfield Resource Management Plan,2014-12-22,current_source_association,source identifies ACEC under this planning decision,unresolved,designated,unresolved_without_historical_geometry,,,doc-69af73445cb2,Bakersfield Resource Management Plan,https://eplanning.blm.gov/Project-Home/?id=77b9ea95-a7f2-f011-8406-001dd802fdea,,DOI-BLM-CA-C060-2014-0001-RMP-EIS,https://eplanning.blm.gov/Project-Home/?id=77b9ea95-a7f2-f011-8406-001dd802fdea,Bureau of Land Management,2026-08-05,high_source_association; current/supersession review partial,Earlier designation history and later component-level amendments were not systematically extracted.
acec-b9e89555f6b9bd,blmca-8ae22b62-d8f3-4bcc-9a89-563ffe86b5a6,plan-action-e6a409131ed9,governing_land_use_plan_or_amendment,Bakersfield Resource Management Plan,2014-12-22,current_source_association,source identifies ACEC under this planning decision,unresolved,designated,unresolved_without_historical_geometry,,,doc-69af73445cb2,Bakersfield Resource Management Plan,https://eplanning.blm.gov/Project-Home/?id=77b9ea95-a7f2-f011-8406-001dd802fdea,,DOI-BLM-CA-C060-2014-0001-RMP-EIS,https://eplanning.blm.gov/Project-Home/?id=77b9ea95-a7f2-f011-8406-001dd802fdea,Bureau of Land Management,2026-08-05,high_source_association; current/supersession review partial,Earlier designation history and later component-level amendments were not systematically extracted.
acec-c06f4dd9f79c23,blmca-294f3a94-7777-435b-a5a0-edc0b48a70c3,plan-action-91f19302a0b9,governing_land_use_plan_or_amendment,Alturas,2008-04-17,current_source_association,source identifies ACEC under this planning decision,unresolved,designated,unresolved_without_historical_geometry,,,doc-5385a2606b1c,Alturas,https://eplanning.blm.gov/Project-Home/?id=e567a393-a7f2-f011-8407-001dd80c29f3,,DOI-BLM-CA-N020-2008-0001-RMP-EIS,https://eplanning.blm.gov/Project-Home/?id=e567a393-a7f2-f011-8407-001dd80c29f3,Bureau of Land Management,2026-08-05,high_source_association; current/supersession review partial,Earlier designation history and later component-level amendments were not systematically extracted.
acec-561918c93985ab,blmca-ded6d452-a8be-4197-bd79-540780472af3,plan-action-7dd990578c0a,governing_land_use_plan_or_amendment,"CDCA Plan, as amended by DRECP",2016-09-14,current_source_association,source identifies ACEC under this planning decision,unresolved,designated,unresolved_without_historical_geometry,,,doc-c128ae117c38,"CDCA Plan, as amended by DRECP",https://www.blm.gov/programs/planning-and-nepa/plans-in-development/california,,,,Bureau of Land Management,2026-08-05,high_source_association; current/supersession review partial,Earlier designation history and later component-level amendments were not systematically extracted.
acec-93b33768f0933f,blmca-21d2afa6-309a-48f9-9ba8-fde38b733eed,plan-action-5a8cf081140b,governing_land_use_plan_or_amendment,"CDCA Plan, as amended by DRECP",2016-09-14,current_source_association,source identifies ACEC under this planning decision,unresolved,designated,unresolved_without_historical_geometry,,,doc-c128ae117c38,"CDCA Plan, as amended by DRECP",https://www.blm.gov/programs/planning-and-nepa/plans-in-development/california,,,,Bureau of Land Management,2026-08-05,high_source_association; current/supersession review partial,Earlier designation history and later component-level amendments were not systematically extracted.
acec-68fcb84cbd80e5,blmca-004f9633-cc03-4c13-a059-11084e765024,plan-action-d38c949f50f5,governing_land_use_plan_or_amendment,Sierra,2008-02-01,current_source_association,source identifies ACEC under this planning decision,unresolved,designated,unresolved_without_historical_geometry,,,doc-d38aebf70b2e,Sierra,https://eplanning.blm.gov/eplanning-ui/project/72554/510,,DOI-BLM-CA-C080-2007-0001-RMP-EIS,https://eplanning.blm.gov/eplanning-ui/project/72554/510,Bureau of Land Management,2026-08-05,high_source_association; current/supersession review partial,Earlier designation history and later component-level amendments were not systematically extracted.
acec-7ecf54790be880,blmca-8834992e-c026-4bd7-b422-9d8e5ae54a22,plan-action-4dfdd71d4df3,governing_land_use_plan_or_amendment,"CDCA Plan, as amended by DRECP",2016-09-14,current_source_association,source identifies ACEC under this planning decision,unresolved,designated,unresolved_without_historical_geometry,,,doc-7de636074288,"CDCA Plan, as amended by DRECP",https://www.blm.gov/programs/planning-and-nepa/plans-in-development/california/desert-renewable-energy-conservation-plan,,DOI-BLM-CA-D010-2014-0001-RMP-EIS,,Bureau of Land Management,2026-08-05,high_source_association; current/supersession review partial,Earlier designation history and later component-level amendments were not systematically extracted.
acec-f4fe1725df2d38,blmca-4bf8c41e-8c38-4d5f-8053-d738e1fc1d21,plan-action-4db8d0793c67,governing_land_use_plan_or_amendment,"CDCA Plan, as amended by DRECP",2016-09-14,current_source_association,source identifies ACEC under this planning decision,unresolved,designated,unresolved_without_historical_geometry,,,doc-c128ae117c38,"CDCA Plan, as amended by DRECP",https://www.blm.gov/programs/planning-and-nepa/plans-in-development/california,,,,Bureau of Land Management,2026-08-05,high_source_association; current/supersession review partial,Earlier designation history and later component-level amendments were not systematically extracted.
acec-0f1980c7239423,blmca-6a114bb8-8c39-4500-a529-ad40519d73d8,plan-action-96224f714c3e,governing_land_use_plan_or_amendment,Northwest California Integrated Plan,2024-11-06,current_source_association,source identifies ACEC under this planning decision,unresolved,designated,unresolved_without_historical_geometry,,,doc-930a7cb4ff0a,Northwest California Integrated Plan,https://www.blm.gov/programs/planning-and-nepa/plans-in-development/california/northwest-california-integrated-rmp,,DOI-BLM-CA-N060-2021-0012-RMP-EIS,,Bureau of Land Management,2026-08-05,high_source_association; current/supersession review partial,Earlier designation history and later component-level amendments were not systematically extracted.
acec-a13d189a605166,blmca-e2b2c3ef-cceb-4b97-82db-180fb3aedc20,plan-action-92e70911e251,governing_land_use_plan_or_amendment,"CDCA Plan, as amended by DRECP",2016-09-14,current_source_association,source identifies ACEC under this planning decision,unresolved,designated,unresolved_without_historical_geometry,,,doc-7de636074288,"CDCA Plan, as amended by DRECP",https://www.blm.gov/programs/planning-and-nepa/plans-in-development/california/desert-renewable-energy-conservation-plan,,DOI-BLM-CA-D010-2014-0001-RMP-EIS,,Bureau of Land Management,2026-08-05,high_source_association; current/supersession review partial,Earlier designation history and later component-level amendments were not systematically extracted.
acec-33bf7ea8bb1f42,blmca-e7210ae8-ea7f-425a-92ec-3267b80c08c9,plan-action-9a599b2e897d,governing_land_use_plan_or_amendment,"CDCA Plan, as amended by DRECP",2016-09-14,current_source_association,source identifies ACEC under this planning decision,unresolved,designated,unresolved_without_historical_geometry,,,doc-7de636074288,"CDCA Plan, as amended by DRECP",https://www.blm.gov/programs/planning-and-nepa/plans-in-development/california/desert-renewable-energy-conservation-plan,,DOI-BLM-CA-D010-2014-0001-RMP-EIS,,Bureau of Land Management,2026-08-05,high_source_association; current/supersession review partial,Earlier designation history and later component-level amendments were not systematically extracted.
acec-f360b0cdf8ad6b,blmca-ec11ea2b-364d-426d-9147-3882e771ffc5,plan-action-34a25d19b7ab,governing_land_use_plan_or_amendment,"CDCA Plan, as amended by DRECP",2016-09-14,current_source_association,source identifies ACEC under this planning decision,unresolved,designated,unresolved_without_historical_geometry,,,doc-c128ae117c38,"CDCA Plan, as amended by DRECP",https://www.blm.gov/programs/planning-and-nepa/plans-in-development/california,,,,Bureau of Land Management,2026-08-05,high_source_association; current/supersession review partial,Earlier designation history and later component-level amendments were not systematically extracted.
acec-177cabde2d30a6,blmca-0199a4bc-06c5-4ec4-9219-78cbc2da8d2f,plan-action-6f69069380d6,governing_land_use_plan_or_amendment,"CDCA Plan, as amended by DRECP",2016-09-14,current_source_association,source identifies ACEC under this planning decision,unresolved,designated,unresolved_without_historical_geometry,,,doc-7de636074288,"CDCA Plan, as amended by DRECP",https://www.blm.gov/programs/planning-and-nepa/plans-in-development/california/desert-renewable-energy-conservation-plan,,DOI-BLM-CA-D010-2014-0001-RMP-EIS,,Bureau of Land Management,2026-08-05,high_source_association; current/supersession review partial,Earlier designation history and later component-level amendments were not systematically extracted.
acec-a6554e12b6c54d,blmca-c4a21cbc-e616-4202-95d3-2c4777cb7c12,plan-action-b5edc4e0c901,governing_land_use_plan_or_amendment,Surprise,2008-04-17,current_source_association,source identifies ACEC under this planning decision,unresolved,designated,unresolved_without_historical_geometry,,,doc-f01e6bb58377,Surprise,https://eplanning.blm.gov/eplanning-ui/project/65663/510,,DOI-BLM-CA-N020-2008-0002-RMP-EIS,https://eplanning.blm.gov/eplanning-ui/project/65663/510,Bureau of Land Management,2026-08-05,high_source_association; current/supersession review partial,Earlier designation history and later component-level amendments were not systematically extracted.
acec-c2ede1fbe96ae9,blmca-cc6ae37d-e995-4567-8868-d80bd592dec7,plan-action-93ebf72a4f6e,governing_land_use_plan_or_amendment,Bakersfield Resource Management Plan,2014-12-22,current_source_association,source identifies ACEC under this planning decision,unresolved,designated,unresolved_without_historical_geometry,,,doc-69af73445cb2,Bakersfield Resource Management Plan,https://eplanning.blm.gov/Project-Home/?id=77b9ea95-a7f2-f011-8406-001dd802fdea,,DOI-BLM-CA-C060-2014-0001-RMP-EIS,https://eplanning.blm.gov/Project-Home/?id=77b9ea95-a7f2-f011-8406-001dd802fdea,Bureau of Land Management,2026-08-05,high_source_association; current/supersession review partial,Earlier designation history and later component-level amendments were not systematically extracted.
acec-00193cda945bde,blmca-b6f5cb49-4dd6-41d2-8452-f579a21b4945,plan-action-623fa67ae365,governing_land_use_plan_or_amendment,Ukiah,2006-09-25,current_source_association,source identifies ACEC under this planning decision,unresolved,designated,unresolved_without_historical_geometry,,,doc-8bc39ada015a,Ukiah,https://www.blm.gov/programs/planning-and-nepa/plans-in-development/california,,DOI-BLM-CA-C050-2006-0001-RMP-EIS,,Bureau of Land Management,2026-08-05,high_source_association; current/supersession review partial,Earlier designation history and later component-level amendments were not systematically extracted.
acec-7869140086b800,blmca-3291e9c6-deca-465a-9de0-99c6b3db641a,plan-action-428156e1ee47,governing_land_use_plan_or_amendment,"CDCA Plan, as amended by DRECP",2016-09-14,current_source_association,source identifies ACEC under this planning decision,unresolved,designated,unresolved_without_historical_geometry,,,doc-7de636074288,"CDCA Plan, as amended by DRECP",https://www.blm.gov/programs/planning-and-nepa/plans-in-development/california/desert-renewable-energy-conservation-plan,,DOI-BLM-CA-D010-2014-0001-RMP-EIS,,Bureau of Land Management,2026-08-05,high_source_association; current/supersession review partial,Earlier designation history and later component-level amendments were not systematically extracted.
acec-2ab872f3c0b997,blmca-22ef2d86-2773-40f6-b898-548be1757679,plan-action-0c9e679376ca,governing_land_use_plan_or_amendment,Northwest California Integrated Plan,2024-11-06,current_source_association,source identifies ACEC under this planning decision,unresolved,designated,unresolved_without_historical_geometry,,,doc-930a7cb4ff0a,Northwest California Integrated Plan,https://www.blm.gov/programs/planning-and-nepa/plans-in-development/california/northwest-california-integrated-rmp,,DOI-BLM-CA-N060-2021-0012-RMP-EIS,,Bureau of Land Management,2026-08-05,high_source_association; current/supersession review partial,Earlier designation history and later component-level amendments were not systematically extracted.
acec-d5bb49931e8ca7,blmca-96d04fbc-7edb-4b8d-94cf-338e751283e3,plan-action-ffc7545540f9,governing_land_use_plan_or_amendment,Bakersfield Resource Management Plan,2014-12-22,current_source_association,source identifies ACEC under this planning decision,unresolved,designated,unresolved_without_historical_geometry,,,doc-69af73445cb2,Bakersfield Resource Management Plan,https://eplanning.blm.gov/Project-Home/?id=77b9ea95-a7f2-f011-8406-001dd802fdea,,DOI-BLM-CA-C060-2014-0001-RMP-EIS,https://eplanning.blm.gov/Project-Home/?id=77b9ea95-a7f2-f011-8406-001dd802fdea,Bureau of Land Management,2026-08-05,high_source_association; current/supersession review partial,Earlier designation history and later component-level amendments were not systematically extracted.
acec-03567a718268db,blmca-a6128b6a-c90a-4e5a-926c-c5fba76a4286,plan-action-f966f90aa979,governing_land_use_plan_or_amendment,Bishop,1993-03-26,current_source_association,source identifies ACEC under this planning decision,unresolved,designated,unresolved_without_historical_geometry,,,doc-cc78e2d66311,Bishop,https://eplanning.blm.gov/Project-Home/?id=dd68a393-a7f2-f011-8407-001dd80c29f3,,DOI-BLM-CA-C070-1993-0001-RPM-EIS,https://eplanning.blm.gov/Project-Home/?id=dd68a393-a7f2-f011-8407-001dd80c29f3,Bureau of Land Management,2026-08-05,high_source_association; current/supersession review partial,Earlier designation history and later component-level amendments were not systematically extracted.
acec-ba901b38eac683,blmca-64021756-2be6-4da1-9589-012bff705bd5,plan-action-025edd4796f0,governing_land_use_plan_or_amendment,"CDCA Plan, as amended by DRECP",2016-09-14,current_source_association,source identifies ACEC under this planning decision,unresolved,designated,unresolved_without_historical_geometry,,,doc-7de636074288,"CDCA Plan, as amended by DRECP",https://www.blm.gov/programs/planning-and-nepa/plans-in-development/california/desert-renewable-energy-conservation-plan,,DOI-BLM-CA-D010-2014-0001-RMP-EIS,,Bureau of Land Management,2026-08-05,high_source_association; current/supersession review partial,Earlier designation history and later component-level amendments were not systematically extracted.
acec-f37bb01a4504d9,blmca-eca38b15-0f0c-4a25-8a52-951b785e96a8,plan-action-198fffb79582,governing_land_use_plan_or_amendment,"CDCA Plan, as amended by DRECP",2016-09-14,current_source_association,source identifies ACEC under this planning decision,unresolved,designated,unresolved_without_historical_geometry,,,doc-7de636074288,"CDCA Plan, as amended by DRECP",https://www.blm.gov/programs/planning-and-nepa/plans-in-development/california/desert-renewable-energy-conservation-plan,,DOI-BLM-CA-D010-2014-0001-RMP-EIS,,Bureau of Land Management,2026-08-05,high_source_association; current/supersession review partial,Earlier designation history and later component-level amendments were not systematically extracted.
acec-3381f3f57cca46,blmca-ec73c69e-eec8-4502-beeb-dce71f0cb038,plan-action-d4c6bc60cee0,governing_land_use_plan_or_amendment,Eagle Lake,2008-04-17,current_source_association,source identifies ACEC under this planning decision,unresolved,designated,unresolved_without_historical_geometry,,,doc-5a0f56bb2426,Eagle Lake,https://eplanning.blm.gov/eplanning-ui/project/69341/510,,DOI-BLM-CA-N050-2008-0002-RMP-EIS,https://eplanning.blm.gov/eplanning-ui/project/69341/510,Bureau of Land Management,2026-08-05,high_source_association; current/supersession review partial,Earlier designation history and later component-level amendments were not systematically extracted.
acec-1cf1a1ebf233c7,blmca-89dcaaad-6ef5-4925-94d1-8bf24a92c70c,plan-action-e64b53200c8d,governing_land_use_plan_or_amendment,Northwest California Integrated Plan,2024-11-06,current_source_association,source identifies ACEC under this planning decision,unresolved,designated,unresolved_without_historical_geometry,,,doc-930a7cb4ff0a,Northwest California Integrated Plan,https://www.blm.gov/programs/planning-and-nepa/plans-in-development/california/northwest-california-integrated-rmp,,DOI-BLM-CA-N060-2021-0012-RMP-EIS,,Bureau of Land Management,2026-08-05,high_source_association; current/supersession review partial,Earlier designation history and later component-level amendments were not systematically extracted.
acec-a09cae5f49457b,blmca-595231bb-3e0a-4b70-a73a-c95f798a97f3,plan-action-481dc88e3f98,governing_land_use_plan_or_amendment,Ukiah,2006-09-25,current_source_association,source identifies ACEC under this planning decision,unresolved,designated,unresolved_without_historical_geometry,,,doc-8bc39ada015a,Ukiah,https://www.blm.gov/programs/planning-and-nepa/plans-in-development/california,,DOI-BLM-CA-C050-2006-0001-RMP-EIS,,Bureau of Land Management,2026-08-05,high_source_association; current/supersession review partial,Earlier designation history and later component-level amendments were not systematically extracted.
acec-0a081bfa7bfd65,blmca-ad5bb712-0cb9-4c2b-9988-8f6e36a24723,plan-action-249a83aff284,governing_land_use_plan_or_amendment,"CDCA Plan, as amended by DRECP",2016-09-14,current_source_association,source identifies ACEC under this planning decision,unresolved,designated,unresolved_without_historical_geometry,,,doc-7de636074288,"CDCA Plan, as amended by DRECP",https://www.blm.gov/programs/planning-and-nepa/plans-in-development/california/desert-renewable-energy-conservation-plan,,DOI-BLM-CA-D010-2014-0001-RMP-EIS,,Bureau of Land Management,2026-08-05,high_source_association; current/supersession review partial,Earlier designation history and later component-level amendments were not systematically extracted.
acec-a639e3210a97b6,blmca-33ceeeea-0624-4aed-8641-01b0a3576e12,plan-action-99007685e12e,governing_land_use_plan_or_amendment,"CDCA Plan, as amended by DRECP",2016-09-14,current_source_association,source identifies ACEC under this planning decision,unresolved,designated,unresolved_without_historical_geometry,,,doc-7de636074288,"CDCA Plan, as amended by DRECP",https://www.blm.gov/programs/planning-and-nepa/plans-in-development/california/desert-renewable-energy-conservation-plan,,DOI-BLM-CA-D010-2014-0001-RMP-EIS,,Bureau of Land Management,2026-08-05,high_source_association; current/supersession review partial,Earlier designation history and later component-level amendments were not systematically extracted.
acec-3c786027a440fe,blmca-21a957ac-bf71-4b02-8777-8545547f950a,plan-action-9e15b8ba5638,governing_land_use_plan_or_amendment,"CDCA Plan, as amended by DRECP",2016-09-14,current_source_association,source identifies ACEC under this planning decision,unresolved,designated,unresolved_without_historical_geometry,,,doc-7de636074288,"CDCA Plan, as amended by DRECP",https://www.blm.gov/programs/planning-and-nepa/plans-in-development/california/desert-renewable-energy-conservation-plan,,DOI-BLM-CA-D010-2014-0001-RMP-EIS,,Bureau of Land Management,2026-08-05,high_source_association; current/supersession review partial,Earlier designation history and later component-level amendments were not systematically extracted.
acec-49ae8a9483cae3,blmca-54e6999f-d6d1-4eb8-8774-0b9221ed2a17,plan-action-410a3aa21f48,governing_land_use_plan_or_amendment,"CDCA Plan, as amended by DRECP",2016-09-14,current_source_association,source identifies ACEC under this planning decision,unresolved,designated,unresolved_without_historical_geometry,,,doc-7de636074288,"CDCA Plan, as amended by DRECP",https://www.blm.gov/programs/planning-and-nepa/plans-in-development/california/desert-renewable-energy-conservation-plan,,DOI-BLM-CA-D010-2014-0001-RMP-EIS,,Bureau of Land Management,2026-08-05,high_source_association; current/supersession review partial,Earlier designation history and later component-level amendments were not systematically extracted.
acec-0ad4c72e6ddd32,blmca-0e4968e5-91b4-4582-9641-da91c9d0b902,plan-action-512fc742a05b,governing_land_use_plan_or_amendment,"CDCA Plan, as amended by DRECP",2016-09-14,current_source_association,source identifies ACEC under this planning decision,unresolved,designated,unresolved_without_historical_geometry,,,doc-7de636074288,"CDCA Plan, as amended by DRECP",https://www.blm.gov/programs/planning-and-nepa/plans-in-development/california/desert-renewable-energy-conservation-plan,,DOI-BLM-CA-D010-2014-0001-RMP-EIS,,Bureau of Land Management,2026-08-05,high_source_association; current/supersession review partial,Earlier designation history and later component-level amendments were not systematically extracted.
acec-f680b1c98dcff6,blmca-64278c24-e614-42e4-bfb3-27f0d82aaa8d,plan-action-18529f0f3447,governing_land_use_plan_or_amendment,South Coast,1994-05-26,current_source_association,source identifies ACEC under this planning decision,unresolved,designated,unresolved_without_historical_geometry,,,doc-3d53c357b064,South Coast,https://www.blm.gov/programs/planning-and-nepa/plans-in-development/california,,,,Bureau of Land Management,2026-08-05,high_source_association; current/supersession review partial,Earlier designation history and later component-level amendments were not systematically extracted.
acec-e5890cac99d9d9,blmca-f00ee16f-b475-4372-8d15-bb9e7604ee96,plan-action-bf02beb7c921,governing_land_use_plan_or_amendment,Ukiah,2006-09-25,current_source_association,source identifies ACEC under this planning decision,unresolved,designated,unresolved_without_historical_geometry,,,doc-8bc39ada015a,Ukiah,https://www.blm.gov/programs/planning-and-nepa/plans-in-development/california,,DOI-BLM-CA-C050-2006-0001-RMP-EIS,,Bureau of Land Management,2026-08-05,high_source_association; current/supersession review partial,Earlier designation history and later component-level amendments were not systematically extracted.
acec-4bbef8a811db7d,blmca-dfd45496-2093-44ac-b778-0fb70c4c375c,plan-action-7d41971ab102,governing_land_use_plan_or_amendment,Ukiah,2006-09-25,current_source_association,source identifies ACEC under this planning decision,unresolved,designated,unresolved_without_historical_geometry,,,doc-8bc39ada015a,Ukiah,https://www.blm.gov/programs/planning-and-nepa/plans-in-development/california,,DOI-BLM-CA-C050-2006-0001-RMP-EIS,,Bureau of Land Management,2026-08-05,high_source_association; current/supersession review partial,Earlier designation history and later component-level amendments were not systematically extracted.
acec-967b6d4855cd38,blmca-0e5f1f79-b9fa-4677-8f6d-d29e1761e0fa,plan-action-50524cfcc6e1,governing_land_use_plan_or_amendment,"CDCA Plan, as amended by DRECP",2016-09-14,current_source_association,source identifies ACEC under this planning decision,unresolved,designated,unresolved_without_historical_geometry,,,doc-c128ae117c38,"CDCA Plan, as amended by DRECP",https://www.blm.gov/programs/planning-and-nepa/plans-in-development/california,,,,Bureau of Land Management,2026-08-05,high_source_association; current/supersession review partial,Earlier designation history and later component-level amendments were not systematically extracted.
acec-07e809c436333a,blmca-51fa6850-2969-453e-9c9b-c5a2549508c5,plan-action-091ada328c3e,governing_land_use_plan_or_amendment,"Bishop RMP, as amended by DRECP",2016-09-14,current_source_association,source identifies ACEC under this planning decision,unresolved,designated,unresolved_without_historical_geometry,,,doc-31eedd24de3b,"Bishop RMP, as amended by DRECP",https://www.blm.gov/programs/planning-and-nepa/plans-in-development/california/desert-renewable-energy-conservation-plan,,DOI-BLM-CA-D010-2014-0001-RMP-EIS,,Bureau of Land Management,2026-08-05,high_source_association; current/supersession review partial,Earlier designation history and later component-level amendments were not systematically extracted.
acec-942d89735941b1,blmca-de533af2-3578-42ba-ba48-b0c44ae94d45,plan-action-faad3701bd27,governing_land_use_plan_or_amendment,"CDCA Plan, as amended by NEMO",2016-09-14,current_source_association,source identifies ACEC under this planning decision,unresolved,designated,unresolved_without_historical_geometry,,,doc-b6824d1b819e,"CDCA Plan, as amended by NEMO",https://www.blm.gov/programs/planning-and-nepa/plans-in-development/california/desert-renewable-energy-conservation-plan,,DOI-BLM-CA-D010-2014-0001-RMP-EIS,,Bureau of Land Management,2026-08-05,high_source_association; current/supersession review partial,Earlier designation history and later component-level amendments were not systematically extracted.
acec-b8422dcaf6e42b,blmca-40decd85-3e06-4ac5-b495-26b948e7c19e,plan-action-4a20e90ad0a4,governing_land_use_plan_or_amendment,Bakersfield Resource Management Plan,2014-12-22,current_source_association,source identifies ACEC under this planning decision,unresolved,designated,unresolved_without_historical_geometry,,,doc-69af73445cb2,Bakersfield Resource Management Plan,https://eplanning.blm.gov/Project-Home/?id=77b9ea95-a7f2-f011-8406-001dd802fdea,,DOI-BLM-CA-C060-2014-0001-RMP-EIS,https://eplanning.blm.gov/Project-Home/?id=77b9ea95-a7f2-f011-8406-001dd802fdea,Bureau of Land Management,2026-08-05,high_source_association; current/supersession review partial,Earlier designation history and later component-level amendments were not systematically extracted.
acec-f6df95a7521adf,blmca-16730901-e7b0-4741-bfc2-12c635454ba7,plan-action-61e24de1ebed,governing_land_use_plan_or_amendment,"CDCA as amended, DRECP amendment",2016-09-14,current_source_association,source identifies ACEC under this planning decision,unresolved,designated,unresolved_without_historical_geometry,,,doc-8e22af9a9f0c,"CDCA as amended, DRECP amendment",https://www.blm.gov/programs/planning-and-nepa/plans-in-development/california/desert-renewable-energy-conservation-plan,,DOI-BLM-CA-D010-2014-0001-RMP-EIS,,Bureau of Land Management,2026-08-05,high_source_association; current/supersession review partial,Earlier designation history and later component-level amendments were not systematically extracted.
acec-e3030589272cd2,blmca-414e290f-82ea-41f2-bd9c-2df6c38bfd83,plan-action-e1cd566ff2af,governing_land_use_plan_or_amendment,"CDCA Plan, as amended, later amended by DRECP ",2016-09-14,current_source_association,source identifies ACEC under this planning decision,unresolved,designated,unresolved_without_historical_geometry,,,doc-bd9093afd839,"CDCA Plan, as amended, later amended by DRECP ",https://www.blm.gov/programs/planning-and-nepa/plans-in-development/california,,,,Bureau of Land Management,2026-08-05,high_source_association; current/supersession review partial,Earlier designation history and later component-level amendments were not systematically extracted.
acec-eefba2002e5d17,blmca-73e7711d-f83f-4d84-90ee-11b4e91462c1,plan-action-3c493eff2c24,governing_land_use_plan_or_amendment,"CDCA Plan, as amended, later amended by DRECP ",2016-09-14,current_source_association,source identifies ACEC under this planning decision,unresolved,designated,unresolved_without_historical_geometry,,,doc-f275ec80b214,"CDCA Plan, as amended, later amended by DRECP ",https://www.blm.gov/programs/planning-and-nepa/plans-in-development/california/desert-renewable-energy-conservation-plan,,DOI-BLM-CA-D010-2014-0001-RMP-EIS,,Bureau of Land Management,2026-08-05,high_source_association; current/supersession review partial,Earlier designation history and later component-level amendments were not systematically extracted.
acec-b6771a30b09496,blmca-f25c7ae2-e2d0-4648-8c79-77f49ceae8a7,plan-action-63cd21a5c82c,governing_land_use_plan_or_amendment,Clear Creek Management Area RMP,2014-02-04,current_source_association,source identifies ACEC under this planning decision,unresolved,designated,unresolved_without_historical_geometry,,,doc-0e63e0930c11,Clear Creek Management Area RMP,https://eplanning.blm.gov/eplanning-ui/project/68803/510,,DOI-BLM-CA-C090-2012-0013-EIS,https://eplanning.blm.gov/eplanning-ui/project/68803/510,Bureau of Land Management,2026-08-05,high_source_association; current/supersession review partial,Earlier designation history and later component-level amendments were not systematically extracted.
acec-5b8a4b901701dc,blmca-ca7716a9-4127-4cf4-b604-71e6555b8280,plan-action-7270ec19a179,governing_land_use_plan_or_amendment,"CDCA Plan, as amended by amendment #2 (1984) and amendment #3 (1989/1990) ",2016-09-14,current_source_association,source identifies ACEC under this planning decision,unresolved,designated,unresolved_without_historical_geometry,,,doc-83a2883a5d5e,"CDCA Plan, as amended by amendment #2 (1984) and amendment #3 (1989/1990) ",https://www.blm.gov/programs/planning-and-nepa/plans-in-development/california,,,,Bureau of Land Management,2026-08-05,high_source_association; current/supersession review partial,Earlier designation history and later component-level amendments were not systematically extracted.
acec-d5c6e9b559f032,blmca-c570fd0d-9d53-427a-b3f8-7872a809de3b,plan-action-42041336b6e9,governing_land_use_plan_or_amendment,Bakersfield Resource Management Plan,2014-12-22,current_source_association,source identifies ACEC under this planning decision,unresolved,designated,unresolved_without_historical_geometry,,,doc-69af73445cb2,Bakersfield Resource Management Plan,https://eplanning.blm.gov/Project-Home/?id=77b9ea95-a7f2-f011-8406-001dd802fdea,,DOI-BLM-CA-C060-2014-0001-RMP-EIS,https://eplanning.blm.gov/Project-Home/?id=77b9ea95-a7f2-f011-8406-001dd802fdea,Bureau of Land Management,2026-08-05,high_source_association; current/supersession review partial,Earlier designation history and later component-level amendments were not systematically extracted.
acec-03ec5d2a34cc80,blmca-a73e8240-b840-484b-9f42-348ad3349efc,plan-action-81eafb6f57fe,governing_land_use_plan_or_amendment,"CDCA Plan, as amended by DRECP",2016-09-14,current_source_association,source identifies ACEC under this planning decision,unresolved,designated,unresolved_without_historical_geometry,,,doc-c128ae117c38,"CDCA Plan, as amended by DRECP",https://www.blm.gov/programs/planning-and-nepa/plans-in-development/california,,,,Bureau of Land Management,2026-08-05,high_source_association; current/supersession review partial,Earlier designation history and later component-level amendments were not systematically extracted.
acec-a876ae3f36b69f,blmca-9a67d72f-b38a-417b-8c90-a944496f53a1,plan-action-8a59508fdb1b,governing_land_use_plan_or_amendment,Bishop,1993-03-26,current_source_association,source identifies ACEC under this planning decision,unresolved,designated,unresolved_without_historical_geometry,,,doc-00f5dfe916c7,Bishop,https://eplanning.blm.gov/Project-Home/?id=dd68a393-a7f2-f011-8407-001dd80c29f3,,DOI-BLM-CA-C070-1993-0001-RMP-EIS,https://eplanning.blm.gov/Project-Home/?id=dd68a393-a7f2-f011-8407-001dd80c29f3,Bureau of Land Management,2026-08-05,high_source_association; current/supersession review partial,Earlier designation history and later component-level amendments were not systematically extracted.
acec-178e8ebea9723c,blmca-47c04f8a-020f-4874-bea5-b0e62e5b520c,plan-action-b81b81244d61,governing_land_use_plan_or_amendment,"CDCA Plan, as amended by DRECP",2016-09-14,current_source_association,source identifies ACEC under this planning decision,unresolved,designated,unresolved_without_historical_geometry,,,doc-7de636074288,"CDCA Plan, as amended by DRECP",https://www.blm.gov/programs/planning-and-nepa/plans-in-development/california/desert-renewable-energy-conservation-plan,,DOI-BLM-CA-D010-2014-0001-RMP-EIS,,Bureau of Land Management,2026-08-05,high_source_association; current/supersession review partial,Earlier designation history and later component-level amendments were not systematically extracted.
acec-1a2274a209ecac,blmca-17caa1ee-c8df-44c4-a31a-f286579ab3dc,plan-action-131ab805c870,governing_land_use_plan_or_amendment,"CDCA Plan, as amended by DRECP",2016-09-14,current_source_association,source identifies ACEC under this planning decision,unresolved,designated,unresolved_without_historical_geometry,,,doc-c128ae117c38,"CDCA Plan, as amended by DRECP",https://www.blm.gov/programs/planning-and-nepa/plans-in-development/california,,,,Bureau of Land Management,2026-08-05,high_source_association; current/supersession review partial,Earlier designation history and later component-level amendments were not systematically extracted.
acec-93fa7f39d38b25,blmca-1259e74b-fdcb-4048-8dbd-d6b75c9b62e3,plan-action-134a49fe4251,governing_land_use_plan_or_amendment,Northwest California Integrated Plan,2024-11-06,current_source_association,source identifies ACEC under this planning decision,unresolved,designated,unresolved_without_historical_geometry,,,doc-930a7cb4ff0a,Northwest California Integrated Plan,https://www.blm.gov/programs/planning-and-nepa/plans-in-development/california/northwest-california-integrated-rmp,,DOI-BLM-CA-N060-2021-0012-RMP-EIS,,Bureau of Land Management,2026-08-05,high_source_association; current/supersession review partial,Earlier designation history and later component-level amendments were not systematically extracted.
acec-98a6137ae90fa3,blmca-45fb448b-f4f6-4d0c-b704-563f7200bb36,plan-action-0cf7096d50e1,governing_land_use_plan_or_amendment,Sierra,2008-02-01,current_source_association,source identifies ACEC under this planning decision,unresolved,designated,unresolved_without_historical_geometry,,,doc-d38aebf70b2e,Sierra,https://eplanning.blm.gov/eplanning-ui/project/72554/510,,DOI-BLM-CA-C080-2007-0001-RMP-EIS,https://eplanning.blm.gov/eplanning-ui/project/72554/510,Bureau of Land Management,2026-08-05,high_source_association; current/supersession review partial,Earlier designation history and later component-level amendments were not systematically extracted.
acec-3a20d59207e54e,blmca-8d89eacc-a5c4-4270-a7ef-71d85baebf80,plan-action-f6ed7f7d269e,governing_land_use_plan_or_amendment,"CDCA Plan, as amended, DRECP amendment",1980-12-12,current_source_association,source identifies ACEC under this planning decision,unresolved,designated,unresolved_without_historical_geometry,,,doc-94eef1653a48,"CDCA Plan, as amended, DRECP amendment",https://eplanning.blm.gov/eplanning-ui/project/66949/510,,DOI-BLM-CA-D010-1980-0001-RMP-EIS,https://eplanning.blm.gov/eplanning-ui/project/66949/510,Bureau of Land Management,2026-08-05,high_source_association; current/supersession review partial,Earlier designation history and later component-level amendments were not systematically extracted.
acec-de4d49c5d889e6,blmca-73fce7c0-b767-4b9b-bd73-15b653cc036e,plan-action-f73492e1730d,governing_land_use_plan_or_amendment,Bishop,1993-03-26,current_source_association,source identifies ACEC under this planning decision,unresolved,designated,unresolved_without_historical_geometry,,,doc-00f5dfe916c7,Bishop,https://eplanning.blm.gov/Project-Home/?id=dd68a393-a7f2-f011-8407-001dd80c29f3,,DOI-BLM-CA-C070-1993-0001-RMP-EIS,https://eplanning.blm.gov/Project-Home/?id=dd68a393-a7f2-f011-8407-001dd80c29f3,Bureau of Land Management,2026-08-05,high_source_association; current/supersession review partial,Earlier designation history and later component-level amendments were not systematically extracted.
acec-eff7540c4ac147,blmca-b6701475-6841-46a3-b3ec-9bec083ca1b8,plan-action-8c99e243f5a5,governing_land_use_plan_or_amendment,"CDCA Plan, as amended by DRECP",2016-09-14,current_source_association,source identifies ACEC under this planning decision,unresolved,designated,unresolved_without_historical_geometry,,,doc-7de636074288,"CDCA Plan, as amended by DRECP",https://www.blm.gov/programs/planning-and-nepa/plans-in-development/california/desert-renewable-energy-conservation-plan,,DOI-BLM-CA-D010-2014-0001-RMP-EIS,,Bureau of Land Management,2026-08-05,high_source_association; current/supersession review partial,Earlier designation history and later component-level amendments were not systematically extracted.
acec-bd22db1dcbf017,blmca-59077d43-a3fd-404b-838a-e403eaa31b8d,plan-action-e6ddffb34e34,governing_land_use_plan_or_amendment,Bakersfield Resource Management Plan,2014-12-22,current_source_association,source identifies ACEC under this planning decision,unresolved,designated,unresolved_without_historical_geometry,,,doc-69af73445cb2,Bakersfield Resource Management Plan,https://eplanning.blm.gov/Project-Home/?id=77b9ea95-a7f2-f011-8406-001dd802fdea,,DOI-BLM-CA-C060-2014-0001-RMP-EIS,https://eplanning.blm.gov/Project-Home/?id=77b9ea95-a7f2-f011-8406-001dd802fdea,Bureau of Land Management,2026-08-05,high_source_association; current/supersession review partial,Earlier designation history and later component-level amendments were not systematically extracted.
acec-5996b04f506863,blmca-0c552e4a-cd40-44e2-957a-de0ae8b6eed4,plan-action-daf17df5ca06,governing_land_use_plan_or_amendment,Bakersfield Resource Management Plan,2014-12-22,current_source_association,source identifies ACEC under this planning decision,unresolved,designated,unresolved_without_historical_geometry,,,doc-69af73445cb2,Bakersfield Resource Management Plan,https://eplanning.blm.gov/Project-Home/?id=77b9ea95-a7f2-f011-8406-001dd802fdea,,DOI-BLM-CA-C060-2014-0001-RMP-EIS,https://eplanning.blm.gov/Project-Home/?id=77b9ea95-a7f2-f011-8406-001dd802fdea,Bureau of Land Management,2026-08-05,high_source_association; current/supersession review partial,Earlier designation history and later component-level amendments were not systematically extracted.
acec-90e93d7b70aff7,blmca-1346d40c-b3c0-4712-ae64-0a18830493c4,plan-action-3cf6d18a1295,governing_land_use_plan_or_amendment,"CDCA Plan, as amended by DRECP",2016-09-14,current_source_association,source identifies ACEC under this planning decision,unresolved,designated,unresolved_without_historical_geometry,,,doc-7de636074288,"CDCA Plan, as amended by DRECP",https://www.blm.gov/programs/planning-and-nepa/plans-in-development/california/desert-renewable-energy-conservation-plan,,DOI-BLM-CA-D010-2014-0001-RMP-EIS,,Bureau of Land Management,2026-08-05,high_source_association; current/supersession review partial,Earlier designation history and later component-level amendments were not systematically extracted.
acec-11ad70d626345d,blmca-3293e6e9-5bdd-4399-aedc-2bad89712949,plan-action-322a2b5465d8,governing_land_use_plan_or_amendment,"CDCA Plan, as amended by DRECP",2016-09-14,current_source_association,source identifies ACEC under this planning decision,unresolved,designated,unresolved_without_historical_geometry,,,doc-7de636074288,"CDCA Plan, as amended by DRECP",https://www.blm.gov/programs/planning-and-nepa/plans-in-development/california/desert-renewable-energy-conservation-plan,,DOI-BLM-CA-D010-2014-0001-RMP-EIS,,Bureau of Land Management,2026-08-05,high_source_association; current/supersession review partial,Earlier designation history and later component-level amendments were not systematically extracted.
acec-1c307d9c6029b1,blmca-f3eba61e-7ea4-4d76-ab28-a22b6f48a324,plan-action-9e7ffea52d0f,governing_land_use_plan_or_amendment,Sierra,2008-02-01,current_source_association,source identifies ACEC under this planning decision,unresolved,designated,unresolved_without_historical_geometry,,,doc-d38aebf70b2e,Sierra,https://eplanning.blm.gov/eplanning-ui/project/72554/510,,DOI-BLM-CA-C080-2007-0001-RMP-EIS,https://eplanning.blm.gov/eplanning-ui/project/72554/510,Bureau of Land Management,2026-08-05,high_source_association; current/supersession review partial,Earlier designation history and later component-level amendments were not systematically extracted.
acec-44eff1e0aa93e7,blmca-4aef1ceb-7cc0-4918-8880-fe0977ac0039,plan-action-94b0c4d14065,governing_land_use_plan_or_amendment,"CDCA Plan, as amended by DRECP",2016-09-14,current_source_association,source identifies ACEC under this planning decision,unresolved,designated,unresolved_without_historical_geometry,,,doc-c128ae117c38,"CDCA Plan, as amended by DRECP",https://www.blm.gov/programs/planning-and-nepa/plans-in-development/california,,,,Bureau of Land Management,2026-08-05,high_source_association; current/supersession review partial,Earlier designation history and later component-level amendments were not systematically extracted.
acec-bef60dbaeef6d9,blmca-f4b7e215-12a0-4a83-8b0f-b803f1936ebd,plan-action-8ecb0ad79a5c,governing_land_use_plan_or_amendment,Northwest California Integrated Plan,2024-11-06,current_source_association,source identifies ACEC under this planning decision,unresolved,designated,unresolved_without_historical_geometry,,,doc-930a7cb4ff0a,Northwest California Integrated Plan,https://www.blm.gov/programs/planning-and-nepa/plans-in-development/california/northwest-california-integrated-rmp,,DOI-BLM-CA-N060-2021-0012-RMP-EIS,,Bureau of Land Management,2026-08-05,high_source_association; current/supersession review partial,Earlier designation history and later component-level amendments were not systematically extracted.
acec-56983aa76a6050,blmca-7e81d0dc-104a-44da-90a2-0fe60ca299a3,plan-action-19dfc10fc605,governing_land_use_plan_or_amendment,"CDCA Plan, as amended by DRECP",2016-09-14,current_source_association,source identifies ACEC under this planning decision,unresolved,designated,unresolved_without_historical_geometry,,,doc-7de636074288,"CDCA Plan, as amended by DRECP",https://www.blm.gov/programs/planning-and-nepa/plans-in-development/california/desert-renewable-energy-conservation-plan,,DOI-BLM-CA-D010-2014-0001-RMP-EIS,,Bureau of Land Management,2026-08-05,high_source_association; current/supersession review partial,Earlier designation history and later component-level amendments were not systematically extracted.
acec-88e3a418c2424c,blmca-e1681c72-39e1-4c7d-b692-831db9041e78,plan-action-8a27a955bacf,governing_land_use_plan_or_amendment,"CDCA Plan, as amended by DRECP",2016-09-14,current_source_association,source identifies ACEC under this planning decision,unresolved,designated,unresolved_without_historical_geometry,,,doc-c128ae117c38,"CDCA Plan, as amended by DRECP",https://www.blm.gov/programs/planning-and-nepa/plans-in-development/california,,,,Bureau of Land Management,2026-08-05,high_source_association; current/supersession review partial,Earlier designation history and later component-level amendments were not systematically extracted.
acec-cdb2e8b5bcad21,blmca-76727bf9-3803-4b54-ac93-a0090518a940,plan-action-d70c798dffd8,governing_land_use_plan_or_amendment,"CDCA Plan, as amended by DRECP",2016-09-14,current_source_association,source identifies ACEC under this planning decision,unresolved,designated,unresolved_without_historical_geometry,,,doc-c128ae117c38,"CDCA Plan, as amended by DRECP",https://www.blm.gov/programs/planning-and-nepa/plans-in-development/california,,,,Bureau of Land Management,2026-08-05,high_source_association; current/supersession review partial,Earlier designation history and later component-level amendments were not systematically extracted.
acec-8592ffba7bec30,blmca-7f7abb9d-ec59-41d8-b909-9adf59a3dfa7,plan-action-d8293b9c451a,governing_land_use_plan_or_amendment,"CDCA Plan, as amended by DRECP",2016-09-14,current_source_association,source identifies ACEC under this planning decision,unresolved,designated,unresolved_without_historical_geometry,,,doc-c128ae117c38,"CDCA Plan, as amended by DRECP",https://www.blm.gov/programs/planning-and-nepa/plans-in-development/california,,,,Bureau of Land Management,2026-08-05,high_source_association; current/supersession review partial,Earlier designation history and later component-level amendments were not systematically extracted.
acec-e71f61490a4558,blmca-898b680d-1d6d-4bb2-8a5b-86b29e02e106,plan-action-d594e891745e,governing_land_use_plan_or_amendment,Sierra,2008-02-01,current_source_association,source identifies ACEC under this planning decision,unresolved,designated,unresolved_without_historical_geometry,,,doc-d38aebf70b2e,Sierra,https://eplanning.blm.gov/eplanning-ui/project/72554/510,,DOI-BLM-CA-C080-2007-0001-RMP-EIS,https://eplanning.blm.gov/eplanning-ui/project/72554/510,Bureau of Land Management,2026-08-05,high_source_association; current/supersession review partial,Earlier designation history and later component-level amendments were not systematically extracted.
acec-bb20419abef121,blmca-90072281-e5cf-4ce8-9ffe-77776e64978d,plan-action-ef398a0453b8,governing_land_use_plan_or_amendment,Eagle Lake,2008-04-17,current_source_association,source identifies ACEC under this planning decision,unresolved,designated,unresolved_without_historical_geometry,,,doc-5a0f56bb2426,Eagle Lake,https://eplanning.blm.gov/eplanning-ui/project/69341/510,,DOI-BLM-CA-N050-2008-0002-RMP-EIS,https://eplanning.blm.gov/eplanning-ui/project/69341/510,Bureau of Land Management,2026-08-05,high_source_association; current/supersession review partial,Earlier designation history and later component-level amendments were not systematically extracted.
acec-6dfe9441073c8e,blmca-5301616b-bb38-4100-9bb8-1517263940bb,plan-action-920e10cf235e,governing_land_use_plan_or_amendment,"CDCA Plan, as amended by DRECP",2016-09-14,current_source_association,source identifies ACEC under this planning decision,unresolved,designated,unresolved_without_historical_geometry,,,doc-c128ae117c38,"CDCA Plan, as amended by DRECP",https://www.blm.gov/programs/planning-and-nepa/plans-in-development/california,,,,Bureau of Land Management,2026-08-05,high_source_association; current/supersession review partial,Earlier designation history and later component-level amendments were not systematically extracted.
acec-1fe131d30ed452,blmca-aad34c8b-c4c6-47ff-b0b1-a03742303557,plan-action-68d3c77b364c,governing_land_use_plan_or_amendment,"CDCA Plan, as amended, DRECP amendment",1980-12-12,current_source_association,source identifies ACEC under this planning decision,unresolved,designated,unresolved_without_historical_geometry,,,doc-94eef1653a48,"CDCA Plan, as amended, DRECP amendment",https://eplanning.blm.gov/eplanning-ui/project/66949/510,,DOI-BLM-CA-D010-1980-0001-RMP-EIS,https://eplanning.blm.gov/eplanning-ui/project/66949/510,Bureau of Land Management,2026-08-05,high_source_association; current/supersession review partial,Earlier designation history and later component-level amendments were not systematically extracted.
acec-0816659292b860,blmca-2c2689c2-662b-45a4-8fee-d94f3d738800,plan-action-cb6e130076a4,governing_land_use_plan_or_amendment,Northwest California Integrated Plan,2024-11-06,current_source_association,source identifies ACEC under this planning decision,unresolved,designated,unresolved_without_historical_geometry,,,doc-930a7cb4ff0a,Northwest California Integrated Plan,https://www.blm.gov/programs/planning-and-nepa/plans-in-development/california/northwest-california-integrated-rmp,,DOI-BLM-CA-N060-2021-0012-RMP-EIS,,Bureau of Land Management,2026-08-05,high_source_association; current/supersession review partial,Earlier designation history and later component-level amendments were not systematically extracted.
acec-0e71475d6309f6,blmca-0c762629-ffad-4e2d-a9a6-55ff6c2ab8b2,plan-action-0d40c1074910,governing_land_use_plan_or_amendment,"CDCA Plan, as amended by DRECP",2016-09-14,current_source_association,source identifies ACEC under this planning decision,unresolved,designated,unresolved_without_historical_geometry,,,doc-c128ae117c38,"CDCA Plan, as amended by DRECP",https://www.blm.gov/programs/planning-and-nepa/plans-in-development/california,,,,Bureau of Land Management,2026-08-05,high_source_association; current/supersession review partial,Earlier designation history and later component-level amendments were not systematically extracted.
acec-57790de833c6bf,blmca-8f21d46c-0514-4fbe-9260-5fe99e2fdfb3,plan-action-f1ece7ab8b3d,governing_land_use_plan_or_amendment,Alturas,2008-04-17,current_source_association,source identifies ACEC under this planning decision,unresolved,designated,unresolved_without_historical_geometry,,,doc-5385a2606b1c,Alturas,https://eplanning.blm.gov/Project-Home/?id=e567a393-a7f2-f011-8407-001dd80c29f3,,DOI-BLM-CA-N020-2008-0001-RMP-EIS,https://eplanning.blm.gov/Project-Home/?id=e567a393-a7f2-f011-8407-001dd80c29f3,Bureau of Land Management,2026-08-05,high_source_association; current/supersession review partial,Earlier designation history and later component-level amendments were not systematically extracted.
acec-cad1fda48e9eb6,blmca-0f942396-6e06-406a-9fb2-a09b150b04ed,plan-action-8a1e71a7c5b3,governing_land_use_plan_or_amendment,Bakersfield Resource Management Plan,2014-12-22,current_source_association,source identifies ACEC under this planning decision,unresolved,designated,unresolved_without_historical_geometry,,,doc-69af73445cb2,Bakersfield Resource Management Plan,https://eplanning.blm.gov/Project-Home/?id=77b9ea95-a7f2-f011-8406-001dd802fdea,,DOI-BLM-CA-C060-2014-0001-RMP-EIS,https://eplanning.blm.gov/Project-Home/?id=77b9ea95-a7f2-f011-8406-001dd802fdea,Bureau of Land Management,2026-08-05,high_source_association; current/supersession review partial,Earlier designation history and later component-level amendments were not systematically extracted.
acec-6930ea9dede380,blmca-a40a1225-05e6-438b-980b-1b0e15bfcf71,plan-action-d691132c670b,governing_land_use_plan_or_amendment,Bishop,1993-03-26,current_source_association,source identifies ACEC under this planning decision,unresolved,designated,unresolved_without_historical_geometry,,,doc-00f5dfe916c7,Bishop,https://eplanning.blm.gov/Project-Home/?id=dd68a393-a7f2-f011-8407-001dd80c29f3,,DOI-BLM-CA-C070-1993-0001-RMP-EIS,https://eplanning.blm.gov/Project-Home/?id=dd68a393-a7f2-f011-8407-001dd80c29f3,Bureau of Land Management,2026-08-05,high_source_association; current/supersession review partial,Earlier designation history and later component-level amendments were not systematically extracted.
acec-6b0bfc8e7385f1,blmca-5d7797b6-51f4-4388-9b2d-9a96c1ec9229,plan-action-606e30d4cd21,governing_land_use_plan_or_amendment,Northwest California Integrated Plan,2024-11-06,current_source_association,source identifies ACEC under this planning decision,unresolved,designated,unresolved_without_historical_geometry,,,doc-930a7cb4ff0a,Northwest California Integrated Plan,https://www.blm.gov/programs/planning-and-nepa/plans-in-development/california/northwest-california-integrated-rmp,,DOI-BLM-CA-N060-2021-0012-RMP-EIS,,Bureau of Land Management,2026-08-05,high_source_association; current/supersession review partial,Earlier designation history and later component-level amendments were not systematically extracted.
acec-a2c380fb602c87,blmca-7c481b82-27c8-4daa-999b-839961b59d7e,plan-action-6198faa7c44c,governing_land_use_plan_or_amendment,Hollister,2007-09-07,current_source_association,source identifies ACEC under this planning decision,unresolved,designated,unresolved_without_historical_geometry,,,doc-3bfcc66be6b0,Hollister,https://eplanning.blm.gov/eplanning-ui/project/68795/510,,DOI-BLM-CA-C090-2006-0021-EIS,https://eplanning.blm.gov/eplanning-ui/project/68795/510,Bureau of Land Management,2026-08-05,high_source_association; current/supersession review partial,Earlier designation history and later component-level amendments were not systematically extracted.
acec-c97ed0cdfcbdae,blmca-30483d73-69d8-45ca-864c-12f34fd77a79,plan-action-c17c82a29675,governing_land_use_plan_or_amendment,"CDCA Plan, as amended by DRECP",2016-09-14,current_source_association,source identifies ACEC under this planning decision,unresolved,designated,unresolved_without_historical_geometry,,,doc-c128ae117c38,"CDCA Plan, as amended by DRECP",https://www.blm.gov/programs/planning-and-nepa/plans-in-development/california,,,,Bureau of Land Management,2026-08-05,high_source_association; current/supersession review partial,Earlier designation history and later component-level amendments were not systematically extracted.
acec-0acef5ecce6ce0,blmca-14f78739-1ebb-4ad2-89ea-cc226ccf0e8e,plan-action-39f25500c65e,governing_land_use_plan_or_amendment,"CDCA Plan, as amended by DRECP",2016-09-14,current_source_association,source identifies ACEC under this planning decision,unresolved,designated,unresolved_without_historical_geometry,,,doc-7de636074288,"CDCA Plan, as amended by DRECP",https://www.blm.gov/programs/planning-and-nepa/plans-in-development/california/desert-renewable-energy-conservation-plan,,DOI-BLM-CA-D010-2014-0001-RMP-EIS,,Bureau of Land Management,2026-08-05,high_source_association; current/supersession review partial,Earlier designation history and later component-level amendments were not systematically extracted.
acec-ecc59f84dbe438,blmca-f7cf88f7-b06d-4026-b9fe-ec943d3b5fdc,plan-action-ae8fe047f541,governing_land_use_plan_or_amendment,Northwest California Integrated Plan,2024-11-06,current_source_association,source identifies ACEC under this planning decision,unresolved,designated,unresolved_without_historical_geometry,,,doc-930a7cb4ff0a,Northwest California Integrated Plan,https://www.blm.gov/programs/planning-and-nepa/plans-in-development/california/northwest-california-integrated-rmp,,DOI-BLM-CA-N060-2021-0012-RMP-EIS,,Bureau of Land Management,2026-08-05,high_source_association; current/supersession review partial,Earlier designation history and later component-level amendments were not systematically extracted.
acec-3c49275da2ff7c,blmca-1131e79c-3a03-4bb4-a07d-17771a697564,plan-action-d64e4a87b2ba,governing_land_use_plan_or_amendment,"CDCA Plan, as amended by DRECP",2016-09-14,current_source_association,source identifies ACEC under this planning decision,unresolved,designated,unresolved_without_historical_geometry,,,doc-7de636074288,"CDCA Plan, as amended by DRECP",https://www.blm.gov/programs/planning-and-nepa/plans-in-development/california/desert-renewable-energy-conservation-plan,,DOI-BLM-CA-D010-2014-0001-RMP-EIS,,Bureau of Land Management,2026-08-05,high_source_association; current/supersession review partial,Earlier designation history and later component-level amendments were not systematically extracted.
acec-6af14f22098d02,blmca-9707bdba-2883-4030-a857-5471f42c9e8f,plan-action-43332c49a1da,governing_land_use_plan_or_amendment,Northwest California Integrated Plan,2024-11-06,current_source_association,source identifies ACEC under this planning decision,unresolved,designated,unresolved_without_historical_geometry,,,doc-930a7cb4ff0a,Northwest California Integrated Plan,https://www.blm.gov/programs/planning-and-nepa/plans-in-development/california/northwest-california-integrated-rmp,,DOI-BLM-CA-N060-2021-0012-RMP-EIS,,Bureau of Land Management,2026-08-05,high_source_association; current/supersession review partial,Earlier designation history and later component-level amendments were not systematically extracted.
acec-f85e7284dc76d3,blmca-da88d76a-ef5a-40ca-98bf-0f8873381a6c,plan-action-ad133c6b6c6a,governing_land_use_plan_or_amendment,"CDCA Plan, as amended by DRECP",2016-09-14,current_source_association,source identifies ACEC under this planning decision,unresolved,designated,unresolved_without_historical_geometry,,,doc-c128ae117c38,"CDCA Plan, as amended by DRECP",https://www.blm.gov/programs/planning-and-nepa/plans-in-development/california,,,,Bureau of Land Management,2026-08-05,high_source_association; current/supersession review partial,Earlier designation history and later component-level amendments were not systematically extracted.
acec-928e4d8fcf9b05,blmca-f41ca86f-3388-4fe4-ad6c-39843696b57a,plan-action-99cb462a6798,governing_land_use_plan_or_amendment,"CDCA Plan, as amended by Plan 29",2016-09-14,current_source_association,source identifies ACEC under this planning decision,unresolved,designated,unresolved_without_historical_geometry,,,doc-74b65ecc23ab,"CDCA Plan, as amended by Plan 29",https://www.blm.gov/programs/planning-and-nepa/plans-in-development/california/desert-renewable-energy-conservation-plan,,DOI-BLM-CA-D010-2014-0001-RMP-EIS,,Bureau of Land Management,2026-08-05,high_source_association; current/supersession review partial,Earlier designation history and later component-level amendments were not systematically extracted.
acec-45c758783b978f,blmca-803a9a91-4d09-4e87-ac25-31dfc77b2240,plan-action-8f79a9785c40,governing_land_use_plan_or_amendment,"CDCA Plan, as amended by DRECP",2016-09-14,current_source_association,source identifies ACEC under this planning decision,unresolved,designated,unresolved_without_historical_geometry,,,doc-7de636074288,"CDCA Plan, as amended by DRECP",https://www.blm.gov/programs/planning-and-nepa/plans-in-development/california/desert-renewable-energy-conservation-plan,,DOI-BLM-CA-D010-2014-0001-RMP-EIS,,Bureau of Land Management,2026-08-05,high_source_association; current/supersession review partial,Earlier designation history and later component-level amendments were not systematically extracted.
acec-e2b2eb0370dc09,blmca-85cbd7dc-1d47-4e03-8a12-df04d7626e81,plan-action-d5f5bb0e70cd,governing_land_use_plan_or_amendment,Northwest California Integrated Plan,2024-11-06,current_source_association,source identifies ACEC under this planning decision,unresolved,designated,unresolved_without_historical_geometry,,,doc-930a7cb4ff0a,Northwest California Integrated Plan,https://www.blm.gov/programs/planning-and-nepa/plans-in-development/california/northwest-california-integrated-rmp,,DOI-BLM-CA-N060-2021-0012-RMP-EIS,,Bureau of Land Management,2026-08-05,high_source_association; current/supersession review partial,Earlier designation history and later component-level amendments were not systematically extracted.
acec-5102ee29c1279f,blmca-9b8c88c3-304b-45d8-bf33-32a4ab8312e6,plan-action-8ab5af32a5bc,governing_land_use_plan_or_amendment,Bakersfield Resource Management Plan,2014-12-22,current_source_association,source identifies ACEC under this planning decision,unresolved,designated,unresolved_without_historical_geometry,,,doc-69af73445cb2,Bakersfield Resource Management Plan,https://eplanning.blm.gov/Project-Home/?id=77b9ea95-a7f2-f011-8406-001dd802fdea,,DOI-BLM-CA-C060-2014-0001-RMP-EIS,https://eplanning.blm.gov/Project-Home/?id=77b9ea95-a7f2-f011-8406-001dd802fdea,Bureau of Land Management,2026-08-05,high_source_association; current/supersession review partial,Earlier designation history and later component-level amendments were not systematically extracted.
acec-0af8c68f714a17,blmca-b2f67dd8-a705-4818-b143-16ed43e721ca,plan-action-4e92e4f85f07,governing_land_use_plan_or_amendment,Bakersfield Resource Management Plan,2014-12-22,current_source_association,source identifies ACEC under this planning decision,unresolved,designated,unresolved_without_historical_geometry,,,doc-69af73445cb2,Bakersfield Resource Management Plan,https://eplanning.blm.gov/Project-Home/?id=77b9ea95-a7f2-f011-8406-001dd802fdea,,DOI-BLM-CA-C060-2014-0001-RMP-EIS,https://eplanning.blm.gov/Project-Home/?id=77b9ea95-a7f2-f011-8406-001dd802fdea,Bureau of Land Management,2026-08-05,high_source_association; current/supersession review partial,Earlier designation history and later component-level amendments were not systematically extracted.
acec-509418a6c2d75d,blmca-d3409845-861a-48cf-ad11-2afe3e01460b,plan-action-f81dd56d90c2,governing_land_use_plan_or_amendment,Northwest California Integrated Plan,2024-11-06,current_source_association,source identifies ACEC under this planning decision,unresolved,designated,unresolved_without_historical_geometry,,,doc-930a7cb4ff0a,Northwest California Integrated Plan,https://www.blm.gov/programs/planning-and-nepa/plans-in-development/california/northwest-california-integrated-rmp,,DOI-BLM-CA-N060-2021-0012-RMP-EIS,,Bureau of Land Management,2026-08-05,high_source_association; current/supersession review partial,Earlier designation history and later component-level amendments were not systematically extracted.
acec-091e00f0dd8853,blmca-c5556740-c87b-40f6-810b-cadecd922066,plan-action-02658c97f22c,governing_land_use_plan_or_amendment,Eastern San Diego County MFP,2008-10-01,current_source_association,source identifies ACEC under this planning decision,unresolved,designated,unresolved_without_historical_geometry,,,doc-844b8544259d,Eastern San Diego County MFP,https://www.blm.gov/programs/planning-and-nepa/plans-in-development/california,,,,Bureau of Land Management,2026-08-05,high_source_association; current/supersession review partial,Earlier designation history and later component-level amendments were not systematically extracted.
acec-903e84da97e457,blmca-9f83fa7e-9185-4af7-b93a-33bec42ab4d9,plan-action-f6521c0d959c,governing_land_use_plan_or_amendment,"Bishop RMP, as amended by DRECP",2016-09-14,current_source_association,source identifies ACEC under this planning decision,unresolved,designated,unresolved_without_historical_geometry,,,doc-31eedd24de3b,"Bishop RMP, as amended by DRECP",https://www.blm.gov/programs/planning-and-nepa/plans-in-development/california/desert-renewable-energy-conservation-plan,,DOI-BLM-CA-D010-2014-0001-RMP-EIS,,Bureau of Land Management,2026-08-05,high_source_association; current/supersession review partial,Earlier designation history and later component-level amendments were not systematically extracted.
acec-3204989a2e2142,blmca-4c2735ff-3769-4559-94b3-b7d9fd54d7d9,plan-action-04efd93a14f3,governing_land_use_plan_or_amendment,"CDCA Plan, as amended, DRECP amendment",1980-12-12,current_source_association,source identifies ACEC under this planning decision,unresolved,designated,unresolved_without_historical_geometry,,,doc-94eef1653a48,"CDCA Plan, as amended, DRECP amendment",https://eplanning.blm.gov/eplanning-ui/project/66949/510,,DOI-BLM-CA-D010-1980-0001-RMP-EIS,https://eplanning.blm.gov/eplanning-ui/project/66949/510,Bureau of Land Management,2026-08-05,high_source_association; current/supersession review partial,Earlier designation history and later component-level amendments were not systematically extracted.
acec-2c13bde9fcc4fa,blmca-c093f3ea-d41d-466a-b2d4-e216c126cf71,plan-action-8701b310b3aa,governing_land_use_plan_or_amendment,Ukiah,2006-09-25,current_source_association,source identifies ACEC under this planning decision,unresolved,designated,unresolved_without_historical_geometry,,,doc-8bc39ada015a,Ukiah,https://www.blm.gov/programs/planning-and-nepa/plans-in-development/california,,DOI-BLM-CA-C050-2006-0001-RMP-EIS,,Bureau of Land Management,2026-08-05,high_source_association; current/supersession review partial,Earlier designation history and later component-level amendments were not systematically extracted.
acec-bbeaa1285514c3,blmca-cf04601d-5b9f-41d0-8f2a-7893130f78cf,plan-action-688685c001ce,governing_land_use_plan_or_amendment,Sierra,2008-02-01,current_source_association,source identifies ACEC under this planning decision,unresolved,designated,unresolved_without_historical_geometry,,,doc-d38aebf70b2e,Sierra,https://eplanning.blm.gov/eplanning-ui/project/72554/510,,DOI-BLM-CA-C080-2007-0001-RMP-EIS,https://eplanning.blm.gov/eplanning-ui/project/72554/510,Bureau of Land Management,2026-08-05,high_source_association; current/supersession review partial,Earlier designation history and later component-level amendments were not systematically extracted.
acec-542efdb5fef0f5,blmca-d621b831-3971-4dfd-9baf-4ff04a2d6202,plan-action-bbfa88e7b5ba,governing_land_use_plan_or_amendment,Sierra,2008-02-01,current_source_association,source identifies ACEC under this planning decision,unresolved,designated,unresolved_without_historical_geometry,,,doc-d38aebf70b2e,Sierra,https://eplanning.blm.gov/eplanning-ui/project/72554/510,,DOI-BLM-CA-C080-2007-0001-RMP-EIS,https://eplanning.blm.gov/eplanning-ui/project/72554/510,Bureau of Land Management,2026-08-05,high_source_association; current/supersession review partial,Earlier designation history and later component-level amendments were not systematically extracted.
acec-e57347bdd98060,blmca-2114ecd1-1cc2-4db9-a493-020c731ebfd7,plan-action-4f78f4e8d74e,governing_land_use_plan_or_amendment,"CDCA Plan, as amended by DRECP",2016-09-14,current_source_association,source identifies ACEC under this planning decision,unresolved,designated,unresolved_without_historical_geometry,,,doc-7de636074288,"CDCA Plan, as amended by DRECP",https://www.blm.gov/programs/planning-and-nepa/plans-in-development/california/desert-renewable-energy-conservation-plan,,DOI-BLM-CA-D010-2014-0001-RMP-EIS,,Bureau of Land Management,2026-08-05,high_source_association; current/supersession review partial,Earlier designation history and later component-level amendments were not systematically extracted.
acec-b2e5dc6ec9bda5,blmca-a1d06ddc-299a-4e58-9604-6c1c21f26f92,plan-action-d4fd1e80f258,governing_land_use_plan_or_amendment,"CDCA Plan, as amended by DRECP",2016-09-14,current_source_association,source identifies ACEC under this planning decision,unresolved,designated,unresolved_without_historical_geometry,,,doc-c128ae117c38,"CDCA Plan, as amended by DRECP",https://www.blm.gov/programs/planning-and-nepa/plans-in-development/california,,,,Bureau of Land Management,2026-08-05,high_source_association; current/supersession review partial,Earlier designation history and later component-level amendments were not systematically extracted.
acec-13aefba9833e50,blmca-41ef1587-8d9f-4cdf-a829-5d418ab58e37,plan-action-33c2ad1eae76,governing_land_use_plan_or_amendment,Hollister,2007-09-07,current_source_association,source identifies ACEC under this planning decision,unresolved,designated,unresolved_without_historical_geometry,,,doc-3bfcc66be6b0,Hollister,https://eplanning.blm.gov/eplanning-ui/project/68795/510,,DOI-BLM-CA-C090-2006-0021-EIS,https://eplanning.blm.gov/eplanning-ui/project/68795/510,Bureau of Land Management,2026-08-05,high_source_association; current/supersession review partial,Earlier designation history and later component-level amendments were not systematically extracted.
acec-f597a32b0f2e2f,blmca-5365af8f-10c1-4178-a5ae-c41938cd5a6d,plan-action-5b4bcf565395,governing_land_use_plan_or_amendment,South Coast,1994-05-26,current_source_association,source identifies ACEC under this planning decision,unresolved,designated,unresolved_without_historical_geometry,,,doc-3d53c357b064,South Coast,https://www.blm.gov/programs/planning-and-nepa/plans-in-development/california,,,,Bureau of Land Management,2026-08-05,high_source_association; current/supersession review partial,Earlier designation history and later component-level amendments were not systematically extracted.
acec-ebea38b48ec039,blmca-2f4ac674-ff81-4b3c-acdb-795d34b3669c,plan-action-ef8c59fd49ed,governing_land_use_plan_or_amendment,"CDCA Plan, as amended by DRECP",2016-09-14,current_source_association,source identifies ACEC under this planning decision,unresolved,designated,unresolved_without_historical_geometry,,,doc-7de636074288,"CDCA Plan, as amended by DRECP",https://www.blm.gov/programs/planning-and-nepa/plans-in-development/california/desert-renewable-energy-conservation-plan,,DOI-BLM-CA-D010-2014-0001-RMP-EIS,,Bureau of Land Management,2026-08-05,high_source_association; current/supersession review partial,Earlier designation history and later component-level amendments were not systematically extracted.
acec-7f8e02e30d8ba1,blmca-dc6ffdd3-85be-493c-809b-411388537747,plan-action-07d49af1e026,governing_land_use_plan_or_amendment,Bakersfield Resource Management Plan,2014-12-22,current_source_association,source identifies ACEC under this planning decision,unresolved,designated,unresolved_without_historical_geometry,,,doc-69af73445cb2,Bakersfield Resource Management Plan,https://eplanning.blm.gov/Project-Home/?id=77b9ea95-a7f2-f011-8406-001dd802fdea,,DOI-BLM-CA-C060-2014-0001-RMP-EIS,https://eplanning.blm.gov/Project-Home/?id=77b9ea95-a7f2-f011-8406-001dd802fdea,Bureau of Land Management,2026-08-05,high_source_association; current/supersession review partial,Earlier designation history and later component-level amendments were not systematically extracted.
acec-7c3af1e43a9f14,blmca-a36b669b-af96-4846-a98f-3eac8584ac77,plan-action-867e960aa6ca,governing_land_use_plan_or_amendment,Bakersfield Resource Management Plan,2014-12-22,current_source_association,source identifies ACEC under this planning decision,unresolved,designated,unresolved_without_historical_geometry,,,doc-69af73445cb2,Bakersfield Resource Management Plan,https://eplanning.blm.gov/Project-Home/?id=77b9ea95-a7f2-f011-8406-001dd802fdea,,DOI-BLM-CA-C060-2014-0001-RMP-EIS,https://eplanning.blm.gov/Project-Home/?id=77b9ea95-a7f2-f011-8406-001dd802fdea,Bureau of Land Management,2026-08-05,high_source_association; current/supersession review partial,Earlier designation history and later component-level amendments were not systematically extracted.
acec-fe0e17f592b671,blmca-441d1865-e3b7-4df8-ade4-ef1b7289948d,plan-action-e2e0360f993e,governing_land_use_plan_or_amendment,Bishop,1993-03-26,current_source_association,source identifies ACEC under this planning decision,unresolved,designated,unresolved_without_historical_geometry,,,doc-00f5dfe916c7,Bishop,https://eplanning.blm.gov/Project-Home/?id=dd68a393-a7f2-f011-8407-001dd80c29f3,,DOI-BLM-CA-C070-1993-0001-RMP-EIS,https://eplanning.blm.gov/Project-Home/?id=dd68a393-a7f2-f011-8407-001dd80c29f3,Bureau of Land Management,2026-08-05,high_source_association; current/supersession review partial,Earlier designation history and later component-level amendments were not systematically extracted.
acec-4db1cd77d45177,blmca-c435c364-83c1-495d-bff1-28218fd93a4b,plan-action-63b5fb8cec69,governing_land_use_plan_or_amendment,"CDCA Plan, as amended by DRECP",2016-09-14,current_source_association,source identifies ACEC under this planning decision,unresolved,designated,unresolved_without_historical_geometry,,,doc-7de636074288,"CDCA Plan, as amended by DRECP",https://www.blm.gov/programs/planning-and-nepa/plans-in-development/california/desert-renewable-energy-conservation-plan,,DOI-BLM-CA-D010-2014-0001-RMP-EIS,,Bureau of Land Management,2026-08-05,high_source_association; current/supersession review partial,Earlier designation history and later component-level amendments were not systematically extracted.
acec-c6832fe4fe69ff,blmca-3f572da3-1623-4d98-85b8-398c00d0b1d7,plan-action-6c32d9e9d89c,governing_land_use_plan_or_amendment,"CDCA Plan, as amended by DRECP",2016-09-14,current_source_association,source identifies ACEC under this planning decision,unresolved,designated,unresolved_without_historical_geometry,,,doc-7de636074288,"CDCA Plan, as amended by DRECP",https://www.blm.gov/programs/planning-and-nepa/plans-in-development/california/desert-renewable-energy-conservation-plan,,DOI-BLM-CA-D010-2014-0001-RMP-EIS,,Bureau of Land Management,2026-08-05,high_source_association; current/supersession review partial,Earlier designation history and later component-level amendments were not systematically extracted.
acec-7fb78c567b62dd,blmca-a09ea6c9-3be0-42d9-bcd0-3edc880ca7b2,plan-action-d77266df5a11,governing_land_use_plan_or_amendment,Ukiah,2006-09-25,current_source_association,source identifies ACEC under this planning decision,unresolved,designated,unresolved_without_historical_geometry,,,doc-8bc39ada015a,Ukiah,https://www.blm.gov/programs/planning-and-nepa/plans-in-development/california,,DOI-BLM-CA-C050-2006-0001-RMP-EIS,,Bureau of Land Management,2026-08-05,high_source_association; current/supersession review partial,Earlier designation history and later component-level amendments were not systematically extracted.
acec-453bbfcefcd2b8,blmca-3ee51f02-3052-4530-b5ab-a55d0fb6de01,plan-action-6c49268f467e,governing_land_use_plan_or_amendment,South Coast,1994-05-26,current_source_association,source identifies ACEC under this planning decision,unresolved,designated,unresolved_without_historical_geometry,,,doc-3d53c357b064,South Coast,https://www.blm.gov/programs/planning-and-nepa/plans-in-development/california,,,,Bureau of Land Management,2026-08-05,high_source_association; current/supersession review partial,Earlier designation history and later component-level amendments were not systematically extracted.
acec-28ccd8cdd03efe,blmca-94b2ee94-af4d-4a0d-ba6a-684951cbdf49,plan-action-07d91c4320f2,governing_land_use_plan_or_amendment,Northwest California Integrated Plan,2024-11-06,current_source_association,source identifies ACEC under this planning decision,unresolved,designated,unresolved_without_historical_geometry,,,doc-930a7cb4ff0a,Northwest California Integrated Plan,https://www.blm.gov/programs/planning-and-nepa/plans-in-development/california/northwest-california-integrated-rmp,,DOI-BLM-CA-N060-2021-0012-RMP-EIS,,Bureau of Land Management,2026-08-05,high_source_association; current/supersession review partial,Earlier designation history and later component-level amendments were not systematically extracted.
acec-35f6ced14506e5,blmca-9a6fb198-1b65-4fed-b647-c212a0b65c4b,plan-action-10e734a97e45,governing_land_use_plan_or_amendment,"CDCA Plan, as amended, DRECP amendment",1980-12-12,current_source_association,source identifies ACEC under this planning decision,unresolved,designated,unresolved_without_historical_geometry,,,doc-94eef1653a48,"CDCA Plan, as amended, DRECP amendment",https://eplanning.blm.gov/eplanning-ui/project/66949/510,,DOI-BLM-CA-D010-1980-0001-RMP-EIS,https://eplanning.blm.gov/eplanning-ui/project/66949/510,Bureau of Land Management,2026-08-05,high_source_association; current/supersession review partial,Earlier designation history and later component-level amendments were not systematically extracted.
acec-821ed0c1f6554b,blmca-3d0ce947-a446-4098-9cb0-0b6e6da2054f,plan-action-566da8a2d027,governing_land_use_plan_or_amendment,"CDCA Plan, as amended, DRECP amendment",1980-12-12,current_source_association,source identifies ACEC under this planning decision,unresolved,designated,unresolved_without_historical_geometry,,,doc-94eef1653a48,"CDCA Plan, as amended, DRECP amendment",https://eplanning.blm.gov/eplanning-ui/project/66949/510,,DOI-BLM-CA-D010-1980-0001-RMP-EIS,https://eplanning.blm.gov/eplanning-ui/project/66949/510,Bureau of Land Management,2026-08-05,high_source_association; current/supersession review partial,Earlier designation history and later component-level amendments were not systematically extracted.
acec-d7139601420d37,blmca-f66ec7b0-4c87-4402-b65c-965946d5d5ba,plan-action-d9758e4ad421,governing_land_use_plan_or_amendment,"CDCA Plan, as amended, DRECP amendment",1980-12-12,current_source_association,source identifies ACEC under this planning decision,unresolved,designated,unresolved_without_historical_geometry,,,doc-94eef1653a48,"CDCA Plan, as amended, DRECP amendment",https://eplanning.blm.gov/eplanning-ui/project/66949/510,,DOI-BLM-CA-D010-1980-0001-RMP-EIS,https://eplanning.blm.gov/eplanning-ui/project/66949/510,Bureau of Land Management,2026-08-05,high_source_association; current/supersession review partial,Earlier designation history and later component-level amendments were not systematically extracted.
acec-e5c050a3f7a22c,blmca-6c065d92-3c2d-4968-aea0-8e08319566a2,plan-action-9e377229edd7,governing_land_use_plan_or_amendment,"CDCA Plan, as amended, DRECP amendment",1980-12-12,current_source_association,source identifies ACEC under this planning decision,unresolved,designated,unresolved_without_historical_geometry,,,doc-94eef1653a48,"CDCA Plan, as amended, DRECP amendment",https://eplanning.blm.gov/eplanning-ui/project/66949/510,,DOI-BLM-CA-D010-1980-0001-RMP-EIS,https://eplanning.blm.gov/eplanning-ui/project/66949/510,Bureau of Land Management,2026-08-05,high_source_association; current/supersession review partial,Earlier designation history and later component-level amendments were not systematically extracted.
acec-e6c2af6a943c42,blmca-43eb0662-ceb1-4e09-bcf2-16b58266e874,plan-action-c28627e5589e,governing_land_use_plan_or_amendment,"CDCA Plan, as amended, DRECP amendment",1980-12-12,current_source_association,source identifies ACEC under this planning decision,unresolved,designated,unresolved_without_historical_geometry,,,doc-94eef1653a48,"CDCA Plan, as amended, DRECP amendment",https://eplanning.blm.gov/eplanning-ui/project/66949/510,,DOI-BLM-CA-D010-1980-0001-RMP-EIS,https://eplanning.blm.gov/eplanning-ui/project/66949/510,Bureau of Land Management,2026-08-05,high_source_association; current/supersession review partial,Earlier designation history and later component-level amendments were not systematically extracted.
acec-44648eb1139d38,blmca-42578129-aab2-486b-a8e3-b03f7f06b598,plan-action-9ffd0d00ae89,governing_land_use_plan_or_amendment,"CDCA Plan, as amended by DRECP",2016-09-14,current_source_association,source identifies ACEC under this planning decision,unresolved,designated,unresolved_without_historical_geometry,,,doc-c128ae117c38,"CDCA Plan, as amended by DRECP",https://www.blm.gov/programs/planning-and-nepa/plans-in-development/california,,,,Bureau of Land Management,2026-08-05,high_source_association; current/supersession review partial,Earlier designation history and later component-level amendments were not systematically extracted.
acec-13046e763ce21f,blmca-27022dc7-3d45-4769-8f3b-d6c331222db1,plan-action-ec5dcb391f7e,governing_land_use_plan_or_amendment,Sierra,2008-02-01,current_source_association,source identifies ACEC under this planning decision,unresolved,designated,unresolved_without_historical_geometry,,,doc-d38aebf70b2e,Sierra,https://eplanning.blm.gov/eplanning-ui/project/72554/510,,DOI-BLM-CA-C080-2007-0001-RMP-EIS,https://eplanning.blm.gov/eplanning-ui/project/72554/510,Bureau of Land Management,2026-08-05,high_source_association; current/supersession review partial,Earlier designation history and later component-level amendments were not systematically extracted.
acec-992f147c29afe1,blmca-60acdf75-d342-4559-a838-81bc1809c6ee,plan-action-16c706ea91f9,governing_land_use_plan_or_amendment,Bakersfield Resource Management Plan,2014-12-22,current_source_association,source identifies ACEC under this planning decision,unresolved,designated,unresolved_without_historical_geometry,,,doc-69af73445cb2,Bakersfield Resource Management Plan,https://eplanning.blm.gov/Project-Home/?id=77b9ea95-a7f2-f011-8406-001dd802fdea,,DOI-BLM-CA-C060-2014-0001-RMP-EIS,https://eplanning.blm.gov/Project-Home/?id=77b9ea95-a7f2-f011-8406-001dd802fdea,Bureau of Land Management,2026-08-05,high_source_association; current/supersession review partial,Earlier designation history and later component-level amendments were not systematically extracted.
acec-2b90609859ce74,blmca-ea029309-dbbc-465c-89d1-57f3eab75021,plan-action-fc75942a6dd4,governing_land_use_plan_or_amendment,Bakersfield Resource Management Plan,2014-12-22,current_source_association,source identifies ACEC under this planning decision,unresolved,designated,unresolved_without_historical_geometry,,,doc-69af73445cb2,Bakersfield Resource Management Plan,https://eplanning.blm.gov/Project-Home/?id=77b9ea95-a7f2-f011-8406-001dd802fdea,,DOI-BLM-CA-C060-2014-0001-RMP-EIS,https://eplanning.blm.gov/Project-Home/?id=77b9ea95-a7f2-f011-8406-001dd802fdea,Bureau of Land Management,2026-08-05,high_source_association; current/supersession review partial,Earlier designation history and later component-level amendments were not systematically extracted.
acec-c825ac751c4b6c,blmca-c90e4a2d-4b09-4d51-94aa-508de4885b66,plan-action-d5f3215cae40,governing_land_use_plan_or_amendment,Ukiah,2006-09-25,current_source_association,source identifies ACEC under this planning decision,unresolved,designated,unresolved_without_historical_geometry,,,doc-8bc39ada015a,Ukiah,https://www.blm.gov/programs/planning-and-nepa/plans-in-development/california,,DOI-BLM-CA-C050-2006-0001-RMP-EIS,,Bureau of Land Management,2026-08-05,high_source_association; current/supersession review partial,Earlier designation history and later component-level amendments were not systematically extracted.
acec-dd295da0d03980,blmca-6d1c822b-82e0-4ba7-b0b4-7ac498378cff,plan-action-9b07fcb4ece0,governing_land_use_plan_or_amendment,Eagle Lake,2008-04-17,current_source_association,source identifies ACEC under this planning decision,unresolved,designated,unresolved_without_historical_geometry,,,doc-5a0f56bb2426,Eagle Lake,https://eplanning.blm.gov/eplanning-ui/project/69341/510,,DOI-BLM-CA-N050-2008-0002-RMP-EIS,https://eplanning.blm.gov/eplanning-ui/project/69341/510,Bureau of Land Management,2026-08-05,high_source_association; current/supersession review partial,Earlier designation history and later component-level amendments were not systematically extracted.
acec-e9e3b76fe04173,blmca-44ef747f-48ca-4b4b-9530-914c2a20f4af,plan-action-f7a5a1890660,governing_land_use_plan_or_amendment,Northwest California Integrated Plan,2024-11-06,current_source_association,source identifies ACEC under this planning decision,unresolved,designated,unresolved_without_historical_geometry,,,doc-930a7cb4ff0a,Northwest California Integrated Plan,https://www.blm.gov/programs/planning-and-nepa/plans-in-development/california/northwest-california-integrated-rmp,,DOI-BLM-CA-N060-2021-0012-RMP-EIS,,Bureau of Land Management,2026-08-05,high_source_association; current/supersession review partial,Earlier designation history and later component-level amendments were not systematically extracted.
acec-029d324461b4fd,blmca-e21a309e-c494-49b6-96e5-ba5a83888949,plan-action-0ad06d7ad079,governing_land_use_plan_or_amendment,"CDCA Plan, as amended by DRECP",2016-09-14,current_source_association,source identifies ACEC under this planning decision,unresolved,designated,unresolved_without_historical_geometry,,,doc-7de636074288,"CDCA Plan, as amended by DRECP",https://www.blm.gov/programs/planning-and-nepa/plans-in-development/california/desert-renewable-energy-conservation-plan,,DOI-BLM-CA-D010-2014-0001-RMP-EIS,,Bureau of Land Management,2026-08-05,high_source_association; current/supersession review partial,Earlier designation history and later component-level amendments were not systematically extracted.
acec-0db5fa64bf3ed1,blmca-902a2b47-ec57-4e96-bbf1-356228b9bc0f,plan-action-4c0f0dbc5402,governing_land_use_plan_or_amendment,"Bishop RMP, as amended by DRECP",2016-09-14,current_source_association,source identifies ACEC under this planning decision,unresolved,designated,unresolved_without_historical_geometry,,,doc-31eedd24de3b,"Bishop RMP, as amended by DRECP",https://www.blm.gov/programs/planning-and-nepa/plans-in-development/california/desert-renewable-energy-conservation-plan,,DOI-BLM-CA-D010-2014-0001-RMP-EIS,,Bureau of Land Management,2026-08-05,high_source_association; current/supersession review partial,Earlier designation history and later component-level amendments were not systematically extracted.
acec-f36059a52d6337,blmca-0f2d7bb9-74a0-4f4b-92f8-4230c2e04c47,plan-action-541a08697723,governing_land_use_plan_or_amendment,"CDCA Plan, as amended by DRECP",2016-09-14,current_source_association,source identifies ACEC under this planning decision,unresolved,designated,unresolved_without_historical_geometry,,,doc-7de636074288,"CDCA Plan, as amended by DRECP",https://www.blm.gov/programs/planning-and-nepa/plans-in-development/california/desert-renewable-energy-conservation-plan,,DOI-BLM-CA-D010-2014-0001-RMP-EIS,,Bureau of Land Management,2026-08-05,high_source_association; current/supersession review partial,Earlier designation history and later component-level amendments were not systematically extracted.
acec-59613849770fce,blmca-b201fdac-dbf3-476a-9c99-c9daedadb7c4,plan-action-4c0a24d696fb,governing_land_use_plan_or_amendment,Surprise,2008-04-17,current_source_association,source identifies ACEC under this planning decision,unresolved,designated,unresolved_without_historical_geometry,,,doc-f01e6bb58377,Surprise,https://eplanning.blm.gov/eplanning-ui/project/65663/510,,DOI-BLM-CA-N020-2008-0002-RMP-EIS,https://eplanning.blm.gov/eplanning-ui/project/65663/510,Bureau of Land Management,2026-08-05,high_source_association; current/supersession review partial,Earlier designation history and later component-level amendments were not systematically extracted.
acec-e7b7796f0ade7a,blmca-820b1404-7fe7-41ac-bc0e-6f92bf2bce30,plan-action-b7c592f51f40,governing_land_use_plan_or_amendment,King Range NCA,2005-05-11,current_source_association,source identifies ACEC under this planning decision,unresolved,designated,unresolved_without_historical_geometry,,,doc-6994fd272860,King Range NCA,https://eplanning.blm.gov/Project-Home/?id=924ca39a-a7f2-f011-8407-001dd803d067,,DOI-BLM-CA-N030-2005-0001-RMP-EIS,https://eplanning.blm.gov/Project-Home/?id=924ca39a-a7f2-f011-8407-001dd803d067,Bureau of Land Management,2026-08-05,high_source_association; current/supersession review partial,Earlier designation history and later component-level amendments were not systematically extracted.
acec-0f04a118816070,blmca-811bdfe8-ba07-4b03-b4b9-d22f3409278d,plan-action-e0dabd15f943,governing_land_use_plan_or_amendment,"CDCA Plan, as amended by DRECP",2016-09-14,current_source_association,source identifies ACEC under this planning decision,unresolved,designated,unresolved_without_historical_geometry,,,doc-c128ae117c38,"CDCA Plan, as amended by DRECP",https://www.blm.gov/programs/planning-and-nepa/plans-in-development/california,,,,Bureau of Land Management,2026-08-05,high_source_association; current/supersession review partial,Earlier designation history and later component-level amendments were not systematically extracted.
acec-22fd99f1f52a11,blmca-bf76f70d-1c12-4b48-bbe4-907249edc264,plan-action-29210b2a86d2,governing_land_use_plan_or_amendment,"CDCA Plan, as amended by DRECP",2016-09-14,current_source_association,source identifies ACEC under this planning decision,unresolved,designated,unresolved_without_historical_geometry,,,doc-c128ae117c38,"CDCA Plan, as amended by DRECP",https://www.blm.gov/programs/planning-and-nepa/plans-in-development/california,,,,Bureau of Land Management,2026-08-05,high_source_association; current/supersession review partial,Earlier designation history and later component-level amendments were not systematically extracted.
acec-29f7d98ecf0deb,blmca-ae7d5cb5-2178-4c82-8374-058cda630fe0,plan-action-aa000d023267,governing_land_use_plan_or_amendment,Sierra,2008-02-01,current_source_association,source identifies ACEC under this planning decision,unresolved,designated,unresolved_without_historical_geometry,,,doc-d38aebf70b2e,Sierra,https://eplanning.blm.gov/eplanning-ui/project/72554/510,,DOI-BLM-CA-C080-2007-0001-RMP-EIS,https://eplanning.blm.gov/eplanning-ui/project/72554/510,Bureau of Land Management,2026-08-05,high_source_association; current/supersession review partial,Earlier designation history and later component-level amendments were not systematically extracted.
acec-7383a744119409,blmca-5b994c88-8d02-4556-9eca-1118f37e7b31,plan-action-547795b4f024,governing_land_use_plan_or_amendment,"CDCA Plan, as amended by DRECP",2016-09-14,current_source_association,source identifies ACEC under this planning decision,unresolved,designated,unresolved_without_historical_geometry,,,doc-7de636074288,"CDCA Plan, as amended by DRECP",https://www.blm.gov/programs/planning-and-nepa/plans-in-development/california/desert-renewable-energy-conservation-plan,,DOI-BLM-CA-D010-2014-0001-RMP-EIS,,Bureau of Land Management,2026-08-05,high_source_association; current/supersession review partial,Earlier designation history and later component-level amendments were not systematically extracted.
acec-7e432c5901abe6,blmca-24a84af4-6d3a-4cc0-9673-124b1db7a28e,plan-action-ddcb5b9e02e1,governing_land_use_plan_or_amendment,"CDCA Plan, as amended by DRECP",2016-09-14,current_source_association,source identifies ACEC under this planning decision,unresolved,designated,unresolved_without_historical_geometry,,,doc-7de636074288,"CDCA Plan, as amended by DRECP",https://www.blm.gov/programs/planning-and-nepa/plans-in-development/california/desert-renewable-energy-conservation-plan,,DOI-BLM-CA-D010-2014-0001-RMP-EIS,,Bureau of Land Management,2026-08-05,high_source_association; current/supersession review partial,Earlier designation history and later component-level amendments were not systematically extracted.
acec-2f6a2aa00acde4,blmca-fac1e6c2-ea5c-4dea-adc4-6a40c461c326,plan-action-7c7fa542f4ef,governing_land_use_plan_or_amendment,"CDCA Plan, as amended by DRECP",2016-09-14,current_source_association,source identifies ACEC under this planning decision,unresolved,designated,unresolved_without_historical_geometry,,,doc-c128ae117c38,"CDCA Plan, as amended by DRECP",https://www.blm.gov/programs/planning-and-nepa/plans-in-development/california,,,,Bureau of Land Management,2026-08-05,high_source_association; current/supersession review partial,Earlier designation history and later component-level amendments were not systematically extracted.
acec-5a013344bad657,blmca-699bccb4-a506-431e-b486-f294c284958a,plan-action-59ef267ef93f,governing_land_use_plan_or_amendment,King Range NCA,2005-05-11,current_source_association,source identifies ACEC under this planning decision,unresolved,designated,unresolved_without_historical_geometry,,,doc-6994fd272860,King Range NCA,https://eplanning.blm.gov/Project-Home/?id=924ca39a-a7f2-f011-8407-001dd803d067,,DOI-BLM-CA-N030-2005-0001-RMP-EIS,https://eplanning.blm.gov/Project-Home/?id=924ca39a-a7f2-f011-8407-001dd803d067,Bureau of Land Management,2026-08-05,high_source_association; current/supersession review partial,Earlier designation history and later component-level amendments were not systematically extracted.
acec-8cb6d52ea6add9,blmca-a6175e86-0c53-49f9-b23e-e5edc584a90b,plan-action-1e480f6fb7b3,governing_land_use_plan_or_amendment,South Coast,1994-05-26,current_source_association,source identifies ACEC under this planning decision,unresolved,designated,unresolved_without_historical_geometry,,,doc-3d53c357b064,South Coast,https://www.blm.gov/programs/planning-and-nepa/plans-in-development/california,,,,Bureau of Land Management,2026-08-05,high_source_association; current/supersession review partial,Earlier designation history and later component-level amendments were not systematically extracted.
acec-a8362b58c810cc,blmca-a39b5b63-36b4-43a7-91c3-32ef4c297451,plan-action-edce10840912,governing_land_use_plan_or_amendment,"CDCA Plan, as amended by DRECP",2016-09-14,current_source_association,source identifies ACEC under this planning decision,unresolved,designated,unresolved_without_historical_geometry,,,doc-c128ae117c38,"CDCA Plan, as amended by DRECP",https://www.blm.gov/programs/planning-and-nepa/plans-in-development/california,,,,Bureau of Land Management,2026-08-05,high_source_association; current/supersession review partial,Earlier designation history and later component-level amendments were not systematically extracted.
acec-7bc05b2c8b0ab3,blmca-4490868d-c367-47ae-a286-d3105910f725,plan-action-a6f61e6a9ef5,governing_land_use_plan_or_amendment,"CDCA Plan, as amended by DRECP",2016-09-14,current_source_association,source identifies ACEC under this planning decision,unresolved,designated,unresolved_without_historical_geometry,,,doc-7de636074288,"CDCA Plan, as amended by DRECP",https://www.blm.gov/programs/planning-and-nepa/plans-in-development/california/desert-renewable-energy-conservation-plan,,DOI-BLM-CA-D010-2014-0001-RMP-EIS,,Bureau of Land Management,2026-08-05,high_source_association; current/supersession review partial,Earlier designation history and later component-level amendments were not systematically extracted.
acec-ffb5fd99225d29,blmca-3e72336a-dcb9-4829-bee8-c52c6557b666,plan-action-20ec20c82c66,governing_land_use_plan_or_amendment,"CDCA Plan, as amended by DRECP",2016-09-14,current_source_association,source identifies ACEC under this planning decision,unresolved,designated,unresolved_without_historical_geometry,,,doc-7de636074288,"CDCA Plan, as amended by DRECP",https://www.blm.gov/programs/planning-and-nepa/plans-in-development/california/desert-renewable-energy-conservation-plan,,DOI-BLM-CA-D010-2014-0001-RMP-EIS,,Bureau of Land Management,2026-08-05,high_source_association; current/supersession review partial,Earlier designation history and later component-level amendments were not systematically extracted.
acec-17177cc0a3f19c,blmca-f74cfa55-8fd8-4b28-8e26-1a5f25f0b029,plan-action-dee4343f4b8d,governing_land_use_plan_or_amendment,"CDCA Plan, as amended by Plan 75",2016-09-14,current_source_association,source identifies ACEC under this planning decision,unresolved,designated,unresolved_without_historical_geometry,,,doc-a222bf74d66d,"CDCA Plan, as amended by Plan 75",https://www.blm.gov/programs/planning-and-nepa/plans-in-development/california/desert-renewable-energy-conservation-plan,,DOI-BLM-CA-D010-2014-0001-RMP-EIS,,Bureau of Land Management,2026-08-05,high_source_association; current/supersession review partial,Earlier designation history and later component-level amendments were not systematically extracted.
acec-459ef256536f51,blmca-a0a80e46-bb24-41ce-89e8-1bb7690da769,plan-action-43bc66153b87,governing_land_use_plan_or_amendment,Alturas,2008-04-17,current_source_association,source identifies ACEC under this planning decision,unresolved,designated,unresolved_without_historical_geometry,,,doc-5385a2606b1c,Alturas,https://eplanning.blm.gov/Project-Home/?id=e567a393-a7f2-f011-8407-001dd80c29f3,,DOI-BLM-CA-N020-2008-0001-RMP-EIS,https://eplanning.blm.gov/Project-Home/?id=e567a393-a7f2-f011-8407-001dd80c29f3,Bureau of Land Management,2026-08-05,high_source_association; current/supersession review partial,Earlier designation history and later component-level amendments were not systematically extracted.
acec-e5fdbe5b590cc4,blmca-d52bb5ed-2b28-4374-9f0a-e8084d49bf7e,plan-action-ef0bb6265af3,governing_land_use_plan_or_amendment,"CDCA Plan, as amended by DRECP",2016-09-14,current_source_association,source identifies ACEC under this planning decision,unresolved,designated,unresolved_without_historical_geometry,,,doc-7de636074288,"CDCA Plan, as amended by DRECP",https://www.blm.gov/programs/planning-and-nepa/plans-in-development/california/desert-renewable-energy-conservation-plan,,DOI-BLM-CA-D010-2014-0001-RMP-EIS,,Bureau of Land Management,2026-08-05,high_source_association; current/supersession review partial,Earlier designation history and later component-level amendments were not systematically extracted.
acec-7555038d7fe3db,blmca-0377cb5e-1dca-419a-9742-4b426c069af5,plan-action-d6cbb57d8f8a,governing_land_use_plan_or_amendment,Alturas,2008-04-17,current_source_association,source identifies ACEC under this planning decision,unresolved,designated,unresolved_without_historical_geometry,,,doc-5385a2606b1c,Alturas,https://eplanning.blm.gov/Project-Home/?id=e567a393-a7f2-f011-8407-001dd80c29f3,,DOI-BLM-CA-N020-2008-0001-RMP-EIS,https://eplanning.blm.gov/Project-Home/?id=e567a393-a7f2-f011-8407-001dd80c29f3,Bureau of Land Management,2026-08-05,high_source_association; current/supersession review partial,Earlier designation history and later component-level amendments were not systematically extracted.
acec-ff9476c993c7fd,blmca-a30599be-cab1-483d-b26c-03fe7ff7940b,plan-action-c6e62ec1fce5,governing_land_use_plan_or_amendment,"CDCA Plan, as amended, DRECP amendment",1980-12-12,current_source_association,source identifies ACEC under this planning decision,unresolved,designated,unresolved_without_historical_geometry,,,doc-94eef1653a48,"CDCA Plan, as amended, DRECP amendment",https://eplanning.blm.gov/eplanning-ui/project/66949/510,,DOI-BLM-CA-D010-1980-0001-RMP-EIS,https://eplanning.blm.gov/eplanning-ui/project/66949/510,Bureau of Land Management,2026-08-05,high_source_association; current/supersession review partial,Earlier designation history and later component-level amendments were not systematically extracted.
acec-9ab358b15b0c00,blmca-5cebbbc4-a3e9-4eda-9972-ccd84c8d125c,plan-action-9e9f4964734d,governing_land_use_plan_or_amendment,"CDCA Plan, as amended by DRECP",2016-09-14,current_source_association,source identifies ACEC under this planning decision,unresolved,designated,unresolved_without_historical_geometry,,,doc-c128ae117c38,"CDCA Plan, as amended by DRECP",https://www.blm.gov/programs/planning-and-nepa/plans-in-development/california,,,,Bureau of Land Management,2026-08-05,high_source_association; current/supersession review partial,Earlier designation history and later component-level amendments were not systematically extracted.
acec-cf2a037802c4f0,blmca-c006b48e-0259-484f-bbff-f3d15ad11f34,plan-action-70564f2bee38,governing_land_use_plan_or_amendment,Sierra,2008-02-01,current_source_association,source identifies ACEC under this planning decision,unresolved,designated,unresolved_without_historical_geometry,,,doc-d38aebf70b2e,Sierra,https://eplanning.blm.gov/eplanning-ui/project/72554/510,,DOI-BLM-CA-C080-2007-0001-RMP-EIS,https://eplanning.blm.gov/eplanning-ui/project/72554/510,Bureau of Land Management,2026-08-05,high_source_association; current/supersession review partial,Earlier designation history and later component-level amendments were not systematically extracted.
acec-7dae56cb4e1e91,blmca-c13b22fe-c19f-43e0-9e11-f697ebc826ae,plan-action-da93c599850e,governing_land_use_plan_or_amendment,Eagle Lake,2008-04-17,current_source_association,source identifies ACEC under this planning decision,unresolved,designated,unresolved_without_historical_geometry,,,doc-5a0f56bb2426,Eagle Lake,https://eplanning.blm.gov/eplanning-ui/project/69341/510,,DOI-BLM-CA-N050-2008-0002-RMP-EIS,https://eplanning.blm.gov/eplanning-ui/project/69341/510,Bureau of Land Management,2026-08-05,high_source_association; current/supersession review partial,Earlier designation history and later component-level amendments were not systematically extracted.
acec-32606f71621fa0,blmca-cfaee409-4828-437d-a4cd-26fc5b67e037,plan-action-1ba94eedb667,governing_land_use_plan_or_amendment,Sierra,2008-02-01,current_source_association,source identifies ACEC under this planning decision,unresolved,designated,unresolved_without_historical_geometry,,,doc-d38aebf70b2e,Sierra,https://eplanning.blm.gov/eplanning-ui/project/72554/510,,DOI-BLM-CA-C080-2007-0001-RMP-EIS,https://eplanning.blm.gov/eplanning-ui/project/72554/510,Bureau of Land Management,2026-08-05,high_source_association; current/supersession review partial,Earlier designation history and later component-level amendments were not systematically extracted.
acec-77c324f5d7499a,blmca-a5eec357-d304-4a3b-b9ee-b00271126ece,plan-action-0b480692cba5,governing_land_use_plan_or_amendment,Northwest California Integrated Plan,2024-11-06,current_source_association,source identifies ACEC under this planning decision,unresolved,designated,unresolved_without_historical_geometry,,,doc-930a7cb4ff0a,Northwest California Integrated Plan,https://www.blm.gov/programs/planning-and-nepa/plans-in-development/california/northwest-california-integrated-rmp,,DOI-BLM-CA-N060-2021-0012-RMP-EIS,,Bureau of Land Management,2026-08-05,high_source_association; current/supersession review partial,Earlier designation history and later component-level amendments were not systematically extracted.
acec-335cfd344ff221,blmca-a0dc74ae-b530-472c-a6f4-00707b2326b5,plan-action-43ec36ce53d1,governing_land_use_plan_or_amendment,Northwest California Integrated Plan,2024-11-06,current_source_association,source identifies ACEC under this planning decision,unresolved,designated,unresolved_without_historical_geometry,,,doc-930a7cb4ff0a,Northwest California Integrated Plan,https://www.blm.gov/programs/planning-and-nepa/plans-in-development/california/northwest-california-integrated-rmp,,DOI-BLM-CA-N060-2021-0012-RMP-EIS,,Bureau of Land Management,2026-08-05,high_source_association; current/supersession review partial,Earlier designation history and later component-level amendments were not systematically extracted.
acec-0a67662d845f3a,blmca-92d90f6f-ec55-42de-962a-32246714b8cc,plan-action-f797a5795317,governing_land_use_plan_or_amendment,"CDCA Plan, as amended by DRECP",2016-09-14,current_source_association,source identifies ACEC under this planning decision,unresolved,designated,unresolved_without_historical_geometry,,,doc-7de636074288,"CDCA Plan, as amended by DRECP",https://www.blm.gov/programs/planning-and-nepa/plans-in-development/california/desert-renewable-energy-conservation-plan,,DOI-BLM-CA-D010-2014-0001-RMP-EIS,,Bureau of Land Management,2026-08-05,high_source_association; current/supersession review partial,Earlier designation history and later component-level amendments were not systematically extracted.
acec-50fe1926fe83c0,blmca-fab393a5-9fab-431a-a57a-36e69bc2384f,plan-action-811c09c1ae01,governing_land_use_plan_or_amendment,"CDCA Plan, as amended, DRECP amendment",1980-12-12,current_source_association,source identifies ACEC under this planning decision,unresolved,designated,unresolved_without_historical_geometry,,,doc-94eef1653a48,"CDCA Plan, as amended, DRECP amendment",https://eplanning.blm.gov/eplanning-ui/project/66949/510,,DOI-BLM-CA-D010-1980-0001-RMP-EIS,https://eplanning.blm.gov/eplanning-ui/project/66949/510,Bureau of Land Management,2026-08-05,high_source_association; current/supersession review partial,Earlier designation history and later component-level amendments were not systematically extracted.
acec-be1782fac080fa,blmca-723fe7e1-2a23-4079-ac65-4468d163a1b6,plan-action-78261d626ebc,governing_land_use_plan_or_amendment,"CDCA Plan, as amended by DRECP",2016-09-14,current_source_association,source identifies ACEC under this planning decision,unresolved,designated,unresolved_without_historical_geometry,,,doc-c128ae117c38,"CDCA Plan, as amended by DRECP",https://www.blm.gov/programs/planning-and-nepa/plans-in-development/california,,,,Bureau of Land Management,2026-08-05,high_source_association; current/supersession review partial,Earlier designation history and later component-level amendments were not systematically extracted.
acec-0084f188f1b409,blmca-b1995a3f-00cd-43bd-9c61-7155f889c2c6,plan-action-f6cb394385f1,governing_land_use_plan_or_amendment,Alturas,2008-04-17,current_source_association,source identifies ACEC under this planning decision,unresolved,designated,unresolved_without_historical_geometry,,,doc-5385a2606b1c,Alturas,https://eplanning.blm.gov/Project-Home/?id=e567a393-a7f2-f011-8407-001dd80c29f3,,DOI-BLM-CA-N020-2008-0001-RMP-EIS,https://eplanning.blm.gov/Project-Home/?id=e567a393-a7f2-f011-8407-001dd80c29f3,Bureau of Land Management,2026-08-05,high_source_association; current/supersession review partial,Earlier designation history and later component-level amendments were not systematically extracted.
acec-63e4d346ca50ac,blmca-3ea08f1e-b16d-4fe1-8c58-8399e2596255,plan-action-da86f4cf104d,governing_land_use_plan_or_amendment,"CDCA Plan, as amended by DRECP",2016-09-14,current_source_association,source identifies ACEC under this planning decision,unresolved,designated,unresolved_without_historical_geometry,,,doc-7de636074288,"CDCA Plan, as amended by DRECP",https://www.blm.gov/programs/planning-and-nepa/plans-in-development/california/desert-renewable-energy-conservation-plan,,DOI-BLM-CA-D010-2014-0001-RMP-EIS,,Bureau of Land Management,2026-08-05,high_source_association; current/supersession review partial,Earlier designation history and later component-level amendments were not systematically extracted.
acec-163713939580c4,blmca-58e19a02-a465-40f6-a1ea-1ffe0b252f48,plan-action-d0c5ada98bb5,governing_land_use_plan_or_amendment,"CDCA Plan, as amended by DRECP",2016-09-14,current_source_association,source identifies ACEC under this planning decision,unresolved,designated,unresolved_without_historical_geometry,,,doc-7de636074288,"CDCA Plan, as amended by DRECP",https://www.blm.gov/programs/planning-and-nepa/plans-in-development/california/desert-renewable-energy-conservation-plan,,DOI-BLM-CA-D010-2014-0001-RMP-EIS,,Bureau of Land Management,2026-08-05,high_source_association; current/supersession review partial,Earlier designation history and later component-level amendments were not systematically extracted.
acec-1c87be40f18100,blmca-fc55a8aa-83f7-45e8-8ba4-5261dcf9612e,plan-action-622dd4607dcb,governing_land_use_plan_or_amendment,"Bishop RMP, as amended by DRECP",2016-09-14,current_source_association,source identifies ACEC under this planning decision,unresolved,designated,unresolved_without_historical_geometry,,,doc-31eedd24de3b,"Bishop RMP, as amended by DRECP",https://www.blm.gov/programs/planning-and-nepa/plans-in-development/california/desert-renewable-energy-conservation-plan,,DOI-BLM-CA-D010-2014-0001-RMP-EIS,,Bureau of Land Management,2026-08-05,high_source_association; current/supersession review partial,Earlier designation history and later component-level amendments were not systematically extracted.
acec-be7c4d3409891b,blmca-a5281b8e-4c79-41c2-91a8-697f0e28202f,plan-action-01812dfdbf48,governing_land_use_plan_or_amendment,"CDCA Plan, as amended by DRECP",2016-09-14,current_source_association,source identifies ACEC under this planning decision,unresolved,designated,unresolved_without_historical_geometry,,,doc-c128ae117c38,"CDCA Plan, as amended by DRECP",https://www.blm.gov/programs/planning-and-nepa/plans-in-development/california,,,,Bureau of Land Management,2026-08-05,high_source_association; current/supersession review partial,Earlier designation history and later component-level amendments were not systematically extracted.
acec-c92a8cb916758b,blmca-1e91c370-750f-47a7-a22e-9afdca02e77d,plan-action-3d5ffa49368e,governing_land_use_plan_or_amendment,"CDCA Plan, as amended by DRECP",2016-09-14,current_source_association,source identifies ACEC under this planning decision,unresolved,designated,unresolved_without_historical_geometry,,,doc-c128ae117c38,"CDCA Plan, as amended by DRECP",https://www.blm.gov/programs/planning-and-nepa/plans-in-development/california,,,,Bureau of Land Management,2026-08-05,high_source_association; current/supersession review partial,Earlier designation history and later component-level amendments were not systematically extracted.
acec-43678d9e1efd28,blmca-9129191d-8a84-499c-9ba4-0ba932e47e4e,plan-action-e08765dd8d4c,governing_land_use_plan_or_amendment,"CDCA Plan, as amended by DRECP",2016-09-14,current_source_association,source identifies ACEC under this planning decision,unresolved,designated,unresolved_without_historical_geometry,,,doc-c128ae117c38,"CDCA Plan, as amended by DRECP",https://www.blm.gov/programs/planning-and-nepa/plans-in-development/california,,,,Bureau of Land Management,2026-08-05,high_source_association; current/supersession review partial,Earlier designation history and later component-level amendments were not systematically extracted.
acec-cbae284ab714d2,blmca-625f6c76-a1dc-4507-9989-259a5603a668,plan-action-233fe5516629,governing_land_use_plan_or_amendment,"CDCA Plan, as amended by DRECP",2016-09-14,current_source_association,source identifies ACEC under this planning decision,unresolved,designated,unresolved_without_historical_geometry,,,doc-c128ae117c38,"CDCA Plan, as amended by DRECP",https://www.blm.gov/programs/planning-and-nepa/plans-in-development/california,,,,Bureau of Land Management,2026-08-05,high_source_association; current/supersession review partial,Earlier designation history and later component-level amendments were not systematically extracted.
acec-3470fc550ec680,blmca-22bcc2d3-4471-4c7b-843a-a3e2ea6b7208,plan-action-0f124348bf9e,governing_land_use_plan_or_amendment,Hollister,2007-09-07,current_source_association,source identifies ACEC under this planning decision,unresolved,designated,unresolved_without_historical_geometry,,,doc-3bfcc66be6b0,Hollister,https://eplanning.blm.gov/eplanning-ui/project/68795/510,,DOI-BLM-CA-C090-2006-0021-EIS,https://eplanning.blm.gov/eplanning-ui/project/68795/510,Bureau of Land Management,2026-08-05,high_source_association; current/supersession review partial,Earlier designation history and later component-level amendments were not systematically extracted.
acec-eb5af440a93840,blmca-fc596c19-2050-476a-8103-71afd0c6f373,plan-action-81c6aeb44ff1,governing_land_use_plan_or_amendment,"CDCA Plan, as amended by DRECP",2016-09-14,current_source_association,source identifies ACEC under this planning decision,unresolved,designated,unresolved_without_historical_geometry,,,doc-7de636074288,"CDCA Plan, as amended by DRECP",https://www.blm.gov/programs/planning-and-nepa/plans-in-development/california/desert-renewable-energy-conservation-plan,,DOI-BLM-CA-D010-2014-0001-RMP-EIS,,Bureau of Land Management,2026-08-05,high_source_association; current/supersession review partial,Earlier designation history and later component-level amendments were not systematically extracted.
acec-84c0ee829f9e7a,blmca-faf89507-b87d-4ffc-a288-f71df03d2824,plan-action-90fd8a87073d,governing_land_use_plan_or_amendment,"CDCA Plan, as amended by Plan 52",2016-09-14,current_source_association,source identifies ACEC under this planning decision,unresolved,designated,unresolved_without_historical_geometry,,,doc-6a42a9bf2f8c,"CDCA Plan, as amended by Plan 52",https://www.blm.gov/programs/planning-and-nepa/plans-in-development/california/desert-renewable-energy-conservation-plan,,DOI-BLM-CA-D010-2014-0001-RMP-EIS,,Bureau of Land Management,2026-08-05,high_source_association; current/supersession review partial,Earlier designation history and later component-level amendments were not systematically extracted.
acec-d74831f0661474,blmca-4edc5456-dcc9-4a04-a0f9-1cb82ec2b717,plan-action-86eb2cfad7a4,governing_land_use_plan_or_amendment,"CDCA Plan, as amendment, DRECP amendment",1980-12-12,current_source_association,source identifies ACEC under this planning decision,unresolved,designated,unresolved_without_historical_geometry,,,doc-be0327dd568d,"CDCA Plan, as amendment, DRECP amendment",https://eplanning.blm.gov/eplanning-ui/project/66949/510,,DOI-BLM-CA-D010-1980-0001-RMP-EIS,https://eplanning.blm.gov/eplanning-ui/project/66949/510,Bureau of Land Management,2026-08-05,high_source_association; current/supersession review partial,Earlier designation history and later component-level amendments were not systematically extracted.
acec-3aa2b7a0265f41,blmca-0e28f751-23e1-42ef-abe3-9149ae0bbb0c,plan-action-95b80d83abae,governing_land_use_plan_or_amendment,"CDCA Plan, as amended, DRECP amendment",1980-12-12,current_source_association,source identifies ACEC under this planning decision,unresolved,designated,unresolved_without_historical_geometry,,,doc-94eef1653a48,"CDCA Plan, as amended, DRECP amendment",https://eplanning.blm.gov/eplanning-ui/project/66949/510,,DOI-BLM-CA-D010-1980-0001-RMP-EIS,https://eplanning.blm.gov/eplanning-ui/project/66949/510,Bureau of Land Management,2026-08-05,high_source_association; current/supersession review partial,Earlier designation history and later component-level amendments were not systematically extracted.
acec-40eb9c2dfe7510,blmca-f3b42618-c1ec-4387-937b-b42862cb061a,plan-action-ac9890e0558c,governing_land_use_plan_or_amendment,Eagle Lake,2008-04-17,current_source_association,source identifies ACEC under this planning decision,unresolved,designated,unresolved_without_historical_geometry,,,doc-5a0f56bb2426,Eagle Lake,https://eplanning.blm.gov/eplanning-ui/project/69341/510,,DOI-BLM-CA-N050-2008-0002-RMP-EIS,https://eplanning.blm.gov/eplanning-ui/project/69341/510,Bureau of Land Management,2026-08-05,high_source_association; current/supersession review partial,Earlier designation history and later component-level amendments were not systematically extracted.
acec-50393d70bf37b1,blmca-0e7ec530-e342-47b1-8c0f-9f7fd415f1f1,plan-action-57eae3785308,governing_land_use_plan_or_amendment,Sierra,2008-02-01,current_source_association,source identifies ACEC under this planning decision,unresolved,designated,unresolved_without_historical_geometry,,,doc-d38aebf70b2e,Sierra,https://eplanning.blm.gov/eplanning-ui/project/72554/510,,DOI-BLM-CA-C080-2007-0001-RMP-EIS,https://eplanning.blm.gov/eplanning-ui/project/72554/510,Bureau of Land Management,2026-08-05,high_source_association; current/supersession review partial,Earlier designation history and later component-level amendments were not systematically extracted.
acec-fddd72e60b1552,blmca-da293303-6734-4ab8-8731-c90f81d68ed4,plan-action-d3ad55ef1e98,governing_land_use_plan_or_amendment,"CDCA Plan, as amended by DRECP",2016-09-14,current_source_association,source identifies ACEC under this planning decision,unresolved,designated,unresolved_without_historical_geometry,,,doc-7de636074288,"CDCA Plan, as amended by DRECP",https://www.blm.gov/programs/planning-and-nepa/plans-in-development/california/desert-renewable-energy-conservation-plan,,DOI-BLM-CA-D010-2014-0001-RMP-EIS,,Bureau of Land Management,2026-08-05,high_source_association; current/supersession review partial,Earlier designation history and later component-level amendments were not systematically extracted.
acec-a42bfe37fea94f,blmca-972715f2-3146-4fda-9161-ca28af3370f8,plan-action-2524869ba741,governing_land_use_plan_or_amendment,"CDCA Plan, as amended by DRECP",2016-09-14,current_source_association,source identifies ACEC under this planning decision,unresolved,designated,unresolved_without_historical_geometry,,,doc-7de636074288,"CDCA Plan, as amended by DRECP",https://www.blm.gov/programs/planning-and-nepa/plans-in-development/california/desert-renewable-energy-conservation-plan,,DOI-BLM-CA-D010-2014-0001-RMP-EIS,,Bureau of Land Management,2026-08-05,high_source_association; current/supersession review partial,Earlier designation history and later component-level amendments were not systematically extracted.
acec-f36ce6f5a67354,blmca-054a3282-7248-4329-a2d5-57dbc1657baf,plan-action-d3dd7dbf70ab,governing_land_use_plan_or_amendment,"CDCA Plan, as amended by DRECP",2016-09-14,current_source_association,source identifies ACEC under this planning decision,unresolved,designated,unresolved_without_historical_geometry,,,doc-7de636074288,"CDCA Plan, as amended by DRECP",https://www.blm.gov/programs/planning-and-nepa/plans-in-development/california/desert-renewable-energy-conservation-plan,,DOI-BLM-CA-D010-2014-0001-RMP-EIS,,Bureau of Land Management,2026-08-05,high_source_association; current/supersession review partial,Earlier designation history and later component-level amendments were not systematically extracted.
acec-b662662b90103e,blmca-8eb9e101-44c7-4a71-8262-2d5d49469aa1,plan-action-8ef231688f78,governing_land_use_plan_or_amendment,Bakersfield Resource Management Plan,2014-12-22,current_source_association,source identifies ACEC under this planning decision,unresolved,designated,unresolved_without_historical_geometry,,,doc-69af73445cb2,Bakersfield Resource Management Plan,https://eplanning.blm.gov/Project-Home/?id=77b9ea95-a7f2-f011-8406-001dd802fdea,,DOI-BLM-CA-C060-2014-0001-RMP-EIS,https://eplanning.blm.gov/Project-Home/?id=77b9ea95-a7f2-f011-8406-001dd802fdea,Bureau of Land Management,2026-08-05,high_source_association; current/supersession review partial,Earlier designation history and later component-level amendments were not systematically extracted.
acec-bb02e878544f98,blmca-34a4fb23-fe5b-4a21-a27a-23a391e80478,plan-action-4bf476516768,governing_land_use_plan_or_amendment,"CDCA Plan, as amended by DRECP",2016-09-14,current_source_association,source identifies ACEC under this planning decision,unresolved,designated,unresolved_without_historical_geometry,,,doc-7de636074288,"CDCA Plan, as amended by DRECP",https://www.blm.gov/programs/planning-and-nepa/plans-in-development/california/desert-renewable-energy-conservation-plan,,DOI-BLM-CA-D010-2014-0001-RMP-EIS,,Bureau of Land Management,2026-08-05,high_source_association; current/supersession review partial,Earlier designation history and later component-level amendments were not systematically extracted.
acec-902721956da5cf,blmca-5943c3c3-6448-4397-b036-d499c2ff7054,plan-action-d78ae78c0f78,governing_land_use_plan_or_amendment,"CDCA, as amended, ISDRA",1980-12-12,current_source_association,source identifies ACEC under this planning decision,unresolved,designated,unresolved_without_historical_geometry,,,doc-cc529d6f2431,"CDCA, as amended, ISDRA",https://www.blm.gov/programs/planning-and-nepa/plans-in-development/california,,,,Bureau of Land Management,2026-08-05,high_source_association; current/supersession review partial,Earlier designation history and later component-level amendments were not systematically extracted.
acec-b2d2dd7db35a89,blmca-1c2afd48-1a10-42a9-941f-dde73b185881,plan-action-d4f85e3fd33b,governing_land_use_plan_or_amendment,Bakersfield Resource Management Plan,2014-12-22,current_source_association,source identifies ACEC under this planning decision,unresolved,designated,unresolved_without_historical_geometry,,,doc-69af73445cb2,Bakersfield Resource Management Plan,https://eplanning.blm.gov/Project-Home/?id=77b9ea95-a7f2-f011-8406-001dd802fdea,,DOI-BLM-CA-C060-2014-0001-RMP-EIS,https://eplanning.blm.gov/Project-Home/?id=77b9ea95-a7f2-f011-8406-001dd802fdea,Bureau of Land Management,2026-08-05,high_source_association; current/supersession review partial,Earlier designation history and later component-level amendments were not systematically extracted.
acec-ba7bf31678aaf4,blmca-324df08c-d4f4-42f6-862e-a68ba6133ed1,plan-action-1d9a57d0080d,governing_land_use_plan_or_amendment,South Coast,1994-05-26,current_source_association,source identifies ACEC under this planning decision,unresolved,designated,unresolved_without_historical_geometry,,,doc-3d53c357b064,South Coast,https://www.blm.gov/programs/planning-and-nepa/plans-in-development/california,,,,Bureau of Land Management,2026-08-05,high_source_association; current/supersession review partial,Earlier designation history and later component-level amendments were not systematically extracted.
acec-8c9f3f2745077b,blmca-278e2c36-521a-46bb-92a3-3e315c18206b,plan-action-540ceb9459d0,governing_land_use_plan_or_amendment,Surprise,2008-04-17,current_source_association,source identifies ACEC under this planning decision,unresolved,designated,unresolved_without_historical_geometry,,,doc-f01e6bb58377,Surprise,https://eplanning.blm.gov/eplanning-ui/project/65663/510,,DOI-BLM-CA-N020-2008-0002-RMP-EIS,https://eplanning.blm.gov/eplanning-ui/project/65663/510,Bureau of Land Management,2026-08-05,high_source_association; current/supersession review partial,Earlier designation history and later component-level amendments were not systematically extracted.
acec-c24aacac3dc76a,blmca-a0aef83c-dcda-40ab-97dc-25115a9ce08d,plan-action-d4b00283d9cf,governing_land_use_plan_or_amendment,"CDCA Plan, as amended by DRECP",2016-09-14,current_source_association,source identifies ACEC under this planning decision,unresolved,designated,unresolved_without_historical_geometry,,,doc-7de636074288,"CDCA Plan, as amended by DRECP",https://www.blm.gov/programs/planning-and-nepa/plans-in-development/california/desert-renewable-energy-conservation-plan,,DOI-BLM-CA-D010-2014-0001-RMP-EIS,,Bureau of Land Management,2026-08-05,high_source_association; current/supersession review partial,Earlier designation history and later component-level amendments were not systematically extracted.
acec-e07a71acec298e,blmca-052cd0c0-9b6f-415f-b955-f3e4e6f60c56,plan-action-82f6e135a09d,governing_land_use_plan_or_amendment,Sierra,2008-02-01,current_source_association,source identifies ACEC under this planning decision,unresolved,designated,unresolved_without_historical_geometry,,,doc-d38aebf70b2e,Sierra,https://eplanning.blm.gov/eplanning-ui/project/72554/510,,DOI-BLM-CA-C080-2007-0001-RMP-EIS,https://eplanning.blm.gov/eplanning-ui/project/72554/510,Bureau of Land Management,2026-08-05,high_source_association; current/supersession review partial,Earlier designation history and later component-level amendments were not systematically extracted.
acec-afcd1e696aa3a1,blmca-70aef1ba-1311-497e-a05c-9e49e368b952,plan-action-624575ab4c7d,governing_land_use_plan_or_amendment,"CDCA Plan, as amended by DRECP",2016-09-14,current_source_association,source identifies ACEC under this planning decision,unresolved,designated,unresolved_without_historical_geometry,,,doc-c128ae117c38,"CDCA Plan, as amended by DRECP",https://www.blm.gov/programs/planning-and-nepa/plans-in-development/california,,,,Bureau of Land Management,2026-08-05,high_source_association; current/supersession review partial,Earlier designation history and later component-level amendments were not systematically extracted.
acec-d716ed657cb21c,blmca-0cc3f793-6b95-4c90-b8a5-93b7ea36d252,plan-action-6bb6aff27694,governing_land_use_plan_or_amendment,"CDCA Plan, as amended by DRECP",2016-09-14,current_source_association,source identifies ACEC under this planning decision,unresolved,designated,unresolved_without_historical_geometry,,,doc-7de636074288,"CDCA Plan, as amended by DRECP",https://www.blm.gov/programs/planning-and-nepa/plans-in-development/california/desert-renewable-energy-conservation-plan,,DOI-BLM-CA-D010-2014-0001-RMP-EIS,,Bureau of Land Management,2026-08-05,high_source_association; current/supersession review partial,Earlier designation history and later component-level amendments were not systematically extracted.
acec-6dbf594aa4759f,blmca-590747f9-5625-43f8-a412-61717a0c79e4,plan-action-415b215c5ce7,governing_land_use_plan_or_amendment,"CDCA Plan, as amended by DRECP",2016-09-14,current_source_association,source identifies ACEC under this planning decision,unresolved,designated,unresolved_without_historical_geometry,,,doc-c128ae117c38,"CDCA Plan, as amended by DRECP",https://www.blm.gov/programs/planning-and-nepa/plans-in-development/california,,,,Bureau of Land Management,2026-08-05,high_source_association; current/supersession review partial,Earlier designation history and later component-level amendments were not systematically extracted.
acec-65416e4b1c1b18,blmca-1023b1f2-4e23-4a96-bae0-ae8a9b73b656,plan-action-1b3fe231759f,governing_land_use_plan_or_amendment,Northwest California Integrated Plan,2024-11-06,current_source_association,source identifies ACEC under this planning decision,unresolved,designated,unresolved_without_historical_geometry,,,doc-930a7cb4ff0a,Northwest California Integrated Plan,https://www.blm.gov/programs/planning-and-nepa/plans-in-development/california/northwest-california-integrated-rmp,,DOI-BLM-CA-N060-2021-0012-RMP-EIS,,Bureau of Land Management,2026-08-05,high_source_association; current/supersession review partial,Earlier designation history and later component-level amendments were not systematically extracted.
acec-8344867ebac242,blmca-64de66c3-2fa2-4709-a31d-1242d8bd7c74,plan-action-930398a95969,governing_land_use_plan_or_amendment,Northwest California Integrated Plan,2024-11-06,current_source_association,source identifies ACEC under this planning decision,unresolved,designated,unresolved_without_historical_geometry,,,doc-930a7cb4ff0a,Northwest California Integrated Plan,https://www.blm.gov/programs/planning-and-nepa/plans-in-development/california/northwest-california-integrated-rmp,,DOI-BLM-CA-N060-2021-0012-RMP-EIS,,Bureau of Land Management,2026-08-05,high_source_association; current/supersession review partial,Earlier designation history and later component-level amendments were not systematically extracted.
acec-de1c95a68f104b,blmca-2606d5fe-b50b-462a-bb2c-23185e2af57b,plan-action-9307ccd816f1,governing_land_use_plan_or_amendment,Bakersfield Resource Management Plan,2014-12-22,current_source_association,source identifies ACEC under this planning decision,unresolved,designated,unresolved_without_historical_geometry,,,doc-69af73445cb2,Bakersfield Resource Management Plan,https://eplanning.blm.gov/Project-Home/?id=77b9ea95-a7f2-f011-8406-001dd802fdea,,DOI-BLM-CA-C060-2014-0001-RMP-EIS,https://eplanning.blm.gov/Project-Home/?id=77b9ea95-a7f2-f011-8406-001dd802fdea,Bureau of Land Management,2026-08-05,high_source_association; current/supersession review partial,Earlier designation history and later component-level amendments were not systematically extracted.
acec-a52f3e1b23cfc9,blmca-61778eae-1219-46b1-90b9-0a71c991a1af,plan-action-4986d9323ba8,governing_land_use_plan_or_amendment,"CDCA Plan, as amended by DRECP",2016-09-14,current_source_association,source identifies ACEC under this planning decision,unresolved,designated,unresolved_without_historical_geometry,,,doc-c128ae117c38,"CDCA Plan, as amended by DRECP",https://www.blm.gov/programs/planning-and-nepa/plans-in-development/california,,,,Bureau of Land Management,2026-08-05,high_source_association; current/supersession review partial,Earlier designation history and later component-level amendments were not systematically extracted.
acec-80ab2d5dc567ea,blmca-8e78666e-d400-437b-b475-b2304000ef6e,plan-action-5c2d6888e5e3,governing_land_use_plan_or_amendment,"CDCA Plan, as amended by DRECP",2016-09-14,current_source_association,source identifies ACEC under this planning decision,unresolved,designated,unresolved_without_historical_geometry,,,doc-7de636074288,"CDCA Plan, as amended by DRECP",https://www.blm.gov/programs/planning-and-nepa/plans-in-development/california/desert-renewable-energy-conservation-plan,,DOI-BLM-CA-D010-2014-0001-RMP-EIS,,Bureau of Land Management,2026-08-05,high_source_association; current/supersession review partial,Earlier designation history and later component-level amendments were not systematically extracted.
acec-d96bbcd4a96783,blmca-c4cdb35b-9dfe-49ba-9818-be85d6da6780,plan-action-a86e5a1948a3,governing_land_use_plan_or_amendment,"CDCA Plan, as amended, DRECP amendment",1980-12-12,current_source_association,source identifies ACEC under this planning decision,unresolved,designated,unresolved_without_historical_geometry,,,doc-94eef1653a48,"CDCA Plan, as amended, DRECP amendment",https://eplanning.blm.gov/eplanning-ui/project/66949/510,,DOI-BLM-CA-D010-1980-0001-RMP-EIS,https://eplanning.blm.gov/eplanning-ui/project/66949/510,Bureau of Land Management,2026-08-05,high_source_association; current/supersession review partial,Earlier designation history and later component-level amendments were not systematically extracted.
acec-a139ef01241894,blmca-f9498e51-a565-4cca-ba07-c588baad8e5d,plan-action-44c11dd5a4c2,governing_land_use_plan_or_amendment,"CDCA Plan, as amended, DRECP amendment",1980-12-12,current_source_association,source identifies ACEC under this planning decision,unresolved,designated,unresolved_without_historical_geometry,,,doc-94eef1653a48,"CDCA Plan, as amended, DRECP amendment",https://eplanning.blm.gov/eplanning-ui/project/66949/510,,DOI-BLM-CA-D010-1980-0001-RMP-EIS,https://eplanning.blm.gov/eplanning-ui/project/66949/510,Bureau of Land Management,2026-08-05,high_source_association; current/supersession review partial,Earlier designation history and later component-level amendments were not systematically extracted.
acec-19799591ba4545,blmca-12860cc3-db16-4bb6-a608-318975e93cd7,plan-action-099fee9cd718,governing_land_use_plan_or_amendment,"CDCA Plan, as amended by DRECP",2016-09-14,current_source_association,source identifies ACEC under this planning decision,unresolved,designated,unresolved_without_historical_geometry,,,doc-c128ae117c38,"CDCA Plan, as amended by DRECP",https://www.blm.gov/programs/planning-and-nepa/plans-in-development/california,,,,Bureau of Land Management,2026-08-05,high_source_association; current/supersession review partial,Earlier designation history and later component-level amendments were not systematically extracted.
acec-24e55012f8d038,blmca-e0714ddb-656b-469a-9fc7-61fa6d493baf,plan-action-e54528c523c0,governing_land_use_plan_or_amendment,South Coast,1994-05-26,current_source_association,source identifies ACEC under this planning decision,unresolved,designated,unresolved_without_historical_geometry,,,doc-3d53c357b064,South Coast,https://www.blm.gov/programs/planning-and-nepa/plans-in-development/california,,,,Bureau of Land Management,2026-08-05,high_source_association; current/supersession review partial,Earlier designation history and later component-level amendments were not systematically extracted.
acec-fd15faa00160c7,blmca-2284a2b1-2fb5-487c-a377-ea6c56308913,plan-action-78fa296a13e5,governing_land_use_plan_or_amendment,South Coast,1994-05-26,current_source_association,source identifies ACEC under this planning decision,unresolved,designated,unresolved_without_historical_geometry,,,doc-3d53c357b064,South Coast,https://www.blm.gov/programs/planning-and-nepa/plans-in-development/california,,,,Bureau of Land Management,2026-08-05,high_source_association; current/supersession review partial,Earlier designation history and later component-level amendments were not systematically extracted.
acec-767f8bc7520d68,blmca-1ef8f717-75af-4e0c-809a-3f06e7c2ebfe,plan-action-00553e349719,governing_land_use_plan_or_amendment,"CDCA Plan, as amended by DRECP",2016-09-14,current_source_association,source identifies ACEC under this planning decision,unresolved,designated,unresolved_without_historical_geometry,,,doc-7de636074288,"CDCA Plan, as amended by DRECP",https://www.blm.gov/programs/planning-and-nepa/plans-in-development/california/desert-renewable-energy-conservation-plan,,DOI-BLM-CA-D010-2014-0001-RMP-EIS,,Bureau of Land Management,2026-08-05,high_source_association; current/supersession review partial,Earlier designation history and later component-level amendments were not systematically extracted.
acec-463a6667a6e4b9,blmca-afdb88c4-82ca-4f8c-964b-38f568dcbdba,plan-action-d64b969a8581,governing_land_use_plan_or_amendment,"CDCA Plan, as amended by DRECP",2016-09-14,current_source_association,source identifies ACEC under this planning decision,unresolved,designated,unresolved_without_historical_geometry,,,doc-7de636074288,"CDCA Plan, as amended by DRECP",https://www.blm.gov/programs/planning-and-nepa/plans-in-development/california/desert-renewable-energy-conservation-plan,,DOI-BLM-CA-D010-2014-0001-RMP-EIS,,Bureau of Land Management,2026-08-05,high_source_association; current/supersession review partial,Earlier designation history and later component-level amendments were not systematically extracted.
acec-3b7ae60a0f48f8,blmca-7db29eec-41eb-40d8-ae3b-b092d413a58f,plan-action-cf2b7d0f939f,governing_land_use_plan_or_amendment,Northwest California Integrated Plan,2024-11-06,current_source_association,source identifies ACEC under this planning decision,unresolved,designated,unresolved_without_historical_geometry,,,doc-930a7cb4ff0a,Northwest California Integrated Plan,https://www.blm.gov/programs/planning-and-nepa/plans-in-development/california/northwest-california-integrated-rmp,,DOI-BLM-CA-N060-2021-0012-RMP-EIS,,Bureau of Land Management,2026-08-05,high_source_association; current/supersession review partial,Earlier designation history and later component-level amendments were not systematically extracted.
acec-f6ff8a97744b0b,blmca-ad85240a-bb29-4db0-9e95-8e813c704aef,plan-action-a63c0a28a5b0,governing_land_use_plan_or_amendment,Northwest California Integrated Plan,2024-11-06,current_source_association,source identifies ACEC under this planning decision,unresolved,designated,unresolved_without_historical_geometry,,,doc-930a7cb4ff0a,Northwest California Integrated Plan,https://www.blm.gov/programs/planning-and-nepa/plans-in-development/california/northwest-california-integrated-rmp,,DOI-BLM-CA-N060-2021-0012-RMP-EIS,,Bureau of Land Management,2026-08-05,high_source_association; current/supersession review partial,Earlier designation history and later component-level amendments were not systematically extracted.
acec-990ad47d85b85d,blmca-c7e11134-6fcd-4852-b5a0-e8c22b183484,plan-action-0402586dde11,governing_land_use_plan_or_amendment,"CDCA Plan, as amended by DRECP",2016-09-14,current_source_association,source identifies ACEC under this planning decision,unresolved,designated,unresolved_without_historical_geometry,,,doc-c128ae117c38,"CDCA Plan, as amended by DRECP",https://www.blm.gov/programs/planning-and-nepa/plans-in-development/california,,,,Bureau of Land Management,2026-08-05,high_source_association; current/supersession review partial,Earlier designation history and later component-level amendments were not systematically extracted.
acec-f38758c79248ff,blmca-63adb8cc-9cfa-43da-b9b1-fa3accea7e1a,plan-action-fc7d85546edf,governing_land_use_plan_or_amendment,"CDCA Plan, as amended by DRECP",2016-09-14,current_source_association,source identifies ACEC under this planning decision,unresolved,designated,unresolved_without_historical_geometry,,,doc-c128ae117c38,"CDCA Plan, as amended by DRECP",https://www.blm.gov/programs/planning-and-nepa/plans-in-development/california,,,,Bureau of Land Management,2026-08-05,high_source_association; current/supersession review partial,Earlier designation history and later component-level amendments were not systematically extracted.
acec-dd783204130494,blmca-5cc19af4-1186-47ba-8da3-bacd883a2f54,plan-action-c007348af4d4,governing_land_use_plan_or_amendment,"CDCA, as amended, DRECP amendment",1980-12-12,current_source_association,source identifies ACEC under this planning decision,unresolved,designated,unresolved_without_historical_geometry,,,doc-339b1369ef02,"CDCA, as amended, DRECP amendment",https://eplanning.blm.gov/eplanning-ui/project/66949/510,,DOI-BLM-CA-D010-1980-0001-RMP-EIS,https://eplanning.blm.gov/eplanning-ui/project/66949/510,Bureau of Land Management,2026-08-05,high_source_association; current/supersession review partial,Earlier designation history and later component-level amendments were not systematically extracted.
acec-5a176005bfc20b,blmca-4cd4350c-a29e-4308-966d-b497b4959aa7,plan-action-c8c46e9aac4e,governing_land_use_plan_or_amendment,Bishop,1993-03-26,current_source_association,source identifies ACEC under this planning decision,unresolved,designated,unresolved_without_historical_geometry,,,doc-00f5dfe916c7,Bishop,https://eplanning.blm.gov/Project-Home/?id=dd68a393-a7f2-f011-8407-001dd80c29f3,,DOI-BLM-CA-C070-1993-0001-RMP-EIS,https://eplanning.blm.gov/Project-Home/?id=dd68a393-a7f2-f011-8407-001dd80c29f3,Bureau of Land Management,2026-08-05,high_source_association; current/supersession review partial,Earlier designation history and later component-level amendments were not systematically extracted.
acec-a26e29826790bb,blmca-73621922-1786-433b-b2e6-13ace9f5e08f,plan-action-c530e65eefc0,governing_land_use_plan_or_amendment,"CDCA Plan, as amended by DRECP",2016-09-14,current_source_association,source identifies ACEC under this planning decision,unresolved,designated,unresolved_without_historical_geometry,,,doc-7de636074288,"CDCA Plan, as amended by DRECP",https://www.blm.gov/programs/planning-and-nepa/plans-in-development/california/desert-renewable-energy-conservation-plan,,DOI-BLM-CA-D010-2014-0001-RMP-EIS,,Bureau of Land Management,2026-08-05,high_source_association; current/supersession review partial,Earlier designation history and later component-level amendments were not systematically extracted.
acec-567f19f3c713d7,blmca-858b3021-c28c-499f-a06c-83d31c238b96,plan-action-840cc11eca19,governing_land_use_plan_or_amendment,"CDCA Plan, as amended by DRECP",2016-09-14,current_source_association,source identifies ACEC under this planning decision,unresolved,designated,unresolved_without_historical_geometry,,,doc-7de636074288,"CDCA Plan, as amended by DRECP",https://www.blm.gov/programs/planning-and-nepa/plans-in-development/california/desert-renewable-energy-conservation-plan,,DOI-BLM-CA-D010-2014-0001-RMP-EIS,,Bureau of Land Management,2026-08-05,high_source_association; current/supersession review partial,Earlier designation history and later component-level amendments were not systematically extracted.
acec-597fbdb2c879fa,blmca-2868ca77-292f-46cf-bbce-553ae1240799,plan-action-abcfea590055,governing_land_use_plan_or_amendment,"CDCA Plan, as amended by DRECP",2016-09-14,current_source_association,source identifies ACEC under this planning decision,unresolved,designated,unresolved_without_historical_geometry,,,doc-7de636074288,"CDCA Plan, as amended by DRECP",https://www.blm.gov/programs/planning-and-nepa/plans-in-development/california/desert-renewable-energy-conservation-plan,,DOI-BLM-CA-D010-2014-0001-RMP-EIS,,Bureau of Land Management,2026-08-05,high_source_association; current/supersession review partial,Earlier designation history and later component-level amendments were not systematically extracted.
acec-b365df2948c9b1,blmca-3e39318c-2435-4c8d-bc42-d24df3e476f9,plan-action-a537512c20dd,governing_land_use_plan_or_amendment,"Bishop RMP, as amended by DRECP",2016-09-14,current_source_association,source identifies ACEC under this planning decision,unresolved,designated,unresolved_without_historical_geometry,,,doc-31eedd24de3b,"Bishop RMP, as amended by DRECP",https://www.blm.gov/programs/planning-and-nepa/plans-in-development/california/desert-renewable-energy-conservation-plan,,DOI-BLM-CA-D010-2014-0001-RMP-EIS,,Bureau of Land Management,2026-08-05,high_source_association; current/supersession review partial,Earlier designation history and later component-level amendments were not systematically extracted.
acec-cdc94bb3501f9f,blmca-60173fbd-464d-441a-bdb2-6dbd5817c9fa,plan-action-c72916764a3c,governing_land_use_plan_or_amendment,Sierra,2008-02-01,current_source_association,source identifies ACEC under this planning decision,unresolved,designated,unresolved_without_historical_geometry,,,doc-d38aebf70b2e,Sierra,https://eplanning.blm.gov/eplanning-ui/project/72554/510,,DOI-BLM-CA-C080-2007-0001-RMP-EIS,https://eplanning.blm.gov/eplanning-ui/project/72554/510,Bureau of Land Management,2026-08-05,high_source_association; current/supersession review partial,Earlier designation history and later component-level amendments were not systematically extracted.
acec-352e68a6096bd8,blmca-f6d9bde1-1a85-4c6f-a365-3fa30f6f0ba0,plan-action-282920b9630e,governing_land_use_plan_or_amendment,"CDCA Plan, as amended by DRECP",2016-09-14,current_source_association,source identifies ACEC under this planning decision,unresolved,designated,unresolved_without_historical_geometry,,,doc-c128ae117c38,"CDCA Plan, as amended by DRECP",https://www.blm.gov/programs/planning-and-nepa/plans-in-development/california,,,,Bureau of Land Management,2026-08-05,high_source_association; current/supersession review partial,Earlier designation history and later component-level amendments were not systematically extracted.
acec-7c32cc0106ad1f,blmca-92899d87-e7d4-4f2e-9d27-20b4bd0579d4,plan-action-258289a371cf,governing_land_use_plan_or_amendment,Ukiah,2006-09-25,current_source_association,source identifies ACEC under this planning decision,unresolved,designated,unresolved_without_historical_geometry,,,doc-8bc39ada015a,Ukiah,https://www.blm.gov/programs/planning-and-nepa/plans-in-development/california,,DOI-BLM-CA-C050-2006-0001-RMP-EIS,,Bureau of Land Management,2026-08-05,high_source_association; current/supersession review partial,Earlier designation history and later component-level amendments were not systematically extracted.
acec-895932450c9410,blmca-ee7c7e17-8700-4cf3-b4bd-fab0e7c625d1,plan-action-22b32abb76ad,governing_land_use_plan_or_amendment,"CDCA Plan, as amended by DRECP",2016-09-14,current_source_association,source identifies ACEC under this planning decision,unresolved,designated,unresolved_without_historical_geometry,,,doc-7de636074288,"CDCA Plan, as amended by DRECP",https://www.blm.gov/programs/planning-and-nepa/plans-in-development/california/desert-renewable-energy-conservation-plan,,DOI-BLM-CA-D010-2014-0001-RMP-EIS,,Bureau of Land Management,2026-08-05,high_source_association; current/supersession review partial,Earlier designation history and later component-level amendments were not systematically extracted.
acec-68e7e5ca595c4e,blmca-c3786b95-3cc4-47a6-89c4-cc1c457e06a8,plan-action-ce843b53fa49,governing_land_use_plan_or_amendment,"CDCA Plan, as amended by DRECP",2016-09-14,current_source_association,source identifies ACEC under this planning decision,unresolved,designated,unresolved_without_historical_geometry,,,doc-c128ae117c38,"CDCA Plan, as amended by DRECP",https://www.blm.gov/programs/planning-and-nepa/plans-in-development/california,,,,Bureau of Land Management,2026-08-05,high_source_association; current/supersession review partial,Earlier designation history and later component-level amendments were not systematically extracted.
acec-cb322417fa5793,blmca-3c4d10bf-5b35-492d-8807-6586e86334d9,plan-action-4d2536b6467f,governing_land_use_plan_or_amendment,Eagle Lake,2008-04-17,current_source_association,source identifies ACEC under this planning decision,unresolved,designated,unresolved_without_historical_geometry,,,doc-5a0f56bb2426,Eagle Lake,https://eplanning.blm.gov/eplanning-ui/project/69341/510,,DOI-BLM-CA-N050-2008-0002-RMP-EIS,https://eplanning.blm.gov/eplanning-ui/project/69341/510,Bureau of Land Management,2026-08-05,high_source_association; current/supersession review partial,Earlier designation history and later component-level amendments were not systematically extracted.
acec-3f8988d80d2645,blmca-c09b71e8-678f-4f6f-a66c-7be2ec54fbab,plan-action-2184301b7e9f,governing_land_use_plan_or_amendment,Northwest California Integrated Plan,2024-11-06,current_source_association,source identifies ACEC under this planning decision,unresolved,designated,unresolved_without_historical_geometry,,,doc-930a7cb4ff0a,Northwest California Integrated Plan,https://www.blm.gov/programs/planning-and-nepa/plans-in-development/california/northwest-california-integrated-rmp,,DOI-BLM-CA-N060-2021-0012-RMP-EIS,,Bureau of Land Management,2026-08-05,high_source_association; current/supersession review partial,Earlier designation history and later component-level amendments were not systematically extracted.
acec-db1c025620ee95,blmca-897c4957-1102-4eff-a935-0266cc5bee6f,plan-action-afc6c8e11770,governing_land_use_plan_or_amendment,"Bishop RMP, as amended by DRECP",2016-09-14,current_source_association,source identifies ACEC under this planning decision,unresolved,designated,unresolved_without_historical_geometry,,,doc-31eedd24de3b,"Bishop RMP, as amended by DRECP",https://www.blm.gov/programs/planning-and-nepa/plans-in-development/california/desert-renewable-energy-conservation-plan,,DOI-BLM-CA-D010-2014-0001-RMP-EIS,,Bureau of Land Management,2026-08-05,high_source_association; current/supersession review partial,Earlier designation history and later component-level amendments were not systematically extracted.
acec-8b7205a710bcf7,blmca-e7f84169-2cb4-4e4e-bcc1-b2f696407519,plan-action-3460e1bbfcbf,governing_land_use_plan_or_amendment,Eastern San Diego County MFP,2008-10-01,current_source_association,source identifies ACEC under this planning decision,unresolved,designated,unresolved_without_historical_geometry,,,doc-844b8544259d,Eastern San Diego County MFP,https://www.blm.gov/programs/planning-and-nepa/plans-in-development/california,,,,Bureau of Land Management,2026-08-05,high_source_association; current/supersession review partial,Earlier designation history and later component-level amendments were not systematically extracted.
acec-bb8e39bb718d14,blmca-065830c1-b704-4771-91a2-f9c3524896b4,plan-action-c3b574669d6a,governing_land_use_plan_or_amendment,Bakersfield Resource Management Plan,2014-12-22,current_source_association,source identifies ACEC under this planning decision,unresolved,designated,unresolved_without_historical_geometry,,,doc-69af73445cb2,Bakersfield Resource Management Plan,https://eplanning.blm.gov/Project-Home/?id=77b9ea95-a7f2-f011-8406-001dd802fdea,,DOI-BLM-CA-C060-2014-0001-RMP-EIS,https://eplanning.blm.gov/Project-Home/?id=77b9ea95-a7f2-f011-8406-001dd802fdea,Bureau of Land Management,2026-08-05,high_source_association; current/supersession review partial,Earlier designation history and later component-level amendments were not systematically extracted.
acec-ed38a295261e2f,blmca-3cdad385-0fb8-4a58-8cc9-e5da284070e2,plan-action-337659875d04,governing_land_use_plan_or_amendment,Alturas,2008-04-17,current_source_association,source identifies ACEC under this planning decision,unresolved,designated,unresolved_without_historical_geometry,,,doc-5385a2606b1c,Alturas,https://eplanning.blm.gov/Project-Home/?id=e567a393-a7f2-f011-8407-001dd80c29f3,,DOI-BLM-CA-N020-2008-0001-RMP-EIS,https://eplanning.blm.gov/Project-Home/?id=e567a393-a7f2-f011-8407-001dd80c29f3,Bureau of Land Management,2026-08-05,high_source_association; current/supersession review partial,Earlier designation history and later component-level amendments were not systematically extracted.
acec-2b56b7d087bc72,blmca-f7934bf6-07d4-4fbb-a4ed-44a5bcc99e08,plan-action-bee3f6fc8604,governing_land_use_plan_or_amendment,Bishop,1993-03-26,current_source_association,source identifies ACEC under this planning decision,unresolved,designated,unresolved_without_historical_geometry,,,doc-00f5dfe916c7,Bishop,https://eplanning.blm.gov/Project-Home/?id=dd68a393-a7f2-f011-8407-001dd80c29f3,,DOI-BLM-CA-C070-1993-0001-RMP-EIS,https://eplanning.blm.gov/Project-Home/?id=dd68a393-a7f2-f011-8407-001dd80c29f3,Bureau of Land Management,2026-08-05,high_source_association; current/supersession review partial,Earlier designation history and later component-level amendments were not systematically extracted.
acec-76697c022d953b,blmca-bf4281f6-64cb-4ca0-adbf-04cb86d1e5af,plan-action-095eb2d73654,governing_land_use_plan_or_amendment,"CDCA Plan, as amended by DRECP",2016-09-14,current_source_association,source identifies ACEC under this planning decision,unresolved,designated,unresolved_without_historical_geometry,,,doc-c128ae117c38,"CDCA Plan, as amended by DRECP",https://www.blm.gov/programs/planning-and-nepa/plans-in-development/california,,,,Bureau of Land Management,2026-08-05,high_source_association; current/supersession review partial,Earlier designation history and later component-level amendments were not systematically extracted.
acec-3377f0ee1fcbb1,blmca-d71f9477-603a-4e9b-b464-3fcf670d500b,plan-action-583fe24f2507,governing_land_use_plan_or_amendment,"CDCA Plan, as amended by DRECP",2016-09-14,current_source_association,source identifies ACEC under this planning decision,unresolved,designated,unresolved_without_historical_geometry,,,doc-7de636074288,"CDCA Plan, as amended by DRECP",https://www.blm.gov/programs/planning-and-nepa/plans-in-development/california/desert-renewable-energy-conservation-plan,,DOI-BLM-CA-D010-2014-0001-RMP-EIS,,Bureau of Land Management,2026-08-05,high_source_association; current/supersession review partial,Earlier designation history and later component-level amendments were not systematically extracted.
acec-24f5924ae9f5cc,blmca-5ca513d2-3632-4d18-bbfe-ecd39ebb0fae,plan-action-923447b2a9d0,governing_land_use_plan_or_amendment,Northwest California Integrated Plan,2024-11-06,current_source_association,source identifies ACEC under this planning decision,unresolved,designated,unresolved_without_historical_geometry,,,doc-930a7cb4ff0a,Northwest California Integrated Plan,https://www.blm.gov/programs/planning-and-nepa/plans-in-development/california/northwest-california-integrated-rmp,,DOI-BLM-CA-N060-2021-0012-RMP-EIS,,Bureau of Land Management,2026-08-05,high_source_association; current/supersession review partial,Earlier designation history and later component-level amendments were not systematically extracted.
acec-c1bbe5652a8b4f,blmca-0988669b-9de2-499a-9f3c-f1ab79e4eab2,plan-action-2630e0601a82,governing_land_use_plan_or_amendment,Bakersfield Resource Management Plan,2014-12-22,current_source_association,source identifies ACEC under this planning decision,unresolved,designated,unresolved_without_historical_geometry,,,doc-69af73445cb2,Bakersfield Resource Management Plan,https://eplanning.blm.gov/Project-Home/?id=77b9ea95-a7f2-f011-8406-001dd802fdea,,DOI-BLM-CA-C060-2014-0001-RMP-EIS,https://eplanning.blm.gov/Project-Home/?id=77b9ea95-a7f2-f011-8406-001dd802fdea,Bureau of Land Management,2026-08-05,high_source_association; current/supersession review partial,Earlier designation history and later component-level amendments were not systematically extracted.
acec-29d65400bcc38b,blmca-4a3cbfd7-5d6c-48b8-83e6-51657eea7a24,plan-action-71118f1acad8,governing_land_use_plan_or_amendment,"CDCA Plan, as amended by DRECP",2016-09-14,current_source_association,source identifies ACEC under this planning decision,unresolved,designated,unresolved_without_historical_geometry,,,doc-7de636074288,"CDCA Plan, as amended by DRECP",https://www.blm.gov/programs/planning-and-nepa/plans-in-development/california/desert-renewable-energy-conservation-plan,,DOI-BLM-CA-D010-2014-0001-RMP-EIS,,Bureau of Land Management,2026-08-05,high_source_association; current/supersession review partial,Earlier designation history and later component-level amendments were not systematically extracted.
acec-4e3d7779523f35,blmca-874c30a4-af68-49bf-86e6-902ca6abecc1,plan-action-eebfb2b3327a,governing_land_use_plan_or_amendment,Northwest California Integrated Plan,2024-11-06,current_source_association,source identifies ACEC under this planning decision,unresolved,designated,unresolved_without_historical_geometry,,,doc-930a7cb4ff0a,Northwest California Integrated Plan,https://www.blm.gov/programs/planning-and-nepa/plans-in-development/california/northwest-california-integrated-rmp,,DOI-BLM-CA-N060-2021-0012-RMP-EIS,,Bureau of Land Management,2026-08-05,high_source_association; current/supersession review partial,Earlier designation history and later component-level amendments were not systematically extracted.
acec-357a2ccbe0140a,blmca-b79694dc-245a-4460-91f3-abe474ea3922,plan-action-2855880a63a3,governing_land_use_plan_or_amendment,Northwest California Integrated Plan,2024-11-06,current_source_association,source identifies ACEC under this planning decision,unresolved,designated,unresolved_without_historical_geometry,,,doc-930a7cb4ff0a,Northwest California Integrated Plan,https://www.blm.gov/programs/planning-and-nepa/plans-in-development/california/northwest-california-integrated-rmp,,DOI-BLM-CA-N060-2021-0012-RMP-EIS,,Bureau of Land Management,2026-08-05,high_source_association; current/supersession review partial,Earlier designation history and later component-level amendments were not systematically extracted.
acec-d82f6ef87526c2,blmca-2d9d7f56-bb0d-47aa-bccc-0ae56c8a20ff,plan-action-f553ee1d1cba,governing_land_use_plan_or_amendment,"CDCA Plan, as amended by DRECP",2016-09-14,current_source_association,source identifies ACEC under this planning decision,unresolved,designated,unresolved_without_historical_geometry,,,doc-c128ae117c38,"CDCA Plan, as amended by DRECP",https://www.blm.gov/programs/planning-and-nepa/plans-in-development/california,,,,Bureau of Land Management,2026-08-05,high_source_association; current/supersession review partial,Earlier designation history and later component-level amendments were not systematically extracted.
acec-efa23557e2005a,blmca-7937c0b3-94a9-4cb7-aa6f-102375b68f22,plan-action-60b9338bf07f,governing_land_use_plan_or_amendment,Northwest California Integrated Plan,2024-11-06,current_source_association,source identifies ACEC under this planning decision,unresolved,designated,unresolved_without_historical_geometry,,,doc-930a7cb4ff0a,Northwest California Integrated Plan,https://www.blm.gov/programs/planning-and-nepa/plans-in-development/california/northwest-california-integrated-rmp,,DOI-BLM-CA-N060-2021-0012-RMP-EIS,,Bureau of Land Management,2026-08-05,high_source_association; current/supersession review partial,Earlier designation history and later component-level amendments were not systematically extracted.
acec-3a59aba8cb5246,blmca-1ed835ad-b172-42ca-9ca7-01bbcb95d666,plan-action-f714c8e199a3,governing_land_use_plan_or_amendment,Ukiah,2006-09-25,current_source_association,source identifies ACEC under this planning decision,unresolved,designated,unresolved_without_historical_geometry,,,doc-8bc39ada015a,Ukiah,https://www.blm.gov/programs/planning-and-nepa/plans-in-development/california,,DOI-BLM-CA-C050-2006-0001-RMP-EIS,,Bureau of Land Management,2026-08-05,high_source_association; current/supersession review partial,Earlier designation history and later component-level amendments were not systematically extracted.
acec-c03b261f133906,blmca-d03c1e5f-ea32-46b9-9bdf-f7e9f92e3e9a,plan-action-9ea08b3a2c7c,governing_land_use_plan_or_amendment,"CDCA Plan, as amended by DRECP",2016-09-14,current_source_association,source identifies ACEC under this planning decision,unresolved,designated,unresolved_without_historical_geometry,,,doc-c128ae117c38,"CDCA Plan, as amended by DRECP",https://www.blm.gov/programs/planning-and-nepa/plans-in-development/california,,,,Bureau of Land Management,2026-08-05,high_source_association; current/supersession review partial,Earlier designation history and later component-level amendments were not systematically extracted.
acec-e8b72e19e142f6,blmca-920d16dd-ab00-469c-a546-6523c3ce111d,plan-action-c76db5167d30,governing_land_use_plan_or_amendment,"CDCA Plan, as amended, DRECP amendment",1980-12-12,current_source_association,source identifies ACEC under this planning decision,unresolved,designated,unresolved_without_historical_geometry,,,doc-94eef1653a48,"CDCA Plan, as amended, DRECP amendment",https://eplanning.blm.gov/eplanning-ui/project/66949/510,,DOI-BLM-CA-D010-1980-0001-RMP-EIS,https://eplanning.blm.gov/eplanning-ui/project/66949/510,Bureau of Land Management,2026-08-05,high_source_association; current/supersession review partial,Earlier designation history and later component-level amendments were not systematically extracted.
acec-2b35387302279d,blmca-f79ad1b4-7b1d-4483-80a8-1f4d2260134f,plan-action-f3ef62456654,governing_land_use_plan_or_amendment,"CDCA Plan, as amended by DRECP",2016-09-14,current_source_association,source identifies ACEC under this planning decision,unresolved,designated,unresolved_without_historical_geometry,,,doc-7de636074288,"CDCA Plan, as amended by DRECP",https://www.blm.gov/programs/planning-and-nepa/plans-in-development/california/desert-renewable-energy-conservation-plan,,DOI-BLM-CA-D010-2014-0001-RMP-EIS,,Bureau of Land Management,2026-08-05,high_source_association; current/supersession review partial,Earlier designation history and later component-level amendments were not systematically extracted.
acec-1b6b11fb2fa3da,blmca-318f2b91-74b6-4fdb-9ba3-ab1abc753cee,plan-action-4f9156ea2c00,governing_land_use_plan_or_amendment,"CDCA Plan, as amended by DRECP",2016-09-14,current_source_association,source identifies ACEC under this planning decision,unresolved,designated,unresolved_without_historical_geometry,,,doc-c128ae117c38,"CDCA Plan, as amended by DRECP",https://www.blm.gov/programs/planning-and-nepa/plans-in-development/california,,,,Bureau of Land Management,2026-08-05,high_source_association; current/supersession review partial,Earlier designation history and later component-level amendments were not systematically extracted.
acec-6d85a6d54632e3,blmca-a8bb640e-2f98-4899-b99b-1c04675c0f12,plan-action-75a0ed6eeb43,governing_land_use_plan_or_amendment,"CDCA Plan, as amended by Plan 53",2016-09-14,current_source_association,source identifies ACEC under this planning decision,unresolved,designated,unresolved_without_historical_geometry,,,doc-993d4a471520,"CDCA Plan, as amended by Plan 53",https://www.blm.gov/programs/planning-and-nepa/plans-in-development/california/desert-renewable-energy-conservation-plan,,DOI-BLM-CA-D010-2014-0001-RMP-EIS,,Bureau of Land Management,2026-08-05,high_source_association; current/supersession review partial,Earlier designation history and later component-level amendments were not systematically extracted.
acec-5d4bd3eb92c832,blmca-eb7ea06e-10c8-4a36-98f2-dec9a8268d05,plan-action-73b30f19d606,governing_land_use_plan_or_amendment,"CDCA Plan, as amended by DRECP",2016-09-14,current_source_association,source identifies ACEC under this planning decision,unresolved,designated,unresolved_without_historical_geometry,,,doc-c128ae117c38,"CDCA Plan, as amended by DRECP",https://www.blm.gov/programs/planning-and-nepa/plans-in-development/california,,,,Bureau of Land Management,2026-08-05,high_source_association; current/supersession review partial,Earlier designation history and later component-level amendments were not systematically extracted.
acec-75b3171ed4c960,blmca-9e3443a2-2588-492e-aa56-29555f6697ad,plan-action-17a305b5c25c,governing_land_use_plan_or_amendment,"CDCA Plan, as amended by DRECP",2016-09-14,current_source_association,source identifies ACEC under this planning decision,unresolved,designated,unresolved_without_historical_geometry,,,doc-c128ae117c38,"CDCA Plan, as amended by DRECP",https://www.blm.gov/programs/planning-and-nepa/plans-in-development/california,,,,Bureau of Land Management,2026-08-05,high_source_association; current/supersession review partial,Earlier designation history and later component-level amendments were not systematically extracted.
acec-09fe4a5bcad4b5,blmca-a0cae823-dc4f-4785-93b0-987b078b0a78,plan-action-1df963cd3e3b,governing_land_use_plan_or_amendment,"CDCA Plan, as amended by DRECP",2016-09-14,current_source_association,source identifies ACEC under this planning decision,unresolved,designated,unresolved_without_historical_geometry,,,doc-c128ae117c38,"CDCA Plan, as amended by DRECP",https://www.blm.gov/programs/planning-and-nepa/plans-in-development/california,,,,Bureau of Land Management,2026-08-05,high_source_association; current/supersession review partial,Earlier designation history and later component-level amendments were not systematically extracted.
acec-0b0d388308cb98,blmca-58943e65-6fe6-4604-b3f4-8231adf07d33,plan-action-8f6e58b51a0d,governing_land_use_plan_or_amendment,Northwest California Integrated Plan,2024-11-06,current_source_association,source identifies ACEC under this planning decision,unresolved,designated,unresolved_without_historical_geometry,,,doc-930a7cb4ff0a,Northwest California Integrated Plan,https://www.blm.gov/programs/planning-and-nepa/plans-in-development/california/northwest-california-integrated-rmp,,DOI-BLM-CA-N060-2021-0012-RMP-EIS,,Bureau of Land Management,2026-08-05,high_source_association; current/supersession review partial,Earlier designation history and later component-level amendments were not systematically extracted.
acec-460f0c52cecfed,blmca-08f7ba26-52ef-4b67-854e-3f208e1956f5,plan-action-3551d882c53d,governing_land_use_plan_or_amendment,Eagle Lake,2008-04-17,current_source_association,source identifies ACEC under this planning decision,unresolved,designated,unresolved_without_historical_geometry,,,doc-5a0f56bb2426,Eagle Lake,https://eplanning.blm.gov/eplanning-ui/project/69341/510,,DOI-BLM-CA-N050-2008-0002-RMP-EIS,https://eplanning.blm.gov/eplanning-ui/project/69341/510,Bureau of Land Management,2026-08-05,high_source_association; current/supersession review partial,Earlier designation history and later component-level amendments were not systematically extracted.
acec-de56c514e59197,blmca-a157f7ca-0e12-4821-a8c6-fafcdd3e2e82,plan-action-0bfd1639e329,governing_land_use_plan_or_amendment,Alturas,2008-04-17,current_source_association,source identifies ACEC under this planning decision,unresolved,designated,unresolved_without_historical_geometry,,,doc-5385a2606b1c,Alturas,https://eplanning.blm.gov/Project-Home/?id=e567a393-a7f2-f011-8407-001dd80c29f3,,DOI-BLM-CA-N020-2008-0001-RMP-EIS,https://eplanning.blm.gov/Project-Home/?id=e567a393-a7f2-f011-8407-001dd80c29f3,Bureau of Land Management,2026-08-05,high_source_association; current/supersession review partial,Earlier designation history and later component-level amendments were not systematically extracted.
acec-9b03a4735ae0c5,blmca-bf4e6797-bbf1-4afe-825c-d142ebbcafb8,plan-action-c9f35efb480f,governing_land_use_plan_or_amendment,"CDCA Plan, as amended, DRECP amendment",1980-12-12,current_source_association,source identifies ACEC under this planning decision,unresolved,designated,unresolved_without_historical_geometry,,,doc-94eef1653a48,"CDCA Plan, as amended, DRECP amendment",https://eplanning.blm.gov/eplanning-ui/project/66949/510,,DOI-BLM-CA-D010-1980-0001-RMP-EIS,https://eplanning.blm.gov/eplanning-ui/project/66949/510,Bureau of Land Management,2026-08-05,high_source_association; current/supersession review partial,Earlier designation history and later component-level amendments were not systematically extracted.
