{
"type": "FeatureCollection",
"name": "snow_soil_climate_stations_webmap",
"crs": { "type": "name", "properties": { "name": "urn:ogc:def:crs:OGC:1.3:CRS84" } },
"features": [
{ "type": "Feature", "properties": { "station_uid": "CDEC_snow_sensor_ADM", "station_name": "ADIN MOUNTAIN", "station_type": "cdec_snow_sensor", "station_type_label": "CDEC snow sensor", "network_group": "Snow / soil climate stations", "provider": "CA DWR / CDEC / CCSS", "source_system": "CDEC", "source_layer": "California Snow Data - Station Metadata", "station_id": "ADM", "site_num": null, "station_triplet": null, "shef_id": null, "cdec_id": "ADM", "operator_agency": "Natural Resources Conservation Service", "owner_agency": null, "state": "CA", "county": null, "basin": null, "huc": null, "elevation_ft": 6200.0, "latitude": 41.237, "longitude": -120.792, "start_date": "1984-01-01T00:00:00", "end_date": null, "status": "active", "site_page_url": "https://cdec.water.ca.gov/dynamicapp/staMeta?station_id=ADM", "data_page_url": "https://cdec.water.ca.gov/dynamicapp/QueryDaily?s=ADM", "source_url": "https://data.cnra.ca.gov/dataset/california-snow-data/resource/49baa289-3cc3-439a-af7a-727486dbf303" }, "geometry": { "type": "Point", "coordinates": [ -120.792, 41.237 ] } },
{ "type": "Feature", "properties": { "station_uid": "CDEC_snow_sensor_AGP", "station_name": "AGNEW PASS", "station_type": "cdec_snow_sensor", "station_type_label": "CDEC snow sensor", "network_group": "Snow / soil climate stations", "provider": "CA DWR / CDEC / CCSS", "source_system": "CDEC", "source_layer": "California Snow Data - Station Metadata", "station_id": "AGP", "site_num": null, "station_triplet": null, "shef_id": null, "cdec_id": "AGP", "operator_agency": "CA Dept of Water Resources/DFM-Hydro-SMN", "owner_agency": null, "state": "CA", "county": null, "basin": null, "huc": null, "elevation_ft": 9450.0, "latitude": 37.72663116, "longitude": -119.1417313, "start_date": "1989-11-24T00:00:00", "end_date": null, "status": "active", "site_page_url": "https://cdec.water.ca.gov/dynamicapp/staMeta?station_id=AGP", "data_page_url": "https://cdec.water.ca.gov/dynamicapp/QueryDaily?s=AGP", "source_url": "https://data.cnra.ca.gov/dataset/california-snow-data/resource/49baa289-3cc3-439a-af7a-727486dbf303" }, "geometry": { "type": "Point", "coordinates": [ -119.1417313, 37.72663116 ] } },
{ "type": "Feature", "properties": { "station_uid": "CDEC_snow_sensor_ALP", "station_name": "ALPHA (SMUD)", "station_type": "cdec_snow_sensor", "station_type_label": "CDEC snow sensor", "network_group": "Snow / soil climate stations", "provider": "CA DWR / CDEC / CCSS", "source_system": "CDEC", "source_layer": "California Snow Data - Station Metadata", "station_id": "ALP", "site_num": null, "station_triplet": null, "shef_id": null, "cdec_id": "ALP", "operator_agency": ".None Specified", "owner_agency": null, "state": "CA", "county": null, "basin": null, "huc": null, "elevation_ft": 7600.0, "latitude": 38.80419159, "longitude": -120.2156525, "start_date": "1970-01-01T00:00:00", "end_date": null, "status": "active", "site_page_url": "https://cdec.water.ca.gov/dynamicapp/staMeta?station_id=ALP", "data_page_url": "https://cdec.water.ca.gov/dynamicapp/QueryDaily?s=ALP", "source_url": "https://data.cnra.ca.gov/dataset/california-snow-data/resource/49baa289-3cc3-439a-af7a-727486dbf303" }, "geometry": { "type": "Point", "coordinates": [ -120.2156525, 38.80419159 ] } },
{ "type": "Feature", "properties": { "station_uid": "CDEC_snow_sensor_BCH", "station_name": "BEACH MEADOWS", "station_type": "cdec_snow_sensor", "station_type_label": "CDEC snow sensor", "network_group": "Snow / soil climate stations", "provider": "CA DWR / CDEC / CCSS", "source_system": "CDEC", "source_layer": "California Snow Data - Station Metadata", "station_id": "BCH", "site_num": null, "station_triplet": null, "shef_id": null, "cdec_id": "BCH", "operator_agency": "CA Dept of Water Resources/DFM-Hydro-SMN", "owner_agency": null, "state": "CA", "county": null, "basin": null, "huc": null, "elevation_ft": 7650.0, "latitude": 36.12609482, "longitude": -118.293457, "start_date": "1982-10-30T00:00:00", "end_date": null, "status": "active", "site_page_url": "https://cdec.water.ca.gov/dynamicapp/staMeta?station_id=BCH", "data_page_url": "https://cdec.water.ca.gov/dynamicapp/QueryDaily?s=BCH", "source_url": "https://data.cnra.ca.gov/dataset/california-snow-data/resource/49baa289-3cc3-439a-af7a-727486dbf303" }, "geometry": { "type": "Point", "coordinates": [ -118.293457, 36.12609482 ] } },
{ "type": "Feature", "properties": { "station_uid": "CDEC_snow_sensor_BFL", "station_name": "BIG FLAT", "station_type": "cdec_snow_sensor", "station_type_label": "CDEC snow sensor", "network_group": "Snow / soil climate stations", "provider": "CA DWR / CDEC / CCSS", "source_system": "CDEC", "source_layer": "California Snow Data - Station Metadata", "station_id": "BFL", "site_num": null, "station_triplet": null, "shef_id": null, "cdec_id": "BFL", "operator_agency": "CA Dept of Water Resources/DFM-Hydro-SMN", "owner_agency": null, "state": "CA", "county": null, "basin": null, "huc": null, "elevation_ft": 5100.0, "latitude": 41.07759857, "longitude": -122.9422302, "start_date": "1983-11-16T00:00:00", "end_date": null, "status": "active", "site_page_url": "https://cdec.water.ca.gov/dynamicapp/staMeta?station_id=BFL", "data_page_url": "https://cdec.water.ca.gov/dynamicapp/QueryDaily?s=BFL", "source_url": "https://data.cnra.ca.gov/dataset/california-snow-data/resource/49baa289-3cc3-439a-af7a-727486dbf303" }, "geometry": { "type": "Point", "coordinates": [ -122.9422302, 41.07759857 ] } },
{ "type": "Feature", "properties": { "station_uid": "CDEC_snow_sensor_BIM", "station_name": "BIG MEADOWS (DWR)", "station_type": "cdec_snow_sensor", "station_type_label": "CDEC snow sensor", "network_group": "Snow / soil climate stations", "provider": "CA DWR / CDEC / CCSS", "source_system": "CDEC", "source_layer": "California Snow Data - Station Metadata", "station_id": "BIM", "site_num": null, "station_triplet": null, "shef_id": null, "cdec_id": "BIM", "operator_agency": "CA Dept of Water Resources/DFM-Hydro-SMN", "owner_agency": null, "state": "CA", "county": null, "basin": null, "huc": null, "elevation_ft": 7600.0, "latitude": 36.71522522, "longitude": -118.8437729, "start_date": "1980-02-04T00:00:00", "end_date": null, "status": "active", "site_page_url": "https://cdec.water.ca.gov/dynamicapp/staMeta?station_id=BIM", "data_page_url": "https://cdec.water.ca.gov/dynamicapp/QueryDaily?s=BIM", "source_url": "https://data.cnra.ca.gov/dataset/california-snow-data/resource/49baa289-3cc3-439a-af7a-727486dbf303" }, "geometry": { "type": "Point", "coordinates": [ -118.8437729, 36.71522522 ] } },
{ "type": "Feature", "properties": { "station_uid": "CDEC_snow_sensor_BMW", "station_name": "BIG MEADOWS (SCS)", "station_type": "cdec_snow_sensor", "station_type_label": "CDEC snow sensor", "network_group": "Snow / soil climate stations", "provider": "CA DWR / CDEC / CCSS", "source_system": "CDEC", "source_layer": "California Snow Data - Station Metadata", "station_id": "BMW", "site_num": null, "station_triplet": null, "shef_id": null, "cdec_id": "BMW", "operator_agency": "Natural Resources Conservation Service", "owner_agency": null, "state": "CA", "county": null, "basin": null, "huc": null, "elevation_ft": 8700.0, "latitude": 39.458, "longitude": -119.946, "start_date": "1985-10-01T00:00:00", "end_date": null, "status": "active", "site_page_url": "https://cdec.water.ca.gov/dynamicapp/staMeta?station_id=BMW", "data_page_url": "https://cdec.water.ca.gov/dynamicapp/QueryDaily?s=BMW", "source_url": "https://data.cnra.ca.gov/dataset/california-snow-data/resource/49baa289-3cc3-439a-af7a-727486dbf303" }, "geometry": { "type": "Point", "coordinates": [ -119.946, 39.458 ] } },
{ "type": "Feature", "properties": { "station_uid": "CDEC_snow_sensor_BGP", "station_name": "BIG PINE CREEK", "station_type": "cdec_snow_sensor", "station_type_label": "CDEC snow sensor", "network_group": "Snow / soil climate stations", "provider": "CA DWR / CDEC / CCSS", "source_system": "CDEC", "source_layer": "California Snow Data - Station Metadata", "station_id": "BGP", "site_num": null, "station_triplet": null, "shef_id": null, "cdec_id": "BGP", "operator_agency": "CA Dept of Water Resources/DFM-Hydro-SMN", "owner_agency": null, "state": "CA", "county": null, "basin": null, "huc": null, "elevation_ft": 9800.0, "latitude": 37.12781525, "longitude": -118.4769669, "start_date": "1988-12-01T00:00:00", "end_date": null, "status": "active", "site_page_url": "https://cdec.water.ca.gov/dynamicapp/staMeta?station_id=BGP", "data_page_url": "https://cdec.water.ca.gov/dynamicapp/QueryDaily?s=BGP", "source_url": "https://data.cnra.ca.gov/dataset/california-snow-data/resource/49baa289-3cc3-439a-af7a-727486dbf303" }, "geometry": { "type": "Point", "coordinates": [ -118.4769669, 37.12781525 ] } },
{ "type": "Feature", "properties": { "station_uid": "CDEC_snow_sensor_BSH", "station_name": "BISHOP PASS", "station_type": "cdec_snow_sensor", "station_type_label": "CDEC snow sensor", "network_group": "Snow / soil climate stations", "provider": "CA DWR / CDEC / CCSS", "source_system": "CDEC", "source_layer": "California Snow Data - Station Metadata", "station_id": "BSH", "site_num": null, "station_triplet": null, "shef_id": null, "cdec_id": "BSH", "operator_agency": "CA Dept of Water Resources/DFM-Hydro-SMN", "owner_agency": null, "state": "CA", "county": null, "basin": null, "huc": null, "elevation_ft": 11200.0, "latitude": 37.1, "longitude": -118.557, "start_date": "1989-03-23T00:00:00", "end_date": null, "status": "active", "site_page_url": "https://cdec.water.ca.gov/dynamicapp/staMeta?station_id=BSH", "data_page_url": "https://cdec.water.ca.gov/dynamicapp/QueryDaily?s=BSH", "source_url": "https://data.cnra.ca.gov/dataset/california-snow-data/resource/49baa289-3cc3-439a-af7a-727486dbf303" }, "geometry": { "type": "Point", "coordinates": [ -118.557, 37.1 ] } },
{ "type": "Feature", "properties": { "station_uid": "CDEC_snow_sensor_BLS", "station_name": "BLACK SPRINGS", "station_type": "cdec_snow_sensor", "station_type_label": "CDEC snow sensor", "network_group": "Snow / soil climate stations", "provider": "CA DWR / CDEC / CCSS", "source_system": "CDEC", "source_layer": "California Snow Data - Station Metadata", "station_id": "BLS", "site_num": null, "station_triplet": null, "shef_id": null, "cdec_id": "BLS", "operator_agency": "CA Dept of Water Resources/DFM-Hydro-SMN", "owner_agency": null, "state": "CA", "county": null, "basin": null, "huc": null, "elevation_ft": 6500.0, "latitude": 38.3758812, "longitude": -120.1949997, "start_date": "1977-11-21T00:00:00", "end_date": null, "status": "active", "site_page_url": "https://cdec.water.ca.gov/dynamicapp/staMeta?station_id=BLS", "data_page_url": "https://cdec.water.ca.gov/dynamicapp/QueryDaily?s=BLS", "source_url": "https://data.cnra.ca.gov/dataset/california-snow-data/resource/49baa289-3cc3-439a-af7a-727486dbf303" }, "geometry": { "type": "Point", "coordinates": [ -120.1949997, 38.3758812 ] } },
{ "type": "Feature", "properties": { "station_uid": "CDEC_snow_sensor_BCB", "station_name": "BLACKCAP BASIN", "station_type": "cdec_snow_sensor", "station_type_label": "CDEC snow sensor", "network_group": "Snow / soil climate stations", "provider": "CA DWR / CDEC / CCSS", "source_system": "CDEC", "source_layer": "California Snow Data - Station Metadata", "station_id": "BCB", "site_num": null, "station_triplet": null, "shef_id": null, "cdec_id": "BCB", "operator_agency": "CA Dept of Water Resources/DFM-Hydro-SMN", "owner_agency": null, "state": "CA", "county": null, "basin": null, "huc": null, "elevation_ft": 10300.0, "latitude": 37.06668472, "longitude": -118.7730103, "start_date": "1989-11-25T00:00:00", "end_date": null, "status": "active", "site_page_url": "https://cdec.water.ca.gov/dynamicapp/staMeta?station_id=BCB", "data_page_url": "https://cdec.water.ca.gov/dynamicapp/QueryDaily?s=BCB", "source_url": "https://data.cnra.ca.gov/dataset/california-snow-data/resource/49baa289-3cc3-439a-af7a-727486dbf303" }, "geometry": { "type": "Point", "coordinates": [ -118.7730103, 37.06668472 ] } },
{ "type": "Feature", "properties": { "station_uid": "CDEC_snow_sensor_BLA", "station_name": "BLACKS MOUNTAIN", "station_type": "cdec_snow_sensor", "station_type_label": "CDEC snow sensor", "network_group": "Snow / soil climate stations", "provider": "CA DWR / CDEC / CCSS", "source_system": "CDEC", "source_layer": "California Snow Data - Station Metadata", "station_id": "BLA", "site_num": null, "station_triplet": null, "shef_id": null, "cdec_id": "BLA", "operator_agency": "CA Dept of Water Resources/DFM-Hydro-SMN", "owner_agency": null, "state": "CA", "county": null, "basin": null, "huc": null, "elevation_ft": 7050.0, "latitude": 40.76984024, "longitude": -121.1997833, "start_date": "1987-11-02T00:00:00", "end_date": null, "status": "active", "site_page_url": "https://cdec.water.ca.gov/dynamicapp/staMeta?station_id=BLA", "data_page_url": "https://cdec.water.ca.gov/dynamicapp/QueryDaily?s=BLA", "source_url": "https://data.cnra.ca.gov/dataset/california-snow-data/resource/49baa289-3cc3-439a-af7a-727486dbf303" }, "geometry": { "type": "Point", "coordinates": [ -121.1997833, 40.76984024 ] } },
{ "type": "Feature", "properties": { "station_uid": "CDEC_snow_sensor_BLD", "station_name": "BLOODS CREEK", "station_type": "cdec_snow_sensor", "station_type_label": "CDEC snow sensor", "network_group": "Snow / soil climate stations", "provider": "CA DWR / CDEC / CCSS", "source_system": "CDEC", "source_layer": "California Snow Data - Station Metadata", "station_id": "BLD", "site_num": null, "station_triplet": null, "shef_id": null, "cdec_id": "BLD", "operator_agency": "CA Dept of Water Resources/DFM-Hydro-SMN", "owner_agency": null, "state": "CA", "county": null, "basin": null, "huc": null, "elevation_ft": 7200.0, "latitude": 38.4512558, "longitude": -120.0348816, "start_date": "1977-12-20T00:00:00", "end_date": null, "status": "active", "site_page_url": "https://cdec.water.ca.gov/dynamicapp/staMeta?station_id=BLD", "data_page_url": "https://cdec.water.ca.gov/dynamicapp/QueryDaily?s=BLD", "source_url": "https://data.cnra.ca.gov/dataset/california-snow-data/resource/49baa289-3cc3-439a-af7a-727486dbf303" }, "geometry": { "type": "Point", "coordinates": [ -120.0348816, 38.4512558 ] } },
{ "type": "Feature", "properties": { "station_uid": "CDEC_snow_sensor_BLC", "station_name": "BLUE CANYON", "station_type": "cdec_snow_sensor", "station_type_label": "CDEC snow sensor", "network_group": "Snow / soil climate stations", "provider": "CA DWR / CDEC / CCSS", "source_system": "CDEC", "source_layer": "California Snow Data - Station Metadata", "station_id": "BLC", "site_num": null, "station_triplet": null, "shef_id": null, "cdec_id": "BLC", "operator_agency": "CA Dept of Water Resources/DFM-Hydro-SMN", "owner_agency": null, "state": "CA", "county": null, "basin": null, "huc": null, "elevation_ft": 5280.0, "latitude": 39.28009796, "longitude": -120.7086945, "start_date": "1970-01-24T00:00:00", "end_date": null, "status": "active", "site_page_url": "https://cdec.water.ca.gov/dynamicapp/staMeta?station_id=BLC", "data_page_url": "https://cdec.water.ca.gov/dynamicapp/QueryDaily?s=BLC", "source_url": "https://data.cnra.ca.gov/dataset/california-snow-data/resource/49baa289-3cc3-439a-af7a-727486dbf303" }, "geometry": { "type": "Point", "coordinates": [ -120.7086945, 39.28009796 ] } },
{ "type": "Feature", "properties": { "station_uid": "CDEC_snow_sensor_BLK", "station_name": "BLUE LAKES", "station_type": "cdec_snow_sensor", "station_type_label": "CDEC snow sensor", "network_group": "Snow / soil climate stations", "provider": "CA DWR / CDEC / CCSS", "source_system": "CDEC", "source_layer": "California Snow Data - Station Metadata", "station_id": "BLK", "site_num": null, "station_triplet": null, "shef_id": null, "cdec_id": "BLK", "operator_agency": "Natural Resources Conservation Service", "owner_agency": null, "state": "CA", "county": null, "basin": null, "huc": null, "elevation_ft": 8000.0, "latitude": 38.613, "longitude": -119.931, "start_date": "1980-10-01T00:00:00", "end_date": null, "status": "active", "site_page_url": "https://cdec.water.ca.gov/dynamicapp/staMeta?station_id=BLK", "data_page_url": "https://cdec.water.ca.gov/dynamicapp/QueryDaily?s=BLK", "source_url": "https://data.cnra.ca.gov/dataset/california-snow-data/resource/49baa289-3cc3-439a-af7a-727486dbf303" }, "geometry": { "type": "Point", "coordinates": [ -119.931, 38.613 ] } },
{ "type": "Feature", "properties": { "station_uid": "CDEC_snow_sensor_BNK", "station_name": "BONANZA KING", "station_type": "cdec_snow_sensor", "station_type_label": "CDEC snow sensor", "network_group": "Snow / soil climate stations", "provider": "CA DWR / CDEC / CCSS", "source_system": "CDEC", "source_layer": "California Snow Data - Station Metadata", "station_id": "BNK", "site_num": null, "station_triplet": null, "shef_id": null, "cdec_id": "BNK", "operator_agency": "CA Dept of Water Resources/DFM-Hydro-SMN", "owner_agency": null, "state": "CA", "county": null, "basin": null, "huc": null, "elevation_ft": 6450.0, "latitude": 41.08311844, "longitude": -122.6312714, "start_date": "1982-09-18T00:00:00", "end_date": null, "status": "active", "site_page_url": "https://cdec.water.ca.gov/dynamicapp/staMeta?station_id=BNK", "data_page_url": "https://cdec.water.ca.gov/dynamicapp/QueryDaily?s=BNK", "source_url": "https://data.cnra.ca.gov/dataset/california-snow-data/resource/49baa289-3cc3-439a-af7a-727486dbf303" }, "geometry": { "type": "Point", "coordinates": [ -122.6312714, 41.08311844 ] } },
{ "type": "Feature", "properties": { "station_uid": "CDEC_snow_sensor_BKL", "station_name": "BUCKS LAKE", "station_type": "cdec_snow_sensor", "station_type_label": "CDEC snow sensor", "network_group": "Snow / soil climate stations", "provider": "CA DWR / CDEC / CCSS", "source_system": "CDEC", "source_layer": "California Snow Data - Station Metadata", "station_id": "BKL", "site_num": null, "station_triplet": null, "shef_id": null, "cdec_id": "BKL", "operator_agency": ".None Specified", "owner_agency": null, "state": "CA", "county": null, "basin": null, "huc": null, "elevation_ft": 5873.0, "latitude": 39.85292, "longitude": -121.25135, "start_date": "1970-01-01T00:00:00", "end_date": null, "status": "active", "site_page_url": "https://cdec.water.ca.gov/dynamicapp/staMeta?station_id=BKL", "data_page_url": "https://cdec.water.ca.gov/dynamicapp/QueryDaily?s=BKL", "source_url": "https://data.cnra.ca.gov/dataset/california-snow-data/resource/49baa289-3cc3-439a-af7a-727486dbf303" }, "geometry": { "type": "Point", "coordinates": [ -121.25135, 39.85292 ] } },
{ "type": "Feature", "properties": { "station_uid": "CDEC_snow_sensor_BSK", "station_name": "BURNSIDE LAKE", "station_type": "cdec_snow_sensor", "station_type_label": "CDEC snow sensor", "network_group": "Snow / soil climate stations", "provider": "CA DWR / CDEC / CCSS", "source_system": "CDEC", "source_layer": "California Snow Data - Station Metadata", "station_id": "BSK", "site_num": null, "station_triplet": null, "shef_id": null, "cdec_id": "BSK", "operator_agency": "Natural Resources Conservation Service", "owner_agency": null, "state": "CA", "county": null, "basin": null, "huc": null, "elevation_ft": 8129.0, "latitude": 38.7194, "longitude": -119.8942, "start_date": "2005-01-26T00:00:00", "end_date": null, "status": "active", "site_page_url": "https://cdec.water.ca.gov/dynamicapp/staMeta?station_id=BSK", "data_page_url": "https://cdec.water.ca.gov/dynamicapp/QueryDaily?s=BSK", "source_url": "https://data.cnra.ca.gov/dataset/california-snow-data/resource/49baa289-3cc3-439a-af7a-727486dbf303" }, "geometry": { "type": "Point", "coordinates": [ -119.8942, 38.7194 ] } },
{ "type": "Feature", "properties": { "station_uid": "CDEC_snow_sensor_CAP", "station_name": "CAPLES LAKE", "station_type": "cdec_snow_sensor", "station_type_label": "CDEC snow sensor", "network_group": "Snow / soil climate stations", "provider": "CA DWR / CDEC / CCSS", "source_system": "CDEC", "source_layer": "California Snow Data - Station Metadata", "station_id": "CAP", "site_num": null, "station_triplet": null, "shef_id": null, "cdec_id": "CAP", "operator_agency": "CA Dept of Water Resources/DFM-Hydro-SMN", "owner_agency": null, "state": "CA", "county": null, "basin": null, "huc": null, "elevation_ft": 8000.0, "latitude": 38.71079254, "longitude": -120.0415802, "start_date": "1970-01-01T00:00:00", "end_date": null, "status": "active", "site_page_url": "https://cdec.water.ca.gov/dynamicapp/staMeta?station_id=CAP", "data_page_url": "https://cdec.water.ca.gov/dynamicapp/QueryDaily?s=CAP", "source_url": "https://data.cnra.ca.gov/dataset/california-snow-data/resource/49baa289-3cc3-439a-af7a-727486dbf303" }, "geometry": { "type": "Point", "coordinates": [ -120.0415802, 38.71079254 ] } },
{ "type": "Feature", "properties": { "station_uid": "CDEC_snow_sensor_CXS", "station_name": "CARSON PASS", "station_type": "cdec_snow_sensor", "station_type_label": "CDEC snow sensor", "network_group": "Snow / soil climate stations", "provider": "CA DWR / CDEC / CCSS", "source_system": "CDEC", "source_layer": "California Snow Data - Station Metadata", "station_id": "CXS", "site_num": null, "station_triplet": null, "shef_id": null, "cdec_id": "CXS", "operator_agency": "Natural Resources Conservation Service", "owner_agency": null, "state": "CA", "county": null, "basin": null, "huc": null, "elevation_ft": 8353.0, "latitude": 38.6924, "longitude": -120.0021, "start_date": "2005-01-26T00:00:00", "end_date": null, "status": "active", "site_page_url": "https://cdec.water.ca.gov/dynamicapp/staMeta?station_id=CXS", "data_page_url": "https://cdec.water.ca.gov/dynamicapp/QueryDaily?s=CXS", "source_url": "https://data.cnra.ca.gov/dataset/california-snow-data/resource/49baa289-3cc3-439a-af7a-727486dbf303" }, "geometry": { "type": "Point", "coordinates": [ -120.0021, 38.6924 ] } },
{ "type": "Feature", "properties": { "station_uid": "CDEC_snow_sensor_CSV", "station_name": "CASA VIEJA MEADOWS", "station_type": "cdec_snow_sensor", "station_type_label": "CDEC snow sensor", "network_group": "Snow / soil climate stations", "provider": "CA DWR / CDEC / CCSS", "source_system": "CDEC", "source_layer": "California Snow Data - Station Metadata", "station_id": "CSV", "site_num": null, "station_triplet": null, "shef_id": null, "cdec_id": "CSV", "operator_agency": "CA Dept of Water Resources/DFM-Hydro-SMN", "owner_agency": null, "state": "CA", "county": null, "basin": null, "huc": null, "elevation_ft": 8300.0, "latitude": 36.19809723, "longitude": -118.2676849, "start_date": "1985-01-01T00:00:00", "end_date": null, "status": "active", "site_page_url": "https://cdec.water.ca.gov/dynamicapp/staMeta?station_id=CSV", "data_page_url": "https://cdec.water.ca.gov/dynamicapp/QueryDaily?s=CSV", "source_url": "https://data.cnra.ca.gov/dataset/california-snow-data/resource/49baa289-3cc3-439a-af7a-727486dbf303" }, "geometry": { "type": "Point", "coordinates": [ -118.2676849, 36.19809723 ] } },
{ "type": "Feature", "properties": { "station_uid": "CDEC_snow_sensor_CDP", "station_name": "CEDAR PASS", "station_type": "cdec_snow_sensor", "station_type_label": "CDEC snow sensor", "network_group": "Snow / soil climate stations", "provider": "CA DWR / CDEC / CCSS", "source_system": "CDEC", "source_layer": "California Snow Data - Station Metadata", "station_id": "CDP", "site_num": null, "station_triplet": null, "shef_id": null, "cdec_id": "CDP", "operator_agency": "Natural Resources Conservation Service", "owner_agency": null, "state": "CA", "county": null, "basin": null, "huc": null, "elevation_ft": 7100.0, "latitude": 41.583, "longitude": -120.303, "start_date": "1980-11-23T00:00:00", "end_date": null, "status": "active", "site_page_url": "https://cdec.water.ca.gov/dynamicapp/staMeta?station_id=CDP", "data_page_url": "https://cdec.water.ca.gov/dynamicapp/QueryDaily?s=CDP", "source_url": "https://data.cnra.ca.gov/dataset/california-snow-data/resource/49baa289-3cc3-439a-af7a-727486dbf303" }, "geometry": { "type": "Point", "coordinates": [ -120.303, 41.583 ] } },
{ "type": "Feature", "properties": { "station_uid": "CDEC_snow_sensor_CSL", "station_name": "CENT SIERRA SNOW LAB", "station_type": "cdec_snow_sensor", "station_type_label": "CDEC snow sensor", "network_group": "Snow / soil climate stations", "provider": "CA DWR / CDEC / CCSS", "source_system": "CDEC", "source_layer": "California Snow Data - Station Metadata", "station_id": "CSL", "site_num": null, "station_triplet": null, "shef_id": null, "cdec_id": "CSL", "operator_agency": "Natural Resources Conservation Service", "owner_agency": null, "state": "CA", "county": null, "basin": null, "huc": null, "elevation_ft": 6900.0, "latitude": 39.325, "longitude": -120.367, "start_date": "1983-10-01T00:00:00", "end_date": null, "status": "active", "site_page_url": "https://cdec.water.ca.gov/dynamicapp/staMeta?station_id=CSL", "data_page_url": "https://cdec.water.ca.gov/dynamicapp/QueryDaily?s=CSL", "source_url": "https://data.cnra.ca.gov/dataset/california-snow-data/resource/49baa289-3cc3-439a-af7a-727486dbf303" }, "geometry": { "type": "Point", "coordinates": [ -120.367, 39.325 ] } },
{ "type": "Feature", "properties": { "station_uid": "CDEC_snow_sensor_CHP", "station_name": "CHAGOOPA PLATEAU", "station_type": "cdec_snow_sensor", "station_type_label": "CDEC snow sensor", "network_group": "Snow / soil climate stations", "provider": "CA DWR / CDEC / CCSS", "source_system": "CDEC", "source_layer": "California Snow Data - Station Metadata", "station_id": "CHP", "site_num": null, "station_triplet": null, "shef_id": null, "cdec_id": "CHP", "operator_agency": "CA Dept of Water Resources/DFM-Hydro-SMN", "owner_agency": null, "state": "CA", "county": null, "basin": null, "huc": null, "elevation_ft": 10300.0, "latitude": 36.49714279, "longitude": -118.4467163, "start_date": "1984-01-01T00:00:00", "end_date": null, "status": "active", "site_page_url": "https://cdec.water.ca.gov/dynamicapp/staMeta?station_id=CHP", "data_page_url": "https://cdec.water.ca.gov/dynamicapp/QueryDaily?s=CHP", "source_url": "https://data.cnra.ca.gov/dataset/california-snow-data/resource/49baa289-3cc3-439a-af7a-727486dbf303" }, "geometry": { "type": "Point", "coordinates": [ -118.4467163, 36.49714279 ] } },
{ "type": "Feature", "properties": { "station_uid": "CDEC_snow_sensor_CRL", "station_name": "CHARLOTTE LAKE", "station_type": "cdec_snow_sensor", "station_type_label": "CDEC snow sensor", "network_group": "Snow / soil climate stations", "provider": "CA DWR / CDEC / CCSS", "source_system": "CDEC", "source_layer": "California Snow Data - Station Metadata", "station_id": "CRL", "site_num": null, "station_triplet": null, "shef_id": null, "cdec_id": "CRL", "operator_agency": "CA Dept of Water Resources/DFM-Hydro-SMN", "owner_agency": null, "state": "CA", "county": null, "basin": null, "huc": null, "elevation_ft": 10400.0, "latitude": 36.77752304, "longitude": -118.4260101, "start_date": "1984-11-03T00:00:00", "end_date": null, "status": "active", "site_page_url": "https://cdec.water.ca.gov/dynamicapp/staMeta?station_id=CRL", "data_page_url": "https://cdec.water.ca.gov/dynamicapp/QueryDaily?s=CRL", "source_url": "https://data.cnra.ca.gov/dataset/california-snow-data/resource/49baa289-3cc3-439a-af7a-727486dbf303" }, "geometry": { "type": "Point", "coordinates": [ -118.4260101, 36.77752304 ] } },
{ "type": "Feature", "properties": { "station_uid": "CDEC_snow_sensor_CHM", "station_name": "CHILKOOT MEADOW", "station_type": "cdec_snow_sensor", "station_type_label": "CDEC snow sensor", "network_group": "Snow / soil climate stations", "provider": "CA DWR / CDEC / CCSS", "source_system": "CDEC", "source_layer": "California Snow Data - Station Metadata", "station_id": "CHM", "site_num": null, "station_triplet": null, "shef_id": null, "cdec_id": "CHM", "operator_agency": "CA Dept of Water Resources/DFM-Hydro-SMN", "owner_agency": null, "state": "CA", "county": null, "basin": null, "huc": null, "elevation_ft": 7150.0, "latitude": 37.40839005, "longitude": -119.4921875, "start_date": "1985-10-21T00:00:00", "end_date": null, "status": "active", "site_page_url": "https://cdec.water.ca.gov/dynamicapp/staMeta?station_id=CHM", "data_page_url": "https://cdec.water.ca.gov/dynamicapp/QueryDaily?s=CHM", "source_url": "https://data.cnra.ca.gov/dataset/california-snow-data/resource/49baa289-3cc3-439a-af7a-727486dbf303" }, "geometry": { "type": "Point", "coordinates": [ -119.4921875, 37.40839005 ] } },
{ "type": "Feature", "properties": { "station_uid": "CDEC_snow_sensor_CWD", "station_name": "COTTONWOOD LAKES", "station_type": "cdec_snow_sensor", "station_type_label": "CDEC snow sensor", "network_group": "Snow / soil climate stations", "provider": "CA DWR / CDEC / CCSS", "source_system": "CDEC", "source_layer": "California Snow Data - Station Metadata", "station_id": "CWD", "site_num": null, "station_triplet": null, "shef_id": null, "cdec_id": "CWD", "operator_agency": "CA Dept of Water Resources/DFM-Hydro-SMN", "owner_agency": null, "state": "CA", "county": null, "basin": null, "huc": null, "elevation_ft": 10150.0, "latitude": 36.4838295, "longitude": -118.1775589, "start_date": "1973-11-04T00:00:00", "end_date": null, "status": "active", "site_page_url": "https://cdec.water.ca.gov/dynamicapp/staMeta?station_id=CWD", "data_page_url": "https://cdec.water.ca.gov/dynamicapp/QueryDaily?s=CWD", "source_url": "https://data.cnra.ca.gov/dataset/california-snow-data/resource/49baa289-3cc3-439a-af7a-727486dbf303" }, "geometry": { "type": "Point", "coordinates": [ -118.1775589, 36.4838295 ] } },
{ "type": "Feature", "properties": { "station_uid": "CDEC_snow_sensor_CBT", "station_name": "CRABTREE MEADOW", "station_type": "cdec_snow_sensor", "station_type_label": "CDEC snow sensor", "network_group": "Snow / soil climate stations", "provider": "CA DWR / CDEC / CCSS", "source_system": "CDEC", "source_layer": "California Snow Data - Station Metadata", "station_id": "CBT", "site_num": null, "station_triplet": null, "shef_id": null, "cdec_id": "CBT", "operator_agency": "CA Dept of Water Resources/DFM-Hydro-SMN", "owner_agency": null, "state": "CA", "county": null, "basin": null, "huc": null, "elevation_ft": 10700.0, "latitude": 36.56368256, "longitude": -118.3479462, "start_date": "1982-10-30T00:00:00", "end_date": null, "status": "active", "site_page_url": "https://cdec.water.ca.gov/dynamicapp/staMeta?station_id=CBT", "data_page_url": "https://cdec.water.ca.gov/dynamicapp/QueryDaily?s=CBT", "source_url": "https://data.cnra.ca.gov/dataset/california-snow-data/resource/49baa289-3cc3-439a-af7a-727486dbf303" }, "geometry": { "type": "Point", "coordinates": [ -118.3479462, 36.56368256 ] } },
{ "type": "Feature", "properties": { "station_uid": "CDEC_snow_sensor_CWF", "station_name": "CROWDER FLAT", "station_type": "cdec_snow_sensor", "station_type_label": "CDEC snow sensor", "network_group": "Snow / soil climate stations", "provider": "CA DWR / CDEC / CCSS", "source_system": "CDEC", "source_layer": "California Snow Data - Station Metadata", "station_id": "CWF", "site_num": null, "station_triplet": null, "shef_id": null, "cdec_id": "CWF", "operator_agency": "Natural Resources Conservation Service", "owner_agency": null, "state": "CA", "county": null, "basin": null, "huc": null, "elevation_ft": 5100.0, "latitude": 41.8934, "longitude": -120.7519, "start_date": "2005-01-26T00:00:00", "end_date": null, "status": "active", "site_page_url": "https://cdec.water.ca.gov/dynamicapp/staMeta?station_id=CWF", "data_page_url": "https://cdec.water.ca.gov/dynamicapp/QueryDaily?s=CWF", "source_url": "https://data.cnra.ca.gov/dataset/california-snow-data/resource/49baa289-3cc3-439a-af7a-727486dbf303" }, "geometry": { "type": "Point", "coordinates": [ -120.7519, 41.8934 ] } },
{ "type": "Feature", "properties": { "station_uid": "CDEC_snow_sensor_DAN", "station_name": "DANA MEADOWS", "station_type": "cdec_snow_sensor", "station_type_label": "CDEC snow sensor", "network_group": "Snow / soil climate stations", "provider": "CA DWR / CDEC / CCSS", "source_system": "CDEC", "source_layer": "California Snow Data - Station Metadata", "station_id": "DAN", "site_num": null, "station_triplet": null, "shef_id": null, "cdec_id": "DAN", "operator_agency": "CA Dept of Water Resources/DFM-Hydro-SMN", "owner_agency": null, "state": "CA", "county": null, "basin": null, "huc": null, "elevation_ft": 9800.0, "latitude": 37.896162, "longitude": -119.25726, "start_date": "1980-10-26T00:00:00", "end_date": null, "status": "active", "site_page_url": "https://cdec.water.ca.gov/dynamicapp/staMeta?station_id=DAN", "data_page_url": "https://cdec.water.ca.gov/dynamicapp/QueryDaily?s=DAN", "source_url": "https://data.cnra.ca.gov/dataset/california-snow-data/resource/49baa289-3cc3-439a-af7a-727486dbf303" }, "geometry": { "type": "Point", "coordinates": [ -119.25726, 37.896162 ] } },
{ "type": "Feature", "properties": { "station_uid": "CDEC_snow_sensor_DDM", "station_name": "DEADMAN CREEK", "station_type": "cdec_snow_sensor", "station_type_label": "CDEC snow sensor", "network_group": "Snow / soil climate stations", "provider": "CA DWR / CDEC / CCSS", "source_system": "CDEC", "source_layer": "California Snow Data - Station Metadata", "station_id": "DDM", "site_num": null, "station_triplet": null, "shef_id": null, "cdec_id": "DDM", "operator_agency": "CA Dept of Water Resources/DFM-Hydro-SMN", "owner_agency": null, "state": "CA", "county": null, "basin": null, "huc": null, "elevation_ft": 9250.0, "latitude": 38.33159637, "longitude": -119.6541138, "start_date": "1987-11-01T00:00:00", "end_date": null, "status": "active", "site_page_url": "https://cdec.water.ca.gov/dynamicapp/staMeta?station_id=DDM", "data_page_url": "https://cdec.water.ca.gov/dynamicapp/QueryDaily?s=DDM", "source_url": "https://data.cnra.ca.gov/dataset/california-snow-data/resource/49baa289-3cc3-439a-af7a-727486dbf303" }, "geometry": { "type": "Point", "coordinates": [ -119.6541138, 38.33159637 ] } },
{ "type": "Feature", "properties": { "station_uid": "CDEC_snow_sensor_DPO", "station_name": "DEVILS POSTPILE", "station_type": "cdec_snow_sensor", "station_type_label": "CDEC snow sensor", "network_group": "Snow / soil climate stations", "provider": "CA DWR / CDEC / CCSS", "source_system": "CDEC", "source_layer": "California Snow Data - Station Metadata", "station_id": "DPO", "site_num": null, "station_triplet": null, "shef_id": null, "cdec_id": "DPO", "operator_agency": "CA Dept of Water Resources/DFM-Hydro-SMN", "owner_agency": null, "state": "CA", "county": null, "basin": null, "huc": null, "elevation_ft": 7569.0, "latitude": 37.62940979, "longitude": -119.084671, "start_date": "2007-10-01T00:00:00", "end_date": null, "status": "active", "site_page_url": "https://cdec.water.ca.gov/dynamicapp/staMeta?station_id=DPO", "data_page_url": "https://cdec.water.ca.gov/dynamicapp/QueryDaily?s=DPO", "source_url": "https://data.cnra.ca.gov/dataset/california-snow-data/resource/49baa289-3cc3-439a-af7a-727486dbf303" }, "geometry": { "type": "Point", "coordinates": [ -119.084671, 37.62940979 ] } },
{ "type": "Feature", "properties": { "station_uid": "CDEC_snow_sensor_DSS", "station_name": "DISMAL SWAMP", "station_type": "cdec_snow_sensor", "station_type_label": "CDEC snow sensor", "network_group": "Snow / soil climate stations", "provider": "CA DWR / CDEC / CCSS", "source_system": "CDEC", "source_layer": "California Snow Data - Station Metadata", "station_id": "DSS", "site_num": null, "station_triplet": null, "shef_id": null, "cdec_id": "DSS", "operator_agency": "Natural Resources Conservation Service", "owner_agency": null, "state": "CA", "county": null, "basin": null, "huc": null, "elevation_ft": 7050.0, "latitude": 41.993, "longitude": -120.165, "start_date": "1985-10-01T00:00:00", "end_date": null, "status": "active", "site_page_url": "https://cdec.water.ca.gov/dynamicapp/staMeta?station_id=DSS", "data_page_url": "https://cdec.water.ca.gov/dynamicapp/QueryDaily?s=DSS", "source_url": "https://data.cnra.ca.gov/dataset/california-snow-data/resource/49baa289-3cc3-439a-af7a-727486dbf303" }, "geometry": { "type": "Point", "coordinates": [ -120.165, 41.993 ] } },
{ "type": "Feature", "properties": { "station_uid": "CDEC_snow_sensor_EBB", "station_name": "EBBETTS PASS", "station_type": "cdec_snow_sensor", "station_type_label": "CDEC snow sensor", "network_group": "Snow / soil climate stations", "provider": "CA DWR / CDEC / CCSS", "source_system": "CDEC", "source_layer": "California Snow Data - Station Metadata", "station_id": "EBB", "site_num": null, "station_triplet": null, "shef_id": null, "cdec_id": "EBB", "operator_agency": "Natural Resources Conservation Service", "owner_agency": null, "state": "CA", "county": null, "basin": null, "huc": null, "elevation_ft": 8700.0, "latitude": 38.561, "longitude": -119.808, "start_date": "1980-11-07T00:00:00", "end_date": null, "status": "active", "site_page_url": "https://cdec.water.ca.gov/dynamicapp/staMeta?station_id=EBB", "data_page_url": "https://cdec.water.ca.gov/dynamicapp/QueryDaily?s=EBB", "source_url": "https://data.cnra.ca.gov/dataset/california-snow-data/resource/49baa289-3cc3-439a-af7a-727486dbf303" }, "geometry": { "type": "Point", "coordinates": [ -119.808, 38.561 ] } },
{ "type": "Feature", "properties": { "station_uid": "CDEC_snow_sensor_EP5", "station_name": "ECHO PEAK 5", "station_type": "cdec_snow_sensor", "station_type_label": "CDEC snow sensor", "network_group": "Snow / soil climate stations", "provider": "CA DWR / CDEC / CCSS", "source_system": "CDEC", "source_layer": "California Snow Data - Station Metadata", "station_id": "EP5", "site_num": null, "station_triplet": null, "shef_id": null, "cdec_id": "EP5", "operator_agency": "Natural Resources Conservation Service", "owner_agency": null, "state": "CA", "county": null, "basin": null, "huc": null, "elevation_ft": 7800.0, "latitude": 38.849, "longitude": -120.079, "start_date": "1980-11-10T00:00:00", "end_date": null, "status": "active", "site_page_url": "https://cdec.water.ca.gov/dynamicapp/staMeta?station_id=EP5", "data_page_url": "https://cdec.water.ca.gov/dynamicapp/QueryDaily?s=EP5", "source_url": "https://data.cnra.ca.gov/dataset/california-snow-data/resource/49baa289-3cc3-439a-af7a-727486dbf303" }, "geometry": { "type": "Point", "coordinates": [ -120.079, 38.849 ] } },
{ "type": "Feature", "properties": { "station_uid": "CDEC_snow_sensor_FLL", "station_name": "FALLEN LEAF LAKE", "station_type": "cdec_snow_sensor", "station_type_label": "CDEC snow sensor", "network_group": "Snow / soil climate stations", "provider": "CA DWR / CDEC / CCSS", "source_system": "CDEC", "source_layer": "California Snow Data - Station Metadata", "station_id": "FLL", "site_num": null, "station_triplet": null, "shef_id": null, "cdec_id": "FLL", "operator_agency": "Natural Resources Conservation Service", "owner_agency": null, "state": "CA", "county": null, "basin": null, "huc": null, "elevation_ft": 6250.0, "latitude": 38.932, "longitude": -120.056, "start_date": "1975-11-11T00:00:00", "end_date": null, "status": "active", "site_page_url": "https://cdec.water.ca.gov/dynamicapp/staMeta?station_id=FLL", "data_page_url": "https://cdec.water.ca.gov/dynamicapp/QueryDaily?s=FLL", "source_url": "https://data.cnra.ca.gov/dataset/california-snow-data/resource/49baa289-3cc3-439a-af7a-727486dbf303" }, "geometry": { "type": "Point", "coordinates": [ -120.056, 38.932 ] } },
{ "type": "Feature", "properties": { "station_uid": "CDEC_snow_sensor_FRW", "station_name": "FAREWELL GAP", "station_type": "cdec_snow_sensor", "station_type_label": "CDEC snow sensor", "network_group": "Snow / soil climate stations", "provider": "CA DWR / CDEC / CCSS", "source_system": "CDEC", "source_layer": "California Snow Data - Station Metadata", "station_id": "FRW", "site_num": null, "station_triplet": null, "shef_id": null, "cdec_id": "FRW", "operator_agency": "CA Dept of Water Resources/DFM-Hydro-SMN", "owner_agency": null, "state": "CA", "county": null, "basin": null, "huc": null, "elevation_ft": 9500.0, "latitude": 36.41521072, "longitude": -118.5789795, "start_date": "2000-10-04T00:00:00", "end_date": null, "status": "active", "site_page_url": "https://cdec.water.ca.gov/dynamicapp/staMeta?station_id=FRW", "data_page_url": "https://cdec.water.ca.gov/dynamicapp/QueryDaily?s=FRW", "source_url": "https://data.cnra.ca.gov/dataset/california-snow-data/resource/49baa289-3cc3-439a-af7a-727486dbf303" }, "geometry": { "type": "Point", "coordinates": [ -118.5789795, 36.41521072 ] } },
{ "type": "Feature", "properties": { "station_uid": "CDEC_snow_sensor_FDC", "station_name": "FORESTDALE CREEK", "station_type": "cdec_snow_sensor", "station_type_label": "CDEC snow sensor", "network_group": "Snow / soil climate stations", "provider": "CA DWR / CDEC / CCSS", "source_system": "CDEC", "source_layer": "California Snow Data - Station Metadata", "station_id": "FDC", "site_num": null, "station_triplet": null, "shef_id": null, "cdec_id": "FDC", "operator_agency": "Natural Resources Conservation Service", "owner_agency": null, "state": "CA", "county": null, "basin": null, "huc": null, "elevation_ft": 8017.0, "latitude": 38.6824, "longitude": -119.9597, "start_date": "2005-01-26T00:00:00", "end_date": null, "status": "active", "site_page_url": "https://cdec.water.ca.gov/dynamicapp/staMeta?station_id=FDC", "data_page_url": "https://cdec.water.ca.gov/dynamicapp/QueryDaily?s=FDC", "source_url": "https://data.cnra.ca.gov/dataset/california-snow-data/resource/49baa289-3cc3-439a-af7a-727486dbf303" }, "geometry": { "type": "Point", "coordinates": [ -119.9597, 38.6824 ] } },
{ "type": "Feature", "properties": { "station_uid": "CDEC_snow_sensor_FRN", "station_name": "FORNI RIDGE", "station_type": "cdec_snow_sensor", "station_type_label": "CDEC snow sensor", "network_group": "Snow / soil climate stations", "provider": "CA DWR / CDEC / CCSS", "source_system": "CDEC", "source_layer": "California Snow Data - Station Metadata", "station_id": "FRN", "site_num": null, "station_triplet": null, "shef_id": null, "cdec_id": "FRN", "operator_agency": "CA Dept of Water Resources/DFM-Hydro-SMN", "owner_agency": null, "state": "CA", "county": null, "basin": null, "huc": null, "elevation_ft": 7600.0, "latitude": 38.80397034, "longitude": -120.2159195, "start_date": "1980-11-15T00:00:00", "end_date": null, "status": "active", "site_page_url": "https://cdec.water.ca.gov/dynamicapp/staMeta?station_id=FRN", "data_page_url": "https://cdec.water.ca.gov/dynamicapp/QueryDaily?s=FRN", "source_url": "https://data.cnra.ca.gov/dataset/california-snow-data/resource/49baa289-3cc3-439a-af7a-727486dbf303" }, "geometry": { "type": "Point", "coordinates": [ -120.2159195, 38.80397034 ] } },
{ "type": "Feature", "properties": { "station_uid": "CDEC_snow_sensor_FOR", "station_name": "FOUR TREES", "station_type": "cdec_snow_sensor", "station_type_label": "CDEC snow sensor", "network_group": "Snow / soil climate stations", "provider": "CA DWR / CDEC / CCSS", "source_system": "CDEC", "source_layer": "California Snow Data - Station Metadata", "station_id": "FOR", "site_num": null, "station_triplet": null, "shef_id": null, "cdec_id": "FOR", "operator_agency": ".None Specified", "owner_agency": null, "state": "CA", "county": null, "basin": null, "huc": null, "elevation_ft": 5202.0, "latitude": 39.81278, "longitude": -121.32168, "start_date": "1980-01-01T00:00:00", "end_date": null, "status": "active", "site_page_url": "https://cdec.water.ca.gov/dynamicapp/staMeta?station_id=FOR", "data_page_url": "https://cdec.water.ca.gov/dynamicapp/QueryDaily?s=FOR", "source_url": "https://data.cnra.ca.gov/dataset/california-snow-data/resource/49baa289-3cc3-439a-af7a-727486dbf303" }, "geometry": { "type": "Point", "coordinates": [ -121.32168, 39.81278 ] } },
{ "type": "Feature", "properties": { "station_uid": "CDEC_snow_sensor_GEM", "station_name": "GEM PASS", "station_type": "cdec_snow_sensor", "station_type_label": "CDEC snow sensor", "network_group": "Snow / soil climate stations", "provider": "CA DWR / CDEC / CCSS", "source_system": "CDEC", "source_layer": "California Snow Data - Station Metadata", "station_id": "GEM", "site_num": null, "station_triplet": null, "shef_id": null, "cdec_id": "GEM", "operator_agency": "CA Dept of Water Resources/DFM-Hydro-SMN", "owner_agency": null, "state": "CA", "county": null, "basin": null, "huc": null, "elevation_ft": 10750.0, "latitude": 37.78, "longitude": -119.17, "start_date": "1983-11-09T00:00:00", "end_date": null, "status": "active", "site_page_url": "https://cdec.water.ca.gov/dynamicapp/staMeta?station_id=GEM", "data_page_url": "https://cdec.water.ca.gov/dynamicapp/QueryDaily?s=GEM", "source_url": "https://data.cnra.ca.gov/dataset/california-snow-data/resource/49baa289-3cc3-439a-af7a-727486dbf303" }, "geometry": { "type": "Point", "coordinates": [ -119.17, 37.78 ] } },
{ "type": "Feature", "properties": { "station_uid": "CDEC_snow_sensor_GNL", "station_name": "GIANELLI MEADOW", "station_type": "cdec_snow_sensor", "station_type_label": "CDEC snow sensor", "network_group": "Snow / soil climate stations", "provider": "CA DWR / CDEC / CCSS", "source_system": "CDEC", "source_layer": "California Snow Data - Station Metadata", "station_id": "GNL", "site_num": null, "station_triplet": null, "shef_id": null, "cdec_id": "GNL", "operator_agency": "CA Dept of Water Resources/DFM-Hydro-SMN", "owner_agency": null, "state": "CA", "county": null, "basin": null, "huc": null, "elevation_ft": 8400.0, "latitude": 38.204308, "longitude": -119.893188, "start_date": "1984-11-02T00:00:00", "end_date": null, "status": "active", "site_page_url": "https://cdec.water.ca.gov/dynamicapp/staMeta?station_id=GNL", "data_page_url": "https://cdec.water.ca.gov/dynamicapp/QueryDaily?s=GNL", "source_url": "https://data.cnra.ca.gov/dataset/california-snow-data/resource/49baa289-3cc3-439a-af7a-727486dbf303" }, "geometry": { "type": "Point", "coordinates": [ -119.893188, 38.204308 ] } },
{ "type": "Feature", "properties": { "station_uid": "CDEC_snow_sensor_GNF", "station_name": "GIANT FOREST (USACE)", "station_type": "cdec_snow_sensor", "station_type_label": "CDEC snow sensor", "network_group": "Snow / soil climate stations", "provider": "CA DWR / CDEC / CCSS", "source_system": "CDEC", "source_layer": "California Snow Data - Station Metadata", "station_id": "GNF", "site_num": null, "station_triplet": null, "shef_id": null, "cdec_id": "GNF", "operator_agency": "Sierra Hydrographics", "owner_agency": null, "state": "CA", "county": null, "basin": null, "huc": null, "elevation_ft": 6400.0, "latitude": 36.562867, "longitude": -118.770283, "start_date": "1970-01-09T00:00:00", "end_date": null, "status": "active", "site_page_url": "https://cdec.water.ca.gov/dynamicapp/staMeta?station_id=GNF", "data_page_url": "https://cdec.water.ca.gov/dynamicapp/QueryDaily?s=GNF", "source_url": "https://data.cnra.ca.gov/dataset/california-snow-data/resource/49baa289-3cc3-439a-af7a-727486dbf303" }, "geometry": { "type": "Point", "coordinates": [ -118.770283, 36.562867 ] } },
{ "type": "Feature", "properties": { "station_uid": "CDEC_snow_sensor_GIN", "station_name": "GIN FLAT", "station_type": "cdec_snow_sensor", "station_type_label": "CDEC snow sensor", "network_group": "Snow / soil climate stations", "provider": "CA DWR / CDEC / CCSS", "source_system": "CDEC", "source_layer": "California Snow Data - Station Metadata", "station_id": "GIN", "site_num": null, "station_triplet": null, "shef_id": null, "cdec_id": "GIN", "operator_agency": "CA Dept of Water Resources/DFM-Hydro-SMN", "owner_agency": null, "state": "CA", "county": null, "basin": null, "huc": null, "elevation_ft": 7050.0, "latitude": 37.766887, "longitude": -119.774907, "start_date": "1981-10-28T00:00:00", "end_date": null, "status": "active", "site_page_url": "https://cdec.water.ca.gov/dynamicapp/staMeta?station_id=GIN", "data_page_url": "https://cdec.water.ca.gov/dynamicapp/QueryDaily?s=GIN", "source_url": "https://data.cnra.ca.gov/dataset/california-snow-data/resource/49baa289-3cc3-439a-af7a-727486dbf303" }, "geometry": { "type": "Point", "coordinates": [ -119.774907, 37.766887 ] } },
{ "type": "Feature", "properties": { "station_uid": "CDEC_snow_sensor_GOL", "station_name": "GOLD LAKE", "station_type": "cdec_snow_sensor", "station_type_label": "CDEC snow sensor", "network_group": "Snow / soil climate stations", "provider": "CA DWR / CDEC / CCSS", "source_system": "CDEC", "source_layer": "California Snow Data - Station Metadata", "station_id": "GOL", "site_num": null, "station_triplet": null, "shef_id": null, "cdec_id": "GOL", "operator_agency": ".None Specified", "owner_agency": null, "state": "CA", "county": null, "basin": null, "huc": null, "elevation_ft": 6750.0, "latitude": 39.674767, "longitude": -120.617167, "start_date": "1970-01-01T00:00:00", "end_date": null, "status": "active", "site_page_url": "https://cdec.water.ca.gov/dynamicapp/staMeta?station_id=GOL", "data_page_url": "https://cdec.water.ca.gov/dynamicapp/QueryDaily?s=GOL", "source_url": "https://data.cnra.ca.gov/dataset/california-snow-data/resource/49baa289-3cc3-439a-af7a-727486dbf303" }, "geometry": { "type": "Point", "coordinates": [ -120.617167, 39.674767 ] } },
{ "type": "Feature", "properties": { "station_uid": "CDEC_snow_sensor_GRV", "station_name": "GRAVEYARD MEADOW", "station_type": "cdec_snow_sensor", "station_type_label": "CDEC snow sensor", "network_group": "Snow / soil climate stations", "provider": "CA DWR / CDEC / CCSS", "source_system": "CDEC", "source_layer": "California Snow Data - Station Metadata", "station_id": "GRV", "site_num": null, "station_triplet": null, "shef_id": null, "cdec_id": "GRV", "operator_agency": "CA Dept of Water Resources/DFM-Hydro-SMN", "owner_agency": null, "state": "CA", "county": null, "basin": null, "huc": null, "elevation_ft": 6900.0, "latitude": 37.46343994, "longitude": -119.2928925, "start_date": "1982-03-04T00:00:00", "end_date": null, "status": "active", "site_page_url": "https://cdec.water.ca.gov/dynamicapp/staMeta?station_id=GRV", "data_page_url": "https://cdec.water.ca.gov/dynamicapp/QueryDaily?s=GRV", "source_url": "https://data.cnra.ca.gov/dataset/california-snow-data/resource/49baa289-3cc3-439a-af7a-727486dbf303" }, "geometry": { "type": "Point", "coordinates": [ -119.2928925, 37.46343994 ] } },
{ "type": "Feature", "properties": { "station_uid": "CDEC_snow_sensor_GKS", "station_name": "GREEK STORE", "station_type": "cdec_snow_sensor", "station_type_label": "CDEC snow sensor", "network_group": "Snow / soil climate stations", "provider": "CA DWR / CDEC / CCSS", "source_system": "CDEC", "source_layer": "California Snow Data - Station Metadata", "station_id": "GKS", "site_num": null, "station_triplet": null, "shef_id": null, "cdec_id": "GKS", "operator_agency": "CA Dept of Water Resources/DFM-Hydro-SMN", "owner_agency": null, "state": "CA", "county": null, "basin": null, "huc": null, "elevation_ft": 5600.0, "latitude": 39.07468033, "longitude": -120.5615997, "start_date": "1970-01-01T00:00:00", "end_date": null, "status": "active", "site_page_url": "https://cdec.water.ca.gov/dynamicapp/staMeta?station_id=GKS", "data_page_url": "https://cdec.water.ca.gov/dynamicapp/QueryDaily?s=GKS", "source_url": "https://data.cnra.ca.gov/dataset/california-snow-data/resource/49baa289-3cc3-439a-af7a-727486dbf303" }, "geometry": { "type": "Point", "coordinates": [ -120.5615997, 39.07468033 ] } },
{ "type": "Feature", "properties": { "station_uid": "CDEC_snow_sensor_GRM", "station_name": "GREEN MOUNTAIN", "station_type": "cdec_snow_sensor", "station_type_label": "CDEC snow sensor", "network_group": "Snow / soil climate stations", "provider": "CA DWR / CDEC / CCSS", "source_system": "CDEC", "source_layer": "California Snow Data - Station Metadata", "station_id": "GRM", "site_num": null, "station_triplet": null, "shef_id": null, "cdec_id": "GRM", "operator_agency": "CA Dept of Water Resources/DFM-Hydro-SMN", "owner_agency": null, "state": "CA", "county": null, "basin": null, "huc": null, "elevation_ft": 7900.0, "latitude": 37.54959869, "longitude": -119.2325592, "start_date": "1972-01-21T00:00:00", "end_date": null, "status": "active", "site_page_url": "https://cdec.water.ca.gov/dynamicapp/staMeta?station_id=GRM", "data_page_url": "https://cdec.water.ca.gov/dynamicapp/QueryDaily?s=GRM", "source_url": "https://data.cnra.ca.gov/dataset/california-snow-data/resource/49baa289-3cc3-439a-af7a-727486dbf303" }, "geometry": { "type": "Point", "coordinates": [ -119.2325592, 37.54959869 ] } },
{ "type": "Feature", "properties": { "station_uid": "CDEC_snow_sensor_GRZ", "station_name": "GRIZZLY RIDGE", "station_type": "cdec_snow_sensor", "station_type_label": "CDEC snow sensor", "network_group": "Snow / soil climate stations", "provider": "CA DWR / CDEC / CCSS", "source_system": "CDEC", "source_layer": "California Snow Data - Station Metadata", "station_id": "GRZ", "site_num": null, "station_triplet": null, "shef_id": null, "cdec_id": "GRZ", "operator_agency": ".None Specified", "owner_agency": null, "state": "CA", "county": null, "basin": null, "huc": null, "elevation_ft": 6900.0, "latitude": 39.917, "longitude": -120.645, "start_date": "1970-01-01T00:00:00", "end_date": null, "status": "active", "site_page_url": "https://cdec.water.ca.gov/dynamicapp/staMeta?station_id=GRZ", "data_page_url": "https://cdec.water.ca.gov/dynamicapp/QueryDaily?s=GRZ", "source_url": "https://data.cnra.ca.gov/dataset/california-snow-data/resource/49baa289-3cc3-439a-af7a-727486dbf303" }, "geometry": { "type": "Point", "coordinates": [ -120.645, 39.917 ] } },
{ "type": "Feature", "properties": { "station_uid": "CDEC_snow_sensor_HGM", "station_name": "HAGANS MEADOW", "station_type": "cdec_snow_sensor", "station_type_label": "CDEC snow sensor", "network_group": "Snow / soil climate stations", "provider": "CA DWR / CDEC / CCSS", "source_system": "CDEC", "source_layer": "California Snow Data - Station Metadata", "station_id": "HGM", "site_num": null, "station_triplet": null, "shef_id": null, "cdec_id": "HGM", "operator_agency": "Natural Resources Conservation Service", "owner_agency": null, "state": "CA", "county": null, "basin": null, "huc": null, "elevation_ft": 8000.0, "latitude": 38.853, "longitude": -119.94, "start_date": "1970-01-04T00:00:00", "end_date": null, "status": "active", "site_page_url": "https://cdec.water.ca.gov/dynamicapp/staMeta?station_id=HGM", "data_page_url": "https://cdec.water.ca.gov/dynamicapp/QueryDaily?s=HGM", "source_url": "https://data.cnra.ca.gov/dataset/california-snow-data/resource/49baa289-3cc3-439a-af7a-727486dbf303" }, "geometry": { "type": "Point", "coordinates": [ -119.94, 38.853 ] } },
{ "type": "Feature", "properties": { "station_uid": "CDEC_snow_sensor_HRK", "station_name": "HARKNESS FLAT", "station_type": "cdec_snow_sensor", "station_type_label": "CDEC snow sensor", "network_group": "Snow / soil climate stations", "provider": "CA DWR / CDEC / CCSS", "source_system": "CDEC", "source_layer": "California Snow Data - Station Metadata", "station_id": "HRK", "site_num": null, "station_triplet": null, "shef_id": null, "cdec_id": "HRK", "operator_agency": "CA Dept of Water Resources/State Water Project", "owner_agency": null, "state": "CA", "county": null, "basin": null, "huc": null, "elevation_ft": 6200.0, "latitude": 40.418, "longitude": -121.275, "start_date": "2006-10-01T00:00:00", "end_date": null, "status": "active", "site_page_url": "https://cdec.water.ca.gov/dynamicapp/staMeta?station_id=HRK", "data_page_url": "https://cdec.water.ca.gov/dynamicapp/QueryDaily?s=HRK", "source_url": "https://data.cnra.ca.gov/dataset/california-snow-data/resource/49baa289-3cc3-439a-af7a-727486dbf303" }, "geometry": { "type": "Point", "coordinates": [ -121.275, 40.418 ] } },
{ "type": "Feature", "properties": { "station_uid": "CDEC_snow_sensor_HVN", "station_name": "HEAVENLY VALLEY", "station_type": "cdec_snow_sensor", "station_type_label": "CDEC snow sensor", "network_group": "Snow / soil climate stations", "provider": "CA DWR / CDEC / CCSS", "source_system": "CDEC", "source_layer": "California Snow Data - Station Metadata", "station_id": "HVN", "site_num": null, "station_triplet": null, "shef_id": null, "cdec_id": "HVN", "operator_agency": "Natural Resources Conservation Service", "owner_agency": null, "state": "CA", "county": null, "basin": null, "huc": null, "elevation_ft": 8800.0, "latitude": 38.929, "longitude": -119.917, "start_date": "1970-12-30T00:00:00", "end_date": null, "status": "active", "site_page_url": "https://cdec.water.ca.gov/dynamicapp/staMeta?station_id=HVN", "data_page_url": "https://cdec.water.ca.gov/dynamicapp/QueryDaily?s=HVN", "source_url": "https://data.cnra.ca.gov/dataset/california-snow-data/resource/49baa289-3cc3-439a-af7a-727486dbf303" }, "geometry": { "type": "Point", "coordinates": [ -119.917, 38.929 ] } },
{ "type": "Feature", "properties": { "station_uid": "CDEC_snow_sensor_HIG", "station_name": "HIGHLAND LAKES", "station_type": "cdec_snow_sensor", "station_type_label": "CDEC snow sensor", "network_group": "Snow / soil climate stations", "provider": "CA DWR / CDEC / CCSS", "source_system": "CDEC", "source_layer": "California Snow Data - Station Metadata", "station_id": "HIG", "site_num": null, "station_triplet": null, "shef_id": null, "cdec_id": "HIG", "operator_agency": "CA Dept of Water Resources/DFM-Hydro-SMN", "owner_agency": null, "state": "CA", "county": null, "basin": null, "huc": null, "elevation_ft": 6030.0, "latitude": 41.09178162, "longitude": -122.4915619, "start_date": "1984-10-28T00:00:00", "end_date": null, "status": "active", "site_page_url": "https://cdec.water.ca.gov/dynamicapp/staMeta?station_id=HIG", "data_page_url": "https://cdec.water.ca.gov/dynamicapp/QueryDaily?s=HIG", "source_url": "https://data.cnra.ca.gov/dataset/california-snow-data/resource/49baa289-3cc3-439a-af7a-727486dbf303" }, "geometry": { "type": "Point", "coordinates": [ -122.4915619, 41.09178162 ] } },
{ "type": "Feature", "properties": { "station_uid": "CDEC_snow_sensor_HHM", "station_name": "HIGHLAND MEADOW", "station_type": "cdec_snow_sensor", "station_type_label": "CDEC snow sensor", "network_group": "Snow / soil climate stations", "provider": "CA DWR / CDEC / CCSS", "source_system": "CDEC", "source_layer": "California Snow Data - Station Metadata", "station_id": "HHM", "site_num": null, "station_triplet": null, "shef_id": null, "cdec_id": "HHM", "operator_agency": "CA Dept of Water Resources/DFM-Hydro-SMN", "owner_agency": null, "state": "CA", "county": null, "basin": null, "huc": null, "elevation_ft": 8700.0, "latitude": 38.49066162, "longitude": -119.8056259, "start_date": "1989-10-21T00:00:00", "end_date": null, "status": "active", "site_page_url": "https://cdec.water.ca.gov/dynamicapp/staMeta?station_id=HHM", "data_page_url": "https://cdec.water.ca.gov/dynamicapp/QueryDaily?s=HHM", "source_url": "https://data.cnra.ca.gov/dataset/california-snow-data/resource/49baa289-3cc3-439a-af7a-727486dbf303" }, "geometry": { "type": "Point", "coordinates": [ -119.8056259, 38.49066162 ] } },
{ "type": "Feature", "properties": { "station_uid": "CDEC_snow_sensor_HRS", "station_name": "HORSE MEADOW", "station_type": "cdec_snow_sensor", "station_type_label": "CDEC snow sensor", "network_group": "Snow / soil climate stations", "provider": "CA DWR / CDEC / CCSS", "source_system": "CDEC", "source_layer": "California Snow Data - Station Metadata", "station_id": "HRS", "site_num": null, "station_triplet": null, "shef_id": null, "cdec_id": "HRS", "operator_agency": "CA Dept of Water Resources/DFM-Hydro-SMN", "owner_agency": null, "state": "CA", "county": null, "basin": null, "huc": null, "elevation_ft": 8400.0, "latitude": 38.158, "longitude": -119.662, "start_date": "1984-11-01T00:00:00", "end_date": null, "status": "active", "site_page_url": "https://cdec.water.ca.gov/dynamicapp/staMeta?station_id=HRS", "data_page_url": "https://cdec.water.ca.gov/dynamicapp/QueryDaily?s=HRS", "source_url": "https://data.cnra.ca.gov/dataset/california-snow-data/resource/49baa289-3cc3-439a-af7a-727486dbf303" }, "geometry": { "type": "Point", "coordinates": [ -119.662, 38.158 ] } },
{ "type": "Feature", "properties": { "station_uid": "CDEC_snow_sensor_HOR", "station_name": "HORSE MEADOW (NRCS)", "station_type": "cdec_snow_sensor", "station_type_label": "CDEC snow sensor", "network_group": "Snow / soil climate stations", "provider": "CA DWR / CDEC / CCSS", "source_system": "CDEC", "source_layer": "California Snow Data - Station Metadata", "station_id": "HOR", "site_num": null, "station_triplet": null, "shef_id": null, "cdec_id": "HOR", "operator_agency": "Natural Resources Conservation Service", "owner_agency": null, "state": "CA", "county": null, "basin": null, "huc": null, "elevation_ft": 8557.0, "latitude": 38.8365, "longitude": -119.8873, "start_date": "2005-01-26T00:00:00", "end_date": null, "status": "active", "site_page_url": "https://cdec.water.ca.gov/dynamicapp/staMeta?station_id=HOR", "data_page_url": "https://cdec.water.ca.gov/dynamicapp/QueryDaily?s=HOR", "source_url": "https://data.cnra.ca.gov/dataset/california-snow-data/resource/49baa289-3cc3-439a-af7a-727486dbf303" }, "geometry": { "type": "Point", "coordinates": [ -119.8873, 38.8365 ] } },
{ "type": "Feature", "properties": { "station_uid": "CDEC_snow_sensor_HMB", "station_name": "HUMBUG", "station_type": "cdec_snow_sensor", "station_type_label": "CDEC snow sensor", "network_group": "Snow / soil climate stations", "provider": "CA DWR / CDEC / CCSS", "source_system": "CDEC", "source_layer": "California Snow Data - Station Metadata", "station_id": "HMB", "site_num": null, "station_triplet": null, "shef_id": null, "cdec_id": "HMB", "operator_agency": "CA Dept of Water Resources/O&M Oroville Field Division", "owner_agency": null, "state": "CA", "county": null, "basin": null, "huc": null, "elevation_ft": 6500.0, "latitude": 40.115, "longitude": -121.368, "start_date": "1981-02-01T00:00:00", "end_date": null, "status": "active", "site_page_url": "https://cdec.water.ca.gov/dynamicapp/staMeta?station_id=HMB", "data_page_url": "https://cdec.water.ca.gov/dynamicapp/QueryDaily?s=HMB", "source_url": "https://data.cnra.ca.gov/dataset/california-snow-data/resource/49baa289-3cc3-439a-af7a-727486dbf303" }, "geometry": { "type": "Point", "coordinates": [ -121.368, 40.115 ] } },
{ "type": "Feature", "properties": { "station_uid": "CDEC_snow_sensor_HNT", "station_name": "HUNTINGTON LAKE (USBR)", "station_type": "cdec_snow_sensor", "station_type_label": "CDEC snow sensor", "network_group": "Snow / soil climate stations", "provider": "CA DWR / CDEC / CCSS", "source_system": "CDEC", "source_layer": "California Snow Data - Station Metadata", "station_id": "HNT", "site_num": null, "station_triplet": null, "shef_id": null, "cdec_id": "HNT", "operator_agency": "CA Dept of Water Resources/DFM-Hydro-SMN", "owner_agency": null, "state": "CA", "county": null, "basin": null, "huc": null, "elevation_ft": 7000.0, "latitude": 37.22756958, "longitude": -119.2204819, "start_date": "1987-11-04T00:00:00", "end_date": null, "status": "active", "site_page_url": "https://cdec.water.ca.gov/dynamicapp/staMeta?station_id=HNT", "data_page_url": "https://cdec.water.ca.gov/dynamicapp/QueryDaily?s=HNT", "source_url": "https://data.cnra.ca.gov/dataset/california-snow-data/resource/49baa289-3cc3-439a-af7a-727486dbf303" }, "geometry": { "type": "Point", "coordinates": [ -119.2204819, 37.22756958 ] } },
{ "type": "Feature", "properties": { "station_uid": "CDEC_snow_sensor_HYS", "station_name": "HUYSINK", "station_type": "cdec_snow_sensor", "station_type_label": "CDEC snow sensor", "network_group": "Snow / soil climate stations", "provider": "CA DWR / CDEC / CCSS", "source_system": "CDEC", "source_layer": "California Snow Data - Station Metadata", "station_id": "HYS", "site_num": null, "station_triplet": null, "shef_id": null, "cdec_id": "HYS", "operator_agency": "CA Dept of Water Resources/DFM-Hydro-SMN", "owner_agency": null, "state": "CA", "county": null, "basin": null, "huc": null, "elevation_ft": 6600.0, "latitude": 39.28142166, "longitude": -120.5296326, "start_date": "1979-11-02T00:00:00", "end_date": null, "status": "active", "site_page_url": "https://cdec.water.ca.gov/dynamicapp/staMeta?station_id=HYS", "data_page_url": "https://cdec.water.ca.gov/dynamicapp/QueryDaily?s=HYS", "source_url": "https://data.cnra.ca.gov/dataset/california-snow-data/resource/49baa289-3cc3-439a-af7a-727486dbf303" }, "geometry": { "type": "Point", "coordinates": [ -120.5296326, 39.28142166 ] } },
{ "type": "Feature", "properties": { "station_uid": "CDEC_snow_sensor_IDC", "station_name": "INDEPENDENCE CAMP", "station_type": "cdec_snow_sensor", "station_type_label": "CDEC snow sensor", "network_group": "Snow / soil climate stations", "provider": "CA DWR / CDEC / CCSS", "source_system": "CDEC", "source_layer": "California Snow Data - Station Metadata", "station_id": "IDC", "site_num": null, "station_triplet": null, "shef_id": null, "cdec_id": "IDC", "operator_agency": "Natural Resources Conservation Service", "owner_agency": null, "state": "CA", "county": null, "basin": null, "huc": null, "elevation_ft": 7000.0, "latitude": 39.452588, "longitude": -120.298548, "start_date": "1970-01-01T00:00:00", "end_date": null, "status": "active", "site_page_url": "https://cdec.water.ca.gov/dynamicapp/staMeta?station_id=IDC", "data_page_url": "https://cdec.water.ca.gov/dynamicapp/QueryDaily?s=IDC", "source_url": "https://data.cnra.ca.gov/dataset/california-snow-data/resource/49baa289-3cc3-439a-af7a-727486dbf303" }, "geometry": { "type": "Point", "coordinates": [ -120.298548, 39.452588 ] } },
{ "type": "Feature", "properties": { "station_uid": "CDEC_snow_sensor_INN", "station_name": "INDEPENDENCE CREEK", "station_type": "cdec_snow_sensor", "station_type_label": "CDEC snow sensor", "network_group": "Snow / soil climate stations", "provider": "CA DWR / CDEC / CCSS", "source_system": "CDEC", "source_layer": "California Snow Data - Station Metadata", "station_id": "INN", "site_num": null, "station_triplet": null, "shef_id": null, "cdec_id": "INN", "operator_agency": "Natural Resources Conservation Service", "owner_agency": null, "state": "CA", "county": null, "basin": null, "huc": null, "elevation_ft": 6500.0, "latitude": 39.494, "longitude": -120.293, "start_date": "1980-10-01T00:00:00", "end_date": null, "status": "active", "site_page_url": "https://cdec.water.ca.gov/dynamicapp/staMeta?station_id=INN", "data_page_url": "https://cdec.water.ca.gov/dynamicapp/QueryDaily?s=INN", "source_url": "https://data.cnra.ca.gov/dataset/california-snow-data/resource/49baa289-3cc3-439a-af7a-727486dbf303" }, "geometry": { "type": "Point", "coordinates": [ -120.293, 39.494 ] } },
{ "type": "Feature", "properties": { "station_uid": "CDEC_snow_sensor_IDP", "station_name": "INDEPENDENCE LAKE (SCS)", "station_type": "cdec_snow_sensor", "station_type_label": "CDEC snow sensor", "network_group": "Snow / soil climate stations", "provider": "CA DWR / CDEC / CCSS", "source_system": "CDEC", "source_layer": "California Snow Data - Station Metadata", "station_id": "IDP", "site_num": null, "station_triplet": null, "shef_id": null, "cdec_id": "IDP", "operator_agency": "Natural Resources Conservation Service", "owner_agency": null, "state": "CA", "county": null, "basin": null, "huc": null, "elevation_ft": 8450.0, "latitude": 39.435, "longitude": -120.322, "start_date": "1980-10-01T00:00:00", "end_date": null, "status": "active", "site_page_url": "https://cdec.water.ca.gov/dynamicapp/staMeta?station_id=IDP", "data_page_url": "https://cdec.water.ca.gov/dynamicapp/QueryDaily?s=IDP", "source_url": "https://data.cnra.ca.gov/dataset/california-snow-data/resource/49baa289-3cc3-439a-af7a-727486dbf303" }, "geometry": { "type": "Point", "coordinates": [ -120.322, 39.435 ] } },
{ "type": "Feature", "properties": { "station_uid": "CDEC_snow_sensor_KSP", "station_name": "KAISER POINT", "station_type": "cdec_snow_sensor", "station_type_label": "CDEC snow sensor", "network_group": "Snow / soil climate stations", "provider": "CA DWR / CDEC / CCSS", "source_system": "CDEC", "source_layer": "California Snow Data - Station Metadata", "station_id": "KSP", "site_num": null, "station_triplet": null, "shef_id": null, "cdec_id": "KSP", "operator_agency": "CA Dept of Water Resources/DFM-Hydro-SMN", "owner_agency": null, "state": "CA", "county": null, "basin": null, "huc": null, "elevation_ft": 9200.0, "latitude": 37.29817963, "longitude": -119.1033707, "start_date": "1970-01-06T00:00:00", "end_date": null, "status": "active", "site_page_url": "https://cdec.water.ca.gov/dynamicapp/staMeta?station_id=KSP", "data_page_url": "https://cdec.water.ca.gov/dynamicapp/QueryDaily?s=KSP", "source_url": "https://data.cnra.ca.gov/dataset/california-snow-data/resource/49baa289-3cc3-439a-af7a-727486dbf303" }, "geometry": { "type": "Point", "coordinates": [ -119.1033707, 37.29817963 ] } },
{ "type": "Feature", "properties": { "station_uid": "CDEC_snow_sensor_KTL", "station_name": "KETTLE ROCK", "station_type": "cdec_snow_sensor", "station_type_label": "CDEC snow sensor", "network_group": "Snow / soil climate stations", "provider": "CA DWR / CDEC / CCSS", "source_system": "CDEC", "source_layer": "California Snow Data - Station Metadata", "station_id": "KTL", "site_num": null, "station_triplet": null, "shef_id": null, "cdec_id": "KTL", "operator_agency": ".None Specified", "owner_agency": null, "state": "CA", "county": null, "basin": null, "huc": null, "elevation_ft": 7300.0, "latitude": 40.14, "longitude": -120.715, "start_date": "1979-01-01T00:00:00", "end_date": null, "status": "active", "site_page_url": "https://cdec.water.ca.gov/dynamicapp/staMeta?station_id=KTL", "data_page_url": "https://cdec.water.ca.gov/dynamicapp/QueryDaily?s=KTL", "source_url": "https://data.cnra.ca.gov/dataset/california-snow-data/resource/49baa289-3cc3-439a-af7a-727486dbf303" }, "geometry": { "type": "Point", "coordinates": [ -120.715, 40.14 ] } },
{ "type": "Feature", "properties": { "station_uid": "CDEC_snow_sensor_LOS", "station_name": "LAKE LOIS", "station_type": "cdec_snow_sensor", "station_type_label": "CDEC snow sensor", "network_group": "Snow / soil climate stations", "provider": "CA DWR / CDEC / CCSS", "source_system": "CDEC", "source_layer": "California Snow Data - Station Metadata", "station_id": "LOS", "site_num": null, "station_triplet": null, "shef_id": null, "cdec_id": "LOS", "operator_agency": "CA Dept of Water Resources/DFM-Hydro-SMN", "owner_agency": null, "state": "CA", "county": null, "basin": null, "huc": null, "elevation_ft": 8600.0, "latitude": 38.92103577, "longitude": -120.2044449, "start_date": "1987-01-08T00:00:00", "end_date": null, "status": "active", "site_page_url": "https://cdec.water.ca.gov/dynamicapp/staMeta?station_id=LOS", "data_page_url": "https://cdec.water.ca.gov/dynamicapp/QueryDaily?s=LOS", "source_url": "https://data.cnra.ca.gov/dataset/california-snow-data/resource/49baa289-3cc3-439a-af7a-727486dbf303" }, "geometry": { "type": "Point", "coordinates": [ -120.2044449, 38.92103577 ] } },
{ "type": "Feature", "properties": { "station_uid": "CDEC_snow_sensor_LVT", "station_name": "LEAVITT LAKE", "station_type": "cdec_snow_sensor", "station_type_label": "CDEC snow sensor", "network_group": "Snow / soil climate stations", "provider": "CA DWR / CDEC / CCSS", "source_system": "CDEC", "source_layer": "California Snow Data - Station Metadata", "station_id": "LVT", "site_num": null, "station_triplet": null, "shef_id": null, "cdec_id": "LVT", "operator_agency": "Natural Resources Conservation Service", "owner_agency": null, "state": "CA", "county": null, "basin": null, "huc": null, "elevation_ft": 9600.0, "latitude": 38.282, "longitude": -119.621, "start_date": "1995-06-25T00:00:00", "end_date": null, "status": "active", "site_page_url": "https://cdec.water.ca.gov/dynamicapp/staMeta?station_id=LVT", "data_page_url": "https://cdec.water.ca.gov/dynamicapp/QueryDaily?s=LVT", "source_url": "https://data.cnra.ca.gov/dataset/california-snow-data/resource/49baa289-3cc3-439a-af7a-727486dbf303" }, "geometry": { "type": "Point", "coordinates": [ -119.621, 38.282 ] } },
{ "type": "Feature", "properties": { "station_uid": "CDEC_snow_sensor_LVM", "station_name": "LEAVITT MEADOWS", "station_type": "cdec_snow_sensor", "station_type_label": "CDEC snow sensor", "network_group": "Snow / soil climate stations", "provider": "CA DWR / CDEC / CCSS", "source_system": "CDEC", "source_layer": "California Snow Data - Station Metadata", "station_id": "LVM", "site_num": null, "station_triplet": null, "shef_id": null, "cdec_id": "LVM", "operator_agency": "Natural Resources Conservation Service", "owner_agency": null, "state": "CA", "county": null, "basin": null, "huc": null, "elevation_ft": 7200.0, "latitude": 38.305, "longitude": -119.552, "start_date": "1985-10-01T00:00:00", "end_date": null, "status": "active", "site_page_url": "https://cdec.water.ca.gov/dynamicapp/staMeta?station_id=LVM", "data_page_url": "https://cdec.water.ca.gov/dynamicapp/QueryDaily?s=LVM", "source_url": "https://data.cnra.ca.gov/dataset/california-snow-data/resource/49baa289-3cc3-439a-af7a-727486dbf303" }, "geometry": { "type": "Point", "coordinates": [ -119.552, 38.305 ] } },
{ "type": "Feature", "properties": { "station_uid": "CDEC_snow_sensor_LBD", "station_name": "LOBDELL LAKE", "station_type": "cdec_snow_sensor", "station_type_label": "CDEC snow sensor", "network_group": "Snow / soil climate stations", "provider": "CA DWR / CDEC / CCSS", "source_system": "CDEC", "source_layer": "California Snow Data - Station Metadata", "station_id": "LBD", "site_num": null, "station_triplet": null, "shef_id": null, "cdec_id": "LBD", "operator_agency": "Natural Resources Conservation Service", "owner_agency": null, "state": "CA", "county": null, "basin": null, "huc": null, "elevation_ft": 9200.0, "latitude": 38.44, "longitude": -119.377, "start_date": "1909-04-13T00:00:00", "end_date": null, "status": "active", "site_page_url": "https://cdec.water.ca.gov/dynamicapp/staMeta?station_id=LBD", "data_page_url": "https://cdec.water.ca.gov/dynamicapp/QueryDaily?s=LBD", "source_url": "https://data.cnra.ca.gov/dataset/california-snow-data/resource/49baa289-3cc3-439a-af7a-727486dbf303" }, "geometry": { "type": "Point", "coordinates": [ -119.377, 38.44 ] } },
{ "type": "Feature", "properties": { "station_uid": "CDEC_snow_sensor_KIB", "station_name": "LOWER KIBBIE RIDGE", "station_type": "cdec_snow_sensor", "station_type_label": "CDEC snow sensor", "network_group": "Snow / soil climate stations", "provider": "CA DWR / CDEC / CCSS", "source_system": "CDEC", "source_layer": "California Snow Data - Station Metadata", "station_id": "KIB", "site_num": null, "station_triplet": null, "shef_id": null, "cdec_id": "KIB", "operator_agency": "CA Dept of Water Resources/DFM-Hydro-SMN", "owner_agency": null, "state": "CA", "county": null, "basin": null, "huc": null, "elevation_ft": 6700.0, "latitude": 38.033024, "longitude": -119.879245, "start_date": "1983-11-10T00:00:00", "end_date": null, "status": "active", "site_page_url": "https://cdec.water.ca.gov/dynamicapp/staMeta?station_id=KIB", "data_page_url": "https://cdec.water.ca.gov/dynamicapp/QueryDaily?s=KIB", "source_url": "https://data.cnra.ca.gov/dataset/california-snow-data/resource/49baa289-3cc3-439a-af7a-727486dbf303" }, "geometry": { "type": "Point", "coordinates": [ -119.879245, 38.033024 ] } },
{ "type": "Feature", "properties": { "station_uid": "CDEC_snow_sensor_LLP", "station_name": "LOWER LASSEN PEAK", "station_type": "cdec_snow_sensor", "station_type_label": "CDEC snow sensor", "network_group": "Snow / soil climate stations", "provider": "CA DWR / CDEC / CCSS", "source_system": "CDEC", "source_layer": "California Snow Data - Station Metadata", "station_id": "LLP", "site_num": null, "station_triplet": null, "shef_id": null, "cdec_id": "LLP", "operator_agency": "CA Dept of Water Resources/DFM-Hydro-SMN", "owner_agency": null, "state": "CA", "county": null, "basin": null, "huc": null, "elevation_ft": 8338.0, "latitude": 40.46660233, "longitude": -121.50811, "start_date": "2003-11-04T00:00:00", "end_date": null, "status": "active", "site_page_url": "https://cdec.water.ca.gov/dynamicapp/staMeta?station_id=LLP", "data_page_url": "https://cdec.water.ca.gov/dynamicapp/QueryDaily?s=LLP", "source_url": "https://data.cnra.ca.gov/dataset/california-snow-data/resource/49baa289-3cc3-439a-af7a-727486dbf303" }, "geometry": { "type": "Point", "coordinates": [ -121.50811, 40.46660233 ] } },
{ "type": "Feature", "properties": { "station_uid": "CDEC_snow_sensor_REL", "station_name": "LOWER RELIEF VALLEY", "station_type": "cdec_snow_sensor", "station_type_label": "CDEC snow sensor", "network_group": "Snow / soil climate stations", "provider": "CA DWR / CDEC / CCSS", "source_system": "CDEC", "source_layer": "California Snow Data - Station Metadata", "station_id": "REL", "site_num": null, "station_triplet": null, "shef_id": null, "cdec_id": "REL", "operator_agency": "CA Dept of Water Resources/DFM-Hydro-SMN", "owner_agency": null, "state": "CA", "county": null, "basin": null, "huc": null, "elevation_ft": 8100.0, "latitude": 38.2429167, "longitude": -119.7629167, "start_date": "1985-01-01T00:00:00", "end_date": null, "status": "active", "site_page_url": "https://cdec.water.ca.gov/dynamicapp/staMeta?station_id=REL", "data_page_url": "https://cdec.water.ca.gov/dynamicapp/QueryDaily?s=REL", "source_url": "https://data.cnra.ca.gov/dataset/california-snow-data/resource/49baa289-3cc3-439a-af7a-727486dbf303" }, "geometry": { "type": "Point", "coordinates": [ -119.7629167, 38.2429167 ] } },
{ "type": "Feature", "properties": { "station_uid": "CDEC_snow_sensor_MHP", "station_name": "MAMMOTH PASS (USBR)", "station_type": "cdec_snow_sensor", "station_type_label": "CDEC snow sensor", "network_group": "Snow / soil climate stations", "provider": "CA DWR / CDEC / CCSS", "source_system": "CDEC", "source_layer": "California Snow Data - Station Metadata", "station_id": "MHP", "site_num": null, "station_triplet": null, "shef_id": null, "cdec_id": "MHP", "operator_agency": "CA Dept of Water Resources/DFM-Hydro-SMN", "owner_agency": null, "state": "CA", "county": null, "basin": null, "huc": null, "elevation_ft": 9300.0, "latitude": 37.61240005, "longitude": -119.0317459, "start_date": "1990-01-01T00:00:00", "end_date": null, "status": "active", "site_page_url": "https://cdec.water.ca.gov/dynamicapp/staMeta?station_id=MHP", "data_page_url": "https://cdec.water.ca.gov/dynamicapp/QueryDaily?s=MHP", "source_url": "https://data.cnra.ca.gov/dataset/california-snow-data/resource/49baa289-3cc3-439a-af7a-727486dbf303" }, "geometry": { "type": "Point", "coordinates": [ -119.0317459, 37.61240005 ] } },
{ "type": "Feature", "properties": { "station_uid": "CDEC_snow_sensor_MRL", "station_name": "MARLETTE LAKE", "station_type": "cdec_snow_sensor", "station_type_label": "CDEC snow sensor", "network_group": "Snow / soil climate stations", "provider": "CA DWR / CDEC / CCSS", "source_system": "CDEC", "source_layer": "California Snow Data - Station Metadata", "station_id": "MRL", "site_num": null, "station_triplet": null, "shef_id": null, "cdec_id": "MRL", "operator_agency": "Natural Resources Conservation Service", "owner_agency": null, "state": "CA", "county": null, "basin": null, "huc": null, "elevation_ft": 8000.0, "latitude": 39.173, "longitude": -119.905, "start_date": "1970-01-01T00:00:00", "end_date": null, "status": "active", "site_page_url": "https://cdec.water.ca.gov/dynamicapp/staMeta?station_id=MRL", "data_page_url": "https://cdec.water.ca.gov/dynamicapp/QueryDaily?s=MRL", "source_url": "https://data.cnra.ca.gov/dataset/california-snow-data/resource/49baa289-3cc3-439a-af7a-727486dbf303" }, "geometry": { "type": "Point", "coordinates": [ -119.905, 39.173 ] } },
{ "type": "Feature", "properties": { "station_uid": "CDEC_snow_sensor_MDW", "station_name": "MEADOW LAKE", "station_type": "cdec_snow_sensor", "station_type_label": "CDEC snow sensor", "network_group": "Snow / soil climate stations", "provider": "CA DWR / CDEC / CCSS", "source_system": "CDEC", "source_layer": "California Snow Data - Station Metadata", "station_id": "MDW", "site_num": null, "station_triplet": null, "shef_id": null, "cdec_id": "MDW", "operator_agency": "CA Dept of Water Resources/DFM-Hydro-SMN", "owner_agency": null, "state": "CA", "county": null, "basin": null, "huc": null, "elevation_ft": 7200.0, "latitude": 39.40566254, "longitude": -120.5060577, "start_date": "1997-09-10T00:00:00", "end_date": null, "status": "active", "site_page_url": "https://cdec.water.ca.gov/dynamicapp/staMeta?station_id=MDW", "data_page_url": "https://cdec.water.ca.gov/dynamicapp/QueryDaily?s=MDW", "source_url": "https://data.cnra.ca.gov/dataset/california-snow-data/resource/49baa289-3cc3-439a-af7a-727486dbf303" }, "geometry": { "type": "Point", "coordinates": [ -120.5060577, 39.40566254 ] } },
{ "type": "Feature", "properties": { "station_uid": "CDEC_snow_sensor_MED", "station_name": "MEDICINE LAKE", "station_type": "cdec_snow_sensor", "station_type_label": "CDEC snow sensor", "network_group": "Snow / soil climate stations", "provider": "CA DWR / CDEC / CCSS", "source_system": "CDEC", "source_layer": "California Snow Data - Station Metadata", "station_id": "MED", "site_num": null, "station_triplet": null, "shef_id": null, "cdec_id": "MED", "operator_agency": "CA Dept of Water Resources/DFM-Hydro-SMN", "owner_agency": null, "state": "CA", "county": null, "basin": null, "huc": null, "elevation_ft": 6700.0, "latitude": 41.5913887, "longitude": -121.6108322, "start_date": "1984-10-31T00:00:00", "end_date": null, "status": "active", "site_page_url": "https://cdec.water.ca.gov/dynamicapp/staMeta?station_id=MED", "data_page_url": "https://cdec.water.ca.gov/dynamicapp/QueryDaily?s=MED", "source_url": "https://data.cnra.ca.gov/dataset/california-snow-data/resource/49baa289-3cc3-439a-af7a-727486dbf303" }, "geometry": { "type": "Point", "coordinates": [ -121.6108322, 41.5913887 ] } },
{ "type": "Feature", "properties": { "station_uid": "CDEC_snow_sensor_MB3", "station_name": "MIDDLE BOULDER 3", "station_type": "cdec_snow_sensor", "station_type_label": "CDEC snow sensor", "network_group": "Snow / soil climate stations", "provider": "CA DWR / CDEC / CCSS", "source_system": "CDEC", "source_layer": "California Snow Data - Station Metadata", "station_id": "MB3", "site_num": null, "station_triplet": null, "shef_id": null, "cdec_id": "MB3", "operator_agency": "CA Dept of Water Resources/DFM-Hydro-SMN", "owner_agency": null, "state": "CA", "county": null, "basin": null, "huc": null, "elevation_ft": 6200.0, "latitude": 41.22483826, "longitude": -122.80616, "start_date": "1986-11-23T00:00:00", "end_date": null, "status": "active", "site_page_url": "https://cdec.water.ca.gov/dynamicapp/staMeta?station_id=MB3", "data_page_url": "https://cdec.water.ca.gov/dynamicapp/QueryDaily?s=MB3", "source_url": "https://data.cnra.ca.gov/dataset/california-snow-data/resource/49baa289-3cc3-439a-af7a-727486dbf303" }, "geometry": { "type": "Point", "coordinates": [ -122.80616, 41.22483826 ] } },
{ "type": "Feature", "properties": { "station_uid": "CDEC_snow_sensor_MTM", "station_name": "MITCHELL MEADOW", "station_type": "cdec_snow_sensor", "station_type_label": "CDEC snow sensor", "network_group": "Snow / soil climate stations", "provider": "CA DWR / CDEC / CCSS", "source_system": "CDEC", "source_layer": "California Snow Data - Station Metadata", "station_id": "MTM", "site_num": null, "station_triplet": null, "shef_id": null, "cdec_id": "MTM", "operator_agency": "Sierra Hydrographics", "owner_agency": null, "state": "CA", "county": null, "basin": null, "huc": null, "elevation_ft": 10026.0, "latitude": 36.73615, "longitude": -118.712167, "start_date": "1970-01-01T00:00:00", "end_date": null, "status": "active", "site_page_url": "https://cdec.water.ca.gov/dynamicapp/staMeta?station_id=MTM", "data_page_url": "https://cdec.water.ca.gov/dynamicapp/QueryDaily?s=MTM", "source_url": "https://data.cnra.ca.gov/dataset/california-snow-data/resource/49baa289-3cc3-439a-af7a-727486dbf303" }, "geometry": { "type": "Point", "coordinates": [ -118.712167, 36.73615 ] } },
{ "type": "Feature", "properties": { "station_uid": "CDEC_snow_sensor_MNT", "station_name": "MONITOR PASS", "station_type": "cdec_snow_sensor", "station_type_label": "CDEC snow sensor", "network_group": "Snow / soil climate stations", "provider": "CA DWR / CDEC / CCSS", "source_system": "CDEC", "source_layer": "California Snow Data - Station Metadata", "station_id": "MNT", "site_num": null, "station_triplet": null, "shef_id": null, "cdec_id": "MNT", "operator_agency": "Natural Resources Conservation Service", "owner_agency": null, "state": "CA", "county": null, "basin": null, "huc": null, "elevation_ft": 8350.0, "latitude": 38.67, "longitude": -119.615, "start_date": "1990-10-01T00:00:00", "end_date": null, "status": "active", "site_page_url": "https://cdec.water.ca.gov/dynamicapp/staMeta?station_id=MNT", "data_page_url": "https://cdec.water.ca.gov/dynamicapp/QueryDaily?s=MNT", "source_url": "https://data.cnra.ca.gov/dataset/california-snow-data/resource/49baa289-3cc3-439a-af7a-727486dbf303" }, "geometry": { "type": "Point", "coordinates": [ -119.615, 38.67 ] } },
{ "type": "Feature", "properties": { "station_uid": "CDEC_snow_sensor_MSK", "station_name": "MOUNT ROSE SKI AREA", "station_type": "cdec_snow_sensor", "station_type_label": "CDEC snow sensor", "network_group": "Snow / soil climate stations", "provider": "CA DWR / CDEC / CCSS", "source_system": "CDEC", "source_layer": "California Snow Data - Station Metadata", "station_id": "MSK", "site_num": null, "station_triplet": null, "shef_id": null, "cdec_id": "MSK", "operator_agency": "Natural Resources Conservation Service", "owner_agency": null, "state": "CA", "county": null, "basin": null, "huc": null, "elevation_ft": 8900.0, "latitude": 39.326, "longitude": -119.902, "start_date": "1980-10-01T00:00:00", "end_date": null, "status": "active", "site_page_url": "https://cdec.water.ca.gov/dynamicapp/staMeta?station_id=MSK", "data_page_url": "https://cdec.water.ca.gov/dynamicapp/QueryDaily?s=MSK", "source_url": "https://data.cnra.ca.gov/dataset/california-snow-data/resource/49baa289-3cc3-439a-af7a-727486dbf303" }, "geometry": { "type": "Point", "coordinates": [ -119.902, 39.326 ] } },
{ "type": "Feature", "properties": { "station_uid": "CDEC_snow_sensor_MUM", "station_name": "MUMBO BASIN", "station_type": "cdec_snow_sensor", "station_type_label": "CDEC snow sensor", "network_group": "Snow / soil climate stations", "provider": "CA DWR / CDEC / CCSS", "source_system": "CDEC", "source_layer": "California Snow Data - Station Metadata", "station_id": "MUM", "site_num": null, "station_triplet": null, "shef_id": null, "cdec_id": "MUM", "operator_agency": "CA Dept of Water Resources/DFM-Hydro-SMN", "owner_agency": null, "state": "CA", "county": null, "basin": null, "huc": null, "elevation_ft": 5650.0, "latitude": 41.19781876, "longitude": -122.5259628, "start_date": "1984-10-28T00:00:00", "end_date": null, "status": "active", "site_page_url": "https://cdec.water.ca.gov/dynamicapp/staMeta?station_id=MUM", "data_page_url": "https://cdec.water.ca.gov/dynamicapp/QueryDaily?s=MUM", "source_url": "https://data.cnra.ca.gov/dataset/california-snow-data/resource/49baa289-3cc3-439a-af7a-727486dbf303" }, "geometry": { "type": "Point", "coordinates": [ -122.5259628, 41.19781876 ] } },
{ "type": "Feature", "properties": { "station_uid": "CDEC_snow_sensor_NLS", "station_name": "NOEL SPRING", "station_type": "cdec_snow_sensor", "station_type_label": "CDEC snow sensor", "network_group": "Snow / soil climate stations", "provider": "CA DWR / CDEC / CCSS", "source_system": "CDEC", "source_layer": "California Snow Data - Station Metadata", "station_id": "NLS", "site_num": null, "station_triplet": null, "shef_id": null, "cdec_id": "NLS", "operator_agency": ".None Specified", "owner_agency": null, "state": "CA", "county": null, "basin": null, "huc": null, "elevation_ft": 5100.0, "latitude": 39.538, "longitude": -122.667, "start_date": "1997-01-23T00:00:00", "end_date": null, "status": "active", "site_page_url": "https://cdec.water.ca.gov/dynamicapp/staMeta?station_id=NLS", "data_page_url": "https://cdec.water.ca.gov/dynamicapp/QueryDaily?s=NLS", "source_url": "https://data.cnra.ca.gov/dataset/california-snow-data/resource/49baa289-3cc3-439a-af7a-727486dbf303" }, "geometry": { "type": "Point", "coordinates": [ -122.667, 39.538 ] } },
{ "type": "Feature", "properties": { "station_uid": "CDEC_snow_sensor_STR", "station_name": "OSTRANDER LAKE", "station_type": "cdec_snow_sensor", "station_type_label": "CDEC snow sensor", "network_group": "Snow / soil climate stations", "provider": "CA DWR / CDEC / CCSS", "source_system": "CDEC", "source_layer": "California Snow Data - Station Metadata", "station_id": "STR", "site_num": null, "station_triplet": null, "shef_id": null, "cdec_id": "STR", "operator_agency": "CA Dept of Water Resources/DFM-Hydro-SMN", "owner_agency": null, "state": "CA", "county": null, "basin": null, "huc": null, "elevation_ft": 8200.0, "latitude": 37.63661, "longitude": -119.55333, "start_date": "1988-12-01T00:00:00", "end_date": null, "status": "active", "site_page_url": "https://cdec.water.ca.gov/dynamicapp/staMeta?station_id=STR", "data_page_url": "https://cdec.water.ca.gov/dynamicapp/QueryDaily?s=STR", "source_url": "https://data.cnra.ca.gov/dataset/california-snow-data/resource/49baa289-3cc3-439a-af7a-727486dbf303" }, "geometry": { "type": "Point", "coordinates": [ -119.55333, 37.63661 ] } },
{ "type": "Feature", "properties": { "station_uid": "CDEC_snow_sensor_SQV", "station_name": "PALISADES TAHOE SNOTEL", "station_type": "cdec_snow_sensor", "station_type_label": "CDEC snow sensor", "network_group": "Snow / soil climate stations", "provider": "CA DWR / CDEC / CCSS", "source_system": "CDEC", "source_layer": "California Snow Data - Station Metadata", "station_id": "SQV", "site_num": null, "station_triplet": null, "shef_id": null, "cdec_id": "SQV", "operator_agency": "Natural Resources Conservation Service", "owner_agency": null, "state": "CA", "county": null, "basin": null, "huc": null, "elevation_ft": 8200.0, "latitude": 39.194, "longitude": -120.276, "start_date": "1980-10-01T00:00:00", "end_date": null, "status": "active", "site_page_url": "https://cdec.water.ca.gov/dynamicapp/staMeta?station_id=SQV", "data_page_url": "https://cdec.water.ca.gov/dynamicapp/QueryDaily?s=SQV", "source_url": "https://data.cnra.ca.gov/dataset/california-snow-data/resource/49baa289-3cc3-439a-af7a-727486dbf303" }, "geometry": { "type": "Point", "coordinates": [ -120.276, 39.194 ] } },
{ "type": "Feature", "properties": { "station_uid": "CDEC_snow_sensor_PDS", "station_name": "PARADISE MEADOW", "station_type": "cdec_snow_sensor", "station_type_label": "CDEC snow sensor", "network_group": "Snow / soil climate stations", "provider": "CA DWR / CDEC / CCSS", "source_system": "CDEC", "source_layer": "California Snow Data - Station Metadata", "station_id": "PDS", "site_num": null, "station_triplet": null, "shef_id": null, "cdec_id": "PDS", "operator_agency": "CA Dept of Water Resources/DFM-Hydro-SMN", "owner_agency": null, "state": "CA", "county": null, "basin": null, "huc": null, "elevation_ft": 7650.0, "latitude": 38.046117, "longitude": -119.671748, "start_date": "1980-11-10T00:00:00", "end_date": null, "status": "active", "site_page_url": "https://cdec.water.ca.gov/dynamicapp/staMeta?station_id=PDS", "data_page_url": "https://cdec.water.ca.gov/dynamicapp/QueryDaily?s=PDS", "source_url": "https://data.cnra.ca.gov/dataset/california-snow-data/resource/49baa289-3cc3-439a-af7a-727486dbf303" }, "geometry": { "type": "Point", "coordinates": [ -119.671748, 38.046117 ] } },
{ "type": "Feature", "properties": { "station_uid": "CDEC_snow_sensor_PSC", "station_name": "PASCOES", "station_type": "cdec_snow_sensor", "station_type_label": "CDEC snow sensor", "network_group": "Snow / soil climate stations", "provider": "CA DWR / CDEC / CCSS", "source_system": "CDEC", "source_layer": "California Snow Data - Station Metadata", "station_id": "PSC", "site_num": null, "station_triplet": null, "shef_id": null, "cdec_id": "PSC", "operator_agency": "Sierra Hydrographics", "owner_agency": null, "state": "CA", "county": null, "basin": null, "huc": null, "elevation_ft": 9120.0, "latitude": 35.961533, "longitude": -118.357617, "start_date": "1971-11-11T00:00:00", "end_date": null, "status": "active", "site_page_url": "https://cdec.water.ca.gov/dynamicapp/staMeta?station_id=PSC", "data_page_url": "https://cdec.water.ca.gov/dynamicapp/QueryDaily?s=PSC", "source_url": "https://data.cnra.ca.gov/dataset/california-snow-data/resource/49baa289-3cc3-439a-af7a-727486dbf303" }, "geometry": { "type": "Point", "coordinates": [ -118.357617, 35.961533 ] } },
{ "type": "Feature", "properties": { "station_uid": "CDEC_snow_sensor_PET", "station_name": "PETERSON FLAT", "station_type": "cdec_snow_sensor", "station_type_label": "CDEC snow sensor", "network_group": "Snow / soil climate stations", "provider": "CA DWR / CDEC / CCSS", "source_system": "CDEC", "source_layer": "California Snow Data - Station Metadata", "station_id": "PET", "site_num": null, "station_triplet": null, "shef_id": null, "cdec_id": "PET", "operator_agency": "CA Dept of Water Resources/DFM-Hydro-SMN", "owner_agency": null, "state": "CA", "county": null, "basin": null, "huc": null, "elevation_ft": 7150.0, "latitude": 41.30221939, "longitude": -122.5277786, "start_date": "1983-11-02T00:00:00", "end_date": null, "status": "active", "site_page_url": "https://cdec.water.ca.gov/dynamicapp/staMeta?station_id=PET", "data_page_url": "https://cdec.water.ca.gov/dynamicapp/QueryDaily?s=PET", "source_url": "https://data.cnra.ca.gov/dataset/california-snow-data/resource/49baa289-3cc3-439a-af7a-727486dbf303" }, "geometry": { "type": "Point", "coordinates": [ -122.5277786, 41.30221939 ] } },
{ "type": "Feature", "properties": { "station_uid": "CDEC_snow_sensor_PLP", "station_name": "PILOT PEAK (DWR)", "station_type": "cdec_snow_sensor", "station_type_label": "CDEC snow sensor", "network_group": "Snow / soil climate stations", "provider": "CA DWR / CDEC / CCSS", "source_system": "CDEC", "source_layer": "California Snow Data - Station Metadata", "station_id": "PLP", "site_num": null, "station_triplet": null, "shef_id": null, "cdec_id": "PLP", "operator_agency": "CA Dept of Water Resources/State Water Project", "owner_agency": null, "state": "CA", "county": null, "basin": null, "huc": null, "elevation_ft": 6800.0, "latitude": 39.78589249, "longitude": -120.8777771, "start_date": "1978-12-04T00:00:00", "end_date": null, "status": "active", "site_page_url": "https://cdec.water.ca.gov/dynamicapp/staMeta?station_id=PLP", "data_page_url": "https://cdec.water.ca.gov/dynamicapp/QueryDaily?s=PLP", "source_url": "https://data.cnra.ca.gov/dataset/california-snow-data/resource/49baa289-3cc3-439a-af7a-727486dbf303" }, "geometry": { "type": "Point", "coordinates": [ -120.8777771, 39.78589249 ] } },
{ "type": "Feature", "properties": { "station_uid": "CDEC_snow_sensor_PSN", "station_name": "POISON FLAT", "station_type": "cdec_snow_sensor", "station_type_label": "CDEC snow sensor", "network_group": "Snow / soil climate stations", "provider": "CA DWR / CDEC / CCSS", "source_system": "CDEC", "source_layer": "California Snow Data - Station Metadata", "station_id": "PSN", "site_num": null, "station_triplet": null, "shef_id": null, "cdec_id": "PSN", "operator_agency": "Natural Resources Conservation Service", "owner_agency": null, "state": "CA", "county": null, "basin": null, "huc": null, "elevation_ft": 7900.0, "latitude": 38.501, "longitude": -119.631, "start_date": "1980-11-07T00:00:00", "end_date": null, "status": "active", "site_page_url": "https://cdec.water.ca.gov/dynamicapp/staMeta?station_id=PSN", "data_page_url": "https://cdec.water.ca.gov/dynamicapp/QueryDaily?s=PSN", "source_url": "https://data.cnra.ca.gov/dataset/california-snow-data/resource/49baa289-3cc3-439a-af7a-727486dbf303" }, "geometry": { "type": "Point", "coordinates": [ -119.631, 38.501 ] } },
{ "type": "Feature", "properties": { "station_uid": "CDEC_snow_sensor_PSR", "station_name": "POISON RIDGE", "station_type": "cdec_snow_sensor", "station_type_label": "CDEC snow sensor", "network_group": "Snow / soil climate stations", "provider": "CA DWR / CDEC / CCSS", "source_system": "CDEC", "source_layer": "California Snow Data - Station Metadata", "station_id": "PSR", "site_num": null, "station_triplet": null, "shef_id": null, "cdec_id": "PSR", "operator_agency": "CA Dept of Water Resources/DFM-Hydro-SMN", "owner_agency": null, "state": "CA", "county": null, "basin": null, "huc": null, "elevation_ft": 6900.0, "latitude": 37.40282059, "longitude": -119.520813, "start_date": "1970-01-01T00:00:00", "end_date": null, "status": "active", "site_page_url": "https://cdec.water.ca.gov/dynamicapp/staMeta?station_id=PSR", "data_page_url": "https://cdec.water.ca.gov/dynamicapp/QueryDaily?s=PSR", "source_url": "https://data.cnra.ca.gov/dataset/california-snow-data/resource/49baa289-3cc3-439a-af7a-727486dbf303" }, "geometry": { "type": "Point", "coordinates": [ -119.520813, 37.40282059 ] } },
{ "type": "Feature", "properties": { "station_uid": "CDEC_snow_sensor_QUA", "station_name": "QUAKING ASPEN", "station_type": "cdec_snow_sensor", "station_type_label": "CDEC snow sensor", "network_group": "Snow / soil climate stations", "provider": "CA DWR / CDEC / CCSS", "source_system": "CDEC", "source_layer": "California Snow Data - Station Metadata", "station_id": "QUA", "site_num": null, "station_triplet": null, "shef_id": null, "cdec_id": "QUA", "operator_agency": "CA Dept of Water Resources/DFM-Hydro-SMN", "owner_agency": null, "state": "CA", "county": null, "basin": null, "huc": null, "elevation_ft": 7200.0, "latitude": 36.11750793, "longitude": -118.5399933, "start_date": "1981-11-13T00:00:00", "end_date": null, "status": "active", "site_page_url": "https://cdec.water.ca.gov/dynamicapp/staMeta?station_id=QUA", "data_page_url": "https://cdec.water.ca.gov/dynamicapp/QueryDaily?s=QUA", "source_url": "https://data.cnra.ca.gov/dataset/california-snow-data/resource/49baa289-3cc3-439a-af7a-727486dbf303" }, "geometry": { "type": "Point", "coordinates": [ -118.5399933, 36.11750793 ] } },
{ "type": "Feature", "properties": { "station_uid": "CDEC_snow_sensor_RTL", "station_name": "RATTLESNAKE", "station_type": "cdec_snow_sensor", "station_type_label": "CDEC snow sensor", "network_group": "Snow / soil climate stations", "provider": "CA DWR / CDEC / CCSS", "source_system": "CDEC", "source_layer": "California Snow Data - Station Metadata", "station_id": "RTL", "site_num": null, "station_triplet": null, "shef_id": null, "cdec_id": "RTL", "operator_agency": ".None Specified", "owner_agency": null, "state": "CA", "county": null, "basin": null, "huc": null, "elevation_ft": 6210.0, "latitude": 40.12791, "longitude": -121.04397, "start_date": "1981-01-01T00:00:00", "end_date": null, "status": "active", "site_page_url": "https://cdec.water.ca.gov/dynamicapp/staMeta?station_id=RTL", "data_page_url": "https://cdec.water.ca.gov/dynamicapp/QueryDaily?s=RTL", "source_url": "https://data.cnra.ca.gov/dataset/california-snow-data/resource/49baa289-3cc3-439a-af7a-727486dbf303" }, "geometry": { "type": "Point", "coordinates": [ -121.04397, 40.12791 ] } },
{ "type": "Feature", "properties": { "station_uid": "CDEC_snow_sensor_RRM", "station_name": "RED ROCK MOUNTAIN", "station_type": "cdec_snow_sensor", "station_type_label": "CDEC snow sensor", "network_group": "Snow / soil climate stations", "provider": "CA DWR / CDEC / CCSS", "source_system": "CDEC", "source_layer": "California Snow Data - Station Metadata", "station_id": "RRM", "site_num": null, "station_triplet": null, "shef_id": null, "cdec_id": "RRM", "operator_agency": "CA Dept of Water Resources/DFM-Hydro-SMN", "owner_agency": null, "state": "CA", "county": null, "basin": null, "huc": null, "elevation_ft": 6700.0, "latitude": 41.02362061, "longitude": -122.8866272, "start_date": "1986-12-03T00:00:00", "end_date": null, "status": "active", "site_page_url": "https://cdec.water.ca.gov/dynamicapp/staMeta?station_id=RRM", "data_page_url": "https://cdec.water.ca.gov/dynamicapp/QueryDaily?s=RRM", "source_url": "https://data.cnra.ca.gov/dataset/california-snow-data/resource/49baa289-3cc3-439a-af7a-727486dbf303" }, "geometry": { "type": "Point", "coordinates": [ -122.8866272, 41.02362061 ] } },
{ "type": "Feature", "properties": { "station_uid": "CDEC_snow_sensor_RBP", "station_name": "ROBBS POWERHOUSE", "station_type": "cdec_snow_sensor", "station_type_label": "CDEC snow sensor", "network_group": "Snow / soil climate stations", "provider": "CA DWR / CDEC / CCSS", "source_system": "CDEC", "source_layer": "California Snow Data - Station Metadata", "station_id": "RBP", "site_num": null, "station_triplet": null, "shef_id": null, "cdec_id": "RBP", "operator_agency": ".None Specified", "owner_agency": null, "state": "CA", "county": null, "basin": null, "huc": null, "elevation_ft": 5150.0, "latitude": 38.90238, "longitude": -120.376543, "start_date": "1970-01-08T00:00:00", "end_date": null, "status": "active", "site_page_url": "https://cdec.water.ca.gov/dynamicapp/staMeta?station_id=RBP", "data_page_url": "https://cdec.water.ca.gov/dynamicapp/QueryDaily?s=RBP", "source_url": "https://data.cnra.ca.gov/dataset/california-snow-data/resource/49baa289-3cc3-439a-af7a-727486dbf303" }, "geometry": { "type": "Point", "coordinates": [ -120.376543, 38.90238 ] } },
{ "type": "Feature", "properties": { "station_uid": "CDEC_snow_sensor_RBB", "station_name": "ROBBS SADDLE", "station_type": "cdec_snow_sensor", "station_type_label": "CDEC snow sensor", "network_group": "Snow / soil climate stations", "provider": "CA DWR / CDEC / CCSS", "source_system": "CDEC", "source_layer": "California Snow Data - Station Metadata", "station_id": "RBB", "site_num": null, "station_triplet": null, "shef_id": null, "cdec_id": "RBB", "operator_agency": ".None Specified", "owner_agency": null, "state": "CA", "county": null, "basin": null, "huc": null, "elevation_ft": 5900.0, "latitude": 38.911534, "longitude": -120.379299, "start_date": "1973-11-05T00:00:00", "end_date": null, "status": "active", "site_page_url": "https://cdec.water.ca.gov/dynamicapp/staMeta?station_id=RBB", "data_page_url": "https://cdec.water.ca.gov/dynamicapp/QueryDaily?s=RBB", "source_url": "https://data.cnra.ca.gov/dataset/california-snow-data/resource/49baa289-3cc3-439a-af7a-727486dbf303" }, "geometry": { "type": "Point", "coordinates": [ -120.379299, 38.911534 ] } },
{ "type": "Feature", "properties": { "station_uid": "CDEC_snow_sensor_RCC", "station_name": "ROBINSON COW CAMP", "station_type": "cdec_snow_sensor", "station_type_label": "CDEC snow sensor", "network_group": "Snow / soil climate stations", "provider": "CA DWR / CDEC / CCSS", "source_system": "CDEC", "source_layer": "California Snow Data - Station Metadata", "station_id": "RCC", "site_num": null, "station_triplet": null, "shef_id": null, "cdec_id": "RCC", "operator_agency": "CA Dept of Water Resources/DFM-Hydro-SMN", "owner_agency": null, "state": "CA", "county": null, "basin": null, "huc": null, "elevation_ft": 6480.0, "latitude": 39.62186432, "longitude": -120.6798706, "start_date": "2007-10-01T00:00:00", "end_date": null, "status": "active", "site_page_url": "https://cdec.water.ca.gov/dynamicapp/staMeta?station_id=RCC", "data_page_url": "https://cdec.water.ca.gov/dynamicapp/QueryDaily?s=RCC", "source_url": "https://data.cnra.ca.gov/dataset/california-snow-data/resource/49baa289-3cc3-439a-af7a-727486dbf303" }, "geometry": { "type": "Point", "coordinates": [ -120.6798706, 39.62186432 ] } },
{ "type": "Feature", "properties": { "station_uid": "CDEC_snow_sensor_RCK", "station_name": "ROCK CREEK LAKES", "station_type": "cdec_snow_sensor", "station_type_label": "CDEC snow sensor", "network_group": "Snow / soil climate stations", "provider": "CA DWR / CDEC / CCSS", "source_system": "CDEC", "source_layer": "California Snow Data - Station Metadata", "station_id": "RCK", "site_num": null, "station_triplet": null, "shef_id": null, "cdec_id": "RCK", "operator_agency": "CA Dept of Water Resources/DFM-Hydro-SMN", "owner_agency": null, "state": "CA", "county": null, "basin": null, "huc": null, "elevation_ft": 9700.0, "latitude": 37.45727539, "longitude": -118.7350235, "start_date": "1984-11-28T00:00:00", "end_date": null, "status": "active", "site_page_url": "https://cdec.water.ca.gov/dynamicapp/staMeta?station_id=RCK", "data_page_url": "https://cdec.water.ca.gov/dynamicapp/QueryDaily?s=RCK", "source_url": "https://data.cnra.ca.gov/dataset/california-snow-data/resource/49baa289-3cc3-439a-af7a-727486dbf303" }, "geometry": { "type": "Point", "coordinates": [ -118.7350235, 37.45727539 ] } },
{ "type": "Feature", "properties": { "station_uid": "CDEC_snow_sensor_RP2", "station_name": "RUBICON PEAK 2", "station_type": "cdec_snow_sensor", "station_type_label": "CDEC snow sensor", "network_group": "Snow / soil climate stations", "provider": "CA DWR / CDEC / CCSS", "source_system": "CDEC", "source_layer": "California Snow Data - Station Metadata", "station_id": "RP2", "site_num": null, "station_triplet": null, "shef_id": null, "cdec_id": "RP2", "operator_agency": "Natural Resources Conservation Service", "owner_agency": null, "state": "CA", "county": null, "basin": null, "huc": null, "elevation_ft": 7500.0, "latitude": 39.001, "longitude": -120.14, "start_date": "1989-02-26T00:00:00", "end_date": null, "status": "active", "site_page_url": "https://cdec.water.ca.gov/dynamicapp/staMeta?station_id=RP2", "data_page_url": "https://cdec.water.ca.gov/dynamicapp/QueryDaily?s=RP2", "source_url": "https://data.cnra.ca.gov/dataset/california-snow-data/resource/49baa289-3cc3-439a-af7a-727486dbf303" }, "geometry": { "type": "Point", "coordinates": [ -120.14, 39.001 ] } },
{ "type": "Feature", "properties": { "station_uid": "CDEC_snow_sensor_SDF", "station_name": "SAND FLAT", "station_type": "cdec_snow_sensor", "station_type_label": "CDEC snow sensor", "network_group": "Snow / soil climate stations", "provider": "CA DWR / CDEC / CCSS", "source_system": "CDEC", "source_layer": "California Snow Data - Station Metadata", "station_id": "SDF", "site_num": null, "station_triplet": null, "shef_id": null, "cdec_id": "SDF", "operator_agency": "CA Dept of Water Resources/DFM-Hydro-SMN", "owner_agency": null, "state": "CA", "county": null, "basin": null, "huc": null, "elevation_ft": 6750.0, "latitude": 41.3502388, "longitude": -122.2465286, "start_date": "1983-11-08T00:00:00", "end_date": null, "status": "active", "site_page_url": "https://cdec.water.ca.gov/dynamicapp/staMeta?station_id=SDF", "data_page_url": "https://cdec.water.ca.gov/dynamicapp/QueryDaily?s=SDF", "source_url": "https://data.cnra.ca.gov/dataset/california-snow-data/resource/49baa289-3cc3-439a-af7a-727486dbf303" }, "geometry": { "type": "Point", "coordinates": [ -122.2465286, 41.3502388 ] } },
{ "type": "Feature", "properties": { "station_uid": "CDEC_snow_sensor_SWM", "station_name": "SAWMILL", "station_type": "cdec_snow_sensor", "station_type_label": "CDEC snow sensor", "network_group": "Snow / soil climate stations", "provider": "CA DWR / CDEC / CCSS", "source_system": "CDEC", "source_layer": "California Snow Data - Station Metadata", "station_id": "SWM", "site_num": null, "station_triplet": null, "shef_id": null, "cdec_id": "SWM", "operator_agency": "CA Dept of Water Resources/DFM-Hydro-SMN", "owner_agency": null, "state": "CA", "county": null, "basin": null, "huc": null, "elevation_ft": 10200.0, "latitude": 37.16196442, "longitude": -118.5625916, "start_date": "1988-08-23T00:00:00", "end_date": null, "status": "active", "site_page_url": "https://cdec.water.ca.gov/dynamicapp/staMeta?station_id=SWM", "data_page_url": "https://cdec.water.ca.gov/dynamicapp/QueryDaily?s=SWM", "source_url": "https://data.cnra.ca.gov/dataset/california-snow-data/resource/49baa289-3cc3-439a-af7a-727486dbf303" }, "geometry": { "type": "Point", "coordinates": [ -118.5625916, 37.16196442 ] } },
{ "type": "Feature", "properties": { "station_uid": "CDEC_snow_sensor_SCN", "station_name": "SCHNEIDERS", "station_type": "cdec_snow_sensor", "station_type_label": "CDEC snow sensor", "network_group": "Snow / soil climate stations", "provider": "CA DWR / CDEC / CCSS", "source_system": "CDEC", "source_layer": "California Snow Data - Station Metadata", "station_id": "SCN", "site_num": null, "station_triplet": null, "shef_id": null, "cdec_id": "SCN", "operator_agency": ".None Specified", "owner_agency": null, "state": "CA", "county": null, "basin": null, "huc": null, "elevation_ft": 8750.0, "latitude": 38.747, "longitude": -120.068, "start_date": "1972-01-14T00:00:00", "end_date": null, "status": "active", "site_page_url": "https://cdec.water.ca.gov/dynamicapp/staMeta?station_id=SCN", "data_page_url": "https://cdec.water.ca.gov/dynamicapp/QueryDaily?s=SCN", "source_url": "https://data.cnra.ca.gov/dataset/california-snow-data/resource/49baa289-3cc3-439a-af7a-727486dbf303" }, "geometry": { "type": "Point", "coordinates": [ -120.068, 38.747 ] } },
{ "type": "Feature", "properties": { "station_uid": "CDEC_snow_sensor_SCT", "station_name": "SCOTT MOUNTAIN", "station_type": "cdec_snow_sensor", "station_type_label": "CDEC snow sensor", "network_group": "Snow / soil climate stations", "provider": "CA DWR / CDEC / CCSS", "source_system": "CDEC", "source_layer": "California Snow Data - Station Metadata", "station_id": "SCT", "site_num": null, "station_triplet": null, "shef_id": null, "cdec_id": "SCT", "operator_agency": "CA Dept of Water Resources/DFM-Hydro-SMN", "owner_agency": null, "state": "CA", "county": null, "basin": null, "huc": null, "elevation_ft": 5900.0, "latitude": 41.27220154, "longitude": -122.7194824, "start_date": "1985-11-08T00:00:00", "end_date": null, "status": "active", "site_page_url": "https://cdec.water.ca.gov/dynamicapp/staMeta?station_id=SCT", "data_page_url": "https://cdec.water.ca.gov/dynamicapp/QueryDaily?s=SCT", "source_url": "https://data.cnra.ca.gov/dataset/california-snow-data/resource/49baa289-3cc3-439a-af7a-727486dbf303" }, "geometry": { "type": "Point", "coordinates": [ -122.7194824, 41.27220154 ] } },
{ "type": "Feature", "properties": { "station_uid": "CDEC_snow_sensor_SHM", "station_name": "SHIMMY LAKE", "station_type": "cdec_snow_sensor", "station_type_label": "CDEC snow sensor", "network_group": "Snow / soil climate stations", "provider": "CA DWR / CDEC / CCSS", "source_system": "CDEC", "source_layer": "California Snow Data - Station Metadata", "station_id": "SHM", "site_num": null, "station_triplet": null, "shef_id": null, "cdec_id": "SHM", "operator_agency": "CA Dept of Water Resources/DFM-Hydro-SMN", "owner_agency": null, "state": "CA", "county": null, "basin": null, "huc": null, "elevation_ft": 6400.0, "latitude": 41.00529861, "longitude": -122.8015976, "start_date": "1985-11-09T00:00:00", "end_date": null, "status": "active", "site_page_url": "https://cdec.water.ca.gov/dynamicapp/staMeta?station_id=SHM", "data_page_url": "https://cdec.water.ca.gov/dynamicapp/QueryDaily?s=SHM", "source_url": "https://data.cnra.ca.gov/dataset/california-snow-data/resource/49baa289-3cc3-439a-af7a-727486dbf303" }, "geometry": { "type": "Point", "coordinates": [ -122.8015976, 41.00529861 ] } },
{ "type": "Feature", "properties": { "station_uid": "CDEC_snow_sensor_SIL", "station_name": "SILVER LAKE", "station_type": "cdec_snow_sensor", "station_type_label": "CDEC snow sensor", "network_group": "Snow / soil climate stations", "provider": "CA DWR / CDEC / CCSS", "source_system": "CDEC", "source_layer": "California Snow Data - Station Metadata", "station_id": "SIL", "site_num": null, "station_triplet": null, "shef_id": null, "cdec_id": "SIL", "operator_agency": "CA Dept of Water Resources/DFM-Hydro-SMN", "owner_agency": null, "state": "CA", "county": null, "basin": null, "huc": null, "elevation_ft": 7100.0, "latitude": 38.67960358, "longitude": -120.1181946, "start_date": "1986-12-31T00:00:00", "end_date": null, "status": "active", "site_page_url": "https://cdec.water.ca.gov/dynamicapp/staMeta?station_id=SIL", "data_page_url": "https://cdec.water.ca.gov/dynamicapp/QueryDaily?s=SIL", "source_url": "https://data.cnra.ca.gov/dataset/california-snow-data/resource/49baa289-3cc3-439a-af7a-727486dbf303" }, "geometry": { "type": "Point", "coordinates": [ -120.1181946, 38.67960358 ] } },
{ "type": "Feature", "properties": { "station_uid": "CDEC_snow_sensor_SLT", "station_name": "SLATE CREEK", "station_type": "cdec_snow_sensor", "station_type_label": "CDEC snow sensor", "network_group": "Snow / soil climate stations", "provider": "CA DWR / CDEC / CCSS", "source_system": "CDEC", "source_layer": "California Snow Data - Station Metadata", "station_id": "SLT", "site_num": null, "station_triplet": null, "shef_id": null, "cdec_id": "SLT", "operator_agency": "CA Dept of Water Resources/DFM-Hydro-SMN", "owner_agency": null, "state": "CA", "county": null, "basin": null, "huc": null, "elevation_ft": 5700.0, "latitude": 41.04397964, "longitude": -122.4801025, "start_date": "1982-11-18T00:00:00", "end_date": null, "status": "active", "site_page_url": "https://cdec.water.ca.gov/dynamicapp/staMeta?station_id=SLT", "data_page_url": "https://cdec.water.ca.gov/dynamicapp/QueryDaily?s=SLT", "source_url": "https://data.cnra.ca.gov/dataset/california-snow-data/resource/49baa289-3cc3-439a-af7a-727486dbf303" }, "geometry": { "type": "Point", "coordinates": [ -122.4801025, 41.04397964 ] } },
{ "type": "Feature", "properties": { "station_uid": "CDEC_snow_sensor_SLI", "station_name": "SLIDE CANYON", "station_type": "cdec_snow_sensor", "station_type_label": "CDEC snow sensor", "network_group": "Snow / soil climate stations", "provider": "CA DWR / CDEC / CCSS", "source_system": "CDEC", "source_layer": "California Snow Data - Station Metadata", "station_id": "SLI", "site_num": null, "station_triplet": null, "shef_id": null, "cdec_id": "SLI", "operator_agency": "Yosemite National Park", "owner_agency": null, "state": "CA", "county": null, "basin": null, "huc": null, "elevation_ft": 9200.0, "latitude": 38.091234, "longitude": -119.431881, "start_date": "1982-10-21T00:00:00", "end_date": null, "status": "active", "site_page_url": "https://cdec.water.ca.gov/dynamicapp/staMeta?station_id=SLI", "data_page_url": "https://cdec.water.ca.gov/dynamicapp/QueryDaily?s=SLI", "source_url": "https://data.cnra.ca.gov/dataset/california-snow-data/resource/49baa289-3cc3-439a-af7a-727486dbf303" }, "geometry": { "type": "Point", "coordinates": [ -119.431881, 38.091234 ] } },
{ "type": "Feature", "properties": { "station_uid": "CDEC_snow_sensor_SNM", "station_name": "SNOW MOUNTAIN", "station_type": "cdec_snow_sensor", "station_type_label": "CDEC snow sensor", "network_group": "Snow / soil climate stations", "provider": "CA DWR / CDEC / CCSS", "source_system": "CDEC", "source_layer": "California Snow Data - Station Metadata", "station_id": "SNM", "site_num": null, "station_triplet": null, "shef_id": null, "cdec_id": "SNM", "operator_agency": "CA Dept of Water Resources/DFM-Hydro-SMN", "owner_agency": null, "state": "CA", "county": null, "basin": null, "huc": null, "elevation_ft": 5950.0, "latitude": 40.77880859, "longitude": -121.7826767, "start_date": "1983-11-19T00:00:00", "end_date": null, "status": "active", "site_page_url": "https://cdec.water.ca.gov/dynamicapp/staMeta?station_id=SNM", "data_page_url": "https://cdec.water.ca.gov/dynamicapp/QueryDaily?s=SNM", "source_url": "https://data.cnra.ca.gov/dataset/california-snow-data/resource/49baa289-3cc3-439a-af7a-727486dbf303" }, "geometry": { "type": "Point", "coordinates": [ -121.7826767, 40.77880859 ] } },
{ "type": "Feature", "properties": { "station_uid": "CDEC_snow_sensor_SPS", "station_name": "SONORA PASS BRIDGE", "station_type": "cdec_snow_sensor", "station_type_label": "CDEC snow sensor", "network_group": "Snow / soil climate stations", "provider": "CA DWR / CDEC / CCSS", "source_system": "CDEC", "source_layer": "California Snow Data - Station Metadata", "station_id": "SPS", "site_num": null, "station_triplet": null, "shef_id": null, "cdec_id": "SPS", "operator_agency": "Natural Resources Conservation Service", "owner_agency": null, "state": "CA", "county": null, "basin": null, "huc": null, "elevation_ft": 8750.0, "latitude": 38.318, "longitude": -119.601, "start_date": "1970-01-04T00:00:00", "end_date": null, "status": "active", "site_page_url": "https://cdec.water.ca.gov/dynamicapp/staMeta?station_id=SPS", "data_page_url": "https://cdec.water.ca.gov/dynamicapp/QueryDaily?s=SPS", "source_url": "https://data.cnra.ca.gov/dataset/california-snow-data/resource/49baa289-3cc3-439a-af7a-727486dbf303" }, "geometry": { "type": "Point", "coordinates": [ -119.601, 38.318 ] } },
{ "type": "Feature", "properties": { "station_uid": "CDEC_snow_sensor_SLK", "station_name": "SOUTH LAKE", "station_type": "cdec_snow_sensor", "station_type_label": "CDEC snow sensor", "network_group": "Snow / soil climate stations", "provider": "CA DWR / CDEC / CCSS", "source_system": "CDEC", "source_layer": "California Snow Data - Station Metadata", "station_id": "SLK", "site_num": null, "station_triplet": null, "shef_id": null, "cdec_id": "SLK", "operator_agency": "CA Dept of Water Resources/DFM-Hydro-SMN", "owner_agency": null, "state": "CA", "county": null, "basin": null, "huc": null, "elevation_ft": 9600.0, "latitude": 37.17590332, "longitude": -118.5626602, "start_date": "1980-11-24T00:00:00", "end_date": null, "status": "active", "site_page_url": "https://cdec.water.ca.gov/dynamicapp/staMeta?station_id=SLK", "data_page_url": "https://cdec.water.ca.gov/dynamicapp/QueryDaily?s=SLK", "source_url": "https://data.cnra.ca.gov/dataset/california-snow-data/resource/49baa289-3cc3-439a-af7a-727486dbf303" }, "geometry": { "type": "Point", "coordinates": [ -118.5626602, 37.17590332 ] } },
{ "type": "Feature", "properties": { "station_uid": "CDEC_snow_sensor_SPT", "station_name": "SPRATT CREEK", "station_type": "cdec_snow_sensor", "station_type_label": "CDEC snow sensor", "network_group": "Snow / soil climate stations", "provider": "CA DWR / CDEC / CCSS", "source_system": "CDEC", "source_layer": "California Snow Data - Station Metadata", "station_id": "SPT", "site_num": null, "station_triplet": null, "shef_id": null, "cdec_id": "SPT", "operator_agency": "Natural Resources Conservation Service", "owner_agency": null, "state": "CA", "county": null, "basin": null, "huc": null, "elevation_ft": 6150.0, "latitude": 38.66627, "longitude": -119.81742, "start_date": "1985-11-10T00:00:00", "end_date": null, "status": "active", "site_page_url": "https://cdec.water.ca.gov/dynamicapp/staMeta?station_id=SPT", "data_page_url": "https://cdec.water.ca.gov/dynamicapp/QueryDaily?s=SPT", "source_url": "https://data.cnra.ca.gov/dataset/california-snow-data/resource/49baa289-3cc3-439a-af7a-727486dbf303" }, "geometry": { "type": "Point", "coordinates": [ -119.81742, 38.66627 ] } },
{ "type": "Feature", "properties": { "station_uid": "CDEC_snow_sensor_SLM", "station_name": "STANISLAUS MEADOW", "station_type": "cdec_snow_sensor", "station_type_label": "CDEC snow sensor", "network_group": "Snow / soil climate stations", "provider": "CA DWR / CDEC / CCSS", "source_system": "CDEC", "source_layer": "California Snow Data - Station Metadata", "station_id": "SLM", "site_num": null, "station_triplet": null, "shef_id": null, "cdec_id": "SLM", "operator_agency": "CA Dept of Water Resources/DFM-Hydro-SMN", "owner_agency": null, "state": "CA", "county": null, "basin": null, "huc": null, "elevation_ft": 7750.0, "latitude": 38.5055, "longitude": -119.9373, "start_date": "1987-01-01T00:00:00", "end_date": null, "status": "active", "site_page_url": "https://cdec.water.ca.gov/dynamicapp/staMeta?station_id=SLM", "data_page_url": "https://cdec.water.ca.gov/dynamicapp/QueryDaily?s=SLM", "source_url": "https://data.cnra.ca.gov/dataset/california-snow-data/resource/49baa289-3cc3-439a-af7a-727486dbf303" }, "geometry": { "type": "Point", "coordinates": [ -119.9373, 38.5055 ] } },
{ "type": "Feature", "properties": { "station_uid": "CDEC_snow_sensor_STL", "station_name": "STATE LAKES", "station_type": "cdec_snow_sensor", "station_type_label": "CDEC snow sensor", "network_group": "Snow / soil climate stations", "provider": "CA DWR / CDEC / CCSS", "source_system": "CDEC", "source_layer": "California Snow Data - Station Metadata", "station_id": "STL", "site_num": null, "station_triplet": null, "shef_id": null, "cdec_id": "STL", "operator_agency": "Sierra Hydrographics", "owner_agency": null, "state": "CA", "county": null, "basin": null, "huc": null, "elevation_ft": 10400.0, "latitude": 36.926483, "longitude": -118.57325, "start_date": "1970-01-01T00:00:00", "end_date": null, "status": "active", "site_page_url": "https://cdec.water.ca.gov/dynamicapp/staMeta?station_id=STL", "data_page_url": "https://cdec.water.ca.gov/dynamicapp/QueryDaily?s=STL", "source_url": "https://data.cnra.ca.gov/dataset/california-snow-data/resource/49baa289-3cc3-439a-af7a-727486dbf303" }, "geometry": { "type": "Point", "coordinates": [ -118.57325, 36.926483 ] } },
{ "type": "Feature", "properties": { "station_uid": "CDEC_snow_sensor_STM", "station_name": "STOUTS MEADOW", "station_type": "cdec_snow_sensor", "station_type_label": "CDEC snow sensor", "network_group": "Snow / soil climate stations", "provider": "CA DWR / CDEC / CCSS", "source_system": "CDEC", "source_layer": "California Snow Data - Station Metadata", "station_id": "STM", "site_num": null, "station_triplet": null, "shef_id": null, "cdec_id": "STM", "operator_agency": "CA Dept of Water Resources/DFM-Hydro-SMN", "owner_agency": null, "state": "CA", "county": null, "basin": null, "huc": null, "elevation_ft": 5400.0, "latitude": 41.16913986, "longitude": -121.939827, "start_date": "1983-11-15T00:00:00", "end_date": null, "status": "active", "site_page_url": "https://cdec.water.ca.gov/dynamicapp/staMeta?station_id=STM", "data_page_url": "https://cdec.water.ca.gov/dynamicapp/QueryDaily?s=STM", "source_url": "https://data.cnra.ca.gov/dataset/california-snow-data/resource/49baa289-3cc3-439a-af7a-727486dbf303" }, "geometry": { "type": "Point", "coordinates": [ -121.939827, 41.16913986 ] } },
{ "type": "Feature", "properties": { "station_uid": "CDEC_snow_sensor_SDW", "station_name": "SUMMIT MEADOW", "station_type": "cdec_snow_sensor", "station_type_label": "CDEC snow sensor", "network_group": "Snow / soil climate stations", "provider": "CA DWR / CDEC / CCSS", "source_system": "CDEC", "source_layer": "California Snow Data - Station Metadata", "station_id": "SDW", "site_num": null, "station_triplet": null, "shef_id": null, "cdec_id": "SDW", "operator_agency": "Natural Resources Conservation Service", "owner_agency": null, "state": "CA", "county": null, "basin": null, "huc": null, "elevation_ft": 9313.0, "latitude": 38.3975, "longitude": -119.5356, "start_date": "2005-01-26T00:00:00", "end_date": null, "status": "active", "site_page_url": "https://cdec.water.ca.gov/dynamicapp/staMeta?station_id=SDW", "data_page_url": "https://cdec.water.ca.gov/dynamicapp/QueryDaily?s=SDW", "source_url": "https://data.cnra.ca.gov/dataset/california-snow-data/resource/49baa289-3cc3-439a-af7a-727486dbf303" }, "geometry": { "type": "Point", "coordinates": [ -119.5356, 38.3975 ] } },
{ "type": "Feature", "properties": { "station_uid": "CDEC_snow_sensor_SSM", "station_name": "SUNNYSIDE MEADOW", "station_type": "cdec_snow_sensor", "station_type_label": "CDEC snow sensor", "network_group": "Snow / soil climate stations", "provider": "CA DWR / CDEC / CCSS", "source_system": "CDEC", "source_layer": "California Snow Data - Station Metadata", "station_id": "SSM", "site_num": null, "station_triplet": null, "shef_id": null, "cdec_id": "SSM", "operator_agency": "Yuba Water Agency", "owner_agency": null, "state": "CA", "county": null, "basin": null, "huc": null, "elevation_ft": 6300.0, "latitude": 39.69813156, "longitude": -120.7822113, "start_date": "2019-12-01T00:00:00", "end_date": null, "status": "active", "site_page_url": "https://cdec.water.ca.gov/dynamicapp/staMeta?station_id=SSM", "data_page_url": "https://cdec.water.ca.gov/dynamicapp/QueryDaily?s=SSM", "source_url": "https://data.cnra.ca.gov/dataset/california-snow-data/resource/49baa289-3cc3-439a-af7a-727486dbf303" }, "geometry": { "type": "Point", "coordinates": [ -120.7822113, 39.69813156 ] } },
{ "type": "Feature", "properties": { "station_uid": "CDEC_snow_sensor_TCC", "station_name": "TAHOE CITY CROSS", "station_type": "cdec_snow_sensor", "station_type_label": "CDEC snow sensor", "network_group": "Snow / soil climate stations", "provider": "CA DWR / CDEC / CCSS", "source_system": "CDEC", "source_layer": "California Snow Data - Station Metadata", "station_id": "TCC", "site_num": null, "station_triplet": null, "shef_id": null, "cdec_id": "TCC", "operator_agency": "Natural Resources Conservation Service", "owner_agency": null, "state": "CA", "county": null, "basin": null, "huc": null, "elevation_ft": 6750.0, "latitude": 39.171439, "longitude": -120.154658, "start_date": "1982-01-01T00:00:00", "end_date": null, "status": "active", "site_page_url": "https://cdec.water.ca.gov/dynamicapp/staMeta?station_id=TCC", "data_page_url": "https://cdec.water.ca.gov/dynamicapp/QueryDaily?s=TCC", "source_url": "https://data.cnra.ca.gov/dataset/california-snow-data/resource/49baa289-3cc3-439a-af7a-727486dbf303" }, "geometry": { "type": "Point", "coordinates": [ -120.154658, 39.171439 ] } },
{ "type": "Feature", "properties": { "station_uid": "CDEC_snow_sensor_TMR", "station_name": "TAMARACK SUMMIT", "station_type": "cdec_snow_sensor", "station_type_label": "CDEC snow sensor", "network_group": "Snow / soil climate stations", "provider": "CA DWR / CDEC / CCSS", "source_system": "CDEC", "source_layer": "California Snow Data - Station Metadata", "station_id": "TMR", "site_num": null, "station_triplet": null, "shef_id": null, "cdec_id": "TMR", "operator_agency": "CA Dept of Water Resources/DFM-Hydro-SMN", "owner_agency": null, "state": "CA", "county": null, "basin": null, "huc": null, "elevation_ft": 7550.0, "latitude": 37.16374969, "longitude": -119.200531, "start_date": "1980-12-03T00:00:00", "end_date": null, "status": "active", "site_page_url": "https://cdec.water.ca.gov/dynamicapp/staMeta?station_id=TMR", "data_page_url": "https://cdec.water.ca.gov/dynamicapp/QueryDaily?s=TMR", "source_url": "https://data.cnra.ca.gov/dataset/california-snow-data/resource/49baa289-3cc3-439a-af7a-727486dbf303" }, "geometry": { "type": "Point", "coordinates": [ -119.200531, 37.16374969 ] } },
{ "type": "Feature", "properties": { "station_uid": "CDEC_snow_sensor_TNY", "station_name": "TENAYA LAKE", "station_type": "cdec_snow_sensor", "station_type_label": "CDEC snow sensor", "network_group": "Snow / soil climate stations", "provider": "CA DWR / CDEC / CCSS", "source_system": "CDEC", "source_layer": "California Snow Data - Station Metadata", "station_id": "TNY", "site_num": null, "station_triplet": null, "shef_id": null, "cdec_id": "TNY", "operator_agency": "CA Dept of Water Resources/DFM-Hydro-SMN", "owner_agency": null, "state": "CA", "county": null, "basin": null, "huc": null, "elevation_ft": 8150.0, "latitude": 37.837581, "longitude": -119.449875, "start_date": "1998-11-01T00:00:00", "end_date": null, "status": "active", "site_page_url": "https://cdec.water.ca.gov/dynamicapp/staMeta?station_id=TNY", "data_page_url": "https://cdec.water.ca.gov/dynamicapp/QueryDaily?s=TNY", "source_url": "https://data.cnra.ca.gov/dataset/california-snow-data/resource/49baa289-3cc3-439a-af7a-727486dbf303" }, "geometry": { "type": "Point", "coordinates": [ -119.449875, 37.837581 ] } },
{ "type": "Feature", "properties": { "station_uid": "CDEC_snow_sensor_TK2", "station_name": "TRUCKEE 2", "station_type": "cdec_snow_sensor", "station_type_label": "CDEC snow sensor", "network_group": "Snow / soil climate stations", "provider": "CA DWR / CDEC / CCSS", "source_system": "CDEC", "source_layer": "California Snow Data - Station Metadata", "station_id": "TK2", "site_num": null, "station_triplet": null, "shef_id": null, "cdec_id": "TK2", "operator_agency": "Natural Resources Conservation Service", "owner_agency": null, "state": "CA", "county": null, "basin": null, "huc": null, "elevation_ft": 6400.0, "latitude": 39.3, "longitude": -120.194, "start_date": "1980-10-02T00:00:00", "end_date": null, "status": "active", "site_page_url": "https://cdec.water.ca.gov/dynamicapp/staMeta?station_id=TK2", "data_page_url": "https://cdec.water.ca.gov/dynamicapp/QueryDaily?s=TK2", "source_url": "https://data.cnra.ca.gov/dataset/california-snow-data/resource/49baa289-3cc3-439a-af7a-727486dbf303" }, "geometry": { "type": "Point", "coordinates": [ -120.194, 39.3 ] } },
{ "type": "Feature", "properties": { "station_uid": "CDEC_snow_sensor_TUN", "station_name": "TUNNEL GUARD STATION", "station_type": "cdec_snow_sensor", "station_type_label": "CDEC snow sensor", "network_group": "Snow / soil climate stations", "provider": "CA DWR / CDEC / CCSS", "source_system": "CDEC", "source_layer": "California Snow Data - Station Metadata", "station_id": "TUN", "site_num": null, "station_triplet": null, "shef_id": null, "cdec_id": "TUN", "operator_agency": "CA Dept of Water Resources/DFM-Hydro-SMN", "owner_agency": null, "state": "CA", "county": null, "basin": null, "huc": null, "elevation_ft": 8900.0, "latitude": 36.366349, "longitude": -118.289116, "start_date": "1983-11-10T00:00:00", "end_date": null, "status": "active", "site_page_url": "https://cdec.water.ca.gov/dynamicapp/staMeta?station_id=TUN", "data_page_url": "https://cdec.water.ca.gov/dynamicapp/QueryDaily?s=TUN", "source_url": "https://data.cnra.ca.gov/dataset/california-snow-data/resource/49baa289-3cc3-439a-af7a-727486dbf303" }, "geometry": { "type": "Point", "coordinates": [ -118.289116, 36.366349 ] } },
{ "type": "Feature", "properties": { "station_uid": "CDEC_snow_sensor_TUM", "station_name": "TUOLUMNE MEADOWS", "station_type": "cdec_snow_sensor", "station_type_label": "CDEC snow sensor", "network_group": "Snow / soil climate stations", "provider": "CA DWR / CDEC / CCSS", "source_system": "CDEC", "source_layer": "California Snow Data - Station Metadata", "station_id": "TUM", "site_num": null, "station_triplet": null, "shef_id": null, "cdec_id": "TUM", "operator_agency": "CA Dept of Water Resources/DFM-Hydro-SMN", "owner_agency": null, "state": "CA", "county": null, "basin": null, "huc": null, "elevation_ft": 8600.0, "latitude": 37.876406, "longitude": -119.348096, "start_date": "1979-11-25T00:00:00", "end_date": null, "status": "active", "site_page_url": "https://cdec.water.ca.gov/dynamicapp/staMeta?station_id=TUM", "data_page_url": "https://cdec.water.ca.gov/dynamicapp/QueryDaily?s=TUM", "source_url": "https://data.cnra.ca.gov/dataset/california-snow-data/resource/49baa289-3cc3-439a-af7a-727486dbf303" }, "geometry": { "type": "Point", "coordinates": [ -119.348096, 37.876406 ] } },
{ "type": "Feature", "properties": { "station_uid": "CDEC_snow_sensor_UBC", "station_name": "UPPER BURNT CORRAL", "station_type": "cdec_snow_sensor", "station_type_label": "CDEC snow sensor", "network_group": "Snow / soil climate stations", "provider": "CA DWR / CDEC / CCSS", "source_system": "CDEC", "source_layer": "California Snow Data - Station Metadata", "station_id": "UBC", "site_num": null, "station_triplet": null, "shef_id": null, "cdec_id": "UBC", "operator_agency": "CA Dept of Water Resources/DFM-Hydro-SMN", "owner_agency": null, "state": "CA", "county": null, "basin": null, "huc": null, "elevation_ft": 9700.0, "latitude": 37.1832962, "longitude": -118.9382935, "start_date": "1986-12-06T00:00:00", "end_date": null, "status": "active", "site_page_url": "https://cdec.water.ca.gov/dynamicapp/staMeta?station_id=UBC", "data_page_url": "https://cdec.water.ca.gov/dynamicapp/QueryDaily?s=UBC", "source_url": "https://data.cnra.ca.gov/dataset/california-snow-data/resource/49baa289-3cc3-439a-af7a-727486dbf303" }, "geometry": { "type": "Point", "coordinates": [ -118.9382935, 37.1832962 ] } },
{ "type": "Feature", "properties": { "station_uid": "CDEC_snow_sensor_UTY", "station_name": "UPPER TYNDALL CREEK", "station_type": "cdec_snow_sensor", "station_type_label": "CDEC snow sensor", "network_group": "Snow / soil climate stations", "provider": "CA DWR / CDEC / CCSS", "source_system": "CDEC", "source_layer": "California Snow Data - Station Metadata", "station_id": "UTY", "site_num": null, "station_triplet": null, "shef_id": null, "cdec_id": "UTY", "operator_agency": "Sierra Hydrographics", "owner_agency": null, "state": "CA", "county": null, "basin": null, "huc": null, "elevation_ft": 11500.0, "latitude": 36.647183, "longitude": -118.397283, "start_date": "1970-01-01T00:00:00", "end_date": null, "status": "active", "site_page_url": "https://cdec.water.ca.gov/dynamicapp/staMeta?station_id=UTY", "data_page_url": "https://cdec.water.ca.gov/dynamicapp/QueryDaily?s=UTY", "source_url": "https://data.cnra.ca.gov/dataset/california-snow-data/resource/49baa289-3cc3-439a-af7a-727486dbf303" }, "geometry": { "type": "Point", "coordinates": [ -118.397283, 36.647183 ] } },
{ "type": "Feature", "properties": { "station_uid": "CDEC_snow_sensor_VVL", "station_name": "VAN VLECK", "station_type": "cdec_snow_sensor", "station_type_label": "CDEC snow sensor", "network_group": "Snow / soil climate stations", "provider": "CA DWR / CDEC / CCSS", "source_system": "CDEC", "source_layer": "California Snow Data - Station Metadata", "station_id": "VVL", "site_num": null, "station_triplet": null, "shef_id": null, "cdec_id": "VVL", "operator_agency": ".None Specified", "owner_agency": null, "state": "CA", "county": null, "basin": null, "huc": null, "elevation_ft": 6700.0, "latitude": 38.943947, "longitude": -120.306058, "start_date": "1972-01-14T00:00:00", "end_date": null, "status": "active", "site_page_url": "https://cdec.water.ca.gov/dynamicapp/staMeta?station_id=VVL", "data_page_url": "https://cdec.water.ca.gov/dynamicapp/QueryDaily?s=VVL", "source_url": "https://data.cnra.ca.gov/dataset/california-snow-data/resource/49baa289-3cc3-439a-af7a-727486dbf303" }, "geometry": { "type": "Point", "coordinates": [ -120.306058, 38.943947 ] } },
{ "type": "Feature", "properties": { "station_uid": "CDEC_snow_sensor_VRG", "station_name": "VIRGINIA LAKES RIDGE", "station_type": "cdec_snow_sensor", "station_type_label": "CDEC snow sensor", "network_group": "Snow / soil climate stations", "provider": "CA DWR / CDEC / CCSS", "source_system": "CDEC", "source_layer": "California Snow Data - Station Metadata", "station_id": "VRG", "site_num": null, "station_triplet": null, "shef_id": null, "cdec_id": "VRG", "operator_agency": "Natural Resources Conservation Service", "owner_agency": null, "state": "CA", "county": null, "basin": null, "huc": null, "elevation_ft": 9300.0, "latitude": 38.077, "longitude": -119.234, "start_date": "1970-01-04T00:00:00", "end_date": null, "status": "active", "site_page_url": "https://cdec.water.ca.gov/dynamicapp/staMeta?station_id=VRG", "data_page_url": "https://cdec.water.ca.gov/dynamicapp/QueryDaily?s=VRG", "source_url": "https://data.cnra.ca.gov/dataset/california-snow-data/resource/49baa289-3cc3-439a-af7a-727486dbf303" }, "geometry": { "type": "Point", "coordinates": [ -119.234, 38.077 ] } },
{ "type": "Feature", "properties": { "station_uid": "CDEC_snow_sensor_VLC", "station_name": "VOLCANIC KNOB", "station_type": "cdec_snow_sensor", "station_type_label": "CDEC snow sensor", "network_group": "Snow / soil climate stations", "provider": "CA DWR / CDEC / CCSS", "source_system": "CDEC", "source_layer": "California Snow Data - Station Metadata", "station_id": "VLC", "site_num": null, "station_triplet": null, "shef_id": null, "cdec_id": "VLC", "operator_agency": "CA Dept of Water Resources/DFM-Hydro-SMN", "owner_agency": null, "state": "CA", "county": null, "basin": null, "huc": null, "elevation_ft": 10050.0, "latitude": 37.38785934, "longitude": -118.9050369, "start_date": "1989-11-29T00:00:00", "end_date": null, "status": "active", "site_page_url": "https://cdec.water.ca.gov/dynamicapp/staMeta?station_id=VLC", "data_page_url": "https://cdec.water.ca.gov/dynamicapp/QueryDaily?s=VLC", "source_url": "https://data.cnra.ca.gov/dataset/california-snow-data/resource/49baa289-3cc3-439a-af7a-727486dbf303" }, "geometry": { "type": "Point", "coordinates": [ -118.9050369, 37.38785934 ] } },
{ "type": "Feature", "properties": { "station_uid": "CDEC_snow_sensor_WC3", "station_name": "WARD CREEK 3", "station_type": "cdec_snow_sensor", "station_type_label": "CDEC snow sensor", "network_group": "Snow / soil climate stations", "provider": "CA DWR / CDEC / CCSS", "source_system": "CDEC", "source_layer": "California Snow Data - Station Metadata", "station_id": "WC3", "site_num": null, "station_triplet": null, "shef_id": null, "cdec_id": "WC3", "operator_agency": "Natural Resources Conservation Service", "owner_agency": null, "state": "CA", "county": null, "basin": null, "huc": null, "elevation_ft": 6750.0, "latitude": 39.135574, "longitude": -120.218678, "start_date": "1989-02-26T00:00:00", "end_date": null, "status": "active", "site_page_url": "https://cdec.water.ca.gov/dynamicapp/staMeta?station_id=WC3", "data_page_url": "https://cdec.water.ca.gov/dynamicapp/QueryDaily?s=WC3", "source_url": "https://data.cnra.ca.gov/dataset/california-snow-data/resource/49baa289-3cc3-439a-af7a-727486dbf303" }, "geometry": { "type": "Point", "coordinates": [ -120.218678, 39.135574 ] } },
{ "type": "Feature", "properties": { "station_uid": "CDEC_snow_sensor_WWC", "station_name": "WEST WOODCHUCK MEADOW", "station_type": "cdec_snow_sensor", "station_type_label": "CDEC snow sensor", "network_group": "Snow / soil climate stations", "provider": "CA DWR / CDEC / CCSS", "source_system": "CDEC", "source_layer": "California Snow Data - Station Metadata", "station_id": "WWC", "site_num": null, "station_triplet": null, "shef_id": null, "cdec_id": "WWC", "operator_agency": "Sierra Hydrographics", "owner_agency": null, "state": "CA", "county": null, "basin": null, "huc": null, "elevation_ft": 9100.0, "latitude": 37.031033, "longitude": -118.914783, "start_date": "1970-01-01T00:00:00", "end_date": null, "status": "active", "site_page_url": "https://cdec.water.ca.gov/dynamicapp/staMeta?station_id=WWC", "data_page_url": "https://cdec.water.ca.gov/dynamicapp/QueryDaily?s=WWC", "source_url": "https://data.cnra.ca.gov/dataset/california-snow-data/resource/49baa289-3cc3-439a-af7a-727486dbf303" }, "geometry": { "type": "Point", "coordinates": [ -118.914783, 37.031033 ] } },
{ "type": "Feature", "properties": { "station_uid": "CDEC_snow_sensor_WTM", "station_name": "WET MEADOWS", "station_type": "cdec_snow_sensor", "station_type_label": "CDEC snow sensor", "network_group": "Snow / soil climate stations", "provider": "CA DWR / CDEC / CCSS", "source_system": "CDEC", "source_layer": "California Snow Data - Station Metadata", "station_id": "WTM", "site_num": null, "station_triplet": null, "shef_id": null, "cdec_id": "WTM", "operator_agency": "Sierra Hydrographics", "owner_agency": null, "state": "CA", "county": null, "basin": null, "huc": null, "elevation_ft": 9039.0, "latitude": 36.349633, "longitude": -118.571667, "start_date": "1988-12-01T00:00:00", "end_date": null, "status": "active", "site_page_url": "https://cdec.water.ca.gov/dynamicapp/staMeta?station_id=WTM", "data_page_url": "https://cdec.water.ca.gov/dynamicapp/QueryDaily?s=WTM", "source_url": "https://data.cnra.ca.gov/dataset/california-snow-data/resource/49baa289-3cc3-439a-af7a-727486dbf303" }, "geometry": { "type": "Point", "coordinates": [ -118.571667, 36.349633 ] } },
{ "type": "Feature", "properties": { "station_uid": "CDEC_snow_sensor_WHW", "station_name": "WHITE WOLF", "station_type": "cdec_snow_sensor", "station_type_label": "CDEC snow sensor", "network_group": "Snow / soil climate stations", "provider": "CA DWR / CDEC / CCSS", "source_system": "CDEC", "source_layer": "California Snow Data - Station Metadata", "station_id": "WHW", "site_num": null, "station_triplet": null, "shef_id": null, "cdec_id": "WHW", "operator_agency": ".None Specified", "owner_agency": null, "state": "CA", "county": null, "basin": null, "huc": null, "elevation_ft": 7900.0, "latitude": 37.859445, "longitude": -119.651607, "start_date": "2007-10-25T00:00:00", "end_date": null, "status": "active", "site_page_url": "https://cdec.water.ca.gov/dynamicapp/staMeta?station_id=WHW", "data_page_url": "https://cdec.water.ca.gov/dynamicapp/QueryDaily?s=WHW", "source_url": "https://data.cnra.ca.gov/dataset/california-snow-data/resource/49baa289-3cc3-439a-af7a-727486dbf303" }, "geometry": { "type": "Point", "coordinates": [ -119.651607, 37.859445 ] } },
{ "type": "Feature", "properties": { "station_uid": "NRCS_scan_2235", "station_name": "Adobe", "station_type": "scan", "station_type_label": "SCAN", "network_group": "Snow / soil climate stations", "provider": "USDA NRCS NWCC", "source_system": "NRCS NWCC", "source_layer": "stations_SCAN_ACTIVE", "station_id": "2235", "site_num": "2235", "station_triplet": "2235:CA:SCAN", "shef_id": "ADZC1", "cdec_id": null, "operator_agency": "USDA NRCS NWCC", "owner_agency": null, "state": "CA", "county": "Mono", "basin": null, "huc": "180901010607", "elevation_ft": 6500.0, "latitude": 37.97787, "longitude": -118.6863, "start_date": "1695772800000", "end_date": "4102444800000", "status": "active", "site_page_url": "https://wcc.sc.egov.usda.gov/nwcc/site?sitenum=2235", "data_page_url": "https://wcc.sc.egov.usda.gov/nwcc/site?sitenum=2235", "source_url": "https://services.arcgis.com/SXbDpmb7xQkk44JV/ArcGIS/rest/services/stations_SCAN_ACTIVE/FeatureServer/0" }, "geometry": { "type": "Point", "coordinates": [ -118.686260000361997, 37.977870000039701 ] } },
{ "type": "Feature", "properties": { "station_uid": "NRCS_scan_2237", "station_name": "Alabama Hills", "station_type": "scan", "station_type_label": "SCAN", "network_group": "Snow / soil climate stations", "provider": "USDA NRCS NWCC", "source_system": "NRCS NWCC", "source_layer": "stations_SCAN_ACTIVE", "station_id": "2237", "site_num": "2237", "station_triplet": "2237:CA:SCAN", "shef_id": "ABHC1", "cdec_id": null, "operator_agency": "USDA NRCS NWCC", "owner_agency": null, "state": "CA", "county": "Inyo", "basin": null, "huc": "180901030207", "elevation_ft": 5240.0, "latitude": 36.56295, "longitude": -118.1356, "start_date": "1695859200000", "end_date": "4102444800000", "status": "active", "site_page_url": "https://wcc.sc.egov.usda.gov/nwcc/site?sitenum=2237", "data_page_url": "https://wcc.sc.egov.usda.gov/nwcc/site?sitenum=2237", "source_url": "https://services.arcgis.com/SXbDpmb7xQkk44JV/ArcGIS/rest/services/stations_SCAN_ACTIVE/FeatureServer/0" }, "geometry": { "type": "Point", "coordinates": [ -118.135620000306005, 36.5629499999472 ] } },
{ "type": "Feature", "properties": { "station_uid": "NRCS_scan_2214", "station_name": "Ash Valley", "station_type": "scan", "station_type_label": "SCAN", "network_group": "Snow / soil climate stations", "provider": "USDA NRCS NWCC", "source_system": "NRCS NWCC", "source_layer": "stations_SCAN_ACTIVE", "station_id": "2214", "site_num": "2214", "station_triplet": "2214:CA:SCAN", "shef_id": "VYAC1", "cdec_id": null, "operator_agency": "USDA NRCS NWCC", "owner_agency": null, "state": "CA", "county": "Lassen", "basin": null, "huc": "180200021404", "elevation_ft": 5100.0, "latitude": 41.05204, "longitude": -120.6872, "start_date": "1414022400000", "end_date": "4102444800000", "status": "active", "site_page_url": "https://wcc.sc.egov.usda.gov/nwcc/site?sitenum=2214", "data_page_url": "https://wcc.sc.egov.usda.gov/nwcc/site?sitenum=2214", "source_url": "https://services.arcgis.com/SXbDpmb7xQkk44JV/ArcGIS/rest/services/stations_SCAN_ACTIVE/FeatureServer/0" }, "geometry": { "type": "Point", "coordinates": [ -120.687200000589002, 41.052040000312303 ] } },
{ "type": "Feature", "properties": { "station_uid": "NRCS_scan_2215", "station_name": "Bodie Hills", "station_type": "scan", "station_type_label": "SCAN", "network_group": "Snow / soil climate stations", "provider": "USDA NRCS NWCC", "source_system": "NRCS NWCC", "source_layer": "stations_SCAN_ACTIVE", "station_id": "2215", "site_num": "2215", "station_triplet": "2215:CA:SCAN", "shef_id": "HBDC1", "cdec_id": null, "operator_agency": "USDA NRCS NWCC", "owner_agency": null, "state": "CA", "county": "Mono", "basin": null, "huc": "160503010104", "elevation_ft": 7840.0, "latitude": 38.26477, "longitude": -119.1264, "start_date": "1414108800000", "end_date": "4102444800000", "status": "active", "site_page_url": "https://wcc.sc.egov.usda.gov/nwcc/site?sitenum=2215", "data_page_url": "https://wcc.sc.egov.usda.gov/nwcc/site?sitenum=2215", "source_url": "https://services.arcgis.com/SXbDpmb7xQkk44JV/ArcGIS/rest/services/stations_SCAN_ACTIVE/FeatureServer/0" }, "geometry": { "type": "Point", "coordinates": [ -119.126449999678002, 38.264769999696703 ] } },
{ "type": "Feature", "properties": { "station_uid": "NRCS_scan_2240", "station_name": "Chimney Creek", "station_type": "scan", "station_type_label": "SCAN", "network_group": "Snow / soil climate stations", "provider": "USDA NRCS NWCC", "source_system": "NRCS NWCC", "source_layer": "stations_SCAN_ACTIVE", "station_id": "2240", "site_num": "2240", "station_triplet": "2240:CA:SCAN", "shef_id": null, "cdec_id": null, "operator_agency": "USDA NRCS NWCC", "owner_agency": null, "state": "CA", "county": "Tulare", "basin": null, "huc": "180300020401", "elevation_ft": 5680.0, "latitude": 35.83799, "longitude": -118.0338, "start_date": "1727222400000", "end_date": "4102444800000", "status": "active", "site_page_url": "https://wcc.sc.egov.usda.gov/nwcc/site?sitenum=2240", "data_page_url": "https://wcc.sc.egov.usda.gov/nwcc/site?sitenum=2240", "source_url": "https://services.arcgis.com/SXbDpmb7xQkk44JV/ArcGIS/rest/services/stations_SCAN_ACTIVE/FeatureServer/0" }, "geometry": { "type": "Point", "coordinates": [ -118.033770000011998, 35.837990000027098 ] } },
{ "type": "Feature", "properties": { "station_uid": "NRCS_scan_2189", "station_name": "Cochora Ranch", "station_type": "scan", "station_type_label": "SCAN", "network_group": "Snow / soil climate stations", "provider": "USDA NRCS NWCC", "source_system": "NRCS NWCC", "source_layer": "stations_SCAN_ACTIVE", "station_id": "2189", "site_num": "2189", "station_triplet": "2189:CA:SCAN", "shef_id": "CXXC1", "cdec_id": null, "operator_agency": "USDA NRCS NWCC", "owner_agency": null, "state": "CA", "county": "San Luis Obispo", "basin": null, "huc": "180600030102", "elevation_ft": 2670.0, "latitude": 35.11807, "longitude": -119.5961, "start_date": "1339027200000", "end_date": "4102444800000", "status": "active", "site_page_url": "https://wcc.sc.egov.usda.gov/nwcc/site?sitenum=2189", "data_page_url": "https://wcc.sc.egov.usda.gov/nwcc/site?sitenum=2189", "source_url": "https://services.arcgis.com/SXbDpmb7xQkk44JV/ArcGIS/rest/services/stations_SCAN_ACTIVE/FeatureServer/0" }, "geometry": { "type": "Point", "coordinates": [ -119.596079999650996, 35.118069999614299 ] } },
{ "type": "Feature", "properties": { "station_uid": "NRCS_scan_2190", "station_name": "Death Valley Jct", "station_type": "scan", "station_type_label": "SCAN", "network_group": "Snow / soil climate stations", "provider": "USDA NRCS NWCC", "source_system": "NRCS NWCC", "source_layer": "stations_SCAN_ACTIVE", "station_id": "2190", "site_num": "2190", "station_triplet": "2190:CA:SCAN", "shef_id": "DVJC1", "cdec_id": null, "operator_agency": "USDA NRCS NWCC", "owner_agency": null, "state": "CA", "county": "Inyo", "basin": null, "huc": "180902021504", "elevation_ft": 2080.0, "latitude": 36.32502, "longitude": -116.3513, "start_date": "1339113600000", "end_date": "4102444800000", "status": "active", "site_page_url": "https://wcc.sc.egov.usda.gov/nwcc/site?sitenum=2190", "data_page_url": "https://wcc.sc.egov.usda.gov/nwcc/site?sitenum=2190", "source_url": "https://services.arcgis.com/SXbDpmb7xQkk44JV/ArcGIS/rest/services/stations_SCAN_ACTIVE/FeatureServer/0" }, "geometry": { "type": "Point", "coordinates": [ -116.351320000300007, 36.3250200002743 ] } },
{ "type": "Feature", "properties": { "station_uid": "NRCS_scan_2187", "station_name": "Deep Springs", "station_type": "scan", "station_type_label": "SCAN", "network_group": "Snow / soil climate stations", "provider": "USDA NRCS NWCC", "source_system": "NRCS NWCC", "source_layer": "stations_SCAN_ACTIVE", "station_id": "2187", "site_num": "2187", "station_triplet": "2187:CA:SCAN", "shef_id": "DPSC1", "cdec_id": null, "operator_agency": "USDA NRCS NWCC", "owner_agency": null, "state": "CA", "county": "Inyo", "basin": null, "huc": "180902010102", "elevation_ft": 5390.0, "latitude": 37.37222, "longitude": -117.9738, "start_date": "1321833600000", "end_date": "4102444800000", "status": "active", "site_page_url": "https://wcc.sc.egov.usda.gov/nwcc/site?sitenum=2187", "data_page_url": "https://wcc.sc.egov.usda.gov/nwcc/site?sitenum=2187", "source_url": "https://services.arcgis.com/SXbDpmb7xQkk44JV/ArcGIS/rest/services/stations_SCAN_ACTIVE/FeatureServer/0" }, "geometry": { "type": "Point", "coordinates": [ -117.973829999648004, 37.372219999808699 ] } },
{ "type": "Feature", "properties": { "station_uid": "NRCS_scan_2183", "station_name": "Desert Center", "station_type": "scan", "station_type_label": "SCAN", "network_group": "Snow / soil climate stations", "provider": "USDA NRCS NWCC", "source_system": "NRCS NWCC", "source_layer": "stations_SCAN_ACTIVE", "station_id": "2183", "site_num": "2183", "station_triplet": "2183:CA:SCAN", "shef_id": "ERTC1", "cdec_id": null, "operator_agency": "USDA NRCS NWCC", "owner_agency": null, "state": "CA", "county": "Riverside", "basin": null, "huc": "181001004703", "elevation_ft": 550.0, "latitude": 33.80208, "longitude": -115.3051, "start_date": "1321401600000", "end_date": "4102444800000", "status": "active", "site_page_url": "https://wcc.sc.egov.usda.gov/nwcc/site?sitenum=2183", "data_page_url": "https://wcc.sc.egov.usda.gov/nwcc/site?sitenum=2183", "source_url": "https://services.arcgis.com/SXbDpmb7xQkk44JV/ArcGIS/rest/services/stations_SCAN_ACTIVE/FeatureServer/0" }, "geometry": { "type": "Point", "coordinates": [ -115.305049999708999, 33.802079999761197 ] } },
{ "type": "Feature", "properties": { "station_uid": "NRCS_scan_2191", "station_name": "Doe Ridge", "station_type": "scan", "station_type_label": "SCAN", "network_group": "Snow / soil climate stations", "provider": "USDA NRCS NWCC", "source_system": "NRCS NWCC", "source_layer": "stations_SCAN_ACTIVE", "station_id": "2191", "site_num": "2191", "station_triplet": "2191:CA:SCAN", "shef_id": "DOEC1", "cdec_id": null, "operator_agency": "USDA NRCS NWCC", "owner_agency": null, "state": "CA", "county": "Mono", "basin": null, "huc": "180901020207", "elevation_ft": 7340.0, "latitude": 37.63423, "longitude": -118.8264, "start_date": "1339286400000", "end_date": "4102444800000", "status": "active", "site_page_url": "https://wcc.sc.egov.usda.gov/nwcc/site?sitenum=2191", "data_page_url": "https://wcc.sc.egov.usda.gov/nwcc/site?sitenum=2191", "source_url": "https://services.arcgis.com/SXbDpmb7xQkk44JV/ArcGIS/rest/services/stations_SCAN_ACTIVE/FeatureServer/0" }, "geometry": { "type": "Point", "coordinates": [ -118.826429999631998, 37.634230000021397 ] } },
{ "type": "Feature", "properties": { "station_uid": "NRCS_scan_2192", "station_name": "Eagle Lake", "station_type": "scan", "station_type_label": "SCAN", "network_group": "Snow / soil climate stations", "provider": "USDA NRCS NWCC", "source_system": "NRCS NWCC", "source_layer": "stations_SCAN_ACTIVE", "station_id": "2192", "site_num": "2192", "station_triplet": "2192:CA:SCAN", "shef_id": "EALC1", "cdec_id": null, "operator_agency": "USDA NRCS NWCC", "owner_agency": null, "state": "CA", "county": "Lassen", "basin": null, "huc": "180800030305", "elevation_ft": 5160.0, "latitude": 40.6175, "longitude": -120.7247, "start_date": "1339459200000", "end_date": "4102444800000", "status": "active", "site_page_url": "https://wcc.sc.egov.usda.gov/nwcc/site?sitenum=2192", "data_page_url": "https://wcc.sc.egov.usda.gov/nwcc/site?sitenum=2192", "source_url": "https://services.arcgis.com/SXbDpmb7xQkk44JV/ArcGIS/rest/services/stations_SCAN_ACTIVE/FeatureServer/0" }, "geometry": { "type": "Point", "coordinates": [ -120.724719999521994, 40.617500000150002 ] } },
{ "type": "Feature", "properties": { "station_uid": "NRCS_scan_2185", "station_name": "Essex", "station_type": "scan", "station_type_label": "SCAN", "network_group": "Snow / soil climate stations", "provider": "USDA NRCS NWCC", "source_system": "NRCS NWCC", "source_layer": "stations_SCAN_ACTIVE", "station_id": "2185", "site_num": "2185", "station_triplet": "2185:CA:SCAN", "shef_id": "EXCC1", "cdec_id": null, "operator_agency": "USDA NRCS NWCC", "owner_agency": null, "state": "CA", "county": "San Bernardino", "basin": null, "huc": "181001003308", "elevation_ft": 2650.0, "latitude": 34.67235, "longitude": -115.1669, "start_date": "1321660800000", "end_date": "4102444800000", "status": "active", "site_page_url": "https://wcc.sc.egov.usda.gov/nwcc/site?sitenum=2185", "data_page_url": "https://wcc.sc.egov.usda.gov/nwcc/site?sitenum=2185", "source_url": "https://services.arcgis.com/SXbDpmb7xQkk44JV/ArcGIS/rest/services/stations_SCAN_ACTIVE/FeatureServer/0" }, "geometry": { "type": "Point", "coordinates": [ -115.166929999833002, 34.672349999791201 ] } },
{ "type": "Feature", "properties": { "station_uid": "NRCS_scan_2184", "station_name": "Ford Dry Lake", "station_type": "scan", "station_type_label": "SCAN", "network_group": "Snow / soil climate stations", "provider": "USDA NRCS NWCC", "source_system": "NRCS NWCC", "source_layer": "stations_SCAN_ACTIVE", "station_id": "2184", "site_num": "2184", "station_triplet": "2184:CA:SCAN", "shef_id": "RDLC1", "cdec_id": null, "operator_agency": "USDA NRCS NWCC", "owner_agency": null, "state": "CA", "county": "Riverside", "basin": null, "huc": "181001005405", "elevation_ft": 380.0, "latitude": 33.6547, "longitude": -115.0976, "start_date": "1321448400000", "end_date": "4102444800000", "status": "active", "site_page_url": "https://wcc.sc.egov.usda.gov/nwcc/site?sitenum=2184", "data_page_url": "https://wcc.sc.egov.usda.gov/nwcc/site?sitenum=2184", "source_url": "https://services.arcgis.com/SXbDpmb7xQkk44JV/ArcGIS/rest/services/stations_SCAN_ACTIVE/FeatureServer/0" }, "geometry": { "type": "Point", "coordinates": [ -115.097630000576999, 33.654700000335197 ] } },
{ "type": "Feature", "properties": { "station_uid": "NRCS_scan_2218", "station_name": "French Gulch", "station_type": "scan", "station_type_label": "SCAN", "network_group": "Snow / soil climate stations", "provider": "USDA NRCS NWCC", "source_system": "NRCS NWCC", "source_layer": "stations_SCAN_ACTIVE", "station_id": "2218", "site_num": "2218", "station_triplet": "2218:CA:SCAN", "shef_id": "FGLC1", "cdec_id": null, "operator_agency": "USDA NRCS NWCC", "owner_agency": null, "state": "CA", "county": "Shasta", "basin": null, "huc": "180201540102", "elevation_ft": 3760.0, "latitude": 40.79361, "longitude": -122.5508, "start_date": "1.413936e+12", "end_date": "4102444800000", "status": "active", "site_page_url": "https://wcc.sc.egov.usda.gov/nwcc/site?sitenum=2218", "data_page_url": "https://wcc.sc.egov.usda.gov/nwcc/site?sitenum=2218", "source_url": "https://services.arcgis.com/SXbDpmb7xQkk44JV/ArcGIS/rest/services/stations_SCAN_ACTIVE/FeatureServer/0" }, "geometry": { "type": "Point", "coordinates": [ -122.550830000090997, 40.793609999978102 ] } },
{ "type": "Feature", "properties": { "station_uid": "NRCS_scan_2149", "station_name": "Marble Creek", "station_type": "scan", "station_type_label": "SCAN", "network_group": "Snow / soil climate stations", "provider": "USDA NRCS NWCC", "source_system": "NRCS NWCC", "source_layer": "stations_SCAN_ACTIVE", "station_id": "2149", "site_num": "2149", "station_triplet": "2149:CA:SCAN", "shef_id": "MCXC1", "cdec_id": null, "operator_agency": "USDA NRCS NWCC", "owner_agency": null, "state": "CA", "county": "Mono", "basin": null, "huc": "180901020501", "elevation_ft": 6180.0, "latitude": 37.77767, "longitude": -118.4209, "start_date": "1.241568e+12", "end_date": "4102444800000", "status": "active", "site_page_url": "https://wcc.sc.egov.usda.gov/nwcc/site?sitenum=2149", "data_page_url": "https://wcc.sc.egov.usda.gov/nwcc/site?sitenum=2149", "source_url": "https://services.arcgis.com/SXbDpmb7xQkk44JV/ArcGIS/rest/services/stations_SCAN_ACTIVE/FeatureServer/0" }, "geometry": { "type": "Point", "coordinates": [ -118.420900000239996, 37.777669999704301 ] } },
{ "type": "Feature", "properties": { "station_uid": "NRCS_scan_2217", "station_name": "Monocline Ridge", "station_type": "scan", "station_type_label": "SCAN", "network_group": "Snow / soil climate stations", "provider": "USDA NRCS NWCC", "source_system": "NRCS NWCC", "source_layer": "stations_SCAN_ACTIVE", "station_id": "2217", "site_num": "2217", "station_triplet": "2217:CA:SCAN", "shef_id": "RGMC1", "cdec_id": null, "operator_agency": "USDA NRCS NWCC", "owner_agency": null, "state": "CA", "county": "Fresno", "basin": null, "huc": "180300090904", "elevation_ft": 890.0, "latitude": 36.54417, "longitude": -120.5546, "start_date": "1414540800000", "end_date": "4102444800000", "status": "active", "site_page_url": "https://wcc.sc.egov.usda.gov/nwcc/site?sitenum=2217", "data_page_url": "https://wcc.sc.egov.usda.gov/nwcc/site?sitenum=2217", "source_url": "https://services.arcgis.com/SXbDpmb7xQkk44JV/ArcGIS/rest/services/stations_SCAN_ACTIVE/FeatureServer/0" }, "geometry": { "type": "Point", "coordinates": [ -120.554630000111004, 36.544169999989499 ] } },
{ "type": "Feature", "properties": { "station_uid": "NRCS_scan_2236", "station_name": "Rancheria", "station_type": "scan", "station_type_label": "SCAN", "network_group": "Snow / soil climate stations", "provider": "USDA NRCS NWCC", "source_system": "NRCS NWCC", "source_layer": "stations_SCAN_ACTIVE", "station_id": "2236", "site_num": "2236", "station_triplet": "2236:CA:SCAN", "shef_id": "RASC1", "cdec_id": null, "operator_agency": "USDA NRCS NWCC", "owner_agency": null, "state": "CA", "county": "Mono", "basin": null, "huc": "180901010405", "elevation_ft": 7190.0, "latitude": 38.07666, "longitude": -119.1142, "start_date": "1695686400000", "end_date": "4102444800000", "status": "active", "site_page_url": "https://wcc.sc.egov.usda.gov/nwcc/site?sitenum=2236", "data_page_url": "https://wcc.sc.egov.usda.gov/nwcc/site?sitenum=2236", "source_url": "https://services.arcgis.com/SXbDpmb7xQkk44JV/ArcGIS/rest/services/stations_SCAN_ACTIVE/FeatureServer/0" }, "geometry": { "type": "Point", "coordinates": [ -119.114169999601003, 38.076659999810701 ] } },
{ "type": "Feature", "properties": { "station_uid": "NRCS_scan_2186", "station_name": "Shadow Mtns", "station_type": "scan", "station_type_label": "SCAN", "network_group": "Snow / soil climate stations", "provider": "USDA NRCS NWCC", "source_system": "NRCS NWCC", "source_layer": "stations_SCAN_ACTIVE", "station_id": "2186", "site_num": "2186", "station_triplet": "2186:CA:SCAN", "shef_id": "DWMC1", "cdec_id": null, "operator_agency": "USDA NRCS NWCC", "owner_agency": null, "state": "CA", "county": "San Bernardino", "basin": null, "huc": "180902031105", "elevation_ft": 3580.0, "latitude": 35.46607, "longitude": -115.7151, "start_date": "1321574400000", "end_date": "4102444800000", "status": "active", "site_page_url": "https://wcc.sc.egov.usda.gov/nwcc/site?sitenum=2186", "data_page_url": "https://wcc.sc.egov.usda.gov/nwcc/site?sitenum=2186", "source_url": "https://services.arcgis.com/SXbDpmb7xQkk44JV/ArcGIS/rest/services/stations_SCAN_ACTIVE/FeatureServer/0" }, "geometry": { "type": "Point", "coordinates": [ -115.7150999996, 35.466069999922603 ] } },
{ "type": "Feature", "properties": { "station_uid": "NRCS_scan_2219", "station_name": "Stubblefield", "station_type": "scan", "station_type_label": "SCAN", "network_group": "Snow / soil climate stations", "provider": "USDA NRCS NWCC", "source_system": "NRCS NWCC", "source_layer": "stations_SCAN_ACTIVE", "station_id": "2219", "site_num": "2219", "station_triplet": "2219:CA:SCAN", "shef_id": "DLFC1", "cdec_id": null, "operator_agency": "USDA NRCS NWCC", "owner_agency": null, "state": "CA", "county": "San Luis Obispo", "basin": null, "huc": "180600030101", "elevation_ft": 3020.0, "latitude": 34.97018, "longitude": -119.4783, "start_date": "1414713600000", "end_date": "4102444800000", "status": "active", "site_page_url": "https://wcc.sc.egov.usda.gov/nwcc/site?sitenum=2219", "data_page_url": "https://wcc.sc.egov.usda.gov/nwcc/site?sitenum=2219", "source_url": "https://services.arcgis.com/SXbDpmb7xQkk44JV/ArcGIS/rest/services/stations_SCAN_ACTIVE/FeatureServer/0" }, "geometry": { "type": "Point", "coordinates": [ -119.478309999938006, 34.970179999645303 ] } },
{ "type": "Feature", "properties": { "station_uid": "NRCS_scan_2234", "station_name": "Vallecitos", "station_type": "scan", "station_type_label": "SCAN", "network_group": "Snow / soil climate stations", "provider": "USDA NRCS NWCC", "source_system": "NRCS NWCC", "source_layer": "stations_SCAN_ACTIVE", "station_id": "2234", "site_num": "2234", "station_triplet": "2234:CA:SCAN", "shef_id": null, "cdec_id": null, "operator_agency": "USDA NRCS NWCC", "owner_agency": null, "state": "CA", "county": "San Benito", "basin": null, "huc": "180400140302", "elevation_ft": 1620.0, "latitude": 36.45976, "longitude": -120.706, "start_date": "1666742400000", "end_date": "4102444800000", "status": "active", "site_page_url": "https://wcc.sc.egov.usda.gov/nwcc/site?sitenum=2234", "data_page_url": "https://wcc.sc.egov.usda.gov/nwcc/site?sitenum=2234", "source_url": "https://services.arcgis.com/SXbDpmb7xQkk44JV/ArcGIS/rest/services/stations_SCAN_ACTIVE/FeatureServer/0" }, "geometry": { "type": "Point", "coordinates": [ -120.706010000041005, 36.459759999883502 ] } },
{ "type": "Feature", "properties": { "station_uid": "NRCS_snotel_301", "station_name": "Adin Mtn", "station_type": "snotel", "station_type_label": "SNOTEL", "network_group": "Snow / soil climate stations", "provider": "USDA NRCS NWCC", "source_system": "NRCS NWCC", "source_layer": "stations_SNTL_ACTIVE", "station_id": "301", "site_num": "301", "station_triplet": "301:CA:SNTL", "shef_id": "ADMC1", "cdec_id": null, "operator_agency": "USDA NRCS NWCC", "owner_agency": null, "state": "CA", "county": "Modoc", "basin": null, "huc": "180200021403", "elevation_ft": 6170.0, "latitude": 41.23583, "longitude": -120.7919, "start_date": "433814400000", "end_date": "4102444800000", "status": "active", "site_page_url": "https://wcc.sc.egov.usda.gov/nwcc/site?sitenum=301", "data_page_url": "https://wcc.sc.egov.usda.gov/nwcc/site?sitenum=301", "source_url": "https://services.arcgis.com/SXbDpmb7xQkk44JV/ArcGIS/rest/services/stations_SNTL_ACTIVE/FeatureServer/0" }, "geometry": { "type": "Point", "coordinates": [ -120.791920000212997, 41.235829999852697 ] } },
{ "type": "Feature", "properties": { "station_uid": "NRCS_snotel_356", "station_name": "Blue Lakes", "station_type": "snotel", "station_type_label": "SNOTEL", "network_group": "Snow / soil climate stations", "provider": "USDA NRCS NWCC", "source_system": "NRCS NWCC", "source_layer": "stations_SNTL_ACTIVE", "station_id": "356", "site_num": "356", "station_triplet": "356:CA:SNTL", "shef_id": "BLAC1", "cdec_id": null, "operator_agency": "USDA NRCS NWCC", "owner_agency": null, "state": "CA", "county": "Alpine", "basin": null, "huc": "180400120101", "elevation_ft": 8060.0, "latitude": 38.60801, "longitude": -119.9246, "start_date": "339206400000", "end_date": "4102444800000", "status": "active", "site_page_url": "https://wcc.sc.egov.usda.gov/nwcc/site?sitenum=356", "data_page_url": "https://wcc.sc.egov.usda.gov/nwcc/site?sitenum=356", "source_url": "https://services.arcgis.com/SXbDpmb7xQkk44JV/ArcGIS/rest/services/stations_SNTL_ACTIVE/FeatureServer/0" }, "geometry": { "type": "Point", "coordinates": [ -119.924550000446004, 38.608010000343199 ] } },
{ "type": "Feature", "properties": { "station_uid": "NRCS_snotel_1051", "station_name": "Burnside Lake", "station_type": "snotel", "station_type_label": "SNOTEL", "network_group": "Snow / soil climate stations", "provider": "USDA NRCS NWCC", "source_system": "NRCS NWCC", "source_layer": "stations_SNTL_ACTIVE", "station_id": "1051", "site_num": "1051", "station_triplet": "1051:CA:SNTL", "shef_id": "BSKC1", "cdec_id": null, "operator_agency": "USDA NRCS NWCC", "owner_agency": null, "state": "CA", "county": "Alpine", "basin": null, "huc": "160502010107", "elevation_ft": 8180.0, "latitude": 38.71943, "longitude": -119.8942, "start_date": "1064966400000", "end_date": "4102444800000", "status": "active", "site_page_url": "https://wcc.sc.egov.usda.gov/nwcc/site?sitenum=1051", "data_page_url": "https://wcc.sc.egov.usda.gov/nwcc/site?sitenum=1051", "source_url": "https://services.arcgis.com/SXbDpmb7xQkk44JV/ArcGIS/rest/services/stations_SNTL_ACTIVE/FeatureServer/0" }, "geometry": { "type": "Point", "coordinates": [ -119.894199999782998, 38.719429999989998 ] } },
{ "type": "Feature", "properties": { "station_uid": "NRCS_snotel_1067", "station_name": "Carson Pass", "station_type": "snotel", "station_type_label": "SNOTEL", "network_group": "Snow / soil climate stations", "provider": "USDA NRCS NWCC", "source_system": "NRCS NWCC", "source_layer": "stations_SNTL_ACTIVE", "station_id": "1067", "site_num": "1067", "station_triplet": "1067:CA:SNTL", "shef_id": "CXSC1", "cdec_id": null, "operator_agency": "USDA NRCS NWCC", "owner_agency": null, "state": "CA", "county": "Alpine", "basin": null, "huc": "180201290101", "elevation_ft": 8360.0, "latitude": 38.6927, "longitude": -120.0022, "start_date": "1096588800000", "end_date": "4102444800000", "status": "active", "site_page_url": "https://wcc.sc.egov.usda.gov/nwcc/site?sitenum=1067", "data_page_url": "https://wcc.sc.egov.usda.gov/nwcc/site?sitenum=1067", "source_url": "https://services.arcgis.com/SXbDpmb7xQkk44JV/ArcGIS/rest/services/stations_SNTL_ACTIVE/FeatureServer/0" }, "geometry": { "type": "Point", "coordinates": [ -120.002200000303006, 38.692699999657997 ] } },
{ "type": "Feature", "properties": { "station_uid": "NRCS_snotel_391", "station_name": "Cedar Pass", "station_type": "snotel", "station_type_label": "SNOTEL", "network_group": "Snow / soil climate stations", "provider": "USDA NRCS NWCC", "source_system": "NRCS NWCC", "source_layer": "stations_SNTL_ACTIVE", "station_id": "391", "site_num": "391", "station_triplet": "391:CA:SNTL", "shef_id": "CDRC1", "cdec_id": null, "operator_agency": "USDA NRCS NWCC", "owner_agency": null, "state": "CA", "county": "Modoc", "basin": null, "huc": "180200020603", "elevation_ft": 7060.0, "latitude": 41.58216, "longitude": -120.3025, "start_date": "2.44512e+11", "end_date": "4102444800000", "status": "active", "site_page_url": "https://wcc.sc.egov.usda.gov/nwcc/site?sitenum=391", "data_page_url": "https://wcc.sc.egov.usda.gov/nwcc/site?sitenum=391", "source_url": "https://services.arcgis.com/SXbDpmb7xQkk44JV/ArcGIS/rest/services/stations_SNTL_ACTIVE/FeatureServer/0" }, "geometry": { "type": "Point", "coordinates": [ -120.302530000030004, 41.582160000178497 ] } },
{ "type": "Feature", "properties": { "station_uid": "NRCS_snotel_977", "station_name": "Crowder Flat", "station_type": "snotel", "station_type_label": "SNOTEL", "network_group": "Snow / soil climate stations", "provider": "USDA NRCS NWCC", "source_system": "NRCS NWCC", "source_layer": "stations_SNTL_ACTIVE", "station_id": "977", "site_num": "977", "station_triplet": "977:CA:SNTL", "shef_id": "CRWC1", "cdec_id": null, "operator_agency": "USDA NRCS NWCC", "owner_agency": null, "state": "CA", "county": "Modoc", "basin": null, "huc": "180102040103", "elevation_ft": 5180.0, "latitude": 41.89318, "longitude": -120.752, "start_date": "9.38736e+11", "end_date": "4102444800000", "status": "active", "site_page_url": "https://wcc.sc.egov.usda.gov/nwcc/site?sitenum=977", "data_page_url": "https://wcc.sc.egov.usda.gov/nwcc/site?sitenum=977", "source_url": "https://services.arcgis.com/SXbDpmb7xQkk44JV/ArcGIS/rest/services/stations_SNTL_ACTIVE/FeatureServer/0" }, "geometry": { "type": "Point", "coordinates": [ -120.752020000106, 41.893179999783698 ] } },
{ "type": "Feature", "properties": { "station_uid": "NRCS_snotel_428", "station_name": "Css Lab", "station_type": "snotel", "station_type_label": "SNOTEL", "network_group": "Snow / soil climate stations", "provider": "USDA NRCS NWCC", "source_system": "NRCS NWCC", "source_layer": "stations_SNTL_ACTIVE", "station_id": "428", "site_num": "428", "station_triplet": "428:CA:SNTL", "shef_id": "CSSC1", "cdec_id": null, "operator_agency": "USDA NRCS NWCC", "owner_agency": null, "state": "CA", "county": "Nevada", "basin": null, "huc": "180201250602", "elevation_ft": 6890.0, "latitude": 39.32565, "longitude": -120.3681, "start_date": "339206400000", "end_date": "4102444800000", "status": "active", "site_page_url": "https://wcc.sc.egov.usda.gov/nwcc/site?sitenum=428", "data_page_url": "https://wcc.sc.egov.usda.gov/nwcc/site?sitenum=428", "source_url": "https://services.arcgis.com/SXbDpmb7xQkk44JV/ArcGIS/rest/services/stations_SNTL_ACTIVE/FeatureServer/0" }, "geometry": { "type": "Point", "coordinates": [ -120.368069999886998, 39.325650000245702 ] } },
{ "type": "Feature", "properties": { "station_uid": "NRCS_snotel_446", "station_name": "Dismal Swamp", "station_type": "snotel", "station_type_label": "SNOTEL", "network_group": "Snow / soil climate stations", "provider": "USDA NRCS NWCC", "source_system": "NRCS NWCC", "source_layer": "stations_SNTL_ACTIVE", "station_id": "446", "site_num": "446", "station_triplet": "446:CA:SNTL", "shef_id": "DMLC1", "cdec_id": null, "operator_agency": "USDA NRCS NWCC", "owner_agency": null, "state": "CA", "county": "Modoc", "basin": null, "huc": "171200070304", "elevation_ft": 7370.0, "latitude": 41.99127, "longitude": -120.1803, "start_date": "3.07584e+11", "end_date": "4102444800000", "status": "active", "site_page_url": "https://wcc.sc.egov.usda.gov/nwcc/site?sitenum=446", "data_page_url": "https://wcc.sc.egov.usda.gov/nwcc/site?sitenum=446", "source_url": "https://services.arcgis.com/SXbDpmb7xQkk44JV/ArcGIS/rest/services/stations_SNTL_ACTIVE/FeatureServer/0" }, "geometry": { "type": "Point", "coordinates": [ -120.180329999695005, 41.991270000043102 ] } },
{ "type": "Feature", "properties": { "station_uid": "NRCS_snotel_462", "station_name": "Ebbetts Pass", "station_type": "snotel", "station_type_label": "SNOTEL", "network_group": "Snow / soil climate stations", "provider": "USDA NRCS NWCC", "source_system": "NRCS NWCC", "source_layer": "stations_SNTL_ACTIVE", "station_id": "462", "site_num": "462", "station_triplet": "462:CA:SNTL", "shef_id": "EBTC1", "cdec_id": null, "operator_agency": "USDA NRCS NWCC", "owner_agency": null, "state": "CA", "county": "Alpine", "basin": null, "huc": "160502010104", "elevation_ft": 8660.0, "latitude": 38.5497, "longitude": -119.8047, "start_date": "2.76048e+11", "end_date": "4102444800000", "status": "active", "site_page_url": "https://wcc.sc.egov.usda.gov/nwcc/site?sitenum=462", "data_page_url": "https://wcc.sc.egov.usda.gov/nwcc/site?sitenum=462", "source_url": "https://services.arcgis.com/SXbDpmb7xQkk44JV/ArcGIS/rest/services/stations_SNTL_ACTIVE/FeatureServer/0" }, "geometry": { "type": "Point", "coordinates": [ -119.804680000033997, 38.549700000252599 ] } },
{ "type": "Feature", "properties": { "station_uid": "NRCS_snotel_463", "station_name": "Echo Peak", "station_type": "snotel", "station_type_label": "SNOTEL", "network_group": "Snow / soil climate stations", "provider": "USDA NRCS NWCC", "source_system": "NRCS NWCC", "source_layer": "stations_SNTL_ACTIVE", "station_id": "463", "site_num": "463", "station_triplet": "463:CA:SNTL", "shef_id": "ECOC1", "cdec_id": null, "operator_agency": "USDA NRCS NWCC", "owner_agency": null, "state": "CA", "county": "El Dorado", "basin": null, "huc": "160501010303", "elevation_ft": 7650.0, "latitude": 38.849, "longitude": -120.0795, "start_date": "339206400000", "end_date": "4102444800000", "status": "active", "site_page_url": "https://wcc.sc.egov.usda.gov/nwcc/site?sitenum=463", "data_page_url": "https://wcc.sc.egov.usda.gov/nwcc/site?sitenum=463", "source_url": "https://services.arcgis.com/SXbDpmb7xQkk44JV/ArcGIS/rest/services/stations_SNTL_ACTIVE/FeatureServer/0" }, "geometry": { "type": "Point", "coordinates": [ -120.079500000042003, 38.849000000322697 ] } },
{ "type": "Feature", "properties": { "station_uid": "NRCS_snotel_473", "station_name": "Fallen Leaf", "station_type": "snotel", "station_type_label": "SNOTEL", "network_group": "Snow / soil climate stations", "provider": "USDA NRCS NWCC", "source_system": "NRCS NWCC", "source_layer": "stations_SNTL_ACTIVE", "station_id": "473", "site_num": "473", "station_triplet": "473:CA:SNTL", "shef_id": "FLFC1", "cdec_id": null, "operator_agency": "USDA NRCS NWCC", "owner_agency": null, "state": "CA", "county": "El Dorado", "basin": null, "huc": "160501010401", "elevation_ft": 6250.0, "latitude": 38.93403, "longitude": -120.0545, "start_date": "3.07584e+11", "end_date": "4102444800000", "status": "active", "site_page_url": "https://wcc.sc.egov.usda.gov/nwcc/site?sitenum=473", "data_page_url": "https://wcc.sc.egov.usda.gov/nwcc/site?sitenum=473", "source_url": "https://services.arcgis.com/SXbDpmb7xQkk44JV/ArcGIS/rest/services/stations_SNTL_ACTIVE/FeatureServer/0" }, "geometry": { "type": "Point", "coordinates": [ -120.054499999833993, 38.934030000448303 ] } },
{ "type": "Feature", "properties": { "station_uid": "NRCS_snotel_1049", "station_name": "Forestdale Creek", "station_type": "snotel", "station_type_label": "SNOTEL", "network_group": "Snow / soil climate stations", "provider": "USDA NRCS NWCC", "source_system": "NRCS NWCC", "source_layer": "stations_SNTL_ACTIVE", "station_id": "1049", "site_num": "1049", "station_triplet": "1049:CA:SNTL", "shef_id": "FDCC1", "cdec_id": null, "operator_agency": "USDA NRCS NWCC", "owner_agency": null, "state": "CA", "county": "Alpine", "basin": null, "huc": "160502010301", "elevation_ft": 8050.0, "latitude": 38.68245, "longitude": -119.9597, "start_date": "1064966400000", "end_date": "4102444800000", "status": "active", "site_page_url": "https://wcc.sc.egov.usda.gov/nwcc/site?sitenum=1049", "data_page_url": "https://wcc.sc.egov.usda.gov/nwcc/site?sitenum=1049", "source_url": "https://services.arcgis.com/SXbDpmb7xQkk44JV/ArcGIS/rest/services/stations_SNTL_ACTIVE/FeatureServer/0" }, "geometry": { "type": "Point", "coordinates": [ -119.959700000504, 38.682449999755598 ] } },
{ "type": "Feature", "properties": { "station_uid": "NRCS_snotel_1277", "station_name": "Fredonyer Peak", "station_type": "snotel", "station_type_label": "SNOTEL", "network_group": "Snow / soil climate stations", "provider": "USDA NRCS NWCC", "source_system": "NRCS NWCC", "source_layer": "stations_SNTL_ACTIVE", "station_id": "1277", "site_num": "1277", "station_triplet": "1277:CA:SNTL", "shef_id": "FPKC1", "cdec_id": null, "operator_agency": "USDA NRCS NWCC", "owner_agency": null, "state": "CA", "county": "Lassen", "basin": null, "huc": "180800030304", "elevation_ft": 7220.0, "latitude": 40.68799, "longitude": -120.608, "start_date": "1475798400000", "end_date": "4102444800000", "status": "active", "site_page_url": "https://wcc.sc.egov.usda.gov/nwcc/site?sitenum=1277", "data_page_url": "https://wcc.sc.egov.usda.gov/nwcc/site?sitenum=1277", "source_url": "https://services.arcgis.com/SXbDpmb7xQkk44JV/ArcGIS/rest/services/stations_SNTL_ACTIVE/FeatureServer/0" }, "geometry": { "type": "Point", "coordinates": [ -120.608050000381994, 40.687990000314798 ] } },
{ "type": "Feature", "properties": { "station_uid": "NRCS_snotel_508", "station_name": "Hagans Meadow", "station_type": "snotel", "station_type_label": "SNOTEL", "network_group": "Snow / soil climate stations", "provider": "USDA NRCS NWCC", "source_system": "NRCS NWCC", "source_layer": "stations_SNTL_ACTIVE", "station_id": "508", "site_num": "508", "station_triplet": "508:CA:SNTL", "shef_id": "HGNC1", "cdec_id": null, "operator_agency": "USDA NRCS NWCC", "owner_agency": null, "state": "CA", "county": "El Dorado", "basin": null, "huc": "160501010302", "elevation_ft": 7740.0, "latitude": 38.8519, "longitude": -119.9374, "start_date": "2.76048e+11", "end_date": "4102444800000", "status": "active", "site_page_url": "https://wcc.sc.egov.usda.gov/nwcc/site?sitenum=508", "data_page_url": "https://wcc.sc.egov.usda.gov/nwcc/site?sitenum=508", "source_url": "https://services.arcgis.com/SXbDpmb7xQkk44JV/ArcGIS/rest/services/stations_SNTL_ACTIVE/FeatureServer/0" }, "geometry": { "type": "Point", "coordinates": [ -119.937400000582997, 38.851900000101899 ] } },
{ "type": "Feature", "properties": { "station_uid": "NRCS_snotel_518", "station_name": "Heavenly Valley", "station_type": "snotel", "station_type_label": "SNOTEL", "network_group": "Snow / soil climate stations", "provider": "USDA NRCS NWCC", "source_system": "NRCS NWCC", "source_layer": "stations_SNTL_ACTIVE", "station_id": "518", "site_num": "518", "station_triplet": "518:CA:SNTL", "shef_id": "HVNC1", "cdec_id": null, "operator_agency": "USDA NRCS NWCC", "owner_agency": null, "state": "CA", "county": "El Dorado", "basin": null, "huc": "160501010302", "elevation_ft": 8540.0, "latitude": 38.92431, "longitude": -119.9164, "start_date": "2.76048e+11", "end_date": "4102444800000", "status": "active", "site_page_url": "https://wcc.sc.egov.usda.gov/nwcc/site?sitenum=518", "data_page_url": "https://wcc.sc.egov.usda.gov/nwcc/site?sitenum=518", "source_url": "https://services.arcgis.com/SXbDpmb7xQkk44JV/ArcGIS/rest/services/stations_SNTL_ACTIVE/FeatureServer/0" }, "geometry": { "type": "Point", "coordinates": [ -119.916410000152993, 38.924309999909603 ] } },
{ "type": "Feature", "properties": { "station_uid": "NRCS_snotel_1050", "station_name": "Horse Meadow", "station_type": "snotel", "station_type_label": "SNOTEL", "network_group": "Snow / soil climate stations", "provider": "USDA NRCS NWCC", "source_system": "NRCS NWCC", "source_layer": "stations_SNTL_ACTIVE", "station_id": "1050", "site_num": "1050", "station_triplet": "1050:CA:SNTL", "shef_id": "HORC1", "cdec_id": null, "operator_agency": "USDA NRCS NWCC", "owner_agency": null, "state": "CA", "county": "Alpine", "basin": null, "huc": "160502010302", "elevation_ft": 8580.0, "latitude": 38.83652, "longitude": -119.8873, "start_date": "1.065744e+12", "end_date": "4102444800000", "status": "active", "site_page_url": "https://wcc.sc.egov.usda.gov/nwcc/site?sitenum=1050", "data_page_url": "https://wcc.sc.egov.usda.gov/nwcc/site?sitenum=1050", "source_url": "https://services.arcgis.com/SXbDpmb7xQkk44JV/ArcGIS/rest/services/stations_SNTL_ACTIVE/FeatureServer/0" }, "geometry": { "type": "Point", "coordinates": [ -119.887319999926007, 38.836520000397698 ] } },
{ "type": "Feature", "properties": { "station_uid": "NRCS_snotel_539", "station_name": "Independence Camp", "station_type": "snotel", "station_type_label": "SNOTEL", "network_group": "Snow / soil climate stations", "provider": "USDA NRCS NWCC", "source_system": "NRCS NWCC", "source_layer": "stations_SNTL_ACTIVE", "station_id": "539", "site_num": "539", "station_triplet": "539:CA:SNTL", "shef_id": "ICPC1", "cdec_id": null, "operator_agency": "USDA NRCS NWCC", "owner_agency": null, "state": "CA", "county": "Sierra", "basin": null, "huc": "160501020102", "elevation_ft": 6970.0, "latitude": 39.45269, "longitude": -120.2937, "start_date": "2.76048e+11", "end_date": "4102444800000", "status": "active", "site_page_url": "https://wcc.sc.egov.usda.gov/nwcc/site?sitenum=539", "data_page_url": "https://wcc.sc.egov.usda.gov/nwcc/site?sitenum=539", "source_url": "https://services.arcgis.com/SXbDpmb7xQkk44JV/ArcGIS/rest/services/stations_SNTL_ACTIVE/FeatureServer/0" }, "geometry": { "type": "Point", "coordinates": [ -120.293669999619993, 39.452690000026699 ] } },
{ "type": "Feature", "properties": { "station_uid": "NRCS_snotel_540", "station_name": "Independence Creek", "station_type": "snotel", "station_type_label": "SNOTEL", "network_group": "Snow / soil climate stations", "provider": "USDA NRCS NWCC", "source_system": "NRCS NWCC", "source_layer": "stations_SNTL_ACTIVE", "station_id": "540", "site_num": "540", "station_triplet": "540:CA:SNTL", "shef_id": "ICKC1", "cdec_id": null, "operator_agency": "USDA NRCS NWCC", "owner_agency": null, "state": "CA", "county": "Sierra", "basin": null, "huc": "160501020102", "elevation_ft": 6440.0, "latitude": 39.49001, "longitude": -120.2823, "start_date": "339206400000", "end_date": "4102444800000", "status": "active", "site_page_url": "https://wcc.sc.egov.usda.gov/nwcc/site?sitenum=540", "data_page_url": "https://wcc.sc.egov.usda.gov/nwcc/site?sitenum=540", "source_url": "https://services.arcgis.com/SXbDpmb7xQkk44JV/ArcGIS/rest/services/stations_SNTL_ACTIVE/FeatureServer/0" }, "geometry": { "type": "Point", "coordinates": [ -120.282260000164996, 39.490009999882297 ] } },
{ "type": "Feature", "properties": { "station_uid": "NRCS_snotel_541", "station_name": "Independence Lake", "station_type": "snotel", "station_type_label": "SNOTEL", "network_group": "Snow / soil climate stations", "provider": "USDA NRCS NWCC", "source_system": "NRCS NWCC", "source_layer": "stations_SNTL_ACTIVE", "station_id": "541", "site_num": "541", "station_triplet": "541:CA:SNTL", "shef_id": "ILKC1", "cdec_id": null, "operator_agency": "USDA NRCS NWCC", "owner_agency": null, "state": "CA", "county": "Nevada", "basin": null, "huc": "160501020104", "elevation_ft": 8340.0, "latitude": 39.42752, "longitude": -120.3134, "start_date": "2.76048e+11", "end_date": "4102444800000", "status": "active", "site_page_url": "https://wcc.sc.egov.usda.gov/nwcc/site?sitenum=541", "data_page_url": "https://wcc.sc.egov.usda.gov/nwcc/site?sitenum=541", "source_url": "https://services.arcgis.com/SXbDpmb7xQkk44JV/ArcGIS/rest/services/stations_SNTL_ACTIVE/FeatureServer/0" }, "geometry": { "type": "Point", "coordinates": [ -120.313419999993997, 39.427520000383602 ] } },
{ "type": "Feature", "properties": { "station_uid": "NRCS_snotel_574", "station_name": "Leavitt Lake", "station_type": "snotel", "station_type_label": "SNOTEL", "network_group": "Snow / soil climate stations", "provider": "USDA NRCS NWCC", "source_system": "NRCS NWCC", "source_layer": "stations_SNTL_ACTIVE", "station_id": "574", "site_num": "574", "station_triplet": "574:CA:SNTL", "shef_id": "LELC1", "cdec_id": null, "operator_agency": "USDA NRCS NWCC", "owner_agency": null, "state": "CA", "county": "Mono", "basin": null, "huc": "160503020104", "elevation_ft": 9600.0, "latitude": 38.27594, "longitude": -119.6128, "start_date": "623203200000", "end_date": "4102444800000", "status": "active", "site_page_url": "https://wcc.sc.egov.usda.gov/nwcc/site?sitenum=574", "data_page_url": "https://wcc.sc.egov.usda.gov/nwcc/site?sitenum=574", "source_url": "https://services.arcgis.com/SXbDpmb7xQkk44JV/ArcGIS/rest/services/stations_SNTL_ACTIVE/FeatureServer/0" }, "geometry": { "type": "Point", "coordinates": [ -119.612810000261007, 38.275939999734703 ] } },
{ "type": "Feature", "properties": { "station_uid": "NRCS_snotel_575", "station_name": "Leavitt Meadows", "station_type": "snotel", "station_type_label": "SNOTEL", "network_group": "Snow / soil climate stations", "provider": "USDA NRCS NWCC", "source_system": "NRCS NWCC", "source_layer": "stations_SNTL_ACTIVE", "station_id": "575", "site_num": "575", "station_triplet": "575:CA:SNTL", "shef_id": "LVTC1", "cdec_id": null, "operator_agency": "USDA NRCS NWCC", "owner_agency": null, "state": "CA", "county": "Mono", "basin": null, "huc": "160503020104", "elevation_ft": 7200.0, "latitude": 38.30367, "longitude": -119.5511, "start_date": "339206400000", "end_date": "4102444800000", "status": "active", "site_page_url": "https://wcc.sc.egov.usda.gov/nwcc/site?sitenum=575", "data_page_url": "https://wcc.sc.egov.usda.gov/nwcc/site?sitenum=575", "source_url": "https://services.arcgis.com/SXbDpmb7xQkk44JV/ArcGIS/rest/services/stations_SNTL_ACTIVE/FeatureServer/0" }, "geometry": { "type": "Point", "coordinates": [ -119.551110000319994, 38.303669999530896 ] } },
{ "type": "Feature", "properties": { "station_uid": "NRCS_snotel_587", "station_name": "Lobdell Lake", "station_type": "snotel", "station_type_label": "SNOTEL", "network_group": "Snow / soil climate stations", "provider": "USDA NRCS NWCC", "source_system": "NRCS NWCC", "source_layer": "stations_SNTL_ACTIVE", "station_id": "587", "site_num": "587", "station_triplet": "587:CA:SNTL", "shef_id": "LOBC1", "cdec_id": null, "operator_agency": "USDA NRCS NWCC", "owner_agency": null, "state": "CA", "county": "Mono", "basin": null, "huc": "160503020201", "elevation_ft": 9260.0, "latitude": 38.43745, "longitude": -119.3657, "start_date": "2.76048e+11", "end_date": "4102444800000", "status": "active", "site_page_url": "https://wcc.sc.egov.usda.gov/nwcc/site?sitenum=587", "data_page_url": "https://wcc.sc.egov.usda.gov/nwcc/site?sitenum=587", "source_url": "https://services.arcgis.com/SXbDpmb7xQkk44JV/ArcGIS/rest/services/stations_SNTL_ACTIVE/FeatureServer/0" }, "geometry": { "type": "Point", "coordinates": [ -119.365720000357001, 38.437449999665702 ] } },
{ "type": "Feature", "properties": { "station_uid": "NRCS_snotel_1331", "station_name": "Lost Lakes", "station_type": "snotel", "station_type_label": "SNOTEL", "network_group": "Snow / soil climate stations", "provider": "USDA NRCS NWCC", "source_system": "NRCS NWCC", "source_layer": "stations_SNTL_ACTIVE", "station_id": "1331", "site_num": "1331", "station_triplet": "1331:CA:SNTL", "shef_id": "LLXC1", "cdec_id": null, "operator_agency": "USDA NRCS NWCC", "owner_agency": null, "state": "CA", "county": "Alpine", "basin": null, "huc": "160502010301", "elevation_ft": 8640.0, "latitude": 38.64745, "longitude": -119.9514, "start_date": "1726444800000", "end_date": "4102444800000", "status": "active", "site_page_url": "https://wcc.sc.egov.usda.gov/nwcc/site?sitenum=1331", "data_page_url": "https://wcc.sc.egov.usda.gov/nwcc/site?sitenum=1331", "source_url": "https://services.arcgis.com/SXbDpmb7xQkk44JV/ArcGIS/rest/services/stations_SNTL_ACTIVE/FeatureServer/0" }, "geometry": { "type": "Point", "coordinates": [ -119.951409999453006, 38.647450000013102 ] } },
{ "type": "Feature", "properties": { "station_uid": "NRCS_snotel_633", "station_name": "Monitor Pass", "station_type": "snotel", "station_type_label": "SNOTEL", "network_group": "Snow / soil climate stations", "provider": "USDA NRCS NWCC", "source_system": "NRCS NWCC", "source_layer": "stations_SNTL_ACTIVE", "station_id": "633", "site_num": "633", "station_triplet": "633:CA:SNTL", "shef_id": "MNPC1", "cdec_id": null, "operator_agency": "USDA NRCS NWCC", "owner_agency": null, "state": "CA", "county": "Alpine", "basin": null, "huc": "160502010201", "elevation_ft": 8320.0, "latitude": 38.6683, "longitude": -119.6087, "start_date": "654739200000", "end_date": "4102444800000", "status": "active", "site_page_url": "https://wcc.sc.egov.usda.gov/nwcc/site?sitenum=633", "data_page_url": "https://wcc.sc.egov.usda.gov/nwcc/site?sitenum=633", "source_url": "https://services.arcgis.com/SXbDpmb7xQkk44JV/ArcGIS/rest/services/stations_SNTL_ACTIVE/FeatureServer/0" }, "geometry": { "type": "Point", "coordinates": [ -119.608700000281999, 38.668300000381798 ] } },
{ "type": "Feature", "properties": { "station_uid": "NRCS_snotel_784", "station_name": "Palisades Tahoe", "station_type": "snotel", "station_type_label": "SNOTEL", "network_group": "Snow / soil climate stations", "provider": "USDA NRCS NWCC", "source_system": "NRCS NWCC", "source_layer": "stations_SNTL_ACTIVE", "station_id": "784", "site_num": "784", "station_triplet": "784:CA:SNTL", "shef_id": "SQWC1", "cdec_id": null, "operator_agency": "USDA NRCS NWCC", "owner_agency": null, "state": "CA", "county": "Placer", "basin": null, "huc": "160501020202", "elevation_ft": 8010.0, "latitude": 39.18986, "longitude": -120.2658, "start_date": "3.07584e+11", "end_date": "4102444800000", "status": "active", "site_page_url": "https://wcc.sc.egov.usda.gov/nwcc/site?sitenum=784", "data_page_url": "https://wcc.sc.egov.usda.gov/nwcc/site?sitenum=784", "source_url": "https://services.arcgis.com/SXbDpmb7xQkk44JV/ArcGIS/rest/services/stations_SNTL_ACTIVE/FeatureServer/0" }, "geometry": { "type": "Point", "coordinates": [ -120.265760000542997, 39.1898600001863 ] } },
{ "type": "Feature", "properties": { "station_uid": "NRCS_snotel_697", "station_name": "Poison Flat", "station_type": "snotel", "station_type_label": "SNOTEL", "network_group": "Snow / soil climate stations", "provider": "USDA NRCS NWCC", "source_system": "NRCS NWCC", "source_layer": "stations_SNTL_ACTIVE", "station_id": "697", "site_num": "697", "station_triplet": "697:CA:SNTL", "shef_id": "XXXC1", "cdec_id": null, "operator_agency": "USDA NRCS NWCC", "owner_agency": null, "state": "CA", "county": "Alpine", "basin": null, "huc": "160502010102", "elevation_ft": 7730.0, "latitude": 38.50576, "longitude": -119.6262, "start_date": "339206400000", "end_date": "4102444800000", "status": "active", "site_page_url": "https://wcc.sc.egov.usda.gov/nwcc/site?sitenum=697", "data_page_url": "https://wcc.sc.egov.usda.gov/nwcc/site?sitenum=697", "source_url": "https://services.arcgis.com/SXbDpmb7xQkk44JV/ArcGIS/rest/services/stations_SNTL_ACTIVE/FeatureServer/0" }, "geometry": { "type": "Point", "coordinates": [ -119.626239999348996, 38.505759999739197 ] } },
{ "type": "Feature", "properties": { "station_uid": "NRCS_snotel_724", "station_name": "Rubicon #2", "station_type": "snotel", "station_type_label": "SNOTEL", "network_group": "Snow / soil climate stations", "provider": "USDA NRCS NWCC", "source_system": "NRCS NWCC", "source_layer": "stations_SNTL_ACTIVE", "station_id": "724", "site_num": "724", "station_triplet": "724:CA:SNTL", "shef_id": "RUBC1", "cdec_id": null, "operator_agency": "USDA NRCS NWCC", "owner_agency": null, "state": "CA", "county": "El Dorado", "basin": null, "huc": "160501010402", "elevation_ft": 7560.0, "latitude": 38.99927, "longitude": -120.1314, "start_date": "339206400000", "end_date": "4102444800000", "status": "active", "site_page_url": "https://wcc.sc.egov.usda.gov/nwcc/site?sitenum=724", "data_page_url": "https://wcc.sc.egov.usda.gov/nwcc/site?sitenum=724", "source_url": "https://services.arcgis.com/SXbDpmb7xQkk44JV/ArcGIS/rest/services/stations_SNTL_ACTIVE/FeatureServer/0" }, "geometry": { "type": "Point", "coordinates": [ -120.13139000052, 38.999270000028197 ] } },
{ "type": "Feature", "properties": { "station_uid": "NRCS_snotel_771", "station_name": "Sonora Pass", "station_type": "snotel", "station_type_label": "SNOTEL", "network_group": "Snow / soil climate stations", "provider": "USDA NRCS NWCC", "source_system": "NRCS NWCC", "source_layer": "stations_SNTL_ACTIVE", "station_id": "771", "site_num": "771", "station_triplet": "771:CA:SNTL", "shef_id": "SRAC1", "cdec_id": null, "operator_agency": "USDA NRCS NWCC", "owner_agency": null, "state": "CA", "county": "Mono", "basin": null, "huc": "160503020104", "elevation_ft": 8770.0, "latitude": 38.31021, "longitude": -119.6003, "start_date": "2.76048e+11", "end_date": "4102444800000", "status": "active", "site_page_url": "https://wcc.sc.egov.usda.gov/nwcc/site?sitenum=771", "data_page_url": "https://wcc.sc.egov.usda.gov/nwcc/site?sitenum=771", "source_url": "https://services.arcgis.com/SXbDpmb7xQkk44JV/ArcGIS/rest/services/stations_SNTL_ACTIVE/FeatureServer/0" }, "geometry": { "type": "Point", "coordinates": [ -119.600299999658006, 38.310210000378703 ] } },
{ "type": "Feature", "properties": { "station_uid": "NRCS_snotel_778", "station_name": "Spratt Creek", "station_type": "snotel", "station_type_label": "SNOTEL", "network_group": "Snow / soil climate stations", "provider": "USDA NRCS NWCC", "source_system": "NRCS NWCC", "source_layer": "stations_SNTL_ACTIVE", "station_id": "778", "site_num": "778", "station_triplet": "778:CA:SNTL", "shef_id": "SPCC1", "cdec_id": null, "operator_agency": "USDA NRCS NWCC", "owner_agency": null, "state": "CA", "county": "Alpine", "basin": null, "huc": "160502010107", "elevation_ft": 6060.0, "latitude": 38.66627, "longitude": -119.8174, "start_date": "433814400000", "end_date": "4102444800000", "status": "active", "site_page_url": "https://wcc.sc.egov.usda.gov/nwcc/site?sitenum=778", "data_page_url": "https://wcc.sc.egov.usda.gov/nwcc/site?sitenum=778", "source_url": "https://services.arcgis.com/SXbDpmb7xQkk44JV/ArcGIS/rest/services/stations_SNTL_ACTIVE/FeatureServer/0" }, "geometry": { "type": "Point", "coordinates": [ -119.817410000446003, 38.666270000161802 ] } },
{ "type": "Feature", "properties": { "station_uid": "NRCS_snotel_1258", "station_name": "State Line", "station_type": "snotel", "station_type_label": "SNOTEL", "network_group": "Snow / soil climate stations", "provider": "USDA NRCS NWCC", "source_system": "NRCS NWCC", "source_layer": "stations_SNTL_ACTIVE", "station_id": "1258", "site_num": "1258", "station_triplet": "1258:CA:SNTL", "shef_id": "TATC1", "cdec_id": null, "operator_agency": "USDA NRCS NWCC", "owner_agency": null, "state": "CA", "county": "Modoc", "basin": null, "huc": "180102040201", "elevation_ft": 5690.0, "latitude": 41.98609, "longitude": -120.7157, "start_date": "1402963200000", "end_date": "4102444800000", "status": "active", "site_page_url": "https://wcc.sc.egov.usda.gov/nwcc/site?sitenum=1258", "data_page_url": "https://wcc.sc.egov.usda.gov/nwcc/site?sitenum=1258", "source_url": "https://services.arcgis.com/SXbDpmb7xQkk44JV/ArcGIS/rest/services/stations_SNTL_ACTIVE/FeatureServer/0" }, "geometry": { "type": "Point", "coordinates": [ -120.715739999609994, 41.986089999703999 ] } },
{ "type": "Feature", "properties": { "station_uid": "NRCS_snotel_1052", "station_name": "Summit Meadow", "station_type": "snotel", "station_type_label": "SNOTEL", "network_group": "Snow / soil climate stations", "provider": "USDA NRCS NWCC", "source_system": "NRCS NWCC", "source_layer": "stations_SNTL_ACTIVE", "station_id": "1052", "site_num": "1052", "station_triplet": "1052:CA:SNTL", "shef_id": "SDWC1", "cdec_id": null, "operator_agency": "USDA NRCS NWCC", "owner_agency": null, "state": "CA", "county": "Mono", "basin": null, "huc": "160503020203", "elevation_ft": 9360.0, "latitude": 38.39747, "longitude": -119.5352, "start_date": "1064966400000", "end_date": "4102444800000", "status": "active", "site_page_url": "https://wcc.sc.egov.usda.gov/nwcc/site?sitenum=1052", "data_page_url": "https://wcc.sc.egov.usda.gov/nwcc/site?sitenum=1052", "source_url": "https://services.arcgis.com/SXbDpmb7xQkk44JV/ArcGIS/rest/services/stations_SNTL_ACTIVE/FeatureServer/0" }, "geometry": { "type": "Point", "coordinates": [ -119.535220000641004, 38.397470000226498 ] } },
{ "type": "Feature", "properties": { "station_uid": "NRCS_snotel_809", "station_name": "Tahoe City Cross", "station_type": "snotel", "station_type_label": "SNOTEL", "network_group": "Snow / soil climate stations", "provider": "USDA NRCS NWCC", "source_system": "NRCS NWCC", "source_layer": "stations_SNTL_ACTIVE", "station_id": "809", "site_num": "809", "station_triplet": "809:CA:SNTL", "shef_id": "THOC1", "cdec_id": null, "operator_agency": "USDA NRCS NWCC", "owner_agency": null, "state": "CA", "county": "Placer", "basin": null, "huc": "160501010101", "elevation_ft": 6760.0, "latitude": 39.17162, "longitude": -120.1536, "start_date": "339206400000", "end_date": "4102444800000", "status": "active", "site_page_url": "https://wcc.sc.egov.usda.gov/nwcc/site?sitenum=809", "data_page_url": "https://wcc.sc.egov.usda.gov/nwcc/site?sitenum=809", "source_url": "https://services.arcgis.com/SXbDpmb7xQkk44JV/ArcGIS/rest/services/stations_SNTL_ACTIVE/FeatureServer/0" }, "geometry": { "type": "Point", "coordinates": [ -120.153620000255003, 39.171619999831101 ] } },
{ "type": "Feature", "properties": { "station_uid": "NRCS_snotel_834", "station_name": "Truckee #2", "station_type": "snotel", "station_type_label": "SNOTEL", "network_group": "Snow / soil climate stations", "provider": "USDA NRCS NWCC", "source_system": "NRCS NWCC", "source_layer": "stations_SNTL_ACTIVE", "station_id": "834", "site_num": "834", "station_triplet": "834:CA:SNTL", "shef_id": "TRUC1", "cdec_id": null, "operator_agency": "USDA NRCS NWCC", "owner_agency": null, "state": "CA", "county": "Placer", "basin": null, "huc": "160501020204", "elevation_ft": 6500.0, "latitude": 39.30087, "longitude": -120.1841, "start_date": "339206400000", "end_date": "4102444800000", "status": "active", "site_page_url": "https://wcc.sc.egov.usda.gov/nwcc/site?sitenum=834", "data_page_url": "https://wcc.sc.egov.usda.gov/nwcc/site?sitenum=834", "source_url": "https://services.arcgis.com/SXbDpmb7xQkk44JV/ArcGIS/rest/services/stations_SNTL_ACTIVE/FeatureServer/0" }, "geometry": { "type": "Point", "coordinates": [ -120.184069999854003, 39.3008700002636 ] } },
{ "type": "Feature", "properties": { "station_uid": "NRCS_snotel_846", "station_name": "Virginia Lakes Ridge", "station_type": "snotel", "station_type_label": "SNOTEL", "network_group": "Snow / soil climate stations", "provider": "USDA NRCS NWCC", "source_system": "NRCS NWCC", "source_layer": "stations_SNTL_ACTIVE", "station_id": "846", "site_num": "846", "station_triplet": "846:CA:SNTL", "shef_id": "VGAC1", "cdec_id": null, "operator_agency": "USDA NRCS NWCC", "owner_agency": null, "state": "CA", "county": "Mono", "basin": null, "huc": "160503010103", "elevation_ft": 9400.0, "latitude": 38.07298, "longitude": -119.2343, "start_date": "2.76048e+11", "end_date": "4102444800000", "status": "active", "site_page_url": "https://wcc.sc.egov.usda.gov/nwcc/site?sitenum=846", "data_page_url": "https://wcc.sc.egov.usda.gov/nwcc/site?sitenum=846", "source_url": "https://services.arcgis.com/SXbDpmb7xQkk44JV/ArcGIS/rest/services/stations_SNTL_ACTIVE/FeatureServer/0" }, "geometry": { "type": "Point", "coordinates": [ -119.234330000003993, 38.0729799996504 ] } },
{ "type": "Feature", "properties": { "station_uid": "NRCS_snotel_848", "station_name": "Ward Creek #3", "station_type": "snotel", "station_type_label": "SNOTEL", "network_group": "Snow / soil climate stations", "provider": "USDA NRCS NWCC", "source_system": "NRCS NWCC", "source_layer": "stations_SNTL_ACTIVE", "station_id": "848", "site_num": "848", "station_triplet": "848:CA:SNTL", "shef_id": "WRDC1", "cdec_id": null, "operator_agency": "USDA NRCS NWCC", "owner_agency": null, "state": "CA", "county": "Placer", "basin": null, "huc": "160501010403", "elevation_ft": 6750.0, "latitude": 39.13545, "longitude": -120.2187, "start_date": "3.07584e+11", "end_date": "4102444800000", "status": "active", "site_page_url": "https://wcc.sc.egov.usda.gov/nwcc/site?sitenum=848", "data_page_url": "https://wcc.sc.egov.usda.gov/nwcc/site?sitenum=848", "source_url": "https://services.arcgis.com/SXbDpmb7xQkk44JV/ArcGIS/rest/services/stations_SNTL_ACTIVE/FeatureServer/0" }, "geometry": { "type": "Point", "coordinates": [ -120.218650000145004, 39.135450000269998 ] } },
{ "type": "Feature", "properties": { "station_uid": "NRCS_snotel_1317", "station_name": "Willow Flat CA", "station_type": "snotel", "station_type_label": "SNOTEL", "network_group": "Snow / soil climate stations", "provider": "USDA NRCS NWCC", "source_system": "NRCS NWCC", "source_layer": "stations_SNTL_ACTIVE", "station_id": "1317", "site_num": "1317", "station_triplet": "1317:CA:SNTL", "shef_id": "WFSC1", "cdec_id": null, "operator_agency": "USDA NRCS NWCC", "owner_agency": null, "state": "CA", "county": "Mono", "basin": null, "huc": "160503020103", "elevation_ft": 8220.0, "latitude": 38.27203, "longitude": -119.4512, "start_date": "1694563200000", "end_date": "4102444800000", "status": "active", "site_page_url": "https://wcc.sc.egov.usda.gov/nwcc/site?sitenum=1317", "data_page_url": "https://wcc.sc.egov.usda.gov/nwcc/site?sitenum=1317", "source_url": "https://services.arcgis.com/SXbDpmb7xQkk44JV/ArcGIS/rest/services/stations_SNTL_ACTIVE/FeatureServer/0" }, "geometry": { "type": "Point", "coordinates": [ -119.451240000141993, 38.272029999628302 ] } },
{ "type": "Feature", "properties": { "station_uid": "NRCS_scan_2216", "station_name": "Buckhorn", "station_type": "scan", "station_type_label": "SCAN", "network_group": "Snow / soil climate stations", "provider": "USDA NRCS NWCC", "source_system": "NRCS NWCC", "source_layer": "stations_SCAN_ACTIVE", "station_id": "2216", "site_num": "2216", "station_triplet": "2216:NV:SCAN", "shef_id": "BUCN2", "cdec_id": null, "operator_agency": "USDA NRCS NWCC", "owner_agency": null, "state": "NV", "county": "Washoe", "basin": null, "huc": "180800020104", "elevation_ft": 6470.0, "latitude": 40.87959, "longitude": -119.9534, "start_date": "1414108800000", "end_date": "4102444800000", "status": "active", "site_page_url": "https://wcc.sc.egov.usda.gov/nwcc/site?sitenum=2216", "data_page_url": "https://wcc.sc.egov.usda.gov/nwcc/site?sitenum=2216", "source_url": "https://services.arcgis.com/SXbDpmb7xQkk44JV/ArcGIS/rest/services/stations_SCAN_ACTIVE/FeatureServer/0" }, "geometry": { "type": "Point", "coordinates": [ -119.953400000274002, 40.879589999981299 ] } },
{ "type": "Feature", "properties": { "station_uid": "NRCS_scan_2145", "station_name": "Charkiln", "station_type": "scan", "station_type_label": "SCAN", "network_group": "Snow / soil climate stations", "provider": "USDA NRCS NWCC", "source_system": "NRCS NWCC", "source_layer": "stations_SCAN_ACTIVE", "station_id": "2145", "site_num": "2145", "station_triplet": "2145:NV:SCAN", "shef_id": "CHAN2", "cdec_id": null, "operator_agency": "USDA NRCS NWCC", "owner_agency": null, "state": "NV", "county": "Clark", "basin": null, "huc": "160600150101", "elevation_ft": 6700.0, "latitude": 36.36651, "longitude": -115.8205, "start_date": "1193529600000", "end_date": "4102444800000", "status": "active", "site_page_url": "https://wcc.sc.egov.usda.gov/nwcc/site?sitenum=2145", "data_page_url": "https://wcc.sc.egov.usda.gov/nwcc/site?sitenum=2145", "source_url": "https://services.arcgis.com/SXbDpmb7xQkk44JV/ArcGIS/rest/services/stations_SCAN_ACTIVE/FeatureServer/0" }, "geometry": { "type": "Point", "coordinates": [ -115.820469999542993, 36.3665099996241 ] } },
{ "type": "Feature", "properties": { "station_uid": "NRCS_scan_2141", "station_name": "Kyle Canyon", "station_type": "scan", "station_type_label": "SCAN", "network_group": "Snow / soil climate stations", "provider": "USDA NRCS NWCC", "source_system": "NRCS NWCC", "source_layer": "stations_SCAN_ACTIVE", "station_id": "2141", "site_num": "2141", "station_triplet": "2141:NV:SCAN", "shef_id": "KCYN2", "cdec_id": null, "operator_agency": "USDA NRCS NWCC", "owner_agency": null, "state": "NV", "county": "Clark", "basin": null, "huc": "150100150301", "elevation_ft": 7010.0, "latitude": 36.26527, "longitude": -115.6085, "start_date": "1193097600000", "end_date": "4102444800000", "status": "active", "site_page_url": "https://wcc.sc.egov.usda.gov/nwcc/site?sitenum=2141", "data_page_url": "https://wcc.sc.egov.usda.gov/nwcc/site?sitenum=2141", "source_url": "https://services.arcgis.com/SXbDpmb7xQkk44JV/ArcGIS/rest/services/stations_SCAN_ACTIVE/FeatureServer/0" }, "geometry": { "type": "Point", "coordinates": [ -115.608519999620995, 36.265269999687597 ] } },
{ "type": "Feature", "properties": { "station_uid": "NRCS_scan_2146", "station_name": "Lovell Summit", "station_type": "scan", "station_type_label": "SCAN", "network_group": "Snow / soil climate stations", "provider": "USDA NRCS NWCC", "source_system": "NRCS NWCC", "source_layer": "stations_SCAN_ACTIVE", "station_id": "2146", "site_num": "2146", "station_triplet": "2146:NV:SCAN", "shef_id": "LSMN2", "cdec_id": null, "operator_agency": "USDA NRCS NWCC", "owner_agency": null, "state": "NV", "county": "Clark", "basin": null, "huc": "160600150401", "elevation_ft": 6600.0, "latitude": 36.16555, "longitude": -115.612, "start_date": "1.193616e+12", "end_date": "4102444800000", "status": "active", "site_page_url": "https://wcc.sc.egov.usda.gov/nwcc/site?sitenum=2146", "data_page_url": "https://wcc.sc.egov.usda.gov/nwcc/site?sitenum=2146", "source_url": "https://services.arcgis.com/SXbDpmb7xQkk44JV/ArcGIS/rest/services/stations_SCAN_ACTIVE/FeatureServer/0" }, "geometry": { "type": "Point", "coordinates": [ -115.611950000248001, 36.1655499999951 ] } },
{ "type": "Feature", "properties": { "station_uid": "NRCS_scan_2116", "station_name": "Lovelock NNR", "station_type": "scan", "station_type_label": "SCAN", "network_group": "Snow / soil climate stations", "provider": "USDA NRCS NWCC", "source_system": "NRCS NWCC", "source_layer": "stations_SCAN_ACTIVE", "station_id": "2116", "site_num": "2116", "station_triplet": "2116:NV:SCAN", "shef_id": "LUVN2", "cdec_id": null, "operator_agency": "USDA NRCS NWCC", "owner_agency": null, "state": "NV", "county": "Pershing", "basin": null, "huc": "160401081100", "elevation_ft": 3930.0, "latitude": 40.09247, "longitude": -118.4934, "start_date": "1159228800000", "end_date": "4102444800000", "status": "active", "site_page_url": "https://wcc.sc.egov.usda.gov/nwcc/site?sitenum=2116", "data_page_url": "https://wcc.sc.egov.usda.gov/nwcc/site?sitenum=2116", "source_url": "https://services.arcgis.com/SXbDpmb7xQkk44JV/ArcGIS/rest/services/stations_SCAN_ACTIVE/FeatureServer/0" }, "geometry": { "type": "Point", "coordinates": [ -118.493449999494004, 40.092469999924703 ] } },
{ "type": "Feature", "properties": { "station_uid": "NRCS_scan_2144", "station_name": "Pine Nut", "station_type": "scan", "station_type_label": "SCAN", "network_group": "Snow / soil climate stations", "provider": "USDA NRCS NWCC", "source_system": "NRCS NWCC", "source_layer": "stations_SCAN_ACTIVE", "station_id": "2144", "site_num": "2144", "station_triplet": "2144:NV:SCAN", "shef_id": "NUTN2", "cdec_id": null, "operator_agency": "USDA NRCS NWCC", "owner_agency": null, "state": "NV", "county": "Clark", "basin": null, "huc": "150100150202", "elevation_ft": 6780.0, "latitude": 36.57285, "longitude": -115.2042, "start_date": "1193443200000", "end_date": "4102444800000", "status": "active", "site_page_url": "https://wcc.sc.egov.usda.gov/nwcc/site?sitenum=2144", "data_page_url": "https://wcc.sc.egov.usda.gov/nwcc/site?sitenum=2144", "source_url": "https://services.arcgis.com/SXbDpmb7xQkk44JV/ArcGIS/rest/services/stations_SCAN_ACTIVE/FeatureServer/0" }, "geometry": { "type": "Point", "coordinates": [ -115.204219999594002, 36.572850000359999 ] } },
{ "type": "Feature", "properties": { "station_uid": "NRCS_scan_2229", "station_name": "Ruby", "station_type": "scan", "station_type_label": "SCAN", "network_group": "Snow / soil climate stations", "provider": "USDA NRCS NWCC", "source_system": "NRCS NWCC", "source_layer": "stations_SCAN_ACTIVE", "station_id": "2229", "site_num": "2229", "station_triplet": "2229:NV:SCAN", "shef_id": "RBYN2", "cdec_id": null, "operator_agency": "USDA NRCS NWCC", "owner_agency": null, "state": "NV", "county": "Elko", "basin": null, "huc": "160600071103", "elevation_ft": 6010.0, "latitude": 40.63697, "longitude": -115.2212, "start_date": "1566777600000", "end_date": "4102444800000", "status": "active", "site_page_url": "https://wcc.sc.egov.usda.gov/nwcc/site?sitenum=2229", "data_page_url": "https://wcc.sc.egov.usda.gov/nwcc/site?sitenum=2229", "source_url": "https://services.arcgis.com/SXbDpmb7xQkk44JV/ArcGIS/rest/services/stations_SCAN_ACTIVE/FeatureServer/0" }, "geometry": { "type": "Point", "coordinates": [ -115.221199999573003, 40.636969999670903 ] } },
{ "type": "Feature", "properties": { "station_uid": "NRCS_scan_2142", "station_name": "Trough Springs", "station_type": "scan", "station_type_label": "SCAN", "network_group": "Snow / soil climate stations", "provider": "USDA NRCS NWCC", "source_system": "NRCS NWCC", "source_layer": "stations_SCAN_ACTIVE", "station_id": "2142", "site_num": "2142", "station_triplet": "2142:NV:SCAN", "shef_id": "TRUN2", "cdec_id": null, "operator_agency": "USDA NRCS NWCC", "owner_agency": null, "state": "NV", "county": "Clark", "basin": null, "huc": "160600150101", "elevation_ft": 7860.0, "latitude": 36.37355, "longitude": -115.7813, "start_date": "1193529600000", "end_date": "4102444800000", "status": "active", "site_page_url": "https://wcc.sc.egov.usda.gov/nwcc/site?sitenum=2142", "data_page_url": "https://wcc.sc.egov.usda.gov/nwcc/site?sitenum=2142", "source_url": "https://services.arcgis.com/SXbDpmb7xQkk44JV/ArcGIS/rest/services/stations_SCAN_ACTIVE/FeatureServer/0" }, "geometry": { "type": "Point", "coordinates": [ -115.781269999737006, 36.373550000310601 ] } },
{ "type": "Feature", "properties": { "station_uid": "NRCS_snotel_321", "station_name": "Bear Creek", "station_type": "snotel", "station_type_label": "SNOTEL", "network_group": "Snow / soil climate stations", "provider": "USDA NRCS NWCC", "source_system": "NRCS NWCC", "source_layer": "stations_SNTL_ACTIVE", "station_id": "321", "site_num": "321", "station_triplet": "321:NV:SNTL", "shef_id": "BERN2", "cdec_id": null, "operator_agency": "USDA NRCS NWCC", "owner_agency": null, "state": "NV", "county": "Elko", "basin": null, "huc": "170501020301", "elevation_ft": 8090.0, "latitude": 41.83391, "longitude": -115.4528, "start_date": "194486400000", "end_date": "4102444800000", "status": "active", "site_page_url": "https://wcc.sc.egov.usda.gov/nwcc/site?sitenum=321", "data_page_url": "https://wcc.sc.egov.usda.gov/nwcc/site?sitenum=321", "source_url": "https://services.arcgis.com/SXbDpmb7xQkk44JV/ArcGIS/rest/services/stations_SNTL_ACTIVE/FeatureServer/0" }, "geometry": { "type": "Point", "coordinates": [ -115.452780000049998, 41.8339099995721 ] } },
{ "type": "Feature", "properties": { "station_uid": "NRCS_snotel_334", "station_name": "Berry Creek", "station_type": "snotel", "station_type_label": "SNOTEL", "network_group": "Snow / soil climate stations", "provider": "USDA NRCS NWCC", "source_system": "NRCS NWCC", "source_layer": "stations_SNTL_ACTIVE", "station_id": "334", "site_num": "334", "station_triplet": "334:NV:SNTL", "shef_id": "BRCN2", "cdec_id": null, "operator_agency": "USDA NRCS NWCC", "owner_agency": null, "state": "NV", "county": "White Pine", "basin": null, "huc": "160600081301", "elevation_ft": 9350.0, "latitude": 39.31917, "longitude": -114.6228, "start_date": "339206400000", "end_date": "4102444800000", "status": "active", "site_page_url": "https://wcc.sc.egov.usda.gov/nwcc/site?sitenum=334", "data_page_url": "https://wcc.sc.egov.usda.gov/nwcc/site?sitenum=334", "source_url": "https://services.arcgis.com/SXbDpmb7xQkk44JV/ArcGIS/rest/services/stations_SNTL_ACTIVE/FeatureServer/0" }, "geometry": { "type": "Point", "coordinates": [ -114.622779999901994, 39.319169999916397 ] } },
{ "type": "Feature", "properties": { "station_uid": "NRCS_snotel_336", "station_name": "Big Bend", "station_type": "snotel", "station_type_label": "SNOTEL", "network_group": "Snow / soil climate stations", "provider": "USDA NRCS NWCC", "source_system": "NRCS NWCC", "source_layer": "stations_SNTL_ACTIVE", "station_id": "336", "site_num": "336", "station_triplet": "336:NV:SNTL", "shef_id": "BIGN2", "cdec_id": null, "operator_agency": "USDA NRCS NWCC", "owner_agency": null, "state": "NV", "county": "Elko", "basin": null, "huc": "170501040104", "elevation_ft": 6890.0, "latitude": 41.76168, "longitude": -115.6931, "start_date": "2.76048e+11", "end_date": "4102444800000", "status": "active", "site_page_url": "https://wcc.sc.egov.usda.gov/nwcc/site?sitenum=336", "data_page_url": "https://wcc.sc.egov.usda.gov/nwcc/site?sitenum=336", "source_url": "https://services.arcgis.com/SXbDpmb7xQkk44JV/ArcGIS/rest/services/stations_SNTL_ACTIVE/FeatureServer/0" }, "geometry": { "type": "Point", "coordinates": [ -115.693100000179001, 41.761680000053097 ] } },
{ "type": "Feature", "properties": { "station_uid": "NRCS_snotel_337", "station_name": "Big Creek Sum", "station_type": "snotel", "station_type_label": "SNOTEL", "network_group": "Snow / soil climate stations", "provider": "USDA NRCS NWCC", "source_system": "NRCS NWCC", "source_layer": "stations_SNTL_ACTIVE", "station_id": "337", "site_num": "337", "station_triplet": "337:NV:SNTL", "shef_id": "BCSN2", "cdec_id": null, "operator_agency": "USDA NRCS NWCC", "owner_agency": null, "state": "NV", "county": "Lander", "basin": null, "huc": "160401070303", "elevation_ft": 8710.0, "latitude": 39.29148, "longitude": -117.1151, "start_date": "339206400000", "end_date": "4102444800000", "status": "active", "site_page_url": "https://wcc.sc.egov.usda.gov/nwcc/site?sitenum=337", "data_page_url": "https://wcc.sc.egov.usda.gov/nwcc/site?sitenum=337", "source_url": "https://services.arcgis.com/SXbDpmb7xQkk44JV/ArcGIS/rest/services/stations_SNTL_ACTIVE/FeatureServer/0" }, "geometry": { "type": "Point", "coordinates": [ -117.115060000556994, 39.2914799999403 ] } },
{ "type": "Feature", "properties": { "station_uid": "NRCS_snotel_340", "station_name": "Big Meadow", "station_type": "snotel", "station_type_label": "SNOTEL", "network_group": "Snow / soil climate stations", "provider": "USDA NRCS NWCC", "source_system": "NRCS NWCC", "source_layer": "stations_SNTL_ACTIVE", "station_id": "340", "site_num": "340", "station_triplet": "340:NV:SNTL", "shef_id": "BMWN2", "cdec_id": null, "operator_agency": "USDA NRCS NWCC", "owner_agency": null, "state": "NV", "county": "Washoe", "basin": null, "huc": "160501020505", "elevation_ft": 8240.0, "latitude": 39.455, "longitude": -119.9422, "start_date": "433814400000", "end_date": "4102444800000", "status": "active", "site_page_url": "https://wcc.sc.egov.usda.gov/nwcc/site?sitenum=340", "data_page_url": "https://wcc.sc.egov.usda.gov/nwcc/site?sitenum=340", "source_url": "https://services.arcgis.com/SXbDpmb7xQkk44JV/ArcGIS/rest/services/stations_SNTL_ACTIVE/FeatureServer/0" }, "geometry": { "type": "Point", "coordinates": [ -119.942199999796003, 39.455000000318798 ] } },
{ "type": "Feature", "properties": { "station_uid": "NRCS_snotel_1155", "station_name": "Bird Creek", "station_type": "snotel", "station_type_label": "SNOTEL", "network_group": "Snow / soil climate stations", "provider": "USDA NRCS NWCC", "source_system": "NRCS NWCC", "source_layer": "stations_SNTL_ACTIVE", "station_id": "1155", "site_num": "1155", "station_triplet": "1155:NV:SNTL", "shef_id": "BIRN2", "cdec_id": null, "operator_agency": "USDA NRCS NWCC", "owner_agency": null, "state": "NV", "county": "White Pine", "basin": null, "huc": "160600081304", "elevation_ft": 7530.0, "latitude": 39.46138, "longitude": -114.6486, "start_date": "1317427200000", "end_date": "4102444800000", "status": "active", "site_page_url": "https://wcc.sc.egov.usda.gov/nwcc/site?sitenum=1155", "data_page_url": "https://wcc.sc.egov.usda.gov/nwcc/site?sitenum=1155", "source_url": "https://services.arcgis.com/SXbDpmb7xQkk44JV/ArcGIS/rest/services/stations_SNTL_ACTIVE/FeatureServer/0" }, "geometry": { "type": "Point", "coordinates": [ -114.648630000067001, 39.461379999828303 ] } },
{ "type": "Feature", "properties": { "station_uid": "NRCS_snotel_1111", "station_name": "Bristlecone Trail", "station_type": "snotel", "station_type_label": "SNOTEL", "network_group": "Snow / soil climate stations", "provider": "USDA NRCS NWCC", "source_system": "NRCS NWCC", "source_layer": "stations_SNTL_ACTIVE", "station_id": "1111", "site_num": "1111", "station_triplet": "1111:NV:SNTL", "shef_id": "BRSN2", "cdec_id": null, "operator_agency": "USDA NRCS NWCC", "owner_agency": null, "state": "NV", "county": "Clark", "basin": null, "huc": "150100150206", "elevation_ft": 8900.0, "latitude": 36.31575, "longitude": -115.6954, "start_date": "1222819200000", "end_date": "4102444800000", "status": "active", "site_page_url": "https://wcc.sc.egov.usda.gov/nwcc/site?sitenum=1111", "data_page_url": "https://wcc.sc.egov.usda.gov/nwcc/site?sitenum=1111", "source_url": "https://services.arcgis.com/SXbDpmb7xQkk44JV/ArcGIS/rest/services/stations_SNTL_ACTIVE/FeatureServer/0" }, "geometry": { "type": "Point", "coordinates": [ -115.695430000201995, 36.315749999590203 ] } },
{ "type": "Feature", "properties": { "station_uid": "NRCS_snotel_373", "station_name": "Buckskin Lower", "station_type": "snotel", "station_type_label": "SNOTEL", "network_group": "Snow / soil climate stations", "provider": "USDA NRCS NWCC", "source_system": "NRCS NWCC", "source_layer": "stations_SNTL_ACTIVE", "station_id": "373", "site_num": "373", "station_triplet": "373:NV:SNTL", "shef_id": "BKLN2", "cdec_id": null, "operator_agency": "USDA NRCS NWCC", "owner_agency": null, "state": "NV", "county": "Humboldt", "basin": null, "huc": "160401090502", "elevation_ft": 6920.0, "latitude": 41.75067, "longitude": -117.5318, "start_date": "339206400000", "end_date": "4102444800000", "status": "active", "site_page_url": "https://wcc.sc.egov.usda.gov/nwcc/site?sitenum=373", "data_page_url": "https://wcc.sc.egov.usda.gov/nwcc/site?sitenum=373", "source_url": "https://services.arcgis.com/SXbDpmb7xQkk44JV/ArcGIS/rest/services/stations_SNTL_ACTIVE/FeatureServer/0" }, "geometry": { "type": "Point", "coordinates": [ -117.531820000447993, 41.750669999778196 ] } },
{ "type": "Feature", "properties": { "station_uid": "NRCS_snotel_1152", "station_name": "Cave Mountain", "station_type": "snotel", "station_type_label": "SNOTEL", "network_group": "Snow / soil climate stations", "provider": "USDA NRCS NWCC", "source_system": "NRCS NWCC", "source_layer": "stations_SNTL_ACTIVE", "station_id": "1152", "site_num": "1152", "station_triplet": "1152:NV:SNTL", "shef_id": "CAVN2", "cdec_id": null, "operator_agency": "USDA NRCS NWCC", "owner_agency": null, "state": "NV", "county": "White Pine", "basin": null, "huc": "160600080402", "elevation_ft": 10580.0, "latitude": 39.16337, "longitude": -114.6133, "start_date": "1317427200000", "end_date": "4102444800000", "status": "active", "site_page_url": "https://wcc.sc.egov.usda.gov/nwcc/site?sitenum=1152", "data_page_url": "https://wcc.sc.egov.usda.gov/nwcc/site?sitenum=1152", "source_url": "https://services.arcgis.com/SXbDpmb7xQkk44JV/ArcGIS/rest/services/stations_SNTL_ACTIVE/FeatureServer/0" }, "geometry": { "type": "Point", "coordinates": [ -114.613300000351998, 39.163370000287799 ] } },
{ "type": "Feature", "properties": { "station_uid": "NRCS_snotel_1204", "station_name": "Columbia Basin", "station_type": "snotel", "station_type_label": "SNOTEL", "network_group": "Snow / soil climate stations", "provider": "USDA NRCS NWCC", "source_system": "NRCS NWCC", "source_layer": "stations_SNTL_ACTIVE", "station_id": "1204", "site_num": "1204", "station_triplet": "1204:NV:SNTL", "shef_id": "CMBN2", "cdec_id": null, "operator_agency": "USDA NRCS NWCC", "owner_agency": null, "state": "NV", "county": "Elko", "basin": null, "huc": "170501050503", "elevation_ft": 6490.0, "latitude": 41.67167, "longitude": -116.0703, "start_date": "1324598400000", "end_date": "4102444800000", "status": "active", "site_page_url": "https://wcc.sc.egov.usda.gov/nwcc/site?sitenum=1204", "data_page_url": "https://wcc.sc.egov.usda.gov/nwcc/site?sitenum=1204", "source_url": "https://services.arcgis.com/SXbDpmb7xQkk44JV/ArcGIS/rest/services/stations_SNTL_ACTIVE/FeatureServer/0" }, "geometry": { "type": "Point", "coordinates": [ -116.070330000129999, 41.671669999545102 ] } },
{ "type": "Feature", "properties": { "station_uid": "NRCS_snotel_1209", "station_name": "Corduroy Flat", "station_type": "snotel", "station_type_label": "SNOTEL", "network_group": "Snow / soil climate stations", "provider": "USDA NRCS NWCC", "source_system": "NRCS NWCC", "source_layer": "stations_SNTL_ACTIVE", "station_id": "1209", "site_num": "1209", "station_triplet": "1209:NV:SNTL", "shef_id": "CORN2", "cdec_id": null, "operator_agency": "USDA NRCS NWCC", "owner_agency": null, "state": "NV", "county": "White Pine", "basin": null, "huc": "160600121206", "elevation_ft": 8640.0, "latitude": 38.99651, "longitude": -115.4248, "start_date": "1324630800000", "end_date": "4102444800000", "status": "active", "site_page_url": "https://wcc.sc.egov.usda.gov/nwcc/site?sitenum=1209", "data_page_url": "https://wcc.sc.egov.usda.gov/nwcc/site?sitenum=1209", "source_url": "https://services.arcgis.com/SXbDpmb7xQkk44JV/ArcGIS/rest/services/stations_SNTL_ACTIVE/FeatureServer/0" }, "geometry": { "type": "Point", "coordinates": [ -115.424779999959995, 38.996510000175498 ] } },
{ "type": "Feature", "properties": { "station_uid": "NRCS_snotel_417", "station_name": "Corral Canyon", "station_type": "snotel", "station_type_label": "SNOTEL", "network_group": "Snow / soil climate stations", "provider": "USDA NRCS NWCC", "source_system": "NRCS NWCC", "source_layer": "stations_SNTL_ACTIVE", "station_id": "417", "site_num": "417", "station_triplet": "417:NV:SNTL", "shef_id": "COLN2", "cdec_id": null, "operator_agency": "USDA NRCS NWCC", "owner_agency": null, "state": "NV", "county": "Elko", "basin": null, "huc": "160401030401", "elevation_ft": 8440.0, "latitude": 40.27551, "longitude": -115.5402, "start_date": "2.76048e+11", "end_date": "4102444800000", "status": "active", "site_page_url": "https://wcc.sc.egov.usda.gov/nwcc/site?sitenum=417", "data_page_url": "https://wcc.sc.egov.usda.gov/nwcc/site?sitenum=417", "source_url": "https://services.arcgis.com/SXbDpmb7xQkk44JV/ArcGIS/rest/services/stations_SNTL_ACTIVE/FeatureServer/0" }, "geometry": { "type": "Point", "coordinates": [ -115.540169999992003, 40.275510000121102 ] } },
{ "type": "Feature", "properties": { "station_uid": "NRCS_snotel_1210", "station_name": "Defiance Mines", "station_type": "snotel", "station_type_label": "SNOTEL", "network_group": "Snow / soil climate stations", "provider": "USDA NRCS NWCC", "source_system": "NRCS NWCC", "source_layer": "stations_SNTL_ACTIVE", "station_id": "1210", "site_num": "1210", "station_triplet": "1210:NV:SNTL", "shef_id": "DEFN2", "cdec_id": null, "operator_agency": "USDA NRCS NWCC", "owner_agency": null, "state": "NV", "county": "White Pine", "basin": null, "huc": "160600081002", "elevation_ft": 9310.0, "latitude": 39.08527, "longitude": -114.8998, "start_date": "1.324512e+12", "end_date": "4102444800000", "status": "active", "site_page_url": "https://wcc.sc.egov.usda.gov/nwcc/site?sitenum=1210", "data_page_url": "https://wcc.sc.egov.usda.gov/nwcc/site?sitenum=1210", "source_url": "https://services.arcgis.com/SXbDpmb7xQkk44JV/ArcGIS/rest/services/stations_SNTL_ACTIVE/FeatureServer/0" }, "geometry": { "type": "Point", "coordinates": [ -114.899770000405994, 39.085269999666501 ] } },
{ "type": "Feature", "properties": { "station_uid": "NRCS_snotel_443", "station_name": "Diamond Peak", "station_type": "snotel", "station_type_label": "SNOTEL", "network_group": "Snow / soil climate stations", "provider": "USDA NRCS NWCC", "source_system": "NRCS NWCC", "source_layer": "stations_SNTL_ACTIVE", "station_id": "443", "site_num": "443", "station_triplet": "443:NV:SNTL", "shef_id": "DPKN2", "cdec_id": null, "operator_agency": "USDA NRCS NWCC", "owner_agency": null, "state": "NV", "county": "Eureka", "basin": null, "huc": "160600051503", "elevation_ft": 8030.0, "latitude": 39.56361, "longitude": -115.8442, "start_date": "433814400000", "end_date": "4102444800000", "status": "active", "site_page_url": "https://wcc.sc.egov.usda.gov/nwcc/site?sitenum=443", "data_page_url": "https://wcc.sc.egov.usda.gov/nwcc/site?sitenum=443", "source_url": "https://services.arcgis.com/SXbDpmb7xQkk44JV/ArcGIS/rest/services/stations_SNTL_ACTIVE/FeatureServer/0" }, "geometry": { "type": "Point", "coordinates": [ -115.844210000423999, 39.563610000144998 ] } },
{ "type": "Feature", "properties": { "station_uid": "NRCS_snotel_445", "station_name": "Disaster Peak", "station_type": "snotel", "station_type_label": "SNOTEL", "network_group": "Snow / soil climate stations", "provider": "USDA NRCS NWCC", "source_system": "NRCS NWCC", "source_layer": "stations_SNTL_ACTIVE", "station_id": "445", "site_num": "445", "station_triplet": "445:NV:SNTL", "shef_id": "DSPN2", "cdec_id": null, "operator_agency": "USDA NRCS NWCC", "owner_agency": null, "state": "NV", "county": "Humboldt", "basin": null, "huc": "160402010201", "elevation_ft": 6260.0, "latitude": 41.96737, "longitude": -118.1893, "start_date": "339206400000", "end_date": "4102444800000", "status": "active", "site_page_url": "https://wcc.sc.egov.usda.gov/nwcc/site?sitenum=445", "data_page_url": "https://wcc.sc.egov.usda.gov/nwcc/site?sitenum=445", "source_url": "https://services.arcgis.com/SXbDpmb7xQkk44JV/ArcGIS/rest/services/stations_SNTL_ACTIVE/FeatureServer/0" }, "geometry": { "type": "Point", "coordinates": [ -118.189339999810997, 41.967369999743298 ] } },
{ "type": "Feature", "properties": { "station_uid": "NRCS_snotel_453", "station_name": "Dorsey Basin", "station_type": "snotel", "station_type_label": "SNOTEL", "network_group": "Snow / soil climate stations", "provider": "USDA NRCS NWCC", "source_system": "NRCS NWCC", "source_layer": "stations_SNTL_ACTIVE", "station_id": "453", "site_num": "453", "station_triplet": "453:NV:SNTL", "shef_id": "DRBN2", "cdec_id": null, "operator_agency": "USDA NRCS NWCC", "owner_agency": null, "state": "NV", "county": "Elko", "basin": null, "huc": "160401010604", "elevation_ft": 7900.0, "latitude": 40.89343, "longitude": -115.211, "start_date": "2.76048e+11", "end_date": "4102444800000", "status": "active", "site_page_url": "https://wcc.sc.egov.usda.gov/nwcc/site?sitenum=453", "data_page_url": "https://wcc.sc.egov.usda.gov/nwcc/site?sitenum=453", "source_url": "https://services.arcgis.com/SXbDpmb7xQkk44JV/ArcGIS/rest/services/stations_SNTL_ACTIVE/FeatureServer/0" }, "geometry": { "type": "Point", "coordinates": [ -115.211040000083997, 40.893430000285797 ] } },
{ "type": "Feature", "properties": { "station_uid": "NRCS_snotel_454", "station_name": "Draw Creek", "station_type": "snotel", "station_type_label": "SNOTEL", "network_group": "Snow / soil climate stations", "provider": "USDA NRCS NWCC", "source_system": "NRCS NWCC", "source_layer": "stations_SNTL_ACTIVE", "station_id": "454", "site_num": "454", "station_triplet": "454:NV:SNTL", "shef_id": "DRCN2", "cdec_id": null, "operator_agency": "USDA NRCS NWCC", "owner_agency": null, "state": "NV", "county": "Elko", "basin": null, "huc": "160401010403", "elevation_ft": 7300.0, "latitude": 41.661, "longitude": -115.3234, "start_date": "433814400000", "end_date": "4102444800000", "status": "active", "site_page_url": "https://wcc.sc.egov.usda.gov/nwcc/site?sitenum=454", "data_page_url": "https://wcc.sc.egov.usda.gov/nwcc/site?sitenum=454", "source_url": "https://services.arcgis.com/SXbDpmb7xQkk44JV/ArcGIS/rest/services/stations_SNTL_ACTIVE/FeatureServer/0" }, "geometry": { "type": "Point", "coordinates": [ -115.323399999795001, 41.661000000480499 ] } },
{ "type": "Feature", "properties": { "station_uid": "NRCS_snotel_1243", "station_name": "Dry Creek", "station_type": "snotel", "station_type_label": "SNOTEL", "network_group": "Snow / soil climate stations", "provider": "USDA NRCS NWCC", "source_system": "NRCS NWCC", "source_layer": "stations_SNTL_ACTIVE", "station_id": "1243", "site_num": "1243", "station_triplet": "1243:NV:SNTL", "shef_id": "DRKN2", "cdec_id": null, "operator_agency": "USDA NRCS NWCC", "owner_agency": null, "state": "NV", "county": "Elko", "basin": null, "huc": "160401010601", "elevation_ft": 6550.0, "latitude": 40.8638, "longitude": -115.2201, "start_date": "1380585600000", "end_date": "4102444800000", "status": "active", "site_page_url": "https://wcc.sc.egov.usda.gov/nwcc/site?sitenum=1243", "data_page_url": "https://wcc.sc.egov.usda.gov/nwcc/site?sitenum=1243", "source_url": "https://services.arcgis.com/SXbDpmb7xQkk44JV/ArcGIS/rest/services/stations_SNTL_ACTIVE/FeatureServer/0" }, "geometry": { "type": "Point", "coordinates": [ -115.220140000468007, 40.863800000073802 ] } },
{ "type": "Feature", "properties": { "station_uid": "NRCS_snotel_476", "station_name": "Fawn Creek", "station_type": "snotel", "station_type_label": "SNOTEL", "network_group": "Snow / soil climate stations", "provider": "USDA NRCS NWCC", "source_system": "NRCS NWCC", "source_layer": "stations_SNTL_ACTIVE", "station_id": "476", "site_num": "476", "station_triplet": "476:NV:SNTL", "shef_id": "FWCN2", "cdec_id": null, "operator_agency": "USDA NRCS NWCC", "owner_agency": null, "state": "NV", "county": "Elko", "basin": null, "huc": "170501040304", "elevation_ft": 7040.0, "latitude": 41.82098, "longitude": -116.1015, "start_date": "339206400000", "end_date": "4102444800000", "status": "active", "site_page_url": "https://wcc.sc.egov.usda.gov/nwcc/site?sitenum=476", "data_page_url": "https://wcc.sc.egov.usda.gov/nwcc/site?sitenum=476", "source_url": "https://services.arcgis.com/SXbDpmb7xQkk44JV/ArcGIS/rest/services/stations_SNTL_ACTIVE/FeatureServer/0" }, "geometry": { "type": "Point", "coordinates": [ -116.101530000653995, 41.820980000184697 ] } },
{ "type": "Feature", "properties": { "station_uid": "NRCS_snotel_1262", "station_name": "Fry Canyon", "station_type": "snotel", "station_type_label": "SNOTEL", "network_group": "Snow / soil climate stations", "provider": "USDA NRCS NWCC", "source_system": "NRCS NWCC", "source_layer": "stations_SNTL_ACTIVE", "station_id": "1262", "site_num": "1262", "station_triplet": "1262:NV:SNTL", "shef_id": "FRYN2", "cdec_id": null, "operator_agency": "USDA NRCS NWCC", "owner_agency": null, "state": "NV", "county": "Elko", "basin": null, "huc": "160401020101", "elevation_ft": 6790.0, "latitude": 41.58008, "longitude": -115.9364, "start_date": "1412726400000", "end_date": "4102444800000", "status": "active", "site_page_url": "https://wcc.sc.egov.usda.gov/nwcc/site?sitenum=1262", "data_page_url": "https://wcc.sc.egov.usda.gov/nwcc/site?sitenum=1262", "source_url": "https://services.arcgis.com/SXbDpmb7xQkk44JV/ArcGIS/rest/services/stations_SNTL_ACTIVE/FeatureServer/0" }, "geometry": { "type": "Point", "coordinates": [ -115.936400000345998, 41.580079999891502 ] } },
{ "type": "Feature", "properties": { "station_uid": "NRCS_snotel_1195", "station_name": "Golconda", "station_type": "snotel", "station_type_label": "SNOTEL", "network_group": "Snow / soil climate stations", "provider": "USDA NRCS NWCC", "source_system": "NRCS NWCC", "source_layer": "stations_SNTL_ACTIVE", "station_id": "1195", "site_num": "1195", "station_triplet": "1195:NV:SNTL", "shef_id": "GLCN2", "cdec_id": null, "operator_agency": "USDA NRCS NWCC", "owner_agency": null, "state": "NV", "county": "Humboldt", "basin": null, "huc": "160401080102", "elevation_ft": 6640.0, "latitude": 40.88358, "longitude": -117.5881, "start_date": "1317427200000", "end_date": "4102444800000", "status": "active", "site_page_url": "https://wcc.sc.egov.usda.gov/nwcc/site?sitenum=1195", "data_page_url": "https://wcc.sc.egov.usda.gov/nwcc/site?sitenum=1195", "source_url": "https://services.arcgis.com/SXbDpmb7xQkk44JV/ArcGIS/rest/services/stations_SNTL_ACTIVE/FeatureServer/0" }, "geometry": { "type": "Point", "coordinates": [ -117.588120000047994, 40.8835799995516 ] } },
{ "type": "Feature", "properties": { "station_uid": "NRCS_snotel_498", "station_name": "Granite Peak", "station_type": "snotel", "station_type_label": "SNOTEL", "network_group": "Snow / soil climate stations", "provider": "USDA NRCS NWCC", "source_system": "NRCS NWCC", "source_layer": "stations_SNTL_ACTIVE", "station_id": "498", "site_num": "498", "station_triplet": "498:NV:SNTL", "shef_id": "GRPN2", "cdec_id": null, "operator_agency": "USDA NRCS NWCC", "owner_agency": null, "state": "NV", "county": "Humboldt", "basin": null, "huc": "160401090601", "elevation_ft": 8500.0, "latitude": 41.67032, "longitude": -117.5667, "start_date": "339206400000", "end_date": "4102444800000", "status": "active", "site_page_url": "https://wcc.sc.egov.usda.gov/nwcc/site?sitenum=498", "data_page_url": "https://wcc.sc.egov.usda.gov/nwcc/site?sitenum=498", "source_url": "https://services.arcgis.com/SXbDpmb7xQkk44JV/ArcGIS/rest/services/stations_SNTL_ACTIVE/FeatureServer/0" }, "geometry": { "type": "Point", "coordinates": [ -117.566679999659002, 41.670319999852602 ] } },
{ "type": "Feature", "properties": { "station_uid": "NRCS_snotel_503", "station_name": "Green Mountain", "station_type": "snotel", "station_type_label": "SNOTEL", "network_group": "Snow / soil climate stations", "provider": "USDA NRCS NWCC", "source_system": "NRCS NWCC", "source_layer": "stations_SNTL_ACTIVE", "station_id": "503", "site_num": "503", "station_triplet": "503:NV:SNTL", "shef_id": "GRMN2", "cdec_id": null, "operator_agency": "USDA NRCS NWCC", "owner_agency": null, "state": "NV", "county": "Elko", "basin": null, "huc": "160401030401", "elevation_ft": 8180.0, "latitude": 40.3848, "longitude": -115.5276, "start_date": "339206400000", "end_date": "4102444800000", "status": "active", "site_page_url": "https://wcc.sc.egov.usda.gov/nwcc/site?sitenum=503", "data_page_url": "https://wcc.sc.egov.usda.gov/nwcc/site?sitenum=503", "source_url": "https://services.arcgis.com/SXbDpmb7xQkk44JV/ArcGIS/rest/services/stations_SNTL_ACTIVE/FeatureServer/0" }, "geometry": { "type": "Point", "coordinates": [ -115.527570000241994, 40.384800000335296 ] } },
{ "type": "Feature", "properties": { "station_uid": "NRCS_snotel_527", "station_name": "Hole-in-Mountain", "station_type": "snotel", "station_type_label": "SNOTEL", "network_group": "Snow / soil climate stations", "provider": "USDA NRCS NWCC", "source_system": "NRCS NWCC", "source_layer": "stations_SNTL_ACTIVE", "station_id": "527", "site_num": "527", "station_triplet": "527:NV:SNTL", "shef_id": "HIMN2", "cdec_id": null, "operator_agency": "USDA NRCS NWCC", "owner_agency": null, "state": "NV", "county": "Elko", "basin": null, "huc": "160600071602", "elevation_ft": 8170.0, "latitude": 40.94168, "longitude": -115.0954, "start_date": "370742400000", "end_date": "4102444800000", "status": "active", "site_page_url": "https://wcc.sc.egov.usda.gov/nwcc/site?sitenum=527", "data_page_url": "https://wcc.sc.egov.usda.gov/nwcc/site?sitenum=527", "source_url": "https://services.arcgis.com/SXbDpmb7xQkk44JV/ArcGIS/rest/services/stations_SNTL_ACTIVE/FeatureServer/0" }, "geometry": { "type": "Point", "coordinates": [ -115.095400000130994, 40.941679999590797 ] } },
{ "type": "Feature", "properties": { "station_uid": "NRCS_snotel_548", "station_name": "Jack Creek Upper", "station_type": "snotel", "station_type_label": "SNOTEL", "network_group": "Snow / soil climate stations", "provider": "USDA NRCS NWCC", "source_system": "NRCS NWCC", "source_layer": "stations_SNTL_ACTIVE", "station_id": "548", "site_num": "548", "station_triplet": "548:NV:SNTL", "shef_id": "JCUN2", "cdec_id": null, "operator_agency": "USDA NRCS NWCC", "owner_agency": null, "state": "NV", "county": "Elko", "basin": null, "huc": "170501050201", "elevation_ft": 7380.0, "latitude": 41.54675, "longitude": -116.0052, "start_date": "2.76048e+11", "end_date": "4102444800000", "status": "active", "site_page_url": "https://wcc.sc.egov.usda.gov/nwcc/site?sitenum=548", "data_page_url": "https://wcc.sc.egov.usda.gov/nwcc/site?sitenum=548", "source_url": "https://services.arcgis.com/SXbDpmb7xQkk44JV/ArcGIS/rest/services/stations_SNTL_ACTIVE/FeatureServer/0" }, "geometry": { "type": "Point", "coordinates": [ -116.005170000473996, 41.546750000006398 ] } },
{ "type": "Feature", "properties": { "station_uid": "NRCS_snotel_549", "station_name": "Jacks Peak", "station_type": "snotel", "station_type_label": "SNOTEL", "network_group": "Snow / soil climate stations", "provider": "USDA NRCS NWCC", "source_system": "NRCS NWCC", "source_layer": "stations_SNTL_ACTIVE", "station_id": "549", "site_num": "549", "station_triplet": "549:NV:SNTL", "shef_id": "JAPN2", "cdec_id": null, "operator_agency": "USDA NRCS NWCC", "owner_agency": null, "state": "NV", "county": "Elko", "basin": null, "huc": "170501050201", "elevation_ft": 8440.0, "latitude": 41.5136, "longitude": -116.0117, "start_date": "370742400000", "end_date": "4102444800000", "status": "active", "site_page_url": "https://wcc.sc.egov.usda.gov/nwcc/site?sitenum=549", "data_page_url": "https://wcc.sc.egov.usda.gov/nwcc/site?sitenum=549", "source_url": "https://services.arcgis.com/SXbDpmb7xQkk44JV/ArcGIS/rest/services/stations_SNTL_ACTIVE/FeatureServer/0" }, "geometry": { "type": "Point", "coordinates": [ -116.011700000171999, 41.513599999984798 ] } },
{ "type": "Feature", "properties": { "station_uid": "NRCS_snotel_1211", "station_name": "Jakes Creek", "station_type": "snotel", "station_type_label": "SNOTEL", "network_group": "Snow / soil climate stations", "provider": "USDA NRCS NWCC", "source_system": "NRCS NWCC", "source_layer": "stations_SNTL_ACTIVE", "station_id": "1211", "site_num": "1211", "station_triplet": "1211:NV:SNTL", "shef_id": "JAKN2", "cdec_id": null, "operator_agency": "USDA NRCS NWCC", "owner_agency": null, "state": "NV", "county": "Elko", "basin": null, "huc": "170402130308", "elevation_ft": 7380.0, "latitude": 41.5687, "longitude": -115.0324, "start_date": "1324598400000", "end_date": "4102444800000", "status": "active", "site_page_url": "https://wcc.sc.egov.usda.gov/nwcc/site?sitenum=1211", "data_page_url": "https://wcc.sc.egov.usda.gov/nwcc/site?sitenum=1211", "source_url": "https://services.arcgis.com/SXbDpmb7xQkk44JV/ArcGIS/rest/services/stations_SNTL_ACTIVE/FeatureServer/0" }, "geometry": { "type": "Point", "coordinates": [ -115.032430000207995, 41.5686999999214 ] } },
{ "type": "Feature", "properties": { "station_uid": "NRCS_snotel_1150", "station_name": "Kalamazoo", "station_type": "snotel", "station_type_label": "SNOTEL", "network_group": "Snow / soil climate stations", "provider": "USDA NRCS NWCC", "source_system": "NRCS NWCC", "source_layer": "stations_SNTL_ACTIVE", "station_id": "1150", "site_num": "1150", "station_triplet": "1150:NV:SNTL", "shef_id": "KALN2", "cdec_id": null, "operator_agency": "USDA NRCS NWCC", "owner_agency": null, "state": "NV", "county": "White Pine", "basin": null, "huc": "160600080700", "elevation_ft": 7740.0, "latitude": 39.5579, "longitude": -114.6276, "start_date": "1317427200000", "end_date": "4102444800000", "status": "active", "site_page_url": "https://wcc.sc.egov.usda.gov/nwcc/site?sitenum=1150", "data_page_url": "https://wcc.sc.egov.usda.gov/nwcc/site?sitenum=1150", "source_url": "https://services.arcgis.com/SXbDpmb7xQkk44JV/ArcGIS/rest/services/stations_SNTL_ACTIVE/FeatureServer/0" }, "geometry": { "type": "Point", "coordinates": [ -114.627619999686004, 39.557900000078902 ] } },
{ "type": "Feature", "properties": { "station_uid": "NRCS_snotel_569", "station_name": "Lamance Creek", "station_type": "snotel", "station_type_label": "SNOTEL", "network_group": "Snow / soil climate stations", "provider": "USDA NRCS NWCC", "source_system": "NRCS NWCC", "source_layer": "stations_SNTL_ACTIVE", "station_id": "569", "site_num": "569", "station_triplet": "569:NV:SNTL", "shef_id": "LMCN2", "cdec_id": null, "operator_agency": "USDA NRCS NWCC", "owner_agency": null, "state": "NV", "county": "Humboldt", "basin": null, "huc": "160401090603", "elevation_ft": 6390.0, "latitude": 41.51542, "longitude": -117.632, "start_date": "339206400000", "end_date": "4102444800000", "status": "active", "site_page_url": "https://wcc.sc.egov.usda.gov/nwcc/site?sitenum=569", "data_page_url": "https://wcc.sc.egov.usda.gov/nwcc/site?sitenum=569", "source_url": "https://services.arcgis.com/SXbDpmb7xQkk44JV/ArcGIS/rest/services/stations_SNTL_ACTIVE/FeatureServer/0" }, "geometry": { "type": "Point", "coordinates": [ -117.631969999884006, 41.515420000310201 ] } },
{ "type": "Feature", "properties": { "station_uid": "NRCS_snotel_570", "station_name": "Lamoille #3", "station_type": "snotel", "station_type_label": "SNOTEL", "network_group": "Snow / soil climate stations", "provider": "USDA NRCS NWCC", "source_system": "NRCS NWCC", "source_layer": "stations_SNTL_ACTIVE", "station_id": "570", "site_num": "570", "station_triplet": "570:NV:SNTL", "shef_id": "LMLN2", "cdec_id": null, "operator_agency": "USDA NRCS NWCC", "owner_agency": null, "state": "NV", "county": "Elko", "basin": null, "huc": "160401010607", "elevation_ft": 8040.0, "latitude": 40.6448, "longitude": -115.3812, "start_date": "339206400000", "end_date": "4102444800000", "status": "active", "site_page_url": "https://wcc.sc.egov.usda.gov/nwcc/site?sitenum=570", "data_page_url": "https://wcc.sc.egov.usda.gov/nwcc/site?sitenum=570", "source_url": "https://services.arcgis.com/SXbDpmb7xQkk44JV/ArcGIS/rest/services/stations_SNTL_ACTIVE/FeatureServer/0" }, "geometry": { "type": "Point", "coordinates": [ -115.381199999635001, 40.6448000001213 ] } },
{ "type": "Feature", "properties": { "station_uid": "NRCS_snotel_1310", "station_name": "Lamoille Upper", "station_type": "snotel", "station_type_label": "SNOTEL", "network_group": "Snow / soil climate stations", "provider": "USDA NRCS NWCC", "source_system": "NRCS NWCC", "source_layer": "stations_SNTL_ACTIVE", "station_id": "1310", "site_num": "1310", "station_triplet": "1310:NV:SNTL", "shef_id": null, "cdec_id": null, "operator_agency": "USDA NRCS NWCC", "owner_agency": null, "state": "NV", "county": "Elko", "basin": null, "huc": "160401010607", "elevation_ft": 8990.0, "latitude": 40.59965, "longitude": -115.379, "start_date": "1660089600000", "end_date": "4102444800000", "status": "active", "site_page_url": "https://wcc.sc.egov.usda.gov/nwcc/site?sitenum=1310", "data_page_url": "https://wcc.sc.egov.usda.gov/nwcc/site?sitenum=1310", "source_url": "https://services.arcgis.com/SXbDpmb7xQkk44JV/ArcGIS/rest/services/stations_SNTL_ACTIVE/FeatureServer/0" }, "geometry": { "type": "Point", "coordinates": [ -115.379019999814005, 40.599650000192398 ] } },
{ "type": "Feature", "properties": { "station_uid": "NRCS_snotel_573", "station_name": "Laurel Draw", "station_type": "snotel", "station_type_label": "SNOTEL", "network_group": "Snow / soil climate stations", "provider": "USDA NRCS NWCC", "source_system": "NRCS NWCC", "source_layer": "stations_SNTL_ACTIVE", "station_id": "573", "site_num": "573", "station_triplet": "573:NV:SNTL", "shef_id": "LADN2", "cdec_id": null, "operator_agency": "USDA NRCS NWCC", "owner_agency": null, "state": "NV", "county": "Elko", "basin": null, "huc": "170501040202", "elevation_ft": 6680.0, "latitude": 41.77637, "longitude": -116.0296, "start_date": "3.07584e+11", "end_date": "4102444800000", "status": "active", "site_page_url": "https://wcc.sc.egov.usda.gov/nwcc/site?sitenum=573", "data_page_url": "https://wcc.sc.egov.usda.gov/nwcc/site?sitenum=573", "source_url": "https://services.arcgis.com/SXbDpmb7xQkk44JV/ArcGIS/rest/services/stations_SNTL_ACTIVE/FeatureServer/0" }, "geometry": { "type": "Point", "coordinates": [ -116.029570000468993, 41.776370000190298 ] } },
{ "type": "Feature", "properties": { "station_uid": "NRCS_snotel_1112", "station_name": "Lee Canyon", "station_type": "snotel", "station_type_label": "SNOTEL", "network_group": "Snow / soil climate stations", "provider": "USDA NRCS NWCC", "source_system": "NRCS NWCC", "source_layer": "stations_SNTL_ACTIVE", "station_id": "1112", "site_num": "1112", "station_triplet": "1112:NV:SNTL", "shef_id": "LCAN2", "cdec_id": null, "operator_agency": "USDA NRCS NWCC", "owner_agency": null, "state": "NV", "county": "Clark", "basin": null, "huc": "150100150206", "elevation_ft": 8620.0, "latitude": 36.30537, "longitude": -115.6751, "start_date": "1222819200000", "end_date": "4102444800000", "status": "active", "site_page_url": "https://wcc.sc.egov.usda.gov/nwcc/site?sitenum=1112", "data_page_url": "https://wcc.sc.egov.usda.gov/nwcc/site?sitenum=1112", "source_url": "https://services.arcgis.com/SXbDpmb7xQkk44JV/ArcGIS/rest/services/stations_SNTL_ACTIVE/FeatureServer/0" }, "geometry": { "type": "Point", "coordinates": [ -115.675080000256997, 36.305370000204 ] } },
{ "type": "Feature", "properties": { "station_uid": "NRCS_snotel_1006", "station_name": "Lewis Peak", "station_type": "snotel", "station_type_label": "SNOTEL", "network_group": "Snow / soil climate stations", "provider": "USDA NRCS NWCC", "source_system": "NRCS NWCC", "source_layer": "stations_SNTL_ACTIVE", "station_id": "1006", "site_num": "1006", "station_triplet": "1006:NV:SNTL", "shef_id": "LWPN2", "cdec_id": null, "operator_agency": "USDA NRCS NWCC", "owner_agency": null, "state": "NV", "county": "Lander", "basin": null, "huc": "160401070903", "elevation_ft": 7370.0, "latitude": 40.3572, "longitude": -116.8647, "start_date": "970358400000", "end_date": "4102444800000", "status": "active", "site_page_url": "https://wcc.sc.egov.usda.gov/nwcc/site?sitenum=1006", "data_page_url": "https://wcc.sc.egov.usda.gov/nwcc/site?sitenum=1006", "source_url": "https://services.arcgis.com/SXbDpmb7xQkk44JV/ArcGIS/rest/services/stations_SNTL_ACTIVE/FeatureServer/0" }, "geometry": { "type": "Point", "coordinates": [ -116.864700000100996, 40.357200000420001 ] } },
{ "type": "Feature", "properties": { "station_uid": "NRCS_snotel_1242", "station_name": "Little Valley", "station_type": "snotel", "station_type_label": "SNOTEL", "network_group": "Snow / soil climate stations", "provider": "USDA NRCS NWCC", "source_system": "NRCS NWCC", "source_layer": "stations_SNTL_ACTIVE", "station_id": "1242", "site_num": "1242", "station_triplet": "1242:NV:SNTL", "shef_id": "LTVN2", "cdec_id": null, "operator_agency": "USDA NRCS NWCC", "owner_agency": null, "state": "NV", "county": "Washoe", "basin": null, "huc": "160501020301", "elevation_ft": 6500.0, "latitude": 39.25259, "longitude": -119.8771, "start_date": "1380585600000", "end_date": "4102444800000", "status": "active", "site_page_url": "https://wcc.sc.egov.usda.gov/nwcc/site?sitenum=1242", "data_page_url": "https://wcc.sc.egov.usda.gov/nwcc/site?sitenum=1242", "source_url": "https://services.arcgis.com/SXbDpmb7xQkk44JV/ArcGIS/rest/services/stations_SNTL_ACTIVE/FeatureServer/0" }, "geometry": { "type": "Point", "coordinates": [ -119.877100000396993, 39.252589999541797 ] } },
{ "type": "Feature", "properties": { "station_uid": "NRCS_snotel_615", "station_name": "Marlette Lake", "station_type": "snotel", "station_type_label": "SNOTEL", "network_group": "Snow / soil climate stations", "provider": "USDA NRCS NWCC", "source_system": "NRCS NWCC", "source_layer": "stations_SNTL_ACTIVE", "station_id": "615", "site_num": "615", "station_triplet": "615:NV:SNTL", "shef_id": "MRLN2", "cdec_id": null, "operator_agency": "USDA NRCS NWCC", "owner_agency": null, "state": "NV", "county": "Carson City", "basin": null, "huc": "160501010201", "elevation_ft": 7860.0, "latitude": 39.16395, "longitude": -119.8967, "start_date": "2.76048e+11", "end_date": "4102444800000", "status": "active", "site_page_url": "https://wcc.sc.egov.usda.gov/nwcc/site?sitenum=615", "data_page_url": "https://wcc.sc.egov.usda.gov/nwcc/site?sitenum=615", "source_url": "https://services.arcgis.com/SXbDpmb7xQkk44JV/ArcGIS/rest/services/stations_SNTL_ACTIVE/FeatureServer/0" }, "geometry": { "type": "Point", "coordinates": [ -119.896720000452007, 39.163949999931503 ] } },
{ "type": "Feature", "properties": { "station_uid": "NRCS_snotel_1207", "station_name": "Merritt Mountain", "station_type": "snotel", "station_type_label": "SNOTEL", "network_group": "Snow / soil climate stations", "provider": "USDA NRCS NWCC", "source_system": "NRCS NWCC", "source_layer": "stations_SNTL_ACTIVE", "station_id": "1207", "site_num": "1207", "station_triplet": "1207:NV:SNTL", "shef_id": "MERN2", "cdec_id": null, "operator_agency": "USDA NRCS NWCC", "owner_agency": null, "state": "NV", "county": "Elko", "basin": null, "huc": "170501020601", "elevation_ft": 6920.0, "latitude": 41.8927, "longitude": -115.858, "start_date": "1324598400000", "end_date": "4102444800000", "status": "active", "site_page_url": "https://wcc.sc.egov.usda.gov/nwcc/site?sitenum=1207", "data_page_url": "https://wcc.sc.egov.usda.gov/nwcc/site?sitenum=1207", "source_url": "https://services.arcgis.com/SXbDpmb7xQkk44JV/ArcGIS/rest/services/stations_SNTL_ACTIVE/FeatureServer/0" }, "geometry": { "type": "Point", "coordinates": [ -115.857999999856006, 41.892700000103197 ] } },
{ "type": "Feature", "properties": { "station_uid": "NRCS_snotel_1206", "station_name": "Midas", "station_type": "snotel", "station_type_label": "SNOTEL", "network_group": "Snow / soil climate stations", "provider": "USDA NRCS NWCC", "source_system": "NRCS NWCC", "source_layer": "stations_SNTL_ACTIVE", "station_id": "1206", "site_num": "1206", "station_triplet": "1206:NV:SNTL", "shef_id": "MDSN2", "cdec_id": null, "operator_agency": "USDA NRCS NWCC", "owner_agency": null, "state": "NV", "county": "Elko", "basin": null, "huc": "160401060402", "elevation_ft": 6630.0, "latitude": 41.26873, "longitude": -116.8033, "start_date": "1324598400000", "end_date": "4102444800000", "status": "active", "site_page_url": "https://wcc.sc.egov.usda.gov/nwcc/site?sitenum=1206", "data_page_url": "https://wcc.sc.egov.usda.gov/nwcc/site?sitenum=1206", "source_url": "https://services.arcgis.com/SXbDpmb7xQkk44JV/ArcGIS/rest/services/stations_SNTL_ACTIVE/FeatureServer/0" }, "geometry": { "type": "Point", "coordinates": [ -116.803319999741007, 41.268729999952399 ] } },
{ "type": "Feature", "properties": { "station_uid": "NRCS_snotel_652", "station_name": "Mt Rose Ski Area", "station_type": "snotel", "station_type_label": "SNOTEL", "network_group": "Snow / soil climate stations", "provider": "USDA NRCS NWCC", "source_system": "NRCS NWCC", "source_layer": "stations_SNTL_ACTIVE", "station_id": "652", "site_num": "652", "station_triplet": "652:NV:SNTL", "shef_id": "MRSN2", "cdec_id": null, "operator_agency": "USDA NRCS NWCC", "owner_agency": null, "state": "NV", "county": "Washoe", "basin": null, "huc": "160501020304", "elevation_ft": 8810.0, "latitude": 39.31573, "longitude": -119.8947, "start_date": "339206400000", "end_date": "4102444800000", "status": "active", "site_page_url": "https://wcc.sc.egov.usda.gov/nwcc/site?sitenum=652", "data_page_url": "https://wcc.sc.egov.usda.gov/nwcc/site?sitenum=652", "source_url": "https://services.arcgis.com/SXbDpmb7xQkk44JV/ArcGIS/rest/services/stations_SNTL_ACTIVE/FeatureServer/0" }, "geometry": { "type": "Point", "coordinates": [ -119.894730000002994, 39.3157299999489 ] } },
{ "type": "Feature", "properties": { "station_uid": "NRCS_snotel_1272", "station_name": "ONeil Creek", "station_type": "snotel", "station_type_label": "SNOTEL", "network_group": "Snow / soil climate stations", "provider": "USDA NRCS NWCC", "source_system": "NRCS NWCC", "source_layer": "stations_SNTL_ACTIVE", "station_id": "1272", "site_num": "1272", "station_triplet": "1272:NV:SNTL", "shef_id": "ONLN2", "cdec_id": null, "operator_agency": "USDA NRCS NWCC", "owner_agency": null, "state": "NV", "county": "Elko", "basin": null, "huc": "170402130106", "elevation_ft": 6490.0, "latitude": 41.86411, "longitude": -115.0825, "start_date": "1528329600000", "end_date": "4102444800000", "status": "active", "site_page_url": "https://wcc.sc.egov.usda.gov/nwcc/site?sitenum=1272", "data_page_url": "https://wcc.sc.egov.usda.gov/nwcc/site?sitenum=1272", "source_url": "https://services.arcgis.com/SXbDpmb7xQkk44JV/ArcGIS/rest/services/stations_SNTL_ACTIVE/FeatureServer/0" }, "geometry": { "type": "Point", "coordinates": [ -115.082509999452995, 41.864109999739902 ] } },
{ "type": "Feature", "properties": { "station_uid": "NRCS_snotel_1244", "station_name": "Pole Canyon", "station_type": "snotel", "station_type_label": "SNOTEL", "network_group": "Snow / soil climate stations", "provider": "USDA NRCS NWCC", "source_system": "NRCS NWCC", "source_layer": "stations_SNTL_ACTIVE", "station_id": "1244", "site_num": "1244", "station_triplet": "1244:NV:SNTL", "shef_id": "POLN2", "cdec_id": null, "operator_agency": "USDA NRCS NWCC", "owner_agency": null, "state": "NV", "county": "Elko", "basin": null, "huc": "160600071101", "elevation_ft": 7760.0, "latitude": 40.86293, "longitude": -115.1207, "start_date": "1380585600000", "end_date": "4102444800000", "status": "active", "site_page_url": "https://wcc.sc.egov.usda.gov/nwcc/site?sitenum=1244", "data_page_url": "https://wcc.sc.egov.usda.gov/nwcc/site?sitenum=1244", "source_url": "https://services.arcgis.com/SXbDpmb7xQkk44JV/ArcGIS/rest/services/stations_SNTL_ACTIVE/FeatureServer/0" }, "geometry": { "type": "Point", "coordinates": [ -115.120670000141004, 40.862929999904502 ] } },
{ "type": "Feature", "properties": { "station_uid": "NRCS_snotel_698", "station_name": "Pole Creek R.S.", "station_type": "snotel", "station_type_label": "SNOTEL", "network_group": "Snow / soil climate stations", "provider": "USDA NRCS NWCC", "source_system": "NRCS NWCC", "source_layer": "stations_SNTL_ACTIVE", "station_id": "698", "site_num": "698", "station_triplet": "698:NV:SNTL", "shef_id": "PRSN2", "cdec_id": null, "operator_agency": "USDA NRCS NWCC", "owner_agency": null, "state": "NV", "county": "Elko", "basin": null, "huc": "170501021002", "elevation_ft": 8370.0, "latitude": 41.87255, "longitude": -115.2471, "start_date": "223603200000", "end_date": "4102444800000", "status": "active", "site_page_url": "https://wcc.sc.egov.usda.gov/nwcc/site?sitenum=698", "data_page_url": "https://wcc.sc.egov.usda.gov/nwcc/site?sitenum=698", "source_url": "https://services.arcgis.com/SXbDpmb7xQkk44JV/ArcGIS/rest/services/stations_SNTL_ACTIVE/FeatureServer/0" }, "geometry": { "type": "Point", "coordinates": [ -115.247129999465997, 41.872549999687003 ] } },
{ "type": "Feature", "properties": { "station_uid": "NRCS_snotel_2170", "station_name": "Porter Canyon", "station_type": "snotel", "station_type_label": "SNOTEL", "network_group": "Snow / soil climate stations", "provider": "USDA NRCS NWCC", "source_system": "NRCS NWCC", "source_layer": "stations_SNTL_ACTIVE", "station_id": "2170", "site_num": "2170", "station_triplet": "2170:NV:SNTL", "shef_id": "PRTN2", "cdec_id": null, "operator_agency": "USDA NRCS NWCC", "owner_agency": null, "state": "NV", "county": "Lander", "basin": null, "huc": "160600020102", "elevation_ft": 7190.0, "latitude": 39.46544, "longitude": -117.6207, "start_date": "1256169600000", "end_date": "4102444800000", "status": "active", "site_page_url": "https://wcc.sc.egov.usda.gov/nwcc/site?sitenum=2170", "data_page_url": "https://wcc.sc.egov.usda.gov/nwcc/site?sitenum=2170", "source_url": "https://services.arcgis.com/SXbDpmb7xQkk44JV/ArcGIS/rest/services/stations_SNTL_ACTIVE/FeatureServer/0" }, "geometry": { "type": "Point", "coordinates": [ -117.620690000246995, 39.465439999851696 ] } },
{ "type": "Feature", "properties": { "station_uid": "NRCS_snotel_1110", "station_name": "Rainbow Canyon", "station_type": "snotel", "station_type_label": "SNOTEL", "network_group": "Snow / soil climate stations", "provider": "USDA NRCS NWCC", "source_system": "NRCS NWCC", "source_layer": "stations_SNTL_ACTIVE", "station_id": "1110", "site_num": "1110", "station_triplet": "1110:NV:SNTL", "shef_id": "RACN2", "cdec_id": null, "operator_agency": "USDA NRCS NWCC", "owner_agency": null, "state": "NV", "county": "Clark", "basin": null, "huc": "150100150301", "elevation_ft": 7840.0, "latitude": 36.2493, "longitude": -115.6297, "start_date": "1222819200000", "end_date": "4102444800000", "status": "active", "site_page_url": "https://wcc.sc.egov.usda.gov/nwcc/site?sitenum=1110", "data_page_url": "https://wcc.sc.egov.usda.gov/nwcc/site?sitenum=1110", "source_url": "https://services.arcgis.com/SXbDpmb7xQkk44JV/ArcGIS/rest/services/stations_SNTL_ACTIVE/FeatureServer/0" }, "geometry": { "type": "Point", "coordinates": [ -115.629720000014999, 36.249299999678001 ] } },
{ "type": "Feature", "properties": { "station_uid": "NRCS_snotel_746", "station_name": "Seventysix Creek", "station_type": "snotel", "station_type_label": "SNOTEL", "network_group": "Snow / soil climate stations", "provider": "USDA NRCS NWCC", "source_system": "NRCS NWCC", "source_layer": "stations_SNTL_ACTIVE", "station_id": "746", "site_num": "746", "station_triplet": "746:NV:SNTL", "shef_id": "SSCN2", "cdec_id": null, "operator_agency": "USDA NRCS NWCC", "owner_agency": null, "state": "NV", "county": "Elko", "basin": null, "huc": "170501020108", "elevation_ft": 7360.0, "latitude": 41.73732, "longitude": -115.4722, "start_date": "2.76048e+11", "end_date": "4102444800000", "status": "active", "site_page_url": "https://wcc.sc.egov.usda.gov/nwcc/site?sitenum=746", "data_page_url": "https://wcc.sc.egov.usda.gov/nwcc/site?sitenum=746", "source_url": "https://services.arcgis.com/SXbDpmb7xQkk44JV/ArcGIS/rest/services/stations_SNTL_ACTIVE/FeatureServer/0" }, "geometry": { "type": "Point", "coordinates": [ -115.472150000206, 41.737320000067797 ] } },
{ "type": "Feature", "properties": { "station_uid": "NRCS_snotel_750", "station_name": "Sheldon", "station_type": "snotel", "station_type_label": "SNOTEL", "network_group": "Snow / soil climate stations", "provider": "USDA NRCS NWCC", "source_system": "NRCS NWCC", "source_layer": "stations_SNTL_ACTIVE", "station_id": "750", "site_num": "750", "station_triplet": "750:NV:SNTL", "shef_id": "SHEN2", "cdec_id": null, "operator_agency": "USDA NRCS NWCC", "owner_agency": null, "state": "NV", "county": "Washoe", "basin": null, "huc": "171200080106", "elevation_ft": 5860.0, "latitude": 41.90435, "longitude": -119.4446, "start_date": "591667200000", "end_date": "4102444800000", "status": "active", "site_page_url": "https://wcc.sc.egov.usda.gov/nwcc/site?sitenum=750", "data_page_url": "https://wcc.sc.egov.usda.gov/nwcc/site?sitenum=750", "source_url": "https://services.arcgis.com/SXbDpmb7xQkk44JV/ArcGIS/rest/services/stations_SNTL_ACTIVE/FeatureServer/0" }, "geometry": { "type": "Point", "coordinates": [ -119.444639999928995, 41.904350000450897 ] } },
{ "type": "Feature", "properties": { "station_uid": "NRCS_snotel_1205", "station_name": "Silver Creek Nv", "station_type": "snotel", "station_type_label": "SNOTEL", "network_group": "Snow / soil climate stations", "provider": "USDA NRCS NWCC", "source_system": "NRCS NWCC", "source_layer": "stations_SNTL_ACTIVE", "station_id": "1205", "site_num": "1205", "station_triplet": "1205:NV:SNTL", "shef_id": "SILN2", "cdec_id": null, "operator_agency": "USDA NRCS NWCC", "owner_agency": null, "state": "NV", "county": "White Pine", "basin": null, "huc": "160203010806", "elevation_ft": 8220.0, "latitude": 39.23305, "longitude": -114.2429, "start_date": "1.324512e+12", "end_date": "4102444800000", "status": "active", "site_page_url": "https://wcc.sc.egov.usda.gov/nwcc/site?sitenum=1205", "data_page_url": "https://wcc.sc.egov.usda.gov/nwcc/site?sitenum=1205", "source_url": "https://services.arcgis.com/SXbDpmb7xQkk44JV/ArcGIS/rest/services/stations_SNTL_ACTIVE/FeatureServer/0" }, "geometry": { "type": "Point", "coordinates": [ -114.242900000237, 39.233050000206603 ] } },
{ "type": "Feature", "properties": { "station_uid": "NRCS_snotel_1208", "station_name": "Snowstorm Mtn", "station_type": "snotel", "station_type_label": "SNOTEL", "network_group": "Snow / soil climate stations", "provider": "USDA NRCS NWCC", "source_system": "NRCS NWCC", "source_layer": "stations_SNTL_ACTIVE", "station_id": "1208", "site_num": "1208", "station_triplet": "1208:NV:SNTL", "shef_id": "SSMN2", "cdec_id": null, "operator_agency": "USDA NRCS NWCC", "owner_agency": null, "state": "NV", "county": "Elko", "basin": null, "huc": "160401090203", "elevation_ft": 7410.0, "latitude": 41.33981, "longitude": -116.9804, "start_date": "1324598400000", "end_date": "4102444800000", "status": "active", "site_page_url": "https://wcc.sc.egov.usda.gov/nwcc/site?sitenum=1208", "data_page_url": "https://wcc.sc.egov.usda.gov/nwcc/site?sitenum=1208", "source_url": "https://services.arcgis.com/SXbDpmb7xQkk44JV/ArcGIS/rest/services/stations_SNTL_ACTIVE/FeatureServer/0" }, "geometry": { "type": "Point", "coordinates": [ -116.980440000531004, 41.339809999975003 ] } },
{ "type": "Feature", "properties": { "station_uid": "NRCS_snotel_1203", "station_name": "Stag Mountain", "station_type": "snotel", "station_type_label": "SNOTEL", "network_group": "Snow / soil climate stations", "provider": "USDA NRCS NWCC", "source_system": "NRCS NWCC", "source_layer": "stations_SNTL_ACTIVE", "station_id": "1203", "site_num": "1203", "station_triplet": "1203:NV:SNTL", "shef_id": "STGN2", "cdec_id": null, "operator_agency": "USDA NRCS NWCC", "owner_agency": null, "state": "NV", "county": "Elko", "basin": null, "huc": "170501020101", "elevation_ft": 7640.0, "latitude": 41.408, "longitude": -115.4464, "start_date": "1324598400000", "end_date": "4102444800000", "status": "active", "site_page_url": "https://wcc.sc.egov.usda.gov/nwcc/site?sitenum=1203", "data_page_url": "https://wcc.sc.egov.usda.gov/nwcc/site?sitenum=1203", "source_url": "https://services.arcgis.com/SXbDpmb7xQkk44JV/ArcGIS/rest/services/stations_SNTL_ACTIVE/FeatureServer/0" }, "geometry": { "type": "Point", "coordinates": [ -115.446400000531995, 41.407999999910899 ] } },
{ "type": "Feature", "properties": { "station_uid": "NRCS_snotel_1194", "station_name": "Summit Lk", "station_type": "snotel", "station_type_label": "SNOTEL", "network_group": "Snow / soil climate stations", "provider": "USDA NRCS NWCC", "source_system": "NRCS NWCC", "source_layer": "stations_SNTL_ACTIVE", "station_id": "1194", "site_num": "1194", "station_triplet": "1194:NV:SNTL", "shef_id": "MTLN2", "cdec_id": null, "operator_agency": "USDA NRCS NWCC", "owner_agency": null, "state": "NV", "county": "Humboldt", "basin": null, "huc": "160402021301", "elevation_ft": 7600.0, "latitude": 41.48953, "longitude": -118.9966, "start_date": "1317427200000", "end_date": "4102444800000", "status": "active", "site_page_url": "https://wcc.sc.egov.usda.gov/nwcc/site?sitenum=1194", "data_page_url": "https://wcc.sc.egov.usda.gov/nwcc/site?sitenum=1194", "source_url": "https://services.arcgis.com/SXbDpmb7xQkk44JV/ArcGIS/rest/services/stations_SNTL_ACTIVE/FeatureServer/0" }, "geometry": { "type": "Point", "coordinates": [ -118.996630000259003, 41.489530000382501 ] } },
{ "type": "Feature", "properties": { "station_uid": "NRCS_snotel_811", "station_name": "Taylor Canyon", "station_type": "snotel", "station_type_label": "SNOTEL", "network_group": "Snow / soil climate stations", "provider": "USDA NRCS NWCC", "source_system": "NRCS NWCC", "source_layer": "stations_SNTL_ACTIVE", "station_id": "811", "site_num": "811", "station_triplet": "811:NV:SNTL", "shef_id": "TACN2", "cdec_id": null, "operator_agency": "USDA NRCS NWCC", "owner_agency": null, "state": "NV", "county": "Elko", "basin": null, "huc": "170501050105", "elevation_ft": 6320.0, "latitude": 41.2287, "longitude": -116.0293, "start_date": "339206400000", "end_date": "4102444800000", "status": "active", "site_page_url": "https://wcc.sc.egov.usda.gov/nwcc/site?sitenum=811", "data_page_url": "https://wcc.sc.egov.usda.gov/nwcc/site?sitenum=811", "source_url": "https://services.arcgis.com/SXbDpmb7xQkk44JV/ArcGIS/rest/services/stations_SNTL_ACTIVE/FeatureServer/0" }, "geometry": { "type": "Point", "coordinates": [ -116.029300000326998, 41.228700000249702 ] } },
{ "type": "Feature", "properties": { "station_uid": "NRCS_snotel_1202", "station_name": "Tent Mtn Lower", "station_type": "snotel", "station_type_label": "SNOTEL", "network_group": "Snow / soil climate stations", "provider": "USDA NRCS NWCC", "source_system": "NRCS NWCC", "source_layer": "stations_SNTL_ACTIVE", "station_id": "1202", "site_num": "1202", "station_triplet": "1202:NV:SNTL", "shef_id": "TMLN2", "cdec_id": null, "operator_agency": "USDA NRCS NWCC", "owner_agency": null, "state": "NV", "county": "Elko", "basin": null, "huc": "160401010704", "elevation_ft": 7100.0, "latitude": 40.97852, "longitude": -115.1721, "start_date": "1324598400000", "end_date": "4102444800000", "status": "active", "site_page_url": "https://wcc.sc.egov.usda.gov/nwcc/site?sitenum=1202", "data_page_url": "https://wcc.sc.egov.usda.gov/nwcc/site?sitenum=1202", "source_url": "https://services.arcgis.com/SXbDpmb7xQkk44JV/ArcGIS/rest/services/stations_SNTL_ACTIVE/FeatureServer/0" }, "geometry": { "type": "Point", "coordinates": [ -115.172150000101993, 40.9785200003681 ] } },
{ "type": "Feature", "properties": { "station_uid": "NRCS_snotel_1136", "station_name": "Toe Jam", "station_type": "snotel", "station_type_label": "SNOTEL", "network_group": "Snow / soil climate stations", "provider": "USDA NRCS NWCC", "source_system": "NRCS NWCC", "source_layer": "stations_SNTL_ACTIVE", "station_id": "1136", "site_num": "1136", "station_triplet": "1136:NV:SNTL", "shef_id": "TJMN2", "cdec_id": null, "operator_agency": "USDA NRCS NWCC", "owner_agency": null, "state": "NV", "county": "Elko", "basin": null, "huc": "160401060202", "elevation_ft": 7700.0, "latitude": 41.3187, "longitude": -116.3408, "start_date": "1254355200000", "end_date": "4102444800000", "status": "active", "site_page_url": "https://wcc.sc.egov.usda.gov/nwcc/site?sitenum=1136", "data_page_url": "https://wcc.sc.egov.usda.gov/nwcc/site?sitenum=1136", "source_url": "https://services.arcgis.com/SXbDpmb7xQkk44JV/ArcGIS/rest/services/stations_SNTL_ACTIVE/FeatureServer/0" }, "geometry": { "type": "Point", "coordinates": [ -116.340800000268999, 41.318700000030702 ] } },
{ "type": "Feature", "properties": { "station_uid": "NRCS_snotel_1137", "station_name": "Vacarro Springs", "station_type": "snotel", "station_type_label": "SNOTEL", "network_group": "Snow / soil climate stations", "provider": "USDA NRCS NWCC", "source_system": "NRCS NWCC", "source_layer": "stations_SNTL_ACTIVE", "station_id": "1137", "site_num": "1137", "station_triplet": "1137:NV:SNTL", "shef_id": "VCSN2", "cdec_id": null, "operator_agency": "USDA NRCS NWCC", "owner_agency": null, "state": "NV", "county": "Eureka", "basin": null, "huc": "160600051503", "elevation_ft": 7890.0, "latitude": 39.4495, "longitude": -115.9834, "start_date": "1317427200000", "end_date": "4102444800000", "status": "active", "site_page_url": "https://wcc.sc.egov.usda.gov/nwcc/site?sitenum=1137", "data_page_url": "https://wcc.sc.egov.usda.gov/nwcc/site?sitenum=1137", "source_url": "https://services.arcgis.com/SXbDpmb7xQkk44JV/ArcGIS/rest/services/stations_SNTL_ACTIVE/FeatureServer/0" }, "geometry": { "type": "Point", "coordinates": [ -115.983399999371997, 39.449499999832597 ] } },
{ "type": "Feature", "properties": { "station_uid": "NRCS_snotel_849", "station_name": "Ward Mountain", "station_type": "snotel", "station_type_label": "SNOTEL", "network_group": "Snow / soil climate stations", "provider": "USDA NRCS NWCC", "source_system": "NRCS NWCC", "source_layer": "stations_SNTL_ACTIVE", "station_id": "849", "site_num": "849", "station_triplet": "849:NV:SNTL", "shef_id": "WDMN2", "cdec_id": null, "operator_agency": "USDA NRCS NWCC", "owner_agency": null, "state": "NV", "county": "White Pine", "basin": null, "huc": "150100110105", "elevation_ft": 9170.0, "latitude": 39.13242, "longitude": -114.9557, "start_date": "339206400000", "end_date": "4102444800000", "status": "active", "site_page_url": "https://wcc.sc.egov.usda.gov/nwcc/site?sitenum=849", "data_page_url": "https://wcc.sc.egov.usda.gov/nwcc/site?sitenum=849", "source_url": "https://services.arcgis.com/SXbDpmb7xQkk44JV/ArcGIS/rest/services/stations_SNTL_ACTIVE/FeatureServer/0" }, "geometry": { "type": "Point", "coordinates": [ -114.955749999828996, 39.132419999726999 ] } },
{ "type": "Feature", "properties": { "station_uid": "NRCS_snotel_1147", "station_name": "Wheeler Peak", "station_type": "snotel", "station_type_label": "SNOTEL", "network_group": "Snow / soil climate stations", "provider": "USDA NRCS NWCC", "source_system": "NRCS NWCC", "source_layer": "stations_SNTL_ACTIVE", "station_id": "1147", "site_num": "1147", "station_triplet": "1147:NV:SNTL", "shef_id": "WHPN2", "cdec_id": null, "operator_agency": "USDA NRCS NWCC", "owner_agency": null, "state": "NV", "county": "White Pine", "basin": null, "huc": "160203010801", "elevation_ft": 10070.0, "latitude": 39.00995, "longitude": -114.3102, "start_date": "1285891200000", "end_date": "4102444800000", "status": "active", "site_page_url": "https://wcc.sc.egov.usda.gov/nwcc/site?sitenum=1147", "data_page_url": "https://wcc.sc.egov.usda.gov/nwcc/site?sitenum=1147", "source_url": "https://services.arcgis.com/SXbDpmb7xQkk44JV/ArcGIS/rest/services/stations_SNTL_ACTIVE/FeatureServer/0" }, "geometry": { "type": "Point", "coordinates": [ -114.310210000135001, 39.009950000211603 ] } },
{ "type": "Feature", "properties": { "station_uid": "NRCS_snotel_1213", "station_name": "White River Nv", "station_type": "snotel", "station_type_label": "SNOTEL", "network_group": "Snow / soil climate stations", "provider": "USDA NRCS NWCC", "source_system": "NRCS NWCC", "source_layer": "stations_SNTL_ACTIVE", "station_id": "1213", "site_num": "1213", "station_triplet": "1213:NV:SNTL", "shef_id": "WHRN2", "cdec_id": null, "operator_agency": "USDA NRCS NWCC", "owner_agency": null, "state": "NV", "county": "White Pine", "basin": null, "huc": "150100110302", "elevation_ft": 7370.0, "latitude": 38.94557, "longitude": -115.3792, "start_date": "1324630800000", "end_date": "4102444800000", "status": "active", "site_page_url": "https://wcc.sc.egov.usda.gov/nwcc/site?sitenum=1213", "data_page_url": "https://wcc.sc.egov.usda.gov/nwcc/site?sitenum=1213", "source_url": "https://services.arcgis.com/SXbDpmb7xQkk44JV/ArcGIS/rest/services/stations_SNTL_ACTIVE/FeatureServer/0" }, "geometry": { "type": "Point", "coordinates": [ -115.379219999420002, 38.945569999826297 ] } },
{ "type": "Feature", "properties": { "station_uid": "NRCS_snotel_302", "station_name": "Aneroid Lake #2", "station_type": "snotel", "station_type_label": "SNOTEL", "network_group": "Snow / soil climate stations", "provider": "USDA NRCS NWCC", "source_system": "NRCS NWCC", "source_layer": "stations_SNTL_ACTIVE", "station_id": "302", "site_num": "302", "station_triplet": "302:OR:SNTL", "shef_id": "ANRO3", "cdec_id": null, "operator_agency": "USDA NRCS NWCC", "owner_agency": null, "state": "OR", "county": "Wallowa", "basin": null, "huc": "170601050101", "elevation_ft": 7430.0, "latitude": 45.21332, "longitude": -117.1926, "start_date": "339206400000", "end_date": "4102444800000", "status": "active", "site_page_url": "https://wcc.sc.egov.usda.gov/nwcc/site?sitenum=302", "data_page_url": "https://wcc.sc.egov.usda.gov/nwcc/site?sitenum=302", "source_url": "https://services.arcgis.com/SXbDpmb7xQkk44JV/ArcGIS/rest/services/stations_SNTL_ACTIVE/FeatureServer/0" }, "geometry": { "type": "Point", "coordinates": [ -117.192549999462997, 45.213320000261497 ] } },
{ "type": "Feature", "properties": { "station_uid": "NRCS_snotel_1000", "station_name": "Annie Springs", "station_type": "snotel", "station_type_label": "SNOTEL", "network_group": "Snow / soil climate stations", "provider": "USDA NRCS NWCC", "source_system": "NRCS NWCC", "source_layer": "stations_SNTL_ACTIVE", "station_id": "1000", "site_num": "1000", "station_triplet": "1000:OR:SNTL", "shef_id": "ANSO3", "cdec_id": null, "operator_agency": "USDA NRCS NWCC", "owner_agency": null, "state": "OR", "county": "Klamath", "basin": null, "huc": "180102030101", "elevation_ft": 6020.0, "latitude": 42.87007, "longitude": -122.1652, "start_date": "967766400000", "end_date": "4102444800000", "status": "active", "site_page_url": "https://wcc.sc.egov.usda.gov/nwcc/site?sitenum=1000", "data_page_url": "https://wcc.sc.egov.usda.gov/nwcc/site?sitenum=1000", "source_url": "https://services.arcgis.com/SXbDpmb7xQkk44JV/ArcGIS/rest/services/stations_SNTL_ACTIVE/FeatureServer/0" }, "geometry": { "type": "Point", "coordinates": [ -122.165179999993995, 42.8700700001841 ] } },
{ "type": "Feature", "properties": { "station_uid": "NRCS_snotel_304", "station_name": "Arbuckle Mtn", "station_type": "snotel", "station_type_label": "SNOTEL", "network_group": "Snow / soil climate stations", "provider": "USDA NRCS NWCC", "source_system": "NRCS NWCC", "source_layer": "stations_SNTL_ACTIVE", "station_id": "304", "site_num": "304", "station_triplet": "304:OR:SNTL", "shef_id": "ARBO3", "cdec_id": null, "operator_agency": "USDA NRCS NWCC", "owner_agency": null, "state": "OR", "county": "Morrow", "basin": null, "huc": "170702020604", "elevation_ft": 5770.0, "latitude": 45.19085, "longitude": -119.2539, "start_date": "2.76048e+11", "end_date": "4102444800000", "status": "active", "site_page_url": "https://wcc.sc.egov.usda.gov/nwcc/site?sitenum=304", "data_page_url": "https://wcc.sc.egov.usda.gov/nwcc/site?sitenum=304", "source_url": "https://services.arcgis.com/SXbDpmb7xQkk44JV/ArcGIS/rest/services/stations_SNTL_ACTIVE/FeatureServer/0" }, "geometry": { "type": "Point", "coordinates": [ -119.253920000465001, 45.190849999836601 ] } },
{ "type": "Feature", "properties": { "station_uid": "NRCS_snotel_1166", "station_name": "Bear Grass", "station_type": "snotel", "station_type_label": "SNOTEL", "network_group": "Snow / soil climate stations", "provider": "USDA NRCS NWCC", "source_system": "NRCS NWCC", "source_layer": "stations_SNTL_ACTIVE", "station_id": "1166", "site_num": "1166", "station_triplet": "1166:OR:SNTL", "shef_id": "BKSO3", "cdec_id": null, "operator_agency": "USDA NRCS NWCC", "owner_agency": null, "state": "OR", "county": "Linn", "basin": null, "huc": "170900040203", "elevation_ft": 4720.0, "latitude": 44.3253, "longitude": -122.0938, "start_date": "1310947200000", "end_date": "4102444800000", "status": "active", "site_page_url": "https://wcc.sc.egov.usda.gov/nwcc/site?sitenum=1166", "data_page_url": "https://wcc.sc.egov.usda.gov/nwcc/site?sitenum=1166", "source_url": "https://services.arcgis.com/SXbDpmb7xQkk44JV/ArcGIS/rest/services/stations_SNTL_ACTIVE/FeatureServer/0" }, "geometry": { "type": "Point", "coordinates": [ -122.093800000518002, 44.325300000200698 ] } },
{ "type": "Feature", "properties": { "station_uid": "NRCS_snotel_331", "station_name": "Beaver Reservoir", "station_type": "snotel", "station_type_label": "SNOTEL", "network_group": "Snow / soil climate stations", "provider": "USDA NRCS NWCC", "source_system": "NRCS NWCC", "source_layer": "stations_SNTL_ACTIVE", "station_id": "331", "site_num": "331", "station_triplet": "331:OR:SNTL", "shef_id": "BVRO3", "cdec_id": null, "operator_agency": "USDA NRCS NWCC", "owner_agency": null, "state": "OR", "county": "Union", "basin": null, "huc": "170601040301", "elevation_ft": 5140.0, "latitude": 45.14532, "longitude": -118.219, "start_date": "3.07584e+11", "end_date": "4102444800000", "status": "active", "site_page_url": "https://wcc.sc.egov.usda.gov/nwcc/site?sitenum=331", "data_page_url": "https://wcc.sc.egov.usda.gov/nwcc/site?sitenum=331", "source_url": "https://services.arcgis.com/SXbDpmb7xQkk44JV/ArcGIS/rest/services/stations_SNTL_ACTIVE/FeatureServer/0" }, "geometry": { "type": "Point", "coordinates": [ -118.218999999934994, 45.145320000026501 ] } },
{ "type": "Feature", "properties": { "station_uid": "NRCS_snotel_341", "station_name": "Big Red Mountain", "station_type": "snotel", "station_type_label": "SNOTEL", "network_group": "Snow / soil climate stations", "provider": "USDA NRCS NWCC", "source_system": "NRCS NWCC", "source_layer": "stations_SNTL_ACTIVE", "station_id": "341", "site_num": "341", "station_triplet": "341:OR:SNTL", "shef_id": "BRMO3", "cdec_id": null, "operator_agency": "USDA NRCS NWCC", "owner_agency": null, "state": "OR", "county": "Jackson", "basin": null, "huc": "171003090301", "elevation_ft": 6060.0, "latitude": 42.05257, "longitude": -122.8549, "start_date": "3.07584e+11", "end_date": "4102444800000", "status": "active", "site_page_url": "https://wcc.sc.egov.usda.gov/nwcc/site?sitenum=341", "data_page_url": "https://wcc.sc.egov.usda.gov/nwcc/site?sitenum=341", "source_url": "https://services.arcgis.com/SXbDpmb7xQkk44JV/ArcGIS/rest/services/stations_SNTL_ACTIVE/FeatureServer/0" }, "geometry": { "type": "Point", "coordinates": [ -122.854870000080993, 42.0525699998052 ] } },
{ "type": "Feature", "properties": { "station_uid": "NRCS_snotel_343", "station_name": "Bigelow Camp", "station_type": "snotel", "station_type_label": "SNOTEL", "network_group": "Snow / soil climate stations", "provider": "USDA NRCS NWCC", "source_system": "NRCS NWCC", "source_layer": "stations_SNTL_ACTIVE", "station_id": "343", "site_num": "343", "station_triplet": "343:OR:SNTL", "shef_id": "BGCO3", "cdec_id": null, "operator_agency": "USDA NRCS NWCC", "owner_agency": null, "state": "OR", "county": "Josephine", "basin": null, "huc": "171003090105", "elevation_ft": 5130.0, "latitude": 42.07875, "longitude": -123.3439, "start_date": "3.07584e+11", "end_date": "4102444800000", "status": "active", "site_page_url": "https://wcc.sc.egov.usda.gov/nwcc/site?sitenum=343", "data_page_url": "https://wcc.sc.egov.usda.gov/nwcc/site?sitenum=343", "source_url": "https://services.arcgis.com/SXbDpmb7xQkk44JV/ArcGIS/rest/services/stations_SNTL_ACTIVE/FeatureServer/0" }, "geometry": { "type": "Point", "coordinates": [ -123.343930000292005, 42.078749999953097 ] } },
{ "type": "Feature", "properties": { "station_uid": "NRCS_snotel_344", "station_name": "Billie Creek Divide", "station_type": "snotel", "station_type_label": "SNOTEL", "network_group": "Snow / soil climate stations", "provider": "USDA NRCS NWCC", "source_system": "NRCS NWCC", "source_layer": "stations_SNTL_ACTIVE", "station_id": "344", "site_num": "344", "station_triplet": "344:OR:SNTL", "shef_id": "BCDO3", "cdec_id": null, "operator_agency": "USDA NRCS NWCC", "owner_agency": null, "state": "OR", "county": "Klamath", "basin": null, "huc": "180102030201", "elevation_ft": 5280.0, "latitude": 42.40717, "longitude": -122.2662, "start_date": "2.76048e+11", "end_date": "4102444800000", "status": "active", "site_page_url": "https://wcc.sc.egov.usda.gov/nwcc/site?sitenum=344", "data_page_url": "https://wcc.sc.egov.usda.gov/nwcc/site?sitenum=344", "source_url": "https://services.arcgis.com/SXbDpmb7xQkk44JV/ArcGIS/rest/services/stations_SNTL_ACTIVE/FeatureServer/0" }, "geometry": { "type": "Point", "coordinates": [ -122.266169999428001, 42.407169999712401 ] } },
{ "type": "Feature", "properties": { "station_uid": "NRCS_snotel_351", "station_name": "Blazed Alder", "station_type": "snotel", "station_type_label": "SNOTEL", "network_group": "Snow / soil climate stations", "provider": "USDA NRCS NWCC", "source_system": "NRCS NWCC", "source_layer": "stations_SNTL_ACTIVE", "station_id": "351", "site_num": "351", "station_triplet": "351:OR:SNTL", "shef_id": "BLAO3", "cdec_id": null, "operator_agency": "USDA NRCS NWCC", "owner_agency": null, "state": "OR", "county": "Clackamas", "basin": null, "huc": "170800010102", "elevation_ft": 3660.0, "latitude": 45.4287, "longitude": -121.856, "start_date": "3.07584e+11", "end_date": "4102444800000", "status": "active", "site_page_url": "https://wcc.sc.egov.usda.gov/nwcc/site?sitenum=351", "data_page_url": "https://wcc.sc.egov.usda.gov/nwcc/site?sitenum=351", "source_url": "https://services.arcgis.com/SXbDpmb7xQkk44JV/ArcGIS/rest/services/stations_SNTL_ACTIVE/FeatureServer/0" }, "geometry": { "type": "Point", "coordinates": [ -121.856049999763002, 45.428699999639797 ] } },
{ "type": "Feature", "properties": { "station_uid": "NRCS_snotel_357", "station_name": "Blue Mountain Spring", "station_type": "snotel", "station_type_label": "SNOTEL", "network_group": "Snow / soil climate stations", "provider": "USDA NRCS NWCC", "source_system": "NRCS NWCC", "source_layer": "stations_SNTL_ACTIVE", "station_id": "357", "site_num": "357", "station_triplet": "357:OR:SNTL", "shef_id": "BLPO3", "cdec_id": null, "operator_agency": "USDA NRCS NWCC", "owner_agency": null, "state": "OR", "county": "Grant", "basin": null, "huc": "170501160104", "elevation_ft": 5880.0, "latitude": 44.24767, "longitude": -118.5172, "start_date": "2.76048e+11", "end_date": "4102444800000", "status": "active", "site_page_url": "https://wcc.sc.egov.usda.gov/nwcc/site?sitenum=357", "data_page_url": "https://wcc.sc.egov.usda.gov/nwcc/site?sitenum=357", "source_url": "https://services.arcgis.com/SXbDpmb7xQkk44JV/ArcGIS/rest/services/stations_SNTL_ACTIVE/FeatureServer/0" }, "geometry": { "type": "Point", "coordinates": [ -118.517219999904995, 44.247670000207201 ] } },
{ "type": "Feature", "properties": { "station_uid": "NRCS_snotel_361", "station_name": "Bourne", "station_type": "snotel", "station_type_label": "SNOTEL", "network_group": "Snow / soil climate stations", "provider": "USDA NRCS NWCC", "source_system": "NRCS NWCC", "source_layer": "stations_SNTL_ACTIVE", "station_id": "361", "site_num": "361", "station_triplet": "361:OR:SNTL", "shef_id": "BORO3", "cdec_id": null, "operator_agency": "USDA NRCS NWCC", "owner_agency": null, "state": "OR", "county": "Baker", "basin": null, "huc": "170502030101", "elevation_ft": 5850.0, "latitude": 44.83052, "longitude": -118.1879, "start_date": "2.76048e+11", "end_date": "4102444800000", "status": "active", "site_page_url": "https://wcc.sc.egov.usda.gov/nwcc/site?sitenum=361", "data_page_url": "https://wcc.sc.egov.usda.gov/nwcc/site?sitenum=361", "source_url": "https://services.arcgis.com/SXbDpmb7xQkk44JV/ArcGIS/rest/services/stations_SNTL_ACTIVE/FeatureServer/0" }, "geometry": { "type": "Point", "coordinates": [ -118.187870000510003, 44.830519999986301 ] } },
{ "type": "Feature", "properties": { "station_uid": "NRCS_snotel_362", "station_name": "Bowman Springs", "station_type": "snotel", "station_type_label": "SNOTEL", "network_group": "Snow / soil climate stations", "provider": "USDA NRCS NWCC", "source_system": "NRCS NWCC", "source_layer": "stations_SNTL_ACTIVE", "station_id": "362", "site_num": "362", "station_triplet": "362:OR:SNTL", "shef_id": "BMSO3", "cdec_id": null, "operator_agency": "USDA NRCS NWCC", "owner_agency": null, "state": "OR", "county": "Umatilla", "basin": null, "huc": "170701030401", "elevation_ft": 4550.0, "latitude": 45.36428, "longitude": -118.4671, "start_date": "2.76048e+11", "end_date": "4102444800000", "status": "active", "site_page_url": "https://wcc.sc.egov.usda.gov/nwcc/site?sitenum=362", "data_page_url": "https://wcc.sc.egov.usda.gov/nwcc/site?sitenum=362", "source_url": "https://services.arcgis.com/SXbDpmb7xQkk44JV/ArcGIS/rest/services/stations_SNTL_ACTIVE/FeatureServer/0" }, "geometry": { "type": "Point", "coordinates": [ -118.467149999694996, 45.364279999741399 ] } },
{ "type": "Feature", "properties": { "station_uid": "NRCS_snotel_388", "station_name": "Cascade Summit", "station_type": "snotel", "station_type_label": "SNOTEL", "network_group": "Snow / soil climate stations", "provider": "USDA NRCS NWCC", "source_system": "NRCS NWCC", "source_layer": "stations_SNTL_ACTIVE", "station_id": "388", "site_num": "388", "station_triplet": "388:OR:SNTL", "shef_id": "CSTO3", "cdec_id": null, "operator_agency": "USDA NRCS NWCC", "owner_agency": null, "state": "OR", "county": "Deschutes", "basin": null, "huc": "170900010301", "elevation_ft": 5100.0, "latitude": 43.59042, "longitude": -122.0601, "start_date": "3.07584e+11", "end_date": "4102444800000", "status": "active", "site_page_url": "https://wcc.sc.egov.usda.gov/nwcc/site?sitenum=388", "data_page_url": "https://wcc.sc.egov.usda.gov/nwcc/site?sitenum=388", "source_url": "https://services.arcgis.com/SXbDpmb7xQkk44JV/ArcGIS/rest/services/stations_SNTL_ACTIVE/FeatureServer/0" }, "geometry": { "type": "Point", "coordinates": [ -122.060099999968998, 43.590420000451203 ] } },
{ "type": "Feature", "properties": { "station_uid": "NRCS_snotel_395", "station_name": "Chemult Alternate", "station_type": "snotel", "station_type_label": "SNOTEL", "network_group": "Snow / soil climate stations", "provider": "USDA NRCS NWCC", "source_system": "NRCS NWCC", "source_layer": "stations_SNTL_ACTIVE", "station_id": "395", "site_num": "395", "station_triplet": "395:OR:SNTL", "shef_id": "CHUO3", "cdec_id": null, "operator_agency": "USDA NRCS NWCC", "owner_agency": null, "state": "OR", "county": "Klamath", "basin": null, "huc": "180102010201", "elevation_ft": 4850.0, "latitude": 43.22625, "longitude": -121.8066, "start_date": "3.07584e+11", "end_date": "4102444800000", "status": "active", "site_page_url": "https://wcc.sc.egov.usda.gov/nwcc/site?sitenum=395", "data_page_url": "https://wcc.sc.egov.usda.gov/nwcc/site?sitenum=395", "source_url": "https://services.arcgis.com/SXbDpmb7xQkk44JV/ArcGIS/rest/services/stations_SNTL_ACTIVE/FeatureServer/0" }, "geometry": { "type": "Point", "coordinates": [ -121.806619999728994, 43.226250000112202 ] } },
{ "type": "Feature", "properties": { "station_uid": "NRCS_snotel_398", "station_name": "Clackamas Lake", "station_type": "snotel", "station_type_label": "SNOTEL", "network_group": "Snow / soil climate stations", "provider": "USDA NRCS NWCC", "source_system": "NRCS NWCC", "source_layer": "stations_SNTL_ACTIVE", "station_id": "398", "site_num": "398", "station_triplet": "398:OR:SNTL", "shef_id": "CLLO3", "cdec_id": null, "operator_agency": "USDA NRCS NWCC", "owner_agency": null, "state": "OR", "county": "Clackamas", "basin": null, "huc": "170900110301", "elevation_ft": 3400.0, "latitude": 45.09658, "longitude": -121.7544, "start_date": "3.07584e+11", "end_date": "4102444800000", "status": "active", "site_page_url": "https://wcc.sc.egov.usda.gov/nwcc/site?sitenum=398", "data_page_url": "https://wcc.sc.egov.usda.gov/nwcc/site?sitenum=398", "source_url": "https://services.arcgis.com/SXbDpmb7xQkk44JV/ArcGIS/rest/services/stations_SNTL_ACTIVE/FeatureServer/0" }, "geometry": { "type": "Point", "coordinates": [ -121.754429999590997, 45.096579999618399 ] } },
{ "type": "Feature", "properties": { "station_uid": "NRCS_snotel_401", "station_name": "Clear Lake", "station_type": "snotel", "station_type_label": "SNOTEL", "network_group": "Snow / soil climate stations", "provider": "USDA NRCS NWCC", "source_system": "NRCS NWCC", "source_layer": "stations_SNTL_ACTIVE", "station_id": "401", "site_num": "401", "station_triplet": "401:OR:SNTL", "shef_id": "CLKO3", "cdec_id": null, "operator_agency": "USDA NRCS NWCC", "owner_agency": null, "state": "OR", "county": "Wasco", "basin": null, "huc": "170703060901", "elevation_ft": 3810.0, "latitude": 45.18832, "longitude": -121.6916, "start_date": "3.07584e+11", "end_date": "4102444800000", "status": "active", "site_page_url": "https://wcc.sc.egov.usda.gov/nwcc/site?sitenum=401", "data_page_url": "https://wcc.sc.egov.usda.gov/nwcc/site?sitenum=401", "source_url": "https://services.arcgis.com/SXbDpmb7xQkk44JV/ArcGIS/rest/services/stations_SNTL_ACTIVE/FeatureServer/0" }, "geometry": { "type": "Point", "coordinates": [ -121.691600000682996, 45.188320000153901 ] } },
{ "type": "Feature", "properties": { "station_uid": "NRCS_snotel_406", "station_name": "Cold Springs Camp", "station_type": "snotel", "station_type_label": "SNOTEL", "network_group": "Snow / soil climate stations", "provider": "USDA NRCS NWCC", "source_system": "NRCS NWCC", "source_layer": "stations_SNTL_ACTIVE", "station_id": "406", "site_num": "406", "station_triplet": "406:OR:SNTL", "shef_id": "CSCO3", "cdec_id": null, "operator_agency": "USDA NRCS NWCC", "owner_agency": null, "state": "OR", "county": "Klamath", "basin": null, "huc": "180102030202", "elevation_ft": 5940.0, "latitude": 42.53305, "longitude": -122.1768, "start_date": "3.07584e+11", "end_date": "4102444800000", "status": "active", "site_page_url": "https://wcc.sc.egov.usda.gov/nwcc/site?sitenum=406", "data_page_url": "https://wcc.sc.egov.usda.gov/nwcc/site?sitenum=406", "source_url": "https://services.arcgis.com/SXbDpmb7xQkk44JV/ArcGIS/rest/services/stations_SNTL_ACTIVE/FeatureServer/0" }, "geometry": { "type": "Point", "coordinates": [ -122.176830000530998, 42.533050000225003 ] } },
{ "type": "Feature", "properties": { "station_uid": "NRCS_snotel_422", "station_name": "County Line", "station_type": "snotel", "station_type_label": "SNOTEL", "network_group": "Snow / soil climate stations", "provider": "USDA NRCS NWCC", "source_system": "NRCS NWCC", "source_layer": "stations_SNTL_ACTIVE", "station_id": "422", "site_num": "422", "station_triplet": "422:OR:SNTL", "shef_id": "COLO3", "cdec_id": null, "operator_agency": "USDA NRCS NWCC", "owner_agency": null, "state": "OR", "county": "Umatilla", "basin": null, "huc": "170601040202", "elevation_ft": 4840.0, "latitude": 45.19107, "longitude": -118.5501, "start_date": "3.07584e+11", "end_date": "4102444800000", "status": "active", "site_page_url": "https://wcc.sc.egov.usda.gov/nwcc/site?sitenum=422", "data_page_url": "https://wcc.sc.egov.usda.gov/nwcc/site?sitenum=422", "source_url": "https://services.arcgis.com/SXbDpmb7xQkk44JV/ArcGIS/rest/services/stations_SNTL_ACTIVE/FeatureServer/0" }, "geometry": { "type": "Point", "coordinates": [ -118.550149999628005, 45.1910699997498 ] } },
{ "type": "Feature", "properties": { "station_uid": "NRCS_snotel_1010", "station_name": "Crazyman Flat", "station_type": "snotel", "station_type_label": "SNOTEL", "network_group": "Snow / soil climate stations", "provider": "USDA NRCS NWCC", "source_system": "NRCS NWCC", "source_layer": "stations_SNTL_ACTIVE", "station_id": "1010", "site_num": "1010", "station_triplet": "1010:OR:SNTL", "shef_id": "CZFO3", "cdec_id": null, "operator_agency": "USDA NRCS NWCC", "owner_agency": null, "state": "OR", "county": "Klamath", "basin": null, "huc": "180102020101", "elevation_ft": 6190.0, "latitude": 42.6381, "longitude": -120.9492, "start_date": "999302400000", "end_date": "4102444800000", "status": "active", "site_page_url": "https://wcc.sc.egov.usda.gov/nwcc/site?sitenum=1010", "data_page_url": "https://wcc.sc.egov.usda.gov/nwcc/site?sitenum=1010", "source_url": "https://services.arcgis.com/SXbDpmb7xQkk44JV/ArcGIS/rest/services/stations_SNTL_ACTIVE/FeatureServer/0" }, "geometry": { "type": "Point", "coordinates": [ -120.949170000413005, 42.638099999926801 ] } },
{ "type": "Feature", "properties": { "station_uid": "NRCS_snotel_434", "station_name": "Daly Lake", "station_type": "snotel", "station_type_label": "SNOTEL", "network_group": "Snow / soil climate stations", "provider": "USDA NRCS NWCC", "source_system": "NRCS NWCC", "source_layer": "stations_SNTL_ACTIVE", "station_id": "434", "site_num": "434", "station_triplet": "434:OR:SNTL", "shef_id": "DALO3", "cdec_id": null, "operator_agency": "USDA NRCS NWCC", "owner_agency": null, "state": "OR", "county": "Linn", "basin": null, "huc": "170900060101", "elevation_ft": 3690.0, "latitude": 44.52147, "longitude": -122.0872, "start_date": "2.76048e+11", "end_date": "4102444800000", "status": "active", "site_page_url": "https://wcc.sc.egov.usda.gov/nwcc/site?sitenum=434", "data_page_url": "https://wcc.sc.egov.usda.gov/nwcc/site?sitenum=434", "source_url": "https://services.arcgis.com/SXbDpmb7xQkk44JV/ArcGIS/rest/services/stations_SNTL_ACTIVE/FeatureServer/0" }, "geometry": { "type": "Point", "coordinates": [ -122.087179999849994, 44.521470000365099 ] } },
{ "type": "Feature", "properties": { "station_uid": "NRCS_snotel_440", "station_name": "Derr.", "station_type": "snotel", "station_type_label": "SNOTEL", "network_group": "Snow / soil climate stations", "provider": "USDA NRCS NWCC", "source_system": "NRCS NWCC", "source_layer": "stations_SNTL_ACTIVE", "station_id": "440", "site_num": "440", "station_triplet": "440:OR:SNTL", "shef_id": "DERO3", "cdec_id": null, "operator_agency": "USDA NRCS NWCC", "owner_agency": null, "state": "OR", "county": "Wheeler", "basin": null, "huc": "170703040401", "elevation_ft": 5850.0, "latitude": 44.4465, "longitude": -119.9301, "start_date": "3.07584e+11", "end_date": "4102444800000", "status": "active", "site_page_url": "https://wcc.sc.egov.usda.gov/nwcc/site?sitenum=440", "data_page_url": "https://wcc.sc.egov.usda.gov/nwcc/site?sitenum=440", "source_url": "https://services.arcgis.com/SXbDpmb7xQkk44JV/ArcGIS/rest/services/stations_SNTL_ACTIVE/FeatureServer/0" }, "geometry": { "type": "Point", "coordinates": [ -119.930120000228996, 44.446500000392902 ] } },
{ "type": "Feature", "properties": { "station_uid": "NRCS_snotel_442", "station_name": "Diamond Lake", "station_type": "snotel", "station_type_label": "SNOTEL", "network_group": "Snow / soil climate stations", "provider": "USDA NRCS NWCC", "source_system": "NRCS NWCC", "source_layer": "stations_SNTL_ACTIVE", "station_id": "442", "site_num": "442", "station_triplet": "442:OR:SNTL", "shef_id": "DIAO3", "cdec_id": null, "operator_agency": "USDA NRCS NWCC", "owner_agency": null, "state": "OR", "county": "Douglas", "basin": null, "huc": "171003010204", "elevation_ft": 5280.0, "latitude": 43.18787, "longitude": -122.14, "start_date": "3.07584e+11", "end_date": "4102444800000", "status": "active", "site_page_url": "https://wcc.sc.egov.usda.gov/nwcc/site?sitenum=442", "data_page_url": "https://wcc.sc.egov.usda.gov/nwcc/site?sitenum=442", "source_url": "https://services.arcgis.com/SXbDpmb7xQkk44JV/ArcGIS/rest/services/stations_SNTL_ACTIVE/FeatureServer/0" }, "geometry": { "type": "Point", "coordinates": [ -122.140029999621007, 43.187870000271403 ] } },
{ "type": "Feature", "properties": { "station_uid": "NRCS_snotel_464", "station_name": "Eilertson Meadows", "station_type": "snotel", "station_type_label": "SNOTEL", "network_group": "Snow / soil climate stations", "provider": "USDA NRCS NWCC", "source_system": "NRCS NWCC", "source_layer": "stations_SNTL_ACTIVE", "station_id": "464", "site_num": "464", "station_triplet": "464:OR:SNTL", "shef_id": "EIMO3", "cdec_id": null, "operator_agency": "USDA NRCS NWCC", "owner_agency": null, "state": "OR", "county": "Baker", "basin": null, "huc": "170502030404", "elevation_ft": 5510.0, "latitude": 44.86887, "longitude": -118.1139, "start_date": "3.07584e+11", "end_date": "4102444800000", "status": "active", "site_page_url": "https://wcc.sc.egov.usda.gov/nwcc/site?sitenum=464", "data_page_url": "https://wcc.sc.egov.usda.gov/nwcc/site?sitenum=464", "source_url": "https://services.arcgis.com/SXbDpmb7xQkk44JV/ArcGIS/rest/services/stations_SNTL_ACTIVE/FeatureServer/0" }, "geometry": { "type": "Point", "coordinates": [ -118.113869999618998, 44.8688699997412 ] } },
{ "type": "Feature", "properties": { "station_uid": "NRCS_snotel_470", "station_name": "Emigrant Springs", "station_type": "snotel", "station_type_label": "SNOTEL", "network_group": "Snow / soil climate stations", "provider": "USDA NRCS NWCC", "source_system": "NRCS NWCC", "source_layer": "stations_SNTL_ACTIVE", "station_id": "470", "site_num": "470", "station_triplet": "470:OR:SNTL", "shef_id": "ESPO3", "cdec_id": null, "operator_agency": "USDA NRCS NWCC", "owner_agency": null, "state": "OR", "county": "Umatilla", "basin": null, "huc": "170701030501", "elevation_ft": 3790.0, "latitude": 45.55808, "longitude": -118.4538, "start_date": "3.07584e+11", "end_date": "4102444800000", "status": "active", "site_page_url": "https://wcc.sc.egov.usda.gov/nwcc/site?sitenum=470", "data_page_url": "https://wcc.sc.egov.usda.gov/nwcc/site?sitenum=470", "source_url": "https://services.arcgis.com/SXbDpmb7xQkk44JV/ArcGIS/rest/services/stations_SNTL_ACTIVE/FeatureServer/0" }, "geometry": { "type": "Point", "coordinates": [ -118.45384999993, 45.558080000399599 ] } },
{ "type": "Feature", "properties": { "station_uid": "NRCS_snotel_1314", "station_name": "Fifteenmile", "station_type": "snotel", "station_type_label": "SNOTEL", "network_group": "Snow / soil climate stations", "provider": "USDA NRCS NWCC", "source_system": "NRCS NWCC", "source_layer": "stations_SNTL_ACTIVE", "station_id": "1314", "site_num": "1314", "station_triplet": "1314:OR:SNTL", "shef_id": "FFMO3", "cdec_id": null, "operator_agency": "USDA NRCS NWCC", "owner_agency": null, "state": "OR", "county": "Hood River", "basin": null, "huc": "170701050503", "elevation_ft": 5970.0, "latitude": 45.35265, "longitude": -121.53, "start_date": "1663718400000", "end_date": "4102444800000", "status": "active", "site_page_url": "https://wcc.sc.egov.usda.gov/nwcc/site?sitenum=1314", "data_page_url": "https://wcc.sc.egov.usda.gov/nwcc/site?sitenum=1314", "source_url": "https://services.arcgis.com/SXbDpmb7xQkk44JV/ArcGIS/rest/services/stations_SNTL_ACTIVE/FeatureServer/0" }, "geometry": { "type": "Point", "coordinates": [ -121.529999999726002, 45.352650000149197 ] } },
{ "type": "Feature", "properties": { "station_uid": "NRCS_snotel_477", "station_name": "Fish Creek", "station_type": "snotel", "station_type_label": "SNOTEL", "network_group": "Snow / soil climate stations", "provider": "USDA NRCS NWCC", "source_system": "NRCS NWCC", "source_layer": "stations_SNTL_ACTIVE", "station_id": "477", "site_num": "477", "station_triplet": "477:OR:SNTL", "shef_id": "FCKO3", "cdec_id": null, "operator_agency": "USDA NRCS NWCC", "owner_agency": null, "state": "OR", "county": "Harney", "basin": null, "huc": "171200030107", "elevation_ft": 7700.0, "latitude": 42.70993, "longitude": -118.6322, "start_date": "2.76048e+11", "end_date": "4102444800000", "status": "active", "site_page_url": "https://wcc.sc.egov.usda.gov/nwcc/site?sitenum=477", "data_page_url": "https://wcc.sc.egov.usda.gov/nwcc/site?sitenum=477", "source_url": "https://services.arcgis.com/SXbDpmb7xQkk44JV/ArcGIS/rest/services/stations_SNTL_ACTIVE/FeatureServer/0" }, "geometry": { "type": "Point", "coordinates": [ -118.632189999584, 42.709930000236099 ] } },
{ "type": "Feature", "properties": { "station_uid": "NRCS_snotel_479", "station_name": "Fish Lk.", "station_type": "snotel", "station_type_label": "SNOTEL", "network_group": "Snow / soil climate stations", "provider": "USDA NRCS NWCC", "source_system": "NRCS NWCC", "source_layer": "stations_SNTL_ACTIVE", "station_id": "479", "site_num": "479", "station_triplet": "479:OR:SNTL", "shef_id": "FISO3", "cdec_id": null, "operator_agency": "USDA NRCS NWCC", "owner_agency": null, "state": "OR", "county": "Jackson", "basin": null, "huc": "171003070801", "elevation_ft": 4660.0, "latitude": 42.3801, "longitude": -122.3494, "start_date": "3.07584e+11", "end_date": "4102444800000", "status": "active", "site_page_url": "https://wcc.sc.egov.usda.gov/nwcc/site?sitenum=479", "data_page_url": "https://wcc.sc.egov.usda.gov/nwcc/site?sitenum=479", "source_url": "https://services.arcgis.com/SXbDpmb7xQkk44JV/ArcGIS/rest/services/stations_SNTL_ACTIVE/FeatureServer/0" }, "geometry": { "type": "Point", "coordinates": [ -122.349430000346004, 42.380099999896203 ] } },
{ "type": "Feature", "properties": { "station_uid": "NRCS_snotel_483", "station_name": "Fourmile Lake", "station_type": "snotel", "station_type_label": "SNOTEL", "network_group": "Snow / soil climate stations", "provider": "USDA NRCS NWCC", "source_system": "NRCS NWCC", "source_layer": "stations_SNTL_ACTIVE", "station_id": "483", "site_num": "483", "station_triplet": "483:OR:SNTL", "shef_id": "FRLO3", "cdec_id": null, "operator_agency": "USDA NRCS NWCC", "owner_agency": null, "state": "OR", "county": "Klamath", "basin": null, "huc": "180102030202", "elevation_ft": 5970.0, "latitude": 42.43933, "longitude": -122.2288, "start_date": "2.76048e+11", "end_date": "4102444800000", "status": "active", "site_page_url": "https://wcc.sc.egov.usda.gov/nwcc/site?sitenum=483", "data_page_url": "https://wcc.sc.egov.usda.gov/nwcc/site?sitenum=483", "source_url": "https://services.arcgis.com/SXbDpmb7xQkk44JV/ArcGIS/rest/services/stations_SNTL_ACTIVE/FeatureServer/0" }, "geometry": { "type": "Point", "coordinates": [ -122.228800000457994, 42.4393300000295 ] } },
{ "type": "Feature", "properties": { "station_uid": "NRCS_snotel_945", "station_name": "Gerber Reservoir", "station_type": "snotel", "station_type_label": "SNOTEL", "network_group": "Snow / soil climate stations", "provider": "USDA NRCS NWCC", "source_system": "NRCS NWCC", "source_layer": "stations_SNTL_ACTIVE", "station_id": "945", "site_num": "945", "station_triplet": "945:OR:SNTL", "shef_id": "GSTO3", "cdec_id": null, "operator_agency": "USDA NRCS NWCC", "owner_agency": null, "state": "OR", "county": "Klamath", "basin": null, "huc": "180102040508", "elevation_ft": 4880.0, "latitude": 42.2062, "longitude": -121.1334, "start_date": "9.072e+11", "end_date": "4102444800000", "status": "active", "site_page_url": "https://wcc.sc.egov.usda.gov/nwcc/site?sitenum=945", "data_page_url": "https://wcc.sc.egov.usda.gov/nwcc/site?sitenum=945", "source_url": "https://services.arcgis.com/SXbDpmb7xQkk44JV/ArcGIS/rest/services/stations_SNTL_ACTIVE/FeatureServer/0" }, "geometry": { "type": "Point", "coordinates": [ -121.133399999896, 42.2062000002392 ] } },
{ "type": "Feature", "properties": { "station_uid": "NRCS_snotel_494", "station_name": "Gold Center", "station_type": "snotel", "station_type_label": "SNOTEL", "network_group": "Snow / soil climate stations", "provider": "USDA NRCS NWCC", "source_system": "NRCS NWCC", "source_layer": "stations_SNTL_ACTIVE", "station_id": "494", "site_num": "494", "station_triplet": "494:OR:SNTL", "shef_id": "GLDO3", "cdec_id": null, "operator_agency": "USDA NRCS NWCC", "owner_agency": null, "state": "OR", "county": "Grant", "basin": null, "huc": "170702020202", "elevation_ft": 5400.0, "latitude": 44.7638, "longitude": -118.3117, "start_date": "3.07584e+11", "end_date": "4102444800000", "status": "active", "site_page_url": "https://wcc.sc.egov.usda.gov/nwcc/site?sitenum=494", "data_page_url": "https://wcc.sc.egov.usda.gov/nwcc/site?sitenum=494", "source_url": "https://services.arcgis.com/SXbDpmb7xQkk44JV/ArcGIS/rest/services/stations_SNTL_ACTIVE/FeatureServer/0" }, "geometry": { "type": "Point", "coordinates": [ -118.311700000071994, 44.763800000258001 ] } },
{ "type": "Feature", "properties": { "station_uid": "NRCS_snotel_504", "station_name": "Greenpoint", "station_type": "snotel", "station_type_label": "SNOTEL", "network_group": "Snow / soil climate stations", "provider": "USDA NRCS NWCC", "source_system": "NRCS NWCC", "source_layer": "stations_SNTL_ACTIVE", "station_id": "504", "site_num": "504", "station_triplet": "504:OR:SNTL", "shef_id": "GRPO3", "cdec_id": null, "operator_agency": "USDA NRCS NWCC", "owner_agency": null, "state": "OR", "county": "Hood River", "basin": null, "huc": "170701050603", "elevation_ft": 3320.0, "latitude": 45.62237, "longitude": -121.7041, "start_date": "2.76048e+11", "end_date": "4102444800000", "status": "active", "site_page_url": "https://wcc.sc.egov.usda.gov/nwcc/site?sitenum=504", "data_page_url": "https://wcc.sc.egov.usda.gov/nwcc/site?sitenum=504", "source_url": "https://services.arcgis.com/SXbDpmb7xQkk44JV/ArcGIS/rest/services/stations_SNTL_ACTIVE/FeatureServer/0" }, "geometry": { "type": "Point", "coordinates": [ -121.704150000027994, 45.622370000096197 ] } },
{ "type": "Feature", "properties": { "station_uid": "NRCS_snotel_523", "station_name": "High Ridge", "station_type": "snotel", "station_type_label": "SNOTEL", "network_group": "Snow / soil climate stations", "provider": "USDA NRCS NWCC", "source_system": "NRCS NWCC", "source_layer": "stations_SNTL_ACTIVE", "station_id": "523", "site_num": "523", "station_triplet": "523:OR:SNTL", "shef_id": "HIRO3", "cdec_id": null, "operator_agency": "USDA NRCS NWCC", "owner_agency": null, "state": "OR", "county": "Umatilla", "basin": null, "huc": "170701030103", "elevation_ft": 4900.0, "latitude": 45.69682, "longitude": -118.1066, "start_date": "2.76048e+11", "end_date": "4102444800000", "status": "active", "site_page_url": "https://wcc.sc.egov.usda.gov/nwcc/site?sitenum=523", "data_page_url": "https://wcc.sc.egov.usda.gov/nwcc/site?sitenum=523", "source_url": "https://services.arcgis.com/SXbDpmb7xQkk44JV/ArcGIS/rest/services/stations_SNTL_ACTIVE/FeatureServer/0" }, "geometry": { "type": "Point", "coordinates": [ -118.106570000095999, 45.696820000282798 ] } },
{ "type": "Feature", "properties": { "station_uid": "NRCS_snotel_526", "station_name": "Hogg Pass", "station_type": "snotel", "station_type_label": "SNOTEL", "network_group": "Snow / soil climate stations", "provider": "USDA NRCS NWCC", "source_system": "NRCS NWCC", "source_layer": "stations_SNTL_ACTIVE", "station_id": "526", "site_num": "526", "station_triplet": "526:OR:SNTL", "shef_id": "HOPO3", "cdec_id": null, "operator_agency": "USDA NRCS NWCC", "owner_agency": null, "state": "OR", "county": "Linn", "basin": null, "huc": "170900040201", "elevation_ft": 4800.0, "latitude": 44.42042, "longitude": -121.8566, "start_date": "2.76048e+11", "end_date": "4102444800000", "status": "active", "site_page_url": "https://wcc.sc.egov.usda.gov/nwcc/site?sitenum=526", "data_page_url": "https://wcc.sc.egov.usda.gov/nwcc/site?sitenum=526", "source_url": "https://services.arcgis.com/SXbDpmb7xQkk44JV/ArcGIS/rest/services/stations_SNTL_ACTIVE/FeatureServer/0" }, "geometry": { "type": "Point", "coordinates": [ -121.856549999978995, 44.420419999799101 ] } },
{ "type": "Feature", "properties": { "station_uid": "NRCS_snotel_529", "station_name": "Holland Meadows", "station_type": "snotel", "station_type_label": "SNOTEL", "network_group": "Snow / soil climate stations", "provider": "USDA NRCS NWCC", "source_system": "NRCS NWCC", "source_layer": "stations_SNTL_ACTIVE", "station_id": "529", "site_num": "529", "station_triplet": "529:OR:SNTL", "shef_id": "HLMO3", "cdec_id": null, "operator_agency": "USDA NRCS NWCC", "owner_agency": null, "state": "OR", "county": "Lane", "basin": null, "huc": "170900020201", "elevation_ft": 4930.0, "latitude": 43.66917, "longitude": -122.5688, "start_date": "3.07584e+11", "end_date": "4102444800000", "status": "active", "site_page_url": "https://wcc.sc.egov.usda.gov/nwcc/site?sitenum=529", "data_page_url": "https://wcc.sc.egov.usda.gov/nwcc/site?sitenum=529", "source_url": "https://services.arcgis.com/SXbDpmb7xQkk44JV/ArcGIS/rest/services/stations_SNTL_ACTIVE/FeatureServer/0" }, "geometry": { "type": "Point", "coordinates": [ -122.568769999763006, 43.669170000369803 ] } },
{ "type": "Feature", "properties": { "station_uid": "NRCS_snotel_1158", "station_name": "Howard Prairie", "station_type": "snotel", "station_type_label": "SNOTEL", "network_group": "Snow / soil climate stations", "provider": "USDA NRCS NWCC", "source_system": "NRCS NWCC", "source_layer": "stations_SNTL_ACTIVE", "station_id": "1158", "site_num": "1158", "station_triplet": "1158:OR:SNTL", "shef_id": "HOWO3", "cdec_id": null, "operator_agency": "USDA NRCS NWCC", "owner_agency": null, "state": "OR", "county": "Jackson", "basin": null, "huc": "180102060401", "elevation_ft": 4580.0, "latitude": 42.215, "longitude": -122.3713, "start_date": "1348617600000", "end_date": "4102444800000", "status": "active", "site_page_url": "https://wcc.sc.egov.usda.gov/nwcc/site?sitenum=1158", "data_page_url": "https://wcc.sc.egov.usda.gov/nwcc/site?sitenum=1158", "source_url": "https://services.arcgis.com/SXbDpmb7xQkk44JV/ArcGIS/rest/services/stations_SNTL_ACTIVE/FeatureServer/0" }, "geometry": { "type": "Point", "coordinates": [ -122.371299999604005, 42.215000000324999 ] } },
{ "type": "Feature", "properties": { "station_uid": "NRCS_snotel_545", "station_name": "Irish Taylor", "station_type": "snotel", "station_type_label": "SNOTEL", "network_group": "Snow / soil climate stations", "provider": "USDA NRCS NWCC", "source_system": "NRCS NWCC", "source_layer": "stations_SNTL_ACTIVE", "station_id": "545", "site_num": "545", "station_triplet": "545:OR:SNTL", "shef_id": "BEDO3", "cdec_id": null, "operator_agency": "USDA NRCS NWCC", "owner_agency": null, "state": "OR", "county": "Deschutes", "basin": null, "huc": "170703010106", "elevation_ft": 5540.0, "latitude": 43.80368, "longitude": -121.9479, "start_date": "2.76048e+11", "end_date": "4102444800000", "status": "active", "site_page_url": "https://wcc.sc.egov.usda.gov/nwcc/site?sitenum=545", "data_page_url": "https://wcc.sc.egov.usda.gov/nwcc/site?sitenum=545", "source_url": "https://services.arcgis.com/SXbDpmb7xQkk44JV/ArcGIS/rest/services/stations_SNTL_ACTIVE/FeatureServer/0" }, "geometry": { "type": "Point", "coordinates": [ -121.947929999981, 43.803679999706901 ] } },
{ "type": "Feature", "properties": { "station_uid": "NRCS_snotel_552", "station_name": "Jump Off Joe", "station_type": "snotel", "station_type_label": "SNOTEL", "network_group": "Snow / soil climate stations", "provider": "USDA NRCS NWCC", "source_system": "NRCS NWCC", "source_layer": "stations_SNTL_ACTIVE", "station_id": "552", "site_num": "552", "station_triplet": "552:OR:SNTL", "shef_id": "JOJO3", "cdec_id": null, "operator_agency": "USDA NRCS NWCC", "owner_agency": null, "state": "OR", "county": "Linn", "basin": null, "huc": "170900060201", "elevation_ft": 3530.0, "latitude": 44.38605, "longitude": -122.1668, "start_date": "2.76048e+11", "end_date": "4102444800000", "status": "active", "site_page_url": "https://wcc.sc.egov.usda.gov/nwcc/site?sitenum=552", "data_page_url": "https://wcc.sc.egov.usda.gov/nwcc/site?sitenum=552", "source_url": "https://services.arcgis.com/SXbDpmb7xQkk44JV/ArcGIS/rest/services/stations_SNTL_ACTIVE/FeatureServer/0" }, "geometry": { "type": "Point", "coordinates": [ -122.166829999792995, 44.3860500000999 ] } },
{ "type": "Feature", "properties": { "station_uid": "NRCS_snotel_558", "station_name": "King Mountain", "station_type": "snotel", "station_type_label": "SNOTEL", "network_group": "Snow / soil climate stations", "provider": "USDA NRCS NWCC", "source_system": "NRCS NWCC", "source_layer": "stations_SNTL_ACTIVE", "station_id": "558", "site_num": "558", "station_triplet": "558:OR:SNTL", "shef_id": "KIMO3", "cdec_id": null, "operator_agency": "USDA NRCS NWCC", "owner_agency": null, "state": "OR", "county": "Jackson", "basin": null, "huc": "171003020701", "elevation_ft": 4340.0, "latitude": 42.72395, "longitude": -123.2004, "start_date": "3.07584e+11", "end_date": "4102444800000", "status": "active", "site_page_url": "https://wcc.sc.egov.usda.gov/nwcc/site?sitenum=558", "data_page_url": "https://wcc.sc.egov.usda.gov/nwcc/site?sitenum=558", "source_url": "https://services.arcgis.com/SXbDpmb7xQkk44JV/ArcGIS/rest/services/stations_SNTL_ACTIVE/FeatureServer/0" }, "geometry": { "type": "Point", "coordinates": [ -123.20037000024, 42.7239499997523 ] } },
{ "type": "Feature", "properties": { "station_uid": "NRCS_snotel_563", "station_name": "Lake Creek R.S.", "station_type": "snotel", "station_type_label": "SNOTEL", "network_group": "Snow / soil climate stations", "provider": "USDA NRCS NWCC", "source_system": "NRCS NWCC", "source_layer": "stations_SNTL_ACTIVE", "station_id": "563", "site_num": "563", "station_triplet": "563:OR:SNTL", "shef_id": "LKCO3", "cdec_id": null, "operator_agency": "USDA NRCS NWCC", "owner_agency": null, "state": "OR", "county": "Grant", "basin": null, "huc": "170501160102", "elevation_ft": 5250.0, "latitude": 44.21007, "longitude": -118.6375, "start_date": "2.76048e+11", "end_date": "4102444800000", "status": "active", "site_page_url": "https://wcc.sc.egov.usda.gov/nwcc/site?sitenum=563", "data_page_url": "https://wcc.sc.egov.usda.gov/nwcc/site?sitenum=563", "source_url": "https://services.arcgis.com/SXbDpmb7xQkk44JV/ArcGIS/rest/services/stations_SNTL_ACTIVE/FeatureServer/0" }, "geometry": { "type": "Point", "coordinates": [ -118.637519999538995, 44.210069999802101 ] } },
{ "type": "Feature", "properties": { "station_uid": "NRCS_snotel_584", "station_name": "Little Meadows", "station_type": "snotel", "station_type_label": "SNOTEL", "network_group": "Snow / soil climate stations", "provider": "USDA NRCS NWCC", "source_system": "NRCS NWCC", "source_layer": "stations_SNTL_ACTIVE", "station_id": "584", "site_num": "584", "station_triplet": "584:OR:SNTL", "shef_id": "LMDO3", "cdec_id": null, "operator_agency": "USDA NRCS NWCC", "owner_agency": null, "state": "OR", "county": "Linn", "basin": null, "huc": "170900060301", "elevation_ft": 4020.0, "latitude": 44.61297, "longitude": -122.2256, "start_date": "2.76048e+11", "end_date": "4102444800000", "status": "active", "site_page_url": "https://wcc.sc.egov.usda.gov/nwcc/site?sitenum=584", "data_page_url": "https://wcc.sc.egov.usda.gov/nwcc/site?sitenum=584", "source_url": "https://services.arcgis.com/SXbDpmb7xQkk44JV/ArcGIS/rest/services/stations_SNTL_ACTIVE/FeatureServer/0" }, "geometry": { "type": "Point", "coordinates": [ -122.225649999973001, 44.612970000030401 ] } },
{ "type": "Feature", "properties": { "station_uid": "NRCS_snotel_605", "station_name": "Lucky Strike", "station_type": "snotel", "station_type_label": "SNOTEL", "network_group": "Snow / soil climate stations", "provider": "USDA NRCS NWCC", "source_system": "NRCS NWCC", "source_layer": "stations_SNTL_ACTIVE", "station_id": "605", "site_num": "605", "station_triplet": "605:OR:SNTL", "shef_id": "LUKO3", "cdec_id": null, "operator_agency": "USDA NRCS NWCC", "owner_agency": null, "state": "OR", "county": "Umatilla", "basin": null, "huc": "170701030606", "elevation_ft": 4970.0, "latitude": 45.27478, "longitude": -118.8479, "start_date": "2.76048e+11", "end_date": "4102444800000", "status": "active", "site_page_url": "https://wcc.sc.egov.usda.gov/nwcc/site?sitenum=605", "data_page_url": "https://wcc.sc.egov.usda.gov/nwcc/site?sitenum=605", "source_url": "https://services.arcgis.com/SXbDpmb7xQkk44JV/ArcGIS/rest/services/stations_SNTL_ACTIVE/FeatureServer/0" }, "geometry": { "type": "Point", "coordinates": [ -118.847899999684998, 45.274780000274902 ] } },
{ "type": "Feature", "properties": { "station_uid": "NRCS_snotel_608", "station_name": "Madison Butte", "station_type": "snotel", "station_type_label": "SNOTEL", "network_group": "Snow / soil climate stations", "provider": "USDA NRCS NWCC", "source_system": "NRCS NWCC", "source_layer": "stations_SNTL_ACTIVE", "station_id": "608", "site_num": "608", "station_triplet": "608:OR:SNTL", "shef_id": "MDBO3", "cdec_id": null, "operator_agency": "USDA NRCS NWCC", "owner_agency": null, "state": "OR", "county": "Morrow", "basin": null, "huc": "170702041101", "elevation_ft": 5150.0, "latitude": 45.10513, "longitude": -119.4958, "start_date": "3.07584e+11", "end_date": "4102444800000", "status": "active", "site_page_url": "https://wcc.sc.egov.usda.gov/nwcc/site?sitenum=608", "data_page_url": "https://wcc.sc.egov.usda.gov/nwcc/site?sitenum=608", "source_url": "https://services.arcgis.com/SXbDpmb7xQkk44JV/ArcGIS/rest/services/stations_SNTL_ACTIVE/FeatureServer/0" }, "geometry": { "type": "Point", "coordinates": [ -119.495849999379999, 45.105129999762397 ] } },
{ "type": "Feature", "properties": { "station_uid": "NRCS_snotel_614", "station_name": "Marion Forks", "station_type": "snotel", "station_type_label": "SNOTEL", "network_group": "Snow / soil climate stations", "provider": "USDA NRCS NWCC", "source_system": "NRCS NWCC", "source_layer": "stations_SNTL_ACTIVE", "station_id": "614", "site_num": "614", "station_triplet": "614:OR:SNTL", "shef_id": "MRFO3", "cdec_id": null, "operator_agency": "USDA NRCS NWCC", "owner_agency": null, "state": "OR", "county": "Linn", "basin": null, "huc": "170900050205", "elevation_ft": 2590.0, "latitude": 44.59397, "longitude": -121.9736, "start_date": "3.07584e+11", "end_date": "4102444800000", "status": "active", "site_page_url": "https://wcc.sc.egov.usda.gov/nwcc/site?sitenum=614", "data_page_url": "https://wcc.sc.egov.usda.gov/nwcc/site?sitenum=614", "source_url": "https://services.arcgis.com/SXbDpmb7xQkk44JV/ArcGIS/rest/services/stations_SNTL_ACTIVE/FeatureServer/0" }, "geometry": { "type": "Point", "coordinates": [ -121.973650000404007, 44.5939699996568 ] } },
{ "type": "Feature", "properties": { "station_uid": "NRCS_snotel_619", "station_name": "Mckenzie", "station_type": "snotel", "station_type_label": "SNOTEL", "network_group": "Snow / soil climate stations", "provider": "USDA NRCS NWCC", "source_system": "NRCS NWCC", "source_layer": "stations_SNTL_ACTIVE", "station_id": "619", "site_num": "619", "station_triplet": "619:OR:SNTL", "shef_id": "MKZO3", "cdec_id": null, "operator_agency": "USDA NRCS NWCC", "owner_agency": null, "state": "OR", "county": "Lane", "basin": null, "huc": "170900040207", "elevation_ft": 4770.0, "latitude": 44.2103, "longitude": -121.8729, "start_date": "3.07584e+11", "end_date": "4102444800000", "status": "active", "site_page_url": "https://wcc.sc.egov.usda.gov/nwcc/site?sitenum=619", "data_page_url": "https://wcc.sc.egov.usda.gov/nwcc/site?sitenum=619", "source_url": "https://services.arcgis.com/SXbDpmb7xQkk44JV/ArcGIS/rest/services/stations_SNTL_ACTIVE/FeatureServer/0" }, "geometry": { "type": "Point", "coordinates": [ -121.872919999990003, 44.2102999999506 ] } },
{ "type": "Feature", "properties": { "station_uid": "NRCS_snotel_1079", "station_name": "Milk Shakes", "station_type": "snotel", "station_type_label": "SNOTEL", "network_group": "Snow / soil climate stations", "provider": "USDA NRCS NWCC", "source_system": "NRCS NWCC", "source_layer": "stations_SNTL_ACTIVE", "station_id": "1079", "site_num": "1079", "station_triplet": "1079:OR:SNTL", "shef_id": "MLKO3", "cdec_id": null, "operator_agency": "USDA NRCS NWCC", "owner_agency": null, "state": "OR", "county": "Wallowa", "basin": null, "huc": "170701020201", "elevation_ft": 5580.0, "latitude": 45.9821, "longitude": -117.9488, "start_date": "1.178928e+12", "end_date": "4102444800000", "status": "active", "site_page_url": "https://wcc.sc.egov.usda.gov/nwcc/site?sitenum=1079", "data_page_url": "https://wcc.sc.egov.usda.gov/nwcc/site?sitenum=1079", "source_url": "https://services.arcgis.com/SXbDpmb7xQkk44JV/ArcGIS/rest/services/stations_SNTL_ACTIVE/FeatureServer/0" }, "geometry": { "type": "Point", "coordinates": [ -117.948829999585996, 45.982099999908201 ] } },
{ "type": "Feature", "properties": { "station_uid": "NRCS_snotel_1084", "station_name": "Miller Woods", "station_type": "snotel", "station_type_label": "SNOTEL", "network_group": "Snow / soil climate stations", "provider": "USDA NRCS NWCC", "source_system": "NRCS NWCC", "source_layer": "stations_SNTL_ACTIVE", "station_id": "1084", "site_num": "1084", "station_triplet": "1084:OR:SNTL", "shef_id": "MWDO3", "cdec_id": null, "operator_agency": "USDA NRCS NWCC", "owner_agency": null, "state": "OR", "county": "Yamhill", "basin": null, "huc": "170900080606", "elevation_ft": 420.0, "latitude": 45.24755, "longitude": -123.2756, "start_date": "1158883200000", "end_date": "4102444800000", "status": "active", "site_page_url": "https://wcc.sc.egov.usda.gov/nwcc/site?sitenum=1084", "data_page_url": "https://wcc.sc.egov.usda.gov/nwcc/site?sitenum=1084", "source_url": "https://services.arcgis.com/SXbDpmb7xQkk44JV/ArcGIS/rest/services/stations_SNTL_ACTIVE/FeatureServer/0" }, "geometry": { "type": "Point", "coordinates": [ -123.275630000052999, 45.247550000246697 ] } },
{ "type": "Feature", "properties": { "station_uid": "NRCS_snotel_647", "station_name": "Moss Springs", "station_type": "snotel", "station_type_label": "SNOTEL", "network_group": "Snow / soil climate stations", "provider": "USDA NRCS NWCC", "source_system": "NRCS NWCC", "source_layer": "stations_SNTL_ACTIVE", "station_id": "647", "site_num": "647", "station_triplet": "647:OR:SNTL", "shef_id": "MOSO3", "cdec_id": null, "operator_agency": "USDA NRCS NWCC", "owner_agency": null, "state": "OR", "county": "Union", "basin": null, "huc": "170601040702", "elevation_ft": 5760.0, "latitude": 45.27173, "longitude": -117.6875, "start_date": "3.07584e+11", "end_date": "4102444800000", "status": "active", "site_page_url": "https://wcc.sc.egov.usda.gov/nwcc/site?sitenum=647", "data_page_url": "https://wcc.sc.egov.usda.gov/nwcc/site?sitenum=647", "source_url": "https://services.arcgis.com/SXbDpmb7xQkk44JV/ArcGIS/rest/services/stations_SNTL_ACTIVE/FeatureServer/0" }, "geometry": { "type": "Point", "coordinates": [ -117.687469999726005, 45.271730000006997 ] } },
{ "type": "Feature", "properties": { "station_uid": "NRCS_snotel_651", "station_name": "Mt Hood Test Site", "station_type": "snotel", "station_type_label": "SNOTEL", "network_group": "Snow / soil climate stations", "provider": "USDA NRCS NWCC", "source_system": "NRCS NWCC", "source_layer": "stations_SNTL_ACTIVE", "station_id": "651", "site_num": "651", "station_triplet": "651:OR:SNTL", "shef_id": "MTHO3", "cdec_id": null, "operator_agency": "USDA NRCS NWCC", "owner_agency": null, "state": "OR", "county": "Clackamas", "basin": null, "huc": "170800010302", "elevation_ft": 5380.0, "latitude": 45.32097, "longitude": -121.7158, "start_date": "3.07584e+11", "end_date": "4102444800000", "status": "active", "site_page_url": "https://wcc.sc.egov.usda.gov/nwcc/site?sitenum=651", "data_page_url": "https://wcc.sc.egov.usda.gov/nwcc/site?sitenum=651", "source_url": "https://services.arcgis.com/SXbDpmb7xQkk44JV/ArcGIS/rest/services/stations_SNTL_ACTIVE/FeatureServer/0" }, "geometry": { "type": "Point", "coordinates": [ -121.715799999984, 45.320970000383497 ] } },
{ "type": "Feature", "properties": { "station_uid": "NRCS_snotel_653", "station_name": "Mt. Howard", "station_type": "snotel", "station_type_label": "SNOTEL", "network_group": "Snow / soil climate stations", "provider": "USDA NRCS NWCC", "source_system": "NRCS NWCC", "source_layer": "stations_SNTL_ACTIVE", "station_id": "653", "site_num": "653", "station_triplet": "653:OR:SNTL", "shef_id": "MHWO3", "cdec_id": null, "operator_agency": "USDA NRCS NWCC", "owner_agency": null, "state": "OR", "county": "Wallowa", "basin": null, "huc": "170601050102", "elevation_ft": 7840.0, "latitude": 45.26514, "longitude": -117.1738, "start_date": "3.07584e+11", "end_date": "4102444800000", "status": "active", "site_page_url": "https://wcc.sc.egov.usda.gov/nwcc/site?sitenum=653", "data_page_url": "https://wcc.sc.egov.usda.gov/nwcc/site?sitenum=653", "source_url": "https://services.arcgis.com/SXbDpmb7xQkk44JV/ArcGIS/rest/services/stations_SNTL_ACTIVE/FeatureServer/0" }, "geometry": { "type": "Point", "coordinates": [ -117.173769999466003, 45.265140000018903 ] } },
{ "type": "Feature", "properties": { "station_uid": "NRCS_snotel_655", "station_name": "Mud Ridge", "station_type": "snotel", "station_type_label": "SNOTEL", "network_group": "Snow / soil climate stations", "provider": "USDA NRCS NWCC", "source_system": "NRCS NWCC", "source_layer": "stations_SNTL_ACTIVE", "station_id": "655", "site_num": "655", "station_triplet": "655:OR:SNTL", "shef_id": "MUDO3", "cdec_id": null, "operator_agency": "USDA NRCS NWCC", "owner_agency": null, "state": "OR", "county": "Clackamas", "basin": null, "huc": "170800010302", "elevation_ft": 4070.0, "latitude": 45.25362, "longitude": -121.7367, "start_date": "2.76048e+11", "end_date": "4102444800000", "status": "active", "site_page_url": "https://wcc.sc.egov.usda.gov/nwcc/site?sitenum=655", "data_page_url": "https://wcc.sc.egov.usda.gov/nwcc/site?sitenum=655", "source_url": "https://services.arcgis.com/SXbDpmb7xQkk44JV/ArcGIS/rest/services/stations_SNTL_ACTIVE/FeatureServer/0" }, "geometry": { "type": "Point", "coordinates": [ -121.736729999898003, 45.253620000283803 ] } },
{ "type": "Feature", "properties": { "station_uid": "NRCS_snotel_660", "station_name": "New Crescent Lake", "station_type": "snotel", "station_type_label": "SNOTEL", "network_group": "Snow / soil climate stations", "provider": "USDA NRCS NWCC", "source_system": "NRCS NWCC", "source_layer": "stations_SNTL_ACTIVE", "station_id": "660", "site_num": "660", "station_triplet": "660:OR:SNTL", "shef_id": "NCLO3", "cdec_id": null, "operator_agency": "USDA NRCS NWCC", "owner_agency": null, "state": "OR", "county": "Klamath", "basin": null, "huc": "170703020205", "elevation_ft": 4910.0, "latitude": 43.51185, "longitude": -121.9798, "start_date": "3.07584e+11", "end_date": "4102444800000", "status": "active", "site_page_url": "https://wcc.sc.egov.usda.gov/nwcc/site?sitenum=660", "data_page_url": "https://wcc.sc.egov.usda.gov/nwcc/site?sitenum=660", "source_url": "https://services.arcgis.com/SXbDpmb7xQkk44JV/ArcGIS/rest/services/stations_SNTL_ACTIVE/FeatureServer/0" }, "geometry": { "type": "Point", "coordinates": [ -121.979820000241006, 43.511850000362898 ] } },
{ "type": "Feature", "properties": { "station_uid": "NRCS_snotel_666", "station_name": "North Fork", "station_type": "snotel", "station_type_label": "SNOTEL", "network_group": "Snow / soil climate stations", "provider": "USDA NRCS NWCC", "source_system": "NRCS NWCC", "source_layer": "stations_SNTL_ACTIVE", "station_id": "666", "site_num": "666", "station_triplet": "666:OR:SNTL", "shef_id": "NFRO3", "cdec_id": null, "operator_agency": "USDA NRCS NWCC", "owner_agency": null, "state": "OR", "county": "Multnomah", "basin": null, "huc": "170800010503", "elevation_ft": 3070.0, "latitude": 45.5505, "longitude": -122.0028, "start_date": "2.76048e+11", "end_date": "4102444800000", "status": "active", "site_page_url": "https://wcc.sc.egov.usda.gov/nwcc/site?sitenum=666", "data_page_url": "https://wcc.sc.egov.usda.gov/nwcc/site?sitenum=666", "source_url": "https://services.arcgis.com/SXbDpmb7xQkk44JV/ArcGIS/rest/services/stations_SNTL_ACTIVE/FeatureServer/0" }, "geometry": { "type": "Point", "coordinates": [ -122.002829999854001, 45.550499999676397 ] } },
{ "type": "Feature", "properties": { "station_uid": "NRCS_snotel_671", "station_name": "Ochoco Meadows", "station_type": "snotel", "station_type_label": "SNOTEL", "network_group": "Snow / soil climate stations", "provider": "USDA NRCS NWCC", "source_system": "NRCS NWCC", "source_layer": "stations_SNTL_ACTIVE", "station_id": "671", "site_num": "671", "station_triplet": "671:OR:SNTL", "shef_id": "OCMO3", "cdec_id": null, "operator_agency": "USDA NRCS NWCC", "owner_agency": null, "state": "OR", "county": "Crook", "basin": null, "huc": "170703050201", "elevation_ft": 5430.0, "latitude": 44.42917, "longitude": -120.3311, "start_date": "3.07584e+11", "end_date": "4102444800000", "status": "active", "site_page_url": "https://wcc.sc.egov.usda.gov/nwcc/site?sitenum=671", "data_page_url": "https://wcc.sc.egov.usda.gov/nwcc/site?sitenum=671", "source_url": "https://services.arcgis.com/SXbDpmb7xQkk44JV/ArcGIS/rest/services/stations_SNTL_ACTIVE/FeatureServer/0" }, "geometry": { "type": "Point", "coordinates": [ -120.331099999396002, 44.429169999893297 ] } },
{ "type": "Feature", "properties": { "station_uid": "NRCS_snotel_687", "station_name": "Peavine Ridge", "station_type": "snotel", "station_type_label": "SNOTEL", "network_group": "Snow / soil climate stations", "provider": "USDA NRCS NWCC", "source_system": "NRCS NWCC", "source_layer": "stations_SNTL_ACTIVE", "station_id": "687", "site_num": "687", "station_triplet": "687:OR:SNTL", "shef_id": "PVRO3", "cdec_id": null, "operator_agency": "USDA NRCS NWCC", "owner_agency": null, "state": "OR", "county": "Clackamas", "basin": null, "huc": "170900110306", "elevation_ft": 3420.0, "latitude": 45.04148, "longitude": -121.9325, "start_date": "3.07584e+11", "end_date": "4102444800000", "status": "active", "site_page_url": "https://wcc.sc.egov.usda.gov/nwcc/site?sitenum=687", "data_page_url": "https://wcc.sc.egov.usda.gov/nwcc/site?sitenum=687", "source_url": "https://services.arcgis.com/SXbDpmb7xQkk44JV/ArcGIS/rest/services/stations_SNTL_ACTIVE/FeatureServer/0" }, "geometry": { "type": "Point", "coordinates": [ -121.932520000188006, 45.041480000390898 ] } },
{ "type": "Feature", "properties": { "station_uid": "NRCS_snotel_706", "station_name": "Quartz Mountain", "station_type": "snotel", "station_type_label": "SNOTEL", "network_group": "Snow / soil climate stations", "provider": "USDA NRCS NWCC", "source_system": "NRCS NWCC", "source_layer": "stations_SNTL_ACTIVE", "station_id": "706", "site_num": "706", "station_triplet": "706:OR:SNTL", "shef_id": "QRMO3", "cdec_id": null, "operator_agency": "USDA NRCS NWCC", "owner_agency": null, "state": "OR", "county": "Lake", "basin": null, "huc": "180102020404", "elevation_ft": 5710.0, "latitude": 42.31923, "longitude": -120.8253, "start_date": "3.07584e+11", "end_date": "4102444800000", "status": "active", "site_page_url": "https://wcc.sc.egov.usda.gov/nwcc/site?sitenum=706", "data_page_url": "https://wcc.sc.egov.usda.gov/nwcc/site?sitenum=706", "source_url": "https://services.arcgis.com/SXbDpmb7xQkk44JV/ArcGIS/rest/services/stations_SNTL_ACTIVE/FeatureServer/0" }, "geometry": { "type": "Point", "coordinates": [ -120.825329999643998, 42.319229999771899 ] } },
{ "type": "Feature", "properties": { "station_uid": "NRCS_snotel_710", "station_name": "Railroad Overpass", "station_type": "snotel", "station_type_label": "SNOTEL", "network_group": "Snow / soil climate stations", "provider": "USDA NRCS NWCC", "source_system": "NRCS NWCC", "source_layer": "stations_SNTL_ACTIVE", "station_id": "710", "site_num": "710", "station_triplet": "710:OR:SNTL", "shef_id": "RROO3", "cdec_id": null, "operator_agency": "USDA NRCS NWCC", "owner_agency": null, "state": "OR", "county": "Lane", "basin": null, "huc": "170900010302", "elevation_ft": 2680.0, "latitude": 43.65887, "longitude": -122.2127, "start_date": "339206400000", "end_date": "4102444800000", "status": "active", "site_page_url": "https://wcc.sc.egov.usda.gov/nwcc/site?sitenum=710", "data_page_url": "https://wcc.sc.egov.usda.gov/nwcc/site?sitenum=710", "source_url": "https://services.arcgis.com/SXbDpmb7xQkk44JV/ArcGIS/rest/services/stations_SNTL_ACTIVE/FeatureServer/0" }, "geometry": { "type": "Point", "coordinates": [ -122.212720000364001, 43.658870000274497 ] } },
{ "type": "Feature", "properties": { "station_uid": "NRCS_snotel_712", "station_name": "Red Hill", "station_type": "snotel", "station_type_label": "SNOTEL", "network_group": "Snow / soil climate stations", "provider": "USDA NRCS NWCC", "source_system": "NRCS NWCC", "source_layer": "stations_SNTL_ACTIVE", "station_id": "712", "site_num": "712", "station_triplet": "712:OR:SNTL", "shef_id": "REDO3", "cdec_id": null, "operator_agency": "USDA NRCS NWCC", "owner_agency": null, "state": "OR", "county": "Hood River", "basin": null, "huc": "170701050505", "elevation_ft": 4410.0, "latitude": 45.4643, "longitude": -121.7043, "start_date": "2.76048e+11", "end_date": "4102444800000", "status": "active", "site_page_url": "https://wcc.sc.egov.usda.gov/nwcc/site?sitenum=712", "data_page_url": "https://wcc.sc.egov.usda.gov/nwcc/site?sitenum=712", "source_url": "https://services.arcgis.com/SXbDpmb7xQkk44JV/ArcGIS/rest/services/stations_SNTL_ACTIVE/FeatureServer/0" }, "geometry": { "type": "Point", "coordinates": [ -121.704280000398001, 45.464300000011903 ] } },
{ "type": "Feature", "properties": { "station_uid": "NRCS_snotel_719", "station_name": "Roaring River", "station_type": "snotel", "station_type_label": "SNOTEL", "network_group": "Snow / soil climate stations", "provider": "USDA NRCS NWCC", "source_system": "NRCS NWCC", "source_layer": "stations_SNTL_ACTIVE", "station_id": "719", "site_num": "719", "station_triplet": "719:OR:SNTL", "shef_id": "RORO3", "cdec_id": null, "operator_agency": "USDA NRCS NWCC", "owner_agency": null, "state": "OR", "county": "Lane", "basin": null, "huc": "170900040302", "elevation_ft": 4960.0, "latitude": 43.90098, "longitude": -122.0306, "start_date": "3.07584e+11", "end_date": "4102444800000", "status": "active", "site_page_url": "https://wcc.sc.egov.usda.gov/nwcc/site?sitenum=719", "data_page_url": "https://wcc.sc.egov.usda.gov/nwcc/site?sitenum=719", "source_url": "https://services.arcgis.com/SXbDpmb7xQkk44JV/ArcGIS/rest/services/stations_SNTL_ACTIVE/FeatureServer/0" }, "geometry": { "type": "Point", "coordinates": [ -122.030630000482006, 43.900980000180901 ] } },
{ "type": "Feature", "properties": { "station_uid": "NRCS_snotel_721", "station_name": "Rock Springs", "station_type": "snotel", "station_type_label": "SNOTEL", "network_group": "Snow / soil climate stations", "provider": "USDA NRCS NWCC", "source_system": "NRCS NWCC", "source_layer": "stations_SNTL_ACTIVE", "station_id": "721", "site_num": "721", "station_triplet": "721:OR:SNTL", "shef_id": "RCSO3", "cdec_id": null, "operator_agency": "USDA NRCS NWCC", "owner_agency": null, "state": "OR", "county": "Grant", "basin": null, "huc": "170501160204", "elevation_ft": 5290.0, "latitude": 44.00883, "longitude": -118.8384, "start_date": "3.07584e+11", "end_date": "4102444800000", "status": "active", "site_page_url": "https://wcc.sc.egov.usda.gov/nwcc/site?sitenum=721", "data_page_url": "https://wcc.sc.egov.usda.gov/nwcc/site?sitenum=721", "source_url": "https://services.arcgis.com/SXbDpmb7xQkk44JV/ArcGIS/rest/services/stations_SNTL_ACTIVE/FeatureServer/0" }, "geometry": { "type": "Point", "coordinates": [ -118.838419999742996, 44.008829999776196 ] } },
{ "type": "Feature", "properties": { "station_uid": "NRCS_snotel_726", "station_name": "Saddle Mountain", "station_type": "snotel", "station_type_label": "SNOTEL", "network_group": "Snow / soil climate stations", "provider": "USDA NRCS NWCC", "source_system": "NRCS NWCC", "source_layer": "stations_SNTL_ACTIVE", "station_id": "726", "site_num": "726", "station_triplet": "726:OR:SNTL", "shef_id": "SDMO3", "cdec_id": null, "operator_agency": "USDA NRCS NWCC", "owner_agency": null, "state": "OR", "county": "Washington", "basin": null, "huc": "170900100201", "elevation_ft": 3090.0, "latitude": 45.54475, "longitude": -123.3733, "start_date": "2.76048e+11", "end_date": "4102444800000", "status": "active", "site_page_url": "https://wcc.sc.egov.usda.gov/nwcc/site?sitenum=726", "data_page_url": "https://wcc.sc.egov.usda.gov/nwcc/site?sitenum=726", "source_url": "https://services.arcgis.com/SXbDpmb7xQkk44JV/ArcGIS/rest/services/stations_SNTL_ACTIVE/FeatureServer/0" }, "geometry": { "type": "Point", "coordinates": [ -123.373310000662997, 45.544750000141001 ] } },
{ "type": "Feature", "properties": { "station_uid": "NRCS_snotel_729", "station_name": "Salt Creek Falls", "station_type": "snotel", "station_type_label": "SNOTEL", "network_group": "Snow / soil climate stations", "provider": "USDA NRCS NWCC", "source_system": "NRCS NWCC", "source_layer": "stations_SNTL_ACTIVE", "station_id": "729", "site_num": "729", "station_triplet": "729:OR:SNTL", "shef_id": "SCFO3", "cdec_id": null, "operator_agency": "USDA NRCS NWCC", "owner_agency": null, "state": "OR", "county": "Lane", "basin": null, "huc": "170900010301", "elevation_ft": 4220.0, "latitude": 43.61193, "longitude": -122.1176, "start_date": "3.07584e+11", "end_date": "4102444800000", "status": "active", "site_page_url": "https://wcc.sc.egov.usda.gov/nwcc/site?sitenum=729", "data_page_url": "https://wcc.sc.egov.usda.gov/nwcc/site?sitenum=729", "source_url": "https://services.arcgis.com/SXbDpmb7xQkk44JV/ArcGIS/rest/services/stations_SNTL_ACTIVE/FeatureServer/0" }, "geometry": { "type": "Point", "coordinates": [ -122.117579999349999, 43.6119299997642 ] } },
{ "type": "Feature", "properties": { "station_uid": "NRCS_snotel_733", "station_name": "Santiam Jct.", "station_type": "snotel", "station_type_label": "SNOTEL", "network_group": "Snow / soil climate stations", "provider": "USDA NRCS NWCC", "source_system": "NRCS NWCC", "source_layer": "stations_SNTL_ACTIVE", "station_id": "733", "site_num": "733", "station_triplet": "733:OR:SNTL", "shef_id": "SAJO3", "cdec_id": null, "operator_agency": "USDA NRCS NWCC", "owner_agency": null, "state": "OR", "county": "Linn", "basin": null, "huc": "170900040201", "elevation_ft": 3740.0, "latitude": 44.43503, "longitude": -121.945, "start_date": "2.76048e+11", "end_date": "4102444800000", "status": "active", "site_page_url": "https://wcc.sc.egov.usda.gov/nwcc/site?sitenum=733", "data_page_url": "https://wcc.sc.egov.usda.gov/nwcc/site?sitenum=733", "source_url": "https://services.arcgis.com/SXbDpmb7xQkk44JV/ArcGIS/rest/services/stations_SNTL_ACTIVE/FeatureServer/0" }, "geometry": { "type": "Point", "coordinates": [ -121.945020000601005, 44.435030000127398 ] } },
{ "type": "Feature", "properties": { "station_uid": "NRCS_snotel_736", "station_name": "Schneider Meadows", "station_type": "snotel", "station_type_label": "SNOTEL", "network_group": "Snow / soil climate stations", "provider": "USDA NRCS NWCC", "source_system": "NRCS NWCC", "source_layer": "stations_SNTL_ACTIVE", "station_id": "736", "site_num": "736", "station_triplet": "736:OR:SNTL", "shef_id": "SCHO3", "cdec_id": null, "operator_agency": "USDA NRCS NWCC", "owner_agency": null, "state": "OR", "county": "Baker", "basin": null, "huc": "170502010603", "elevation_ft": 5400.0, "latitude": 45.00107, "longitude": -117.1652, "start_date": "339206400000", "end_date": "4102444800000", "status": "active", "site_page_url": "https://wcc.sc.egov.usda.gov/nwcc/site?sitenum=736", "data_page_url": "https://wcc.sc.egov.usda.gov/nwcc/site?sitenum=736", "source_url": "https://services.arcgis.com/SXbDpmb7xQkk44JV/ArcGIS/rest/services/stations_SNTL_ACTIVE/FeatureServer/0" }, "geometry": { "type": "Point", "coordinates": [ -117.165220000562002, 45.0010699999888 ] } },
{ "type": "Feature", "properties": { "station_uid": "NRCS_snotel_743", "station_name": "Seine Creek", "station_type": "snotel", "station_type_label": "SNOTEL", "network_group": "Snow / soil climate stations", "provider": "USDA NRCS NWCC", "source_system": "NRCS NWCC", "source_layer": "stations_SNTL_ACTIVE", "station_id": "743", "site_num": "743", "station_triplet": "743:OR:SNTL", "shef_id": "SECO3", "cdec_id": null, "operator_agency": "USDA NRCS NWCC", "owner_agency": null, "state": "OR", "county": "Washington", "basin": null, "huc": "170900100203", "elevation_ft": 2070.0, "latitude": 45.52688, "longitude": -123.2986, "start_date": "3.07584e+11", "end_date": "4102444800000", "status": "active", "site_page_url": "https://wcc.sc.egov.usda.gov/nwcc/site?sitenum=743", "data_page_url": "https://wcc.sc.egov.usda.gov/nwcc/site?sitenum=743", "source_url": "https://services.arcgis.com/SXbDpmb7xQkk44JV/ArcGIS/rest/services/stations_SNTL_ACTIVE/FeatureServer/0" }, "geometry": { "type": "Point", "coordinates": [ -123.298569999839998, 45.526880000009598 ] } },
{ "type": "Feature", "properties": { "station_uid": "NRCS_snotel_745", "station_name": "Sevenmile Marsh", "station_type": "snotel", "station_type_label": "SNOTEL", "network_group": "Snow / soil climate stations", "provider": "USDA NRCS NWCC", "source_system": "NRCS NWCC", "source_layer": "stations_SNTL_ACTIVE", "station_id": "745", "site_num": "745", "station_triplet": "745:OR:SNTL", "shef_id": "SVMO3", "cdec_id": null, "operator_agency": "USDA NRCS NWCC", "owner_agency": null, "state": "OR", "county": "Klamath", "basin": null, "huc": "180102030104", "elevation_ft": 5690.0, "latitude": 42.69825, "longitude": -122.1416, "start_date": "3.07584e+11", "end_date": "4102444800000", "status": "active", "site_page_url": "https://wcc.sc.egov.usda.gov/nwcc/site?sitenum=745", "data_page_url": "https://wcc.sc.egov.usda.gov/nwcc/site?sitenum=745", "source_url": "https://services.arcgis.com/SXbDpmb7xQkk44JV/ArcGIS/rest/services/stations_SNTL_ACTIVE/FeatureServer/0" }, "geometry": { "type": "Point", "coordinates": [ -122.141650000138995, 42.6982500000125 ] } },
{ "type": "Feature", "properties": { "station_uid": "NRCS_snotel_756", "station_name": "Silver Creek", "station_type": "snotel", "station_type_label": "SNOTEL", "network_group": "Snow / soil climate stations", "provider": "USDA NRCS NWCC", "source_system": "NRCS NWCC", "source_layer": "stations_SNTL_ACTIVE", "station_id": "756", "site_num": "756", "station_triplet": "756:OR:SNTL", "shef_id": "SVCO3", "cdec_id": null, "operator_agency": "USDA NRCS NWCC", "owner_agency": null, "state": "OR", "county": "Lake", "basin": null, "huc": "171200050206", "elevation_ft": 5750.0, "latitude": 42.95615, "longitude": -121.1812, "start_date": "3.07584e+11", "end_date": "4102444800000", "status": "active", "site_page_url": "https://wcc.sc.egov.usda.gov/nwcc/site?sitenum=756", "data_page_url": "https://wcc.sc.egov.usda.gov/nwcc/site?sitenum=756", "source_url": "https://services.arcgis.com/SXbDpmb7xQkk44JV/ArcGIS/rest/services/stations_SNTL_ACTIVE/FeatureServer/0" }, "geometry": { "type": "Point", "coordinates": [ -121.181230000572, 42.956150000304497 ] } },
{ "type": "Feature", "properties": { "station_uid": "NRCS_snotel_759", "station_name": "Silvies", "station_type": "snotel", "station_type_label": "SNOTEL", "network_group": "Snow / soil climate stations", "provider": "USDA NRCS NWCC", "source_system": "NRCS NWCC", "source_layer": "stations_SNTL_ACTIVE", "station_id": "759", "site_num": "759", "station_triplet": "759:OR:SNTL", "shef_id": "SLVO3", "cdec_id": null, "operator_agency": "USDA NRCS NWCC", "owner_agency": null, "state": "OR", "county": "Harney", "basin": null, "huc": "171200030201", "elevation_ft": 7000.0, "latitude": 42.75333, "longitude": -118.6879, "start_date": "2.76048e+11", "end_date": "4102444800000", "status": "active", "site_page_url": "https://wcc.sc.egov.usda.gov/nwcc/site?sitenum=759", "data_page_url": "https://wcc.sc.egov.usda.gov/nwcc/site?sitenum=759", "source_url": "https://services.arcgis.com/SXbDpmb7xQkk44JV/ArcGIS/rest/services/stations_SNTL_ACTIVE/FeatureServer/0" }, "geometry": { "type": "Point", "coordinates": [ -118.687850000598004, 42.753330000247097 ] } },
{ "type": "Feature", "properties": { "station_uid": "NRCS_snotel_1167", "station_name": "Smith Ridge", "station_type": "snotel", "station_type_label": "SNOTEL", "network_group": "Snow / soil climate stations", "provider": "USDA NRCS NWCC", "source_system": "NRCS NWCC", "source_layer": "stations_SNTL_ACTIVE", "station_id": "1167", "site_num": "1167", "station_triplet": "1167:OR:SNTL", "shef_id": "SMTO3", "cdec_id": null, "operator_agency": "USDA NRCS NWCC", "owner_agency": null, "state": "OR", "county": "Linn", "basin": null, "huc": "170900040203", "elevation_ft": 3270.0, "latitude": 44.30325, "longitude": -122.0405, "start_date": "1317427200000", "end_date": "4102444800000", "status": "active", "site_page_url": "https://wcc.sc.egov.usda.gov/nwcc/site?sitenum=1167", "data_page_url": "https://wcc.sc.egov.usda.gov/nwcc/site?sitenum=1167", "source_url": "https://services.arcgis.com/SXbDpmb7xQkk44JV/ArcGIS/rest/services/stations_SNTL_ACTIVE/FeatureServer/0" }, "geometry": { "type": "Point", "coordinates": [ -122.040530000041002, 44.3032499995712 ] } },
{ "type": "Feature", "properties": { "station_uid": "NRCS_snotel_767", "station_name": "Snow Mountain", "station_type": "snotel", "station_type_label": "SNOTEL", "network_group": "Snow / soil climate stations", "provider": "USDA NRCS NWCC", "source_system": "NRCS NWCC", "source_layer": "stations_SNTL_ACTIVE", "station_id": "767", "site_num": "767", "station_triplet": "767:OR:SNTL", "shef_id": "SNWO3", "cdec_id": null, "operator_agency": "USDA NRCS NWCC", "owner_agency": null, "state": "OR", "county": "Harney", "basin": null, "huc": "171200020501", "elevation_ft": 6230.0, "latitude": 43.94885, "longitude": -119.5401, "start_date": "2.76048e+11", "end_date": "4102444800000", "status": "active", "site_page_url": "https://wcc.sc.egov.usda.gov/nwcc/site?sitenum=767", "data_page_url": "https://wcc.sc.egov.usda.gov/nwcc/site?sitenum=767", "source_url": "https://services.arcgis.com/SXbDpmb7xQkk44JV/ArcGIS/rest/services/stations_SNTL_ACTIVE/FeatureServer/0" }, "geometry": { "type": "Point", "coordinates": [ -119.540130000415004, 43.948849999710099 ] } },
{ "type": "Feature", "properties": { "station_uid": "NRCS_snotel_925", "station_name": "South Fork Bull Run", "station_type": "snotel", "station_type_label": "SNOTEL", "network_group": "Snow / soil climate stations", "provider": "USDA NRCS NWCC", "source_system": "NRCS NWCC", "source_layer": "stations_SNTL_ACTIVE", "station_id": "925", "site_num": "925", "station_triplet": "925:OR:SNTL", "shef_id": "SFBO3", "cdec_id": null, "operator_agency": "USDA NRCS NWCC", "owner_agency": null, "state": "OR", "county": "Clackamas", "basin": null, "huc": "170800010504", "elevation_ft": 2690.0, "latitude": 45.44575, "longitude": -122.0313, "start_date": "874540800000", "end_date": "4102444800000", "status": "active", "site_page_url": "https://wcc.sc.egov.usda.gov/nwcc/site?sitenum=925", "data_page_url": "https://wcc.sc.egov.usda.gov/nwcc/site?sitenum=925", "source_url": "https://services.arcgis.com/SXbDpmb7xQkk44JV/ArcGIS/rest/services/stations_SNTL_ACTIVE/FeatureServer/0" }, "geometry": { "type": "Point", "coordinates": [ -122.031249999302005, 45.445749999765198 ] } },
{ "type": "Feature", "properties": { "station_uid": "NRCS_snotel_789", "station_name": "Starr Ridge", "station_type": "snotel", "station_type_label": "SNOTEL", "network_group": "Snow / soil climate stations", "provider": "USDA NRCS NWCC", "source_system": "NRCS NWCC", "source_layer": "stations_SNTL_ACTIVE", "station_id": "789", "site_num": "789", "station_triplet": "789:OR:SNTL", "shef_id": "STRO3", "cdec_id": null, "operator_agency": "USDA NRCS NWCC", "owner_agency": null, "state": "OR", "county": "Grant", "basin": null, "huc": "171200020102", "elevation_ft": 5240.0, "latitude": 44.26423, "longitude": -119.0216, "start_date": "3.07584e+11", "end_date": "4102444800000", "status": "active", "site_page_url": "https://wcc.sc.egov.usda.gov/nwcc/site?sitenum=789", "data_page_url": "https://wcc.sc.egov.usda.gov/nwcc/site?sitenum=789", "source_url": "https://services.arcgis.com/SXbDpmb7xQkk44JV/ArcGIS/rest/services/stations_SNTL_ACTIVE/FeatureServer/0" }, "geometry": { "type": "Point", "coordinates": [ -119.021620000371996, 44.264229999763899 ] } },
{ "type": "Feature", "properties": { "station_uid": "NRCS_snotel_794", "station_name": "Strawberry", "station_type": "snotel", "station_type_label": "SNOTEL", "network_group": "Snow / soil climate stations", "provider": "USDA NRCS NWCC", "source_system": "NRCS NWCC", "source_layer": "stations_SNTL_ACTIVE", "station_id": "794", "site_num": "794", "station_triplet": "794:OR:SNTL", "shef_id": "STWO3", "cdec_id": null, "operator_agency": "USDA NRCS NWCC", "owner_agency": null, "state": "OR", "county": "Lake", "basin": null, "huc": "180102040501", "elevation_ft": 5760.0, "latitude": 42.12587, "longitude": -120.8361, "start_date": "3.07584e+11", "end_date": "4102444800000", "status": "active", "site_page_url": "https://wcc.sc.egov.usda.gov/nwcc/site?sitenum=794", "data_page_url": "https://wcc.sc.egov.usda.gov/nwcc/site?sitenum=794", "source_url": "https://services.arcgis.com/SXbDpmb7xQkk44JV/ArcGIS/rest/services/stations_SNTL_ACTIVE/FeatureServer/0" }, "geometry": { "type": "Point", "coordinates": [ -120.836099999583993, 42.125869999721402 ] } },
{ "type": "Feature", "properties": { "station_uid": "NRCS_snotel_800", "station_name": "Summer Rim", "station_type": "snotel", "station_type_label": "SNOTEL", "network_group": "Snow / soil climate stations", "provider": "USDA NRCS NWCC", "source_system": "NRCS NWCC", "source_layer": "stations_SNTL_ACTIVE", "station_id": "800", "site_num": "800", "station_triplet": "800:OR:SNTL", "shef_id": "SMRO3", "cdec_id": null, "operator_agency": "USDA NRCS NWCC", "owner_agency": null, "state": "OR", "county": "Lake", "basin": null, "huc": "180102020103", "elevation_ft": 7080.0, "latitude": 42.6957, "longitude": -120.8016, "start_date": "2.76048e+11", "end_date": "4102444800000", "status": "active", "site_page_url": "https://wcc.sc.egov.usda.gov/nwcc/site?sitenum=800", "data_page_url": "https://wcc.sc.egov.usda.gov/nwcc/site?sitenum=800", "source_url": "https://services.arcgis.com/SXbDpmb7xQkk44JV/ArcGIS/rest/services/stations_SNTL_ACTIVE/FeatureServer/0" }, "geometry": { "type": "Point", "coordinates": [ -120.801580000336998, 42.695699999636801 ] } },
{ "type": "Feature", "properties": { "station_uid": "NRCS_snotel_801", "station_name": "Summit Lake", "station_type": "snotel", "station_type_label": "SNOTEL", "network_group": "Snow / soil climate stations", "provider": "USDA NRCS NWCC", "source_system": "NRCS NWCC", "source_layer": "stations_SNTL_ACTIVE", "station_id": "801", "site_num": "801", "station_triplet": "801:OR:SNTL", "shef_id": "SMLO3", "cdec_id": null, "operator_agency": "USDA NRCS NWCC", "owner_agency": null, "state": "OR", "county": "Klamath", "basin": null, "huc": "170703020203", "elevation_ft": 5610.0, "latitude": 43.44907, "longitude": -122.1381, "start_date": "2.76048e+11", "end_date": "4102444800000", "status": "active", "site_page_url": "https://wcc.sc.egov.usda.gov/nwcc/site?sitenum=801", "data_page_url": "https://wcc.sc.egov.usda.gov/nwcc/site?sitenum=801", "source_url": "https://services.arcgis.com/SXbDpmb7xQkk44JV/ArcGIS/rest/services/stations_SNTL_ACTIVE/FeatureServer/0" }, "geometry": { "type": "Point", "coordinates": [ -122.138079999667994, 43.449069999959299 ] } },
{ "type": "Feature", "properties": { "station_uid": "NRCS_snotel_1078", "station_name": "Sun Pass", "station_type": "snotel", "station_type_label": "SNOTEL", "network_group": "Snow / soil climate stations", "provider": "USDA NRCS NWCC", "source_system": "NRCS NWCC", "source_layer": "stations_SNTL_ACTIVE", "station_id": "1078", "site_num": "1078", "station_triplet": "1078:OR:SNTL", "shef_id": "SSSO3", "cdec_id": null, "operator_agency": "USDA NRCS NWCC", "owner_agency": null, "state": "OR", "county": "Klamath", "basin": null, "huc": "180102010602", "elevation_ft": 5400.0, "latitude": 42.78637, "longitude": -121.9771, "start_date": "1151366400000", "end_date": "4102444800000", "status": "active", "site_page_url": "https://wcc.sc.egov.usda.gov/nwcc/site?sitenum=1078", "data_page_url": "https://wcc.sc.egov.usda.gov/nwcc/site?sitenum=1078", "source_url": "https://services.arcgis.com/SXbDpmb7xQkk44JV/ArcGIS/rest/services/stations_SNTL_ACTIVE/FeatureServer/0" }, "geometry": { "type": "Point", "coordinates": [ -121.977150000286997, 42.786369999698302 ] } },
{ "type": "Feature", "properties": { "station_uid": "NRCS_snotel_1077", "station_name": "Swan Lake Mtn", "station_type": "snotel", "station_type_label": "SNOTEL", "network_group": "Snow / soil climate stations", "provider": "USDA NRCS NWCC", "source_system": "NRCS NWCC", "source_layer": "stations_SNTL_ACTIVE", "station_id": "1077", "site_num": "1077", "station_triplet": "1077:OR:SNTL", "shef_id": "SWNO3", "cdec_id": null, "operator_agency": "USDA NRCS NWCC", "owner_agency": null, "state": "OR", "county": "Klamath", "basin": null, "huc": "180102040802", "elevation_ft": 6830.0, "latitude": 42.41323, "longitude": -121.68, "start_date": "1159660800000", "end_date": "4102444800000", "status": "active", "site_page_url": "https://wcc.sc.egov.usda.gov/nwcc/site?sitenum=1077", "data_page_url": "https://wcc.sc.egov.usda.gov/nwcc/site?sitenum=1077", "source_url": "https://services.arcgis.com/SXbDpmb7xQkk44JV/ArcGIS/rest/services/stations_SNTL_ACTIVE/FeatureServer/0" }, "geometry": { "type": "Point", "coordinates": [ -121.680019999980999, 42.413230000286298 ] } },
{ "type": "Feature", "properties": { "station_uid": "NRCS_snotel_810", "station_name": "Taylor Butte", "station_type": "snotel", "station_type_label": "SNOTEL", "network_group": "Snow / soil climate stations", "provider": "USDA NRCS NWCC", "source_system": "NRCS NWCC", "source_layer": "stations_SNTL_ACTIVE", "station_id": "810", "site_num": "810", "station_triplet": "810:OR:SNTL", "shef_id": "TYBO3", "cdec_id": null, "operator_agency": "USDA NRCS NWCC", "owner_agency": null, "state": "OR", "county": "Klamath", "basin": null, "huc": "180102020606", "elevation_ft": 5030.0, "latitude": 42.69108, "longitude": -121.4259, "start_date": "2.76048e+11", "end_date": "4102444800000", "status": "active", "site_page_url": "https://wcc.sc.egov.usda.gov/nwcc/site?sitenum=810", "data_page_url": "https://wcc.sc.egov.usda.gov/nwcc/site?sitenum=810", "source_url": "https://services.arcgis.com/SXbDpmb7xQkk44JV/ArcGIS/rest/services/stations_SNTL_ACTIVE/FeatureServer/0" }, "geometry": { "type": "Point", "coordinates": [ -121.425919999841, 42.6910800004447 ] } },
{ "type": "Feature", "properties": { "station_uid": "NRCS_snotel_812", "station_name": "Taylor Green", "station_type": "snotel", "station_type_label": "SNOTEL", "network_group": "Snow / soil climate stations", "provider": "USDA NRCS NWCC", "source_system": "NRCS NWCC", "source_layer": "stations_SNTL_ACTIVE", "station_id": "812", "site_num": "812", "station_triplet": "812:OR:SNTL", "shef_id": "TYLO3", "cdec_id": null, "operator_agency": "USDA NRCS NWCC", "owner_agency": null, "state": "OR", "county": "Baker", "basin": null, "huc": "170601040502", "elevation_ft": 5730.0, "latitude": 45.07707, "longitude": -117.5507, "start_date": "2.76048e+11", "end_date": "4102444800000", "status": "active", "site_page_url": "https://wcc.sc.egov.usda.gov/nwcc/site?sitenum=812", "data_page_url": "https://wcc.sc.egov.usda.gov/nwcc/site?sitenum=812", "source_url": "https://services.arcgis.com/SXbDpmb7xQkk44JV/ArcGIS/rest/services/stations_SNTL_ACTIVE/FeatureServer/0" }, "geometry": { "type": "Point", "coordinates": [ -117.550670000246996, 45.077069999980502 ] } },
{ "type": "Feature", "properties": { "station_uid": "NRCS_snotel_815", "station_name": "Three Creeks Meadow", "station_type": "snotel", "station_type_label": "SNOTEL", "network_group": "Snow / soil climate stations", "provider": "USDA NRCS NWCC", "source_system": "NRCS NWCC", "source_layer": "stations_SNTL_ACTIVE", "station_id": "815", "site_num": "815", "station_triplet": "815:OR:SNTL", "shef_id": "TCMO3", "cdec_id": null, "operator_agency": "USDA NRCS NWCC", "owner_agency": null, "state": "OR", "county": "Deschutes", "basin": null, "huc": "170703010601", "elevation_ft": 5680.0, "latitude": 44.14425, "longitude": -121.641, "start_date": "3.07584e+11", "end_date": "4102444800000", "status": "active", "site_page_url": "https://wcc.sc.egov.usda.gov/nwcc/site?sitenum=815", "data_page_url": "https://wcc.sc.egov.usda.gov/nwcc/site?sitenum=815", "source_url": "https://services.arcgis.com/SXbDpmb7xQkk44JV/ArcGIS/rest/services/stations_SNTL_ACTIVE/FeatureServer/0" }, "geometry": { "type": "Point", "coordinates": [ -121.640949999585999, 44.144249999922501 ] } },
{ "type": "Feature", "properties": { "station_uid": "NRCS_snotel_821", "station_name": "Tipton", "station_type": "snotel", "station_type_label": "SNOTEL", "network_group": "Snow / soil climate stations", "provider": "USDA NRCS NWCC", "source_system": "NRCS NWCC", "source_layer": "stations_SNTL_ACTIVE", "station_id": "821", "site_num": "821", "station_triplet": "821:OR:SNTL", "shef_id": "TIPO3", "cdec_id": null, "operator_agency": "USDA NRCS NWCC", "owner_agency": null, "state": "OR", "county": "Baker", "basin": null, "huc": "170502020101", "elevation_ft": 5150.0, "latitude": 44.65567, "longitude": -118.4262, "start_date": "2.76048e+11", "end_date": "4102444800000", "status": "active", "site_page_url": "https://wcc.sc.egov.usda.gov/nwcc/site?sitenum=821", "data_page_url": "https://wcc.sc.egov.usda.gov/nwcc/site?sitenum=821", "source_url": "https://services.arcgis.com/SXbDpmb7xQkk44JV/ArcGIS/rest/services/stations_SNTL_ACTIVE/FeatureServer/0" }, "geometry": { "type": "Point", "coordinates": [ -118.426169999650995, 44.655670000289398 ] } },
{ "type": "Feature", "properties": { "station_uid": "NRCS_snotel_1044", "station_name": "Toketee Airstrip", "station_type": "snotel", "station_type_label": "SNOTEL", "network_group": "Snow / soil climate stations", "provider": "USDA NRCS NWCC", "source_system": "NRCS NWCC", "source_layer": "stations_SNTL_ACTIVE", "station_id": "1044", "site_num": "1044", "station_triplet": "1044:OR:SNTL", "shef_id": "TOKO3", "cdec_id": null, "operator_agency": "USDA NRCS NWCC", "owner_agency": null, "state": "OR", "county": "Douglas", "basin": null, "huc": "171003010404", "elevation_ft": 3240.0, "latitude": 43.22718, "longitude": -122.4254, "start_date": "1064966400000", "end_date": "4102444800000", "status": "active", "site_page_url": "https://wcc.sc.egov.usda.gov/nwcc/site?sitenum=1044", "data_page_url": "https://wcc.sc.egov.usda.gov/nwcc/site?sitenum=1044", "source_url": "https://services.arcgis.com/SXbDpmb7xQkk44JV/ArcGIS/rest/services/stations_SNTL_ACTIVE/FeatureServer/0" }, "geometry": { "type": "Point", "coordinates": [ -122.425370000409998, 43.227179999769596 ] } },
{ "type": "Feature", "properties": { "station_uid": "NRCS_snotel_873", "station_name": "Wolf Creek", "station_type": "snotel", "station_type_label": "SNOTEL", "network_group": "Snow / soil climate stations", "provider": "USDA NRCS NWCC", "source_system": "NRCS NWCC", "source_layer": "stations_SNTL_ACTIVE", "station_id": "873", "site_num": "873", "station_triplet": "873:OR:SNTL", "shef_id": "WFCO3", "cdec_id": null, "operator_agency": "USDA NRCS NWCC", "owner_agency": null, "state": "OR", "county": "Union", "basin": null, "huc": "170502030601", "elevation_ft": 5730.0, "latitude": 45.06704, "longitude": -118.1518, "start_date": "2.76048e+11", "end_date": "4102444800000", "status": "active", "site_page_url": "https://wcc.sc.egov.usda.gov/nwcc/site?sitenum=873", "data_page_url": "https://wcc.sc.egov.usda.gov/nwcc/site?sitenum=873", "source_url": "https://services.arcgis.com/SXbDpmb7xQkk44JV/ArcGIS/rest/services/stations_SNTL_ACTIVE/FeatureServer/0" }, "geometry": { "type": "Point", "coordinates": [ -118.151850000628002, 45.067040000212998 ] } }
]
}
