"layer_id","duplicate_type","key","count"
"blm_offices","same rounded coordinate","-116.505114,33.839973",2
"blm_offices","same rounded coordinate","-119.076254,35.444121",2
"blm_offices","same rounded coordinate","-122.303277,40.509514",2
"cnrfc_stream","same rounded coordinate","-117.63639,33.89056",3
"cnrfc_stream","same rounded coordinate","-117.0375,32.54167",2
"cnrfc_stream","same rounded coordinate","-117.23083,33.74611",2
"cnrfc_stream","same rounded coordinate","-117.64417,33.71278",2
"cnrfc_stream","same rounded coordinate","-117.72972,34.01861",2
"cnrfc_stream","same rounded coordinate","-117.90833,33.74889",2
"cnrfc_stream","same rounded coordinate","-117.96861,34.11222",2
"cnrfc_stream","same rounded coordinate","-118.0275,33.87111",2
"cnrfc_stream","same rounded coordinate","-118.06445,33.81528",2
"cnrfc_stream","same rounded coordinate","-118.0875,34.01667",2
"cnrfc_stream","same rounded coordinate","-118.17444,34.18556",2
"cnrfc_stream","same rounded coordinate","-118.46583,34.16167",2
"cnrfc_stream","same rounded coordinate","-119.02722,36.4475",2
"cnrfc_stream","same rounded coordinate","-119.03889,34.17944",2
"cnrfc_stream","same rounded coordinate","-119.10778,34.29944",2
"cnrfc_stream","same rounded coordinate","-119.21389,38.32778",2
"cnrfc_stream","same rounded coordinate","-119.61417,37.46944",2
"cnrfc_stream","same rounded coordinate","-119.86389,34.54361",2
"cnrfc_stream","same rounded coordinate","-119.99806,38.39306",2
"cnrfc_stream","same rounded coordinate","-120.22472,38.98778",2
"cnrfc_stream","same rounded coordinate","-120.33139,37.52167",2
"cnrfc_stream","same rounded coordinate","-120.935,37.915",2
"cnrfc_stream","same rounded coordinate","-120.94917,39.13556",2
"cnrfc_stream","same rounded coordinate","-121.22667,38.63556",2
"cnrfc_stream","same rounded coordinate","-121.30583,37.78611",2
"cnrfc_stream","same rounded coordinate","-121.41222,37.80195",2
"cnrfc_stream","same rounded coordinate","-121.48834,37.89084",2
"cnrfc_stream","same rounded coordinate","-121.49333,37.07778",2
"cnrfc_stream","same rounded coordinate","-121.53389,37.94305",2
"cnrfc_stream","same rounded coordinate","-121.92,38.04278",2
"cnrfc_stream","same rounded coordinate","-122.35361,38.41833",2
"cnrfc_stream","same rounded coordinate","-122.85222,38.49417",2
"cnrfc_stream","same rounded coordinate","-123.10555,41.96306",2
"cnrfc_stream","same rounded coordinate","-123.18639,39.1975",2
"cnrfc_precip","same rounded coordinate","-116.42778,32.88111",2
"cnrfc_precip","same rounded coordinate","-116.86139,33.35833",2
"cnrfc_precip","same rounded coordinate","-117.09972,34.10833",2
"cnrfc_precip","same rounded coordinate","-117.27111,34.51305",2
"cnrfc_precip","same rounded coordinate","-117.63639,33.89056",2
"cnrfc_precip","same rounded coordinate","-117.64417,33.71278",2
"cnrfc_precip","same rounded coordinate","-117.80139,33.60556",2
"cnrfc_precip","same rounded coordinate","-118.02,34.18417",2
"cnrfc_precip","same rounded coordinate","-118.38444,34.26028",2
"cnrfc_precip","same rounded coordinate","-118.58306,36.41194",2
"cnrfc_precip","same rounded coordinate","-118.925,34.45083",2
"cnrfc_precip","same rounded coordinate","-119.83694,39.1625",2
"cnrfc_precip","same rounded coordinate","-119.8513,34.5013",2
"cnrfc_precip","same rounded coordinate","-120.47889,39.97889",2
"cnrfc_precip","same rounded coordinate","-120.94,39.08",2
"cnrfc_precip","same rounded coordinate","-121.96028,37.25861",2
"cnrfc_precip","same rounded coordinate","-122.79583,38.0425",2
"cnrfc_precip","same rounded coordinate","-122.8025,40.71944",2
"cnrfc_precip","same rounded coordinate","-123.965,41.84528",2
"cdec_reservoir_stations","same rounded coordinate","-121.001999,37.000999",2
"cdec_reservoir_stations","same rounded coordinate","-121.139999,39.393002",2
"cdec_reservoir_stations","same rounded coordinate","-121.266998,39.238998",2
"cdec_reservoir_stations","same rounded coordinate","-121.46196,39.511501",2
"usgs_streamgages","same rounded coordinate","-117.449494,34.203063",7
"usgs_streamgages","same rounded coordinate","-121.644954,38.107141",6
"usgs_streamgages","same rounded coordinate","-117.100591,34.108345",5
"usgs_streamgages","same rounded coordinate","-118.822594,35.430235",5
"usgs_streamgages","same rounded coordinate","-121.154694,41.015166",5
"usgs_streamgages","same rounded coordinate","-121.648843,38.107974",5
"usgs_streamgages","same rounded coordinate","-117.449494,34.202786",4
"usgs_streamgages","same rounded coordinate","-123.128338,39.361552",4
"usgs_streamgages","same rounded coordinate","-117.458103,33.964737",3
"usgs_streamgages","same rounded coordinate","-117.570324,33.426417",3
"usgs_streamgages","same rounded coordinate","-118.080919,36.438825",3
"usgs_streamgages","same rounded coordinate","-118.31538,37.144931",3
"usgs_streamgages","same rounded coordinate","-119.141783,36.87467",3
"usgs_streamgages","same rounded coordinate","-120.117696,39.328796",3
"usgs_streamgages","same rounded coordinate","-120.131587,39.37324",3
"usgs_streamgages","same rounded coordinate","-120.582436,39.522678",3
"usgs_streamgages","same rounded coordinate","-121.280518,39.56211",3
"usgs_streamgages","same rounded coordinate","-121.475246,39.535442",3
"usgs_streamgages","same rounded coordinate","-121.629694,39.514608",3
"usgs_streamgages","same rounded coordinate","-121.87555,41.040158",3
"usgs_streamgages","same rounded coordinate","-121.877217,41.042103",3
"usgs_streamgages","same rounded coordinate","-116.621126,33.898904",2
"usgs_streamgages","same rounded coordinate","-116.671682,33.869461",2
"usgs_streamgages","same rounded coordinate","-116.681127,33.870572",2
"usgs_streamgages","same rounded coordinate","-116.83391,33.738076",2
"usgs_streamgages","same rounded coordinate","-116.974472,33.336145",2
"usgs_streamgages","same rounded coordinate","-117.037532,34.090845",2
"usgs_streamgages","same rounded coordinate","-117.141704,34.118345",2
"usgs_streamgages","same rounded coordinate","-117.308654,34.06918",2
"usgs_streamgages","same rounded coordinate","-117.539774,34.185008",2
"usgs_streamgages","same rounded coordinate","-117.663106,33.491693",2
"usgs_streamgages","same rounded coordinate","-117.776721,33.822794",2
"usgs_streamgages","same rounded coordinate","-118.462335,37.349652",2
"usgs_streamgages","same rounded coordinate","-118.477586,35.945226",2
"usgs_streamgages","same rounded coordinate","-118.484808,35.639119",2
"usgs_streamgages","same rounded coordinate","-118.677033,35.520789",2
"usgs_streamgages","same rounded coordinate","-118.695647,36.174669",2
"usgs_streamgages","same rounded coordinate","-118.749814,36.149948",2
"usgs_streamgages","same rounded coordinate","-118.788431,36.451335",2
"usgs_streamgages","same rounded coordinate","-118.836766,36.486057",2
"usgs_streamgages","same rounded coordinate","-118.86954,36.100505",2
"usgs_streamgages","same rounded coordinate","-118.998452,37.359942",2
"usgs_streamgages","same rounded coordinate","-119.130701,37.75882",2
"usgs_streamgages","same rounded coordinate","-119.215709,38.032701",2
"usgs_streamgages","same rounded coordinate","-119.507902,34.492215",2
"usgs_streamgages","same rounded coordinate","-119.645429,38.735729",2
"usgs_streamgages","same rounded coordinate","-119.658762,38.704063",2
"usgs_streamgages","same rounded coordinate","-119.662395,38.709351",2
"usgs_streamgages","same rounded coordinate","-119.885453,37.65132",2
"usgs_streamgages","same rounded coordinate","-120.084366,39.435741",2
"usgs_streamgages","same rounded coordinate","-120.099076,38.193251",2
"usgs_streamgages","same rounded coordinate","-120.247136,39.019352",2
"usgs_streamgages","same rounded coordinate","-120.277426,39.501294",2
"usgs_streamgages","same rounded coordinate","-120.328528,38.763518",2
"usgs_streamgages","same rounded coordinate","-120.372974,38.141309",2
"usgs_streamgages","same rounded coordinate","-120.442139,37.666321",2
"usgs_streamgages","same rounded coordinate","-120.471589,39.051016",2
"usgs_streamgages","same rounded coordinate","-120.483256,39.049071",2
"usgs_streamgages","same rounded coordinate","-120.555212,39.509901",2
"usgs_streamgages","same rounded coordinate","-120.701598,38.772958",2
"usgs_streamgages","same rounded coordinate","-120.767437,39.256844",2
"usgs_streamgages","same rounded coordinate","-120.775489,38.794347",2
"usgs_streamgages","same rounded coordinate","-121.052178,39.614336",2
"usgs_streamgages","same rounded coordinate","-121.056056,38.872122",2
"usgs_streamgages","same rounded coordinate","-121.081621,39.392948",2
"usgs_streamgages","same rounded coordinate","-121.095235,39.530168",2
"usgs_streamgages","same rounded coordinate","-121.144401,39.390447",2
"usgs_streamgages","same rounded coordinate","-121.469413,39.72294",2
"usgs_streamgages","same rounded coordinate","-121.547748,39.521553",2
"usgs_streamgages","same rounded coordinate","-121.672739,38.678515",2
"usgs_streamgages","same rounded coordinate","-121.686085,39.505164",2
"usgs_streamgages","same rounded coordinate","-121.716353,38.802957",2
"usgs_streamgages","same rounded coordinate","-123.467524,40.110148",2
"usgs_streamgages","same rounded coordinate","-123.608926,40.48292",2
"usgs_wells","same rounded coordinate","-117.237611,34.398611",11
"usgs_wells","same rounded coordinate","-117.248389,34.451278",10
"usgs_wells","same rounded coordinate","-117.377669,34.450156",10
"usgs_wells","same rounded coordinate","-117.807555,33.701131",10
"usgs_wells","same rounded coordinate","-120.373224,36.755505",10
"usgs_wells","same rounded coordinate","-116.973497,33.977131",9
"usgs_wells","same rounded coordinate","-117.242194,34.431417",9
"usgs_wells","same rounded coordinate","-117.365194,34.460611",8
"usgs_wells","same rounded coordinate","-117.35125,34.472667",7
"usgs_wells","same rounded coordinate","-117.722287,35.636344",7
"usgs_wells","same rounded coordinate","-120.516278,34.915534",7
"usgs_wells","same rounded coordinate","-120.541,34.678594",7
"usgs_wells","same rounded coordinate","-120.645173,34.973032",7
"usgs_wells","same rounded coordinate","-121.644121,38.107141",7
"usgs_wells","same rounded coordinate","-117.016056,33.500472",6
"usgs_wells","same rounded coordinate","-117.059411,32.616597",6
"usgs_wells","same rounded coordinate","-117.072239,32.737761",6
"usgs_wells","same rounded coordinate","-117.085578,32.659036",6
"usgs_wells","same rounded coordinate","-117.101361,32.635556",6
"usgs_wells","same rounded coordinate","-117.109947,32.718933",6
"usgs_wells","same rounded coordinate","-117.118572,33.472131",6
"usgs_wells","same rounded coordinate","-117.385061,34.121139",6
"usgs_wells","same rounded coordinate","-117.388203,34.435247",6
"usgs_wells","same rounded coordinate","-117.394819,34.429525",6
"usgs_wells","same rounded coordinate","-117.4277,34.170431",6
"usgs_wells","same rounded coordinate","-117.891833,34.819444",6
"usgs_wells","same rounded coordinate","-117.938679,34.80887",6
"usgs_wells","same rounded coordinate","-117.953402,34.822481",6
"usgs_wells","same rounded coordinate","-118.061425,33.978578",6
"usgs_wells","same rounded coordinate","-118.073679,33.995291",6
"usgs_wells","same rounded coordinate","-118.088383,33.798",6
"usgs_wells","same rounded coordinate","-118.089083,33.772917",6
"usgs_wells","same rounded coordinate","-118.103128,33.929275",6
"usgs_wells","same rounded coordinate","-118.104306,33.877722",6
"usgs_wells","same rounded coordinate","-118.115439,33.974825",6
"usgs_wells","same rounded coordinate","-118.137994,33.921311",6
"usgs_wells","same rounded coordinate","-118.140351,34.668042",6
"usgs_wells","same rounded coordinate","-118.1492,33.810425",6
"usgs_wells","same rounded coordinate","-118.152258,33.853592",6
"usgs_wells","same rounded coordinate","-118.17,34.011111",6
"usgs_wells","same rounded coordinate","-118.172136,33.793692",6
"usgs_wells","same rounded coordinate","-118.189447,33.980328",6
"usgs_wells","same rounded coordinate","-118.201111,33.85",6
"usgs_wells","same rounded coordinate","-118.235267,33.892583",6
"usgs_wells","same rounded coordinate","-118.314,33.804644",6
"usgs_wells","same rounded coordinate","-118.345953,33.858839",6
"usgs_wells","same rounded coordinate","-118.366178,33.911756",6
"usgs_wells","same rounded coordinate","-121.235504,38.592406",6
"usgs_wells","same rounded coordinate","-121.238004,38.589628",6
"usgs_wells","same rounded coordinate","-114.621632,34.848337",5
"usgs_wells","same rounded coordinate","-114.700569,33.360948",5
"usgs_wells","same rounded coordinate","-115.517769,32.896716",5
"usgs_wells","same rounded coordinate","-116.356706,36.264679",5
"usgs_wells","same rounded coordinate","-116.611214,35.288217",5
"usgs_wells","same rounded coordinate","-116.690664,35.258292",5
"usgs_wells","same rounded coordinate","-116.755189,34.901261",5
"usgs_wells","same rounded coordinate","-116.940517,34.480489",5
"usgs_wells","same rounded coordinate","-116.972244,33.977842",5
"usgs_wells","same rounded coordinate","-117.030305,33.807519",5
"usgs_wells","same rounded coordinate","-117.032778,32.645167",5
"usgs_wells","same rounded coordinate","-117.042249,33.703077",5
"usgs_wells","same rounded coordinate","-117.053892,32.591236",5
"usgs_wells","same rounded coordinate","-117.060878,34.026769",5
"usgs_wells","same rounded coordinate","-117.061603,32.553644",5
"usgs_wells","same rounded coordinate","-117.075469,32.559",5
"usgs_wells","same rounded coordinate","-117.075889,33.482722",5
"usgs_wells","same rounded coordinate","-117.083475,32.591006",5
"usgs_wells","same rounded coordinate","-117.085597,32.687794",5
"usgs_wells","same rounded coordinate","-117.097092,34.024978",5
"usgs_wells","same rounded coordinate","-117.098244,32.654414",5
"usgs_wells","same rounded coordinate","-117.106097,32.545078",5
"usgs_wells","same rounded coordinate","-117.112381,32.682081",5
"usgs_wells","same rounded coordinate","-117.120856,32.778092",5
"usgs_wells","same rounded coordinate","-117.142111,32.721836",5
"usgs_wells","same rounded coordinate","-117.177208,34.084322",5
"usgs_wells","same rounded coordinate","-117.226988,34.436944",5
"usgs_wells","same rounded coordinate","-117.231169,34.420561",5
"usgs_wells","same rounded coordinate","-117.275869,34.085569",5
"usgs_wells","same rounded coordinate","-117.29515,34.077411",5
"usgs_wells","same rounded coordinate","-117.306917,34.379253",5
"usgs_wells","same rounded coordinate","-117.31475,34.057464",5
"usgs_wells","same rounded coordinate","-117.3178,34.070561",5
"usgs_wells","same rounded coordinate","-117.317825,34.762764",5
"usgs_wells","same rounded coordinate","-117.317833,34.054775",5
"usgs_wells","same rounded coordinate","-117.355669,34.089361",5
"usgs_wells","same rounded coordinate","-117.426981,34.137411",5
"usgs_wells","same rounded coordinate","-117.83812,34.84887",5
"usgs_wells","same rounded coordinate","-117.887844,34.809704",5
"usgs_wells","same rounded coordinate","-118.007992,33.882961",5
"usgs_wells","same rounded coordinate","-118.046264,33.929708",5
"usgs_wells","same rounded coordinate","-118.055411,33.911958",5
"usgs_wells","same rounded coordinate","-118.074228,33.934128",5
"usgs_wells","same rounded coordinate","-118.0875,33.971667",5
"usgs_wells","same rounded coordinate","-118.176867,33.944889",5
"usgs_wells","same rounded coordinate","-118.192872,33.893792",5
"usgs_wells","same rounded coordinate","-118.217583,33.818019",5
"usgs_wells","same rounded coordinate","-118.237017,33.988014",5
"usgs_wells","same rounded coordinate","-118.238903,33.800569",5
"usgs_wells","same rounded coordinate","-118.265622,33.997733",5
"usgs_wells","same rounded coordinate","-118.267667,33.782331",5
"usgs_wells","same rounded coordinate","-118.281503,33.822639",5
"usgs_wells","same rounded coordinate","-118.299856,33.876556",5
"usgs_wells","same rounded coordinate","-118.359664,33.966967",5
"usgs_wells","same rounded coordinate","-118.415333,33.956628",5
"usgs_wells","same rounded coordinate","-118.765963,37.657988",5
"usgs_wells","same rounded coordinate","-118.81315,34.393053",5
"usgs_wells","same rounded coordinate","-119.068159,34.212783",5
"usgs_wells","same rounded coordinate","-119.06816,34.342777",5
"usgs_wells","same rounded coordinate","-119.126772,34.153894",5
"usgs_wells","same rounded coordinate","-119.151218,34.246949",5
"usgs_wells","same rounded coordinate","-119.161495,34.125561",5
"usgs_wells","same rounded coordinate","-119.186774,34.140839",5
"usgs_wells","same rounded coordinate","-119.203441,34.154449",5
"usgs_wells","same rounded coordinate","-119.420694,35.217667",5
"usgs_wells","same rounded coordinate","-119.624288,36.715491",5
"usgs_wells","same rounded coordinate","-119.728322,35.513631",5
"usgs_wells","same rounded coordinate","-119.747431,35.680161",5
"usgs_wells","same rounded coordinate","-121.230226,38.581295",5
"usgs_wells","same rounded coordinate","-121.238004,38.592683",5
"usgs_wells","same rounded coordinate","-121.24106,38.589072",5
"usgs_wells","same rounded coordinate","-121.244115,38.595461",5
"usgs_wells","same rounded coordinate","-121.254949,38.585461",5
"usgs_wells","same rounded coordinate","-121.255227,38.594072",5
"usgs_wells","same rounded coordinate","-121.370972,38.054611",5
"usgs_wells","same rounded coordinate","-121.428842,38.56435",5
"usgs_wells","same rounded coordinate","-121.903222,37.316167",5
"usgs_wells","same rounded coordinate","-122.15585,37.667819",5
"usgs_wells","same rounded coordinate","-114.736072,33.500046",4
"usgs_wells","same rounded coordinate","-115.05436,33.673688",4
"usgs_wells","same rounded coordinate","-115.54333,32.745058",4
"usgs_wells","same rounded coordinate","-115.543885,32.744502",4
"usgs_wells","same rounded coordinate","-115.555266,33.190872",4
"usgs_wells","same rounded coordinate","-115.563044,33.19115",4
"usgs_wells","same rounded coordinate","-116.042501,34.127521",4
"usgs_wells","same rounded coordinate","-116.246399,34.278612",4
"usgs_wells","same rounded coordinate","-116.280386,34.307103",4
"usgs_wells","same rounded coordinate","-116.368095,36.28329",4
"usgs_wells","same rounded coordinate","-116.373372,36.237457",4
"usgs_wells","same rounded coordinate","-116.378511,34.128172",4
"usgs_wells","same rounded coordinate","-116.412513,34.129451",4
"usgs_wells","same rounded coordinate","-116.6452,34.928358",4
"usgs_wells","same rounded coordinate","-116.645369,34.85125",4
"usgs_wells","same rounded coordinate","-116.665706,33.540656",4
"usgs_wells","same rounded coordinate","-116.683272,35.260861",4
"usgs_wells","same rounded coordinate","-116.684008,33.923608",4
"usgs_wells","same rounded coordinate","-116.693639,33.925164",4
"usgs_wells","same rounded coordinate","-116.755036,34.903989",4
"usgs_wells","same rounded coordinate","-116.771684,33.91946",4
"usgs_wells","same rounded coordinate","-116.81845,33.921464",4
"usgs_wells","same rounded coordinate","-116.851344,33.9253",4
"usgs_wells","same rounded coordinate","-116.883722,34.873814",4
"usgs_wells","same rounded coordinate","-116.901134,33.73141",4
"usgs_wells","same rounded coordinate","-116.927306,33.936389",4
"usgs_wells","same rounded coordinate","-116.928267,34.460489",4
"usgs_wells","same rounded coordinate","-116.935542,34.8791",4
"usgs_wells","same rounded coordinate","-116.940072,34.878172",4
"usgs_wells","same rounded coordinate","-116.947153,33.954133",4
"usgs_wells","same rounded coordinate","-116.953303,34.880858",4
"usgs_wells","same rounded coordinate","-116.962706,34.880761",4
"usgs_wells","same rounded coordinate","-116.967802,33.751131",4
"usgs_wells","same rounded coordinate","-116.99655,34.891461",4
"usgs_wells","same rounded coordinate","-117.006414,33.774742",4
"usgs_wells","same rounded coordinate","-117.023333,32.672778",4
"usgs_wells","same rounded coordinate","-117.035878,34.046825",4
"usgs_wells","same rounded coordinate","-117.036392,34.012917",4
"usgs_wells","same rounded coordinate","-117.127997,34.897428",4
"usgs_wells","same rounded coordinate","-117.162578,34.8571",4
"usgs_wells","same rounded coordinate","-117.188314,34.495039",4
"usgs_wells","same rounded coordinate","-117.192534,33.305311",4
"usgs_wells","same rounded coordinate","-117.202257,33.704743",4
"usgs_wells","same rounded coordinate","-117.213099,34.456944",4
"usgs_wells","same rounded coordinate","-117.230321,34.468332",4
"usgs_wells","same rounded coordinate","-117.233932,34.361114",4
"usgs_wells","same rounded coordinate","-117.237408,34.388225",4
"usgs_wells","same rounded coordinate","-117.252447,34.470519",4
"usgs_wells","same rounded coordinate","-117.265042,34.150843",4
"usgs_wells","same rounded coordinate","-117.269969,34.09855",4
"usgs_wells","same rounded coordinate","-117.277017,34.529411",4
"usgs_wells","same rounded coordinate","-117.280689,34.468069",4
"usgs_wells","same rounded coordinate","-117.283911,34.069481",4
"usgs_wells","same rounded coordinate","-117.308089,34.096161",4
"usgs_wells","same rounded coordinate","-117.308936,34.769152",4
"usgs_wells","same rounded coordinate","-117.311744,34.115114",4
"usgs_wells","same rounded coordinate","-117.326992,34.756653",4
"usgs_wells","same rounded coordinate","-117.330189,34.099919",4
"usgs_wells","same rounded coordinate","-117.336437,34.769708",4
"usgs_wells","same rounded coordinate","-117.352989,34.674592",4
"usgs_wells","same rounded coordinate","-117.372681,34.134511",4
"usgs_wells","same rounded coordinate","-117.377739,34.103111",4
"usgs_wells","same rounded coordinate","-117.4007,34.134289",4
"usgs_wells","same rounded coordinate","-117.721732,35.634678",4
"usgs_wells","same rounded coordinate","-117.807555,33.701408",4
"usgs_wells","same rounded coordinate","-117.919234,34.822759",4
"usgs_wells","same rounded coordinate","-118.000167,33.935956",4
"usgs_wells","same rounded coordinate","-118.058747,33.847258",4
"usgs_wells","same rounded coordinate","-118.070139,34.008389",4
"usgs_wells","same rounded coordinate","-118.070917,34.00775",4
"usgs_wells","same rounded coordinate","-118.122106,34.007861",4
"usgs_wells","same rounded coordinate","-118.130461,34.66815",4
"usgs_wells","same rounded coordinate","-118.138962,34.661931",4
"usgs_wells","same rounded coordinate","-118.154503,34.596167",4
"usgs_wells","same rounded coordinate","-118.223264,33.796419",4
"usgs_wells","same rounded coordinate","-118.241111,33.836944",4
"usgs_wells","same rounded coordinate","-118.256583,33.923406",4
"usgs_wells","same rounded coordinate","-118.293053,33.908969",4
"usgs_wells","same rounded coordinate","-118.324572,33.960239",4
"usgs_wells","same rounded coordinate","-118.326184,33.842516",4
"usgs_wells","same rounded coordinate","-118.468344,34.028494",4
"usgs_wells","same rounded coordinate","-118.795685,37.632988",4
"usgs_wells","same rounded coordinate","-118.966767,35.325515",4
"usgs_wells","same rounded coordinate","-119.043436,34.268614",4
"usgs_wells","same rounded coordinate","-119.079827,34.343055",4
"usgs_wells","same rounded coordinate","-119.085083,35.541528",4
"usgs_wells","same rounded coordinate","-119.094828,35.109688",4
"usgs_wells","same rounded coordinate","-119.106493,34.120006",4
"usgs_wells","same rounded coordinate","-119.125662,34.268892",4
"usgs_wells","same rounded coordinate","-119.13316,34.124172",4
"usgs_wells","same rounded coordinate","-119.134827,34.113895",4
"usgs_wells","same rounded coordinate","-119.215386,34.151949",4
"usgs_wells","same rounded coordinate","-119.215941,34.145838",4
"usgs_wells","same rounded coordinate","-119.249554,34.204171",4
"usgs_wells","same rounded coordinate","-119.280667,35.204409",4
"usgs_wells","same rounded coordinate","-119.403726,35.353295",4
"usgs_wells","same rounded coordinate","-119.439005,35.601902",4
"usgs_wells","same rounded coordinate","-119.534288,35.88801",4
"usgs_wells","same rounded coordinate","-119.542125,34.897717",4
"usgs_wells","same rounded coordinate","-119.595256,34.931158",4
"usgs_wells","same rounded coordinate","-119.596513,35.94662",4
"usgs_wells","same rounded coordinate","-119.634864,36.716551",4
"usgs_wells","same rounded coordinate","-119.657725,34.899781",4
"usgs_wells","same rounded coordinate","-119.673192,36.656061",4
"usgs_wells","same rounded coordinate","-119.675056,34.416667",4
"usgs_wells","same rounded coordinate","-119.687321,34.41471",4
"usgs_wells","same rounded coordinate","-119.690472,34.4185",4
"usgs_wells","same rounded coordinate","-119.694544,34.419154",4
"usgs_wells","same rounded coordinate","-119.694556,34.419111",4
"usgs_wells","same rounded coordinate","-119.706518,36.218561",4
"usgs_wells","same rounded coordinate","-119.707071,35.781624",4
"usgs_wells","same rounded coordinate","-119.783185,35.777181",4
"usgs_wells","same rounded coordinate","-119.810694,34.427497",4
"usgs_wells","same rounded coordinate","-119.833466,36.248562",4
"usgs_wells","same rounded coordinate","-120.019603,36.855224",4
"usgs_wells","same rounded coordinate","-120.294681,34.755689",4
"usgs_wells","same rounded coordinate","-120.394408,34.759058",4
"usgs_wells","same rounded coordinate","-120.44211,36.625506",4
"usgs_wells","same rounded coordinate","-120.462126,37.083278",4
"usgs_wells","same rounded coordinate","-120.4631,34.777889",4
"usgs_wells","same rounded coordinate","-120.510999,34.643594",4
"usgs_wells","same rounded coordinate","-120.522666,34.662483",4
"usgs_wells","same rounded coordinate","-120.57625,36.822222",4
"usgs_wells","same rounded coordinate","-120.586558,34.68776",4
"usgs_wells","same rounded coordinate","-120.587113,34.686927",4
"usgs_wells","same rounded coordinate","-120.587947,34.686093",4
"usgs_wells","same rounded coordinate","-120.636013,36.86106",4
"usgs_wells","same rounded coordinate","-120.638784,34.989143",4
"usgs_wells","same rounded coordinate","-120.641845,36.788839",4
"usgs_wells","same rounded coordinate","-120.720556,36.872361",4
"usgs_wells","same rounded coordinate","-120.800353,37.397369",4
"usgs_wells","same rounded coordinate","-120.801306,37.392317",4
"usgs_wells","same rounded coordinate","-120.802731,37.387775",4
"usgs_wells","same rounded coordinate","-120.876589,37.220497",4
"usgs_wells","same rounded coordinate","-121.000917,37.686194",4
"usgs_wells","same rounded coordinate","-121.203111,37.968139",4
"usgs_wells","same rounded coordinate","-121.223004,38.578239",4
"usgs_wells","same rounded coordinate","-121.239115,38.58685",4
"usgs_wells","same rounded coordinate","-121.241615,38.593239",4
"usgs_wells","same rounded coordinate","-121.244949,38.587684",4
"usgs_wells","same rounded coordinate","-121.24606,38.59185",4
"usgs_wells","same rounded coordinate","-121.249116,38.587128",4
"usgs_wells","same rounded coordinate","-121.278111,38.035833",4
"usgs_wells","same rounded coordinate","-121.571063,37.969645",4
"usgs_wells","same rounded coordinate","-121.606351,38.916841",4
"usgs_wells","same rounded coordinate","-121.644398,38.107419",4
"usgs_wells","same rounded coordinate","-121.676899,38.095474",4
"usgs_wells","same rounded coordinate","-121.79773,36.883009",4
"usgs_wells","same rounded coordinate","-121.807667,36.699278",4
"usgs_wells","same rounded coordinate","-121.811632,38.779347",4
"usgs_wells","same rounded coordinate","-121.943444,37.31775",4
"usgs_wells","same rounded coordinate","-122.485556,37.716028",4
"usgs_wells","same rounded coordinate","-114.526705,33.611024",3
"usgs_wells","same rounded coordinate","-114.527177,33.662662",3
"usgs_wells","same rounded coordinate","-114.527982,33.611108",3
"usgs_wells","same rounded coordinate","-114.528372,33.662357",3
"usgs_wells","same rounded coordinate","-114.534788,33.560915",3
"usgs_wells","same rounded coordinate","-114.535926,33.560498",3
"usgs_wells","same rounded coordinate","-114.536094,33.60258",3
"usgs_wells","same rounded coordinate","-114.537732,33.545887",3
"usgs_wells","same rounded coordinate","-114.54251,33.575081",3
"usgs_wells","same rounded coordinate","-114.543705,33.589553",3
"usgs_wells","same rounded coordinate","-114.545038,33.589553",3
"usgs_wells","same rounded coordinate","-114.547478,32.774518",3
"usgs_wells","same rounded coordinate","-114.583844,33.505805",3
"usgs_wells","same rounded coordinate","-114.583844,33.506888",3
"usgs_wells","same rounded coordinate","-114.595455,33.495389",3
"usgs_wells","same rounded coordinate","-114.596122,33.496305",3
"usgs_wells","same rounded coordinate","-114.624289,33.448557",3
"usgs_wells","same rounded coordinate","-114.625595,33.448584",3
"usgs_wells","same rounded coordinate","-114.627956,33.433751",3
"usgs_wells","same rounded coordinate","-114.636678,33.422363",3
"usgs_wells","same rounded coordinate","-114.644514,33.624552",3
"usgs_wells","same rounded coordinate","-114.650244,34.981946",3
"usgs_wells","same rounded coordinate","-114.652957,33.413641",3
"usgs_wells","same rounded coordinate","-114.653179,33.415335",3
"usgs_wells","same rounded coordinate","-114.667815,32.738936",3
"usgs_wells","same rounded coordinate","-114.676371,32.763602",3
"usgs_wells","same rounded coordinate","-114.731348,33.470584",3
"usgs_wells","same rounded coordinate","-114.73607,33.485861",3
"usgs_wells","same rounded coordinate","-114.736072,33.493102",3
"usgs_wells","same rounded coordinate","-114.73635,33.489213",3
"usgs_wells","same rounded coordinate","-114.739961,33.492546",3
"usgs_wells","same rounded coordinate","-114.740237,33.478083",3
"usgs_wells","same rounded coordinate","-114.740237,33.485305",3
"usgs_wells","same rounded coordinate","-114.741348,33.491972",3
"usgs_wells","same rounded coordinate","-114.74246,33.489472",3
"usgs_wells","same rounded coordinate","-114.743571,33.485861",3
"usgs_wells","same rounded coordinate","-114.743848,33.474472",3
"usgs_wells","same rounded coordinate","-114.743848,33.478083",3
"usgs_wells","same rounded coordinate","-114.837681,32.776663",3
"usgs_wells","same rounded coordinate","-114.855478,33.591036",3
"usgs_wells","same rounded coordinate","-114.88433,32.739731",3
"usgs_wells","same rounded coordinate","-115.066365,34.91722",3
"usgs_wells","same rounded coordinate","-115.228041,35.291656",3
"usgs_wells","same rounded coordinate","-115.517491,32.898383",3
"usgs_wells","same rounded coordinate","-116.038528,34.161028",3
"usgs_wells","same rounded coordinate","-116.038583,34.158278",3
"usgs_wells","same rounded coordinate","-116.056947,34.20889",3
"usgs_wells","same rounded coordinate","-116.068615,34.238612",3
"usgs_wells","same rounded coordinate","-116.068892,34.227778",3
"usgs_wells","same rounded coordinate","-116.074448,34.237778",3
"usgs_wells","same rounded coordinate","-116.150917,34.311889",3
"usgs_wells","same rounded coordinate","-116.151083,34.285944",3
"usgs_wells","same rounded coordinate","-116.18265,34.300658",3
"usgs_wells","same rounded coordinate","-116.213911,34.266989",3
"usgs_wells","same rounded coordinate","-116.350478,34.134653",3
"usgs_wells","same rounded coordinate","-116.367817,36.254402",3
"usgs_wells","same rounded coordinate","-116.370872,36.236902",3
"usgs_wells","same rounded coordinate","-116.370873,36.274124",3
"usgs_wells","same rounded coordinate","-116.374406,34.128133",3
"usgs_wells","same rounded coordinate","-116.374417,34.133581",3
"usgs_wells","same rounded coordinate","-116.419735,34.126951",3
"usgs_wells","same rounded coordinate","-116.430361,35.226778",3
"usgs_wells","same rounded coordinate","-116.452833,35.183333",3
"usgs_wells","same rounded coordinate","-116.582236,33.894182",3
"usgs_wells","same rounded coordinate","-116.591681,33.896682",3
"usgs_wells","same rounded coordinate","-116.618667,35.363833",3
"usgs_wells","same rounded coordinate","-116.620881,35.308022",3
"usgs_wells","same rounded coordinate","-116.626389,35.171944",3
"usgs_wells","same rounded coordinate","-116.629014,35.299811",3
"usgs_wells","same rounded coordinate","-116.631753,35.190708",3
"usgs_wells","same rounded coordinate","-116.656189,35.237294",3
"usgs_wells","same rounded coordinate","-116.667983,35.255264",3
"usgs_wells","same rounded coordinate","-116.669494,35.247228",3
"usgs_wells","same rounded coordinate","-116.671019,35.253575",3
"usgs_wells","same rounded coordinate","-116.674814,35.256219",3
"usgs_wells","same rounded coordinate","-116.685736,35.271253",3
"usgs_wells","same rounded coordinate","-116.692225,35.257389",3
"usgs_wells","same rounded coordinate","-116.703139,35.414111",3
"usgs_wells","same rounded coordinate","-116.7305,35.368722",3
"usgs_wells","same rounded coordinate","-116.737719,33.92615",3
"usgs_wells","same rounded coordinate","-116.756688,33.371979",3
"usgs_wells","same rounded coordinate","-116.76485,33.906378",3
"usgs_wells","same rounded coordinate","-116.77275,35.468439",3
"usgs_wells","same rounded coordinate","-116.795589,35.30025",3
"usgs_wells","same rounded coordinate","-116.815022,32.711444",3
"usgs_wells","same rounded coordinate","-116.815855,32.724222",3
"usgs_wells","same rounded coordinate","-116.828077,33.588915",3
"usgs_wells","same rounded coordinate","-116.828193,36.453207",3
"usgs_wells","same rounded coordinate","-116.8303,33.570861",3
"usgs_wells","same rounded coordinate","-116.841689,33.540028",3
"usgs_wells","same rounded coordinate","-116.861844,34.883394",3
"usgs_wells","same rounded coordinate","-116.868911,33.631414",3
"usgs_wells","same rounded coordinate","-116.873889,35.36225",3
"usgs_wells","same rounded coordinate","-116.876147,34.899828",3
"usgs_wells","same rounded coordinate","-116.883108,36.243006",3
"usgs_wells","same rounded coordinate","-116.908694,35.318",3
"usgs_wells","same rounded coordinate","-116.910037,34.857208",3
"usgs_wells","same rounded coordinate","-116.931228,34.429167",3
"usgs_wells","same rounded coordinate","-116.949755,34.882218",3
"usgs_wells","same rounded coordinate","-116.954478,34.883329",3
"usgs_wells","same rounded coordinate","-116.958084,33.093375",3
"usgs_wells","same rounded coordinate","-116.963367,34.883607",3
"usgs_wells","same rounded coordinate","-116.9717,34.884718",3
"usgs_wells","same rounded coordinate","-116.974756,33.087344",3
"usgs_wells","same rounded coordinate","-116.9799,34.893356",3
"usgs_wells","same rounded coordinate","-116.980039,34.887483",3
"usgs_wells","same rounded coordinate","-116.993642,34.898233",3
"usgs_wells","same rounded coordinate","-116.995873,34.898594",3
"usgs_wells","same rounded coordinate","-117.002262,34.913871",3
"usgs_wells","same rounded coordinate","-117.011984,34.908593",3
"usgs_wells","same rounded coordinate","-117.017139,33.09875",3
"usgs_wells","same rounded coordinate","-117.044444,32.5525",3
"usgs_wells","same rounded coordinate","-117.046397,33.055672",3
"usgs_wells","same rounded coordinate","-117.050583,33.70891",3
"usgs_wells","same rounded coordinate","-117.074328,34.900956",3
"usgs_wells","same rounded coordinate","-117.084167,32.559444",3
"usgs_wells","same rounded coordinate","-117.100863,33.707522",3
"usgs_wells","same rounded coordinate","-117.103642,33.358921",3
"usgs_wells","same rounded coordinate","-117.107252,33.458918",3
"usgs_wells","same rounded coordinate","-117.120865,33.268924",3
"usgs_wells","same rounded coordinate","-117.128747,34.094728",3
"usgs_wells","same rounded coordinate","-117.128822,34.094717",3
"usgs_wells","same rounded coordinate","-117.140309,33.433919",3
"usgs_wells","same rounded coordinate","-117.140358,34.894697",3
"usgs_wells","same rounded coordinate","-117.146143,33.72141",3
"usgs_wells","same rounded coordinate","-117.152533,33.252813",3
"usgs_wells","same rounded coordinate","-117.158139,34.94525",3
"usgs_wells","same rounded coordinate","-117.171333,34.97025",3
"usgs_wells","same rounded coordinate","-117.189056,34.998722",3
"usgs_wells","same rounded coordinate","-117.193395,36.425501",3
"usgs_wells","same rounded coordinate","-117.22171,34.456944",3
"usgs_wells","same rounded coordinate","-117.221988,34.467777",3
"usgs_wells","same rounded coordinate","-117.225939,34.499811",3
"usgs_wells","same rounded coordinate","-117.228368,33.340032",3
"usgs_wells","same rounded coordinate","-117.230321,34.446944",3
"usgs_wells","same rounded coordinate","-117.238376,34.357503",3
"usgs_wells","same rounded coordinate","-117.25198,33.260035",3
"usgs_wells","same rounded coordinate","-117.260511,34.05585",3
"usgs_wells","same rounded coordinate","-117.268654,34.151399",3
"usgs_wells","same rounded coordinate","-117.26948,33.248924",3
"usgs_wells","same rounded coordinate","-117.269765,34.16001",3
"usgs_wells","same rounded coordinate","-117.27,34.098519",3
"usgs_wells","same rounded coordinate","-117.274372,34.118492",3
"usgs_wells","same rounded coordinate","-117.28338,34.792485",3
"usgs_wells","same rounded coordinate","-117.28645,34.104142",3
"usgs_wells","same rounded coordinate","-117.286689,34.075919",3
"usgs_wells","same rounded coordinate","-117.287189,34.093961",3
"usgs_wells","same rounded coordinate","-117.290139,34.085731",3
"usgs_wells","same rounded coordinate","-117.294419,34.109269",3
"usgs_wells","same rounded coordinate","-117.294439,34.109311",3
"usgs_wells","same rounded coordinate","-117.294819,34.054469",3
"usgs_wells","same rounded coordinate","-117.298378,34.305837",3
"usgs_wells","same rounded coordinate","-117.302832,35.703845",3
"usgs_wells","same rounded coordinate","-117.30337,33.237813",3
"usgs_wells","same rounded coordinate","-117.303665,35.704956",3
"usgs_wells","same rounded coordinate","-117.307911,34.089931",3
"usgs_wells","same rounded coordinate","-117.330332,35.708567",3
"usgs_wells","same rounded coordinate","-117.332261,34.573875",3
"usgs_wells","same rounded coordinate","-117.335593,33.317255",3
"usgs_wells","same rounded coordinate","-117.338944,35.708567",3
"usgs_wells","same rounded coordinate","-117.351825,34.64425",3
"usgs_wells","same rounded coordinate","-117.365917,34.67625",3
"usgs_wells","same rounded coordinate","-117.37365,33.263645",3
"usgs_wells","same rounded coordinate","-117.383342,34.725928",3
"usgs_wells","same rounded coordinate","-117.397548,34.321948",3
"usgs_wells","same rounded coordinate","-117.398061,34.154",3
"usgs_wells","same rounded coordinate","-117.398119,34.153989",3
"usgs_wells","same rounded coordinate","-117.431715,34.36889",3
"usgs_wells","same rounded coordinate","-117.472019,34.147511",3
"usgs_wells","same rounded coordinate","-117.51725,33.974472",3
"usgs_wells","same rounded coordinate","-117.567551,33.990569",3
"usgs_wells","same rounded coordinate","-117.604733,34.585297",3
"usgs_wells","same rounded coordinate","-117.653118,35.607734",3
"usgs_wells","same rounded coordinate","-117.653119,35.661622",3
"usgs_wells","same rounded coordinate","-117.70312,35.646622",3
"usgs_wells","same rounded coordinate","-117.806999,33.701964",3
"usgs_wells","same rounded coordinate","-117.818954,34.93831",3
"usgs_wells","same rounded coordinate","-117.831732,34.894979",3
"usgs_wells","same rounded coordinate","-117.882566,34.825537",3
"usgs_wells","same rounded coordinate","-117.928123,34.83998",3
"usgs_wells","same rounded coordinate","-117.93979,34.869701",3
"usgs_wells","same rounded coordinate","-118.062656,33.956942",3
"usgs_wells","same rounded coordinate","-118.072007,33.736684",3
"usgs_wells","same rounded coordinate","-118.074235,33.995291",3
"usgs_wells","same rounded coordinate","-118.076603,34.00145",3
"usgs_wells","same rounded coordinate","-118.08673,33.743073",3
"usgs_wells","same rounded coordinate","-118.230272,34.018492",3
"usgs_wells","same rounded coordinate","-118.235909,34.718317",3
"usgs_wells","same rounded coordinate","-118.239798,34.709151",3
"usgs_wells","same rounded coordinate","-118.243409,34.708873",3
"usgs_wells","same rounded coordinate","-118.263132,34.733594",3
"usgs_wells","same rounded coordinate","-118.370414,34.799856",3
"usgs_wells","same rounded coordinate","-118.866798,37.628267",3
"usgs_wells","same rounded coordinate","-118.896211,35.129131",3
"usgs_wells","same rounded coordinate","-118.93871,34.295835",3
"usgs_wells","same rounded coordinate","-118.978156,34.263615",3
"usgs_wells","same rounded coordinate","-119.020104,35.122743",3
"usgs_wells","same rounded coordinate","-119.150106,34.139172",3
"usgs_wells","same rounded coordinate","-119.167328,34.133339",3
"usgs_wells","same rounded coordinate","-119.171217,35.478013",3
"usgs_wells","same rounded coordinate","-119.173163,35.296351",3
"usgs_wells","same rounded coordinate","-119.17344,34.147505",3
"usgs_wells","same rounded coordinate","-119.301503,36.288006",3
"usgs_wells","same rounded coordinate","-119.342306,35.229583",3
"usgs_wells","same rounded coordinate","-119.344557,35.604957",3
"usgs_wells","same rounded coordinate","-119.367891,35.485237",3
"usgs_wells","same rounded coordinate","-119.403225,35.131075",3
"usgs_wells","same rounded coordinate","-119.482898,35.923842",3
"usgs_wells","same rounded coordinate","-119.502345,36.207173",3
"usgs_wells","same rounded coordinate","-119.505398,35.873565",3
"usgs_wells","same rounded coordinate","-119.507067,34.401939",3
"usgs_wells","same rounded coordinate","-119.508175,35.731623",3
"usgs_wells","same rounded coordinate","-119.532069,34.410828",3
"usgs_wells","same rounded coordinate","-119.597143,36.727394",3
"usgs_wells","same rounded coordinate","-119.671237,35.776068",3
"usgs_wells","same rounded coordinate","-119.682911,34.414441",3
"usgs_wells","same rounded coordinate","-119.694472,34.415528",3
"usgs_wells","same rounded coordinate","-119.7215,34.417194",3
"usgs_wells","same rounded coordinate","-119.733278,34.425722",3
"usgs_wells","same rounded coordinate","-119.744361,34.420444",3
"usgs_wells","same rounded coordinate","-119.752073,35.775792",3
"usgs_wells","same rounded coordinate","-119.787917,34.461663",3
"usgs_wells","same rounded coordinate","-119.807361,34.454441",3
"usgs_wells","same rounded coordinate","-119.816806,34.450274",3
"usgs_wells","same rounded coordinate","-119.822361,34.43083",3
"usgs_wells","same rounded coordinate","-119.828472,34.424441",3
"usgs_wells","same rounded coordinate","-119.830139,34.453607",3
"usgs_wells","same rounded coordinate","-119.982914,36.198842",3
"usgs_wells","same rounded coordinate","-120.003191,36.094398",3
"usgs_wells","same rounded coordinate","-120.03185,38.932408",3
"usgs_wells","same rounded coordinate","-120.118759,34.631931",3
"usgs_wells","same rounded coordinate","-120.202673,37.127444",3
"usgs_wells","same rounded coordinate","-120.22599,36.60245",3
"usgs_wells","same rounded coordinate","-120.25627,36.621895",3
"usgs_wells","same rounded coordinate","-120.266818,36.428563",3
"usgs_wells","same rounded coordinate","-120.328768,34.61304",3
"usgs_wells","same rounded coordinate","-120.330723,36.759672",3
"usgs_wells","same rounded coordinate","-120.333767,36.486896",3
"usgs_wells","same rounded coordinate","-120.34045,36.924947",3
"usgs_wells","same rounded coordinate","-120.351552,36.647173",3
"usgs_wells","same rounded coordinate","-120.372203,36.780681",3
"usgs_wells","same rounded coordinate","-120.411828,34.759704",3
"usgs_wells","same rounded coordinate","-120.43433,34.946367",3
"usgs_wells","same rounded coordinate","-120.444052,34.666372",3
"usgs_wells","same rounded coordinate","-120.465164,34.633594",3
"usgs_wells","same rounded coordinate","-120.479887,34.650539",3
"usgs_wells","same rounded coordinate","-120.490998,34.657205",3
"usgs_wells","same rounded coordinate","-120.494894,36.749117",3
"usgs_wells","same rounded coordinate","-120.501276,34.661372",3
"usgs_wells","same rounded coordinate","-120.502388,34.689705",3
"usgs_wells","same rounded coordinate","-120.510721,34.672483",3
"usgs_wells","same rounded coordinate","-120.510999,34.663872",3
"usgs_wells","same rounded coordinate","-120.512944,34.671094",3
"usgs_wells","same rounded coordinate","-120.5185,34.674705",3
"usgs_wells","same rounded coordinate","-120.519611,34.668872",3
"usgs_wells","same rounded coordinate","-120.52267,36.647173",3
"usgs_wells","same rounded coordinate","-120.527944,34.666649",3
"usgs_wells","same rounded coordinate","-120.528222,34.67276",3
"usgs_wells","same rounded coordinate","-120.535444,34.669149",3
"usgs_wells","same rounded coordinate","-120.537111,34.658038",3
"usgs_wells","same rounded coordinate","-120.537111,34.663316",3
"usgs_wells","same rounded coordinate","-120.578226,34.983866",3
"usgs_wells","same rounded coordinate","-120.585724,34.686927",3
"usgs_wells","same rounded coordinate","-120.58628,34.687205",3
"usgs_wells","same rounded coordinate","-120.588224,34.68776",3
"usgs_wells","same rounded coordinate","-120.588502,34.686927",3
"usgs_wells","same rounded coordinate","-120.597393,34.978866",3
"usgs_wells","same rounded coordinate","-120.627394,35.114976",3
"usgs_wells","same rounded coordinate","-120.627949,35.106365",3
"usgs_wells","same rounded coordinate","-120.628505,35.052476",3
"usgs_wells","same rounded coordinate","-120.633227,35.121642",3
"usgs_wells","same rounded coordinate","-120.637394,35.131364",3
"usgs_wells","same rounded coordinate","-120.639028,36.789167",3
"usgs_wells","same rounded coordinate","-120.670164,36.889594",3
"usgs_wells","same rounded coordinate","-120.6725,36.843333",3
"usgs_wells","same rounded coordinate","-120.689629,36.960503",3
"usgs_wells","same rounded coordinate","-120.690185,36.967448",3
"usgs_wells","same rounded coordinate","-120.690462,36.947726",3
"usgs_wells","same rounded coordinate","-120.751575,36.954115",3
"usgs_wells","same rounded coordinate","-120.780472,37.132166",3
"usgs_wells","same rounded coordinate","-120.838234,35.315252",3
"usgs_wells","same rounded coordinate","-120.879938,38.232418",3
"usgs_wells","same rounded coordinate","-120.891361,37.674083",3
"usgs_wells","same rounded coordinate","-120.899928,37.017281",3
"usgs_wells","same rounded coordinate","-120.913254,37.143554",3
"usgs_wells","same rounded coordinate","-120.929056,38.162803",3
"usgs_wells","same rounded coordinate","-120.932264,38.127344",3
"usgs_wells","same rounded coordinate","-120.951588,37.136054",3
"usgs_wells","same rounded coordinate","-120.977428,37.350215",3
"usgs_wells","same rounded coordinate","-120.98325,37.705972",3
"usgs_wells","same rounded coordinate","-120.986,37.68",3
"usgs_wells","same rounded coordinate","-120.988056,37.687722",3
"usgs_wells","same rounded coordinate","-120.995444,37.699222",3
"usgs_wells","same rounded coordinate","-120.997333,37.692611",3
"usgs_wells","same rounded coordinate","-121.080211,37.493822",3
"usgs_wells","same rounded coordinate","-121.086111,37.624139",3
"usgs_wells","same rounded coordinate","-121.099472,37.431611",3
"usgs_wells","same rounded coordinate","-121.239949,38.589906",3
"usgs_wells","same rounded coordinate","-121.254393,38.597406",3
"usgs_wells","same rounded coordinate","-121.268361,38.001194",3
"usgs_wells","same rounded coordinate","-121.288839,38.569906",3
"usgs_wells","same rounded coordinate","-121.31385,37.959931",3
"usgs_wells","same rounded coordinate","-121.3347,37.995608",3
"usgs_wells","same rounded coordinate","-121.347247,38.029803",3
"usgs_wells","same rounded coordinate","-121.505469,38.047114",3
"usgs_wells","same rounded coordinate","-121.625786,38.035199",3
"usgs_wells","same rounded coordinate","-121.643287,38.107141",3
"usgs_wells","same rounded coordinate","-121.643565,38.106585",3
"usgs_wells","same rounded coordinate","-121.64551,38.106585",3
"usgs_wells","same rounded coordinate","-121.654833,36.704889",3
"usgs_wells","same rounded coordinate","-121.844411,38.838789",3
"usgs_wells","same rounded coordinate","-121.869556,37.336778",3
"usgs_wells","same rounded coordinate","-121.943845,37.27661",3
"usgs_wells","same rounded coordinate","-121.992753,39.458218",3
"usgs_wells","same rounded coordinate","-122.035474,37.401011",3
"usgs_wells","same rounded coordinate","-122.112875,37.686517",3
"usgs_wells","same rounded coordinate","-122.162117,37.688689",3
"usgs_wells","same rounded coordinate","-122.42584,40.328208",3
"usgs_wells","same rounded coordinate","-122.499417,37.71271",3
"usgs_wells","same rounded coordinate","-122.508028,37.764653",3
"usgs_wells","same rounded coordinate","-122.777694,38.385583",3
"usgs_wells","same rounded coordinate","-114.139141,34.278848",2
"usgs_wells","same rounded coordinate","-114.295507,34.167794",2
"usgs_wells","same rounded coordinate","-114.403169,34.493837",2
"usgs_wells","same rounded coordinate","-114.484282,32.903848",2
"usgs_wells","same rounded coordinate","-114.48431,32.903848",2
"usgs_wells","same rounded coordinate","-114.506011,33.72616",2
"usgs_wells","same rounded coordinate","-114.5304,33.711855",2
"usgs_wells","same rounded coordinate","-114.5327,32.804211",2
"usgs_wells","same rounded coordinate","-114.533622,33.629246",2
"usgs_wells","same rounded coordinate","-114.534256,32.774629",2
"usgs_wells","same rounded coordinate","-114.534927,33.629274",2
"usgs_wells","same rounded coordinate","-114.539006,32.789295",2
"usgs_wells","same rounded coordinate","-114.542871,33.57122",2
"usgs_wells","same rounded coordinate","-114.544121,33.570942",2
"usgs_wells","same rounded coordinate","-114.544844,33.572387",2
"usgs_wells","same rounded coordinate","-114.544871,33.572553",2
"usgs_wells","same rounded coordinate","-114.545455,33.573387",2
"usgs_wells","same rounded coordinate","-114.547673,32.811433",2
"usgs_wells","same rounded coordinate","-114.547673,32.818822",2
"usgs_wells","same rounded coordinate","-114.554534,32.811406",2
"usgs_wells","same rounded coordinate","-114.555978,32.796545",2
"usgs_wells","same rounded coordinate","-114.556173,32.788823",2
"usgs_wells","same rounded coordinate","-114.560451,32.781712",2
"usgs_wells","same rounded coordinate","-114.561455,33.55247",2
"usgs_wells","same rounded coordinate","-114.564399,33.516332",2
"usgs_wells","same rounded coordinate","-114.564901,33.702217",2
"usgs_wells","same rounded coordinate","-114.565118,32.804211",2
"usgs_wells","same rounded coordinate","-114.565149,33.515249",2
"usgs_wells","same rounded coordinate","-114.581785,32.79274",2
"usgs_wells","same rounded coordinate","-114.589674,32.767351",2
"usgs_wells","same rounded coordinate","-114.594452,32.738269",2
"usgs_wells","same rounded coordinate","-114.599035,32.781962",2
"usgs_wells","same rounded coordinate","-114.607396,32.74538",2
"usgs_wells","same rounded coordinate","-114.616453,32.786712",2
"usgs_wells","same rounded coordinate","-114.631354,34.938058",2
"usgs_wells","same rounded coordinate","-114.632236,33.646273",2
"usgs_wells","same rounded coordinate","-114.633036,32.732991",2
"usgs_wells","same rounded coordinate","-114.633709,33.700539",2
"usgs_wells","same rounded coordinate","-114.63525,33.670553",2
"usgs_wells","same rounded coordinate","-114.638373,33.422779",2
"usgs_wells","same rounded coordinate","-114.641842,32.739713",2
"usgs_wells","same rounded coordinate","-114.641903,33.660856",2
"usgs_wells","same rounded coordinate","-114.654982,32.769379",2
"usgs_wells","same rounded coordinate","-114.655037,32.768157",2
"usgs_wells","same rounded coordinate","-114.657736,33.59558",2
"usgs_wells","same rounded coordinate","-114.658098,33.626857",2
"usgs_wells","same rounded coordinate","-114.667748,32.760404",2
"usgs_wells","same rounded coordinate","-114.67107,33.602525",2
"usgs_wells","same rounded coordinate","-114.701819,33.360615",2
"usgs_wells","same rounded coordinate","-114.73607,33.478083",2
"usgs_wells","same rounded coordinate","-114.741742,32.720012",2
"usgs_wells","same rounded coordinate","-114.743848,33.481694",2
"usgs_wells","same rounded coordinate","-114.766685,32.733956",2
"usgs_wells","same rounded coordinate","-114.818018,33.260312",2
"usgs_wells","same rounded coordinate","-114.878298,33.141982",2
"usgs_wells","same rounded coordinate","-115.074944,32.998459",2
"usgs_wells","same rounded coordinate","-115.085535,35.094439",2
"usgs_wells","same rounded coordinate","-115.164425,35.057772",2
"usgs_wells","same rounded coordinate","-115.251375,35.278878",2
"usgs_wells","same rounded coordinate","-115.270258,32.835602",2
"usgs_wells","same rounded coordinate","-115.271098,35.335544",2
"usgs_wells","same rounded coordinate","-115.272764,35.333877",2
"usgs_wells","same rounded coordinate","-115.285066,32.696356",2
"usgs_wells","same rounded coordinate","-115.31832,35.16749",2
"usgs_wells","same rounded coordinate","-115.328322,35.384987",2
"usgs_wells","same rounded coordinate","-115.362213,35.465818",2
"usgs_wells","same rounded coordinate","-115.3911,35.125545",2
"usgs_wells","same rounded coordinate","-115.401934,35.139712",2
"usgs_wells","same rounded coordinate","-115.556107,35.277763",2
"usgs_wells","same rounded coordinate","-115.55861,35.558036",2
"usgs_wells","same rounded coordinate","-115.877231,32.716172",2
"usgs_wells","same rounded coordinate","-115.970577,36.045521",2
"usgs_wells","same rounded coordinate","-115.988611,32.737222",2
"usgs_wells","same rounded coordinate","-116.010546,33.116992",2
"usgs_wells","same rounded coordinate","-116.0385,34.161056",2
"usgs_wells","same rounded coordinate","-116.03889,34.127521",2
"usgs_wells","same rounded coordinate","-116.039723,34.128077",2
"usgs_wells","same rounded coordinate","-116.049446,34.128632",2
"usgs_wells","same rounded coordinate","-116.079778,33.526333",2
"usgs_wells","same rounded coordinate","-116.12364,36.164128",2
"usgs_wells","same rounded coordinate","-116.162508,34.384442",2
"usgs_wells","same rounded coordinate","-116.197139,36.0015",2
"usgs_wells","same rounded coordinate","-116.203542,34.300181",2
"usgs_wells","same rounded coordinate","-116.229176,34.294445",2
"usgs_wells","same rounded coordinate","-116.271964,35.124982",2
"usgs_wells","same rounded coordinate","-116.279353,33.226558",2
"usgs_wells","same rounded coordinate","-116.307233,34.170838",2
"usgs_wells","same rounded coordinate","-116.327917,36.312139",2
"usgs_wells","same rounded coordinate","-116.343903,34.408609",2
"usgs_wells","same rounded coordinate","-116.359457,34.181672",2
"usgs_wells","same rounded coordinate","-116.383371,36.202735",2
"usgs_wells","same rounded coordinate","-116.402261,36.199402",2
"usgs_wells","same rounded coordinate","-116.457514,34.123619",2
"usgs_wells","same rounded coordinate","-116.46338,36.425232",2
"usgs_wells","same rounded coordinate","-116.470972,35.238028",2
"usgs_wells","same rounded coordinate","-116.528082,34.97804",2
"usgs_wells","same rounded coordinate","-116.533628,33.215317",2
"usgs_wells","same rounded coordinate","-116.533916,34.975818",2
"usgs_wells","same rounded coordinate","-116.550323,36.292732",2
"usgs_wells","same rounded coordinate","-116.558907,33.213651",2
"usgs_wells","same rounded coordinate","-116.559184,33.218928",2
"usgs_wells","same rounded coordinate","-116.623,35.158167",2
"usgs_wells","same rounded coordinate","-116.628611,35.277306",2
"usgs_wells","same rounded coordinate","-116.629185,33.566139",2
"usgs_wells","same rounded coordinate","-116.631962,33.543362",2
"usgs_wells","same rounded coordinate","-116.634961,35.269439",2
"usgs_wells","same rounded coordinate","-116.659817,35.285053",2
"usgs_wells","same rounded coordinate","-116.661697,34.87332",2
"usgs_wells","same rounded coordinate","-116.672828,35.265681",2
"usgs_wells","same rounded coordinate","-116.67613,33.555584",2
"usgs_wells","same rounded coordinate","-116.687519,33.54114",2
"usgs_wells","same rounded coordinate","-116.69,35.266103",2
"usgs_wells","same rounded coordinate","-116.692056,35.264639",2
"usgs_wells","same rounded coordinate","-116.700575,33.57836",2
"usgs_wells","same rounded coordinate","-116.71752,33.555028",2
"usgs_wells","same rounded coordinate","-116.736977,34.887764",2
"usgs_wells","same rounded coordinate","-116.752917,35.426472",2
"usgs_wells","same rounded coordinate","-116.774722,36.214444",2
"usgs_wells","same rounded coordinate","-116.785278,36.227778",2
"usgs_wells","same rounded coordinate","-116.8153,32.710889",2
"usgs_wells","same rounded coordinate","-116.820856,32.730055",2
"usgs_wells","same rounded coordinate","-116.821967,33.49253",2
"usgs_wells","same rounded coordinate","-116.827244,33.61447",2
"usgs_wells","same rounded coordinate","-116.828633,33.518085",2
"usgs_wells","same rounded coordinate","-116.830577,33.564472",2
"usgs_wells","same rounded coordinate","-116.832522,33.522807",2
"usgs_wells","same rounded coordinate","-116.833364,34.445278",2
"usgs_wells","same rounded coordinate","-116.839466,33.608359",2
"usgs_wells","same rounded coordinate","-116.844753,34.417779",2
"usgs_wells","same rounded coordinate","-116.849186,34.421636",2
"usgs_wells","same rounded coordinate","-116.858925,34.903596",2
"usgs_wells","same rounded coordinate","-116.859472,33.938358",2
"usgs_wells","same rounded coordinate","-116.862258,34.894985",2
"usgs_wells","same rounded coordinate","-116.865592,34.897207",2
"usgs_wells","same rounded coordinate","-116.871135,33.431976",2
"usgs_wells","same rounded coordinate","-116.885886,36.253562",2
"usgs_wells","same rounded coordinate","-116.887275,36.25995",2
"usgs_wells","same rounded coordinate","-116.891134,33.62197",2
"usgs_wells","same rounded coordinate","-116.900301,33.615303",2
"usgs_wells","same rounded coordinate","-116.903912,33.620581",2
"usgs_wells","same rounded coordinate","-116.904917,34.942381",2
"usgs_wells","same rounded coordinate","-116.910428,34.531803",2
"usgs_wells","same rounded coordinate","-116.915858,33.459475",2
"usgs_wells","same rounded coordinate","-116.916968,33.584193",2
"usgs_wells","same rounded coordinate","-116.918635,33.511974",2
"usgs_wells","same rounded coordinate","-116.92559,34.529719",2
"usgs_wells","same rounded coordinate","-116.928272,34.460544",2
"usgs_wells","same rounded coordinate","-116.932802,33.576694",2
"usgs_wells","same rounded coordinate","-116.940588,34.879163",2
"usgs_wells","same rounded coordinate","-116.94559,34.436112",2
"usgs_wells","same rounded coordinate","-116.94726,34.883595",2
"usgs_wells","same rounded coordinate","-116.950033,34.883329",2
"usgs_wells","same rounded coordinate","-116.950038,34.874984",2
"usgs_wells","same rounded coordinate","-116.950316,34.881928",2
"usgs_wells","same rounded coordinate","-116.950866,34.883052",2
"usgs_wells","same rounded coordinate","-116.953361,33.270314",2
"usgs_wells","same rounded coordinate","-116.9542,34.881385",2
"usgs_wells","same rounded coordinate","-116.954751,33.086986",2
"usgs_wells","same rounded coordinate","-116.957529,33.095042",2
"usgs_wells","same rounded coordinate","-116.957538,34.883873",2
"usgs_wells","same rounded coordinate","-116.958644,34.882496",2
"usgs_wells","same rounded coordinate","-116.962816,34.88415",2
"usgs_wells","same rounded coordinate","-116.963367,34.884996",2
"usgs_wells","same rounded coordinate","-116.964478,34.881663",2
"usgs_wells","same rounded coordinate","-116.966983,34.862484",2
"usgs_wells","same rounded coordinate","-116.969222,33.984133",2
"usgs_wells","same rounded coordinate","-116.971422,34.885829",2
"usgs_wells","same rounded coordinate","-116.974194,33.293646",2
"usgs_wells","same rounded coordinate","-116.977812,34.886385",2
"usgs_wells","same rounded coordinate","-116.978372,34.888317",2
"usgs_wells","same rounded coordinate","-116.97865,34.885817",2
"usgs_wells","same rounded coordinate","-116.979195,33.205593",2
"usgs_wells","same rounded coordinate","-116.979761,34.888317",2
"usgs_wells","same rounded coordinate","-116.982817,34.883872",2
"usgs_wells","same rounded coordinate","-116.984761,34.895816",2
"usgs_wells","same rounded coordinate","-116.985317,34.88665",2
"usgs_wells","same rounded coordinate","-116.986417,33.311423",2
"usgs_wells","same rounded coordinate","-116.991418,33.228648",2
"usgs_wells","same rounded coordinate","-117.000315,34.489721",2
"usgs_wells","same rounded coordinate","-117.003929,34.908871",2
"usgs_wells","same rounded coordinate","-117.00725,33.315034",2
"usgs_wells","same rounded coordinate","-117.007807,33.222814",2
"usgs_wells","same rounded coordinate","-117.007807,33.230036",2
"usgs_wells","same rounded coordinate","-117.011697,34.048624",2
"usgs_wells","same rounded coordinate","-117.030309,32.97699",2
"usgs_wells","same rounded coordinate","-117.035307,33.284201",2
"usgs_wells","same rounded coordinate","-117.035585,33.28809",2
"usgs_wells","same rounded coordinate","-117.041419,33.236147",2
"usgs_wells","same rounded coordinate","-117.044752,33.274202",2
"usgs_wells","same rounded coordinate","-117.048641,33.251702",2
"usgs_wells","same rounded coordinate","-117.052252,33.273646",2
"usgs_wells","same rounded coordinate","-117.05393,34.904427",2
"usgs_wells","same rounded coordinate","-117.056142,33.224759",2
"usgs_wells","same rounded coordinate","-117.057809,32.932546",2
"usgs_wells","same rounded coordinate","-117.06114,33.444475",2
"usgs_wells","same rounded coordinate","-117.065517,34.905956",2
"usgs_wells","same rounded coordinate","-117.066944,32.594722",2
"usgs_wells","same rounded coordinate","-117.068375,34.891649",2
"usgs_wells","same rounded coordinate","-117.069958,35.272239",2
"usgs_wells","same rounded coordinate","-117.076698,33.251147",2
"usgs_wells","same rounded coordinate","-117.078076,33.359201",2
"usgs_wells","same rounded coordinate","-117.084444,32.551944",2
"usgs_wells","same rounded coordinate","-117.085042,34.898871",2
"usgs_wells","same rounded coordinate","-117.085307,33.589192",2
"usgs_wells","same rounded coordinate","-117.090862,33.621691",2
"usgs_wells","same rounded coordinate","-117.092807,33.578359",2
"usgs_wells","same rounded coordinate","-117.09392,33.251702",2
"usgs_wells","same rounded coordinate","-117.102532,33.248091",2
"usgs_wells","same rounded coordinate","-117.103087,33.248369",2
"usgs_wells","same rounded coordinate","-117.104328,33.463203",2
"usgs_wells","same rounded coordinate","-117.106975,33.358088",2
"usgs_wells","same rounded coordinate","-117.108086,33.472807",2
"usgs_wells","same rounded coordinate","-117.11753,33.573915",2
"usgs_wells","same rounded coordinate","-117.118099,34.899426",2
"usgs_wells","same rounded coordinate","-117.118921,33.288923",2
"usgs_wells","same rounded coordinate","-117.126977,33.241147",2
"usgs_wells","same rounded coordinate","-117.129766,34.898593",2
"usgs_wells","same rounded coordinate","-117.130865,33.343921",2
"usgs_wells","same rounded coordinate","-117.132544,34.922203",2
"usgs_wells","same rounded coordinate","-117.135063,36.607446",2
"usgs_wells","same rounded coordinate","-117.140833,34.900278",2
"usgs_wells","same rounded coordinate","-117.1412,34.457081",2
"usgs_wells","same rounded coordinate","-117.142563,36.608002",2
"usgs_wells","same rounded coordinate","-117.142563,36.609113",2
"usgs_wells","same rounded coordinate","-117.142809,33.480862",2
"usgs_wells","same rounded coordinate","-117.143119,36.609113",2
"usgs_wells","same rounded coordinate","-117.143643,33.33781",2
"usgs_wells","same rounded coordinate","-117.144508,36.60189",2
"usgs_wells","same rounded coordinate","-117.147008,36.606613",2
"usgs_wells","same rounded coordinate","-117.148643,33.489195",2
"usgs_wells","same rounded coordinate","-117.149755,33.251702",2
"usgs_wells","same rounded coordinate","-117.152254,33.491972",2
"usgs_wells","same rounded coordinate","-117.154477,33.408364",2
"usgs_wells","same rounded coordinate","-117.154477,33.415308",2
"usgs_wells","same rounded coordinate","-117.15531,33.553082",2
"usgs_wells","same rounded coordinate","-117.155561,34.901",2
"usgs_wells","same rounded coordinate","-117.155622,34.906458",2
"usgs_wells","same rounded coordinate","-117.155897,36.605779",2
"usgs_wells","same rounded coordinate","-117.156153,34.468888",2
"usgs_wells","same rounded coordinate","-117.156158,34.904867",2
"usgs_wells","same rounded coordinate","-117.156222,34.93825",2
"usgs_wells","same rounded coordinate","-117.157733,34.9012",2
"usgs_wells","same rounded coordinate","-117.158894,34.903142",2
"usgs_wells","same rounded coordinate","-117.160033,34.901197",2
"usgs_wells","same rounded coordinate","-117.16031,33.366143",2
"usgs_wells","same rounded coordinate","-117.160322,34.901926",2
"usgs_wells","same rounded coordinate","-117.160325,34.903744",2
"usgs_wells","same rounded coordinate","-117.160972,34.900389",2
"usgs_wells","same rounded coordinate","-117.163139,34.9585",2
"usgs_wells","same rounded coordinate","-117.163922,33.383642",2
"usgs_wells","same rounded coordinate","-117.165042,34.465277",2
"usgs_wells","same rounded coordinate","-117.166977,33.408641",2
"usgs_wells","same rounded coordinate","-117.169211,34.87276",2
"usgs_wells","same rounded coordinate","-117.170866,33.555859",2
"usgs_wells","same rounded coordinate","-117.171417,34.978556",2
"usgs_wells","same rounded coordinate","-117.171978,33.316422",2
"usgs_wells","same rounded coordinate","-117.172811,33.305311",2
"usgs_wells","same rounded coordinate","-117.1742,33.27309",2
"usgs_wells","same rounded coordinate","-117.175311,33.27309",2
"usgs_wells","same rounded coordinate","-117.175833,34.978125",2
"usgs_wells","same rounded coordinate","-117.175917,34.965917",2
"usgs_wells","same rounded coordinate","-117.177533,33.555304",2
"usgs_wells","same rounded coordinate","-117.178378,34.865538",2
"usgs_wells","same rounded coordinate","-117.180028,34.932583",2
"usgs_wells","same rounded coordinate","-117.1817,33.3042",2
"usgs_wells","same rounded coordinate","-117.186978,33.307811",2
"usgs_wells","same rounded coordinate","-117.187256,33.308922",2
"usgs_wells","same rounded coordinate","-117.188008,34.854608",2
"usgs_wells","same rounded coordinate","-117.188722,34.91075",2
"usgs_wells","same rounded coordinate","-117.189768,35.018866",2
"usgs_wells","same rounded coordinate","-117.193673,36.425223",2
"usgs_wells","same rounded coordinate","-117.201978,33.304756",2
"usgs_wells","same rounded coordinate","-117.203645,33.544748",2
"usgs_wells","same rounded coordinate","-117.206423,33.550303",2
"usgs_wells","same rounded coordinate","-117.208654,34.467777",2
"usgs_wells","same rounded coordinate","-117.21059,33.368642",2
"usgs_wells","same rounded coordinate","-117.217265,34.460555",2
"usgs_wells","same rounded coordinate","-117.221146,33.346143",2
"usgs_wells","same rounded coordinate","-117.222266,34.454166",2
"usgs_wells","same rounded coordinate","-117.222543,34.408056",2
"usgs_wells","same rounded coordinate","-117.224479,33.280034",2
"usgs_wells","same rounded coordinate","-117.225877,34.457499",2
"usgs_wells","same rounded coordinate","-117.225877,34.46111",2
"usgs_wells","same rounded coordinate","-117.225877,34.468332",2
"usgs_wells","same rounded coordinate","-117.226424,33.564747",2
"usgs_wells","same rounded coordinate","-117.22671,34.400557",2
"usgs_wells","same rounded coordinate","-117.22671,34.41139",2
"usgs_wells","same rounded coordinate","-117.22671,34.415001",2
"usgs_wells","same rounded coordinate","-117.230321,34.450555",2
"usgs_wells","same rounded coordinate","-117.231702,33.335865",2
"usgs_wells","same rounded coordinate","-117.234765,34.389446",2
"usgs_wells","same rounded coordinate","-117.234766,34.457499",2
"usgs_wells","same rounded coordinate","-117.234766,34.46111",2
"usgs_wells","same rounded coordinate","-117.235035,33.270868",2
"usgs_wells","same rounded coordinate","-117.235041,34.126955",2
"usgs_wells","same rounded coordinate","-117.235591,33.255868",2
"usgs_wells","same rounded coordinate","-117.235868,33.264757",2
"usgs_wells","same rounded coordinate","-117.236146,33.265034",2
"usgs_wells","same rounded coordinate","-117.236154,34.38889",2
"usgs_wells","same rounded coordinate","-117.23921,34.446944",2
"usgs_wells","same rounded coordinate","-117.239757,33.257812",2
"usgs_wells","same rounded coordinate","-117.239766,34.41139",2
"usgs_wells","same rounded coordinate","-117.243091,33.595024",2
"usgs_wells","same rounded coordinate","-117.246702,33.255035",2
"usgs_wells","same rounded coordinate","-117.247535,33.233647",2
"usgs_wells","same rounded coordinate","-117.247543,34.353614",2
"usgs_wells","same rounded coordinate","-117.247543,34.359447",2
"usgs_wells","same rounded coordinate","-117.248655,34.440277",2
"usgs_wells","same rounded coordinate","-117.248924,33.233091",2
"usgs_wells","same rounded coordinate","-117.251424,33.255868",2
"usgs_wells","same rounded coordinate","-117.251432,34.371946",2
"usgs_wells","same rounded coordinate","-117.251433,34.470832",2
"usgs_wells","same rounded coordinate","-117.253647,33.245035",2
"usgs_wells","same rounded coordinate","-117.256713,34.787763",2
"usgs_wells","same rounded coordinate","-117.256713,34.788319",2
"usgs_wells","same rounded coordinate","-117.258369,33.315866",2
"usgs_wells","same rounded coordinate","-117.258647,33.228647",2
"usgs_wells","same rounded coordinate","-117.261147,33.235869",2
"usgs_wells","same rounded coordinate","-117.262167,33.008889",2
"usgs_wells","same rounded coordinate","-117.264211,34.399445",2
"usgs_wells","same rounded coordinate","-117.266711,34.494998",2
"usgs_wells","same rounded coordinate","-117.26698,33.25809",2
"usgs_wells","same rounded coordinate","-117.268664,35.703012",2
"usgs_wells","same rounded coordinate","-117.269774,35.686902",2
"usgs_wells","same rounded coordinate","-117.270869,33.248646",2
"usgs_wells","same rounded coordinate","-117.271425,33.243091",2
"usgs_wells","same rounded coordinate","-117.271712,34.530829",2
"usgs_wells","same rounded coordinate","-117.272917,34.518444",2
"usgs_wells","same rounded coordinate","-117.273092,33.272256",2
"usgs_wells","same rounded coordinate","-117.276987,34.099456",2
"usgs_wells","same rounded coordinate","-117.278092,33.252257",2
"usgs_wells","same rounded coordinate","-117.282536,33.270034",2
"usgs_wells","same rounded coordinate","-117.28532,34.072791",2
"usgs_wells","same rounded coordinate","-117.285609,35.715512",2
"usgs_wells","same rounded coordinate","-117.285879,34.540551",2
"usgs_wells","same rounded coordinate","-117.287265,34.121955",2
"usgs_wells","same rounded coordinate","-117.287825,34.785263",2
"usgs_wells","same rounded coordinate","-117.28838,34.790818",2
"usgs_wells","same rounded coordinate","-117.28949,34.498053",2
"usgs_wells","same rounded coordinate","-117.293101,34.564161",2
"usgs_wells","same rounded coordinate","-117.293943,35.723012",2
"usgs_wells","same rounded coordinate","-117.293943,35.730511",2
"usgs_wells","same rounded coordinate","-117.294481,33.253368",2
"usgs_wells","same rounded coordinate","-117.295609,35.700512",2
"usgs_wells","same rounded coordinate","-117.297554,35.737733",2
"usgs_wells","same rounded coordinate","-117.301148,33.263923",2
"usgs_wells","same rounded coordinate","-117.301981,33.241424",2
"usgs_wells","same rounded coordinate","-117.30311,35.722734",2
"usgs_wells","same rounded coordinate","-117.303378,34.312504",2
"usgs_wells","same rounded coordinate","-117.307259,33.237813",2
"usgs_wells","same rounded coordinate","-117.307555,35.751622",2
"usgs_wells","same rounded coordinate","-117.307833,35.752733",2
"usgs_wells","same rounded coordinate","-117.310328,35.011088",2
"usgs_wells","same rounded coordinate","-117.311721,35.722734",2
"usgs_wells","same rounded coordinate","-117.315871,33.450028",2
"usgs_wells","same rounded coordinate","-117.315889,35.766344",2
"usgs_wells","same rounded coordinate","-117.316166,35.751344",2
"usgs_wells","same rounded coordinate","-117.31837,33.24559",2
"usgs_wells","same rounded coordinate","-117.320888,35.723011",2
"usgs_wells","same rounded coordinate","-117.325611,35.751344",2
"usgs_wells","same rounded coordinate","-117.327824,34.573327",2
"usgs_wells","same rounded coordinate","-117.329498,35.679679",2
"usgs_wells","same rounded coordinate","-117.329499,35.722733",2
"usgs_wells","same rounded coordinate","-117.329777,35.704401",2
"usgs_wells","same rounded coordinate","-117.33226,33.323643",2
"usgs_wells","same rounded coordinate","-117.333667,35.752177",2
"usgs_wells","same rounded coordinate","-117.336435,34.311948",2
"usgs_wells","same rounded coordinate","-117.337561,34.675028",2
"usgs_wells","same rounded coordinate","-117.338667,35.78051",2
"usgs_wells","same rounded coordinate","-117.338927,33.225313",2
"usgs_wells","same rounded coordinate","-117.33976,33.21948",2
"usgs_wells","same rounded coordinate","-117.341991,34.574438",2
"usgs_wells","same rounded coordinate","-117.342556,35.749122",2
"usgs_wells","same rounded coordinate","-117.343106,35.024421",2
"usgs_wells","same rounded coordinate","-117.343139,34.596778",2
"usgs_wells","same rounded coordinate","-117.343194,34.596722",2
"usgs_wells","same rounded coordinate","-117.345325,34.624713",2
"usgs_wells","same rounded coordinate","-117.345325,34.624991",2
"usgs_wells","same rounded coordinate","-117.345602,34.573882",2
"usgs_wells","same rounded coordinate","-117.345881,34.644157",2
"usgs_wells","same rounded coordinate","-117.346444,35.7194",2
"usgs_wells","same rounded coordinate","-117.346714,34.601103",2
"usgs_wells","same rounded coordinate","-117.34726,33.30531",2
"usgs_wells","same rounded coordinate","-117.349214,34.623047",2
"usgs_wells","same rounded coordinate","-117.34977,34.623047",2
"usgs_wells","same rounded coordinate","-117.34977,34.639713",2
"usgs_wells","same rounded coordinate","-117.350324,34.358057",2
"usgs_wells","same rounded coordinate","-117.351158,34.599714",2
"usgs_wells","same rounded coordinate","-117.351444,35.708567",2
"usgs_wells","same rounded coordinate","-117.351861,34.644333",2
"usgs_wells","same rounded coordinate","-117.351983,33.300866",2
"usgs_wells","same rounded coordinate","-117.351992,34.623047",2
"usgs_wells","same rounded coordinate","-117.35227,34.64499",2
"usgs_wells","same rounded coordinate","-117.353103,34.625824",2
"usgs_wells","same rounded coordinate","-117.353112,35.760232",2
"usgs_wells","same rounded coordinate","-117.353936,34.610269",2
"usgs_wells","same rounded coordinate","-117.353936,34.64499",2
"usgs_wells","same rounded coordinate","-117.355881,34.64499",2
"usgs_wells","same rounded coordinate","-117.356149,33.212258",2
"usgs_wells","same rounded coordinate","-117.356159,34.637491",2
"usgs_wells","same rounded coordinate","-117.356445,35.766899",2
"usgs_wells","same rounded coordinate","-117.357278,35.718289",2
"usgs_wells","same rounded coordinate","-117.360889,35.708567",2
"usgs_wells","same rounded coordinate","-117.366167,35.716067",2
"usgs_wells","same rounded coordinate","-117.368927,33.25559",2
"usgs_wells","same rounded coordinate","-117.369205,33.257812",2
"usgs_wells","same rounded coordinate","-117.370872,33.255312",2
"usgs_wells","same rounded coordinate","-117.373108,35.083585",2
"usgs_wells","same rounded coordinate","-117.374223,35.708845",2
"usgs_wells","same rounded coordinate","-117.374761,33.276422",2
"usgs_wells","same rounded coordinate","-117.375594,33.249201",2
"usgs_wells","same rounded coordinate","-117.37865,33.255034",2
"usgs_wells","same rounded coordinate","-117.379761,33.251146",2
"usgs_wells","same rounded coordinate","-117.381706,33.208647",2
"usgs_wells","same rounded coordinate","-117.385047,34.307782",2
"usgs_wells","same rounded coordinate","-117.385603,34.321948",2
"usgs_wells","same rounded coordinate","-117.39838,34.148343",2
"usgs_wells","same rounded coordinate","-117.401158,34.141121",2
"usgs_wells","same rounded coordinate","-117.404206,33.232257",2
"usgs_wells","same rounded coordinate","-117.4069,34.157619",2
"usgs_wells","same rounded coordinate","-117.409611,33.978722",2
"usgs_wells","same rounded coordinate","-117.451708,33.305588",2
"usgs_wells","same rounded coordinate","-117.478878,34.141389",2
"usgs_wells","same rounded coordinate","-117.503483,34.508742",2
"usgs_wells","same rounded coordinate","-117.551028,33.947306",2
"usgs_wells","same rounded coordinate","-117.55449,33.386696",2
"usgs_wells","same rounded coordinate","-117.587554,34.598602",2
"usgs_wells","same rounded coordinate","-117.594944,33.930333",2
"usgs_wells","same rounded coordinate","-117.61673,35.707732",2
"usgs_wells","same rounded coordinate","-117.617563,35.732454",2
"usgs_wells","same rounded coordinate","-117.624508,35.768286",2
"usgs_wells","same rounded coordinate","-117.624784,35.61579",2
"usgs_wells","same rounded coordinate","-117.631731,35.772175",2
"usgs_wells","same rounded coordinate","-117.637007,35.663289",2
"usgs_wells","same rounded coordinate","-117.637562,35.631901",2
"usgs_wells","same rounded coordinate","-117.63784,35.606901",2
"usgs_wells","same rounded coordinate","-117.638674,35.665233",2
"usgs_wells","same rounded coordinate","-117.642009,35.81023",2
"usgs_wells","same rounded coordinate","-117.647007,35.607179",2
"usgs_wells","same rounded coordinate","-117.649507,35.605234",2
"usgs_wells","same rounded coordinate","-117.649785,35.663289",2
"usgs_wells","same rounded coordinate","-117.656449,34.99692",2
"usgs_wells","same rounded coordinate","-117.657563,35.604401",2
"usgs_wells","same rounded coordinate","-117.663675,35.653289",2
"usgs_wells","same rounded coordinate","-117.673675,35.651067",2
"usgs_wells","same rounded coordinate","-117.674508,35.622178",2
"usgs_wells","same rounded coordinate","-117.678398,35.716065",2
"usgs_wells","same rounded coordinate","-117.696453,35.645789",2
"usgs_wells","same rounded coordinate","-117.698398,35.643844",2
"usgs_wells","same rounded coordinate","-117.698675,35.634956",2
"usgs_wells","same rounded coordinate","-117.703398,35.642455",2
"usgs_wells","same rounded coordinate","-117.703675,35.630511",2
"usgs_wells","same rounded coordinate","-117.706175,35.625789",2
"usgs_wells","same rounded coordinate","-117.708673,35.073584",2
"usgs_wells","same rounded coordinate","-117.715342,35.6194",2
"usgs_wells","same rounded coordinate","-117.722287,35.622178",2
"usgs_wells","same rounded coordinate","-117.722843,35.666066",2
"usgs_wells","same rounded coordinate","-117.800064,35.042473",2
"usgs_wells","same rounded coordinate","-117.807555,33.700853",2
"usgs_wells","same rounded coordinate","-117.807832,33.701131",2
"usgs_wells","same rounded coordinate","-117.80811,33.701131",2
"usgs_wells","same rounded coordinate","-117.808388,33.700575",2
"usgs_wells","same rounded coordinate","-117.809791,35.768285",2
"usgs_wells","same rounded coordinate","-117.812846,35.671065",2
"usgs_wells","same rounded coordinate","-117.813123,35.669121",2
"usgs_wells","same rounded coordinate","-117.816179,35.643566",2
"usgs_wells","same rounded coordinate","-117.817013,35.735508",2
"usgs_wells","same rounded coordinate","-117.821456,35.647455",2
"usgs_wells","same rounded coordinate","-117.82979,35.681898",2
"usgs_wells","same rounded coordinate","-117.829791,35.718842",2
"usgs_wells","same rounded coordinate","-117.838958,35.729953",2
"usgs_wells","same rounded coordinate","-117.87618,35.664398",2
"usgs_wells","same rounded coordinate","-117.884788,34.719152",2
"usgs_wells","same rounded coordinate","-117.890066,34.719986",2
"usgs_wells","same rounded coordinate","-117.890622,34.837758",2
"usgs_wells","same rounded coordinate","-117.893122,34.866091",2
"usgs_wells","same rounded coordinate","-117.893678,34.822759",2
"usgs_wells","same rounded coordinate","-117.898123,35.294407",2
"usgs_wells","same rounded coordinate","-117.898677,34.692764",2
"usgs_wells","same rounded coordinate","-117.900899,34.50305",2
"usgs_wells","same rounded coordinate","-117.915068,35.287463",2
"usgs_wells","same rounded coordinate","-117.917568,35.300518",2
"usgs_wells","same rounded coordinate","-117.923122,34.50555",2
"usgs_wells","same rounded coordinate","-117.925067,34.587213",2
"usgs_wells","same rounded coordinate","-117.932013,35.283574",2
"usgs_wells","same rounded coordinate","-117.93479,34.847758",2
"usgs_wells","same rounded coordinate","-117.966179,34.719985",2
"usgs_wells","same rounded coordinate","-117.971179,34.704986",2
"usgs_wells","same rounded coordinate","-117.97479,34.715818",2
"usgs_wells","same rounded coordinate","-117.976737,35.118579",2
"usgs_wells","same rounded coordinate","-117.980904,35.258851",2
"usgs_wells","same rounded coordinate","-117.985348,35.290517",2
"usgs_wells","same rounded coordinate","-117.989793,35.254129",2
"usgs_wells","same rounded coordinate","-117.998949,33.744183",2
"usgs_wells","same rounded coordinate","-118.00118,34.734706",2
"usgs_wells","same rounded coordinate","-118.001736,34.770816",2
"usgs_wells","same rounded coordinate","-118.011736,34.73054",2
"usgs_wells","same rounded coordinate","-118.015069,34.679986",2
"usgs_wells","same rounded coordinate","-118.036459,34.668042",2
"usgs_wells","same rounded coordinate","-118.037848,34.704707",2
"usgs_wells","same rounded coordinate","-118.038404,34.763038",2
"usgs_wells","same rounded coordinate","-118.044237,34.763316",2
"usgs_wells","same rounded coordinate","-118.044515,34.609711",2
"usgs_wells","same rounded coordinate","-118.046181,34.697485",2
"usgs_wells","same rounded coordinate","-118.048118,33.732517",2
"usgs_wells","same rounded coordinate","-118.056173,33.741684",2
"usgs_wells","same rounded coordinate","-118.058056,33.846944",2
"usgs_wells","same rounded coordinate","-118.062848,34.616655",2
"usgs_wells","same rounded coordinate","-118.063396,33.735295",2
"usgs_wells","same rounded coordinate","-118.071452,33.728073",2
"usgs_wells","same rounded coordinate","-118.072058,33.944453",2
"usgs_wells","same rounded coordinate","-118.072285,33.731129",2
"usgs_wells","same rounded coordinate","-118.073396,33.730295",2
"usgs_wells","same rounded coordinate","-118.073396,33.730851",2
"usgs_wells","same rounded coordinate","-118.073401,33.996124",2
"usgs_wells","same rounded coordinate","-118.079389,36.740056",2
"usgs_wells","same rounded coordinate","-118.080341,33.742795",2
"usgs_wells","same rounded coordinate","-118.08423,33.746684",2
"usgs_wells","same rounded coordinate","-118.086175,33.743073",2
"usgs_wells","same rounded coordinate","-118.086175,33.743628",2
"usgs_wells","same rounded coordinate","-118.087008,33.742517",2
"usgs_wells","same rounded coordinate","-118.087008,33.743906",2
"usgs_wells","same rounded coordinate","-118.087564,33.743073",2
"usgs_wells","same rounded coordinate","-118.088833,33.772722",2
"usgs_wells","same rounded coordinate","-118.092849,34.68443",2
"usgs_wells","same rounded coordinate","-118.102016,34.545547",2
"usgs_wells","same rounded coordinate","-118.114794,34.719151",2
"usgs_wells","same rounded coordinate","-118.115072,34.792203",2
"usgs_wells","same rounded coordinate","-118.118961,34.719151",2
"usgs_wells","same rounded coordinate","-118.122278,34.008",2
"usgs_wells","same rounded coordinate","-118.138684,34.822202",2
"usgs_wells","same rounded coordinate","-118.148684,34.624155",2
"usgs_wells","same rounded coordinate","-118.148684,34.646654",2
"usgs_wells","same rounded coordinate","-118.165364,34.590708",2
"usgs_wells","same rounded coordinate","-118.199278,33.806028",2
"usgs_wells","same rounded coordinate","-118.207778,33.811111",2
"usgs_wells","same rounded coordinate","-118.210908,34.675263",2
"usgs_wells","same rounded coordinate","-118.211964,33.78655",2
"usgs_wells","same rounded coordinate","-118.214925,33.746097",2
"usgs_wells","same rounded coordinate","-118.216741,34.718039",2
"usgs_wells","same rounded coordinate","-118.217853,34.659986",2
"usgs_wells","same rounded coordinate","-118.220522,33.770939",2
"usgs_wells","same rounded coordinate","-118.222972,33.797333",2
"usgs_wells","same rounded coordinate","-118.2295,33.794822",2
"usgs_wells","same rounded coordinate","-118.23202,34.819146",2
"usgs_wells","same rounded coordinate","-118.232575,34.716928",2
"usgs_wells","same rounded coordinate","-118.233222,33.811361",2
"usgs_wells","same rounded coordinate","-118.235075,34.710817",2
"usgs_wells","same rounded coordinate","-118.235631,34.821924",2
"usgs_wells","same rounded coordinate","-118.240075,34.710817",2
"usgs_wells","same rounded coordinate","-118.240909,34.709151",2
"usgs_wells","same rounded coordinate","-118.241969,33.784967",2
"usgs_wells","same rounded coordinate","-118.2495,33.786136",2
"usgs_wells","same rounded coordinate","-118.250825,33.780467",2
"usgs_wells","same rounded coordinate","-118.253861,37.143917",2
"usgs_wells","same rounded coordinate","-118.280077,34.700262",2
"usgs_wells","same rounded coordinate","-118.281188,34.773037",2
"usgs_wells","same rounded coordinate","-118.288019,33.784961",2
"usgs_wells","same rounded coordinate","-118.298689,34.815535",2
"usgs_wells","same rounded coordinate","-118.301744,34.703595",2
"usgs_wells","same rounded coordinate","-118.356468,34.713872",2
"usgs_wells","same rounded coordinate","-118.39758,34.689707",2
"usgs_wells","same rounded coordinate","-118.465916,34.760259",2
"usgs_wells","same rounded coordinate","-118.544529,34.753315",2
"usgs_wells","same rounded coordinate","-118.561752,34.76137",2
"usgs_wells","same rounded coordinate","-118.567586,34.776092",2
"usgs_wells","same rounded coordinate","-118.774575,37.716043",2
"usgs_wells","same rounded coordinate","-118.820411,37.725488",2
"usgs_wells","same rounded coordinate","-118.822075,37.658266",2
"usgs_wells","same rounded coordinate","-118.85902,37.644656",2
"usgs_wells","same rounded coordinate","-118.893188,37.638267",2
"usgs_wells","same rounded coordinate","-118.917078,37.646323",2
"usgs_wells","same rounded coordinate","-118.928743,37.629101",2
"usgs_wells","same rounded coordinate","-118.935657,35.045801",2
"usgs_wells","same rounded coordinate","-118.952056,37.651306",2
"usgs_wells","same rounded coordinate","-118.954861,37.657639",2
"usgs_wells","same rounded coordinate","-118.96175,37.646",2
"usgs_wells","same rounded coordinate","-118.966278,37.649778",2
"usgs_wells","same rounded coordinate","-118.975378,35.374403",2
"usgs_wells","same rounded coordinate","-119.030382,35.193852",2
"usgs_wells","same rounded coordinate","-119.07455,35.137465",2
"usgs_wells","same rounded coordinate","-119.105278,34.119694",2
"usgs_wells","same rounded coordinate","-119.166495,34.153061",2
"usgs_wells","same rounded coordinate","-119.181339,35.288919",2
"usgs_wells","same rounded coordinate","-119.182884,35.746898",2
"usgs_wells","same rounded coordinate","-119.213819,35.267339",2
"usgs_wells","same rounded coordinate","-119.215664,34.151949",2
"usgs_wells","same rounded coordinate","-119.216944,35.361667",2
"usgs_wells","same rounded coordinate","-119.227261,35.34555",2
"usgs_wells","same rounded coordinate","-119.240386,35.602456",2
"usgs_wells","same rounded coordinate","-119.275944,35.746621",2
"usgs_wells","same rounded coordinate","-119.285945,35.923009",2
"usgs_wells","same rounded coordinate","-119.286944,35.369389",2
"usgs_wells","same rounded coordinate","-119.287336,36.322728",2
"usgs_wells","same rounded coordinate","-119.288289,35.344311",2
"usgs_wells","same rounded coordinate","-119.365947,35.754399",2
"usgs_wells","same rounded coordinate","-119.377167,35.332833",2
"usgs_wells","same rounded coordinate","-119.379281,35.413572",2
"usgs_wells","same rounded coordinate","-119.395806,36.28845",2
"usgs_wells","same rounded coordinate","-119.42873,36.06523",2
"usgs_wells","same rounded coordinate","-119.455953,34.394717",2
"usgs_wells","same rounded coordinate","-119.46262,34.403884",2
"usgs_wells","same rounded coordinate","-119.464289,34.821368",2
"usgs_wells","same rounded coordinate","-119.467119,36.227364",2
"usgs_wells","same rounded coordinate","-119.474011,34.836089",2
"usgs_wells","same rounded coordinate","-119.494285,35.666901",2
"usgs_wells","same rounded coordinate","-119.5004,34.400272",2
"usgs_wells","same rounded coordinate","-119.510123,34.406939",2
"usgs_wells","same rounded coordinate","-119.51818,34.863866",2
"usgs_wells","same rounded coordinate","-119.519846,34.409717",2
"usgs_wells","same rounded coordinate","-119.535402,34.406106",2
"usgs_wells","same rounded coordinate","-119.547903,34.406384",2
"usgs_wells","same rounded coordinate","-119.557887,33.268363",2
"usgs_wells","same rounded coordinate","-119.560959,34.416662",2
"usgs_wells","same rounded coordinate","-119.570682,34.925253",2
"usgs_wells","same rounded coordinate","-119.577349,34.420829",2
"usgs_wells","same rounded coordinate","-119.60624,34.430829",2
"usgs_wells","same rounded coordinate","-119.606796,34.431107",2
"usgs_wells","same rounded coordinate","-119.607041,34.436932",2
"usgs_wells","same rounded coordinate","-119.607074,34.431107",2
"usgs_wells","same rounded coordinate","-119.607628,34.930254",2
"usgs_wells","same rounded coordinate","-119.61316,36.71838",2
"usgs_wells","same rounded coordinate","-119.614013,35.512183",2
"usgs_wells","same rounded coordinate","-119.616517,34.890255",2
"usgs_wells","same rounded coordinate","-119.619264,34.426654",2
"usgs_wells","same rounded coordinate","-119.621242,34.441662",2
"usgs_wells","same rounded coordinate","-119.625962,34.927476",2
"usgs_wells","same rounded coordinate","-119.626519,34.435274",2
"usgs_wells","same rounded coordinate","-119.631267,37.547158",2
"usgs_wells","same rounded coordinate","-119.635712,37.547435",2
"usgs_wells","same rounded coordinate","-119.635712,37.547713",2
"usgs_wells","same rounded coordinate","-119.641765,34.437487",2
"usgs_wells","same rounded coordinate","-119.643212,37.546047",2
"usgs_wells","same rounded coordinate","-119.64349,37.542713",2
"usgs_wells","same rounded coordinate","-119.683278,34.414444",2
"usgs_wells","same rounded coordinate","-119.683556,34.415361",2
"usgs_wells","same rounded coordinate","-119.685694,34.417167",2
"usgs_wells","same rounded coordinate","-119.6915,34.410444",2
"usgs_wells","same rounded coordinate","-119.704667,34.416056",2
"usgs_wells","same rounded coordinate","-119.705968,34.41222",2
"usgs_wells","same rounded coordinate","-119.709111,36.709639",2
"usgs_wells","same rounded coordinate","-119.71208,34.414442",2
"usgs_wells","same rounded coordinate","-119.715083,34.415528",2
"usgs_wells","same rounded coordinate","-119.718861,34.433917",2
"usgs_wells","same rounded coordinate","-119.722632,34.967477",2
"usgs_wells","same rounded coordinate","-119.747083,34.44972",2
"usgs_wells","same rounded coordinate","-119.748917,34.433333",2
"usgs_wells","same rounded coordinate","-119.749027,34.422498",2
"usgs_wells","same rounded coordinate","-119.750139,34.446387",2
"usgs_wells","same rounded coordinate","-119.753392,36.426283",2
"usgs_wells","same rounded coordinate","-119.759823,34.439708",2
"usgs_wells","same rounded coordinate","-119.762639,34.457497",2
"usgs_wells","same rounded coordinate","-119.767916,34.438608",2
"usgs_wells","same rounded coordinate","-119.769305,34.44222",2
"usgs_wells","same rounded coordinate","-119.778743,36.243561",2
"usgs_wells","same rounded coordinate","-119.778751,34.546383",2
"usgs_wells","same rounded coordinate","-119.779861,34.44333",2
"usgs_wells","same rounded coordinate","-119.784027,34.434719",2
"usgs_wells","same rounded coordinate","-119.789583,34.438052",2
"usgs_wells","same rounded coordinate","-119.795695,34.455274",2
"usgs_wells","same rounded coordinate","-119.799861,34.451385",2
"usgs_wells","same rounded coordinate","-119.805417,34.446941",2
"usgs_wells","same rounded coordinate","-119.805972,34.430552",2
"usgs_wells","same rounded coordinate","-119.807917,34.453885",2
"usgs_wells","same rounded coordinate","-119.809584,34.458885",2
"usgs_wells","same rounded coordinate","-119.812639,34.438885",2
"usgs_wells","same rounded coordinate","-119.81375,34.451385",2
"usgs_wells","same rounded coordinate","-119.815695,34.44583",2
"usgs_wells","same rounded coordinate","-119.815973,34.452774",2
"usgs_wells","same rounded coordinate","-119.817084,34.45444",2
"usgs_wells","same rounded coordinate","-119.817639,34.453885",2
"usgs_wells","same rounded coordinate","-119.819028,34.436663",2
"usgs_wells","same rounded coordinate","-119.819305,34.434441",2
"usgs_wells","same rounded coordinate","-119.820695,34.451385",2
"usgs_wells","same rounded coordinate","-119.82125,34.442218",2
"usgs_wells","same rounded coordinate","-119.822361,34.443607",2
"usgs_wells","same rounded coordinate","-119.823195,34.447218",2
"usgs_wells","same rounded coordinate","-119.824583,34.434441",2
"usgs_wells","same rounded coordinate","-119.828472,34.442496",2
"usgs_wells","same rounded coordinate","-119.82875,34.421108",2
"usgs_wells","same rounded coordinate","-119.829306,34.448051",2
"usgs_wells","same rounded coordinate","-119.829583,34.430552",2
"usgs_wells","same rounded coordinate","-119.829861,34.431107",2
"usgs_wells","same rounded coordinate","-119.830972,34.448329",2
"usgs_wells","same rounded coordinate","-119.83486,34.40083",2
"usgs_wells","same rounded coordinate","-119.835139,34.438607",2
"usgs_wells","same rounded coordinate","-119.83625,34.442496",2
"usgs_wells","same rounded coordinate","-119.842639,34.436662",2
"usgs_wells","same rounded coordinate","-119.851805,34.42194",2
"usgs_wells","same rounded coordinate","-119.858472,34.40944",2
"usgs_wells","same rounded coordinate","-119.859583,36.430505",2
"usgs_wells","same rounded coordinate","-119.861522,36.166896",2
"usgs_wells","same rounded coordinate","-119.861805,34.412774",2
"usgs_wells","same rounded coordinate","-119.876251,34.452217",2
"usgs_wells","same rounded coordinate","-119.904305,36.346895",2
"usgs_wells","same rounded coordinate","-119.90514,34.475827",2
"usgs_wells","same rounded coordinate","-119.916556,36.688583",2
"usgs_wells","same rounded coordinate","-119.922916,36.343006",2
"usgs_wells","same rounded coordinate","-119.924024,36.19523",2
"usgs_wells","same rounded coordinate","-119.932361,36.343284",2
"usgs_wells","same rounded coordinate","-119.948333,38.956944",2
"usgs_wells","same rounded coordinate","-119.95069,36.138286",2
"usgs_wells","same rounded coordinate","-119.960108,34.608869",2
"usgs_wells","same rounded coordinate","-119.962834,38.908694",2
"usgs_wells","same rounded coordinate","-119.962837,38.908827",2
"usgs_wells","same rounded coordinate","-119.96284,38.909096",2
"usgs_wells","same rounded coordinate","-119.962967,38.908905",2
"usgs_wells","same rounded coordinate","-119.963064,38.908971",2
"usgs_wells","same rounded coordinate","-119.96324,38.909083",2
"usgs_wells","same rounded coordinate","-119.963251,38.909121",2
"usgs_wells","same rounded coordinate","-119.963476,38.908988",2
"usgs_wells","same rounded coordinate","-119.963514,38.931297",2
"usgs_wells","same rounded coordinate","-119.963651,38.909002",2
"usgs_wells","same rounded coordinate","-119.96407,38.909074",2
"usgs_wells","same rounded coordinate","-119.976525,36.204397",2
"usgs_wells","same rounded coordinate","-119.978793,38.919352",2
"usgs_wells","same rounded coordinate","-119.987404,38.87463",2
"usgs_wells","same rounded coordinate","-119.992682,38.918519",2
"usgs_wells","same rounded coordinate","-120.003469,36.130231",2
"usgs_wells","same rounded coordinate","-120.004309,34.615265",2
"usgs_wells","same rounded coordinate","-120.017426,40.124349",2
"usgs_wells","same rounded coordinate","-120.01935,38.80574",2
"usgs_wells","same rounded coordinate","-120.020738,38.822129",2
"usgs_wells","same rounded coordinate","-120.021526,36.189675",2
"usgs_wells","same rounded coordinate","-120.024627,38.869352",2
"usgs_wells","same rounded coordinate","-120.025994,36.984114",2
"usgs_wells","same rounded coordinate","-120.030137,36.160231",2
"usgs_wells","same rounded coordinate","-120.031016,38.936852",2
"usgs_wells","same rounded coordinate","-120.031572,38.932686",2
"usgs_wells","same rounded coordinate","-120.03185,38.932686",2
"usgs_wells","same rounded coordinate","-120.0532,34.607487",2
"usgs_wells","same rounded coordinate","-120.0532,34.627209",2
"usgs_wells","same rounded coordinate","-120.056804,36.094954",2
"usgs_wells","same rounded coordinate","-120.065701,34.635264",2
"usgs_wells","same rounded coordinate","-120.069034,34.577488",2
"usgs_wells","same rounded coordinate","-120.069312,34.635264",2
"usgs_wells","same rounded coordinate","-120.072646,34.639708",2
"usgs_wells","same rounded coordinate","-120.075146,34.643875",2
"usgs_wells","same rounded coordinate","-120.077055,34.614146",2
"usgs_wells","same rounded coordinate","-120.07905,36.868558",2
"usgs_wells","same rounded coordinate","-120.081812,34.61082",2
"usgs_wells","same rounded coordinate","-120.085418,36.227453",2
"usgs_wells","same rounded coordinate","-120.085702,34.61082",2
"usgs_wells","same rounded coordinate","-120.087091,34.650264",2
"usgs_wells","same rounded coordinate","-120.087924,34.611654",2
"usgs_wells","same rounded coordinate","-120.089591,34.649986",2
"usgs_wells","same rounded coordinate","-120.092924,34.609431",2
"usgs_wells","same rounded coordinate","-120.092942,37.01078",2
"usgs_wells","same rounded coordinate","-120.104313,36.415228",2
"usgs_wells","same rounded coordinate","-120.111814,34.602765",2
"usgs_wells","same rounded coordinate","-120.113759,34.661096",2
"usgs_wells","same rounded coordinate","-120.114314,34.649986",2
"usgs_wells","same rounded coordinate","-120.114315,34.676096",2
"usgs_wells","same rounded coordinate","-120.115425,34.632764",2
"usgs_wells","same rounded coordinate","-120.116537,34.679152",2
"usgs_wells","same rounded coordinate","-120.1207,36.357451",2
"usgs_wells","same rounded coordinate","-120.120701,36.38634",2
"usgs_wells","same rounded coordinate","-120.122092,34.617486",2
"usgs_wells","same rounded coordinate","-120.12487,34.60332",2
"usgs_wells","same rounded coordinate","-120.128203,34.596376",2
"usgs_wells","same rounded coordinate","-120.134314,34.591098",2
"usgs_wells","same rounded coordinate","-120.136259,34.606653",2
"usgs_wells","same rounded coordinate","-120.141815,34.587765",2
"usgs_wells","same rounded coordinate","-120.146537,34.586931",2
"usgs_wells","same rounded coordinate","-120.146538,36.47245",2
"usgs_wells","same rounded coordinate","-120.15348,36.386618",2
"usgs_wells","same rounded coordinate","-120.155999,36.927447",2
"usgs_wells","same rounded coordinate","-120.157928,36.488006",2
"usgs_wells","same rounded coordinate","-120.159333,36.964391",2
"usgs_wells","same rounded coordinate","-120.162371,34.596653",2
"usgs_wells","same rounded coordinate","-120.16376,34.599153",2
"usgs_wells","same rounded coordinate","-120.168481,36.415229",2
"usgs_wells","same rounded coordinate","-120.172651,34.790815",2
"usgs_wells","same rounded coordinate","-120.174596,34.787759",2
"usgs_wells","same rounded coordinate","-120.176813,36.371618",2
"usgs_wells","same rounded coordinate","-120.191814,36.386618",2
"usgs_wells","same rounded coordinate","-120.191817,34.607486",2
"usgs_wells","same rounded coordinate","-120.193498,36.819392",2
"usgs_wells","same rounded coordinate","-120.194316,34.541654",2
"usgs_wells","same rounded coordinate","-120.194317,34.552487",2
"usgs_wells","same rounded coordinate","-120.199614,37.005501",2
"usgs_wells","same rounded coordinate","-120.201818,34.609708",2
"usgs_wells","same rounded coordinate","-120.202371,36.414951",2
"usgs_wells","same rounded coordinate","-120.20404,34.609986",2
"usgs_wells","same rounded coordinate","-120.207653,34.850258",2
"usgs_wells","same rounded coordinate","-120.211254,36.172731",2
"usgs_wells","same rounded coordinate","-120.21126,36.414951",2
"usgs_wells","same rounded coordinate","-120.211261,36.444118",2
"usgs_wells","same rounded coordinate","-120.211536,36.370785",2
"usgs_wells","same rounded coordinate","-120.213763,34.616652",2
"usgs_wells","same rounded coordinate","-120.215985,34.619152",2
"usgs_wells","same rounded coordinate","-120.229058,36.951613",2
"usgs_wells","same rounded coordinate","-120.229618,37.107722",2
"usgs_wells","same rounded coordinate","-120.229874,34.618874",2
"usgs_wells","same rounded coordinate","-120.230151,36.473007",2
"usgs_wells","same rounded coordinate","-120.237097,34.614985",2
"usgs_wells","same rounded coordinate","-120.237097,34.620263",2
"usgs_wells","same rounded coordinate","-120.2382,36.213008",2
"usgs_wells","same rounded coordinate","-120.242099,34.850258",2
"usgs_wells","same rounded coordinate","-120.243226,36.981613",2
"usgs_wells","same rounded coordinate","-120.246815,36.371063",2
"usgs_wells","same rounded coordinate","-120.247377,34.851924",2
"usgs_wells","same rounded coordinate","-120.248764,34.604708",2
"usgs_wells","same rounded coordinate","-120.253639,34.737917",2
"usgs_wells","same rounded coordinate","-120.253764,34.601097",2
"usgs_wells","same rounded coordinate","-120.255155,34.862758",2
"usgs_wells","same rounded coordinate","-120.257382,36.646617",2
"usgs_wells","same rounded coordinate","-120.259599,34.779703",2
"usgs_wells","same rounded coordinate","-120.261564,37.125777",2
"usgs_wells","same rounded coordinate","-120.265155,34.856647",2
"usgs_wells","same rounded coordinate","-120.266544,34.741371",2
"usgs_wells","same rounded coordinate","-120.268489,34.860813",2
"usgs_wells","same rounded coordinate","-120.274321,34.629151",2
"usgs_wells","same rounded coordinate","-120.277119,37.088278",2
"usgs_wells","same rounded coordinate","-120.279045,34.743593",2
"usgs_wells","same rounded coordinate","-120.282949,36.951891",2
"usgs_wells","same rounded coordinate","-120.283767,34.743871",2
"usgs_wells","same rounded coordinate","-120.289601,34.748315",2
"usgs_wells","same rounded coordinate","-120.292954,37.111055",2
"usgs_wells","same rounded coordinate","-120.292954,37.119944",2
"usgs_wells","same rounded coordinate","-120.293212,34.865813",2
"usgs_wells","same rounded coordinate","-120.2946,34.609707",2
"usgs_wells","same rounded coordinate","-120.296544,34.638318",2
"usgs_wells","same rounded coordinate","-120.297939,36.638839",2
"usgs_wells","same rounded coordinate","-120.298213,34.906368",2
"usgs_wells","same rounded coordinate","-120.298768,34.753037",2
"usgs_wells","same rounded coordinate","-120.299063,37.035501",2
"usgs_wells","same rounded coordinate","-120.301263,36.385785",2
"usgs_wells","same rounded coordinate","-120.303509,37.093556",2
"usgs_wells","same rounded coordinate","-120.310156,36.523284",2
"usgs_wells","same rounded coordinate","-120.315436,34.89609",2
"usgs_wells","same rounded coordinate","-120.316268,34.664428",2
"usgs_wells","same rounded coordinate","-120.329324,34.61304",2
"usgs_wells","same rounded coordinate","-120.329344,37.104944",2
"usgs_wells","same rounded coordinate","-120.33099,34.604429",2
"usgs_wells","same rounded coordinate","-120.331824,34.656928",2
"usgs_wells","same rounded coordinate","-120.334067,37.112444",2
"usgs_wells","same rounded coordinate","-120.334342,37.046612",2
"usgs_wells","same rounded coordinate","-120.334602,34.656373",2
"usgs_wells","same rounded coordinate","-120.335157,34.616374",2
"usgs_wells","same rounded coordinate","-120.342664,36.67995",2
"usgs_wells","same rounded coordinate","-120.345159,34.754148",2
"usgs_wells","same rounded coordinate","-120.348215,34.764426",2
"usgs_wells","same rounded coordinate","-120.349324,34.612207",2
"usgs_wells","same rounded coordinate","-120.351547,34.606374",2
"usgs_wells","same rounded coordinate","-120.35183,36.646617",2
"usgs_wells","same rounded coordinate","-120.357937,34.756648",2
"usgs_wells","same rounded coordinate","-120.360714,34.608318",2
"usgs_wells","same rounded coordinate","-120.361278,36.731894",2
"usgs_wells","same rounded coordinate","-120.361547,34.608596",2
"usgs_wells","same rounded coordinate","-120.362658,34.619151",2
"usgs_wells","same rounded coordinate","-120.363492,34.663872",2
"usgs_wells","same rounded coordinate","-120.374326,34.614707",2
"usgs_wells","same rounded coordinate","-120.374327,34.938867",2
"usgs_wells","same rounded coordinate","-120.378215,34.617206",2
"usgs_wells","same rounded coordinate","-120.384064,36.989113",2
"usgs_wells","same rounded coordinate","-120.384328,34.956089",2
"usgs_wells","same rounded coordinate","-120.390439,34.75887",2
"usgs_wells","same rounded coordinate","-120.39046,37.185221",2
"usgs_wells","same rounded coordinate","-120.393772,34.756093",2
"usgs_wells","same rounded coordinate","-120.394606,34.894701",2
"usgs_wells","same rounded coordinate","-120.395161,34.757759",2
"usgs_wells","same rounded coordinate","-120.398772,34.637484",2
"usgs_wells","same rounded coordinate","-120.407067,34.929969",2
"usgs_wells","same rounded coordinate","-120.414605,34.597484",2
"usgs_wells","same rounded coordinate","-120.414842,34.623865",2
"usgs_wells","same rounded coordinate","-120.417383,34.626373",2
"usgs_wells","same rounded coordinate","-120.420161,34.622484",2
"usgs_wells","same rounded coordinate","-120.423472,36.734444",2
"usgs_wells","same rounded coordinate","-120.423778,36.661895",2
"usgs_wells","same rounded coordinate","-120.424331,36.617173",2
"usgs_wells","same rounded coordinate","-120.425444,36.645506",2
"usgs_wells","same rounded coordinate","-120.425718,34.762481",2
"usgs_wells","same rounded coordinate","-120.425718,34.762759",2
"usgs_wells","same rounded coordinate","-120.426274,34.759981",2
"usgs_wells","same rounded coordinate","-120.429894,36.832171",2
"usgs_wells","same rounded coordinate","-120.434329,34.648594",2
"usgs_wells","same rounded coordinate","-120.435162,34.650261",2
"usgs_wells","same rounded coordinate","-120.435162,34.660816",2
"usgs_wells","same rounded coordinate","-120.437107,34.654983",2
"usgs_wells","same rounded coordinate","-120.439885,34.655539",2
"usgs_wells","same rounded coordinate","-120.44044,34.650261",2
"usgs_wells","same rounded coordinate","-120.44044,34.677483",2
"usgs_wells","same rounded coordinate","-120.441557,36.691339",2
"usgs_wells","same rounded coordinate","-120.443218,34.666927",2
"usgs_wells","same rounded coordinate","-120.444329,34.645817",2
"usgs_wells","same rounded coordinate","-120.445163,34.668872",2
"usgs_wells","same rounded coordinate","-120.445163,34.760815",2
"usgs_wells","same rounded coordinate","-120.44544,34.660539",2
"usgs_wells","same rounded coordinate","-120.445678,34.774695",2
"usgs_wells","same rounded coordinate","-120.445718,34.660539",2
"usgs_wells","same rounded coordinate","-120.449052,34.660816",2
"usgs_wells","same rounded coordinate","-120.452411,37.290219",2
"usgs_wells","same rounded coordinate","-120.455441,34.679149",2
"usgs_wells","same rounded coordinate","-120.457386,34.694427",2
"usgs_wells","same rounded coordinate","-120.458497,34.655539",2
"usgs_wells","same rounded coordinate","-120.459885,34.622484",2
"usgs_wells","same rounded coordinate","-120.460719,34.705816",2
"usgs_wells","same rounded coordinate","-120.463775,34.641094",2
"usgs_wells","same rounded coordinate","-120.464052,34.667761",2
"usgs_wells","same rounded coordinate","-120.471831,34.668872",2
"usgs_wells","same rounded coordinate","-120.47268,37.039946",2
"usgs_wells","same rounded coordinate","-120.474069,37.040501",2
"usgs_wells","same rounded coordinate","-120.474331,34.660538",2
"usgs_wells","same rounded coordinate","-120.474331,34.778592",2
"usgs_wells","same rounded coordinate","-120.476235,34.873581",2
"usgs_wells","same rounded coordinate","-120.477947,36.676339",2
"usgs_wells","same rounded coordinate","-120.478501,36.654951",2
"usgs_wells","same rounded coordinate","-120.479056,36.632728",2
"usgs_wells","same rounded coordinate","-120.479331,34.655539",2
"usgs_wells","same rounded coordinate","-120.482942,34.671372",2
"usgs_wells","same rounded coordinate","-120.484609,34.662205",2
"usgs_wells","same rounded coordinate","-120.486301,37.29633",2
"usgs_wells","same rounded coordinate","-120.48739,36.618562",2
"usgs_wells","same rounded coordinate","-120.487665,34.641928",2
"usgs_wells","same rounded coordinate","-120.48961,34.951089",2
"usgs_wells","same rounded coordinate","-120.489844,34.663308",2
"usgs_wells","same rounded coordinate","-120.492665,34.657205",2
"usgs_wells","same rounded coordinate","-120.493498,34.654427",2
"usgs_wells","same rounded coordinate","-120.501276,34.627206",2
"usgs_wells","same rounded coordinate","-120.501276,34.650538",2
"usgs_wells","same rounded coordinate","-120.501789,34.650253",2
"usgs_wells","same rounded coordinate","-120.502109,34.531096",2
"usgs_wells","same rounded coordinate","-120.502665,34.637483",2
"usgs_wells","same rounded coordinate","-120.502666,34.904423",2
"usgs_wells","same rounded coordinate","-120.502943,34.679149",2
"usgs_wells","same rounded coordinate","-120.504332,34.643316",2
"usgs_wells","same rounded coordinate","-120.507944,34.678316",2
"usgs_wells","same rounded coordinate","-120.508506,36.749117",2
"usgs_wells","same rounded coordinate","-120.509054,34.638872",2
"usgs_wells","same rounded coordinate","-120.50961,34.638872",2
"usgs_wells","same rounded coordinate","-120.51211,34.659705",2
"usgs_wells","same rounded coordinate","-120.51267,36.690784",2
"usgs_wells","same rounded coordinate","-120.512948,36.690784",2
"usgs_wells","same rounded coordinate","-120.513226,36.690784",2
"usgs_wells","same rounded coordinate","-120.513504,36.690784",2
"usgs_wells","same rounded coordinate","-120.513505,36.734395",2
"usgs_wells","same rounded coordinate","-120.514055,34.647483",2
"usgs_wells","same rounded coordinate","-120.515721,34.639983",2
"usgs_wells","same rounded coordinate","-120.51711,34.664983",2
"usgs_wells","same rounded coordinate","-120.517667,34.954145",2
"usgs_wells","same rounded coordinate","-120.518456,34.674697",2
"usgs_wells","same rounded coordinate","-120.519567,34.66303",2
"usgs_wells","same rounded coordinate","-120.51961,34.659705",2
"usgs_wells","same rounded coordinate","-120.520166,34.657761",2
"usgs_wells","same rounded coordinate","-120.520999,34.641094",2
"usgs_wells","same rounded coordinate","-120.524056,34.755259",2
"usgs_wells","same rounded coordinate","-120.526278,34.673316",2
"usgs_wells","same rounded coordinate","-120.527345,34.668308",2
"usgs_wells","same rounded coordinate","-120.527388,34.638039",2
"usgs_wells","same rounded coordinate","-120.527666,34.649427",2
"usgs_wells","same rounded coordinate","-120.528778,34.649705",2
"usgs_wells","same rounded coordinate","-120.529055,34.663872",2
"usgs_wells","same rounded coordinate","-120.530444,34.646927",2
"usgs_wells","same rounded coordinate","-120.531284,36.732729",2
"usgs_wells","same rounded coordinate","-120.531834,34.726093",2
"usgs_wells","same rounded coordinate","-120.532669,36.618562",2
"usgs_wells","same rounded coordinate","-120.536,34.749148",2
"usgs_wells","same rounded coordinate","-120.536834,34.663316",2
"usgs_wells","same rounded coordinate","-120.540167,34.653872",2
"usgs_wells","same rounded coordinate","-120.540168,34.996644",2
"usgs_wells","same rounded coordinate","-120.540722,34.652761",2
"usgs_wells","same rounded coordinate","-120.545723,34.672483",2
"usgs_wells","same rounded coordinate","-120.547669,34.948311",2
"usgs_wells","same rounded coordinate","-120.549064,36.77745",2
"usgs_wells","same rounded coordinate","-120.55739,34.676927",2
"usgs_wells","same rounded coordinate","-120.558239,37.05439",2
"usgs_wells","same rounded coordinate","-120.559236,37.309272",2
"usgs_wells","same rounded coordinate","-120.56517,34.996644",2
"usgs_wells","same rounded coordinate","-120.56795,36.658007",2
"usgs_wells","same rounded coordinate","-120.570725,34.994977",2
"usgs_wells","same rounded coordinate","-120.574614,34.956922",2
"usgs_wells","same rounded coordinate","-120.577672,36.656895",2
"usgs_wells","same rounded coordinate","-120.582677,36.821894",2
"usgs_wells","same rounded coordinate","-120.582683,37.024946",2
"usgs_wells","same rounded coordinate","-120.585447,34.674149",2
"usgs_wells","same rounded coordinate","-120.586002,34.673316",2
"usgs_wells","same rounded coordinate","-120.590724,34.583317",2
"usgs_wells","same rounded coordinate","-120.591559,34.961922",2
"usgs_wells","same rounded coordinate","-120.603508,36.70634",2
"usgs_wells","same rounded coordinate","-120.617401,36.85106",2
"usgs_wells","same rounded coordinate","-120.620455,36.778561",2
"usgs_wells","same rounded coordinate","-120.624615,34.755259",2
"usgs_wells","same rounded coordinate","-120.62656,35.073865",2
"usgs_wells","same rounded coordinate","-120.638497,37.368372",2
"usgs_wells","same rounded coordinate","-120.639583,36.753611",2
"usgs_wells","same rounded coordinate","-120.642673,34.975532",2
"usgs_wells","same rounded coordinate","-120.701292,36.820505",2
"usgs_wells","same rounded coordinate","-120.703796,36.953559",2
"usgs_wells","same rounded coordinate","-120.70935,36.890782",2
"usgs_wells","same rounded coordinate","-120.727131,37.000781",2
"usgs_wells","same rounded coordinate","-120.762689,37.034391",2
"usgs_wells","same rounded coordinate","-120.793436,37.544378",2
"usgs_wells","same rounded coordinate","-120.797151,37.63132",2
"usgs_wells","same rounded coordinate","-120.802753,37.387733",2
"usgs_wells","same rounded coordinate","-120.802803,37.387739",2
"usgs_wells","same rounded coordinate","-120.811566,35.314141",2
"usgs_wells","same rounded coordinate","-120.826289,35.304419",2
"usgs_wells","same rounded coordinate","-120.834362,37.121611",2
"usgs_wells","same rounded coordinate","-120.851866,37.219941",2
"usgs_wells","same rounded coordinate","-120.863791,35.336363",2
"usgs_wells","same rounded coordinate","-120.868236,35.321919",2
"usgs_wells","same rounded coordinate","-120.872422,37.225774",2
"usgs_wells","same rounded coordinate","-120.8752,37.232441",2
"usgs_wells","same rounded coordinate","-120.876868,37.249107",2
"usgs_wells","same rounded coordinate","-120.87966,38.231862",2
"usgs_wells","same rounded coordinate","-120.879938,38.23214",2
"usgs_wells","same rounded coordinate","-120.885294,37.440106",2
"usgs_wells","same rounded coordinate","-120.941312,37.214107",2
"usgs_wells","same rounded coordinate","-120.951417,37.690194",2
"usgs_wells","same rounded coordinate","-120.975761,37.350771",2
"usgs_wells","same rounded coordinate","-120.976872,37.350493",2
"usgs_wells","same rounded coordinate","-121.001328,37.930203",2
"usgs_wells","same rounded coordinate","-121.025479,37.152442",2
"usgs_wells","same rounded coordinate","-121.057397,37.56355",2
"usgs_wells","same rounded coordinate","-121.067149,37.206329",2
"usgs_wells","same rounded coordinate","-121.079655,37.494378",2
"usgs_wells","same rounded coordinate","-121.079658,37.667152",2
"usgs_wells","same rounded coordinate","-121.080489,37.493544",2
"usgs_wells","same rounded coordinate","-121.080763,37.311048",2
"usgs_wells","same rounded coordinate","-121.086594,37.229939",2
"usgs_wells","same rounded coordinate","-121.087556,37.290694",2
"usgs_wells","same rounded coordinate","-121.092156,37.506044",2
"usgs_wells","same rounded coordinate","-121.096859,35.564138",2
"usgs_wells","same rounded coordinate","-121.125749,35.595804",2
"usgs_wells","same rounded coordinate","-121.131045,37.462711",2
"usgs_wells","same rounded coordinate","-121.153552,37.827149",2
"usgs_wells","same rounded coordinate","-121.18411,37.948258",2
"usgs_wells","same rounded coordinate","-121.219081,37.744169",2
"usgs_wells","same rounded coordinate","-121.237169,38.217694",2
"usgs_wells","same rounded coordinate","-121.24106,38.593517",2
"usgs_wells","same rounded coordinate","-121.249333,38.035444",2
"usgs_wells","same rounded coordinate","-121.259116,38.537963",2
"usgs_wells","same rounded coordinate","-121.259384,37.616875",2
"usgs_wells","same rounded coordinate","-121.26125,38.038",2
"usgs_wells","same rounded coordinate","-121.2694,37.8971",2
"usgs_wells","same rounded coordinate","-121.269949,38.552962",2
"usgs_wells","same rounded coordinate","-121.270227,38.553518",2
"usgs_wells","same rounded coordinate","-121.274116,38.551851",2
"usgs_wells","same rounded coordinate","-121.306617,38.539074",2
"usgs_wells","same rounded coordinate","-121.316895,38.552407",2
"usgs_wells","same rounded coordinate","-121.317173,38.560184",2
"usgs_wells","same rounded coordinate","-121.3456,38.0071",2
"usgs_wells","same rounded coordinate","-121.354116,38.282692",2
"usgs_wells","same rounded coordinate","-121.367732,38.897398",2
"usgs_wells","same rounded coordinate","-121.383838,38.087976",2
"usgs_wells","same rounded coordinate","-121.402723,37.768262",2
"usgs_wells","same rounded coordinate","-121.42912,38.56435",2
"usgs_wells","same rounded coordinate","-121.459954,38.430465",2
"usgs_wells","same rounded coordinate","-121.466619,38.228249",2
"usgs_wells","same rounded coordinate","-121.485501,37.691597",2
"usgs_wells","same rounded coordinate","-121.520523,39.350722",2
"usgs_wells","same rounded coordinate","-121.558856,39.268779",2
"usgs_wells","same rounded coordinate","-121.625786,38.035476",2
"usgs_wells","same rounded coordinate","-121.632189,39.129059",2
"usgs_wells","same rounded coordinate","-121.643287,38.107419",2
"usgs_wells","same rounded coordinate","-121.651079,39.163225",2
"usgs_wells","same rounded coordinate","-121.663024,39.164892",2
"usgs_wells","same rounded coordinate","-121.679136,39.200724",2
"usgs_wells","same rounded coordinate","-121.689974,39.501275",2
"usgs_wells","same rounded coordinate","-121.770233,38.013255",2
"usgs_wells","same rounded coordinate","-121.796341,36.868288",2
"usgs_wells","same rounded coordinate","-121.806061,36.51885",2
"usgs_wells","same rounded coordinate","-121.808008,36.936897",2
"usgs_wells","same rounded coordinate","-121.819956,38.006588",2
"usgs_wells","same rounded coordinate","-121.856899,36.939952",2
"usgs_wells","same rounded coordinate","-121.89969,38.809346",2
"usgs_wells","same rounded coordinate","-121.911347,37.732429",2
"usgs_wells","same rounded coordinate","-121.92056,41.972647",2
"usgs_wells","same rounded coordinate","-121.921116,41.865149",2
"usgs_wells","same rounded coordinate","-121.949414,39.092949",2
"usgs_wells","same rounded coordinate","-121.973861,39.169336",2
"usgs_wells","same rounded coordinate","-121.995563,41.951813",2
"usgs_wells","same rounded coordinate","-122.011951,41.737373",2
"usgs_wells","same rounded coordinate","-122.025008,41.815149",2
"usgs_wells","same rounded coordinate","-122.037463,37.049948",2
"usgs_wells","same rounded coordinate","-122.08802,36.960784",2
"usgs_wells","same rounded coordinate","-122.094433,40.027935",2
"usgs_wells","same rounded coordinate","-122.106352,37.44105",2
"usgs_wells","same rounded coordinate","-122.129167,37.624722",2
"usgs_wells","same rounded coordinate","-122.151869,37.676128",2
"usgs_wells","same rounded coordinate","-122.157056,37.668028",2
"usgs_wells","same rounded coordinate","-122.212188,37.458272",2
"usgs_wells","same rounded coordinate","-122.222778,40.397098",2
"usgs_wells","same rounded coordinate","-122.337782,40.373486",2
"usgs_wells","same rounded coordinate","-122.367227,40.347375",2
"usgs_wells","same rounded coordinate","-122.397,37.631917",2
"usgs_wells","same rounded coordinate","-122.398861,37.62799",2
"usgs_wells","same rounded coordinate","-122.426118,40.328208",2
"usgs_wells","same rounded coordinate","-122.470527,37.766041",2
"usgs_wells","same rounded coordinate","-122.50001,40.382929",2
"usgs_wells","same rounded coordinate","-122.505806,37.734931",2
"usgs_wells","same rounded coordinate","-122.509417,37.771041",2
"usgs_wells","same rounded coordinate","-122.5153,41.552646",2
"usgs_wells","same rounded coordinate","-122.527244,41.552923",2
"usgs_wells","same rounded coordinate","-122.528346,40.464595",2
"usgs_wells","same rounded coordinate","-123.050972,38.453472",2
"usgs_wells","same rounded coordinate","-123.10278,38.961288",2
"usgs_wells","same rounded coordinate","-123.195283,39.104339",2
"usgs_wells","same rounded coordinate","-123.204172,39.101283",2
"usgs_wells","same rounded coordinate","-123.216395,39.091562",2
"usgs_wells","same rounded coordinate","-123.220006,39.294055",2
"usgs_wells","same rounded coordinate","-123.333898,39.377109",2
"usgs_wells","same rounded coordinate","-123.495017,39.687101",2
"usgs_wells","same rounded coordinate","-123.495572,39.683767",2
"usgs_wells","same rounded coordinate","-123.548344,38.807132",2
"usgs_wells","same rounded coordinate","-123.569456,38.839076",2
"usgs_wells","same rounded coordinate","-123.579734,38.823799",2
"usgs_wells","same rounded coordinate","-123.633626,38.913797",2
"usgs_wells","same rounded coordinate","-123.644459,38.84741",2
"swrcb_wr_list_official","same rounded coordinate","-122.499499,39.568075",30
"swrcb_wr_list_official","same rounded coordinate","-116.658854,33.983463",14
"swrcb_wr_list_official","same rounded coordinate","-118.806213,36.412964",10
"swrcb_wr_list_official","same rounded coordinate","-119.046545,38.191869",10
"swrcb_wr_list_official","same rounded coordinate","-120.627744,41.261462",10
"swrcb_wr_list_official","same rounded coordinate","-121.492,38.58191",10
"swrcb_wr_list_official","same rounded coordinate","-114.468997,32.883581",9
"swrcb_wr_list_official","same rounded coordinate","-119.166968,38.229538",9
"swrcb_wr_list_official","same rounded coordinate","-119.180318,38.222822",9
"swrcb_wr_list_official","same rounded coordinate","-119.204302,38.244782",9
"swrcb_wr_list_official","same rounded coordinate","-118.092044,35.814068",8
"swrcb_wr_list_official","same rounded coordinate","-118.343382,37.191257",8
"swrcb_wr_list_official","same rounded coordinate","-118.408864,35.420542",8
"swrcb_wr_list_official","same rounded coordinate","-118.454968,35.473402",8
"swrcb_wr_list_official","same rounded coordinate","-119.118755,38.182572",8
"swrcb_wr_list_official","same rounded coordinate","-119.204438,38.246981",8
"swrcb_wr_list_official","same rounded coordinate","-120.549733,38.420256",7
"swrcb_wr_list_official","same rounded coordinate","-121.897024,40.842415",7
"swrcb_wr_list_official","same rounded coordinate","-122.42035,40.717616",7
"swrcb_wr_list_official","same rounded coordinate","-115.905146,34.18723",6
"swrcb_wr_list_official","same rounded coordinate","-118.070548,35.778189",6
"swrcb_wr_list_official","same rounded coordinate","-118.10459,35.896577",6
"swrcb_wr_list_official","same rounded coordinate","-118.118007,35.90437",6
"swrcb_wr_list_official","same rounded coordinate","-119.206314,38.249198",6
"swrcb_wr_list_official","same rounded coordinate","-115.888877,35.772937",5
"swrcb_wr_list_official","same rounded coordinate","-115.957394,34.187282",5
"swrcb_wr_list_official","same rounded coordinate","-119.044741,38.195143",5
"swrcb_wr_list_official","same rounded coordinate","-119.129309,38.101402",5
"swrcb_wr_list_official","same rounded coordinate","-119.164173,38.133933",5
"swrcb_wr_list_official","same rounded coordinate","-119.553171,38.65011",5
"swrcb_wr_list_official","same rounded coordinate","-119.58468,38.660935",5
"swrcb_wr_list_official","same rounded coordinate","-115.817039,34.15813",4
"swrcb_wr_list_official","same rounded coordinate","-116.641306,33.940002",4
"swrcb_wr_list_official","same rounded coordinate","-116.758532,34.345487",4
"swrcb_wr_list_official","same rounded coordinate","-118.025852,35.738919",4
"swrcb_wr_list_official","same rounded coordinate","-118.036614,35.695378",4
"swrcb_wr_list_official","same rounded coordinate","-118.066098,35.953417",4
"swrcb_wr_list_official","same rounded coordinate","-118.081074,36.601643",4
"swrcb_wr_list_official","same rounded coordinate","-118.11037,35.893049",4
"swrcb_wr_list_official","same rounded coordinate","-118.110395,35.890852",4
"swrcb_wr_list_official","same rounded coordinate","-118.132906,35.839649",4
"swrcb_wr_list_official","same rounded coordinate","-118.146192,35.766126",4
"swrcb_wr_list_official","same rounded coordinate","-118.500574,35.683107",4
"swrcb_wr_list_official","same rounded coordinate","-118.505258,35.65081",4
"swrcb_wr_list_official","same rounded coordinate","-118.510541,35.607384",4
"swrcb_wr_list_official","same rounded coordinate","-118.551238,35.50625",4
"swrcb_wr_list_official","same rounded coordinate","-118.796725,36.402234",4
"swrcb_wr_list_official","same rounded coordinate","-118.81228,36.43385",4
"swrcb_wr_list_official","same rounded coordinate","-118.889314,36.52707",4
"swrcb_wr_list_official","same rounded coordinate","-119.167574,38.234488",4
"swrcb_wr_list_official","same rounded coordinate","-119.52513,37.128118",4
"swrcb_wr_list_official","same rounded coordinate","-119.824716,38.876775",4
"swrcb_wr_list_official","same rounded coordinate","-120.430908,41.377283",4
"swrcb_wr_list_official","same rounded coordinate","-120.939508,40.898535",4
"swrcb_wr_list_official","same rounded coordinate","-121.449479,38.279506",4
"swrcb_wr_list_official","same rounded coordinate","-121.900491,40.844285",4
"swrcb_wr_list_official","same rounded coordinate","-122.12417,40.403759",4
"swrcb_wr_list_official","same rounded coordinate","-122.125987,40.403015",4
"swrcb_wr_list_official","same rounded coordinate","-122.129922,40.401312",4
"swrcb_wr_list_official","same rounded coordinate","-115.961913,35.79408",3
"swrcb_wr_list_official","same rounded coordinate","-116.864982,34.872361",3
"swrcb_wr_list_official","same rounded coordinate","-117.112417,34.09853",3
"swrcb_wr_list_official","same rounded coordinate","-117.469541,36.239233",3
"swrcb_wr_list_official","same rounded coordinate","-118,36",3
"swrcb_wr_list_official","same rounded coordinate","-118.022735,35.773681",3
"swrcb_wr_list_official","same rounded coordinate","-118.025684,35.74249",3
"swrcb_wr_list_official","same rounded coordinate","-118.026728,35.777835",3
"swrcb_wr_list_official","same rounded coordinate","-118.026824,35.770144",3
"swrcb_wr_list_official","same rounded coordinate","-118.027755,35.966568",3
"swrcb_wr_list_official","same rounded coordinate","-118.027858,35.694831",3
"swrcb_wr_list_official","same rounded coordinate","-118.036066,35.84082",3
"swrcb_wr_list_official","same rounded coordinate","-118.03933,35.742624",3
"swrcb_wr_list_official","same rounded coordinate","-118.042998,35.669829",3
"swrcb_wr_list_official","same rounded coordinate","-118.052808,35.742619",3
"swrcb_wr_list_official","same rounded coordinate","-118.068615,35.855641",3
"swrcb_wr_list_official","same rounded coordinate","-118.077697,36.601956",3
"swrcb_wr_list_official","same rounded coordinate","-118.120163,35.922791",3
"swrcb_wr_list_official","same rounded coordinate","-118.128871,35.868738",3
"swrcb_wr_list_official","same rounded coordinate","-118.162952,35.900851",3
"swrcb_wr_list_official","same rounded coordinate","-118.373342,37.697924",3
"swrcb_wr_list_official","same rounded coordinate","-118.386866,37.270449",3
"swrcb_wr_list_official","same rounded coordinate","-118.427787,35.412785",3
"swrcb_wr_list_official","same rounded coordinate","-118.506894,35.45232",3
"swrcb_wr_list_official","same rounded coordinate","-118.511281,35.455873",3
"swrcb_wr_list_official","same rounded coordinate","-118.518586,35.523013",3
"swrcb_wr_list_official","same rounded coordinate","-118.519669,35.614626",3
"swrcb_wr_list_official","same rounded coordinate","-118.527808,35.624756",3
"swrcb_wr_list_official","same rounded coordinate","-118.532516,35.520618",3
"swrcb_wr_list_official","same rounded coordinate","-118.534409,35.527478",3
"swrcb_wr_list_official","same rounded coordinate","-118.538178,35.512901",3
"swrcb_wr_list_official","same rounded coordinate","-118.546456,35.494458",3
"swrcb_wr_list_official","same rounded coordinate","-118.806205,36.41626",3
"swrcb_wr_list_official","same rounded coordinate","-118.806945,36.391813",3
"swrcb_wr_list_official","same rounded coordinate","-118.819461,36.415457",3
"swrcb_wr_list_official","same rounded coordinate","-118.824574,36.409147",3
"swrcb_wr_list_official","same rounded coordinate","-118.828325,36.403384",3
"swrcb_wr_list_official","same rounded coordinate","-118.832329,36.437452",3
"swrcb_wr_list_official","same rounded coordinate","-118.864217,36.281739",3
"swrcb_wr_list_official","same rounded coordinate","-118.885214,36.538054",3
"swrcb_wr_list_official","same rounded coordinate","-118.889664,36.520203",3
"swrcb_wr_list_official","same rounded coordinate","-119.074506,38.275698",3
"swrcb_wr_list_official","same rounded coordinate","-119.076094,38.283682",3
"swrcb_wr_list_official","same rounded coordinate","-119.082739,38.228011",3
"swrcb_wr_list_official","same rounded coordinate","-119.13164,38.106921",3
"swrcb_wr_list_official","same rounded coordinate","-119.154106,38.209344",3
"swrcb_wr_list_official","same rounded coordinate","-119.258508,38.210485",3
"swrcb_wr_list_official","same rounded coordinate","-119.490774,38.508164",3
"swrcb_wr_list_official","same rounded coordinate","-120.025554,41.818282",3
"swrcb_wr_list_official","same rounded coordinate","-120.412389,41.22303",3
"swrcb_wr_list_official","same rounded coordinate","-120.549746,38.420261",3
"swrcb_wr_list_official","same rounded coordinate","-120.602796,41.366025",3
"swrcb_wr_list_official","same rounded coordinate","-120.650597,41.148907",3
"swrcb_wr_list_official","same rounded coordinate","-120.821164,39.127999",3
"swrcb_wr_list_official","same rounded coordinate","-120.941781,40.903497",3
"swrcb_wr_list_official","same rounded coordinate","-121.396123,40.873",3
"swrcb_wr_list_official","same rounded coordinate","-122.730062,38.7971",3
"swrcb_wr_list_official","same rounded coordinate","-122.86012,41.694541",3
"swrcb_wr_list_official","same rounded coordinate","-115.380606,33.83801",2
"swrcb_wr_list_official","same rounded coordinate","-115.441598,35.555477",2
"swrcb_wr_list_official","same rounded coordinate","-115.448158,35.589869",2
"swrcb_wr_list_official","same rounded coordinate","-115.479563,35.455952",2
"swrcb_wr_list_official","same rounded coordinate","-115.523463,35.453684",2
"swrcb_wr_list_official","same rounded coordinate","-115.659008,34.50723",2
"swrcb_wr_list_official","same rounded coordinate","-115.699032,35.445877",2
"swrcb_wr_list_official","same rounded coordinate","-115.722638,34.185328",2
"swrcb_wr_list_official","same rounded coordinate","-115.729229,34.187146",2
"swrcb_wr_list_official","same rounded coordinate","-115.746796,34.172543",2
"swrcb_wr_list_official","same rounded coordinate","-115.764445,34.172497",2
"swrcb_wr_list_official","same rounded coordinate","-115.764493,34.114321",2
"swrcb_wr_list_official","same rounded coordinate","-115.834632,34.201587",2
"swrcb_wr_list_official","same rounded coordinate","-115.834646,34.158225",2
"swrcb_wr_list_official","same rounded coordinate","-115.837745,35.481876",2
"swrcb_wr_list_official","same rounded coordinate","-115.887403,34.114914",2
"swrcb_wr_list_official","same rounded coordinate","-115.893013,35.383363",2
"swrcb_wr_list_official","same rounded coordinate","-115.9225,34.129393",2
"swrcb_wr_list_official","same rounded coordinate","-115.939958,34.201845",2
"swrcb_wr_list_official","same rounded coordinate","-116.049145,35.285431",2
"swrcb_wr_list_official","same rounded coordinate","-116.203373,33.751533",2
"swrcb_wr_list_official","same rounded coordinate","-116.476855,32.987338",2
"swrcb_wr_list_official","same rounded coordinate","-116.531527,34.10358",2
"swrcb_wr_list_official","same rounded coordinate","-116.537958,34.113689",2
"swrcb_wr_list_official","same rounded coordinate","-116.542047,33.076387",2
"swrcb_wr_list_official","same rounded coordinate","-116.847393,34.857918",2
"swrcb_wr_list_official","same rounded coordinate","-117.01093,34.378864",2
"swrcb_wr_list_official","same rounded coordinate","-117.285561,35.614148",2
"swrcb_wr_list_official","same rounded coordinate","-117.394397,35.90361",2
"swrcb_wr_list_official","same rounded coordinate","-117.850697,36.699838",2
"swrcb_wr_list_official","same rounded coordinate","-117.937586,35.72888",2
"swrcb_wr_list_official","same rounded coordinate","-118.002603,35.701151",2
"swrcb_wr_list_official","same rounded coordinate","-118.00912,35.8373",2
"swrcb_wr_list_official","same rounded coordinate","-118.017791,35.818417",2
"swrcb_wr_list_official","same rounded coordinate","-118.021121,36.278346",2
"swrcb_wr_list_official","same rounded coordinate","-118.022442,35.770107",2
"swrcb_wr_list_official","same rounded coordinate","-118.022572,35.840708",2
"swrcb_wr_list_official","same rounded coordinate","-118.023544,36.722117",2
"swrcb_wr_list_official","same rounded coordinate","-118.026779,35.773714",2
"swrcb_wr_list_official","same rounded coordinate","-118.026865,35.766847",2
"swrcb_wr_list_official","same rounded coordinate","-118.030226,35.72436",2
"swrcb_wr_list_official","same rounded coordinate","-118.030569,35.738918",2
"swrcb_wr_list_official","same rounded coordinate","-118.040458,35.840306",2
"swrcb_wr_list_official","same rounded coordinate","-118.043705,35.731635",2
"swrcb_wr_list_official","same rounded coordinate","-118.045512,35.896113",2
"swrcb_wr_list_official","same rounded coordinate","-118.048032,35.938713",2
"swrcb_wr_list_official","same rounded coordinate","-118.053116,35.825849",2
"swrcb_wr_list_official","same rounded coordinate","-118.055352,35.892072",2
"swrcb_wr_list_official","same rounded coordinate","-118.059691,35.896227",2
"swrcb_wr_list_official","same rounded coordinate","-118.063539,35.828679",2
"swrcb_wr_list_official","same rounded coordinate","-118.064183,35.774842",2
"swrcb_wr_list_official","same rounded coordinate","-118.072606,35.917482",2
"swrcb_wr_list_official","same rounded coordinate","-118.085399,36.584435",2
"swrcb_wr_list_official","same rounded coordinate","-118.087027,35.810458",2
"swrcb_wr_list_official","same rounded coordinate","-118.091991,35.876701",2
"swrcb_wr_list_official","same rounded coordinate","-118.092281,35.880824",2
"swrcb_wr_list_official","same rounded coordinate","-118.096903,35.706059",2
"swrcb_wr_list_official","same rounded coordinate","-118.100583,35.922094",2
"swrcb_wr_list_official","same rounded coordinate","-118.109327,35.836452",2
"swrcb_wr_list_official","same rounded coordinate","-118.113243,35.90763",2
"swrcb_wr_list_official","same rounded coordinate","-118.114267,35.876871",2
"swrcb_wr_list_official","same rounded coordinate","-118.114558,35.821382",2
"swrcb_wr_list_official","same rounded coordinate","-118.115002,35.782103",2
"swrcb_wr_list_official","same rounded coordinate","-118.118053,35.900249",2
"swrcb_wr_list_official","same rounded coordinate","-118.123509,35.706035",2
"swrcb_wr_list_official","same rounded coordinate","-118.127719,35.706031",2
"swrcb_wr_list_official","same rounded coordinate","-118.139517,35.944086",2
"swrcb_wr_list_official","same rounded coordinate","-118.142144,35.827905",2
"swrcb_wr_list_official","same rounded coordinate","-118.142156,35.857573",2
"swrcb_wr_list_official","same rounded coordinate","-118.145795,35.738288",2
"swrcb_wr_list_official","same rounded coordinate","-118.146403,35.777665",2
"swrcb_wr_list_official","same rounded coordinate","-118.150833,35.835385",2
"swrcb_wr_list_official","same rounded coordinate","-118.155528,35.869207",2
"swrcb_wr_list_official","same rounded coordinate","-118.327351,37.15972",2
"swrcb_wr_list_official","same rounded coordinate","-118.370424,37.709865",2
"swrcb_wr_list_official","same rounded coordinate","-118.389217,37.277327",2
"swrcb_wr_list_official","same rounded coordinate","-118.436185,35.414404",2
"swrcb_wr_list_official","same rounded coordinate","-118.442692,35.56383",2
"swrcb_wr_list_official","same rounded coordinate","-118.446727,35.563815",2
"swrcb_wr_list_official","same rounded coordinate","-118.455205,35.455544",2
"swrcb_wr_list_official","same rounded coordinate","-118.458713,35.452234",2
"swrcb_wr_list_official","same rounded coordinate","-118.472935,35.502592",2
"swrcb_wr_list_official","same rounded coordinate","-118.477495,37.710789",2
"swrcb_wr_list_official","same rounded coordinate","-118.481278,35.665328",2
"swrcb_wr_list_official","same rounded coordinate","-118.482968,35.66642",2
"swrcb_wr_list_official","same rounded coordinate","-118.485446,35.459274",2
"swrcb_wr_list_official","same rounded coordinate","-118.48808,35.70527",2
"swrcb_wr_list_official","same rounded coordinate","-118.488116,35.683019",2
"swrcb_wr_list_official","same rounded coordinate","-118.489482,35.686173",2
"swrcb_wr_list_official","same rounded coordinate","-118.492831,35.683138",2
"swrcb_wr_list_official","same rounded coordinate","-118.493397,35.665417",2
"swrcb_wr_list_official","same rounded coordinate","-118.497713,35.488896",2
"swrcb_wr_list_official","same rounded coordinate","-118.499131,35.445621",2
"swrcb_wr_list_official","same rounded coordinate","-118.5027,35.480359",2
"swrcb_wr_list_official","same rounded coordinate","-118.50281,35.49849",2
"swrcb_wr_list_official","same rounded coordinate","-118.503128,35.495467",2
"swrcb_wr_list_official","same rounded coordinate","-118.50592,35.621825",2
"swrcb_wr_list_official","same rounded coordinate","-118.507699,35.47402",2
"swrcb_wr_list_official","same rounded coordinate","-118.509517,35.605053",2
"swrcb_wr_list_official","same rounded coordinate","-118.510555,35.474283",2
"swrcb_wr_list_official","same rounded coordinate","-118.514947,35.679751",2
"swrcb_wr_list_official","same rounded coordinate","-118.516384,35.466566",2
"swrcb_wr_list_official","same rounded coordinate","-118.51641,35.470687",2
"swrcb_wr_list_official","same rounded coordinate","-118.529327,35.54728",2
"swrcb_wr_list_official","same rounded coordinate","-118.529354,37.347994",2
"swrcb_wr_list_official","same rounded coordinate","-118.530441,37.709214",2
"swrcb_wr_list_official","same rounded coordinate","-118.537891,35.52032",2
"swrcb_wr_list_official","same rounded coordinate","-118.542446,35.497773",2
"swrcb_wr_list_official","same rounded coordinate","-118.546074,35.487592",2
"swrcb_wr_list_official","same rounded coordinate","-118.54965,35.520131",2
"swrcb_wr_list_official","same rounded coordinate","-118.599148,37.421301",2
"swrcb_wr_list_official","same rounded coordinate","-118.600934,37.805692",2
"swrcb_wr_list_official","same rounded coordinate","-118.776711,36.390386",2
"swrcb_wr_list_official","same rounded coordinate","-118.777867,36.46126",2
"swrcb_wr_list_official","same rounded coordinate","-118.784542,36.384082",2
"swrcb_wr_list_official","same rounded coordinate","-118.787913,36.393978",2
"swrcb_wr_list_official","same rounded coordinate","-118.788491,36.431063",2
"swrcb_wr_list_official","same rounded coordinate","-118.791411,36.482986",2
"swrcb_wr_list_official","same rounded coordinate","-118.797083,36.395367",2
"swrcb_wr_list_official","same rounded coordinate","-118.800266,36.478881",2
"swrcb_wr_list_official","same rounded coordinate","-118.810309,36.405828",2
"swrcb_wr_list_official","same rounded coordinate","-118.810626,36.415168",2
"swrcb_wr_list_official","same rounded coordinate","-118.824239,36.406674",2
"swrcb_wr_list_official","same rounded coordinate","-118.829278,36.278672",2
"swrcb_wr_list_official","same rounded coordinate","-118.842249,36.407249",2
"swrcb_wr_list_official","same rounded coordinate","-118.843912,36.256167",2
"swrcb_wr_list_official","same rounded coordinate","-118.856745,36.286125",2
"swrcb_wr_list_official","same rounded coordinate","-118.863928,36.25317",2
"swrcb_wr_list_official","same rounded coordinate","-118.888626,36.532289",2
"swrcb_wr_list_official","same rounded coordinate","-118.959706,38.250919",2
"swrcb_wr_list_official","same rounded coordinate","-118.995696,38.228036",2
"swrcb_wr_list_official","same rounded coordinate","-118.998852,38.107234",2
"swrcb_wr_list_official","same rounded coordinate","-119.003618,38.266585",2
"swrcb_wr_list_official","same rounded coordinate","-119.012154,38.257904",2
"swrcb_wr_list_official","same rounded coordinate","-119.016012,38.221975",2
"swrcb_wr_list_official","same rounded coordinate","-119.02106,38.195948",2
"swrcb_wr_list_official","same rounded coordinate","-119.070954,38.279226",2
"swrcb_wr_list_official","same rounded coordinate","-119.073873,38.272395",2
"swrcb_wr_list_official","same rounded coordinate","-119.080439,38.238968",2
"swrcb_wr_list_official","same rounded coordinate","-119.085495,38.12066",2
"swrcb_wr_list_official","same rounded coordinate","-119.117783,38.178716",2
"swrcb_wr_list_official","same rounded coordinate","-119.121155,38.165847",2
"swrcb_wr_list_official","same rounded coordinate","-119.121425,38.095542",2
"swrcb_wr_list_official","same rounded coordinate","-119.12677,38.331516",2
"swrcb_wr_list_official","same rounded coordinate","-119.129393,38.134359",2
"swrcb_wr_list_official","same rounded coordinate","-119.149134,38.138706",2
"swrcb_wr_list_official","same rounded coordinate","-119.151898,38.330156",2
"swrcb_wr_list_official","same rounded coordinate","-119.158386,38.088827",2
"swrcb_wr_list_official","same rounded coordinate","-119.167287,38.134792",2
"swrcb_wr_list_official","same rounded coordinate","-119.175776,38.146148",2
"swrcb_wr_list_official","same rounded coordinate","-119.180123,38.078086",2
"swrcb_wr_list_official","same rounded coordinate","-119.485107,38.513608",2
"swrcb_wr_list_official","same rounded coordinate","-119.589814,38.654174",2
"swrcb_wr_list_official","same rounded coordinate","-119.597717,38.658734",2
"swrcb_wr_list_official","same rounded coordinate","-120.012747,40.340713",2
"swrcb_wr_list_official","same rounded coordinate","-120.018012,41.679399",2
"swrcb_wr_list_official","same rounded coordinate","-120.117317,37.643501",2
"swrcb_wr_list_official","same rounded coordinate","-120.137065,40.967448",2
"swrcb_wr_list_official","same rounded coordinate","-120.155379,40.705947",2
"swrcb_wr_list_official","same rounded coordinate","-120.161698,40.731926",2
"swrcb_wr_list_official","same rounded coordinate","-120.162954,40.431086",2
"swrcb_wr_list_official","same rounded coordinate","-120.218264,40.465731",2
"swrcb_wr_list_official","same rounded coordinate","-120.263808,40.421537",2
"swrcb_wr_list_official","same rounded coordinate","-120.266288,40.415946",2
"swrcb_wr_list_official","same rounded coordinate","-120.293577,40.65605",2
"swrcb_wr_list_official","same rounded coordinate","-120.358484,41.622234",2
"swrcb_wr_list_official","same rounded coordinate","-120.384581,40.649677",2
"swrcb_wr_list_official","same rounded coordinate","-120.387651,41.626209",2
"swrcb_wr_list_official","same rounded coordinate","-120.426158,41.247924",2
"swrcb_wr_list_official","same rounded coordinate","-120.461216,36.079976",2
"swrcb_wr_list_official","same rounded coordinate","-120.467559,38.384213",2
"swrcb_wr_list_official","same rounded coordinate","-120.48182,41.271176",2
"swrcb_wr_list_official","same rounded coordinate","-120.486914,40.715039",2
"swrcb_wr_list_official","same rounded coordinate","-120.5222,37.950065",2
"swrcb_wr_list_official","same rounded coordinate","-120.550714,41.116131",2
"swrcb_wr_list_official","same rounded coordinate","-120.579915,41.074765",2
"swrcb_wr_list_official","same rounded coordinate","-120.72661,41.313097",2
"swrcb_wr_list_official","same rounded coordinate","-120.775586,38.793956",2
"swrcb_wr_list_official","same rounded coordinate","-120.807172,39.247033",2
"swrcb_wr_list_official","same rounded coordinate","-120.938454,40.896604",2
"swrcb_wr_list_official","same rounded coordinate","-120.987284,38.77862",2
"swrcb_wr_list_official","same rounded coordinate","-121.022989,40.929331",2
"swrcb_wr_list_official","same rounded coordinate","-121.398955,38.260307",2
"swrcb_wr_list_official","same rounded coordinate","-121.40615,36.368368",2
"swrcb_wr_list_official","same rounded coordinate","-121.447936,38.253989",2
"swrcb_wr_list_official","same rounded coordinate","-122.12553,40.402978",2
"swrcb_wr_list_official","same rounded coordinate","-122.153885,40.39772",2
"swrcb_wr_list_official","same rounded coordinate","-122.155881,40.478904",2
"swrcb_wr_list_official","same rounded coordinate","-122.332557,38.695804",2
"swrcb_wr_list_official","same rounded coordinate","-122.37456,38.754438",2
"swrcb_wr_list_official","same rounded coordinate","-122.459498,40.534641",2
"swrcb_wr_list_official","same rounded coordinate","-122.461654,40.53422",2
"swrcb_wr_list_official","same rounded coordinate","-122.494088,39.10134",2
"swrcb_wr_list_official","same rounded coordinate","-122.597375,40.744422",2
"swrcb_wr_list_official","same rounded coordinate","-122.940456,40.68764",2
"swrcb_wr_list_official","same rounded coordinate","-122.96589,40.669585",2
"swrcb_wr_list_official","same rounded coordinate","-122.966819,40.671499",2
"swrcb_wr_list_official","same rounded coordinate","-122.967276,40.671907",2
"swrcb_wr_list_official","same rounded coordinate","-123.012892,40.74948",2
"swrcb_wr_list_official","same rounded coordinate","-123.041241,39.188084",2
"swrcb_wr_list_official","same rounded coordinate","-123.042139,39.04529",2
"swrcb_wr_list_official","same rounded coordinate","-123.145034,39.758222",2
"swrcb_wr_list_official","same rounded coordinate","-123.278765,39.444801",2
"swrcb_wr_list_official","same rounded coordinate","-123.307985,39.702575",2
"swrcb_wr_list_official","same rounded coordinate","-123.973548,40.05593",2
"swrcb_wr_list_official","same rounded coordinate","-124.1314,40.2147",2
"swrcb_pod_spatial_matches","same rounded coordinate","-122.499499,39.568075",30
"swrcb_pod_spatial_matches","same rounded coordinate","-116.658854,33.983463",14
"swrcb_pod_spatial_matches","same rounded coordinate","-118.806213,36.412964",10
"swrcb_pod_spatial_matches","same rounded coordinate","-119.046545,38.191869",10
"swrcb_pod_spatial_matches","same rounded coordinate","-120.627744,41.261462",10
"swrcb_pod_spatial_matches","same rounded coordinate","-121.492,38.58191",10
"swrcb_pod_spatial_matches","same rounded coordinate","-114.468997,32.883581",9
"swrcb_pod_spatial_matches","same rounded coordinate","-119.166968,38.229538",9
"swrcb_pod_spatial_matches","same rounded coordinate","-119.180318,38.222822",9
"swrcb_pod_spatial_matches","same rounded coordinate","-119.204302,38.244782",9
"swrcb_pod_spatial_matches","same rounded coordinate","-118.092044,35.814068",8
"swrcb_pod_spatial_matches","same rounded coordinate","-118.343382,37.191257",8
"swrcb_pod_spatial_matches","same rounded coordinate","-118.408864,35.420542",8
"swrcb_pod_spatial_matches","same rounded coordinate","-118.454968,35.473402",8
"swrcb_pod_spatial_matches","same rounded coordinate","-119.118755,38.182572",8
"swrcb_pod_spatial_matches","same rounded coordinate","-119.204438,38.246981",8
"swrcb_pod_spatial_matches","same rounded coordinate","-120.549733,38.420256",7
"swrcb_pod_spatial_matches","same rounded coordinate","-121.897024,40.842415",7
"swrcb_pod_spatial_matches","same rounded coordinate","-122.42035,40.717616",7
"swrcb_pod_spatial_matches","same rounded coordinate","-115.905146,34.18723",6
"swrcb_pod_spatial_matches","same rounded coordinate","-118.070548,35.778189",6
"swrcb_pod_spatial_matches","same rounded coordinate","-118.10459,35.896577",6
"swrcb_pod_spatial_matches","same rounded coordinate","-118.118007,35.90437",6
"swrcb_pod_spatial_matches","same rounded coordinate","-119.206314,38.249198",6
"swrcb_pod_spatial_matches","same rounded coordinate","-115.888877,35.772937",5
"swrcb_pod_spatial_matches","same rounded coordinate","-115.957394,34.187282",5
"swrcb_pod_spatial_matches","same rounded coordinate","-119.044741,38.195143",5
"swrcb_pod_spatial_matches","same rounded coordinate","-119.129309,38.101402",5
"swrcb_pod_spatial_matches","same rounded coordinate","-119.164173,38.133933",5
"swrcb_pod_spatial_matches","same rounded coordinate","-119.553171,38.65011",5
"swrcb_pod_spatial_matches","same rounded coordinate","-119.58468,38.660935",5
"swrcb_pod_spatial_matches","same rounded coordinate","-115.817039,34.15813",4
"swrcb_pod_spatial_matches","same rounded coordinate","-116.641306,33.940002",4
"swrcb_pod_spatial_matches","same rounded coordinate","-116.758532,34.345487",4
"swrcb_pod_spatial_matches","same rounded coordinate","-118.025852,35.738919",4
"swrcb_pod_spatial_matches","same rounded coordinate","-118.036614,35.695378",4
"swrcb_pod_spatial_matches","same rounded coordinate","-118.066098,35.953417",4
"swrcb_pod_spatial_matches","same rounded coordinate","-118.081074,36.601643",4
"swrcb_pod_spatial_matches","same rounded coordinate","-118.11037,35.893049",4
"swrcb_pod_spatial_matches","same rounded coordinate","-118.110395,35.890852",4
"swrcb_pod_spatial_matches","same rounded coordinate","-118.132906,35.839649",4
"swrcb_pod_spatial_matches","same rounded coordinate","-118.146192,35.766126",4
"swrcb_pod_spatial_matches","same rounded coordinate","-118.500574,35.683107",4
"swrcb_pod_spatial_matches","same rounded coordinate","-118.505258,35.65081",4
"swrcb_pod_spatial_matches","same rounded coordinate","-118.510541,35.607384",4
"swrcb_pod_spatial_matches","same rounded coordinate","-118.551238,35.50625",4
"swrcb_pod_spatial_matches","same rounded coordinate","-118.796725,36.402234",4
"swrcb_pod_spatial_matches","same rounded coordinate","-118.81228,36.43385",4
"swrcb_pod_spatial_matches","same rounded coordinate","-118.889314,36.52707",4
"swrcb_pod_spatial_matches","same rounded coordinate","-119.167574,38.234488",4
"swrcb_pod_spatial_matches","same rounded coordinate","-119.52513,37.128118",4
"swrcb_pod_spatial_matches","same rounded coordinate","-119.824716,38.876775",4
"swrcb_pod_spatial_matches","same rounded coordinate","-120.430908,41.377283",4
"swrcb_pod_spatial_matches","same rounded coordinate","-120.939508,40.898535",4
"swrcb_pod_spatial_matches","same rounded coordinate","-121.449479,38.279506",4
"swrcb_pod_spatial_matches","same rounded coordinate","-121.900491,40.844285",4
"swrcb_pod_spatial_matches","same rounded coordinate","-122.12417,40.403759",4
"swrcb_pod_spatial_matches","same rounded coordinate","-122.125987,40.403015",4
"swrcb_pod_spatial_matches","same rounded coordinate","-122.129922,40.401312",4
"swrcb_pod_spatial_matches","same rounded coordinate","-115.961913,35.79408",3
"swrcb_pod_spatial_matches","same rounded coordinate","-116.864982,34.872361",3
"swrcb_pod_spatial_matches","same rounded coordinate","-117.112417,34.09853",3
"swrcb_pod_spatial_matches","same rounded coordinate","-117.469541,36.239233",3
"swrcb_pod_spatial_matches","same rounded coordinate","-118,36",3
"swrcb_pod_spatial_matches","same rounded coordinate","-118.022735,35.773681",3
"swrcb_pod_spatial_matches","same rounded coordinate","-118.025684,35.74249",3
"swrcb_pod_spatial_matches","same rounded coordinate","-118.026728,35.777835",3
"swrcb_pod_spatial_matches","same rounded coordinate","-118.026824,35.770144",3
"swrcb_pod_spatial_matches","same rounded coordinate","-118.027755,35.966568",3
"swrcb_pod_spatial_matches","same rounded coordinate","-118.027858,35.694831",3
"swrcb_pod_spatial_matches","same rounded coordinate","-118.036066,35.84082",3
"swrcb_pod_spatial_matches","same rounded coordinate","-118.03933,35.742624",3
"swrcb_pod_spatial_matches","same rounded coordinate","-118.042998,35.669829",3
"swrcb_pod_spatial_matches","same rounded coordinate","-118.052808,35.742619",3
"swrcb_pod_spatial_matches","same rounded coordinate","-118.068615,35.855641",3
"swrcb_pod_spatial_matches","same rounded coordinate","-118.077697,36.601956",3
"swrcb_pod_spatial_matches","same rounded coordinate","-118.120163,35.922791",3
"swrcb_pod_spatial_matches","same rounded coordinate","-118.128871,35.868738",3
"swrcb_pod_spatial_matches","same rounded coordinate","-118.162952,35.900851",3
"swrcb_pod_spatial_matches","same rounded coordinate","-118.373342,37.697924",3
"swrcb_pod_spatial_matches","same rounded coordinate","-118.386866,37.270449",3
"swrcb_pod_spatial_matches","same rounded coordinate","-118.427787,35.412785",3
"swrcb_pod_spatial_matches","same rounded coordinate","-118.506894,35.45232",3
"swrcb_pod_spatial_matches","same rounded coordinate","-118.511281,35.455873",3
"swrcb_pod_spatial_matches","same rounded coordinate","-118.518586,35.523013",3
"swrcb_pod_spatial_matches","same rounded coordinate","-118.519669,35.614626",3
"swrcb_pod_spatial_matches","same rounded coordinate","-118.527808,35.624756",3
"swrcb_pod_spatial_matches","same rounded coordinate","-118.532516,35.520618",3
"swrcb_pod_spatial_matches","same rounded coordinate","-118.534409,35.527478",3
"swrcb_pod_spatial_matches","same rounded coordinate","-118.538178,35.512901",3
"swrcb_pod_spatial_matches","same rounded coordinate","-118.546456,35.494458",3
"swrcb_pod_spatial_matches","same rounded coordinate","-118.806205,36.41626",3
"swrcb_pod_spatial_matches","same rounded coordinate","-118.806945,36.391813",3
"swrcb_pod_spatial_matches","same rounded coordinate","-118.819461,36.415457",3
"swrcb_pod_spatial_matches","same rounded coordinate","-118.824574,36.409147",3
"swrcb_pod_spatial_matches","same rounded coordinate","-118.828325,36.403384",3
"swrcb_pod_spatial_matches","same rounded coordinate","-118.832329,36.437452",3
"swrcb_pod_spatial_matches","same rounded coordinate","-118.864217,36.281739",3
"swrcb_pod_spatial_matches","same rounded coordinate","-118.885214,36.538054",3
"swrcb_pod_spatial_matches","same rounded coordinate","-118.889664,36.520203",3
"swrcb_pod_spatial_matches","same rounded coordinate","-119.074506,38.275698",3
"swrcb_pod_spatial_matches","same rounded coordinate","-119.076094,38.283682",3
"swrcb_pod_spatial_matches","same rounded coordinate","-119.082739,38.228011",3
"swrcb_pod_spatial_matches","same rounded coordinate","-119.13164,38.106921",3
"swrcb_pod_spatial_matches","same rounded coordinate","-119.154106,38.209344",3
"swrcb_pod_spatial_matches","same rounded coordinate","-119.258508,38.210485",3
"swrcb_pod_spatial_matches","same rounded coordinate","-119.490774,38.508164",3
"swrcb_pod_spatial_matches","same rounded coordinate","-120.025554,41.818282",3
"swrcb_pod_spatial_matches","same rounded coordinate","-120.412389,41.22303",3
"swrcb_pod_spatial_matches","same rounded coordinate","-120.549746,38.420261",3
"swrcb_pod_spatial_matches","same rounded coordinate","-120.602796,41.366025",3
"swrcb_pod_spatial_matches","same rounded coordinate","-120.650597,41.148907",3
"swrcb_pod_spatial_matches","same rounded coordinate","-120.821164,39.127999",3
"swrcb_pod_spatial_matches","same rounded coordinate","-120.941781,40.903497",3
"swrcb_pod_spatial_matches","same rounded coordinate","-121.396123,40.873",3
"swrcb_pod_spatial_matches","same rounded coordinate","-122.730062,38.7971",3
"swrcb_pod_spatial_matches","same rounded coordinate","-122.86012,41.694541",3
"swrcb_pod_spatial_matches","same rounded coordinate","-115.380606,33.83801",2
"swrcb_pod_spatial_matches","same rounded coordinate","-115.441598,35.555477",2
"swrcb_pod_spatial_matches","same rounded coordinate","-115.448158,35.589869",2
"swrcb_pod_spatial_matches","same rounded coordinate","-115.479563,35.455952",2
"swrcb_pod_spatial_matches","same rounded coordinate","-115.523463,35.453684",2
"swrcb_pod_spatial_matches","same rounded coordinate","-115.659008,34.50723",2
"swrcb_pod_spatial_matches","same rounded coordinate","-115.699032,35.445877",2
"swrcb_pod_spatial_matches","same rounded coordinate","-115.722638,34.185328",2
"swrcb_pod_spatial_matches","same rounded coordinate","-115.729229,34.187146",2
"swrcb_pod_spatial_matches","same rounded coordinate","-115.746796,34.172543",2
"swrcb_pod_spatial_matches","same rounded coordinate","-115.764445,34.172497",2
"swrcb_pod_spatial_matches","same rounded coordinate","-115.764493,34.114321",2
"swrcb_pod_spatial_matches","same rounded coordinate","-115.834632,34.201587",2
"swrcb_pod_spatial_matches","same rounded coordinate","-115.834646,34.158225",2
"swrcb_pod_spatial_matches","same rounded coordinate","-115.837745,35.481876",2
"swrcb_pod_spatial_matches","same rounded coordinate","-115.887403,34.114914",2
"swrcb_pod_spatial_matches","same rounded coordinate","-115.893013,35.383363",2
"swrcb_pod_spatial_matches","same rounded coordinate","-115.9225,34.129393",2
"swrcb_pod_spatial_matches","same rounded coordinate","-115.939958,34.201845",2
"swrcb_pod_spatial_matches","same rounded coordinate","-116.049145,35.285431",2
"swrcb_pod_spatial_matches","same rounded coordinate","-116.203373,33.751533",2
"swrcb_pod_spatial_matches","same rounded coordinate","-116.476855,32.987338",2
"swrcb_pod_spatial_matches","same rounded coordinate","-116.531527,34.10358",2
"swrcb_pod_spatial_matches","same rounded coordinate","-116.537958,34.113689",2
"swrcb_pod_spatial_matches","same rounded coordinate","-116.542047,33.076387",2
"swrcb_pod_spatial_matches","same rounded coordinate","-116.847393,34.857918",2
"swrcb_pod_spatial_matches","same rounded coordinate","-117.01093,34.378864",2
"swrcb_pod_spatial_matches","same rounded coordinate","-117.285561,35.614148",2
"swrcb_pod_spatial_matches","same rounded coordinate","-117.394397,35.90361",2
"swrcb_pod_spatial_matches","same rounded coordinate","-117.850697,36.699838",2
"swrcb_pod_spatial_matches","same rounded coordinate","-117.937586,35.72888",2
"swrcb_pod_spatial_matches","same rounded coordinate","-118.002603,35.701151",2
"swrcb_pod_spatial_matches","same rounded coordinate","-118.00912,35.8373",2
"swrcb_pod_spatial_matches","same rounded coordinate","-118.017791,35.818417",2
"swrcb_pod_spatial_matches","same rounded coordinate","-118.021121,36.278346",2
"swrcb_pod_spatial_matches","same rounded coordinate","-118.022442,35.770107",2
"swrcb_pod_spatial_matches","same rounded coordinate","-118.022572,35.840708",2
"swrcb_pod_spatial_matches","same rounded coordinate","-118.023544,36.722117",2
"swrcb_pod_spatial_matches","same rounded coordinate","-118.026779,35.773714",2
"swrcb_pod_spatial_matches","same rounded coordinate","-118.026865,35.766847",2
"swrcb_pod_spatial_matches","same rounded coordinate","-118.030226,35.72436",2
"swrcb_pod_spatial_matches","same rounded coordinate","-118.030569,35.738918",2
"swrcb_pod_spatial_matches","same rounded coordinate","-118.040458,35.840306",2
"swrcb_pod_spatial_matches","same rounded coordinate","-118.043705,35.731635",2
"swrcb_pod_spatial_matches","same rounded coordinate","-118.045512,35.896113",2
"swrcb_pod_spatial_matches","same rounded coordinate","-118.048032,35.938713",2
"swrcb_pod_spatial_matches","same rounded coordinate","-118.053116,35.825849",2
"swrcb_pod_spatial_matches","same rounded coordinate","-118.055352,35.892072",2
"swrcb_pod_spatial_matches","same rounded coordinate","-118.059691,35.896227",2
"swrcb_pod_spatial_matches","same rounded coordinate","-118.063539,35.828679",2
"swrcb_pod_spatial_matches","same rounded coordinate","-118.064183,35.774842",2
"swrcb_pod_spatial_matches","same rounded coordinate","-118.072606,35.917482",2
"swrcb_pod_spatial_matches","same rounded coordinate","-118.085399,36.584435",2
"swrcb_pod_spatial_matches","same rounded coordinate","-118.087027,35.810458",2
"swrcb_pod_spatial_matches","same rounded coordinate","-118.091991,35.876701",2
"swrcb_pod_spatial_matches","same rounded coordinate","-118.092281,35.880824",2
"swrcb_pod_spatial_matches","same rounded coordinate","-118.096903,35.706059",2
"swrcb_pod_spatial_matches","same rounded coordinate","-118.100583,35.922094",2
"swrcb_pod_spatial_matches","same rounded coordinate","-118.109327,35.836452",2
"swrcb_pod_spatial_matches","same rounded coordinate","-118.113243,35.90763",2
"swrcb_pod_spatial_matches","same rounded coordinate","-118.114267,35.876871",2
"swrcb_pod_spatial_matches","same rounded coordinate","-118.114558,35.821382",2
"swrcb_pod_spatial_matches","same rounded coordinate","-118.115002,35.782103",2
"swrcb_pod_spatial_matches","same rounded coordinate","-118.118053,35.900249",2
"swrcb_pod_spatial_matches","same rounded coordinate","-118.123509,35.706035",2
"swrcb_pod_spatial_matches","same rounded coordinate","-118.127719,35.706031",2
"swrcb_pod_spatial_matches","same rounded coordinate","-118.139517,35.944086",2
"swrcb_pod_spatial_matches","same rounded coordinate","-118.142144,35.827905",2
"swrcb_pod_spatial_matches","same rounded coordinate","-118.142156,35.857573",2
"swrcb_pod_spatial_matches","same rounded coordinate","-118.145795,35.738288",2
"swrcb_pod_spatial_matches","same rounded coordinate","-118.146403,35.777665",2
"swrcb_pod_spatial_matches","same rounded coordinate","-118.150833,35.835385",2
"swrcb_pod_spatial_matches","same rounded coordinate","-118.155528,35.869207",2
"swrcb_pod_spatial_matches","same rounded coordinate","-118.327351,37.15972",2
"swrcb_pod_spatial_matches","same rounded coordinate","-118.370424,37.709865",2
"swrcb_pod_spatial_matches","same rounded coordinate","-118.389217,37.277327",2
"swrcb_pod_spatial_matches","same rounded coordinate","-118.436185,35.414404",2
"swrcb_pod_spatial_matches","same rounded coordinate","-118.442692,35.56383",2
"swrcb_pod_spatial_matches","same rounded coordinate","-118.446727,35.563815",2
"swrcb_pod_spatial_matches","same rounded coordinate","-118.455205,35.455544",2
"swrcb_pod_spatial_matches","same rounded coordinate","-118.458713,35.452234",2
"swrcb_pod_spatial_matches","same rounded coordinate","-118.472935,35.502592",2
"swrcb_pod_spatial_matches","same rounded coordinate","-118.477495,37.710789",2
"swrcb_pod_spatial_matches","same rounded coordinate","-118.481278,35.665328",2
"swrcb_pod_spatial_matches","same rounded coordinate","-118.482968,35.66642",2
"swrcb_pod_spatial_matches","same rounded coordinate","-118.485446,35.459274",2
"swrcb_pod_spatial_matches","same rounded coordinate","-118.48808,35.70527",2
"swrcb_pod_spatial_matches","same rounded coordinate","-118.488116,35.683019",2
"swrcb_pod_spatial_matches","same rounded coordinate","-118.489482,35.686173",2
"swrcb_pod_spatial_matches","same rounded coordinate","-118.492831,35.683138",2
"swrcb_pod_spatial_matches","same rounded coordinate","-118.493397,35.665417",2
"swrcb_pod_spatial_matches","same rounded coordinate","-118.497713,35.488896",2
"swrcb_pod_spatial_matches","same rounded coordinate","-118.499131,35.445621",2
"swrcb_pod_spatial_matches","same rounded coordinate","-118.5027,35.480359",2
"swrcb_pod_spatial_matches","same rounded coordinate","-118.50281,35.49849",2
"swrcb_pod_spatial_matches","same rounded coordinate","-118.503128,35.495467",2
"swrcb_pod_spatial_matches","same rounded coordinate","-118.50592,35.621825",2
"swrcb_pod_spatial_matches","same rounded coordinate","-118.507699,35.47402",2
"swrcb_pod_spatial_matches","same rounded coordinate","-118.509517,35.605053",2
"swrcb_pod_spatial_matches","same rounded coordinate","-118.510555,35.474283",2
"swrcb_pod_spatial_matches","same rounded coordinate","-118.514947,35.679751",2
"swrcb_pod_spatial_matches","same rounded coordinate","-118.516384,35.466566",2
"swrcb_pod_spatial_matches","same rounded coordinate","-118.51641,35.470687",2
"swrcb_pod_spatial_matches","same rounded coordinate","-118.529327,35.54728",2
"swrcb_pod_spatial_matches","same rounded coordinate","-118.529354,37.347994",2
"swrcb_pod_spatial_matches","same rounded coordinate","-118.530441,37.709214",2
"swrcb_pod_spatial_matches","same rounded coordinate","-118.537891,35.52032",2
"swrcb_pod_spatial_matches","same rounded coordinate","-118.542446,35.497773",2
"swrcb_pod_spatial_matches","same rounded coordinate","-118.546074,35.487592",2
"swrcb_pod_spatial_matches","same rounded coordinate","-118.54965,35.520131",2
"swrcb_pod_spatial_matches","same rounded coordinate","-118.599148,37.421301",2
"swrcb_pod_spatial_matches","same rounded coordinate","-118.600934,37.805692",2
"swrcb_pod_spatial_matches","same rounded coordinate","-118.776711,36.390386",2
"swrcb_pod_spatial_matches","same rounded coordinate","-118.777867,36.46126",2
"swrcb_pod_spatial_matches","same rounded coordinate","-118.784542,36.384082",2
"swrcb_pod_spatial_matches","same rounded coordinate","-118.787913,36.393978",2
"swrcb_pod_spatial_matches","same rounded coordinate","-118.788491,36.431063",2
"swrcb_pod_spatial_matches","same rounded coordinate","-118.791411,36.482986",2
"swrcb_pod_spatial_matches","same rounded coordinate","-118.797083,36.395367",2
"swrcb_pod_spatial_matches","same rounded coordinate","-118.800266,36.478881",2
"swrcb_pod_spatial_matches","same rounded coordinate","-118.810309,36.405828",2
"swrcb_pod_spatial_matches","same rounded coordinate","-118.810626,36.415168",2
"swrcb_pod_spatial_matches","same rounded coordinate","-118.824239,36.406674",2
"swrcb_pod_spatial_matches","same rounded coordinate","-118.829278,36.278672",2
"swrcb_pod_spatial_matches","same rounded coordinate","-118.842249,36.407249",2
"swrcb_pod_spatial_matches","same rounded coordinate","-118.843912,36.256167",2
"swrcb_pod_spatial_matches","same rounded coordinate","-118.856745,36.286125",2
"swrcb_pod_spatial_matches","same rounded coordinate","-118.863928,36.25317",2
"swrcb_pod_spatial_matches","same rounded coordinate","-118.888626,36.532289",2
"swrcb_pod_spatial_matches","same rounded coordinate","-118.959706,38.250919",2
"swrcb_pod_spatial_matches","same rounded coordinate","-118.995696,38.228036",2
"swrcb_pod_spatial_matches","same rounded coordinate","-118.998852,38.107234",2
"swrcb_pod_spatial_matches","same rounded coordinate","-119.003618,38.266585",2
"swrcb_pod_spatial_matches","same rounded coordinate","-119.012154,38.257904",2
"swrcb_pod_spatial_matches","same rounded coordinate","-119.016012,38.221975",2
"swrcb_pod_spatial_matches","same rounded coordinate","-119.02106,38.195948",2
"swrcb_pod_spatial_matches","same rounded coordinate","-119.070954,38.279226",2
"swrcb_pod_spatial_matches","same rounded coordinate","-119.073873,38.272395",2
"swrcb_pod_spatial_matches","same rounded coordinate","-119.080439,38.238968",2
"swrcb_pod_spatial_matches","same rounded coordinate","-119.085495,38.12066",2
"swrcb_pod_spatial_matches","same rounded coordinate","-119.117783,38.178716",2
"swrcb_pod_spatial_matches","same rounded coordinate","-119.121155,38.165847",2
"swrcb_pod_spatial_matches","same rounded coordinate","-119.121425,38.095542",2
"swrcb_pod_spatial_matches","same rounded coordinate","-119.12677,38.331516",2
"swrcb_pod_spatial_matches","same rounded coordinate","-119.129393,38.134359",2
"swrcb_pod_spatial_matches","same rounded coordinate","-119.149134,38.138706",2
"swrcb_pod_spatial_matches","same rounded coordinate","-119.151898,38.330156",2
"swrcb_pod_spatial_matches","same rounded coordinate","-119.158386,38.088827",2
"swrcb_pod_spatial_matches","same rounded coordinate","-119.167287,38.134792",2
"swrcb_pod_spatial_matches","same rounded coordinate","-119.175776,38.146148",2
"swrcb_pod_spatial_matches","same rounded coordinate","-119.180123,38.078086",2
"swrcb_pod_spatial_matches","same rounded coordinate","-119.485107,38.513608",2
"swrcb_pod_spatial_matches","same rounded coordinate","-119.589814,38.654174",2
"swrcb_pod_spatial_matches","same rounded coordinate","-119.597717,38.658734",2
"swrcb_pod_spatial_matches","same rounded coordinate","-120.012747,40.340713",2
"swrcb_pod_spatial_matches","same rounded coordinate","-120.018012,41.679399",2
"swrcb_pod_spatial_matches","same rounded coordinate","-120.117317,37.643501",2
"swrcb_pod_spatial_matches","same rounded coordinate","-120.137065,40.967448",2
"swrcb_pod_spatial_matches","same rounded coordinate","-120.155379,40.705947",2
"swrcb_pod_spatial_matches","same rounded coordinate","-120.161698,40.731926",2
"swrcb_pod_spatial_matches","same rounded coordinate","-120.162954,40.431086",2
"swrcb_pod_spatial_matches","same rounded coordinate","-120.218264,40.465731",2
"swrcb_pod_spatial_matches","same rounded coordinate","-120.263808,40.421537",2
"swrcb_pod_spatial_matches","same rounded coordinate","-120.266288,40.415946",2
"swrcb_pod_spatial_matches","same rounded coordinate","-120.293577,40.65605",2
"swrcb_pod_spatial_matches","same rounded coordinate","-120.358484,41.622234",2
"swrcb_pod_spatial_matches","same rounded coordinate","-120.384581,40.649677",2
"swrcb_pod_spatial_matches","same rounded coordinate","-120.387651,41.626209",2
"swrcb_pod_spatial_matches","same rounded coordinate","-120.426158,41.247924",2
"swrcb_pod_spatial_matches","same rounded coordinate","-120.461216,36.079976",2
"swrcb_pod_spatial_matches","same rounded coordinate","-120.467559,38.384213",2
"swrcb_pod_spatial_matches","same rounded coordinate","-120.48182,41.271176",2
"swrcb_pod_spatial_matches","same rounded coordinate","-120.486914,40.715039",2
"swrcb_pod_spatial_matches","same rounded coordinate","-120.5222,37.950065",2
"swrcb_pod_spatial_matches","same rounded coordinate","-120.550714,41.116131",2
"swrcb_pod_spatial_matches","same rounded coordinate","-120.579915,41.074765",2
"swrcb_pod_spatial_matches","same rounded coordinate","-120.72661,41.313097",2
"swrcb_pod_spatial_matches","same rounded coordinate","-120.775586,38.793956",2
"swrcb_pod_spatial_matches","same rounded coordinate","-120.807172,39.247033",2
"swrcb_pod_spatial_matches","same rounded coordinate","-120.938454,40.896604",2
"swrcb_pod_spatial_matches","same rounded coordinate","-120.987284,38.77862",2
"swrcb_pod_spatial_matches","same rounded coordinate","-121.022989,40.929331",2
"swrcb_pod_spatial_matches","same rounded coordinate","-121.398955,38.260307",2
"swrcb_pod_spatial_matches","same rounded coordinate","-121.40615,36.368368",2
"swrcb_pod_spatial_matches","same rounded coordinate","-121.447936,38.253989",2
"swrcb_pod_spatial_matches","same rounded coordinate","-122.12553,40.402978",2
"swrcb_pod_spatial_matches","same rounded coordinate","-122.153885,40.39772",2
"swrcb_pod_spatial_matches","same rounded coordinate","-122.155881,40.478904",2
"swrcb_pod_spatial_matches","same rounded coordinate","-122.332557,38.695804",2
"swrcb_pod_spatial_matches","same rounded coordinate","-122.37456,38.754438",2
"swrcb_pod_spatial_matches","same rounded coordinate","-122.459498,40.534641",2
"swrcb_pod_spatial_matches","same rounded coordinate","-122.461654,40.53422",2
"swrcb_pod_spatial_matches","same rounded coordinate","-122.494088,39.10134",2
"swrcb_pod_spatial_matches","same rounded coordinate","-122.597375,40.744422",2
"swrcb_pod_spatial_matches","same rounded coordinate","-122.940456,40.68764",2
"swrcb_pod_spatial_matches","same rounded coordinate","-122.96589,40.669585",2
"swrcb_pod_spatial_matches","same rounded coordinate","-122.966819,40.671499",2
"swrcb_pod_spatial_matches","same rounded coordinate","-122.967276,40.671907",2
"swrcb_pod_spatial_matches","same rounded coordinate","-123.012892,40.74948",2
"swrcb_pod_spatial_matches","same rounded coordinate","-123.041241,39.188084",2
"swrcb_pod_spatial_matches","same rounded coordinate","-123.042139,39.04529",2
"swrcb_pod_spatial_matches","same rounded coordinate","-123.145034,39.758222",2
"swrcb_pod_spatial_matches","same rounded coordinate","-123.278765,39.444801",2
"swrcb_pod_spatial_matches","same rounded coordinate","-123.307985,39.702575",2
"swrcb_pod_spatial_matches","same rounded coordinate","-123.973548,40.05593",2
"swrcb_pod_spatial_matches","same rounded coordinate","-124.1314,40.2147",2
"swrcb_name_text_candidates","same rounded coordinate","-122.499499,39.568075",30
"swrcb_name_text_candidates","same rounded coordinate","-116.658854,33.983463",14
"swrcb_name_text_candidates","same rounded coordinate","-118.806213,36.412964",10
"swrcb_name_text_candidates","same rounded coordinate","-119.046545,38.191869",10
"swrcb_name_text_candidates","same rounded coordinate","-120.627744,41.261462",10
"swrcb_name_text_candidates","same rounded coordinate","-121.492,38.58191",10
"swrcb_name_text_candidates","same rounded coordinate","-114.468997,32.883581",9
"swrcb_name_text_candidates","same rounded coordinate","-119.166968,38.229538",9
"swrcb_name_text_candidates","same rounded coordinate","-119.180318,38.222822",9
"swrcb_name_text_candidates","same rounded coordinate","-119.204302,38.244782",9
"swrcb_name_text_candidates","same rounded coordinate","-118.092044,35.814068",8
"swrcb_name_text_candidates","same rounded coordinate","-118.343382,37.191257",8
"swrcb_name_text_candidates","same rounded coordinate","-118.408864,35.420542",8
"swrcb_name_text_candidates","same rounded coordinate","-118.454968,35.473402",8
"swrcb_name_text_candidates","same rounded coordinate","-119.118755,38.182572",8
"swrcb_name_text_candidates","same rounded coordinate","-119.204438,38.246981",8
"swrcb_name_text_candidates","same rounded coordinate","-120.549733,38.420256",7
"swrcb_name_text_candidates","same rounded coordinate","-121.897024,40.842415",7
"swrcb_name_text_candidates","same rounded coordinate","-122.42035,40.717616",7
"swrcb_name_text_candidates","same rounded coordinate","-115.905146,34.18723",6
"swrcb_name_text_candidates","same rounded coordinate","-118.070548,35.778189",6
"swrcb_name_text_candidates","same rounded coordinate","-118.10459,35.896577",6
"swrcb_name_text_candidates","same rounded coordinate","-118.118007,35.90437",6
"swrcb_name_text_candidates","same rounded coordinate","-119.206314,38.249198",6
"swrcb_name_text_candidates","same rounded coordinate","-115.888877,35.772937",5
"swrcb_name_text_candidates","same rounded coordinate","-115.957394,34.187282",5
"swrcb_name_text_candidates","same rounded coordinate","-119.044741,38.195143",5
"swrcb_name_text_candidates","same rounded coordinate","-119.129309,38.101402",5
"swrcb_name_text_candidates","same rounded coordinate","-119.164173,38.133933",5
"swrcb_name_text_candidates","same rounded coordinate","-119.553171,38.65011",5
"swrcb_name_text_candidates","same rounded coordinate","-119.58468,38.660935",5
"swrcb_name_text_candidates","same rounded coordinate","-115.817039,34.15813",4
"swrcb_name_text_candidates","same rounded coordinate","-116.641306,33.940002",4
"swrcb_name_text_candidates","same rounded coordinate","-116.758532,34.345487",4
"swrcb_name_text_candidates","same rounded coordinate","-118.025852,35.738919",4
"swrcb_name_text_candidates","same rounded coordinate","-118.036614,35.695378",4
"swrcb_name_text_candidates","same rounded coordinate","-118.066098,35.953417",4
"swrcb_name_text_candidates","same rounded coordinate","-118.081074,36.601643",4
"swrcb_name_text_candidates","same rounded coordinate","-118.11037,35.893049",4
"swrcb_name_text_candidates","same rounded coordinate","-118.110395,35.890852",4
"swrcb_name_text_candidates","same rounded coordinate","-118.132906,35.839649",4
"swrcb_name_text_candidates","same rounded coordinate","-118.146192,35.766126",4
"swrcb_name_text_candidates","same rounded coordinate","-118.500574,35.683107",4
"swrcb_name_text_candidates","same rounded coordinate","-118.505258,35.65081",4
"swrcb_name_text_candidates","same rounded coordinate","-118.510541,35.607384",4
"swrcb_name_text_candidates","same rounded coordinate","-118.551238,35.50625",4
"swrcb_name_text_candidates","same rounded coordinate","-118.796725,36.402234",4
"swrcb_name_text_candidates","same rounded coordinate","-118.81228,36.43385",4
"swrcb_name_text_candidates","same rounded coordinate","-118.889314,36.52707",4
"swrcb_name_text_candidates","same rounded coordinate","-119.167574,38.234488",4
"swrcb_name_text_candidates","same rounded coordinate","-119.52513,37.128118",4
"swrcb_name_text_candidates","same rounded coordinate","-119.824716,38.876775",4
"swrcb_name_text_candidates","same rounded coordinate","-120.430908,41.377283",4
"swrcb_name_text_candidates","same rounded coordinate","-120.939508,40.898535",4
"swrcb_name_text_candidates","same rounded coordinate","-121.449479,38.279506",4
"swrcb_name_text_candidates","same rounded coordinate","-121.900491,40.844285",4
"swrcb_name_text_candidates","same rounded coordinate","-122.12417,40.403759",4
"swrcb_name_text_candidates","same rounded coordinate","-122.125987,40.403015",4
"swrcb_name_text_candidates","same rounded coordinate","-122.129922,40.401312",4
"swrcb_name_text_candidates","same rounded coordinate","-115.961913,35.79408",3
"swrcb_name_text_candidates","same rounded coordinate","-116.864982,34.872361",3
"swrcb_name_text_candidates","same rounded coordinate","-117.112417,34.09853",3
"swrcb_name_text_candidates","same rounded coordinate","-117.469541,36.239233",3
"swrcb_name_text_candidates","same rounded coordinate","-118,36",3
"swrcb_name_text_candidates","same rounded coordinate","-118.022735,35.773681",3
"swrcb_name_text_candidates","same rounded coordinate","-118.025684,35.74249",3
"swrcb_name_text_candidates","same rounded coordinate","-118.026728,35.777835",3
"swrcb_name_text_candidates","same rounded coordinate","-118.026824,35.770144",3
"swrcb_name_text_candidates","same rounded coordinate","-118.027755,35.966568",3
"swrcb_name_text_candidates","same rounded coordinate","-118.027858,35.694831",3
"swrcb_name_text_candidates","same rounded coordinate","-118.036066,35.84082",3
"swrcb_name_text_candidates","same rounded coordinate","-118.03933,35.742624",3
"swrcb_name_text_candidates","same rounded coordinate","-118.042998,35.669829",3
"swrcb_name_text_candidates","same rounded coordinate","-118.052808,35.742619",3
"swrcb_name_text_candidates","same rounded coordinate","-118.068615,35.855641",3
"swrcb_name_text_candidates","same rounded coordinate","-118.077697,36.601956",3
"swrcb_name_text_candidates","same rounded coordinate","-118.120163,35.922791",3
"swrcb_name_text_candidates","same rounded coordinate","-118.128871,35.868738",3
"swrcb_name_text_candidates","same rounded coordinate","-118.162952,35.900851",3
"swrcb_name_text_candidates","same rounded coordinate","-118.373342,37.697924",3
"swrcb_name_text_candidates","same rounded coordinate","-118.386866,37.270449",3
"swrcb_name_text_candidates","same rounded coordinate","-118.427787,35.412785",3
"swrcb_name_text_candidates","same rounded coordinate","-118.506894,35.45232",3
"swrcb_name_text_candidates","same rounded coordinate","-118.511281,35.455873",3
"swrcb_name_text_candidates","same rounded coordinate","-118.518586,35.523013",3
"swrcb_name_text_candidates","same rounded coordinate","-118.519669,35.614626",3
"swrcb_name_text_candidates","same rounded coordinate","-118.527808,35.624756",3
"swrcb_name_text_candidates","same rounded coordinate","-118.532516,35.520618",3
"swrcb_name_text_candidates","same rounded coordinate","-118.534409,35.527478",3
"swrcb_name_text_candidates","same rounded coordinate","-118.538178,35.512901",3
"swrcb_name_text_candidates","same rounded coordinate","-118.546456,35.494458",3
"swrcb_name_text_candidates","same rounded coordinate","-118.806205,36.41626",3
"swrcb_name_text_candidates","same rounded coordinate","-118.806945,36.391813",3
"swrcb_name_text_candidates","same rounded coordinate","-118.819461,36.415457",3
"swrcb_name_text_candidates","same rounded coordinate","-118.824574,36.409147",3
"swrcb_name_text_candidates","same rounded coordinate","-118.828325,36.403384",3
"swrcb_name_text_candidates","same rounded coordinate","-118.832329,36.437452",3
"swrcb_name_text_candidates","same rounded coordinate","-118.864217,36.281739",3
"swrcb_name_text_candidates","same rounded coordinate","-118.885214,36.538054",3
"swrcb_name_text_candidates","same rounded coordinate","-118.889664,36.520203",3
"swrcb_name_text_candidates","same rounded coordinate","-119.074506,38.275698",3
"swrcb_name_text_candidates","same rounded coordinate","-119.076094,38.283682",3
"swrcb_name_text_candidates","same rounded coordinate","-119.082739,38.228011",3
"swrcb_name_text_candidates","same rounded coordinate","-119.13164,38.106921",3
"swrcb_name_text_candidates","same rounded coordinate","-119.154106,38.209344",3
"swrcb_name_text_candidates","same rounded coordinate","-119.258508,38.210485",3
"swrcb_name_text_candidates","same rounded coordinate","-119.490774,38.508164",3
"swrcb_name_text_candidates","same rounded coordinate","-120.025554,41.818282",3
"swrcb_name_text_candidates","same rounded coordinate","-120.412389,41.22303",3
"swrcb_name_text_candidates","same rounded coordinate","-120.549746,38.420261",3
"swrcb_name_text_candidates","same rounded coordinate","-120.602796,41.366025",3
"swrcb_name_text_candidates","same rounded coordinate","-120.650597,41.148907",3
"swrcb_name_text_candidates","same rounded coordinate","-120.821164,39.127999",3
"swrcb_name_text_candidates","same rounded coordinate","-120.941781,40.903497",3
"swrcb_name_text_candidates","same rounded coordinate","-121.396123,40.873",3
"swrcb_name_text_candidates","same rounded coordinate","-122.730062,38.7971",3
"swrcb_name_text_candidates","same rounded coordinate","-122.86012,41.694541",3
"swrcb_name_text_candidates","same rounded coordinate","-115.380606,33.83801",2
"swrcb_name_text_candidates","same rounded coordinate","-115.441598,35.555477",2
"swrcb_name_text_candidates","same rounded coordinate","-115.448158,35.589869",2
"swrcb_name_text_candidates","same rounded coordinate","-115.479563,35.455952",2
"swrcb_name_text_candidates","same rounded coordinate","-115.523463,35.453684",2
"swrcb_name_text_candidates","same rounded coordinate","-115.659008,34.50723",2
"swrcb_name_text_candidates","same rounded coordinate","-115.699032,35.445877",2
"swrcb_name_text_candidates","same rounded coordinate","-115.722638,34.185328",2
"swrcb_name_text_candidates","same rounded coordinate","-115.729229,34.187146",2
"swrcb_name_text_candidates","same rounded coordinate","-115.746796,34.172543",2
"swrcb_name_text_candidates","same rounded coordinate","-115.764445,34.172497",2
"swrcb_name_text_candidates","same rounded coordinate","-115.764493,34.114321",2
"swrcb_name_text_candidates","same rounded coordinate","-115.834632,34.201587",2
"swrcb_name_text_candidates","same rounded coordinate","-115.834646,34.158225",2
"swrcb_name_text_candidates","same rounded coordinate","-115.837745,35.481876",2
"swrcb_name_text_candidates","same rounded coordinate","-115.887403,34.114914",2
"swrcb_name_text_candidates","same rounded coordinate","-115.893013,35.383363",2
"swrcb_name_text_candidates","same rounded coordinate","-115.9225,34.129393",2
"swrcb_name_text_candidates","same rounded coordinate","-115.939958,34.201845",2
"swrcb_name_text_candidates","same rounded coordinate","-116.049145,35.285431",2
"swrcb_name_text_candidates","same rounded coordinate","-116.203373,33.751533",2
"swrcb_name_text_candidates","same rounded coordinate","-116.476855,32.987338",2
"swrcb_name_text_candidates","same rounded coordinate","-116.531527,34.10358",2
"swrcb_name_text_candidates","same rounded coordinate","-116.537958,34.113689",2
"swrcb_name_text_candidates","same rounded coordinate","-116.542047,33.076387",2
"swrcb_name_text_candidates","same rounded coordinate","-116.847393,34.857918",2
"swrcb_name_text_candidates","same rounded coordinate","-117.01093,34.378864",2
"swrcb_name_text_candidates","same rounded coordinate","-117.285561,35.614148",2
"swrcb_name_text_candidates","same rounded coordinate","-117.394397,35.90361",2
"swrcb_name_text_candidates","same rounded coordinate","-117.850697,36.699838",2
"swrcb_name_text_candidates","same rounded coordinate","-117.937586,35.72888",2
"swrcb_name_text_candidates","same rounded coordinate","-118.002603,35.701151",2
"swrcb_name_text_candidates","same rounded coordinate","-118.00912,35.8373",2
"swrcb_name_text_candidates","same rounded coordinate","-118.017791,35.818417",2
"swrcb_name_text_candidates","same rounded coordinate","-118.021121,36.278346",2
"swrcb_name_text_candidates","same rounded coordinate","-118.022442,35.770107",2
"swrcb_name_text_candidates","same rounded coordinate","-118.022572,35.840708",2
"swrcb_name_text_candidates","same rounded coordinate","-118.023544,36.722117",2
"swrcb_name_text_candidates","same rounded coordinate","-118.026779,35.773714",2
"swrcb_name_text_candidates","same rounded coordinate","-118.026865,35.766847",2
"swrcb_name_text_candidates","same rounded coordinate","-118.030226,35.72436",2
"swrcb_name_text_candidates","same rounded coordinate","-118.030569,35.738918",2
"swrcb_name_text_candidates","same rounded coordinate","-118.040458,35.840306",2
"swrcb_name_text_candidates","same rounded coordinate","-118.043705,35.731635",2
"swrcb_name_text_candidates","same rounded coordinate","-118.045512,35.896113",2
"swrcb_name_text_candidates","same rounded coordinate","-118.048032,35.938713",2
"swrcb_name_text_candidates","same rounded coordinate","-118.053116,35.825849",2
"swrcb_name_text_candidates","same rounded coordinate","-118.055352,35.892072",2
"swrcb_name_text_candidates","same rounded coordinate","-118.059691,35.896227",2
"swrcb_name_text_candidates","same rounded coordinate","-118.063539,35.828679",2
"swrcb_name_text_candidates","same rounded coordinate","-118.064183,35.774842",2
"swrcb_name_text_candidates","same rounded coordinate","-118.072606,35.917482",2
"swrcb_name_text_candidates","same rounded coordinate","-118.085399,36.584435",2
"swrcb_name_text_candidates","same rounded coordinate","-118.087027,35.810458",2
"swrcb_name_text_candidates","same rounded coordinate","-118.091991,35.876701",2
"swrcb_name_text_candidates","same rounded coordinate","-118.092281,35.880824",2
"swrcb_name_text_candidates","same rounded coordinate","-118.096903,35.706059",2
"swrcb_name_text_candidates","same rounded coordinate","-118.100583,35.922094",2
"swrcb_name_text_candidates","same rounded coordinate","-118.109327,35.836452",2
"swrcb_name_text_candidates","same rounded coordinate","-118.113243,35.90763",2
"swrcb_name_text_candidates","same rounded coordinate","-118.114267,35.876871",2
"swrcb_name_text_candidates","same rounded coordinate","-118.114558,35.821382",2
"swrcb_name_text_candidates","same rounded coordinate","-118.115002,35.782103",2
"swrcb_name_text_candidates","same rounded coordinate","-118.118053,35.900249",2
"swrcb_name_text_candidates","same rounded coordinate","-118.123509,35.706035",2
"swrcb_name_text_candidates","same rounded coordinate","-118.127719,35.706031",2
"swrcb_name_text_candidates","same rounded coordinate","-118.139517,35.944086",2
"swrcb_name_text_candidates","same rounded coordinate","-118.142144,35.827905",2
"swrcb_name_text_candidates","same rounded coordinate","-118.142156,35.857573",2
"swrcb_name_text_candidates","same rounded coordinate","-118.145795,35.738288",2
"swrcb_name_text_candidates","same rounded coordinate","-118.146403,35.777665",2
"swrcb_name_text_candidates","same rounded coordinate","-118.150833,35.835385",2
"swrcb_name_text_candidates","same rounded coordinate","-118.155528,35.869207",2
"swrcb_name_text_candidates","same rounded coordinate","-118.327351,37.15972",2
"swrcb_name_text_candidates","same rounded coordinate","-118.370424,37.709865",2
"swrcb_name_text_candidates","same rounded coordinate","-118.389217,37.277327",2
"swrcb_name_text_candidates","same rounded coordinate","-118.436185,35.414404",2
"swrcb_name_text_candidates","same rounded coordinate","-118.442692,35.56383",2
"swrcb_name_text_candidates","same rounded coordinate","-118.446727,35.563815",2
"swrcb_name_text_candidates","same rounded coordinate","-118.455205,35.455544",2
"swrcb_name_text_candidates","same rounded coordinate","-118.458713,35.452234",2
"swrcb_name_text_candidates","same rounded coordinate","-118.472935,35.502592",2
"swrcb_name_text_candidates","same rounded coordinate","-118.477495,37.710789",2
"swrcb_name_text_candidates","same rounded coordinate","-118.481278,35.665328",2
"swrcb_name_text_candidates","same rounded coordinate","-118.482968,35.66642",2
"swrcb_name_text_candidates","same rounded coordinate","-118.485446,35.459274",2
"swrcb_name_text_candidates","same rounded coordinate","-118.48808,35.70527",2
"swrcb_name_text_candidates","same rounded coordinate","-118.488116,35.683019",2
"swrcb_name_text_candidates","same rounded coordinate","-118.489482,35.686173",2
"swrcb_name_text_candidates","same rounded coordinate","-118.492831,35.683138",2
"swrcb_name_text_candidates","same rounded coordinate","-118.493397,35.665417",2
"swrcb_name_text_candidates","same rounded coordinate","-118.497713,35.488896",2
"swrcb_name_text_candidates","same rounded coordinate","-118.499131,35.445621",2
"swrcb_name_text_candidates","same rounded coordinate","-118.5027,35.480359",2
"swrcb_name_text_candidates","same rounded coordinate","-118.50281,35.49849",2
"swrcb_name_text_candidates","same rounded coordinate","-118.503128,35.495467",2
"swrcb_name_text_candidates","same rounded coordinate","-118.50592,35.621825",2
"swrcb_name_text_candidates","same rounded coordinate","-118.507699,35.47402",2
"swrcb_name_text_candidates","same rounded coordinate","-118.509517,35.605053",2
"swrcb_name_text_candidates","same rounded coordinate","-118.510555,35.474283",2
"swrcb_name_text_candidates","same rounded coordinate","-118.514947,35.679751",2
"swrcb_name_text_candidates","same rounded coordinate","-118.516384,35.466566",2
"swrcb_name_text_candidates","same rounded coordinate","-118.51641,35.470687",2
"swrcb_name_text_candidates","same rounded coordinate","-118.529327,35.54728",2
"swrcb_name_text_candidates","same rounded coordinate","-118.529354,37.347994",2
"swrcb_name_text_candidates","same rounded coordinate","-118.530441,37.709214",2
"swrcb_name_text_candidates","same rounded coordinate","-118.537891,35.52032",2
"swrcb_name_text_candidates","same rounded coordinate","-118.542446,35.497773",2
"swrcb_name_text_candidates","same rounded coordinate","-118.546074,35.487592",2
"swrcb_name_text_candidates","same rounded coordinate","-118.54965,35.520131",2
"swrcb_name_text_candidates","same rounded coordinate","-118.599148,37.421301",2
"swrcb_name_text_candidates","same rounded coordinate","-118.600934,37.805692",2
"swrcb_name_text_candidates","same rounded coordinate","-118.776711,36.390386",2
"swrcb_name_text_candidates","same rounded coordinate","-118.777867,36.46126",2
"swrcb_name_text_candidates","same rounded coordinate","-118.784542,36.384082",2
"swrcb_name_text_candidates","same rounded coordinate","-118.787913,36.393978",2
"swrcb_name_text_candidates","same rounded coordinate","-118.788491,36.431063",2
"swrcb_name_text_candidates","same rounded coordinate","-118.791411,36.482986",2
"swrcb_name_text_candidates","same rounded coordinate","-118.797083,36.395367",2
"swrcb_name_text_candidates","same rounded coordinate","-118.800266,36.478881",2
"swrcb_name_text_candidates","same rounded coordinate","-118.810309,36.405828",2
"swrcb_name_text_candidates","same rounded coordinate","-118.810626,36.415168",2
"swrcb_name_text_candidates","same rounded coordinate","-118.824239,36.406674",2
"swrcb_name_text_candidates","same rounded coordinate","-118.829278,36.278672",2
"swrcb_name_text_candidates","same rounded coordinate","-118.842249,36.407249",2
"swrcb_name_text_candidates","same rounded coordinate","-118.843912,36.256167",2
"swrcb_name_text_candidates","same rounded coordinate","-118.856745,36.286125",2
"swrcb_name_text_candidates","same rounded coordinate","-118.863928,36.25317",2
"swrcb_name_text_candidates","same rounded coordinate","-118.888626,36.532289",2
"swrcb_name_text_candidates","same rounded coordinate","-118.959706,38.250919",2
"swrcb_name_text_candidates","same rounded coordinate","-118.995696,38.228036",2
"swrcb_name_text_candidates","same rounded coordinate","-118.998852,38.107234",2
"swrcb_name_text_candidates","same rounded coordinate","-119.003618,38.266585",2
"swrcb_name_text_candidates","same rounded coordinate","-119.012154,38.257904",2
"swrcb_name_text_candidates","same rounded coordinate","-119.016012,38.221975",2
"swrcb_name_text_candidates","same rounded coordinate","-119.02106,38.195948",2
"swrcb_name_text_candidates","same rounded coordinate","-119.070954,38.279226",2
"swrcb_name_text_candidates","same rounded coordinate","-119.073873,38.272395",2
"swrcb_name_text_candidates","same rounded coordinate","-119.080439,38.238968",2
"swrcb_name_text_candidates","same rounded coordinate","-119.085495,38.12066",2
"swrcb_name_text_candidates","same rounded coordinate","-119.117783,38.178716",2
"swrcb_name_text_candidates","same rounded coordinate","-119.121155,38.165847",2
"swrcb_name_text_candidates","same rounded coordinate","-119.121425,38.095542",2
"swrcb_name_text_candidates","same rounded coordinate","-119.12677,38.331516",2
"swrcb_name_text_candidates","same rounded coordinate","-119.129393,38.134359",2
"swrcb_name_text_candidates","same rounded coordinate","-119.149134,38.138706",2
"swrcb_name_text_candidates","same rounded coordinate","-119.151898,38.330156",2
"swrcb_name_text_candidates","same rounded coordinate","-119.158386,38.088827",2
"swrcb_name_text_candidates","same rounded coordinate","-119.167287,38.134792",2
"swrcb_name_text_candidates","same rounded coordinate","-119.175776,38.146148",2
"swrcb_name_text_candidates","same rounded coordinate","-119.180123,38.078086",2
"swrcb_name_text_candidates","same rounded coordinate","-119.485107,38.513608",2
"swrcb_name_text_candidates","same rounded coordinate","-119.589814,38.654174",2
"swrcb_name_text_candidates","same rounded coordinate","-119.597717,38.658734",2
"swrcb_name_text_candidates","same rounded coordinate","-120.012747,40.340713",2
"swrcb_name_text_candidates","same rounded coordinate","-120.018012,41.679399",2
"swrcb_name_text_candidates","same rounded coordinate","-120.117317,37.643501",2
"swrcb_name_text_candidates","same rounded coordinate","-120.137065,40.967448",2
"swrcb_name_text_candidates","same rounded coordinate","-120.155379,40.705947",2
"swrcb_name_text_candidates","same rounded coordinate","-120.161698,40.731926",2
"swrcb_name_text_candidates","same rounded coordinate","-120.162954,40.431086",2
"swrcb_name_text_candidates","same rounded coordinate","-120.218264,40.465731",2
"swrcb_name_text_candidates","same rounded coordinate","-120.263808,40.421537",2
"swrcb_name_text_candidates","same rounded coordinate","-120.266288,40.415946",2
"swrcb_name_text_candidates","same rounded coordinate","-120.293577,40.65605",2
"swrcb_name_text_candidates","same rounded coordinate","-120.358484,41.622234",2
"swrcb_name_text_candidates","same rounded coordinate","-120.384581,40.649677",2
"swrcb_name_text_candidates","same rounded coordinate","-120.387651,41.626209",2
"swrcb_name_text_candidates","same rounded coordinate","-120.426158,41.247924",2
"swrcb_name_text_candidates","same rounded coordinate","-120.461216,36.079976",2
"swrcb_name_text_candidates","same rounded coordinate","-120.467559,38.384213",2
"swrcb_name_text_candidates","same rounded coordinate","-120.48182,41.271176",2
"swrcb_name_text_candidates","same rounded coordinate","-120.486914,40.715039",2
"swrcb_name_text_candidates","same rounded coordinate","-120.5222,37.950065",2
"swrcb_name_text_candidates","same rounded coordinate","-120.550714,41.116131",2
"swrcb_name_text_candidates","same rounded coordinate","-120.579915,41.074765",2
"swrcb_name_text_candidates","same rounded coordinate","-120.72661,41.313097",2
"swrcb_name_text_candidates","same rounded coordinate","-120.775586,38.793956",2
"swrcb_name_text_candidates","same rounded coordinate","-120.807172,39.247033",2
"swrcb_name_text_candidates","same rounded coordinate","-120.938454,40.896604",2
"swrcb_name_text_candidates","same rounded coordinate","-120.987284,38.77862",2
"swrcb_name_text_candidates","same rounded coordinate","-121.022989,40.929331",2
"swrcb_name_text_candidates","same rounded coordinate","-121.398955,38.260307",2
"swrcb_name_text_candidates","same rounded coordinate","-121.40615,36.368368",2
"swrcb_name_text_candidates","same rounded coordinate","-121.447936,38.253989",2
"swrcb_name_text_candidates","same rounded coordinate","-122.12553,40.402978",2
"swrcb_name_text_candidates","same rounded coordinate","-122.153885,40.39772",2
"swrcb_name_text_candidates","same rounded coordinate","-122.155881,40.478904",2
"swrcb_name_text_candidates","same rounded coordinate","-122.332557,38.695804",2
"swrcb_name_text_candidates","same rounded coordinate","-122.37456,38.754438",2
"swrcb_name_text_candidates","same rounded coordinate","-122.459498,40.534641",2
"swrcb_name_text_candidates","same rounded coordinate","-122.461654,40.53422",2
"swrcb_name_text_candidates","same rounded coordinate","-122.494088,39.10134",2
"swrcb_name_text_candidates","same rounded coordinate","-122.597375,40.744422",2
"swrcb_name_text_candidates","same rounded coordinate","-122.940456,40.68764",2
"swrcb_name_text_candidates","same rounded coordinate","-122.96589,40.669585",2
"swrcb_name_text_candidates","same rounded coordinate","-122.966819,40.671499",2
"swrcb_name_text_candidates","same rounded coordinate","-122.967276,40.671907",2
"swrcb_name_text_candidates","same rounded coordinate","-123.012892,40.74948",2
"swrcb_name_text_candidates","same rounded coordinate","-123.041241,39.188084",2
"swrcb_name_text_candidates","same rounded coordinate","-123.042139,39.04529",2
"swrcb_name_text_candidates","same rounded coordinate","-123.145034,39.758222",2
"swrcb_name_text_candidates","same rounded coordinate","-123.278765,39.444801",2
"swrcb_name_text_candidates","same rounded coordinate","-123.307985,39.702575",2
"swrcb_name_text_candidates","same rounded coordinate","-123.973548,40.05593",2
"swrcb_name_text_candidates","same rounded coordinate","-124.1314,40.2147",2
"springs","same rounded coordinate","-115.059517,33.133708",2
"springs","same rounded coordinate","-115.060451,33.134945",2
"springs","same rounded coordinate","-115.11285,34.51211",2
"springs","same rounded coordinate","-115.762635,33.712811",2
"springs","same rounded coordinate","-115.990808,33.25309",2
"springs","same rounded coordinate","-116.937082,36.789047",2
"springs","same rounded coordinate","-117.83023,36.69648",2
"springs","same rounded coordinate","-118.05066,35.57514",2
"springs","same rounded coordinate","-119.198859,37.731324",2
"springs","same rounded coordinate","-119.268616,34.940143",2
"springs","same rounded coordinate","-120.110652,41.940201",2
"springs","same rounded coordinate","-120.336607,38.726115",2
"springs","same rounded coordinate","-120.67004,40.248001",2
"springs","same rounded coordinate","-121.580919,39.544306",2
"springs","same rounded coordinate","-121.619683,39.683859",2
"springs","same rounded coordinate","-121.620997,40.313783",2
